meeting_date,event_token,price_date,business_day_offset,attention
2017-03-15,rate_decision,2017-02-02,-27,0.036404989659786224
2017-03-15,rate_decision,2017-02-03,-26,0.033745139837265015
2017-03-15,rate_decision,2017-02-06,-25,0.03578634560108185
2017-03-15,rate_decision,2017-02-07,-24,0.030613858252763748
2017-03-15,rate_decision,2017-02-08,-23,0.03255753964185715
2017-03-15,rate_decision,2017-02-09,-22,0.029983315616846085
2017-03-15,rate_decision,2017-02-10,-21,0.03376312926411629
2017-03-15,rate_decision,2017-02-13,-20,0.034265659749507904
2017-03-15,rate_decision,2017-02-14,-19,0.040094874799251556
2017-03-15,rate_decision,2017-02-15,-18,0.03562277555465698
2017-03-15,rate_decision,2017-02-16,-17,0.03741409257054329
2017-03-15,rate_decision,2017-02-17,-16,0.03566371649503708
2017-03-15,rate_decision,2017-02-21,-15,0.03265806660056114
2017-03-15,rate_decision,2017-02-22,-14,0.030904550105333328
2017-03-15,rate_decision,2017-02-23,-13,0.03130128234624863
2017-03-15,rate_decision,2017-02-24,-12,0.03462588042020798
2017-03-15,rate_decision,2017-02-27,-11,0.03426949679851532
2017-03-15,rate_decision,2017-02-28,-10,0.03779492899775505
2017-03-15,rate_decision,2017-03-01,-9,0.04130616784095764
2017-03-15,rate_decision,2017-03-02,-8,0.04130348563194275
2017-03-15,rate_decision,2017-03-03,-7,0.03768511116504669
2017-03-15,rate_decision,2017-03-06,-6,0.03722679615020752
2017-03-15,rate_decision,2017-03-07,-5,0.0379880890250206
2017-03-15,rate_decision,2017-03-08,-4,0.03822566568851471
2017-03-15,rate_decision,2017-03-09,-3,0.0405416414141655
2017-03-15,rate_decision,2017-03-10,-2,0.040318623185157776
2017-03-15,rate_decision,2017-03-13,-1,0.033384643495082855
2017-03-15,rate_decision,2017-03-14,0,0.034550148993730545
2017-03-15,current_policy_stance,2017-02-02,-27,0.03430074080824852
2017-03-15,current_policy_stance,2017-02-03,-26,0.03297363966703415
2017-03-15,current_policy_stance,2017-02-06,-25,0.03818909451365471
2017-03-15,current_policy_stance,2017-02-07,-24,0.034970615059137344
2017-03-15,current_policy_stance,2017-02-08,-23,0.04127003252506256
2017-03-15,current_policy_stance,2017-02-09,-22,0.035501785576343536
2017-03-15,current_policy_stance,2017-02-10,-21,0.03845671936869621
2017-03-15,current_policy_stance,2017-02-13,-20,0.03490401804447174
2017-03-15,current_policy_stance,2017-02-14,-19,0.03528498113155365
2017-03-15,current_policy_stance,2017-02-15,-18,0.03283890336751938
2017-03-15,current_policy_stance,2017-02-16,-17,0.03765108808875084
2017-03-15,current_policy_stance,2017-02-17,-16,0.03420659527182579
2017-03-15,current_policy_stance,2017-02-21,-15,0.033294644206762314
2017-03-15,current_policy_stance,2017-02-22,-14,0.03580271452665329
2017-03-15,current_policy_stance,2017-02-23,-13,0.035207752138376236
2017-03-15,current_policy_stance,2017-02-24,-12,0.04142336547374725
2017-03-15,current_policy_stance,2017-02-27,-11,0.034276146441698074
2017-03-15,current_policy_stance,2017-02-28,-10,0.038685351610183716
2017-03-15,current_policy_stance,2017-03-01,-9,0.035571977496147156
2017-03-15,current_policy_stance,2017-03-02,-8,0.03416439890861511
2017-03-15,current_policy_stance,2017-03-03,-7,0.035841986536979675
2017-03-15,current_policy_stance,2017-03-06,-6,0.03600340336561203
2017-03-15,current_policy_stance,2017-03-07,-5,0.03442919999361038
2017-03-15,current_policy_stance,2017-03-08,-4,0.0349310077726841
2017-03-15,current_policy_stance,2017-03-09,-3,0.03294653818011284
2017-03-15,current_policy_stance,2017-03-10,-2,0.03674553707242012
2017-03-15,current_policy_stance,2017-03-13,-1,0.03058123029768467
2017-03-15,current_policy_stance,2017-03-14,0,0.039546526968479156
2017-03-15,policy_stance_shift,2017-02-02,-27,0.03386687487363815
2017-03-15,policy_stance_shift,2017-02-03,-26,0.03178925812244415
2017-03-15,policy_stance_shift,2017-02-06,-25,0.03319595009088516
2017-03-15,policy_stance_shift,2017-02-07,-24,0.03192416578531265
2017-03-15,policy_stance_shift,2017-02-08,-23,0.0372031144797802
2017-03-15,policy_stance_shift,2017-02-09,-22,0.03431694209575653
2017-03-15,policy_stance_shift,2017-02-10,-21,0.03456728160381317
2017-03-15,policy_stance_shift,2017-02-13,-20,0.03571353852748871
2017-03-15,policy_stance_shift,2017-02-14,-19,0.03332072123885155
2017-03-15,policy_stance_shift,2017-02-15,-18,0.0315193347632885
2017-03-15,policy_stance_shift,2017-02-16,-17,0.03216979652643204
2017-03-15,policy_stance_shift,2017-02-17,-16,0.03363652154803276
2017-03-15,policy_stance_shift,2017-02-21,-15,0.03355613350868225
2017-03-15,policy_stance_shift,2017-02-22,-14,0.031113125383853912
2017-03-15,policy_stance_shift,2017-02-23,-13,0.031200619414448738
2017-03-15,policy_stance_shift,2017-02-24,-12,0.03841090202331543
2017-03-15,policy_stance_shift,2017-02-27,-11,0.039899926632642746
2017-03-15,policy_stance_shift,2017-02-28,-10,0.04636724293231964
2017-03-15,policy_stance_shift,2017-03-01,-9,0.0463925302028656
2017-03-15,policy_stance_shift,2017-03-02,-8,0.040194325149059296
2017-03-15,policy_stance_shift,2017-03-03,-7,0.039814386516809464
2017-03-15,policy_stance_shift,2017-03-06,-6,0.039198558777570724
2017-03-15,policy_stance_shift,2017-03-07,-5,0.037885814905166626
2017-03-15,policy_stance_shift,2017-03-08,-4,0.036316026002168655
2017-03-15,policy_stance_shift,2017-03-09,-3,0.034565672278404236
2017-03-15,policy_stance_shift,2017-03-10,-2,0.03498152643442154
2017-03-15,policy_stance_shift,2017-03-13,-1,0.03352823853492737
2017-03-15,policy_stance_shift,2017-03-14,0,0.033351510763168335
2017-03-15,expected_rate_path_shift,2017-02-02,-27,0.03360266983509064
2017-03-15,expected_rate_path_shift,2017-02-03,-26,0.0326545350253582
2017-03-15,expected_rate_path_shift,2017-02-06,-25,0.03704037517309189
2017-03-15,expected_rate_path_shift,2017-02-07,-24,0.03436054661870003
2017-03-15,expected_rate_path_shift,2017-02-08,-23,0.04048670828342438
2017-03-15,expected_rate_path_shift,2017-02-09,-22,0.03461802378296852
2017-03-15,expected_rate_path_shift,2017-02-10,-21,0.03632069379091263
2017-03-15,expected_rate_path_shift,2017-02-13,-20,0.03481099009513855
2017-03-15,expected_rate_path_shift,2017-02-14,-19,0.03423582389950752
2017-03-15,expected_rate_path_shift,2017-02-15,-18,0.03186553716659546
2017-03-15,expected_rate_path_shift,2017-02-16,-17,0.03553218021988869
2017-03-15,expected_rate_path_shift,2017-02-17,-16,0.034331075847148895
2017-03-15,expected_rate_path_shift,2017-02-21,-15,0.03355134278535843
2017-03-15,expected_rate_path_shift,2017-02-22,-14,0.03427361696958542
2017-03-15,expected_rate_path_shift,2017-02-23,-13,0.033520836383104324
2017-03-15,expected_rate_path_shift,2017-02-24,-12,0.041242972016334534
2017-03-15,expected_rate_path_shift,2017-02-27,-11,0.03548872470855713
2017-03-15,expected_rate_path_shift,2017-02-28,-10,0.04121199995279312
2017-03-15,expected_rate_path_shift,2017-03-01,-9,0.03843417391180992
2017-03-15,expected_rate_path_shift,2017-03-02,-8,0.03594443202018738
2017-03-15,expected_rate_path_shift,2017-03-03,-7,0.037823133170604706
2017-03-15,expected_rate_path_shift,2017-03-06,-6,0.03784001246094704
2017-03-15,expected_rate_path_shift,2017-03-07,-5,0.03584185615181923
2017-03-15,expected_rate_path_shift,2017-03-08,-4,0.03547926992177963
2017-03-15,expected_rate_path_shift,2017-03-09,-3,0.03330066800117493
2017-03-15,expected_rate_path_shift,2017-03-10,-2,0.036404307931661606
2017-03-15,expected_rate_path_shift,2017-03-13,-1,0.03193644806742668
2017-03-15,expected_rate_path_shift,2017-03-14,0,0.03784702718257904
2017-03-15,inflation_assessment_shift,2017-02-02,-27,0.03352285921573639
2017-03-15,inflation_assessment_shift,2017-02-03,-26,0.03194946423172951
2017-03-15,inflation_assessment_shift,2017-02-06,-25,0.033218447118997574
2017-03-15,inflation_assessment_shift,2017-02-07,-24,0.031976550817489624
2017-03-15,inflation_assessment_shift,2017-02-08,-23,0.03687577322125435
2017-03-15,inflation_assessment_shift,2017-02-09,-22,0.03343285992741585
2017-03-15,inflation_assessment_shift,2017-02-10,-21,0.03328786790370941
2017-03-15,inflation_assessment_shift,2017-02-13,-20,0.035017456859350204
2017-03-15,inflation_assessment_shift,2017-02-14,-19,0.032646194100379944
2017-03-15,inflation_assessment_shift,2017-02-15,-18,0.031242050230503082
2017-03-15,inflation_assessment_shift,2017-02-16,-17,0.03219586983323097
2017-03-15,inflation_assessment_shift,2017-02-17,-16,0.033462099730968475
2017-03-15,inflation_assessment_shift,2017-02-21,-15,0.033030129969120026
2017-03-15,inflation_assessment_shift,2017-02-22,-14,0.0305679552257061
2017-03-15,inflation_assessment_shift,2017-02-23,-13,0.03066248632967472
2017-03-15,inflation_assessment_shift,2017-02-24,-12,0.038368962705135345
2017-03-15,inflation_assessment_shift,2017-02-27,-11,0.04056863486766815
2017-03-15,inflation_assessment_shift,2017-02-28,-10,0.04623989015817642
2017-03-15,inflation_assessment_shift,2017-03-01,-9,0.04680828005075455
2017-03-15,inflation_assessment_shift,2017-03-02,-8,0.04087480157613754
2017-03-15,inflation_assessment_shift,2017-03-03,-7,0.041051000356674194
2017-03-15,inflation_assessment_shift,2017-03-06,-6,0.040175698697566986
2017-03-15,inflation_assessment_shift,2017-03-07,-5,0.03868447616696358
2017-03-15,inflation_assessment_shift,2017-03-08,-4,0.03686816990375519
2017-03-15,inflation_assessment_shift,2017-03-09,-3,0.03486156463623047
2017-03-15,inflation_assessment_shift,2017-03-10,-2,0.03526896983385086
2017-03-15,inflation_assessment_shift,2017-03-13,-1,0.03370284661650658
2017-03-15,inflation_assessment_shift,2017-03-14,0,0.033438656479120255
2017-03-15,inflation_risk_shift,2017-02-02,-27,0.034526534378528595
2017-03-15,inflation_risk_shift,2017-02-03,-26,0.033367693424224854
2017-03-15,inflation_risk_shift,2017-02-06,-25,0.037575166672468185
2017-03-15,inflation_risk_shift,2017-02-07,-24,0.0349203385412693
2017-03-15,inflation_risk_shift,2017-02-08,-23,0.039677295833826065
2017-03-15,inflation_risk_shift,2017-02-09,-22,0.03452761843800545
2017-03-15,inflation_risk_shift,2017-02-10,-21,0.03699881583452225
2017-03-15,inflation_risk_shift,2017-02-13,-20,0.03430210426449776
2017-03-15,inflation_risk_shift,2017-02-14,-19,0.035183168947696686
2017-03-15,inflation_risk_shift,2017-02-15,-18,0.03293553367257118
2017-03-15,inflation_risk_shift,2017-02-16,-17,0.03704424202442169
2017-03-15,inflation_risk_shift,2017-02-17,-16,0.035621121525764465
2017-03-15,inflation_risk_shift,2017-02-21,-15,0.03472592309117317
2017-03-15,inflation_risk_shift,2017-02-22,-14,0.03626682609319687
2017-03-15,inflation_risk_shift,2017-02-23,-13,0.03497561067342758
2017-03-15,inflation_risk_shift,2017-02-24,-12,0.04073396697640419
2017-03-15,inflation_risk_shift,2017-02-27,-11,0.03410318121314049
2017-03-15,inflation_risk_shift,2017-02-28,-10,0.03810933977365494
2017-03-15,inflation_risk_shift,2017-03-01,-9,0.03550349548459053
2017-03-15,inflation_risk_shift,2017-03-02,-8,0.03402694687247276
2017-03-15,inflation_risk_shift,2017-03-03,-7,0.035766229033470154
2017-03-15,inflation_risk_shift,2017-03-06,-6,0.03615802899003029
2017-03-15,inflation_risk_shift,2017-03-07,-5,0.03509705513715744
2017-03-15,inflation_risk_shift,2017-03-08,-4,0.03540593385696411
2017-03-15,inflation_risk_shift,2017-03-09,-3,0.03402778133749962
2017-03-15,inflation_risk_shift,2017-03-10,-2,0.03771785646677017
2017-03-15,inflation_risk_shift,2017-03-13,-1,0.031963855028152466
2017-03-15,inflation_risk_shift,2017-03-14,0,0.03873835504055023
2017-03-15,unemployment_assessment_shift,2017-02-02,-27,0.034495264291763306
2017-03-15,unemployment_assessment_shift,2017-02-03,-26,0.032586611807346344
2017-03-15,unemployment_assessment_shift,2017-02-06,-25,0.03524252399802208
2017-03-15,unemployment_assessment_shift,2017-02-07,-24,0.03323657810688019
2017-03-15,unemployment_assessment_shift,2017-02-08,-23,0.039088279008865356
2017-03-15,unemployment_assessment_shift,2017-02-09,-22,0.034525249153375626
2017-03-15,unemployment_assessment_shift,2017-02-10,-21,0.03492030128836632
2017-03-15,unemployment_assessment_shift,2017-02-13,-20,0.03506193310022354
2017-03-15,unemployment_assessment_shift,2017-02-14,-19,0.03306004777550697
2017-03-15,unemployment_assessment_shift,2017-02-15,-18,0.03148286044597626
2017-03-15,unemployment_assessment_shift,2017-02-16,-17,0.03360774368047714
2017-03-15,unemployment_assessment_shift,2017-02-17,-16,0.03407631069421768
2017-03-15,unemployment_assessment_shift,2017-02-21,-15,0.03373468667268753
2017-03-15,unemployment_assessment_shift,2017-02-22,-14,0.03261664882302284
2017-03-15,unemployment_assessment_shift,2017-02-23,-13,0.03221724554896355
2017-03-15,unemployment_assessment_shift,2017-02-24,-12,0.04050475358963013
2017-03-15,unemployment_assessment_shift,2017-02-27,-11,0.03836158663034439
2017-03-15,unemployment_assessment_shift,2017-02-28,-10,0.04417701065540314
2017-03-15,unemployment_assessment_shift,2017-03-01,-9,0.042676374316215515
2017-03-15,unemployment_assessment_shift,2017-03-02,-8,0.03812940791249275
2017-03-15,unemployment_assessment_shift,2017-03-03,-7,0.03941337391734123
2017-03-15,unemployment_assessment_shift,2017-03-06,-6,0.03861519694328308
2017-03-15,unemployment_assessment_shift,2017-03-07,-5,0.036679260432720184
2017-03-15,unemployment_assessment_shift,2017-03-08,-4,0.035493455827236176
2017-03-15,unemployment_assessment_shift,2017-03-09,-3,0.033661969006061554
2017-03-15,unemployment_assessment_shift,2017-03-10,-2,0.03510543704032898
2017-03-15,unemployment_assessment_shift,2017-03-13,-1,0.03249668329954147
2017-03-15,unemployment_assessment_shift,2017-03-14,0,0.034733157604932785
2017-03-15,labor_market_risk_shift,2017-02-02,-27,0.03443039581179619
2017-03-15,labor_market_risk_shift,2017-02-03,-26,0.03200184553861618
2017-03-15,labor_market_risk_shift,2017-02-06,-25,0.03447149321436882
2017-03-15,labor_market_risk_shift,2017-02-07,-24,0.03272455558180809
2017-03-15,labor_market_risk_shift,2017-02-08,-23,0.038546122610569
2017-03-15,labor_market_risk_shift,2017-02-09,-22,0.03419255465269089
2017-03-15,labor_market_risk_shift,2017-02-10,-21,0.036170195788145065
2017-03-15,labor_market_risk_shift,2017-02-13,-20,0.03541683405637741
2017-03-15,labor_market_risk_shift,2017-02-14,-19,0.0337444469332695
2017-03-15,labor_market_risk_shift,2017-02-15,-18,0.03198309242725372
2017-03-15,labor_market_risk_shift,2017-02-16,-17,0.03380463272333145
2017-03-15,labor_market_risk_shift,2017-02-17,-16,0.03380614146590233
2017-03-15,labor_market_risk_shift,2017-02-21,-15,0.032778624445199966
2017-03-15,labor_market_risk_shift,2017-02-22,-14,0.032569799572229385
2017-03-15,labor_market_risk_shift,2017-02-23,-13,0.03200538083910942
2017-03-15,labor_market_risk_shift,2017-02-24,-12,0.0392446368932724
2017-03-15,labor_market_risk_shift,2017-02-27,-11,0.037581123411655426
2017-03-15,labor_market_risk_shift,2017-02-28,-10,0.0436164028942585
2017-03-15,labor_market_risk_shift,2017-03-01,-9,0.041399821639060974
2017-03-15,labor_market_risk_shift,2017-03-02,-8,0.038081951439380646
2017-03-15,labor_market_risk_shift,2017-03-03,-7,0.03890794515609741
2017-03-15,labor_market_risk_shift,2017-03-06,-6,0.03910493105649948
2017-03-15,labor_market_risk_shift,2017-03-07,-5,0.037519656121730804
2017-03-15,labor_market_risk_shift,2017-03-08,-4,0.036283303052186966
2017-03-15,labor_market_risk_shift,2017-03-09,-3,0.03458375856280327
2017-03-15,labor_market_risk_shift,2017-03-10,-2,0.03591492772102356
2017-03-15,labor_market_risk_shift,2017-03-13,-1,0.03272354602813721
2017-03-15,labor_market_risk_shift,2017-03-14,0,0.03639189898967743
2017-03-15,growth_activity_shift,2017-02-02,-27,0.03451292961835861
2017-03-15,growth_activity_shift,2017-02-03,-26,0.032954588532447815
2017-03-15,growth_activity_shift,2017-02-06,-25,0.03686901181936264
2017-03-15,growth_activity_shift,2017-02-07,-24,0.03408469632267952
2017-03-15,growth_activity_shift,2017-02-08,-23,0.03944684565067291
2017-03-15,growth_activity_shift,2017-02-09,-22,0.03414180129766464
2017-03-15,growth_activity_shift,2017-02-10,-21,0.03621934726834297
2017-03-15,growth_activity_shift,2017-02-13,-20,0.03467782586812973
2017-03-15,growth_activity_shift,2017-02-14,-19,0.03462947905063629
2017-03-15,growth_activity_shift,2017-02-15,-18,0.032918531447649
2017-03-15,growth_activity_shift,2017-02-16,-17,0.03629492223262787
2017-03-15,growth_activity_shift,2017-02-17,-16,0.03460593894124031
2017-03-15,growth_activity_shift,2017-02-21,-15,0.033787548542022705
2017-03-15,growth_activity_shift,2017-02-22,-14,0.03418729454278946
2017-03-15,growth_activity_shift,2017-02-23,-13,0.033155184239149094
2017-03-15,growth_activity_shift,2017-02-24,-12,0.040198132395744324
2017-03-15,growth_activity_shift,2017-02-27,-11,0.03581312298774719
2017-03-15,growth_activity_shift,2017-02-28,-10,0.04101800546050072
2017-03-15,growth_activity_shift,2017-03-01,-9,0.03860753774642944
2017-03-15,growth_activity_shift,2017-03-02,-8,0.036183662712574005
2017-03-15,growth_activity_shift,2017-03-03,-7,0.03787979111075401
2017-03-15,growth_activity_shift,2017-03-06,-6,0.0373537577688694
2017-03-15,growth_activity_shift,2017-03-07,-5,0.035618655383586884
2017-03-15,growth_activity_shift,2017-03-08,-4,0.03487391769886017
2017-03-15,growth_activity_shift,2017-03-09,-3,0.03329145908355713
2017-03-15,growth_activity_shift,2017-03-10,-2,0.0362783707678318
2017-03-15,growth_activity_shift,2017-03-13,-1,0.03247550502419472
2017-03-15,growth_activity_shift,2017-03-14,0,0.037922147661447525
2017-03-15,financial_conditions_shift,2017-02-02,-27,0.034498367458581924
2017-03-15,financial_conditions_shift,2017-02-03,-26,0.03384387865662575
2017-03-15,financial_conditions_shift,2017-02-06,-25,0.037969473749399185
2017-03-15,financial_conditions_shift,2017-02-07,-24,0.035650335252285004
2017-03-15,financial_conditions_shift,2017-02-08,-23,0.040994323790073395
2017-03-15,financial_conditions_shift,2017-02-09,-22,0.035104673355817795
2017-03-15,financial_conditions_shift,2017-02-10,-21,0.03698258474469185
2017-03-15,financial_conditions_shift,2017-02-13,-20,0.034886326640844345
2017-03-15,financial_conditions_shift,2017-02-14,-19,0.03498178347945213
2017-03-15,financial_conditions_shift,2017-02-15,-18,0.033520255237817764
2017-03-15,financial_conditions_shift,2017-02-16,-17,0.03738570213317871
2017-03-15,financial_conditions_shift,2017-02-17,-16,0.03465292975306511
2017-03-15,financial_conditions_shift,2017-02-21,-15,0.034852758049964905
2017-03-15,financial_conditions_shift,2017-02-22,-14,0.036789052188396454
2017-03-15,financial_conditions_shift,2017-02-23,-13,0.03572159260511398
2017-03-15,financial_conditions_shift,2017-02-24,-12,0.040052928030490875
2017-03-15,financial_conditions_shift,2017-02-27,-11,0.03496064618229866
2017-03-15,financial_conditions_shift,2017-02-28,-10,0.038281723856925964
2017-03-15,financial_conditions_shift,2017-03-01,-9,0.03449813276529312
2017-03-15,financial_conditions_shift,2017-03-02,-8,0.0336638018488884
2017-03-15,financial_conditions_shift,2017-03-03,-7,0.035294681787490845
2017-03-15,financial_conditions_shift,2017-03-06,-6,0.03528498858213425
2017-03-15,financial_conditions_shift,2017-03-07,-5,0.03396309167146683
2017-03-15,financial_conditions_shift,2017-03-08,-4,0.03472985327243805
2017-03-15,financial_conditions_shift,2017-03-09,-3,0.03281624615192413
2017-03-15,financial_conditions_shift,2017-03-10,-2,0.03606129437685013
2017-03-15,financial_conditions_shift,2017-03-13,-1,0.03222508728504181
2017-03-15,financial_conditions_shift,2017-03-14,0,0.04033355787396431
2017-03-15,balance_sheet_policy_shift,2017-02-02,-27,0.033448658883571625
2017-03-15,balance_sheet_policy_shift,2017-02-03,-26,0.03200825676321983
2017-03-15,balance_sheet_policy_shift,2017-02-06,-25,0.03373115509748459
2017-03-15,balance_sheet_policy_shift,2017-02-07,-24,0.032172173261642456
2017-03-15,balance_sheet_policy_shift,2017-02-08,-23,0.036918219178915024
2017-03-15,balance_sheet_policy_shift,2017-02-09,-22,0.033993542194366455
2017-03-15,balance_sheet_policy_shift,2017-02-10,-21,0.03404670208692551
2017-03-15,balance_sheet_policy_shift,2017-02-13,-20,0.03500744700431824
2017-03-15,balance_sheet_policy_shift,2017-02-14,-19,0.03292218968272209
2017-03-15,balance_sheet_policy_shift,2017-02-15,-18,0.03136831894516945
2017-03-15,balance_sheet_policy_shift,2017-02-16,-17,0.032438017427921295
2017-03-15,balance_sheet_policy_shift,2017-02-17,-16,0.034284431487321854
2017-03-15,balance_sheet_policy_shift,2017-02-21,-15,0.033443253487348557
2017-03-15,balance_sheet_policy_shift,2017-02-22,-14,0.03131646662950516
2017-03-15,balance_sheet_policy_shift,2017-02-23,-13,0.0314389169216156
2017-03-15,balance_sheet_policy_shift,2017-02-24,-12,0.038994356989860535
2017-03-15,balance_sheet_policy_shift,2017-02-27,-11,0.0403999425470829
2017-03-15,balance_sheet_policy_shift,2017-02-28,-10,0.046292223036289215
2017-03-15,balance_sheet_policy_shift,2017-03-01,-9,0.046253710985183716
2017-03-15,balance_sheet_policy_shift,2017-03-02,-8,0.03983888775110245
2017-03-15,balance_sheet_policy_shift,2017-03-03,-7,0.03983850032091141
2017-03-15,balance_sheet_policy_shift,2017-03-06,-6,0.03917527198791504
2017-03-15,balance_sheet_policy_shift,2017-03-07,-5,0.037534721195697784
2017-03-15,balance_sheet_policy_shift,2017-03-08,-4,0.03616081923246384
2017-03-15,balance_sheet_policy_shift,2017-03-09,-3,0.03481834754347801
2017-03-15,balance_sheet_policy_shift,2017-03-10,-2,0.03538131341338158
2017-03-15,balance_sheet_policy_shift,2017-03-13,-1,0.03359485790133476
2017-03-15,balance_sheet_policy_shift,2017-03-14,0,0.03317931294441223
2017-03-15,risk_balance_shift,2017-02-02,-27,0.034132592380046844
2017-03-15,risk_balance_shift,2017-02-03,-26,0.03244156762957573
2017-03-15,risk_balance_shift,2017-02-06,-25,0.03625066578388214
2017-03-15,risk_balance_shift,2017-02-07,-24,0.033233486115932465
2017-03-15,risk_balance_shift,2017-02-08,-23,0.0390159972012043
2017-03-15,risk_balance_shift,2017-02-09,-22,0.034305304288864136
2017-03-15,risk_balance_shift,2017-02-10,-21,0.0359484925866127
2017-03-15,risk_balance_shift,2017-02-13,-20,0.034289512783288956
2017-03-15,risk_balance_shift,2017-02-14,-19,0.03311948478221893
2017-03-15,risk_balance_shift,2017-02-15,-18,0.031844284385442734
2017-03-15,risk_balance_shift,2017-02-16,-17,0.03459760546684265
2017-03-15,risk_balance_shift,2017-02-17,-16,0.034308623522520065
2017-03-15,risk_balance_shift,2017-02-21,-15,0.03339120000600815
2017-03-15,risk_balance_shift,2017-02-22,-14,0.03322473168373108
2017-03-15,risk_balance_shift,2017-02-23,-13,0.032576143741607666
2017-03-15,risk_balance_shift,2017-02-24,-12,0.04143347963690758
2017-03-15,risk_balance_shift,2017-02-27,-11,0.03761635348200798
2017-03-15,risk_balance_shift,2017-02-28,-10,0.04292614012956619
2017-03-15,risk_balance_shift,2017-03-01,-9,0.04119255766272545
2017-03-15,risk_balance_shift,2017-03-02,-8,0.03746248409152031
2017-03-15,risk_balance_shift,2017-03-03,-7,0.038770902901887894
2017-03-15,risk_balance_shift,2017-03-06,-6,0.03828198462724686
2017-03-15,risk_balance_shift,2017-03-07,-5,0.03636590763926506
2017-03-15,risk_balance_shift,2017-03-08,-4,0.035296015441417694
2017-03-15,risk_balance_shift,2017-03-09,-3,0.03375229611992836
2017-03-15,risk_balance_shift,2017-03-10,-2,0.03583870828151703
2017-03-15,risk_balance_shift,2017-03-13,-1,0.03210324048995972
2017-03-15,risk_balance_shift,2017-03-14,0,0.03628019988536835
2017-03-15,committee_dispersion,2017-02-02,-27,0.03409957140684128
2017-03-15,committee_dispersion,2017-02-03,-26,0.03182384371757507
2017-03-15,committee_dispersion,2017-02-06,-25,0.03410005941987038
2017-03-15,committee_dispersion,2017-02-07,-24,0.032080329954624176
2017-03-15,committee_dispersion,2017-02-08,-23,0.03808560594916344
2017-03-15,committee_dispersion,2017-02-09,-22,0.03400930017232895
2017-03-15,committee_dispersion,2017-02-10,-21,0.03501322865486145
2017-03-15,committee_dispersion,2017-02-13,-20,0.03572005778551102
2017-03-15,committee_dispersion,2017-02-14,-19,0.0333118811249733
2017-03-15,committee_dispersion,2017-02-15,-18,0.031275853514671326
2017-03-15,committee_dispersion,2017-02-16,-17,0.03282438963651657
2017-03-15,committee_dispersion,2017-02-17,-16,0.034039661288261414
2017-03-15,committee_dispersion,2017-02-21,-15,0.03319135308265686
2017-03-15,committee_dispersion,2017-02-22,-14,0.031294070184230804
2017-03-15,committee_dispersion,2017-02-23,-13,0.03105122409760952
2017-03-15,committee_dispersion,2017-02-24,-12,0.03914770111441612
2017-03-15,committee_dispersion,2017-02-27,-11,0.03977186232805252
2017-03-15,committee_dispersion,2017-02-28,-10,0.04635893553495407
2017-03-15,committee_dispersion,2017-03-01,-9,0.04538130760192871
2017-03-15,committee_dispersion,2017-03-02,-8,0.039379268884658813
2017-03-15,committee_dispersion,2017-03-03,-7,0.03960122913122177
2017-03-15,committee_dispersion,2017-03-06,-6,0.03909981623291969
2017-03-15,committee_dispersion,2017-03-07,-5,0.03727124631404877
2017-03-15,committee_dispersion,2017-03-08,-4,0.03590606153011322
2017-03-15,committee_dispersion,2017-03-09,-3,0.03459600731730461
2017-03-15,committee_dispersion,2017-03-10,-2,0.035337112843990326
2017-03-15,committee_dispersion,2017-03-13,-1,0.03248998895287514
2017-03-15,committee_dispersion,2017-03-14,0,0.03373902291059494
2017-03-15,policy_uncertainty,2017-02-02,-27,0.034055523574352264
2017-03-15,policy_uncertainty,2017-02-03,-26,0.03164750337600708
2017-03-15,policy_uncertainty,2017-02-06,-25,0.03425575792789459
2017-03-15,policy_uncertainty,2017-02-07,-24,0.03183536231517792
2017-03-15,policy_uncertainty,2017-02-08,-23,0.038153599947690964
2017-03-15,policy_uncertainty,2017-02-09,-22,0.03488469496369362
2017-03-15,policy_uncertainty,2017-02-10,-21,0.036122266203165054
2017-03-15,policy_uncertainty,2017-02-13,-20,0.03580845147371292
2017-03-15,policy_uncertainty,2017-02-14,-19,0.03425903245806694
2017-03-15,policy_uncertainty,2017-02-15,-18,0.03150944039225578
2017-03-15,policy_uncertainty,2017-02-16,-17,0.03368493914604187
2017-03-15,policy_uncertainty,2017-02-17,-16,0.03291665390133858
2017-03-15,policy_uncertainty,2017-02-21,-15,0.032250650227069855
2017-03-15,policy_uncertainty,2017-02-22,-14,0.03167998790740967
2017-03-15,policy_uncertainty,2017-02-23,-13,0.03111104667186737
2017-03-15,policy_uncertainty,2017-02-24,-12,0.03841250017285347
2017-03-15,policy_uncertainty,2017-02-27,-11,0.03740425035357475
2017-03-15,policy_uncertainty,2017-02-28,-10,0.04508601501584053
2017-03-15,policy_uncertainty,2017-03-01,-9,0.04410533607006073
2017-03-15,policy_uncertainty,2017-03-02,-8,0.03916339948773384
2017-03-15,policy_uncertainty,2017-03-03,-7,0.039958808571100235
2017-03-15,policy_uncertainty,2017-03-06,-6,0.03922300785779953
2017-03-15,policy_uncertainty,2017-03-07,-5,0.037524379789829254
2017-03-15,policy_uncertainty,2017-03-08,-4,0.036649227142333984
2017-03-15,policy_uncertainty,2017-03-09,-3,0.03455019369721413
2017-03-15,policy_uncertainty,2017-03-10,-2,0.03664007782936096
2017-03-15,policy_uncertainty,2017-03-13,-1,0.03177596628665924
2017-03-15,policy_uncertainty,2017-03-14,0,0.03533192723989487
2017-03-15,forward_guidance_strength,2017-02-02,-27,0.03378058969974518
2017-03-15,forward_guidance_strength,2017-02-03,-26,0.03252771124243736
2017-03-15,forward_guidance_strength,2017-02-06,-25,0.03564510494470596
2017-03-15,forward_guidance_strength,2017-02-07,-24,0.03363131731748581
2017-03-15,forward_guidance_strength,2017-02-08,-23,0.03932568058371544
2017-03-15,forward_guidance_strength,2017-02-09,-22,0.03609680384397507
2017-03-15,forward_guidance_strength,2017-02-10,-21,0.03725804015994072
2017-03-15,forward_guidance_strength,2017-02-13,-20,0.03528182953596115
2017-03-15,forward_guidance_strength,2017-02-14,-19,0.033300161361694336
2017-03-15,forward_guidance_strength,2017-02-15,-18,0.031859755516052246
2017-03-15,forward_guidance_strength,2017-02-16,-17,0.03433205187320709
2017-03-15,forward_guidance_strength,2017-02-17,-16,0.03368869051337242
2017-03-15,forward_guidance_strength,2017-02-21,-15,0.03321380540728569
2017-03-15,forward_guidance_strength,2017-02-22,-14,0.03338685631752014
2017-03-15,forward_guidance_strength,2017-02-23,-13,0.033038392663002014
2017-03-15,forward_guidance_strength,2017-02-24,-12,0.0405384786427021
2017-03-15,forward_guidance_strength,2017-02-27,-11,0.03764193505048752
2017-03-15,forward_guidance_strength,2017-02-28,-10,0.04291906952857971
2017-03-15,forward_guidance_strength,2017-03-01,-9,0.04114463925361633
2017-03-15,forward_guidance_strength,2017-03-02,-8,0.03765289857983589
2017-03-15,forward_guidance_strength,2017-03-03,-7,0.03872304409742355
2017-03-15,forward_guidance_strength,2017-03-06,-6,0.03808692842721939
2017-03-15,forward_guidance_strength,2017-03-07,-5,0.03633055463433266
2017-03-15,forward_guidance_strength,2017-03-08,-4,0.035160891711711884
2017-03-15,forward_guidance_strength,2017-03-09,-3,0.03314964473247528
2017-03-15,forward_guidance_strength,2017-03-10,-2,0.03496275469660759
2017-03-15,forward_guidance_strength,2017-03-13,-1,0.03133297711610794
2017-03-15,forward_guidance_strength,2017-03-14,0,0.035989392548799515
2017-05-03,rate_decision,2017-03-16,-32,0.029139593243598938
2017-05-03,rate_decision,2017-03-17,-31,0.03169342502951622
2017-05-03,rate_decision,2017-03-20,-30,0.03133789449930191
2017-05-03,rate_decision,2017-03-21,-29,0.03229808062314987
2017-05-03,rate_decision,2017-03-22,-28,0.032501328736543655
2017-05-03,rate_decision,2017-03-23,-27,0.03180477023124695
2017-05-03,rate_decision,2017-03-24,-26,0.030977832153439522
2017-05-03,rate_decision,2017-03-27,-25,0.031062051653862
2017-05-03,rate_decision,2017-03-28,-24,0.028607884421944618
2017-05-03,rate_decision,2017-03-29,-23,0.030487176030874252
2017-05-03,rate_decision,2017-03-30,-22,0.030133627355098724
2017-05-03,rate_decision,2017-03-31,-21,0.03148955851793289
2017-05-03,rate_decision,2017-04-03,-20,0.030428867787122726
2017-05-03,rate_decision,2017-04-04,-19,0.028728580102324486
2017-05-03,rate_decision,2017-04-05,-18,0.028799641877412796
2017-05-03,rate_decision,2017-04-06,-17,0.027844280004501343
2017-05-03,rate_decision,2017-04-07,-16,0.029412733390927315
2017-05-03,rate_decision,2017-04-10,-15,0.030238594859838486
2017-05-03,rate_decision,2017-04-11,-14,0.03161134570837021
2017-05-03,rate_decision,2017-04-12,-13,0.03100668080151081
2017-05-03,rate_decision,2017-04-13,-12,0.03158555179834366
2017-05-03,rate_decision,2017-04-17,-11,0.02935553714632988
2017-05-03,rate_decision,2017-04-18,-10,0.029151979833841324
2017-05-03,rate_decision,2017-04-19,-9,0.026972824707627296
2017-05-03,rate_decision,2017-04-20,-8,0.02918846905231476
2017-05-03,rate_decision,2017-04-21,-7,0.028537096455693245
2017-05-03,rate_decision,2017-04-24,-6,0.03209207206964493
2017-05-03,rate_decision,2017-04-25,-5,0.03081957809627056
2017-05-03,rate_decision,2017-04-26,-4,0.030438121408224106
2017-05-03,rate_decision,2017-04-27,-3,0.030901918187737465
2017-05-03,rate_decision,2017-04-28,-2,0.03264685720205307
2017-05-03,rate_decision,2017-05-01,-1,0.02810339629650116
2017-05-03,rate_decision,2017-05-02,0,0.030602632090449333
2017-05-03,current_policy_stance,2017-03-16,-32,0.02793962135910988
2017-05-03,current_policy_stance,2017-03-17,-31,0.029133930802345276
2017-05-03,current_policy_stance,2017-03-20,-30,0.02829926274716854
2017-05-03,current_policy_stance,2017-03-21,-29,0.030351802706718445
2017-05-03,current_policy_stance,2017-03-22,-28,0.030607029795646667
2017-05-03,current_policy_stance,2017-03-23,-27,0.032115161418914795
2017-05-03,current_policy_stance,2017-03-24,-26,0.0322871096432209
2017-05-03,current_policy_stance,2017-03-27,-25,0.033564817160367966
2017-05-03,current_policy_stance,2017-03-28,-24,0.028999080881476402
2017-05-03,current_policy_stance,2017-03-29,-23,0.0314386822283268
2017-05-03,current_policy_stance,2017-03-30,-22,0.028887031599879265
2017-05-03,current_policy_stance,2017-03-31,-21,0.030336137861013412
2017-05-03,current_policy_stance,2017-04-03,-20,0.031281210482120514
2017-05-03,current_policy_stance,2017-04-04,-19,0.031137265264987946
2017-05-03,current_policy_stance,2017-04-05,-18,0.029617562890052795
2017-05-03,current_policy_stance,2017-04-06,-17,0.029458196833729744
2017-05-03,current_policy_stance,2017-04-07,-16,0.0289719607681036
2017-05-03,current_policy_stance,2017-04-10,-15,0.030047841370105743
2017-05-03,current_policy_stance,2017-04-11,-14,0.030838903039693832
2017-05-03,current_policy_stance,2017-04-12,-13,0.029348915442824364
2017-05-03,current_policy_stance,2017-04-13,-12,0.030459152534604073
2017-05-03,current_policy_stance,2017-04-17,-11,0.029917290434241295
2017-05-03,current_policy_stance,2017-04-18,-10,0.03312092646956444
2017-05-03,current_policy_stance,2017-04-19,-9,0.030356410890817642
2017-05-03,current_policy_stance,2017-04-20,-8,0.03139042109251022
2017-05-03,current_policy_stance,2017-04-21,-7,0.03443524241447449
2017-05-03,current_policy_stance,2017-04-24,-6,0.03276177495718002
2017-05-03,current_policy_stance,2017-04-25,-5,0.026845309883356094
2017-05-03,current_policy_stance,2017-04-26,-4,0.030573982745409012
2017-05-03,current_policy_stance,2017-04-27,-3,0.028609739616513252
2017-05-03,current_policy_stance,2017-04-28,-2,0.027755264192819595
2017-05-03,current_policy_stance,2017-05-01,-1,0.025028740987181664
2017-05-03,current_policy_stance,2017-05-02,0,0.03408422693610191
2017-05-03,policy_stance_shift,2017-03-16,-32,0.02770918793976307
2017-05-03,policy_stance_shift,2017-03-17,-31,0.02836667001247406
2017-05-03,policy_stance_shift,2017-03-20,-30,0.028086617588996887
2017-05-03,policy_stance_shift,2017-03-21,-29,0.029701992869377136
2017-05-03,policy_stance_shift,2017-03-22,-28,0.030286449939012527
2017-05-03,policy_stance_shift,2017-03-23,-27,0.03175992891192436
2017-05-03,policy_stance_shift,2017-03-24,-26,0.03241167590022087
2017-05-03,policy_stance_shift,2017-03-27,-25,0.03349878638982773
2017-05-03,policy_stance_shift,2017-03-28,-24,0.028625523671507835
2017-05-03,policy_stance_shift,2017-03-29,-23,0.03050944209098816
2017-05-03,policy_stance_shift,2017-03-30,-22,0.02827512100338936
2017-05-03,policy_stance_shift,2017-03-31,-21,0.029366306960582733
2017-05-03,policy_stance_shift,2017-04-03,-20,0.03064490668475628
2017-05-03,policy_stance_shift,2017-04-04,-19,0.03126184269785881
2017-05-03,policy_stance_shift,2017-04-05,-18,0.029615839943289757
2017-05-03,policy_stance_shift,2017-04-06,-17,0.030513523146510124
2017-05-03,policy_stance_shift,2017-04-07,-16,0.029966194182634354
2017-05-03,policy_stance_shift,2017-04-10,-15,0.029600782319903374
2017-05-03,policy_stance_shift,2017-04-11,-14,0.030083702877163887
2017-05-03,policy_stance_shift,2017-04-12,-13,0.029455119743943214
2017-05-03,policy_stance_shift,2017-04-13,-12,0.030660299584269524
2017-05-03,policy_stance_shift,2017-04-17,-11,0.029222458600997925
2017-05-03,policy_stance_shift,2017-04-18,-10,0.032945867627859116
2017-05-03,policy_stance_shift,2017-04-19,-9,0.03214694559574127
2017-05-03,policy_stance_shift,2017-04-20,-8,0.032972585409879684
2017-05-03,policy_stance_shift,2017-04-21,-7,0.03500819578766823
2017-05-03,policy_stance_shift,2017-04-24,-6,0.03300251439213753
2017-05-03,policy_stance_shift,2017-04-25,-5,0.02702559344470501
2017-05-03,policy_stance_shift,2017-04-26,-4,0.0297221802175045
2017-05-03,policy_stance_shift,2017-04-27,-3,0.02844312973320484
2017-05-03,policy_stance_shift,2017-04-28,-2,0.029309406876564026
2017-05-03,policy_stance_shift,2017-05-01,-1,0.025957800447940826
2017-05-03,policy_stance_shift,2017-05-02,0,0.03384341299533844
2017-05-03,expected_rate_path_shift,2017-03-16,-32,0.027250301092863083
2017-05-03,expected_rate_path_shift,2017-03-17,-31,0.028529483824968338
2017-05-03,expected_rate_path_shift,2017-03-20,-30,0.028194354847073555
2017-05-03,expected_rate_path_shift,2017-03-21,-29,0.030238870531320572
2017-05-03,expected_rate_path_shift,2017-03-22,-28,0.031115319579839706
2017-05-03,expected_rate_path_shift,2017-03-23,-27,0.03224198520183563
2017-05-03,expected_rate_path_shift,2017-03-24,-26,0.03265286237001419
2017-05-03,expected_rate_path_shift,2017-03-27,-25,0.033491671085357666
2017-05-03,expected_rate_path_shift,2017-03-28,-24,0.028940195217728615
2017-05-03,expected_rate_path_shift,2017-03-29,-23,0.030595753341913223
2017-05-03,expected_rate_path_shift,2017-03-30,-22,0.02861728146672249
2017-05-03,expected_rate_path_shift,2017-03-31,-21,0.02963891811668873
2017-05-03,expected_rate_path_shift,2017-04-03,-20,0.030467435717582703
2017-05-03,expected_rate_path_shift,2017-04-04,-19,0.03083713725209236
2017-05-03,expected_rate_path_shift,2017-04-05,-18,0.02952517569065094
2017-05-03,expected_rate_path_shift,2017-04-06,-17,0.03023349493741989
2017-05-03,expected_rate_path_shift,2017-04-07,-16,0.030106255784630775
2017-05-03,expected_rate_path_shift,2017-04-10,-15,0.03000553697347641
2017-05-03,expected_rate_path_shift,2017-04-11,-14,0.03062405437231064
2017-05-03,expected_rate_path_shift,2017-04-12,-13,0.029878629371523857
2017-05-03,expected_rate_path_shift,2017-04-13,-12,0.030962228775024414
2017-05-03,expected_rate_path_shift,2017-04-17,-11,0.029623977839946747
2017-05-03,expected_rate_path_shift,2017-04-18,-10,0.03306310996413231
2017-05-03,expected_rate_path_shift,2017-04-19,-9,0.032151464372873306
2017-05-03,expected_rate_path_shift,2017-04-20,-8,0.032271936535835266
2017-05-03,expected_rate_path_shift,2017-04-21,-7,0.03407206013798714
2017-05-03,expected_rate_path_shift,2017-04-24,-6,0.03220922872424126
2017-05-03,expected_rate_path_shift,2017-04-25,-5,0.02659778669476509
2017-05-03,expected_rate_path_shift,2017-04-26,-4,0.029469259083271027
2017-05-03,expected_rate_path_shift,2017-04-27,-3,0.028407223522663116
2017-05-03,expected_rate_path_shift,2017-04-28,-2,0.029088754206895828
2017-05-03,expected_rate_path_shift,2017-05-01,-1,0.02571028098464012
2017-05-03,expected_rate_path_shift,2017-05-02,0,0.03318796679377556
2017-05-03,inflation_assessment_shift,2017-03-16,-32,0.028298836201429367
2017-05-03,inflation_assessment_shift,2017-03-17,-31,0.029903050512075424
2017-05-03,inflation_assessment_shift,2017-03-20,-30,0.028864702209830284
2017-05-03,inflation_assessment_shift,2017-03-21,-29,0.030931975692510605
2017-05-03,inflation_assessment_shift,2017-03-22,-28,0.03126532956957817
2017-05-03,inflation_assessment_shift,2017-03-23,-27,0.0323871448636055
2017-05-03,inflation_assessment_shift,2017-03-24,-26,0.03229796141386032
2017-05-03,inflation_assessment_shift,2017-03-27,-25,0.03307562693953514
2017-05-03,inflation_assessment_shift,2017-03-28,-24,0.029916826635599136
2017-05-03,inflation_assessment_shift,2017-03-29,-23,0.03199177607893944
2017-05-03,inflation_assessment_shift,2017-03-30,-22,0.029665827751159668
2017-05-03,inflation_assessment_shift,2017-03-31,-21,0.03117765672504902
2017-05-03,inflation_assessment_shift,2017-04-03,-20,0.031714607030153275
2017-05-03,inflation_assessment_shift,2017-04-04,-19,0.030781453475356102
2017-05-03,inflation_assessment_shift,2017-04-05,-18,0.029473531991243362
2017-05-03,inflation_assessment_shift,2017-04-06,-17,0.028506025671958923
2017-05-03,inflation_assessment_shift,2017-04-07,-16,0.028627004474401474
2017-05-03,inflation_assessment_shift,2017-04-10,-15,0.03114353120326996
2017-05-03,inflation_assessment_shift,2017-04-11,-14,0.03186096251010895
2017-05-03,inflation_assessment_shift,2017-04-12,-13,0.030404604971408844
2017-05-03,inflation_assessment_shift,2017-04-13,-12,0.031211869791150093
2017-05-03,inflation_assessment_shift,2017-04-17,-11,0.03180066868662834
2017-05-03,inflation_assessment_shift,2017-04-18,-10,0.03331739082932472
2017-05-03,inflation_assessment_shift,2017-04-19,-9,0.02965090051293373
2017-05-03,inflation_assessment_shift,2017-04-20,-8,0.03046015277504921
2017-05-03,inflation_assessment_shift,2017-04-21,-7,0.03230901062488556
2017-05-03,inflation_assessment_shift,2017-04-24,-6,0.030621148645877838
2017-05-03,inflation_assessment_shift,2017-04-25,-5,0.02668650448322296
2017-05-03,inflation_assessment_shift,2017-04-26,-4,0.0303078331053257
2017-05-03,inflation_assessment_shift,2017-04-27,-3,0.02746640332043171
2017-05-03,inflation_assessment_shift,2017-04-28,-2,0.02610446698963642
2017-05-03,inflation_assessment_shift,2017-05-01,-1,0.025073999539017677
2017-05-03,inflation_assessment_shift,2017-05-02,0,0.03270123526453972
2017-05-03,inflation_risk_shift,2017-03-16,-32,0.02836993709206581
2017-05-03,inflation_risk_shift,2017-03-17,-31,0.029634613543748856
2017-05-03,inflation_risk_shift,2017-03-20,-30,0.02865483984351158
2017-05-03,inflation_risk_shift,2017-03-21,-29,0.030442193150520325
2017-05-03,inflation_risk_shift,2017-03-22,-28,0.030616004019975662
2017-05-03,inflation_risk_shift,2017-03-23,-27,0.03168380260467529
2017-05-03,inflation_risk_shift,2017-03-24,-26,0.03196210041642189
2017-05-03,inflation_risk_shift,2017-03-27,-25,0.032688431441783905
2017-05-03,inflation_risk_shift,2017-03-28,-24,0.03011254221200943
2017-05-03,inflation_risk_shift,2017-03-29,-23,0.031902164220809937
2017-05-03,inflation_risk_shift,2017-03-30,-22,0.030134573578834534
2017-05-03,inflation_risk_shift,2017-03-31,-21,0.030981488525867462
2017-05-03,inflation_risk_shift,2017-04-03,-20,0.03184562176465988
2017-05-03,inflation_risk_shift,2017-04-04,-19,0.03131702169775963
2017-05-03,inflation_risk_shift,2017-04-05,-18,0.029568951576948166
2017-05-03,inflation_risk_shift,2017-04-06,-17,0.029238402843475342
2017-05-03,inflation_risk_shift,2017-04-07,-16,0.029617099091410637
2017-05-03,inflation_risk_shift,2017-04-10,-15,0.031245872378349304
2017-05-03,inflation_risk_shift,2017-04-11,-14,0.0319041982293129
2017-05-03,inflation_risk_shift,2017-04-12,-13,0.03075600042939186
2017-05-03,inflation_risk_shift,2017-04-13,-12,0.031173376366496086
2017-05-03,inflation_risk_shift,2017-04-17,-11,0.032059624791145325
2017-05-03,inflation_risk_shift,2017-04-18,-10,0.032816123217344284
2017-05-03,inflation_risk_shift,2017-04-19,-9,0.029850101098418236
2017-05-03,inflation_risk_shift,2017-04-20,-8,0.0303034670650959
2017-05-03,inflation_risk_shift,2017-04-21,-7,0.03159628435969353
2017-05-03,inflation_risk_shift,2017-04-24,-6,0.03037666343152523
2017-05-03,inflation_risk_shift,2017-04-25,-5,0.026878803968429565
2017-05-03,inflation_risk_shift,2017-04-26,-4,0.030099038034677505
2017-05-03,inflation_risk_shift,2017-04-27,-3,0.027826208621263504
2017-05-03,inflation_risk_shift,2017-04-28,-2,0.02662567049264908
2017-05-03,inflation_risk_shift,2017-05-01,-1,0.025752050802111626
2017-05-03,inflation_risk_shift,2017-05-02,0,0.03196673467755318
2017-05-03,unemployment_assessment_shift,2017-03-16,-32,0.02948552928864956
2017-05-03,unemployment_assessment_shift,2017-03-17,-31,0.02890210784971714
2017-05-03,unemployment_assessment_shift,2017-03-20,-30,0.029277240857481956
2017-05-03,unemployment_assessment_shift,2017-03-21,-29,0.029776347801089287
2017-05-03,unemployment_assessment_shift,2017-03-22,-28,0.030134789645671844
2017-05-03,unemployment_assessment_shift,2017-03-23,-27,0.03018467128276825
2017-05-03,unemployment_assessment_shift,2017-03-24,-26,0.030513945966959
2017-05-03,unemployment_assessment_shift,2017-03-27,-25,0.031004851683974266
2017-05-03,unemployment_assessment_shift,2017-03-28,-24,0.027378417551517487
2017-05-03,unemployment_assessment_shift,2017-03-29,-23,0.028507137671113014
2017-05-03,unemployment_assessment_shift,2017-03-30,-22,0.02769612893462181
2017-05-03,unemployment_assessment_shift,2017-03-31,-21,0.028435789048671722
2017-05-03,unemployment_assessment_shift,2017-04-03,-20,0.02886069566011429
2017-05-03,unemployment_assessment_shift,2017-04-04,-19,0.02993791736662388
2017-05-03,unemployment_assessment_shift,2017-04-05,-18,0.030049938708543777
2017-05-03,unemployment_assessment_shift,2017-04-06,-17,0.032477956265211105
2017-05-03,unemployment_assessment_shift,2017-04-07,-16,0.030761541798710823
2017-05-03,unemployment_assessment_shift,2017-04-10,-15,0.028388403356075287
2017-05-03,unemployment_assessment_shift,2017-04-11,-14,0.028560593724250793
2017-05-03,unemployment_assessment_shift,2017-04-12,-13,0.029363328590989113
2017-05-03,unemployment_assessment_shift,2017-04-13,-12,0.030052954331040382
2017-05-03,unemployment_assessment_shift,2017-04-17,-11,0.026877261698246002
2017-05-03,unemployment_assessment_shift,2017-04-18,-10,0.03084258735179901
2017-05-03,unemployment_assessment_shift,2017-04-19,-9,0.03484274446964264
2017-05-03,unemployment_assessment_shift,2017-04-20,-8,0.03339392691850662
2017-05-03,unemployment_assessment_shift,2017-04-21,-7,0.03506482392549515
2017-05-03,unemployment_assessment_shift,2017-04-24,-6,0.0331401489675045
2017-05-03,unemployment_assessment_shift,2017-04-25,-5,0.028855521231889725
2017-05-03,unemployment_assessment_shift,2017-04-26,-4,0.029274189844727516
2017-05-03,unemployment_assessment_shift,2017-04-27,-3,0.03133305162191391
2017-05-03,unemployment_assessment_shift,2017-04-28,-2,0.03457033261656761
2017-05-03,unemployment_assessment_shift,2017-05-01,-1,0.029845640063285828
2017-05-03,unemployment_assessment_shift,2017-05-02,0,0.03220951184630394
2017-05-03,labor_market_risk_shift,2017-03-16,-32,0.02830701321363449
2017-05-03,labor_market_risk_shift,2017-03-17,-31,0.028524165973067284
2017-05-03,labor_market_risk_shift,2017-03-20,-30,0.027971263974905014
2017-05-03,labor_market_risk_shift,2017-03-21,-29,0.029382675886154175
2017-05-03,labor_market_risk_shift,2017-03-22,-28,0.029534853994846344
2017-05-03,labor_market_risk_shift,2017-03-23,-27,0.030805394053459167
2017-05-03,labor_market_risk_shift,2017-03-24,-26,0.032086655497550964
2017-05-03,labor_market_risk_shift,2017-03-27,-25,0.032640326768159866
2017-05-03,labor_market_risk_shift,2017-03-28,-24,0.028948217630386353
2017-05-03,labor_market_risk_shift,2017-03-29,-23,0.030069515109062195
2017-05-03,labor_market_risk_shift,2017-03-30,-22,0.028397150337696075
2017-05-03,labor_market_risk_shift,2017-03-31,-21,0.029455993324518204
2017-05-03,labor_market_risk_shift,2017-04-03,-20,0.030061332508921623
2017-05-03,labor_market_risk_shift,2017-04-04,-19,0.03142831102013588
2017-05-03,labor_market_risk_shift,2017-04-05,-18,0.029916469007730484
2017-05-03,labor_market_risk_shift,2017-04-06,-17,0.031332336366176605
2017-05-03,labor_market_risk_shift,2017-04-07,-16,0.03059491142630577
2017-05-03,labor_market_risk_shift,2017-04-10,-15,0.02975071221590042
2017-05-03,labor_market_risk_shift,2017-04-11,-14,0.029876966029405594
2017-05-03,labor_market_risk_shift,2017-04-12,-13,0.02950500324368477
2017-05-03,labor_market_risk_shift,2017-04-13,-12,0.030050422996282578
2017-05-03,labor_market_risk_shift,2017-04-17,-11,0.028620371595025063
2017-05-03,labor_market_risk_shift,2017-04-18,-10,0.032134395092725754
2017-05-03,labor_market_risk_shift,2017-04-19,-9,0.032209236174821854
2017-05-03,labor_market_risk_shift,2017-04-20,-8,0.03293722867965698
2017-05-03,labor_market_risk_shift,2017-04-21,-7,0.034893326461315155
2017-05-03,labor_market_risk_shift,2017-04-24,-6,0.03260219842195511
2017-05-03,labor_market_risk_shift,2017-04-25,-5,0.027317890897393227
2017-05-03,labor_market_risk_shift,2017-04-26,-4,0.02967480942606926
2017-05-03,labor_market_risk_shift,2017-04-27,-3,0.02932455576956272
2017-05-03,labor_market_risk_shift,2017-04-28,-2,0.03040480613708496
2017-05-03,labor_market_risk_shift,2017-05-01,-1,0.02708766609430313
2017-05-03,labor_market_risk_shift,2017-05-02,0,0.034153830260038376
2017-05-03,growth_activity_shift,2017-03-16,-32,0.028284922242164612
2017-05-03,growth_activity_shift,2017-03-17,-31,0.028988080099225044
2017-05-03,growth_activity_shift,2017-03-20,-30,0.028696777299046516
2017-05-03,growth_activity_shift,2017-03-21,-29,0.030106786638498306
2017-05-03,growth_activity_shift,2017-03-22,-28,0.03066537342965603
2017-05-03,growth_activity_shift,2017-03-23,-27,0.03135162219405174
2017-05-03,growth_activity_shift,2017-03-24,-26,0.03148613125085831
2017-05-03,growth_activity_shift,2017-03-27,-25,0.03193280100822449
2017-05-03,growth_activity_shift,2017-03-28,-24,0.027893221005797386
2017-05-03,growth_activity_shift,2017-03-29,-23,0.030422531068325043
2017-05-03,growth_activity_shift,2017-03-30,-22,0.02858957275748253
2017-05-03,growth_activity_shift,2017-03-31,-21,0.029696203768253326
2017-05-03,growth_activity_shift,2017-04-03,-20,0.030476592481136322
2017-05-03,growth_activity_shift,2017-04-04,-19,0.030315224081277847
2017-05-03,growth_activity_shift,2017-04-05,-18,0.028956077992916107
2017-05-03,growth_activity_shift,2017-04-06,-17,0.03002234548330307
2017-05-03,growth_activity_shift,2017-04-07,-16,0.02980021759867668
2017-05-03,growth_activity_shift,2017-04-10,-15,0.030052874237298965
2017-05-03,growth_activity_shift,2017-04-11,-14,0.030841674655675888
2017-05-03,growth_activity_shift,2017-04-12,-13,0.0297674722969532
2017-05-03,growth_activity_shift,2017-04-13,-12,0.030659761279821396
2017-05-03,growth_activity_shift,2017-04-17,-11,0.028731023892760277
2017-05-03,growth_activity_shift,2017-04-18,-10,0.03237913176417351
2017-05-03,growth_activity_shift,2017-04-19,-9,0.031917087733745575
2017-05-03,growth_activity_shift,2017-04-20,-8,0.03230050206184387
2017-05-03,growth_activity_shift,2017-04-21,-7,0.034140679985284805
2017-05-03,growth_activity_shift,2017-04-24,-6,0.03220564126968384
2017-05-03,growth_activity_shift,2017-04-25,-5,0.027510924264788628
2017-05-03,growth_activity_shift,2017-04-26,-4,0.030556418001651764
2017-05-03,growth_activity_shift,2017-04-27,-3,0.029802236706018448
2017-05-03,growth_activity_shift,2017-04-28,-2,0.030341386795043945
2017-05-03,growth_activity_shift,2017-05-01,-1,0.0264930110424757
2017-05-03,growth_activity_shift,2017-05-02,0,0.03461572155356407
2017-05-03,financial_conditions_shift,2017-03-16,-32,0.027811549603939056
2017-05-03,financial_conditions_shift,2017-03-17,-31,0.02860262803733349
2017-05-03,financial_conditions_shift,2017-03-20,-30,0.02798234485089779
2017-05-03,financial_conditions_shift,2017-03-21,-29,0.030291173607110977
2017-05-03,financial_conditions_shift,2017-03-22,-28,0.030428089201450348
2017-05-03,financial_conditions_shift,2017-03-23,-27,0.03190487623214722
2017-05-03,financial_conditions_shift,2017-03-24,-26,0.03196493536233902
2017-05-03,financial_conditions_shift,2017-03-27,-25,0.032599352300167084
2017-05-03,financial_conditions_shift,2017-03-28,-24,0.029330214485526085
2017-05-03,financial_conditions_shift,2017-03-29,-23,0.030664298683404922
2017-05-03,financial_conditions_shift,2017-03-30,-22,0.028978444635868073
2017-05-03,financial_conditions_shift,2017-03-31,-21,0.029999621212482452
2017-05-03,financial_conditions_shift,2017-04-03,-20,0.03015020862221718
2017-05-03,financial_conditions_shift,2017-04-04,-19,0.03084832988679409
2017-05-03,financial_conditions_shift,2017-04-05,-18,0.02923550270497799
2017-05-03,financial_conditions_shift,2017-04-06,-17,0.029666710644960403
2017-05-03,financial_conditions_shift,2017-04-07,-16,0.030055787414312363
2017-05-03,financial_conditions_shift,2017-04-10,-15,0.030581718310713768
2017-05-03,financial_conditions_shift,2017-04-11,-14,0.030975189059972763
2017-05-03,financial_conditions_shift,2017-04-12,-13,0.030060235410928726
2017-05-03,financial_conditions_shift,2017-04-13,-12,0.030741531401872635
2017-05-03,financial_conditions_shift,2017-04-17,-11,0.030054466798901558
2017-05-03,financial_conditions_shift,2017-04-18,-10,0.03276434540748596
2017-05-03,financial_conditions_shift,2017-04-19,-9,0.03131002187728882
2017-05-03,financial_conditions_shift,2017-04-20,-8,0.03282017260789871
2017-05-03,financial_conditions_shift,2017-04-21,-7,0.03353074938058853
2017-05-03,financial_conditions_shift,2017-04-24,-6,0.03219061344861984
2017-05-03,financial_conditions_shift,2017-04-25,-5,0.02756691724061966
2017-05-03,financial_conditions_shift,2017-04-26,-4,0.03025747835636139
2017-05-03,financial_conditions_shift,2017-04-27,-3,0.028269607573747635
2017-05-03,financial_conditions_shift,2017-04-28,-2,0.028908805921673775
2017-05-03,financial_conditions_shift,2017-05-01,-1,0.026036685332655907
2017-05-03,financial_conditions_shift,2017-05-02,0,0.03341743350028992
2017-05-03,balance_sheet_policy_shift,2017-03-16,-32,0.029040902853012085
2017-05-03,balance_sheet_policy_shift,2017-03-17,-31,0.02871066704392433
2017-05-03,balance_sheet_policy_shift,2017-03-20,-30,0.02935136668384075
2017-05-03,balance_sheet_policy_shift,2017-03-21,-29,0.0294185783714056
2017-05-03,balance_sheet_policy_shift,2017-03-22,-28,0.02985086850821972
2017-05-03,balance_sheet_policy_shift,2017-03-23,-27,0.02966689132153988
2017-05-03,balance_sheet_policy_shift,2017-03-24,-26,0.029906999319791794
2017-05-03,balance_sheet_policy_shift,2017-03-27,-25,0.030583903193473816
2017-05-03,balance_sheet_policy_shift,2017-03-28,-24,0.027209924533963203
2017-05-03,balance_sheet_policy_shift,2017-03-29,-23,0.028264127671718597
2017-05-03,balance_sheet_policy_shift,2017-03-30,-22,0.027589887380599976
2017-05-03,balance_sheet_policy_shift,2017-03-31,-21,0.028345119208097458
2017-05-03,balance_sheet_policy_shift,2017-04-03,-20,0.028835944831371307
2017-05-03,balance_sheet_policy_shift,2017-04-04,-19,0.029683910310268402
2017-05-03,balance_sheet_policy_shift,2017-04-05,-18,0.030153755098581314
2017-05-03,balance_sheet_policy_shift,2017-04-06,-17,0.03291984274983406
2017-05-03,balance_sheet_policy_shift,2017-04-07,-16,0.03076881542801857
2017-05-03,balance_sheet_policy_shift,2017-04-10,-15,0.028125010430812836
2017-05-03,balance_sheet_policy_shift,2017-04-11,-14,0.02845790795981884
2017-05-03,balance_sheet_policy_shift,2017-04-12,-13,0.029315240681171417
2017-05-03,balance_sheet_policy_shift,2017-04-13,-12,0.029912292957305908
2017-05-03,balance_sheet_policy_shift,2017-04-17,-11,0.02673446759581566
2017-05-03,balance_sheet_policy_shift,2017-04-18,-10,0.03043293207883835
2017-05-03,balance_sheet_policy_shift,2017-04-19,-9,0.03513862192630768
2017-05-03,balance_sheet_policy_shift,2017-04-20,-8,0.03343828767538071
2017-05-03,balance_sheet_policy_shift,2017-04-21,-7,0.03490244597196579
2017-05-03,balance_sheet_policy_shift,2017-04-24,-6,0.03346792981028557
2017-05-03,balance_sheet_policy_shift,2017-04-25,-5,0.029526198282837868
2017-05-03,balance_sheet_policy_shift,2017-04-26,-4,0.02940775267779827
2017-05-03,balance_sheet_policy_shift,2017-04-27,-3,0.03198854252696037
2017-05-03,balance_sheet_policy_shift,2017-04-28,-2,0.03584521263837814
2017-05-03,balance_sheet_policy_shift,2017-05-01,-1,0.030878443270921707
2017-05-03,balance_sheet_policy_shift,2017-05-02,0,0.032127201557159424
2017-05-03,risk_balance_shift,2017-03-16,-32,0.028125444427132607
2017-05-03,risk_balance_shift,2017-03-17,-31,0.02921019122004509
2017-05-03,risk_balance_shift,2017-03-20,-30,0.028653645887970924
2017-05-03,risk_balance_shift,2017-03-21,-29,0.03014470636844635
2017-05-03,risk_balance_shift,2017-03-22,-28,0.030852116644382477
2017-05-03,risk_balance_shift,2017-03-23,-27,0.03202825412154198
2017-05-03,risk_balance_shift,2017-03-24,-26,0.03222399577498436
2017-05-03,risk_balance_shift,2017-03-27,-25,0.03264297544956207
2017-05-03,risk_balance_shift,2017-03-28,-24,0.028587352484464645
2017-05-03,risk_balance_shift,2017-03-29,-23,0.03074486367404461
2017-05-03,risk_balance_shift,2017-03-30,-22,0.02871638908982277
2017-05-03,risk_balance_shift,2017-03-31,-21,0.0300724059343338
2017-05-03,risk_balance_shift,2017-04-03,-20,0.03117830492556095
2017-05-03,risk_balance_shift,2017-04-04,-19,0.031122159212827682
2017-05-03,risk_balance_shift,2017-04-05,-18,0.029690327122807503
2017-05-03,risk_balance_shift,2017-04-06,-17,0.02971600368618965
2017-05-03,risk_balance_shift,2017-04-07,-16,0.029537009075284004
2017-05-03,risk_balance_shift,2017-04-10,-15,0.030320309102535248
2017-05-03,risk_balance_shift,2017-04-11,-14,0.031238269060850143
2017-05-03,risk_balance_shift,2017-04-12,-13,0.02998248115181923
2017-05-03,risk_balance_shift,2017-04-13,-12,0.030996598303318024
2017-05-03,risk_balance_shift,2017-04-17,-11,0.029566504061222076
2017-05-03,risk_balance_shift,2017-04-18,-10,0.03286290913820267
2017-05-03,risk_balance_shift,2017-04-19,-9,0.0316910557448864
2017-05-03,risk_balance_shift,2017-04-20,-8,0.032032839953899384
2017-05-03,risk_balance_shift,2017-04-21,-7,0.033640697598457336
2017-05-03,risk_balance_shift,2017-04-24,-6,0.031210999935865402
2017-05-03,risk_balance_shift,2017-04-25,-5,0.026418080553412437
2017-05-03,risk_balance_shift,2017-04-26,-4,0.03006545826792717
2017-05-03,risk_balance_shift,2017-04-27,-3,0.028716228902339935
2017-05-03,risk_balance_shift,2017-04-28,-2,0.02863144874572754
2017-05-03,risk_balance_shift,2017-05-01,-1,0.02545657381415367
2017-05-03,risk_balance_shift,2017-05-02,0,0.03392339497804642
2017-05-03,committee_dispersion,2017-03-16,-32,0.029720619320869446
2017-05-03,committee_dispersion,2017-03-17,-31,0.02886088937520981
2017-05-03,committee_dispersion,2017-03-20,-30,0.029470058158040047
2017-05-03,committee_dispersion,2017-03-21,-29,0.029410839080810547
2017-05-03,committee_dispersion,2017-03-22,-28,0.029510928317904472
2017-05-03,committee_dispersion,2017-03-23,-27,0.029323013499379158
2017-05-03,committee_dispersion,2017-03-24,-26,0.030038345605134964
2017-05-03,committee_dispersion,2017-03-27,-25,0.03075449913740158
2017-05-03,committee_dispersion,2017-03-28,-24,0.02731277421116829
2017-05-03,committee_dispersion,2017-03-29,-23,0.028436260297894478
2017-05-03,committee_dispersion,2017-03-30,-22,0.027526959776878357
2017-05-03,committee_dispersion,2017-03-31,-21,0.028275873512029648
2017-05-03,committee_dispersion,2017-04-03,-20,0.028894055634737015
2017-05-03,committee_dispersion,2017-04-04,-19,0.02986525371670723
2017-05-03,committee_dispersion,2017-04-05,-18,0.03012426197528839
2017-05-03,committee_dispersion,2017-04-06,-17,0.03319181129336357
2017-05-03,committee_dispersion,2017-04-07,-16,0.030898969620466232
2017-05-03,committee_dispersion,2017-04-10,-15,0.02803543210029602
2017-05-03,committee_dispersion,2017-04-11,-14,0.028165295720100403
2017-05-03,committee_dispersion,2017-04-12,-13,0.02910977602005005
2017-05-03,committee_dispersion,2017-04-13,-12,0.02956153079867363
2017-05-03,committee_dispersion,2017-04-17,-11,0.026482824236154556
2017-05-03,committee_dispersion,2017-04-18,-10,0.030321331694722176
2017-05-03,committee_dispersion,2017-04-19,-9,0.034801267087459564
2017-05-03,committee_dispersion,2017-04-20,-8,0.03313335031270981
2017-05-03,committee_dispersion,2017-04-21,-7,0.034936025738716125
2017-05-03,committee_dispersion,2017-04-24,-6,0.03372872620820999
2017-05-03,committee_dispersion,2017-04-25,-5,0.02969038113951683
2017-05-03,committee_dispersion,2017-04-26,-4,0.029488446190953255
2017-05-03,committee_dispersion,2017-04-27,-3,0.03215288370847702
2017-05-03,committee_dispersion,2017-04-28,-2,0.03581208735704422
2017-05-03,committee_dispersion,2017-05-01,-1,0.030972784385085106
2017-05-03,committee_dispersion,2017-05-02,0,0.03199244663119316
2017-05-03,policy_uncertainty,2017-03-16,-32,0.028398962691426277
2017-05-03,policy_uncertainty,2017-03-17,-31,0.029081571847200394
2017-05-03,policy_uncertainty,2017-03-20,-30,0.02847641333937645
2017-05-03,policy_uncertainty,2017-03-21,-29,0.03036866895854473
2017-05-03,policy_uncertainty,2017-03-22,-28,0.030616359785199165
2017-05-03,policy_uncertainty,2017-03-23,-27,0.032329011708498
2017-05-03,policy_uncertainty,2017-03-24,-26,0.032790929079055786
2017-05-03,policy_uncertainty,2017-03-27,-25,0.03409372642636299
2017-05-03,policy_uncertainty,2017-03-28,-24,0.029470521956682205
2017-05-03,policy_uncertainty,2017-03-29,-23,0.03142950311303139
2017-05-03,policy_uncertainty,2017-03-30,-22,0.028873000293970108
2017-05-03,policy_uncertainty,2017-03-31,-21,0.03006882034242153
2017-05-03,policy_uncertainty,2017-04-03,-20,0.030592218041419983
2017-05-03,policy_uncertainty,2017-04-04,-19,0.030881810933351517
2017-05-03,policy_uncertainty,2017-04-05,-18,0.02911921590566635
2017-05-03,policy_uncertainty,2017-04-06,-17,0.029616041108965874
2017-05-03,policy_uncertainty,2017-04-07,-16,0.029517734423279762
2017-05-03,policy_uncertainty,2017-04-10,-15,0.030255865305662155
2017-05-03,policy_uncertainty,2017-04-11,-14,0.030549554154276848
2017-05-03,policy_uncertainty,2017-04-12,-13,0.0293707475066185
2017-05-03,policy_uncertainty,2017-04-13,-12,0.030184023082256317
2017-05-03,policy_uncertainty,2017-04-17,-11,0.029747437685728073
2017-05-03,policy_uncertainty,2017-04-18,-10,0.032299552112817764
2017-05-03,policy_uncertainty,2017-04-19,-9,0.03039208985865116
2017-05-03,policy_uncertainty,2017-04-20,-8,0.03175615891814232
2017-05-03,policy_uncertainty,2017-04-21,-7,0.03406883776187897
2017-05-03,policy_uncertainty,2017-04-24,-6,0.032722119241952896
2017-05-03,policy_uncertainty,2017-04-25,-5,0.02683420106768608
2017-05-03,policy_uncertainty,2017-04-26,-4,0.03014308027923107
2017-05-03,policy_uncertainty,2017-04-27,-3,0.028469927608966827
2017-05-03,policy_uncertainty,2017-04-28,-2,0.028336700052022934
2017-05-03,policy_uncertainty,2017-05-01,-1,0.025555670261383057
2017-05-03,policy_uncertainty,2017-05-02,0,0.03358951956033707
2017-05-03,forward_guidance_strength,2017-03-16,-32,0.028096878901124
2017-05-03,forward_guidance_strength,2017-03-17,-31,0.02903544157743454
2017-05-03,forward_guidance_strength,2017-03-20,-30,0.028494026511907578
2017-05-03,forward_guidance_strength,2017-03-21,-29,0.030183667317032814
2017-05-03,forward_guidance_strength,2017-03-22,-28,0.030814727768301964
2017-05-03,forward_guidance_strength,2017-03-23,-27,0.03207877650856972
2017-05-03,forward_guidance_strength,2017-03-24,-26,0.03271786868572235
2017-05-03,forward_guidance_strength,2017-03-27,-25,0.03277658671140671
2017-05-03,forward_guidance_strength,2017-03-28,-24,0.029011625796556473
2017-05-03,forward_guidance_strength,2017-03-29,-23,0.030446842312812805
2017-05-03,forward_guidance_strength,2017-03-30,-22,0.028574485331773758
2017-05-03,forward_guidance_strength,2017-03-31,-21,0.029800597578287125
2017-05-03,forward_guidance_strength,2017-04-03,-20,0.03026491589844227
2017-05-03,forward_guidance_strength,2017-04-04,-19,0.0311244148761034
2017-05-03,forward_guidance_strength,2017-04-05,-18,0.029907628893852234
2017-05-03,forward_guidance_strength,2017-04-06,-17,0.030005982145667076
2017-05-03,forward_guidance_strength,2017-04-07,-16,0.029581181704998016
2017-05-03,forward_guidance_strength,2017-04-10,-15,0.030166439712047577
2017-05-03,forward_guidance_strength,2017-04-11,-14,0.030450664460659027
2017-05-03,forward_guidance_strength,2017-04-12,-13,0.0295492522418499
2017-05-03,forward_guidance_strength,2017-04-13,-12,0.03056340292096138
2017-05-03,forward_guidance_strength,2017-04-17,-11,0.02958645671606064
2017-05-03,forward_guidance_strength,2017-04-18,-10,0.03313703089952469
2017-05-03,forward_guidance_strength,2017-04-19,-9,0.03226912021636963
2017-05-03,forward_guidance_strength,2017-04-20,-8,0.033407337963581085
2017-05-03,forward_guidance_strength,2017-04-21,-7,0.034756850451231
2017-05-03,forward_guidance_strength,2017-04-24,-6,0.03200705721974373
2017-05-03,forward_guidance_strength,2017-04-25,-5,0.026302222162485123
2017-05-03,forward_guidance_strength,2017-04-26,-4,0.029433872550725937
2017-05-03,forward_guidance_strength,2017-04-27,-3,0.027969222515821457
2017-05-03,forward_guidance_strength,2017-04-28,-2,0.028192827478051186
2017-05-03,forward_guidance_strength,2017-05-01,-1,0.025235099717974663
2017-05-03,forward_guidance_strength,2017-05-02,0,0.034057460725307465
2017-06-14,rate_decision,2017-05-04,-27,0.0409010648727417
2017-06-14,rate_decision,2017-05-05,-26,0.04190107062458992
2017-06-14,rate_decision,2017-05-08,-25,0.04129105061292648
2017-06-14,rate_decision,2017-05-09,-24,0.04003538191318512
2017-06-14,rate_decision,2017-05-10,-23,0.0380268357694149
2017-06-14,rate_decision,2017-05-11,-22,0.03661046549677849
2017-06-14,rate_decision,2017-05-12,-21,0.03776107355952263
2017-06-14,rate_decision,2017-05-15,-20,0.03217778727412224
2017-06-14,rate_decision,2017-05-16,-19,0.03193608298897743
2017-06-14,rate_decision,2017-05-17,-18,0.033224575221538544
2017-06-14,rate_decision,2017-05-18,-17,0.03104756399989128
2017-06-14,rate_decision,2017-05-19,-16,0.029836438596248627
2017-06-14,rate_decision,2017-05-22,-15,0.0319267176091671
2017-06-14,rate_decision,2017-05-23,-14,0.03436145931482315
2017-06-14,rate_decision,2017-05-24,-13,0.03635960817337036
2017-06-14,rate_decision,2017-05-25,-12,0.0372546911239624
2017-06-14,rate_decision,2017-05-26,-11,0.037432458251714706
2017-06-14,rate_decision,2017-05-30,-10,0.03780243173241615
2017-06-14,rate_decision,2017-05-31,-9,0.035297442227602005
2017-06-14,rate_decision,2017-06-01,-8,0.03342486917972565
2017-06-14,rate_decision,2017-06-02,-7,0.03215501829981804
2017-06-14,rate_decision,2017-06-05,-6,0.031125754117965698
2017-06-14,rate_decision,2017-06-06,-5,0.03693428263068199
2017-06-14,rate_decision,2017-06-07,-4,0.034052446484565735
2017-06-14,rate_decision,2017-06-08,-3,0.03760897368192673
2017-06-14,rate_decision,2017-06-09,-2,0.03411231189966202
2017-06-14,rate_decision,2017-06-12,-1,0.03745582327246666
2017-06-14,rate_decision,2017-06-13,0,0.03794632479548454
2017-06-14,current_policy_stance,2017-05-04,-27,0.043789200484752655
2017-06-14,current_policy_stance,2017-05-05,-26,0.04006637632846832
2017-06-14,current_policy_stance,2017-05-08,-25,0.03663397207856178
2017-06-14,current_policy_stance,2017-05-09,-24,0.033457525074481964
2017-06-14,current_policy_stance,2017-05-10,-23,0.03249870985746384
2017-06-14,current_policy_stance,2017-05-11,-22,0.03256140649318695
2017-06-14,current_policy_stance,2017-05-12,-21,0.03487112745642662
2017-06-14,current_policy_stance,2017-05-15,-20,0.033302947878837585
2017-06-14,current_policy_stance,2017-05-16,-19,0.03220568969845772
2017-06-14,current_policy_stance,2017-05-17,-18,0.03555499017238617
2017-06-14,current_policy_stance,2017-05-18,-17,0.036115314811468124
2017-06-14,current_policy_stance,2017-05-19,-16,0.03771546110510826
2017-06-14,current_policy_stance,2017-05-22,-15,0.03828325867652893
2017-06-14,current_policy_stance,2017-05-23,-14,0.03455357998609543
2017-06-14,current_policy_stance,2017-05-24,-13,0.034131310880184174
2017-06-14,current_policy_stance,2017-05-25,-12,0.03603578358888626
2017-06-14,current_policy_stance,2017-05-26,-11,0.034314271062612534
2017-06-14,current_policy_stance,2017-05-30,-10,0.03565143048763275
2017-06-14,current_policy_stance,2017-05-31,-9,0.03694568946957588
2017-06-14,current_policy_stance,2017-06-01,-8,0.03429244086146355
2017-06-14,current_policy_stance,2017-06-02,-7,0.03725598007440567
2017-06-14,current_policy_stance,2017-06-05,-6,0.03338739648461342
2017-06-14,current_policy_stance,2017-06-06,-5,0.039174918085336685
2017-06-14,current_policy_stance,2017-06-07,-4,0.03718467429280281
2017-06-14,current_policy_stance,2017-06-08,-3,0.03744063526391983
2017-06-14,current_policy_stance,2017-06-09,-2,0.03464977815747261
2017-06-14,current_policy_stance,2017-06-12,-1,0.03438538312911987
2017-06-14,current_policy_stance,2017-06-13,0,0.03354073688387871
2017-06-14,policy_stance_shift,2017-05-04,-27,0.04265420511364937
2017-06-14,policy_stance_shift,2017-05-05,-26,0.03975757211446762
2017-06-14,policy_stance_shift,2017-05-08,-25,0.03634340688586235
2017-06-14,policy_stance_shift,2017-05-09,-24,0.03436131402850151
2017-06-14,policy_stance_shift,2017-05-10,-23,0.03131365776062012
2017-06-14,policy_stance_shift,2017-05-11,-22,0.03223107010126114
2017-06-14,policy_stance_shift,2017-05-12,-21,0.033678751438856125
2017-06-14,policy_stance_shift,2017-05-15,-20,0.032216109335422516
2017-06-14,policy_stance_shift,2017-05-16,-19,0.031140610575675964
2017-06-14,policy_stance_shift,2017-05-17,-18,0.032929927110672
2017-06-14,policy_stance_shift,2017-05-18,-17,0.03439709544181824
2017-06-14,policy_stance_shift,2017-05-19,-16,0.0357757993042469
2017-06-14,policy_stance_shift,2017-05-22,-15,0.03780945762991905
2017-06-14,policy_stance_shift,2017-05-23,-14,0.034808892756700516
2017-06-14,policy_stance_shift,2017-05-24,-13,0.03432232514023781
2017-06-14,policy_stance_shift,2017-05-25,-12,0.03573545441031456
2017-06-14,policy_stance_shift,2017-05-26,-11,0.03552433103322983
2017-06-14,policy_stance_shift,2017-05-30,-10,0.03652166947722435
2017-06-14,policy_stance_shift,2017-05-31,-9,0.03791622072458267
2017-06-14,policy_stance_shift,2017-06-01,-8,0.0342729426920414
2017-06-14,policy_stance_shift,2017-06-02,-7,0.03732762858271599
2017-06-14,policy_stance_shift,2017-06-05,-6,0.035090312361717224
2017-06-14,policy_stance_shift,2017-06-06,-5,0.03872336447238922
2017-06-14,policy_stance_shift,2017-06-07,-4,0.039961591362953186
2017-06-14,policy_stance_shift,2017-06-08,-3,0.03742711618542671
2017-06-14,policy_stance_shift,2017-06-09,-2,0.03680504113435745
2017-06-14,policy_stance_shift,2017-06-12,-1,0.03441379964351654
2017-06-14,policy_stance_shift,2017-06-13,0,0.03654033690690994
2017-06-14,expected_rate_path_shift,2017-05-04,-27,0.041404686868190765
2017-06-14,expected_rate_path_shift,2017-05-05,-26,0.03829007223248482
2017-06-14,expected_rate_path_shift,2017-05-08,-25,0.035349272191524506
2017-06-14,expected_rate_path_shift,2017-05-09,-24,0.03334078565239906
2017-06-14,expected_rate_path_shift,2017-05-10,-23,0.0322762206196785
2017-06-14,expected_rate_path_shift,2017-05-11,-22,0.03235967829823494
2017-06-14,expected_rate_path_shift,2017-05-12,-21,0.03455640748143196
2017-06-14,expected_rate_path_shift,2017-05-15,-20,0.03428151458501816
2017-06-14,expected_rate_path_shift,2017-05-16,-19,0.0324670635163784
2017-06-14,expected_rate_path_shift,2017-05-17,-18,0.03689854219555855
2017-06-14,expected_rate_path_shift,2017-05-18,-17,0.037508536130189896
2017-06-14,expected_rate_path_shift,2017-05-19,-16,0.03939380124211311
2017-06-14,expected_rate_path_shift,2017-05-22,-15,0.038808323442935944
2017-06-14,expected_rate_path_shift,2017-05-23,-14,0.03439733758568764
2017-06-14,expected_rate_path_shift,2017-05-24,-13,0.03431644290685654
2017-06-14,expected_rate_path_shift,2017-05-25,-12,0.03601454943418503
2017-06-14,expected_rate_path_shift,2017-05-26,-11,0.034226663410663605
2017-06-14,expected_rate_path_shift,2017-05-30,-10,0.03517646715044975
2017-06-14,expected_rate_path_shift,2017-05-31,-9,0.03754501789808273
2017-06-14,expected_rate_path_shift,2017-06-01,-8,0.0349399708211422
2017-06-14,expected_rate_path_shift,2017-06-02,-7,0.03809090331196785
2017-06-14,expected_rate_path_shift,2017-06-05,-6,0.03395267203450203
2017-06-14,expected_rate_path_shift,2017-06-06,-5,0.038642674684524536
2017-06-14,expected_rate_path_shift,2017-06-07,-4,0.036467134952545166
2017-06-14,expected_rate_path_shift,2017-06-08,-3,0.036858927458524704
2017-06-14,expected_rate_path_shift,2017-06-09,-2,0.03492346405982971
2017-06-14,expected_rate_path_shift,2017-06-12,-1,0.03390306979417801
2017-06-14,expected_rate_path_shift,2017-06-13,0,0.033609822392463684
2017-06-14,inflation_assessment_shift,2017-05-04,-27,0.03619355708360672
2017-06-14,inflation_assessment_shift,2017-05-05,-26,0.03452792391180992
2017-06-14,inflation_assessment_shift,2017-05-08,-25,0.03403173387050629
2017-06-14,inflation_assessment_shift,2017-05-09,-24,0.03330235928297043
2017-06-14,inflation_assessment_shift,2017-05-10,-23,0.03700646385550499
2017-06-14,inflation_assessment_shift,2017-05-11,-22,0.03599601611495018
2017-06-14,inflation_assessment_shift,2017-05-12,-21,0.03817732632160187
2017-06-14,inflation_assessment_shift,2017-05-15,-20,0.03858688101172447
2017-06-14,inflation_assessment_shift,2017-05-16,-19,0.03856927901506424
2017-06-14,inflation_assessment_shift,2017-05-17,-18,0.0431702584028244
2017-06-14,inflation_assessment_shift,2017-05-18,-17,0.03895929828286171
2017-06-14,inflation_assessment_shift,2017-05-19,-16,0.04003545641899109
2017-06-14,inflation_assessment_shift,2017-05-22,-15,0.03784048929810524
2017-06-14,inflation_assessment_shift,2017-05-23,-14,0.034613050520420074
2017-06-14,inflation_assessment_shift,2017-05-24,-13,0.03506718575954437
2017-06-14,inflation_assessment_shift,2017-05-25,-12,0.035096582025289536
2017-06-14,inflation_assessment_shift,2017-05-26,-11,0.03308723866939545
2017-06-14,inflation_assessment_shift,2017-05-30,-10,0.03423686325550079
2017-06-14,inflation_assessment_shift,2017-05-31,-9,0.0346699021756649
2017-06-14,inflation_assessment_shift,2017-06-01,-8,0.03652685135602951
2017-06-14,inflation_assessment_shift,2017-06-02,-7,0.03674636408686638
2017-06-14,inflation_assessment_shift,2017-06-05,-6,0.03311339020729065
2017-06-14,inflation_assessment_shift,2017-06-06,-5,0.035861771553754807
2017-06-14,inflation_assessment_shift,2017-06-07,-4,0.03219762071967125
2017-06-14,inflation_assessment_shift,2017-06-08,-3,0.034843988716602325
2017-06-14,inflation_assessment_shift,2017-06-09,-2,0.03264831006526947
2017-06-14,inflation_assessment_shift,2017-06-12,-1,0.03354150429368019
2017-06-14,inflation_assessment_shift,2017-06-13,0,0.03135231137275696
2017-06-14,inflation_risk_shift,2017-05-04,-27,0.03928330913186073
2017-06-14,inflation_risk_shift,2017-05-05,-26,0.036765486001968384
2017-06-14,inflation_risk_shift,2017-05-08,-25,0.03449249640107155
2017-06-14,inflation_risk_shift,2017-05-09,-24,0.03293626010417938
2017-06-14,inflation_risk_shift,2017-05-10,-23,0.03379921615123749
2017-06-14,inflation_risk_shift,2017-05-11,-22,0.033839330077171326
2017-06-14,inflation_risk_shift,2017-05-12,-21,0.0362217091023922
2017-06-14,inflation_risk_shift,2017-05-15,-20,0.036430127918720245
2017-06-14,inflation_risk_shift,2017-05-16,-19,0.03424711897969246
2017-06-14,inflation_risk_shift,2017-05-17,-18,0.03947751224040985
2017-06-14,inflation_risk_shift,2017-05-18,-17,0.03889146447181702
2017-06-14,inflation_risk_shift,2017-05-19,-16,0.03929062932729721
2017-06-14,inflation_risk_shift,2017-05-22,-15,0.039051808416843414
2017-06-14,inflation_risk_shift,2017-05-23,-14,0.03426942974328995
2017-06-14,inflation_risk_shift,2017-05-24,-13,0.03541165590286255
2017-06-14,inflation_risk_shift,2017-05-25,-12,0.03611054643988609
2017-06-14,inflation_risk_shift,2017-05-26,-11,0.03396129608154297
2017-06-14,inflation_risk_shift,2017-05-30,-10,0.03461495786905289
2017-06-14,inflation_risk_shift,2017-05-31,-9,0.03740523383021355
2017-06-14,inflation_risk_shift,2017-06-01,-8,0.03516016900539398
2017-06-14,inflation_risk_shift,2017-06-02,-7,0.03710388392210007
2017-06-14,inflation_risk_shift,2017-06-05,-6,0.03362298756837845
2017-06-14,inflation_risk_shift,2017-06-06,-5,0.037425607442855835
2017-06-14,inflation_risk_shift,2017-06-07,-4,0.03444261848926544
2017-06-14,inflation_risk_shift,2017-06-08,-3,0.03601456806063652
2017-06-14,inflation_risk_shift,2017-06-09,-2,0.03380144387483597
2017-06-14,inflation_risk_shift,2017-06-12,-1,0.033066704869270325
2017-06-14,inflation_risk_shift,2017-06-13,0,0.03286244720220566
2017-06-14,unemployment_assessment_shift,2017-05-04,-27,0.04168635606765747
2017-06-14,unemployment_assessment_shift,2017-05-05,-26,0.03924453631043434
2017-06-14,unemployment_assessment_shift,2017-05-08,-25,0.035763900727033615
2017-06-14,unemployment_assessment_shift,2017-05-09,-24,0.034237537533044815
2017-06-14,unemployment_assessment_shift,2017-05-10,-23,0.03146708756685257
2017-06-14,unemployment_assessment_shift,2017-05-11,-22,0.03229178488254547
2017-06-14,unemployment_assessment_shift,2017-05-12,-21,0.03393792361021042
2017-06-14,unemployment_assessment_shift,2017-05-15,-20,0.03234931081533432
2017-06-14,unemployment_assessment_shift,2017-05-16,-19,0.031420137733221054
2017-06-14,unemployment_assessment_shift,2017-05-17,-18,0.03328457102179527
2017-06-14,unemployment_assessment_shift,2017-05-18,-17,0.03499233350157738
2017-06-14,unemployment_assessment_shift,2017-05-19,-16,0.03601934015750885
2017-06-14,unemployment_assessment_shift,2017-05-22,-15,0.03762657195329666
2017-06-14,unemployment_assessment_shift,2017-05-23,-14,0.03473237529397011
2017-06-14,unemployment_assessment_shift,2017-05-24,-13,0.034494441002607346
2017-06-14,unemployment_assessment_shift,2017-05-25,-12,0.03597521781921387
2017-06-14,unemployment_assessment_shift,2017-05-26,-11,0.035507600754499435
2017-06-14,unemployment_assessment_shift,2017-05-30,-10,0.036441609263420105
2017-06-14,unemployment_assessment_shift,2017-05-31,-9,0.03764500468969345
2017-06-14,unemployment_assessment_shift,2017-06-01,-8,0.03426447510719299
2017-06-14,unemployment_assessment_shift,2017-06-02,-7,0.03736642748117447
2017-06-14,unemployment_assessment_shift,2017-06-05,-6,0.035335082560777664
2017-06-14,unemployment_assessment_shift,2017-06-06,-5,0.038582295179367065
2017-06-14,unemployment_assessment_shift,2017-06-07,-4,0.0397191047668457
2017-06-14,unemployment_assessment_shift,2017-06-08,-3,0.03715841472148895
2017-06-14,unemployment_assessment_shift,2017-06-09,-2,0.037013985216617584
2017-06-14,unemployment_assessment_shift,2017-06-12,-1,0.03506416082382202
2017-06-14,unemployment_assessment_shift,2017-06-13,0,0.03637843579053879
2017-06-14,labor_market_risk_shift,2017-05-04,-27,0.041938506066799164
2017-06-14,labor_market_risk_shift,2017-05-05,-26,0.03984324634075165
2017-06-14,labor_market_risk_shift,2017-05-08,-25,0.036781325936317444
2017-06-14,labor_market_risk_shift,2017-05-09,-24,0.034383002668619156
2017-06-14,labor_market_risk_shift,2017-05-10,-23,0.030998272821307182
2017-06-14,labor_market_risk_shift,2017-05-11,-22,0.03215518593788147
2017-06-14,labor_market_risk_shift,2017-05-12,-21,0.03316698223352432
2017-06-14,labor_market_risk_shift,2017-05-15,-20,0.03151189535856247
2017-06-14,labor_market_risk_shift,2017-05-16,-19,0.030706875026226044
2017-06-14,labor_market_risk_shift,2017-05-17,-18,0.03161613643169403
2017-06-14,labor_market_risk_shift,2017-05-18,-17,0.0341702364385128
2017-06-14,labor_market_risk_shift,2017-05-19,-16,0.03518040478229523
2017-06-14,labor_market_risk_shift,2017-05-22,-15,0.0376071035861969
2017-06-14,labor_market_risk_shift,2017-05-23,-14,0.03564302995800972
2017-06-14,labor_market_risk_shift,2017-05-24,-13,0.03477753698825836
2017-06-14,labor_market_risk_shift,2017-05-25,-12,0.03624875098466873
2017-06-14,labor_market_risk_shift,2017-05-26,-11,0.035992737859487534
2017-06-14,labor_market_risk_shift,2017-05-30,-10,0.03656991198658943
2017-06-14,labor_market_risk_shift,2017-05-31,-9,0.0380701944231987
2017-06-14,labor_market_risk_shift,2017-06-01,-8,0.0339413583278656
2017-06-14,labor_market_risk_shift,2017-06-02,-7,0.03650962561368942
2017-06-14,labor_market_risk_shift,2017-06-05,-6,0.03580940142273903
2017-06-14,labor_market_risk_shift,2017-06-06,-5,0.03877639397978783
2017-06-14,labor_market_risk_shift,2017-06-07,-4,0.04080791026353836
2017-06-14,labor_market_risk_shift,2017-06-08,-3,0.037151187658309937
2017-06-14,labor_market_risk_shift,2017-06-09,-2,0.03712456673383713
2017-06-14,labor_market_risk_shift,2017-06-12,-1,0.03510530665516853
2017-06-14,labor_market_risk_shift,2017-06-13,0,0.037412889301776886
2017-06-14,growth_activity_shift,2017-05-04,-27,0.041797224432229996
2017-06-14,growth_activity_shift,2017-05-05,-26,0.03956605866551399
2017-06-14,growth_activity_shift,2017-05-08,-25,0.03638244420289993
2017-06-14,growth_activity_shift,2017-05-09,-24,0.03447873890399933
2017-06-14,growth_activity_shift,2017-05-10,-23,0.032417312264442444
2017-06-14,growth_activity_shift,2017-05-11,-22,0.03276282176375389
2017-06-14,growth_activity_shift,2017-05-12,-21,0.034387197345495224
2017-06-14,growth_activity_shift,2017-05-15,-20,0.032807856798172
2017-06-14,growth_activity_shift,2017-05-16,-19,0.03160278871655464
2017-06-14,growth_activity_shift,2017-05-17,-18,0.03402671217918396
2017-06-14,growth_activity_shift,2017-05-18,-17,0.03508559614419937
2017-06-14,growth_activity_shift,2017-05-19,-16,0.03592529147863388
2017-06-14,growth_activity_shift,2017-05-22,-15,0.037152957171201706
2017-06-14,growth_activity_shift,2017-05-23,-14,0.03452479839324951
2017-06-14,growth_activity_shift,2017-05-24,-13,0.034554511308670044
2017-06-14,growth_activity_shift,2017-05-25,-12,0.03628738597035408
2017-06-14,growth_activity_shift,2017-05-26,-11,0.035174377262592316
2017-06-14,growth_activity_shift,2017-05-30,-10,0.03629959374666214
2017-06-14,growth_activity_shift,2017-05-31,-9,0.03736076503992081
2017-06-14,growth_activity_shift,2017-06-01,-8,0.03424365073442459
2017-06-14,growth_activity_shift,2017-06-02,-7,0.03703584522008896
2017-06-14,growth_activity_shift,2017-06-05,-6,0.034381572157144547
2017-06-14,growth_activity_shift,2017-06-06,-5,0.038135264068841934
2017-06-14,growth_activity_shift,2017-06-07,-4,0.03833959624171257
2017-06-14,growth_activity_shift,2017-06-08,-3,0.03701575845479965
2017-06-14,growth_activity_shift,2017-06-09,-2,0.03652261570096016
2017-06-14,growth_activity_shift,2017-06-12,-1,0.035535551607608795
2017-06-14,growth_activity_shift,2017-06-13,0,0.036195699125528336
2017-06-14,financial_conditions_shift,2017-05-04,-27,0.03821553662419319
2017-06-14,financial_conditions_shift,2017-05-05,-26,0.03555120900273323
2017-06-14,financial_conditions_shift,2017-05-08,-25,0.03413376957178116
2017-06-14,financial_conditions_shift,2017-05-09,-24,0.033566176891326904
2017-06-14,financial_conditions_shift,2017-05-10,-23,0.035618193447589874
2017-06-14,financial_conditions_shift,2017-05-11,-22,0.03486296907067299
2017-06-14,financial_conditions_shift,2017-05-12,-21,0.03700093924999237
2017-06-14,financial_conditions_shift,2017-05-15,-20,0.037479352205991745
2017-06-14,financial_conditions_shift,2017-05-16,-19,0.03682775795459747
2017-06-14,financial_conditions_shift,2017-05-17,-18,0.041234441101551056
2017-06-14,financial_conditions_shift,2017-05-18,-17,0.03898543119430542
2017-06-14,financial_conditions_shift,2017-05-19,-16,0.04063817486166954
2017-06-14,financial_conditions_shift,2017-05-22,-15,0.038740888237953186
2017-06-14,financial_conditions_shift,2017-05-23,-14,0.034772925078868866
2017-06-14,financial_conditions_shift,2017-05-24,-13,0.0346350371837616
2017-06-14,financial_conditions_shift,2017-05-25,-12,0.03532260283827782
2017-06-14,financial_conditions_shift,2017-05-26,-11,0.03325074538588524
2017-06-14,financial_conditions_shift,2017-05-30,-10,0.03370695933699608
2017-06-14,financial_conditions_shift,2017-05-31,-9,0.03518621623516083
2017-06-14,financial_conditions_shift,2017-06-01,-8,0.03599477559328079
2017-06-14,financial_conditions_shift,2017-06-02,-7,0.036668047308921814
2017-06-14,financial_conditions_shift,2017-06-05,-6,0.03355098143219948
2017-06-14,financial_conditions_shift,2017-06-06,-5,0.036477841436862946
2017-06-14,financial_conditions_shift,2017-06-07,-4,0.03320794552564621
2017-06-14,financial_conditions_shift,2017-06-08,-3,0.03589746356010437
2017-06-14,financial_conditions_shift,2017-06-09,-2,0.03364379703998566
2017-06-14,financial_conditions_shift,2017-06-12,-1,0.03350447118282318
2017-06-14,financial_conditions_shift,2017-06-13,0,0.03132535517215729
2017-06-14,balance_sheet_policy_shift,2017-05-04,-27,0.04121515154838562
2017-06-14,balance_sheet_policy_shift,2017-05-05,-26,0.03918948769569397
2017-06-14,balance_sheet_policy_shift,2017-05-08,-25,0.03611888736486435
2017-06-14,balance_sheet_policy_shift,2017-05-09,-24,0.03452020138502121
2017-06-14,balance_sheet_policy_shift,2017-05-10,-23,0.031676068902015686
2017-06-14,balance_sheet_policy_shift,2017-05-11,-22,0.032554809004068375
2017-06-14,balance_sheet_policy_shift,2017-05-12,-21,0.03381158784031868
2017-06-14,balance_sheet_policy_shift,2017-05-15,-20,0.03234264627099037
2017-06-14,balance_sheet_policy_shift,2017-05-16,-19,0.03122742846608162
2017-06-14,balance_sheet_policy_shift,2017-05-17,-18,0.03307574242353439
2017-06-14,balance_sheet_policy_shift,2017-05-18,-17,0.03443790227174759
2017-06-14,balance_sheet_policy_shift,2017-05-19,-16,0.035588331520557404
2017-06-14,balance_sheet_policy_shift,2017-05-22,-15,0.03752356022596359
2017-06-14,balance_sheet_policy_shift,2017-05-23,-14,0.03472296893596649
2017-06-14,balance_sheet_policy_shift,2017-05-24,-13,0.034441590309143066
2017-06-14,balance_sheet_policy_shift,2017-05-25,-12,0.03593409061431885
2017-06-14,balance_sheet_policy_shift,2017-05-26,-11,0.03568614646792412
2017-06-14,balance_sheet_policy_shift,2017-05-30,-10,0.036669403314590454
2017-06-14,balance_sheet_policy_shift,2017-05-31,-9,0.0374990776181221
2017-06-14,balance_sheet_policy_shift,2017-06-01,-8,0.03394066169857979
2017-06-14,balance_sheet_policy_shift,2017-06-02,-7,0.03720518946647644
2017-06-14,balance_sheet_policy_shift,2017-06-05,-6,0.03526017442345619
2017-06-14,balance_sheet_policy_shift,2017-06-06,-5,0.03870877996087074
2017-06-14,balance_sheet_policy_shift,2017-06-07,-4,0.039791498333215714
2017-06-14,balance_sheet_policy_shift,2017-06-08,-3,0.037093132734298706
2017-06-14,balance_sheet_policy_shift,2017-06-09,-2,0.03723518177866936
2017-06-14,balance_sheet_policy_shift,2017-06-12,-1,0.03545686602592468
2017-06-14,balance_sheet_policy_shift,2017-06-13,0,0.03707340732216835
2017-06-14,risk_balance_shift,2017-05-04,-27,0.04152606800198555
2017-06-14,risk_balance_shift,2017-05-05,-26,0.038738857954740524
2017-06-14,risk_balance_shift,2017-05-08,-25,0.03548509627580643
2017-06-14,risk_balance_shift,2017-05-09,-24,0.033341020345687866
2017-06-14,risk_balance_shift,2017-05-10,-23,0.032647691667079926
2017-06-14,risk_balance_shift,2017-05-11,-22,0.03300252929329872
2017-06-14,risk_balance_shift,2017-05-12,-21,0.03501144424080849
2017-06-14,risk_balance_shift,2017-05-15,-20,0.0342031866312027
2017-06-14,risk_balance_shift,2017-05-16,-19,0.03271974250674248
2017-06-14,risk_balance_shift,2017-05-17,-18,0.036576420068740845
2017-06-14,risk_balance_shift,2017-05-18,-17,0.037137243896722794
2017-06-14,risk_balance_shift,2017-05-19,-16,0.0381341278553009
2017-06-14,risk_balance_shift,2017-05-22,-15,0.03800690546631813
2017-06-14,risk_balance_shift,2017-05-23,-14,0.034049153327941895
2017-06-14,risk_balance_shift,2017-05-24,-13,0.03432224690914154
2017-06-14,risk_balance_shift,2017-05-25,-12,0.03607020527124405
2017-06-14,risk_balance_shift,2017-05-26,-11,0.03458032011985779
2017-06-14,risk_balance_shift,2017-05-30,-10,0.035796694457530975
2017-06-14,risk_balance_shift,2017-05-31,-9,0.03765448182821274
2017-06-14,risk_balance_shift,2017-06-01,-8,0.03477159142494202
2017-06-14,risk_balance_shift,2017-06-02,-7,0.03798600658774376
2017-06-14,risk_balance_shift,2017-06-05,-6,0.03433751314878464
2017-06-14,risk_balance_shift,2017-06-06,-5,0.03837733343243599
2017-06-14,risk_balance_shift,2017-06-07,-4,0.03657626733183861
2017-06-14,risk_balance_shift,2017-06-08,-3,0.03603796660900116
2017-06-14,risk_balance_shift,2017-06-09,-2,0.03484346345067024
2017-06-14,risk_balance_shift,2017-06-12,-1,0.03399713709950447
2017-06-14,risk_balance_shift,2017-06-13,0,0.03406929224729538
2017-06-14,committee_dispersion,2017-05-04,-27,0.042747825384140015
2017-06-14,committee_dispersion,2017-05-05,-26,0.03978649899363518
2017-06-14,committee_dispersion,2017-05-08,-25,0.03589409589767456
2017-06-14,committee_dispersion,2017-05-09,-24,0.033780649304389954
2017-06-14,committee_dispersion,2017-05-10,-23,0.03163525462150574
2017-06-14,committee_dispersion,2017-05-11,-22,0.03233689069747925
2017-06-14,committee_dispersion,2017-05-12,-21,0.034488435834646225
2017-06-14,committee_dispersion,2017-05-15,-20,0.032661378383636475
2017-06-14,committee_dispersion,2017-05-16,-19,0.03127054497599602
2017-06-14,committee_dispersion,2017-05-17,-18,0.034380849450826645
2017-06-14,committee_dispersion,2017-05-18,-17,0.03560686856508255
2017-06-14,committee_dispersion,2017-05-19,-16,0.03638845682144165
2017-06-14,committee_dispersion,2017-05-22,-15,0.03841700032353401
2017-06-14,committee_dispersion,2017-05-23,-14,0.034376464784145355
2017-06-14,committee_dispersion,2017-05-24,-13,0.034508101642131805
2017-06-14,committee_dispersion,2017-05-25,-12,0.03595634177327156
2017-06-14,committee_dispersion,2017-05-26,-11,0.035122115164995193
2017-06-14,committee_dispersion,2017-05-30,-10,0.03642711788415909
2017-06-14,committee_dispersion,2017-05-31,-9,0.037857118993997574
2017-06-14,committee_dispersion,2017-06-01,-8,0.03403545171022415
2017-06-14,committee_dispersion,2017-06-02,-7,0.03732425719499588
2017-06-14,committee_dispersion,2017-06-05,-6,0.034465231001377106
2017-06-14,committee_dispersion,2017-06-06,-5,0.03928821161389351
2017-06-14,committee_dispersion,2017-06-07,-4,0.03895174339413643
2017-06-14,committee_dispersion,2017-06-08,-3,0.037069156765937805
2017-06-14,committee_dispersion,2017-06-09,-2,0.035783179104328156
2017-06-14,committee_dispersion,2017-06-12,-1,0.0343506783246994
2017-06-14,committee_dispersion,2017-06-13,0,0.03509005904197693
2017-06-14,policy_uncertainty,2017-05-04,-27,0.035967472940683365
2017-06-14,policy_uncertainty,2017-05-05,-26,0.034444767981767654
2017-06-14,policy_uncertainty,2017-05-08,-25,0.034222692251205444
2017-06-14,policy_uncertainty,2017-05-09,-24,0.0335526168346405
2017-06-14,policy_uncertainty,2017-05-10,-23,0.03719529137015343
2017-06-14,policy_uncertainty,2017-05-11,-22,0.03632369637489319
2017-06-14,policy_uncertainty,2017-05-12,-21,0.03808542340993881
2017-06-14,policy_uncertainty,2017-05-15,-20,0.038572221994400024
2017-06-14,policy_uncertainty,2017-05-16,-19,0.038723088800907135
2017-06-14,policy_uncertainty,2017-05-17,-18,0.04245878756046295
2017-06-14,policy_uncertainty,2017-05-18,-17,0.03854266554117203
2017-06-14,policy_uncertainty,2017-05-19,-16,0.039399079978466034
2017-06-14,policy_uncertainty,2017-05-22,-15,0.03756585344672203
2017-06-14,policy_uncertainty,2017-05-23,-14,0.03528181463479996
2017-06-14,policy_uncertainty,2017-05-24,-13,0.03536108508706093
2017-06-14,policy_uncertainty,2017-05-25,-12,0.03519812226295471
2017-06-14,policy_uncertainty,2017-05-26,-11,0.033305272459983826
2017-06-14,policy_uncertainty,2017-05-30,-10,0.034463346004486084
2017-06-14,policy_uncertainty,2017-05-31,-9,0.03471681848168373
2017-06-14,policy_uncertainty,2017-06-01,-8,0.03654110059142113
2017-06-14,policy_uncertainty,2017-06-02,-7,0.036099955439567566
2017-06-14,policy_uncertainty,2017-06-05,-6,0.03332541882991791
2017-06-14,policy_uncertainty,2017-06-06,-5,0.035586167126894
2017-06-14,policy_uncertainty,2017-06-07,-4,0.032378900796175
2017-06-14,policy_uncertainty,2017-06-08,-3,0.03506689891219139
2017-06-14,policy_uncertainty,2017-06-09,-2,0.03261552006006241
2017-06-14,policy_uncertainty,2017-06-12,-1,0.03354492783546448
2017-06-14,policy_uncertainty,2017-06-13,0,0.031461022794246674
2017-06-14,forward_guidance_strength,2017-05-04,-27,0.04168853908777237
2017-06-14,forward_guidance_strength,2017-05-05,-26,0.038812339305877686
2017-06-14,forward_guidance_strength,2017-05-08,-25,0.0360155925154686
2017-06-14,forward_guidance_strength,2017-05-09,-24,0.03295641392469406
2017-06-14,forward_guidance_strength,2017-05-10,-23,0.03154198080301285
2017-06-14,forward_guidance_strength,2017-05-11,-22,0.03241956979036331
2017-06-14,forward_guidance_strength,2017-05-12,-21,0.03408383950591087
2017-06-14,forward_guidance_strength,2017-05-15,-20,0.033105190843343735
2017-06-14,forward_guidance_strength,2017-05-16,-19,0.03240511566400528
2017-06-14,forward_guidance_strength,2017-05-17,-18,0.034945376217365265
2017-06-14,forward_guidance_strength,2017-05-18,-17,0.036180078983306885
2017-06-14,forward_guidance_strength,2017-05-19,-16,0.038614433258771896
2017-06-14,forward_guidance_strength,2017-05-22,-15,0.038370631635189056
2017-06-14,forward_guidance_strength,2017-05-23,-14,0.03477256000041962
2017-06-14,forward_guidance_strength,2017-05-24,-13,0.034356340765953064
2017-06-14,forward_guidance_strength,2017-05-25,-12,0.035603128373622894
2017-06-14,forward_guidance_strength,2017-05-26,-11,0.03465330973267555
2017-06-14,forward_guidance_strength,2017-05-30,-10,0.03585539758205414
2017-06-14,forward_guidance_strength,2017-05-31,-9,0.037643224000930786
2017-06-14,forward_guidance_strength,2017-06-01,-8,0.0353284627199173
2017-06-14,forward_guidance_strength,2017-06-02,-7,0.037894852459430695
2017-06-14,forward_guidance_strength,2017-06-05,-6,0.035108644515275955
2017-06-14,forward_guidance_strength,2017-06-06,-5,0.03915349766612053
2017-06-14,forward_guidance_strength,2017-06-07,-4,0.038021717220544815
2017-06-14,forward_guidance_strength,2017-06-08,-3,0.03686375916004181
2017-06-14,forward_guidance_strength,2017-06-09,-2,0.03541777655482292
2017-06-14,forward_guidance_strength,2017-06-12,-1,0.03375846520066261
2017-06-14,forward_guidance_strength,2017-06-13,0,0.03442973643541336
2017-07-26,rate_decision,2017-06-15,-27,0.038105614483356476
2017-07-26,rate_decision,2017-06-16,-26,0.03924117609858513
2017-07-26,rate_decision,2017-06-19,-25,0.03553741052746773
2017-07-26,rate_decision,2017-06-20,-24,0.036945782601833344
2017-07-26,rate_decision,2017-06-21,-23,0.03380880504846573
2017-07-26,rate_decision,2017-06-22,-22,0.03639155626296997
2017-07-26,rate_decision,2017-06-23,-21,0.0333874337375164
2017-07-26,rate_decision,2017-06-26,-20,0.035421013832092285
2017-07-26,rate_decision,2017-06-27,-19,0.03354290872812271
2017-07-26,rate_decision,2017-06-28,-18,0.037081390619277954
2017-07-26,rate_decision,2017-06-29,-17,0.03718531131744385
2017-07-26,rate_decision,2017-06-30,-16,0.03924485668540001
2017-07-26,rate_decision,2017-07-03,-15,0.03726162761449814
2017-07-26,rate_decision,2017-07-05,-14,0.0376838855445385
2017-07-26,rate_decision,2017-07-06,-13,0.03730040788650513
2017-07-26,rate_decision,2017-07-07,-12,0.03733799606561661
2017-07-26,rate_decision,2017-07-10,-11,0.036035262048244476
2017-07-26,rate_decision,2017-07-11,-10,0.034898243844509125
2017-07-26,rate_decision,2017-07-12,-9,0.03424058109521866
2017-07-26,rate_decision,2017-07-13,-8,0.03225009888410568
2017-07-26,rate_decision,2017-07-14,-7,0.03479328751564026
2017-07-26,rate_decision,2017-07-17,-6,0.034843042492866516
2017-07-26,rate_decision,2017-07-18,-5,0.035309381783008575
2017-07-26,rate_decision,2017-07-19,-4,0.033502303063869476
2017-07-26,rate_decision,2017-07-20,-3,0.03516414761543274
2017-07-26,rate_decision,2017-07-21,-2,0.03235796093940735
2017-07-26,rate_decision,2017-07-24,-1,0.0336962565779686
2017-07-26,rate_decision,2017-07-25,0,0.037432290613651276
2017-07-26,current_policy_stance,2017-06-15,-27,0.03777586668729782
2017-07-26,current_policy_stance,2017-06-16,-26,0.03450367599725723
2017-07-26,current_policy_stance,2017-06-19,-25,0.03393176198005676
2017-07-26,current_policy_stance,2017-06-20,-24,0.032157741487026215
2017-07-26,current_policy_stance,2017-06-21,-23,0.031443044543266296
2017-07-26,current_policy_stance,2017-06-22,-22,0.03309553489089012
2017-07-26,current_policy_stance,2017-06-23,-21,0.034815844148397446
2017-07-26,current_policy_stance,2017-06-26,-20,0.03935450315475464
2017-07-26,current_policy_stance,2017-06-27,-19,0.03771105036139488
2017-07-26,current_policy_stance,2017-06-28,-18,0.039730846881866455
2017-07-26,current_policy_stance,2017-06-29,-17,0.03831789270043373
2017-07-26,current_policy_stance,2017-06-30,-16,0.03460237383842468
2017-07-26,current_policy_stance,2017-07-03,-15,0.0327807292342186
2017-07-26,current_policy_stance,2017-07-05,-14,0.033414386212825775
2017-07-26,current_policy_stance,2017-07-06,-13,0.03266018629074097
2017-07-26,current_policy_stance,2017-07-07,-12,0.031821466982364655
2017-07-26,current_policy_stance,2017-07-10,-11,0.03228607773780823
2017-07-26,current_policy_stance,2017-07-11,-10,0.033640772104263306
2017-07-26,current_policy_stance,2017-07-12,-9,0.033074188977479935
2017-07-26,current_policy_stance,2017-07-13,-8,0.03471878170967102
2017-07-26,current_policy_stance,2017-07-14,-7,0.035486456006765366
2017-07-26,current_policy_stance,2017-07-17,-6,0.034378066658973694
2017-07-26,current_policy_stance,2017-07-18,-5,0.03927857428789139
2017-07-26,current_policy_stance,2017-07-19,-4,0.03736702352762222
2017-07-26,current_policy_stance,2017-07-20,-3,0.040654439479112625
2017-07-26,current_policy_stance,2017-07-21,-2,0.04354925826191902
2017-07-26,current_policy_stance,2017-07-24,-1,0.04291170462965965
2017-07-26,current_policy_stance,2017-07-25,0,0.03453769534826279
2017-07-26,policy_stance_shift,2017-06-15,-27,0.039422910660505295
2017-07-26,policy_stance_shift,2017-06-16,-26,0.03521183133125305
2017-07-26,policy_stance_shift,2017-06-19,-25,0.03400077670812607
2017-07-26,policy_stance_shift,2017-06-20,-24,0.034655049443244934
2017-07-26,policy_stance_shift,2017-06-21,-23,0.033663060516119
2017-07-26,policy_stance_shift,2017-06-22,-22,0.03558121621608734
2017-07-26,policy_stance_shift,2017-06-23,-21,0.03457329422235489
2017-07-26,policy_stance_shift,2017-06-26,-20,0.0367378368973732
2017-07-26,policy_stance_shift,2017-06-27,-19,0.03360495716333389
2017-07-26,policy_stance_shift,2017-06-28,-18,0.03768761456012726
2017-07-26,policy_stance_shift,2017-06-29,-17,0.03555211424827576
2017-07-26,policy_stance_shift,2017-06-30,-16,0.036470238119363785
2017-07-26,policy_stance_shift,2017-07-03,-15,0.03496791794896126
2017-07-26,policy_stance_shift,2017-07-05,-14,0.035491496324539185
2017-07-26,policy_stance_shift,2017-07-06,-13,0.03310169279575348
2017-07-26,policy_stance_shift,2017-07-07,-12,0.03464273735880852
2017-07-26,policy_stance_shift,2017-07-10,-11,0.035341087728738785
2017-07-26,policy_stance_shift,2017-07-11,-10,0.03600949048995972
2017-07-26,policy_stance_shift,2017-07-12,-9,0.03654811903834343
2017-07-26,policy_stance_shift,2017-07-13,-8,0.035881511867046356
2017-07-26,policy_stance_shift,2017-07-14,-7,0.03901797533035278
2017-07-26,policy_stance_shift,2017-07-17,-6,0.0369105264544487
2017-07-26,policy_stance_shift,2017-07-18,-5,0.03699157014489174
2017-07-26,policy_stance_shift,2017-07-19,-4,0.034192923456430435
2017-07-26,policy_stance_shift,2017-07-20,-3,0.038836460560560226
2017-07-26,policy_stance_shift,2017-07-21,-2,0.03695940971374512
2017-07-26,policy_stance_shift,2017-07-24,-1,0.03475325182080269
2017-07-26,policy_stance_shift,2017-07-25,0,0.03319288790225983
2017-07-26,expected_rate_path_shift,2017-06-15,-27,0.03904871270060539
2017-07-26,expected_rate_path_shift,2017-06-16,-26,0.035381682217121124
2017-07-26,expected_rate_path_shift,2017-06-19,-25,0.03391466289758682
2017-07-26,expected_rate_path_shift,2017-06-20,-24,0.03520175814628601
2017-07-26,expected_rate_path_shift,2017-06-21,-23,0.033996690064668655
2017-07-26,expected_rate_path_shift,2017-06-22,-22,0.035561591386795044
2017-07-26,expected_rate_path_shift,2017-06-23,-21,0.03386351093649864
2017-07-26,expected_rate_path_shift,2017-06-26,-20,0.03525185212492943
2017-07-26,expected_rate_path_shift,2017-06-27,-19,0.03248472139239311
2017-07-26,expected_rate_path_shift,2017-06-28,-18,0.0368993766605854
2017-07-26,expected_rate_path_shift,2017-06-29,-17,0.0350840725004673
2017-07-26,expected_rate_path_shift,2017-06-30,-16,0.03679850324988365
2017-07-26,expected_rate_path_shift,2017-07-03,-15,0.03535742312669754
2017-07-26,expected_rate_path_shift,2017-07-05,-14,0.03574126213788986
2017-07-26,expected_rate_path_shift,2017-07-06,-13,0.03339734300971031
2017-07-26,expected_rate_path_shift,2017-07-07,-12,0.03497890383005142
2017-07-26,expected_rate_path_shift,2017-07-10,-11,0.03524898737668991
2017-07-26,expected_rate_path_shift,2017-07-11,-10,0.035960592329502106
2017-07-26,expected_rate_path_shift,2017-07-12,-9,0.03661096841096878
2017-07-26,expected_rate_path_shift,2017-07-13,-8,0.035761959850788116
2017-07-26,expected_rate_path_shift,2017-07-14,-7,0.03915838524699211
2017-07-26,expected_rate_path_shift,2017-07-17,-6,0.03723693639039993
2017-07-26,expected_rate_path_shift,2017-07-18,-5,0.0372072197496891
2017-07-26,expected_rate_path_shift,2017-07-19,-4,0.03413776680827141
2017-07-26,expected_rate_path_shift,2017-07-20,-3,0.03871708735823631
2017-07-26,expected_rate_path_shift,2017-07-21,-2,0.0369071401655674
2017-07-26,expected_rate_path_shift,2017-07-24,-1,0.035756852477788925
2017-07-26,expected_rate_path_shift,2017-07-25,0,0.03433406352996826
2017-07-26,inflation_assessment_shift,2017-06-15,-27,0.03918059915304184
2017-07-26,inflation_assessment_shift,2017-06-16,-26,0.035758811980485916
2017-07-26,inflation_assessment_shift,2017-06-19,-25,0.0341053232550621
2017-07-26,inflation_assessment_shift,2017-06-20,-24,0.03657028079032898
2017-07-26,inflation_assessment_shift,2017-06-21,-23,0.03504627197980881
2017-07-26,inflation_assessment_shift,2017-06-22,-22,0.03663410246372223
2017-07-26,inflation_assessment_shift,2017-06-23,-21,0.03407134860754013
2017-07-26,inflation_assessment_shift,2017-06-26,-20,0.03459618240594864
2017-07-26,inflation_assessment_shift,2017-06-27,-19,0.03159303963184357
2017-07-26,inflation_assessment_shift,2017-06-28,-18,0.03636118397116661
2017-07-26,inflation_assessment_shift,2017-06-29,-17,0.03367898613214493
2017-07-26,inflation_assessment_shift,2017-06-30,-16,0.03719065710902214
2017-07-26,inflation_assessment_shift,2017-07-03,-15,0.036304622888565063
2017-07-26,inflation_assessment_shift,2017-07-05,-14,0.0368226058781147
2017-07-26,inflation_assessment_shift,2017-07-06,-13,0.03400532901287079
2017-07-26,inflation_assessment_shift,2017-07-07,-12,0.03647422790527344
2017-07-26,inflation_assessment_shift,2017-07-10,-11,0.036729373037815094
2017-07-26,inflation_assessment_shift,2017-07-11,-10,0.03684860095381737
2017-07-26,inflation_assessment_shift,2017-07-12,-9,0.03774531930685043
2017-07-26,inflation_assessment_shift,2017-07-13,-8,0.03576533496379852
2017-07-26,inflation_assessment_shift,2017-07-14,-7,0.03957081586122513
2017-07-26,inflation_assessment_shift,2017-07-17,-6,0.03725484758615494
2017-07-26,inflation_assessment_shift,2017-07-18,-5,0.035736583173274994
2017-07-26,inflation_assessment_shift,2017-07-19,-4,0.03253588452935219
2017-07-26,inflation_assessment_shift,2017-07-20,-3,0.037242691963911057
2017-07-26,inflation_assessment_shift,2017-07-21,-2,0.03458996117115021
2017-07-26,inflation_assessment_shift,2017-07-24,-1,0.033556342124938965
2017-07-26,inflation_assessment_shift,2017-07-25,0,0.03403068706393242
2017-07-26,inflation_risk_shift,2017-06-15,-27,0.038735754787921906
2017-07-26,inflation_risk_shift,2017-06-16,-26,0.03555389866232872
2017-07-26,inflation_risk_shift,2017-06-19,-25,0.03397966921329498
2017-07-26,inflation_risk_shift,2017-06-20,-24,0.03591202199459076
2017-07-26,inflation_risk_shift,2017-06-21,-23,0.03471563756465912
2017-07-26,inflation_risk_shift,2017-06-22,-22,0.0361233726143837
2017-07-26,inflation_risk_shift,2017-06-23,-21,0.033925674855709076
2017-07-26,inflation_risk_shift,2017-06-26,-20,0.034472960978746414
2017-07-26,inflation_risk_shift,2017-06-27,-19,0.03177319094538689
2017-07-26,inflation_risk_shift,2017-06-28,-18,0.03593689948320389
2017-07-26,inflation_risk_shift,2017-06-29,-17,0.034142084419727325
2017-07-26,inflation_risk_shift,2017-06-30,-16,0.03696935996413231
2017-07-26,inflation_risk_shift,2017-07-03,-15,0.03613675758242607
2017-07-26,inflation_risk_shift,2017-07-05,-14,0.036608874797821045
2017-07-26,inflation_risk_shift,2017-07-06,-13,0.034131504595279694
2017-07-26,inflation_risk_shift,2017-07-07,-12,0.03643360733985901
2017-07-26,inflation_risk_shift,2017-07-10,-11,0.036680784076452255
2017-07-26,inflation_risk_shift,2017-07-11,-10,0.03690280020236969
2017-07-26,inflation_risk_shift,2017-07-12,-9,0.03774084895849228
2017-07-26,inflation_risk_shift,2017-07-13,-8,0.035902656614780426
2017-07-26,inflation_risk_shift,2017-07-14,-7,0.03936825692653656
2017-07-26,inflation_risk_shift,2017-07-17,-6,0.03778829798102379
2017-07-26,inflation_risk_shift,2017-07-18,-5,0.03618112951517105
2017-07-26,inflation_risk_shift,2017-07-19,-4,0.0331801138818264
2017-07-26,inflation_risk_shift,2017-07-20,-3,0.03745255619287491
2017-07-26,inflation_risk_shift,2017-07-21,-2,0.035206716507673264
2017-07-26,inflation_risk_shift,2017-07-24,-1,0.03409761190414429
2017-07-26,inflation_risk_shift,2017-07-25,0,0.03394695743918419
2017-07-26,unemployment_assessment_shift,2017-06-15,-27,0.03953729569911957
2017-07-26,unemployment_assessment_shift,2017-06-16,-26,0.03522830829024315
2017-07-26,unemployment_assessment_shift,2017-06-19,-25,0.034015953540802
2017-07-26,unemployment_assessment_shift,2017-06-20,-24,0.033844079822301865
2017-07-26,unemployment_assessment_shift,2017-06-21,-23,0.032991211861371994
2017-07-26,unemployment_assessment_shift,2017-06-22,-22,0.03469975292682648
2017-07-26,unemployment_assessment_shift,2017-06-23,-21,0.03429829329252243
2017-07-26,unemployment_assessment_shift,2017-06-26,-20,0.03676077723503113
2017-07-26,unemployment_assessment_shift,2017-06-27,-19,0.03445605933666229
2017-07-26,unemployment_assessment_shift,2017-06-28,-18,0.03800413757562637
2017-07-26,unemployment_assessment_shift,2017-06-29,-17,0.03573606163263321
2017-07-26,unemployment_assessment_shift,2017-06-30,-16,0.035436101257801056
2017-07-26,unemployment_assessment_shift,2017-07-03,-15,0.03372425213456154
2017-07-26,unemployment_assessment_shift,2017-07-05,-14,0.034213367849588394
2017-07-26,unemployment_assessment_shift,2017-07-06,-13,0.032609760761260986
2017-07-26,unemployment_assessment_shift,2017-07-07,-12,0.03305935114622116
2017-07-26,unemployment_assessment_shift,2017-07-10,-11,0.03372175246477127
2017-07-26,unemployment_assessment_shift,2017-07-11,-10,0.03509025648236275
2017-07-26,unemployment_assessment_shift,2017-07-12,-9,0.03516017273068428
2017-07-26,unemployment_assessment_shift,2017-07-13,-8,0.03605274483561516
2017-07-26,unemployment_assessment_shift,2017-07-14,-7,0.038466308265924454
2017-07-26,unemployment_assessment_shift,2017-07-17,-6,0.03688514605164528
2017-07-26,unemployment_assessment_shift,2017-07-18,-5,0.038749199360609055
2017-07-26,unemployment_assessment_shift,2017-07-19,-4,0.03598394617438316
2017-07-26,unemployment_assessment_shift,2017-07-20,-3,0.0403900146484375
2017-07-26,unemployment_assessment_shift,2017-07-21,-2,0.039820268750190735
2017-07-26,unemployment_assessment_shift,2017-07-24,-1,0.03741071745753288
2017-07-26,unemployment_assessment_shift,2017-07-25,0,0.03365468978881836
2017-07-26,labor_market_risk_shift,2017-06-15,-27,0.038160212337970734
2017-07-26,labor_market_risk_shift,2017-06-16,-26,0.033549148589372635
2017-07-26,labor_market_risk_shift,2017-06-19,-25,0.03424367681145668
2017-07-26,labor_market_risk_shift,2017-06-20,-24,0.031851090490818024
2017-07-26,labor_market_risk_shift,2017-06-21,-23,0.03184426203370094
2017-07-26,labor_market_risk_shift,2017-06-22,-22,0.03297935053706169
2017-07-26,labor_market_risk_shift,2017-06-23,-21,0.034821223467588425
2017-07-26,labor_market_risk_shift,2017-06-26,-20,0.037916090339422226
2017-07-26,labor_market_risk_shift,2017-06-27,-19,0.03776910901069641
2017-07-26,labor_market_risk_shift,2017-06-28,-18,0.038060903549194336
2017-07-26,labor_market_risk_shift,2017-06-29,-17,0.037995994091033936
2017-07-26,labor_market_risk_shift,2017-06-30,-16,0.033576615154743195
2017-07-26,labor_market_risk_shift,2017-07-03,-15,0.0325392447412014
2017-07-26,labor_market_risk_shift,2017-07-05,-14,0.032694004476070404
2017-07-26,labor_market_risk_shift,2017-07-06,-13,0.03236822411417961
2017-07-26,labor_market_risk_shift,2017-07-07,-12,0.031159842386841774
2017-07-26,labor_market_risk_shift,2017-07-10,-11,0.03211492300033569
2017-07-26,labor_market_risk_shift,2017-07-11,-10,0.03343764692544937
2017-07-26,labor_market_risk_shift,2017-07-12,-9,0.032776471227407455
2017-07-26,labor_market_risk_shift,2017-07-13,-8,0.0350283682346344
2017-07-26,labor_market_risk_shift,2017-07-14,-7,0.03550056740641594
2017-07-26,labor_market_risk_shift,2017-07-17,-6,0.035274144262075424
2017-07-26,labor_market_risk_shift,2017-07-18,-5,0.03921440243721008
2017-07-26,labor_market_risk_shift,2017-07-19,-4,0.03869470953941345
2017-07-26,labor_market_risk_shift,2017-07-20,-3,0.04115649685263634
2017-07-26,labor_market_risk_shift,2017-07-21,-2,0.044536419212818146
2017-07-26,labor_market_risk_shift,2017-07-24,-1,0.04509466886520386
2017-07-26,labor_market_risk_shift,2017-07-25,0,0.03564215824007988
2017-07-26,growth_activity_shift,2017-06-15,-27,0.03827691078186035
2017-07-26,growth_activity_shift,2017-06-16,-26,0.034773003309965134
2017-07-26,growth_activity_shift,2017-06-19,-25,0.034228164702653885
2017-07-26,growth_activity_shift,2017-06-20,-24,0.03270835056900978
2017-07-26,growth_activity_shift,2017-06-21,-23,0.03243180736899376
2017-07-26,growth_activity_shift,2017-06-22,-22,0.0337408185005188
2017-07-26,growth_activity_shift,2017-06-23,-21,0.03445783257484436
2017-07-26,growth_activity_shift,2017-06-26,-20,0.037420060485601425
2017-07-26,growth_activity_shift,2017-06-27,-19,0.03622782230377197
2017-07-26,growth_activity_shift,2017-06-28,-18,0.038243819028139114
2017-07-26,growth_activity_shift,2017-06-29,-17,0.03731595352292061
2017-07-26,growth_activity_shift,2017-06-30,-16,0.03500983119010925
2017-07-26,growth_activity_shift,2017-07-03,-15,0.03340257331728935
2017-07-26,growth_activity_shift,2017-07-05,-14,0.03387231007218361
2017-07-26,growth_activity_shift,2017-07-06,-13,0.03318103402853012
2017-07-26,growth_activity_shift,2017-07-07,-12,0.032554417848587036
2017-07-26,growth_activity_shift,2017-07-10,-11,0.03290534391999245
2017-07-26,growth_activity_shift,2017-07-11,-10,0.03411906212568283
2017-07-26,growth_activity_shift,2017-07-12,-9,0.0335976779460907
2017-07-26,growth_activity_shift,2017-07-13,-8,0.035175662487745285
2017-07-26,growth_activity_shift,2017-07-14,-7,0.03640595078468323
2017-07-26,growth_activity_shift,2017-07-17,-6,0.035458773374557495
2017-07-26,growth_activity_shift,2017-07-18,-5,0.03908161818981171
2017-07-26,growth_activity_shift,2017-07-19,-4,0.037197429686784744
2017-07-26,growth_activity_shift,2017-07-20,-3,0.04034590721130371
2017-07-26,growth_activity_shift,2017-07-21,-2,0.04218614101409912
2017-07-26,growth_activity_shift,2017-07-24,-1,0.041028887033462524
2017-07-26,growth_activity_shift,2017-07-25,0,0.03465288132429123
2017-07-26,financial_conditions_shift,2017-06-15,-27,0.039530131965875626
2017-07-26,financial_conditions_shift,2017-06-16,-26,0.03483220189809799
2017-07-26,financial_conditions_shift,2017-06-19,-25,0.03412262350320816
2017-07-26,financial_conditions_shift,2017-06-20,-24,0.03412631154060364
2017-07-26,financial_conditions_shift,2017-06-21,-23,0.03306378424167633
2017-07-26,financial_conditions_shift,2017-06-22,-22,0.034951046109199524
2017-07-26,financial_conditions_shift,2017-06-23,-21,0.0340714156627655
2017-07-26,financial_conditions_shift,2017-06-26,-20,0.036591146141290665
2017-07-26,financial_conditions_shift,2017-06-27,-19,0.034674614667892456
2017-07-26,financial_conditions_shift,2017-06-28,-18,0.03773532062768936
2017-07-26,financial_conditions_shift,2017-06-29,-17,0.03667990863323212
2017-07-26,financial_conditions_shift,2017-06-30,-16,0.03680192679166794
2017-07-26,financial_conditions_shift,2017-07-03,-15,0.03511505201458931
2017-07-26,financial_conditions_shift,2017-07-05,-14,0.035307466983795166
2017-07-26,financial_conditions_shift,2017-07-06,-13,0.03351708501577377
2017-07-26,financial_conditions_shift,2017-07-07,-12,0.03387463837862015
2017-07-26,financial_conditions_shift,2017-07-10,-11,0.03437230736017227
2017-07-26,financial_conditions_shift,2017-07-11,-10,0.03514556214213371
2017-07-26,financial_conditions_shift,2017-07-12,-9,0.03471279516816139
2017-07-26,financial_conditions_shift,2017-07-13,-8,0.03550771251320839
2017-07-26,financial_conditions_shift,2017-07-14,-7,0.03814007341861725
2017-07-26,financial_conditions_shift,2017-07-17,-6,0.036232784390449524
2017-07-26,financial_conditions_shift,2017-07-18,-5,0.03794422373175621
2017-07-26,financial_conditions_shift,2017-07-19,-4,0.03490125387907028
2017-07-26,financial_conditions_shift,2017-07-20,-3,0.03942221403121948
2017-07-26,financial_conditions_shift,2017-07-21,-2,0.037972357124090195
2017-07-26,financial_conditions_shift,2017-07-24,-1,0.03661669045686722
2017-07-26,financial_conditions_shift,2017-07-25,0,0.034037403762340546
2017-07-26,balance_sheet_policy_shift,2017-06-15,-27,0.03550614416599274
2017-07-26,balance_sheet_policy_shift,2017-06-16,-26,0.0339973010122776
2017-07-26,balance_sheet_policy_shift,2017-06-19,-25,0.03416032716631889
2017-07-26,balance_sheet_policy_shift,2017-06-20,-24,0.031936924904584885
2017-07-26,balance_sheet_policy_shift,2017-06-21,-23,0.03206252679228783
2017-07-26,balance_sheet_policy_shift,2017-06-22,-22,0.03321434557437897
2017-07-26,balance_sheet_policy_shift,2017-06-23,-21,0.035275254398584366
2017-07-26,balance_sheet_policy_shift,2017-06-26,-20,0.03882536292076111
2017-07-26,balance_sheet_policy_shift,2017-06-27,-19,0.0385349802672863
2017-07-26,balance_sheet_policy_shift,2017-06-28,-18,0.037995047867298126
2017-07-26,balance_sheet_policy_shift,2017-06-29,-17,0.03789856657385826
2017-07-26,balance_sheet_policy_shift,2017-06-30,-16,0.03380211070179939
2017-07-26,balance_sheet_policy_shift,2017-07-03,-15,0.032458383589982986
2017-07-26,balance_sheet_policy_shift,2017-07-05,-14,0.03303321450948715
2017-07-26,balance_sheet_policy_shift,2017-07-06,-13,0.03388312831521034
2017-07-26,balance_sheet_policy_shift,2017-07-07,-12,0.03197900950908661
2017-07-26,balance_sheet_policy_shift,2017-07-10,-11,0.032360468059778214
2017-07-26,balance_sheet_policy_shift,2017-07-11,-10,0.033329565078020096
2017-07-26,balance_sheet_policy_shift,2017-07-12,-9,0.03267223387956619
2017-07-26,balance_sheet_policy_shift,2017-07-13,-8,0.0348820835351944
2017-07-26,balance_sheet_policy_shift,2017-07-14,-7,0.03468482568860054
2017-07-26,balance_sheet_policy_shift,2017-07-17,-6,0.034490492194890976
2017-07-26,balance_sheet_policy_shift,2017-07-18,-5,0.039248205721378326
2017-07-26,balance_sheet_policy_shift,2017-07-19,-4,0.0392194464802742
2017-07-26,balance_sheet_policy_shift,2017-07-20,-3,0.03941851109266281
2017-07-26,balance_sheet_policy_shift,2017-07-21,-2,0.04386673867702484
2017-07-26,balance_sheet_policy_shift,2017-07-24,-1,0.04583290219306946
2017-07-26,balance_sheet_policy_shift,2017-07-25,0,0.03543184697628021
2017-07-26,risk_balance_shift,2017-06-15,-27,0.03952663764357567
2017-07-26,risk_balance_shift,2017-06-16,-26,0.03551734238862991
2017-07-26,risk_balance_shift,2017-06-19,-25,0.03422942012548447
2017-07-26,risk_balance_shift,2017-06-20,-24,0.03509407490491867
2017-07-26,risk_balance_shift,2017-06-21,-23,0.03412643074989319
2017-07-26,risk_balance_shift,2017-06-22,-22,0.03570156171917915
2017-07-26,risk_balance_shift,2017-06-23,-21,0.03393140062689781
2017-07-26,risk_balance_shift,2017-06-26,-20,0.03545325994491577
2017-07-26,risk_balance_shift,2017-06-27,-19,0.03279007598757744
2017-07-26,risk_balance_shift,2017-06-28,-18,0.037124402821063995
2017-07-26,risk_balance_shift,2017-06-29,-17,0.03466237708926201
2017-07-26,risk_balance_shift,2017-06-30,-16,0.036061689257621765
2017-07-26,risk_balance_shift,2017-07-03,-15,0.035016193985939026
2017-07-26,risk_balance_shift,2017-07-05,-14,0.035604339092969894
2017-07-26,risk_balance_shift,2017-07-06,-13,0.03317786008119583
2017-07-26,risk_balance_shift,2017-07-07,-12,0.034950099885463715
2017-07-26,risk_balance_shift,2017-07-10,-11,0.03557756915688515
2017-07-26,risk_balance_shift,2017-07-11,-10,0.036286476999521255
2017-07-26,risk_balance_shift,2017-07-12,-9,0.03669207543134689
2017-07-26,risk_balance_shift,2017-07-13,-8,0.03578693047165871
2017-07-26,risk_balance_shift,2017-07-14,-7,0.039433181285858154
2017-07-26,risk_balance_shift,2017-07-17,-6,0.037385277450084686
2017-07-26,risk_balance_shift,2017-07-18,-5,0.03742747753858566
2017-07-26,risk_balance_shift,2017-07-19,-4,0.033804893493652344
2017-07-26,risk_balance_shift,2017-07-20,-3,0.038695141673088074
2017-07-26,risk_balance_shift,2017-07-21,-2,0.0370628796517849
2017-07-26,risk_balance_shift,2017-07-24,-1,0.03529208153486252
2017-07-26,risk_balance_shift,2017-07-25,0,0.03358885645866394
2017-07-26,committee_dispersion,2017-06-15,-27,0.036290787160396576
2017-07-26,committee_dispersion,2017-06-16,-26,0.03430836647748947
2017-07-26,committee_dispersion,2017-06-19,-25,0.034545063972473145
2017-07-26,committee_dispersion,2017-06-20,-24,0.03174380958080292
2017-07-26,committee_dispersion,2017-06-21,-23,0.031821109354496
2017-07-26,committee_dispersion,2017-06-22,-22,0.03248089179396629
2017-07-26,committee_dispersion,2017-06-23,-21,0.03522796183824539
2017-07-26,committee_dispersion,2017-06-26,-20,0.038794856518507004
2017-07-26,committee_dispersion,2017-06-27,-19,0.03905770927667618
2017-07-26,committee_dispersion,2017-06-28,-18,0.037881117314100266
2017-07-26,committee_dispersion,2017-06-29,-17,0.03810000792145729
2017-07-26,committee_dispersion,2017-06-30,-16,0.033546511083841324
2017-07-26,committee_dispersion,2017-07-03,-15,0.03228544443845749
2017-07-26,committee_dispersion,2017-07-05,-14,0.03281095623970032
2017-07-26,committee_dispersion,2017-07-06,-13,0.033583108335733414
2017-07-26,committee_dispersion,2017-07-07,-12,0.03181586414575577
2017-07-26,committee_dispersion,2017-07-10,-11,0.03217095881700516
2017-07-26,committee_dispersion,2017-07-11,-10,0.033615246415138245
2017-07-26,committee_dispersion,2017-07-12,-9,0.032513223588466644
2017-07-26,committee_dispersion,2017-07-13,-8,0.0347236767411232
2017-07-26,committee_dispersion,2017-07-14,-7,0.03407464921474457
2017-07-26,committee_dispersion,2017-07-17,-6,0.034221746027469635
2017-07-26,committee_dispersion,2017-07-18,-5,0.03915559500455856
2017-07-26,committee_dispersion,2017-07-19,-4,0.039172958582639694
2017-07-26,committee_dispersion,2017-07-20,-3,0.0394834466278553
2017-07-26,committee_dispersion,2017-07-21,-2,0.04471636563539505
2017-07-26,committee_dispersion,2017-07-24,-1,0.04660213738679886
2017-07-26,committee_dispersion,2017-07-25,0,0.03525643050670624
2017-07-26,policy_uncertainty,2017-06-15,-27,0.04043992608785629
2017-07-26,policy_uncertainty,2017-06-16,-26,0.035237960517406464
2017-07-26,policy_uncertainty,2017-06-19,-25,0.0338883250951767
2017-07-26,policy_uncertainty,2017-06-20,-24,0.034609220921993256
2017-07-26,policy_uncertainty,2017-06-21,-23,0.033137209713459015
2017-07-26,policy_uncertainty,2017-06-22,-22,0.0351652093231678
2017-07-26,policy_uncertainty,2017-06-23,-21,0.03411364555358887
2017-07-26,policy_uncertainty,2017-06-26,-20,0.036936625838279724
2017-07-26,policy_uncertainty,2017-06-27,-19,0.03391652926802635
2017-07-26,policy_uncertainty,2017-06-28,-18,0.038675934076309204
2017-07-26,policy_uncertainty,2017-06-29,-17,0.03580130636692047
2017-07-26,policy_uncertainty,2017-06-30,-16,0.036556094884872437
2017-07-26,policy_uncertainty,2017-07-03,-15,0.03484176844358444
2017-07-26,policy_uncertainty,2017-07-05,-14,0.035517096519470215
2017-07-26,policy_uncertainty,2017-07-06,-13,0.03283366560935974
2017-07-26,policy_uncertainty,2017-07-07,-12,0.03416687622666359
2017-07-26,policy_uncertainty,2017-07-10,-11,0.03470144420862198
2017-07-26,policy_uncertainty,2017-07-11,-10,0.03539184853434563
2017-07-26,policy_uncertainty,2017-07-12,-9,0.0355365127325058
2017-07-26,policy_uncertainty,2017-07-13,-8,0.03512858226895332
2017-07-26,policy_uncertainty,2017-07-14,-7,0.03818386048078537
2017-07-26,policy_uncertainty,2017-07-17,-6,0.036276087164878845
2017-07-26,policy_uncertainty,2017-07-18,-5,0.03727366402745247
2017-07-26,policy_uncertainty,2017-07-19,-4,0.034429483115673065
2017-07-26,policy_uncertainty,2017-07-20,-3,0.03972667455673218
2017-07-26,policy_uncertainty,2017-07-21,-2,0.037985336035490036
2017-07-26,policy_uncertainty,2017-07-24,-1,0.036181606352329254
2017-07-26,policy_uncertainty,2017-07-25,0,0.033347487449645996
2017-07-26,forward_guidance_strength,2017-06-15,-27,0.038703594356775284
2017-07-26,forward_guidance_strength,2017-06-16,-26,0.0342479944229126
2017-07-26,forward_guidance_strength,2017-06-19,-25,0.03435869514942169
2017-07-26,forward_guidance_strength,2017-06-20,-24,0.03299056738615036
2017-07-26,forward_guidance_strength,2017-06-21,-23,0.0326283760368824
2017-07-26,forward_guidance_strength,2017-06-22,-22,0.034359410405159
2017-07-26,forward_guidance_strength,2017-06-23,-21,0.03510125353932381
2017-07-26,forward_guidance_strength,2017-06-26,-20,0.03813986852765083
2017-07-26,forward_guidance_strength,2017-06-27,-19,0.036891184747219086
2017-07-26,forward_guidance_strength,2017-06-28,-18,0.03883572667837143
2017-07-26,forward_guidance_strength,2017-06-29,-17,0.03748570382595062
2017-07-26,forward_guidance_strength,2017-06-30,-16,0.03421352058649063
2017-07-26,forward_guidance_strength,2017-07-03,-15,0.032721519470214844
2017-07-26,forward_guidance_strength,2017-07-05,-14,0.03314364328980446
2017-07-26,forward_guidance_strength,2017-07-06,-13,0.03185376524925232
2017-07-26,forward_guidance_strength,2017-07-07,-12,0.0313648097217083
2017-07-26,forward_guidance_strength,2017-07-10,-11,0.03256683796644211
2017-07-26,forward_guidance_strength,2017-07-11,-10,0.033565208315849304
2017-07-26,forward_guidance_strength,2017-07-12,-9,0.03335481137037277
2017-07-26,forward_guidance_strength,2017-07-13,-8,0.035085007548332214
2017-07-26,forward_guidance_strength,2017-07-14,-7,0.036618344485759735
2017-07-26,forward_guidance_strength,2017-07-17,-6,0.03564014285802841
2017-07-26,forward_guidance_strength,2017-07-18,-5,0.03857611492276192
2017-07-26,forward_guidance_strength,2017-07-19,-4,0.0372115820646286
2017-07-26,forward_guidance_strength,2017-07-20,-3,0.041244033724069595
2017-07-26,forward_guidance_strength,2017-07-21,-2,0.04249698668718338
2017-07-26,forward_guidance_strength,2017-07-24,-1,0.041442614048719406
2017-07-26,forward_guidance_strength,2017-07-25,0,0.035158671438694
2017-09-20,rate_decision,2017-07-27,-37,0.026459654793143272
2017-09-20,rate_decision,2017-07-28,-36,0.02858666330575943
2017-09-20,rate_decision,2017-07-31,-35,0.02605486288666725
2017-09-20,rate_decision,2017-08-01,-34,0.025825107470154762
2017-09-20,rate_decision,2017-08-02,-33,0.023309169337153435
2017-09-20,rate_decision,2017-08-03,-32,0.026037592440843582
2017-09-20,rate_decision,2017-08-04,-31,0.025339102372527122
2017-09-20,rate_decision,2017-08-07,-30,0.026604078710079193
2017-09-20,rate_decision,2017-08-08,-29,0.02644694410264492
2017-09-20,rate_decision,2017-08-09,-28,0.02827491983771324
2017-09-20,rate_decision,2017-08-10,-27,0.026275470852851868
2017-09-20,rate_decision,2017-08-11,-26,0.024673661217093468
2017-09-20,rate_decision,2017-08-14,-25,0.02286504954099655
2017-09-20,rate_decision,2017-08-15,-24,0.02484813518822193
2017-09-20,rate_decision,2017-08-16,-23,0.02508663758635521
2017-09-20,rate_decision,2017-08-17,-22,0.024913057684898376
2017-09-20,rate_decision,2017-08-18,-21,0.024193046614527702
2017-09-20,rate_decision,2017-08-21,-20,0.024868611246347427
2017-09-20,rate_decision,2017-08-22,-19,0.02455293945968151
2017-09-20,rate_decision,2017-08-23,-18,0.02716074325144291
2017-09-20,rate_decision,2017-08-24,-17,0.026145972311496735
2017-09-20,rate_decision,2017-08-25,-16,0.026173971593379974
2017-09-20,rate_decision,2017-08-28,-15,0.025045737624168396
2017-09-20,rate_decision,2017-08-29,-14,0.025822989642620087
2017-09-20,rate_decision,2017-08-30,-13,0.024430543184280396
2017-09-20,rate_decision,2017-08-31,-12,0.0253995880484581
2017-09-20,rate_decision,2017-09-01,-11,0.024660255759954453
2017-09-20,rate_decision,2017-09-05,-10,0.027021633461117744
2017-09-20,rate_decision,2017-09-06,-9,0.02531125769019127
2017-09-20,rate_decision,2017-09-07,-8,0.025531362742185593
2017-09-20,rate_decision,2017-09-08,-7,0.022379273548722267
2017-09-20,rate_decision,2017-09-11,-6,0.030104678124189377
2017-09-20,rate_decision,2017-09-12,-5,0.02851364016532898
2017-09-20,rate_decision,2017-09-13,-4,0.029332423582673073
2017-09-20,rate_decision,2017-09-14,-3,0.030771158635616302
2017-09-20,rate_decision,2017-09-15,-2,0.029709313064813614
2017-09-20,rate_decision,2017-09-18,-1,0.03026607073843479
2017-09-20,rate_decision,2017-09-19,0,0.031004689633846283
2017-09-20,current_policy_stance,2017-07-27,-37,0.024860290810465813
2017-09-20,current_policy_stance,2017-07-28,-36,0.025921644642949104
2017-09-20,current_policy_stance,2017-07-31,-35,0.024288466200232506
2017-09-20,current_policy_stance,2017-08-01,-34,0.026311498135328293
2017-09-20,current_policy_stance,2017-08-02,-33,0.023101218044757843
2017-09-20,current_policy_stance,2017-08-03,-32,0.027193263173103333
2017-09-20,current_policy_stance,2017-08-04,-31,0.02416207455098629
2017-09-20,current_policy_stance,2017-08-07,-30,0.025008978322148323
2017-09-20,current_policy_stance,2017-08-08,-29,0.0257765781134367
2017-09-20,current_policy_stance,2017-08-09,-28,0.029649510979652405
2017-09-20,current_policy_stance,2017-08-10,-27,0.02656172215938568
2017-09-20,current_policy_stance,2017-08-11,-26,0.025980645790696144
2017-09-20,current_policy_stance,2017-08-14,-25,0.02419111505150795
2017-09-20,current_policy_stance,2017-08-15,-24,0.02674366906285286
2017-09-20,current_policy_stance,2017-08-16,-23,0.026737477630376816
2017-09-20,current_policy_stance,2017-08-17,-22,0.02491118386387825
2017-09-20,current_policy_stance,2017-08-18,-21,0.02549857646226883
2017-09-20,current_policy_stance,2017-08-21,-20,0.02637280523777008
2017-09-20,current_policy_stance,2017-08-22,-19,0.02389967069029808
2017-09-20,current_policy_stance,2017-08-23,-18,0.027271118015050888
2017-09-20,current_policy_stance,2017-08-24,-17,0.026292193681001663
2017-09-20,current_policy_stance,2017-08-25,-16,0.02786778286099434
2017-09-20,current_policy_stance,2017-08-28,-15,0.025211498141288757
2017-09-20,current_policy_stance,2017-08-29,-14,0.028503216803073883
2017-09-20,current_policy_stance,2017-08-30,-13,0.025735322386026382
2017-09-20,current_policy_stance,2017-08-31,-12,0.025548763573169708
2017-09-20,current_policy_stance,2017-09-01,-11,0.02434089221060276
2017-09-20,current_policy_stance,2017-09-05,-10,0.02816365286707878
2017-09-20,current_policy_stance,2017-09-06,-9,0.02687753364443779
2017-09-20,current_policy_stance,2017-09-07,-8,0.03287554532289505
2017-09-20,current_policy_stance,2017-09-08,-7,0.02866433933377266
2017-09-20,current_policy_stance,2017-09-11,-6,0.029457513242959976
2017-09-20,current_policy_stance,2017-09-12,-5,0.026479851454496384
2017-09-20,current_policy_stance,2017-09-13,-4,0.02661585621535778
2017-09-20,current_policy_stance,2017-09-14,-3,0.026087211444973946
2017-09-20,current_policy_stance,2017-09-15,-2,0.02491639368236065
2017-09-20,current_policy_stance,2017-09-18,-1,0.026043055579066277
2017-09-20,current_policy_stance,2017-09-19,0,0.02587791346013546
2017-09-20,policy_stance_shift,2017-07-27,-37,0.023554712533950806
2017-09-20,policy_stance_shift,2017-07-28,-36,0.02311200648546219
2017-09-20,policy_stance_shift,2017-07-31,-35,0.022930748760700226
2017-09-20,policy_stance_shift,2017-08-01,-34,0.025657236576080322
2017-09-20,policy_stance_shift,2017-08-02,-33,0.02388845384120941
2017-09-20,policy_stance_shift,2017-08-03,-32,0.0267145074903965
2017-09-20,policy_stance_shift,2017-08-04,-31,0.024182362481951714
2017-09-20,policy_stance_shift,2017-08-07,-30,0.024838579818606377
2017-09-20,policy_stance_shift,2017-08-08,-29,0.02501240372657776
2017-09-20,policy_stance_shift,2017-08-09,-28,0.028002625331282616
2017-09-20,policy_stance_shift,2017-08-10,-27,0.026113644242286682
2017-09-20,policy_stance_shift,2017-08-11,-26,0.025728030130267143
2017-09-20,policy_stance_shift,2017-08-14,-25,0.02597632259130478
2017-09-20,policy_stance_shift,2017-08-15,-24,0.02458794042468071
2017-09-20,policy_stance_shift,2017-08-16,-23,0.024734443053603172
2017-09-20,policy_stance_shift,2017-08-17,-22,0.02486073039472103
2017-09-20,policy_stance_shift,2017-08-18,-21,0.026224426925182343
2017-09-20,policy_stance_shift,2017-08-21,-20,0.026094187051057816
2017-09-20,policy_stance_shift,2017-08-22,-19,0.024108216166496277
2017-09-20,policy_stance_shift,2017-08-23,-18,0.027068641036748886
2017-09-20,policy_stance_shift,2017-08-24,-17,0.02519267052412033
2017-09-20,policy_stance_shift,2017-08-25,-16,0.026694953441619873
2017-09-20,policy_stance_shift,2017-08-28,-15,0.024530887603759766
2017-09-20,policy_stance_shift,2017-08-29,-14,0.02919294312596321
2017-09-20,policy_stance_shift,2017-08-30,-13,0.02606414631009102
2017-09-20,policy_stance_shift,2017-08-31,-12,0.026371559128165245
2017-09-20,policy_stance_shift,2017-09-01,-11,0.024300221353769302
2017-09-20,policy_stance_shift,2017-09-05,-10,0.03012244775891304
2017-09-20,policy_stance_shift,2017-09-06,-9,0.027900803834199905
2017-09-20,policy_stance_shift,2017-09-07,-8,0.032861076295375824
2017-09-20,policy_stance_shift,2017-09-08,-7,0.034430041909217834
2017-09-20,policy_stance_shift,2017-09-11,-6,0.03028818592429161
2017-09-20,policy_stance_shift,2017-09-12,-5,0.027581827715039253
2017-09-20,policy_stance_shift,2017-09-13,-4,0.02710697427392006
2017-09-20,policy_stance_shift,2017-09-14,-3,0.02581329643726349
2017-09-20,policy_stance_shift,2017-09-15,-2,0.025694571435451508
2017-09-20,policy_stance_shift,2017-09-18,-1,0.025892648845911026
2017-09-20,policy_stance_shift,2017-09-19,0,0.026570536196231842
2017-09-20,expected_rate_path_shift,2017-07-27,-37,0.0235118567943573
2017-09-20,expected_rate_path_shift,2017-07-28,-36,0.02288452722132206
2017-09-20,expected_rate_path_shift,2017-07-31,-35,0.02242913283407688
2017-09-20,expected_rate_path_shift,2017-08-01,-34,0.02463928982615471
2017-09-20,expected_rate_path_shift,2017-08-02,-33,0.023201389238238335
2017-09-20,expected_rate_path_shift,2017-08-03,-32,0.02650589495897293
2017-09-20,expected_rate_path_shift,2017-08-04,-31,0.023746967315673828
2017-09-20,expected_rate_path_shift,2017-08-07,-30,0.024992194026708603
2017-09-20,expected_rate_path_shift,2017-08-08,-29,0.02518535777926445
2017-09-20,expected_rate_path_shift,2017-08-09,-28,0.027968212962150574
2017-09-20,expected_rate_path_shift,2017-08-10,-27,0.026167007163167
2017-09-20,expected_rate_path_shift,2017-08-11,-26,0.025783933699131012
2017-09-20,expected_rate_path_shift,2017-08-14,-25,0.025280257686972618
2017-09-20,expected_rate_path_shift,2017-08-15,-24,0.02465040795505047
2017-09-20,expected_rate_path_shift,2017-08-16,-23,0.0245664119720459
2017-09-20,expected_rate_path_shift,2017-08-17,-22,0.025297004729509354
2017-09-20,expected_rate_path_shift,2017-08-18,-21,0.026396486908197403
2017-09-20,expected_rate_path_shift,2017-08-21,-20,0.025535937398672104
2017-09-20,expected_rate_path_shift,2017-08-22,-19,0.023563720285892487
2017-09-20,expected_rate_path_shift,2017-08-23,-18,0.027017809450626373
2017-09-20,expected_rate_path_shift,2017-08-24,-17,0.02570367604494095
2017-09-20,expected_rate_path_shift,2017-08-25,-16,0.026923801749944687
2017-09-20,expected_rate_path_shift,2017-08-28,-15,0.024827657267451286
2017-09-20,expected_rate_path_shift,2017-08-29,-14,0.02975492924451828
2017-09-20,expected_rate_path_shift,2017-08-30,-13,0.026275930926203728
2017-09-20,expected_rate_path_shift,2017-08-31,-12,0.0271415077149868
2017-09-20,expected_rate_path_shift,2017-09-01,-11,0.024617232382297516
2017-09-20,expected_rate_path_shift,2017-09-05,-10,0.030390316620469093
2017-09-20,expected_rate_path_shift,2017-09-06,-9,0.028476111590862274
2017-09-20,expected_rate_path_shift,2017-09-07,-8,0.03289732336997986
2017-09-20,expected_rate_path_shift,2017-09-08,-7,0.033662907779216766
2017-09-20,expected_rate_path_shift,2017-09-11,-6,0.030102277174592018
2017-09-20,expected_rate_path_shift,2017-09-12,-5,0.026443064212799072
2017-09-20,expected_rate_path_shift,2017-09-13,-4,0.026956738904118538
2017-09-20,expected_rate_path_shift,2017-09-14,-3,0.026342876255512238
2017-09-20,expected_rate_path_shift,2017-09-15,-2,0.026294592767953873
2017-09-20,expected_rate_path_shift,2017-09-18,-1,0.026824118569493294
2017-09-20,expected_rate_path_shift,2017-09-19,0,0.0270411167293787
2017-09-20,inflation_assessment_shift,2017-07-27,-37,0.02481553889811039
2017-09-20,inflation_assessment_shift,2017-07-28,-36,0.025601603090763092
2017-09-20,inflation_assessment_shift,2017-07-31,-35,0.023707948625087738
2017-09-20,inflation_assessment_shift,2017-08-01,-34,0.02578342705965042
2017-09-20,inflation_assessment_shift,2017-08-02,-33,0.022973300889134407
2017-09-20,inflation_assessment_shift,2017-08-03,-32,0.027078671380877495
2017-09-20,inflation_assessment_shift,2017-08-04,-31,0.024009399116039276
2017-09-20,inflation_assessment_shift,2017-08-07,-30,0.0251159630715847
2017-09-20,inflation_assessment_shift,2017-08-08,-29,0.02546183206140995
2017-09-20,inflation_assessment_shift,2017-08-09,-28,0.029382601380348206
2017-09-20,inflation_assessment_shift,2017-08-10,-27,0.026700755581259727
2017-09-20,inflation_assessment_shift,2017-08-11,-26,0.025880932807922363
2017-09-20,inflation_assessment_shift,2017-08-14,-25,0.024204617366194725
2017-09-20,inflation_assessment_shift,2017-08-15,-24,0.025730986148118973
2017-09-20,inflation_assessment_shift,2017-08-16,-23,0.026098432019352913
2017-09-20,inflation_assessment_shift,2017-08-17,-22,0.024781489744782448
2017-09-20,inflation_assessment_shift,2017-08-18,-21,0.025419773533940315
2017-09-20,inflation_assessment_shift,2017-08-21,-20,0.026283130049705505
2017-09-20,inflation_assessment_shift,2017-08-22,-19,0.023386919870972633
2017-09-20,inflation_assessment_shift,2017-08-23,-18,0.027000680565834045
2017-09-20,inflation_assessment_shift,2017-08-24,-17,0.025876203551888466
2017-09-20,inflation_assessment_shift,2017-08-25,-16,0.027641816064715385
2017-09-20,inflation_assessment_shift,2017-08-28,-15,0.025180548429489136
2017-09-20,inflation_assessment_shift,2017-08-29,-14,0.028587086126208305
2017-09-20,inflation_assessment_shift,2017-08-30,-13,0.02595868892967701
2017-09-20,inflation_assessment_shift,2017-08-31,-12,0.026078131049871445
2017-09-20,inflation_assessment_shift,2017-09-01,-11,0.023944348096847534
2017-09-20,inflation_assessment_shift,2017-09-05,-10,0.028789134696125984
2017-09-20,inflation_assessment_shift,2017-09-06,-9,0.02748449519276619
2017-09-20,inflation_assessment_shift,2017-09-07,-8,0.03392152860760689
2017-09-20,inflation_assessment_shift,2017-09-08,-7,0.03031754493713379
2017-09-20,inflation_assessment_shift,2017-09-11,-6,0.0293692909181118
2017-09-20,inflation_assessment_shift,2017-09-12,-5,0.02652151882648468
2017-09-20,inflation_assessment_shift,2017-09-13,-4,0.026375288143754005
2017-09-20,inflation_assessment_shift,2017-09-14,-3,0.0260283462703228
2017-09-20,inflation_assessment_shift,2017-09-15,-2,0.025495242327451706
2017-09-20,inflation_assessment_shift,2017-09-18,-1,0.02644527517259121
2017-09-20,inflation_assessment_shift,2017-09-19,0,0.026567557826638222
2017-09-20,inflation_risk_shift,2017-07-27,-37,0.025231249630451202
2017-09-20,inflation_risk_shift,2017-07-28,-36,0.024986950680613518
2017-09-20,inflation_risk_shift,2017-07-31,-35,0.02375459298491478
2017-09-20,inflation_risk_shift,2017-08-01,-34,0.025902390480041504
2017-09-20,inflation_risk_shift,2017-08-02,-33,0.023412570357322693
2017-09-20,inflation_risk_shift,2017-08-03,-32,0.026636328548192978
2017-09-20,inflation_risk_shift,2017-08-04,-31,0.02456466294825077
2017-09-20,inflation_risk_shift,2017-08-07,-30,0.024917546659708023
2017-09-20,inflation_risk_shift,2017-08-08,-29,0.026149943470954895
2017-09-20,inflation_risk_shift,2017-08-09,-28,0.028420109301805496
2017-09-20,inflation_risk_shift,2017-08-10,-27,0.026233304291963577
2017-09-20,inflation_risk_shift,2017-08-11,-26,0.025678137317299843
2017-09-20,inflation_risk_shift,2017-08-14,-25,0.024889618158340454
2017-09-20,inflation_risk_shift,2017-08-15,-24,0.025641508400440216
2017-09-20,inflation_risk_shift,2017-08-16,-23,0.025617988780140877
2017-09-20,inflation_risk_shift,2017-08-17,-22,0.02492271177470684
2017-09-20,inflation_risk_shift,2017-08-18,-21,0.026055006310343742
2017-09-20,inflation_risk_shift,2017-08-21,-20,0.025353461503982544
2017-09-20,inflation_risk_shift,2017-08-22,-19,0.024064509198069572
2017-09-20,inflation_risk_shift,2017-08-23,-18,0.02728695049881935
2017-09-20,inflation_risk_shift,2017-08-24,-17,0.02642425335943699
2017-09-20,inflation_risk_shift,2017-08-25,-16,0.02736864984035492
2017-09-20,inflation_risk_shift,2017-08-28,-15,0.025213515385985374
2017-09-20,inflation_risk_shift,2017-08-29,-14,0.02959395758807659
2017-09-20,inflation_risk_shift,2017-08-30,-13,0.02649846486747265
2017-09-20,inflation_risk_shift,2017-08-31,-12,0.026029860600829124
2017-09-20,inflation_risk_shift,2017-09-01,-11,0.025116564705967903
2017-09-20,inflation_risk_shift,2017-09-05,-10,0.02863430604338646
2017-09-20,inflation_risk_shift,2017-09-06,-9,0.028039919212460518
2017-09-20,inflation_risk_shift,2017-09-07,-8,0.03175704553723335
2017-09-20,inflation_risk_shift,2017-09-08,-7,0.02978748083114624
2017-09-20,inflation_risk_shift,2017-09-11,-6,0.02950510010123253
2017-09-20,inflation_risk_shift,2017-09-12,-5,0.026039838790893555
2017-09-20,inflation_risk_shift,2017-09-13,-4,0.026244115084409714
2017-09-20,inflation_risk_shift,2017-09-14,-3,0.02597668394446373
2017-09-20,inflation_risk_shift,2017-09-15,-2,0.02526768669486046
2017-09-20,inflation_risk_shift,2017-09-18,-1,0.026220470666885376
2017-09-20,inflation_risk_shift,2017-09-19,0,0.026562530547380447
2017-09-20,unemployment_assessment_shift,2017-07-27,-37,0.02369632199406624
2017-09-20,unemployment_assessment_shift,2017-07-28,-36,0.022408682852983475
2017-09-20,unemployment_assessment_shift,2017-07-31,-35,0.022486934438347816
2017-09-20,unemployment_assessment_shift,2017-08-01,-34,0.02460695244371891
2017-09-20,unemployment_assessment_shift,2017-08-02,-33,0.023952264338731766
2017-09-20,unemployment_assessment_shift,2017-08-03,-32,0.026725972071290016
2017-09-20,unemployment_assessment_shift,2017-08-04,-31,0.024104248732328415
2017-09-20,unemployment_assessment_shift,2017-08-07,-30,0.02538377419114113
2017-09-20,unemployment_assessment_shift,2017-08-08,-29,0.024966750293970108
2017-09-20,unemployment_assessment_shift,2017-08-09,-28,0.027495678514242172
2017-09-20,unemployment_assessment_shift,2017-08-10,-27,0.026084639132022858
2017-09-20,unemployment_assessment_shift,2017-08-11,-26,0.026052165776491165
2017-09-20,unemployment_assessment_shift,2017-08-14,-25,0.025881797075271606
2017-09-20,unemployment_assessment_shift,2017-08-15,-24,0.02403857186436653
2017-09-20,unemployment_assessment_shift,2017-08-16,-23,0.024141110479831696
2017-09-20,unemployment_assessment_shift,2017-08-17,-22,0.02585102617740631
2017-09-20,unemployment_assessment_shift,2017-08-18,-21,0.026599323377013206
2017-09-20,unemployment_assessment_shift,2017-08-21,-20,0.02589079737663269
2017-09-20,unemployment_assessment_shift,2017-08-22,-19,0.023930059745907784
2017-09-20,unemployment_assessment_shift,2017-08-23,-18,0.026863956823945045
2017-09-20,unemployment_assessment_shift,2017-08-24,-17,0.025381363928318024
2017-09-20,unemployment_assessment_shift,2017-08-25,-16,0.026431092992424965
2017-09-20,unemployment_assessment_shift,2017-08-28,-15,0.025278225541114807
2017-09-20,unemployment_assessment_shift,2017-08-29,-14,0.02968088909983635
2017-09-20,unemployment_assessment_shift,2017-08-30,-13,0.02634643018245697
2017-09-20,unemployment_assessment_shift,2017-08-31,-12,0.027429763227701187
2017-09-20,unemployment_assessment_shift,2017-09-01,-11,0.024762608110904694
2017-09-20,unemployment_assessment_shift,2017-09-05,-10,0.03069830872118473
2017-09-20,unemployment_assessment_shift,2017-09-06,-9,0.02867959998548031
2017-09-20,unemployment_assessment_shift,2017-09-07,-8,0.03215101361274719
2017-09-20,unemployment_assessment_shift,2017-09-08,-7,0.03515588864684105
2017-09-20,unemployment_assessment_shift,2017-09-11,-6,0.028547178953886032
2017-09-20,unemployment_assessment_shift,2017-09-12,-5,0.025978215038776398
2017-09-20,unemployment_assessment_shift,2017-09-13,-4,0.026607170701026917
2017-09-20,unemployment_assessment_shift,2017-09-14,-3,0.02588215097784996
2017-09-20,unemployment_assessment_shift,2017-09-15,-2,0.02630000002682209
2017-09-20,unemployment_assessment_shift,2017-09-18,-1,0.026537757366895676
2017-09-20,unemployment_assessment_shift,2017-09-19,0,0.026991330087184906
2017-09-20,labor_market_risk_shift,2017-07-27,-37,0.023966386914253235
2017-09-20,labor_market_risk_shift,2017-07-28,-36,0.021881934255361557
2017-09-20,labor_market_risk_shift,2017-07-31,-35,0.02256925217807293
2017-09-20,labor_market_risk_shift,2017-08-01,-34,0.02450329065322876
2017-09-20,labor_market_risk_shift,2017-08-02,-33,0.02441072277724743
2017-09-20,labor_market_risk_shift,2017-08-03,-32,0.025988871231675148
2017-09-20,labor_market_risk_shift,2017-08-04,-31,0.02432226575911045
2017-09-20,labor_market_risk_shift,2017-08-07,-30,0.02496732957661152
2017-09-20,labor_market_risk_shift,2017-08-08,-29,0.02458128333091736
2017-09-20,labor_market_risk_shift,2017-08-09,-28,0.02613827958703041
2017-09-20,labor_market_risk_shift,2017-08-10,-27,0.0252252034842968
2017-09-20,labor_market_risk_shift,2017-08-11,-26,0.026056090369820595
2017-09-20,labor_market_risk_shift,2017-08-14,-25,0.026727331802248955
2017-09-20,labor_market_risk_shift,2017-08-15,-24,0.023686736822128296
2017-09-20,labor_market_risk_shift,2017-08-16,-23,0.02389003336429596
2017-09-20,labor_market_risk_shift,2017-08-17,-22,0.025990918278694153
2017-09-20,labor_market_risk_shift,2017-08-18,-21,0.026965491473674774
2017-09-20,labor_market_risk_shift,2017-08-21,-20,0.025733722373843193
2017-09-20,labor_market_risk_shift,2017-08-22,-19,0.024809064343571663
2017-09-20,labor_market_risk_shift,2017-08-23,-18,0.026446446776390076
2017-09-20,labor_market_risk_shift,2017-08-24,-17,0.024877674877643585
2017-09-20,labor_market_risk_shift,2017-08-25,-16,0.025687284767627716
2017-09-20,labor_market_risk_shift,2017-08-28,-15,0.02502913773059845
2017-09-20,labor_market_risk_shift,2017-08-29,-14,0.029820933938026428
2017-09-20,labor_market_risk_shift,2017-08-30,-13,0.02642398327589035
2017-09-20,labor_market_risk_shift,2017-08-31,-12,0.026688406243920326
2017-09-20,labor_market_risk_shift,2017-09-01,-11,0.02515319734811783
2017-09-20,labor_market_risk_shift,2017-09-05,-10,0.030223120003938675
2017-09-20,labor_market_risk_shift,2017-09-06,-9,0.028477171435952187
2017-09-20,labor_market_risk_shift,2017-09-07,-8,0.03131314739584923
2017-09-20,labor_market_risk_shift,2017-09-08,-7,0.03612803667783737
2017-09-20,labor_market_risk_shift,2017-09-11,-6,0.029977276921272278
2017-09-20,labor_market_risk_shift,2017-09-12,-5,0.02734319493174553
2017-09-20,labor_market_risk_shift,2017-09-13,-4,0.027351828292012215
2017-09-20,labor_market_risk_shift,2017-09-14,-3,0.025940239429473877
2017-09-20,labor_market_risk_shift,2017-09-15,-2,0.026424750685691833
2017-09-20,labor_market_risk_shift,2017-09-18,-1,0.026602134108543396
2017-09-20,labor_market_risk_shift,2017-09-19,0,0.027677826583385468
2017-09-20,growth_activity_shift,2017-07-27,-37,0.024053921923041344
2017-09-20,growth_activity_shift,2017-07-28,-36,0.02362295798957348
2017-09-20,growth_activity_shift,2017-07-31,-35,0.022976547479629517
2017-09-20,growth_activity_shift,2017-08-01,-34,0.02520623430609703
2017-09-20,growth_activity_shift,2017-08-02,-33,0.023444965481758118
2017-09-20,growth_activity_shift,2017-08-03,-32,0.02692938596010208
2017-09-20,growth_activity_shift,2017-08-04,-31,0.02393958531320095
2017-09-20,growth_activity_shift,2017-08-07,-30,0.025257596746087074
2017-09-20,growth_activity_shift,2017-08-08,-29,0.02545819617807865
2017-09-20,growth_activity_shift,2017-08-09,-28,0.02871636487543583
2017-09-20,growth_activity_shift,2017-08-10,-27,0.02614660933613777
2017-09-20,growth_activity_shift,2017-08-11,-26,0.025555172935128212
2017-09-20,growth_activity_shift,2017-08-14,-25,0.02459339052438736
2017-09-20,growth_activity_shift,2017-08-15,-24,0.024660974740982056
2017-09-20,growth_activity_shift,2017-08-16,-23,0.02508721314370632
2017-09-20,growth_activity_shift,2017-08-17,-22,0.025549426674842834
2017-09-20,growth_activity_shift,2017-08-18,-21,0.026203036308288574
2017-09-20,growth_activity_shift,2017-08-21,-20,0.026123978197574615
2017-09-20,growth_activity_shift,2017-08-22,-19,0.023641079664230347
2017-09-20,growth_activity_shift,2017-08-23,-18,0.026945145800709724
2017-09-20,growth_activity_shift,2017-08-24,-17,0.02565239928662777
2017-09-20,growth_activity_shift,2017-08-25,-16,0.027019938454031944
2017-09-20,growth_activity_shift,2017-08-28,-15,0.02513718418776989
2017-09-20,growth_activity_shift,2017-08-29,-14,0.029334746301174164
2017-09-20,growth_activity_shift,2017-08-30,-13,0.02591472677886486
2017-09-20,growth_activity_shift,2017-08-31,-12,0.02648535743355751
2017-09-20,growth_activity_shift,2017-09-01,-11,0.024310044944286346
2017-09-20,growth_activity_shift,2017-09-05,-10,0.030273636803030968
2017-09-20,growth_activity_shift,2017-09-06,-9,0.02818099781870842
2017-09-20,growth_activity_shift,2017-09-07,-8,0.03262150660157204
2017-09-20,growth_activity_shift,2017-09-08,-7,0.03178767114877701
2017-09-20,growth_activity_shift,2017-09-11,-6,0.028335798531770706
2017-09-20,growth_activity_shift,2017-09-12,-5,0.025586571544408798
2017-09-20,growth_activity_shift,2017-09-13,-4,0.02696964330971241
2017-09-20,growth_activity_shift,2017-09-14,-3,0.02649247646331787
2017-09-20,growth_activity_shift,2017-09-15,-2,0.026705918833613396
2017-09-20,growth_activity_shift,2017-09-18,-1,0.027482014149427414
2017-09-20,growth_activity_shift,2017-09-19,0,0.027597548440098763
2017-09-20,financial_conditions_shift,2017-07-27,-37,0.025443686172366142
2017-09-20,financial_conditions_shift,2017-07-28,-36,0.02526777610182762
2017-09-20,financial_conditions_shift,2017-07-31,-35,0.02378837764263153
2017-09-20,financial_conditions_shift,2017-08-01,-34,0.025898238644003868
2017-09-20,financial_conditions_shift,2017-08-02,-33,0.023505989462137222
2017-09-20,financial_conditions_shift,2017-08-03,-32,0.0269191712141037
2017-09-20,financial_conditions_shift,2017-08-04,-31,0.02440055087208748
2017-09-20,financial_conditions_shift,2017-08-07,-30,0.0252846647053957
2017-09-20,financial_conditions_shift,2017-08-08,-29,0.025499291718006134
2017-09-20,financial_conditions_shift,2017-08-09,-28,0.028590939939022064
2017-09-20,financial_conditions_shift,2017-08-10,-27,0.026320938020944595
2017-09-20,financial_conditions_shift,2017-08-11,-26,0.025541409850120544
2017-09-20,financial_conditions_shift,2017-08-14,-25,0.024433284997940063
2017-09-20,financial_conditions_shift,2017-08-15,-24,0.02600233443081379
2017-09-20,financial_conditions_shift,2017-08-16,-23,0.02576879784464836
2017-09-20,financial_conditions_shift,2017-08-17,-22,0.02503485418856144
2017-09-20,financial_conditions_shift,2017-08-18,-21,0.02622262015938759
2017-09-20,financial_conditions_shift,2017-08-21,-20,0.026096133515238762
2017-09-20,financial_conditions_shift,2017-08-22,-19,0.023922687396407127
2017-09-20,financial_conditions_shift,2017-08-23,-18,0.02695770561695099
2017-09-20,financial_conditions_shift,2017-08-24,-17,0.02602115273475647
2017-09-20,financial_conditions_shift,2017-08-25,-16,0.027730481699109077
2017-09-20,financial_conditions_shift,2017-08-28,-15,0.02490004524588585
2017-09-20,financial_conditions_shift,2017-08-29,-14,0.028813565149903297
2017-09-20,financial_conditions_shift,2017-08-30,-13,0.025993656367063522
2017-09-20,financial_conditions_shift,2017-08-31,-12,0.026485124602913857
2017-09-20,financial_conditions_shift,2017-09-01,-11,0.024270227178931236
2017-09-20,financial_conditions_shift,2017-09-05,-10,0.02808273769915104
2017-09-20,financial_conditions_shift,2017-09-06,-9,0.02745010331273079
2017-09-20,financial_conditions_shift,2017-09-07,-8,0.032462771981954575
2017-09-20,financial_conditions_shift,2017-09-08,-7,0.029892994090914726
2017-09-20,financial_conditions_shift,2017-09-11,-6,0.0296542476862669
2017-09-20,financial_conditions_shift,2017-09-12,-5,0.026548748835921288
2017-09-20,financial_conditions_shift,2017-09-13,-4,0.026918979361653328
2017-09-20,financial_conditions_shift,2017-09-14,-3,0.02619435451924801
2017-09-20,financial_conditions_shift,2017-09-15,-2,0.0258300993591547
2017-09-20,financial_conditions_shift,2017-09-18,-1,0.026263676583766937
2017-09-20,financial_conditions_shift,2017-09-19,0,0.02558758109807968
2017-09-20,balance_sheet_policy_shift,2017-07-27,-37,0.024096019566059113
2017-09-20,balance_sheet_policy_shift,2017-07-28,-36,0.022280879318714142
2017-09-20,balance_sheet_policy_shift,2017-07-31,-35,0.023579172790050507
2017-09-20,balance_sheet_policy_shift,2017-08-01,-34,0.02474098838865757
2017-09-20,balance_sheet_policy_shift,2017-08-02,-33,0.02607506513595581
2017-09-20,balance_sheet_policy_shift,2017-08-03,-32,0.025582121685147285
2017-09-20,balance_sheet_policy_shift,2017-08-04,-31,0.025228096172213554
2017-09-20,balance_sheet_policy_shift,2017-08-07,-30,0.026223257184028625
2017-09-20,balance_sheet_policy_shift,2017-08-08,-29,0.024796873331069946
2017-09-20,balance_sheet_policy_shift,2017-08-09,-28,0.02509433962404728
2017-09-20,balance_sheet_policy_shift,2017-08-10,-27,0.025404702872037888
2017-09-20,balance_sheet_policy_shift,2017-08-11,-26,0.025994356721639633
2017-09-20,balance_sheet_policy_shift,2017-08-14,-25,0.027441121637821198
2017-09-20,balance_sheet_policy_shift,2017-08-15,-24,0.023017913103103638
2017-09-20,balance_sheet_policy_shift,2017-08-16,-23,0.023586586117744446
2017-09-20,balance_sheet_policy_shift,2017-08-17,-22,0.026781387627124786
2017-09-20,balance_sheet_policy_shift,2017-08-18,-21,0.026820801198482513
2017-09-20,balance_sheet_policy_shift,2017-08-21,-20,0.02580210566520691
2017-09-20,balance_sheet_policy_shift,2017-08-22,-19,0.02534962072968483
2017-09-20,balance_sheet_policy_shift,2017-08-23,-18,0.02595335617661476
2017-09-20,balance_sheet_policy_shift,2017-08-24,-17,0.02461203932762146
2017-09-20,balance_sheet_policy_shift,2017-08-25,-16,0.02484053745865822
2017-09-20,balance_sheet_policy_shift,2017-08-28,-15,0.025500981137156487
2017-09-20,balance_sheet_policy_shift,2017-08-29,-14,0.0279687587171793
2017-09-20,balance_sheet_policy_shift,2017-08-30,-13,0.025946766138076782
2017-09-20,balance_sheet_policy_shift,2017-08-31,-12,0.027740823104977608
2017-09-20,balance_sheet_policy_shift,2017-09-01,-11,0.025551963597536087
2017-09-20,balance_sheet_policy_shift,2017-09-05,-10,0.029374724254012108
2017-09-20,balance_sheet_policy_shift,2017-09-06,-9,0.02733670175075531
2017-09-20,balance_sheet_policy_shift,2017-09-07,-8,0.02781764045357704
2017-09-20,balance_sheet_policy_shift,2017-09-08,-7,0.03588980436325073
2017-09-20,balance_sheet_policy_shift,2017-09-11,-6,0.028664978221058846
2017-09-20,balance_sheet_policy_shift,2017-09-12,-5,0.02704830840229988
2017-09-20,balance_sheet_policy_shift,2017-09-13,-4,0.027186628431081772
2017-09-20,balance_sheet_policy_shift,2017-09-14,-3,0.026919521391391754
2017-09-20,balance_sheet_policy_shift,2017-09-15,-2,0.028208881616592407
2017-09-20,balance_sheet_policy_shift,2017-09-18,-1,0.02740844525396824
2017-09-20,balance_sheet_policy_shift,2017-09-19,0,0.028133759275078773
2017-09-20,risk_balance_shift,2017-07-27,-37,0.024127472192049026
2017-09-20,risk_balance_shift,2017-07-28,-36,0.024212893098592758
2017-09-20,risk_balance_shift,2017-07-31,-35,0.023200789466500282
2017-09-20,risk_balance_shift,2017-08-01,-34,0.025478096678853035
2017-09-20,risk_balance_shift,2017-08-02,-33,0.02333190105855465
2017-09-20,risk_balance_shift,2017-08-03,-32,0.0267572533339262
2017-09-20,risk_balance_shift,2017-08-04,-31,0.02393578365445137
2017-09-20,risk_balance_shift,2017-08-07,-30,0.02480575442314148
2017-09-20,risk_balance_shift,2017-08-08,-29,0.025624355301260948
2017-09-20,risk_balance_shift,2017-08-09,-28,0.029064347967505455
2017-09-20,risk_balance_shift,2017-08-10,-27,0.02660580351948738
2017-09-20,risk_balance_shift,2017-08-11,-26,0.025615841150283813
2017-09-20,risk_balance_shift,2017-08-14,-25,0.02443823218345642
2017-09-20,risk_balance_shift,2017-08-15,-24,0.02525535598397255
2017-09-20,risk_balance_shift,2017-08-16,-23,0.025524340569972992
2017-09-20,risk_balance_shift,2017-08-17,-22,0.02508389577269554
2017-09-20,risk_balance_shift,2017-08-18,-21,0.025853075087070465
2017-09-20,risk_balance_shift,2017-08-21,-20,0.026039117947220802
2017-09-20,risk_balance_shift,2017-08-22,-19,0.023828577250242233
2017-09-20,risk_balance_shift,2017-08-23,-18,0.027194369584321976
2017-09-20,risk_balance_shift,2017-08-24,-17,0.02593003213405609
2017-09-20,risk_balance_shift,2017-08-25,-16,0.027649782598018646
2017-09-20,risk_balance_shift,2017-08-28,-15,0.025418050587177277
2017-09-20,risk_balance_shift,2017-08-29,-14,0.029677655547857285
2017-09-20,risk_balance_shift,2017-08-30,-13,0.02608823962509632
2017-09-20,risk_balance_shift,2017-08-31,-12,0.02634251117706299
2017-09-20,risk_balance_shift,2017-09-01,-11,0.02443179488182068
2017-09-20,risk_balance_shift,2017-09-05,-10,0.029722342267632484
2017-09-20,risk_balance_shift,2017-09-06,-9,0.028258517384529114
2017-09-20,risk_balance_shift,2017-09-07,-8,0.03351952135562897
2017-09-20,risk_balance_shift,2017-09-08,-7,0.03159591183066368
2017-09-20,risk_balance_shift,2017-09-11,-6,0.0285167433321476
2017-09-20,risk_balance_shift,2017-09-12,-5,0.026067789644002914
2017-09-20,risk_balance_shift,2017-09-13,-4,0.02632874622941017
2017-09-20,risk_balance_shift,2017-09-14,-3,0.02571803703904152
2017-09-20,risk_balance_shift,2017-09-15,-2,0.025453289970755577
2017-09-20,risk_balance_shift,2017-09-18,-1,0.02641998790204525
2017-09-20,risk_balance_shift,2017-09-19,0,0.026883771643042564
2017-09-20,committee_dispersion,2017-07-27,-37,0.023671800270676613
2017-09-20,committee_dispersion,2017-07-28,-36,0.021774012595415115
2017-09-20,committee_dispersion,2017-07-31,-35,0.02270800992846489
2017-09-20,committee_dispersion,2017-08-01,-34,0.02472173422574997
2017-09-20,committee_dispersion,2017-08-02,-33,0.024993663653731346
2017-09-20,committee_dispersion,2017-08-03,-32,0.02579752542078495
2017-09-20,committee_dispersion,2017-08-04,-31,0.02449631877243519
2017-09-20,committee_dispersion,2017-08-07,-30,0.02542894147336483
2017-09-20,committee_dispersion,2017-08-08,-29,0.024581044912338257
2017-09-20,committee_dispersion,2017-08-09,-28,0.026160182431340218
2017-09-20,committee_dispersion,2017-08-10,-27,0.025335870683193207
2017-09-20,committee_dispersion,2017-08-11,-26,0.026238132268190384
2017-09-20,committee_dispersion,2017-08-14,-25,0.027023496106266975
2017-09-20,committee_dispersion,2017-08-15,-24,0.0229327455163002
2017-09-20,committee_dispersion,2017-08-16,-23,0.02364891581237316
2017-09-20,committee_dispersion,2017-08-17,-22,0.02605443075299263
2017-09-20,committee_dispersion,2017-08-18,-21,0.026819871738553047
2017-09-20,committee_dispersion,2017-08-21,-20,0.02547292225062847
2017-09-20,committee_dispersion,2017-08-22,-19,0.024561945348978043
2017-09-20,committee_dispersion,2017-08-23,-18,0.026605501770973206
2017-09-20,committee_dispersion,2017-08-24,-17,0.02445629984140396
2017-09-20,committee_dispersion,2017-08-25,-16,0.02512720599770546
2017-09-20,committee_dispersion,2017-08-28,-15,0.025116149336099625
2017-09-20,committee_dispersion,2017-08-29,-14,0.029152579605579376
2017-09-20,committee_dispersion,2017-08-30,-13,0.026103612035512924
2017-09-20,committee_dispersion,2017-08-31,-12,0.027080651372671127
2017-09-20,committee_dispersion,2017-09-01,-11,0.02516498602926731
2017-09-20,committee_dispersion,2017-09-05,-10,0.03075218014419079
2017-09-20,committee_dispersion,2017-09-06,-9,0.02796470746397972
2017-09-20,committee_dispersion,2017-09-07,-8,0.03047407604753971
2017-09-20,committee_dispersion,2017-09-08,-7,0.037077464163303375
2017-09-20,committee_dispersion,2017-09-11,-6,0.029530324041843414
2017-09-20,committee_dispersion,2017-09-12,-5,0.027328690513968468
2017-09-20,committee_dispersion,2017-09-13,-4,0.027382802218198776
2017-09-20,committee_dispersion,2017-09-14,-3,0.02650010958313942
2017-09-20,committee_dispersion,2017-09-15,-2,0.027110759168863297
2017-09-20,committee_dispersion,2017-09-18,-1,0.026854898780584335
2017-09-20,committee_dispersion,2017-09-19,0,0.027795420959591866
2017-09-20,policy_uncertainty,2017-07-27,-37,0.02604612708091736
2017-09-20,policy_uncertainty,2017-07-28,-36,0.026970118284225464
2017-09-20,policy_uncertainty,2017-07-31,-35,0.025351712480187416
2017-09-20,policy_uncertainty,2017-08-01,-34,0.0268162302672863
2017-09-20,policy_uncertainty,2017-08-02,-33,0.023795021697878838
2017-09-20,policy_uncertainty,2017-08-03,-32,0.027070647105574608
2017-09-20,policy_uncertainty,2017-08-04,-31,0.02489696443080902
2017-09-20,policy_uncertainty,2017-08-07,-30,0.02523988112807274
2017-09-20,policy_uncertainty,2017-08-08,-29,0.026413314044475555
2017-09-20,policy_uncertainty,2017-08-09,-28,0.02926568314433098
2017-09-20,policy_uncertainty,2017-08-10,-27,0.026443149894475937
2017-09-20,policy_uncertainty,2017-08-11,-26,0.025700291618704796
2017-09-20,policy_uncertainty,2017-08-14,-25,0.024325743317604065
2017-09-20,policy_uncertainty,2017-08-15,-24,0.02764870412647724
2017-09-20,policy_uncertainty,2017-08-16,-23,0.027360405772924423
2017-09-20,policy_uncertainty,2017-08-17,-22,0.024955522269010544
2017-09-20,policy_uncertainty,2017-08-18,-21,0.025485163554549217
2017-09-20,policy_uncertainty,2017-08-21,-20,0.026273097842931747
2017-09-20,policy_uncertainty,2017-08-22,-19,0.024669647216796875
2017-09-20,policy_uncertainty,2017-08-23,-18,0.027019638568162918
2017-09-20,policy_uncertainty,2017-08-24,-17,0.026694387197494507
2017-09-20,policy_uncertainty,2017-08-25,-16,0.027781350538134575
2017-09-20,policy_uncertainty,2017-08-28,-15,0.025485362857580185
2017-09-20,policy_uncertainty,2017-08-29,-14,0.027419567108154297
2017-09-20,policy_uncertainty,2017-08-30,-13,0.0258262287825346
2017-09-20,policy_uncertainty,2017-08-31,-12,0.024985400959849358
2017-09-20,policy_uncertainty,2017-09-01,-11,0.024978887289762497
2017-09-20,policy_uncertainty,2017-09-05,-10,0.02669385075569153
2017-09-20,policy_uncertainty,2017-09-06,-9,0.026587657630443573
2017-09-20,policy_uncertainty,2017-09-07,-8,0.03117155283689499
2017-09-20,policy_uncertainty,2017-09-08,-7,0.027229633182287216
2017-09-20,policy_uncertainty,2017-09-11,-6,0.029060417786240578
2017-09-20,policy_uncertainty,2017-09-12,-5,0.02663433738052845
2017-09-20,policy_uncertainty,2017-09-13,-4,0.026225561276078224
2017-09-20,policy_uncertainty,2017-09-14,-3,0.025757545605301857
2017-09-20,policy_uncertainty,2017-09-15,-2,0.024588875472545624
2017-09-20,policy_uncertainty,2017-09-18,-1,0.02560836263000965
2017-09-20,policy_uncertainty,2017-09-19,0,0.025523964315652847
2017-09-20,forward_guidance_strength,2017-07-27,-37,0.024060193449258804
2017-09-20,forward_guidance_strength,2017-07-28,-36,0.022147655487060547
2017-09-20,forward_guidance_strength,2017-07-31,-35,0.022748442366719246
2017-09-20,forward_guidance_strength,2017-08-01,-34,0.024418670684099197
2017-09-20,forward_guidance_strength,2017-08-02,-33,0.024848835542798042
2017-09-20,forward_guidance_strength,2017-08-03,-32,0.026209235191345215
2017-09-20,forward_guidance_strength,2017-08-04,-31,0.02460683323442936
2017-09-20,forward_guidance_strength,2017-08-07,-30,0.02561572566628456
2017-09-20,forward_guidance_strength,2017-08-08,-29,0.024641359224915504
2017-09-20,forward_guidance_strength,2017-08-09,-28,0.026122085750102997
2017-09-20,forward_guidance_strength,2017-08-10,-27,0.02558276057243347
2017-09-20,forward_guidance_strength,2017-08-11,-26,0.026074670255184174
2017-09-20,forward_guidance_strength,2017-08-14,-25,0.026617174968123436
2017-09-20,forward_guidance_strength,2017-08-15,-24,0.023557808250188828
2017-09-20,forward_guidance_strength,2017-08-16,-23,0.02378794178366661
2017-09-20,forward_guidance_strength,2017-08-17,-22,0.02627214789390564
2017-09-20,forward_guidance_strength,2017-08-18,-21,0.026723572984337807
2017-09-20,forward_guidance_strength,2017-08-21,-20,0.026148341596126556
2017-09-20,forward_guidance_strength,2017-08-22,-19,0.02505805715918541
2017-09-20,forward_guidance_strength,2017-08-23,-18,0.02647634595632553
2017-09-20,forward_guidance_strength,2017-08-24,-17,0.024892594665288925
2017-09-20,forward_guidance_strength,2017-08-25,-16,0.02552790939807892
2017-09-20,forward_guidance_strength,2017-08-28,-15,0.02503279410302639
2017-09-20,forward_guidance_strength,2017-08-29,-14,0.028890570625662804
2017-09-20,forward_guidance_strength,2017-08-30,-13,0.026042725890874863
2017-09-20,forward_guidance_strength,2017-08-31,-12,0.0272662453353405
2017-09-20,forward_guidance_strength,2017-09-01,-11,0.025117911398410797
2017-09-20,forward_guidance_strength,2017-09-05,-10,0.0301695354282856
2017-09-20,forward_guidance_strength,2017-09-06,-9,0.028158726170659065
2017-09-20,forward_guidance_strength,2017-09-07,-8,0.030624505132436752
2017-09-20,forward_guidance_strength,2017-09-08,-7,0.03587764874100685
2017-09-20,forward_guidance_strength,2017-09-11,-6,0.029153408482670784
2017-09-20,forward_guidance_strength,2017-09-12,-5,0.027222326025366783
2017-09-20,forward_guidance_strength,2017-09-13,-4,0.027254877611994743
2017-09-20,forward_guidance_strength,2017-09-14,-3,0.02607492357492447
2017-09-20,forward_guidance_strength,2017-09-15,-2,0.026815665885806084
2017-09-20,forward_guidance_strength,2017-09-18,-1,0.026550274342298508
2017-09-20,forward_guidance_strength,2017-09-19,0,0.027609510347247124
2017-11-01,rate_decision,2017-09-21,-27,0.039998821914196014
2017-11-01,rate_decision,2017-09-22,-26,0.03577316552400589
2017-11-01,rate_decision,2017-09-25,-25,0.03338493034243584
2017-11-01,rate_decision,2017-09-26,-24,0.03122781217098236
2017-11-01,rate_decision,2017-09-27,-23,0.03252739831805229
2017-11-01,rate_decision,2017-09-28,-22,0.033706262707710266
2017-11-01,rate_decision,2017-09-29,-21,0.03634984418749809
2017-11-01,rate_decision,2017-10-02,-20,0.03570638597011566
2017-11-01,rate_decision,2017-10-03,-19,0.035192567855119705
2017-11-01,rate_decision,2017-10-04,-18,0.03645770996809006
2017-11-01,rate_decision,2017-10-05,-17,0.03661604970693588
2017-11-01,rate_decision,2017-10-06,-16,0.03542604297399521
2017-11-01,rate_decision,2017-10-10,-15,0.03512991964817047
2017-11-01,rate_decision,2017-10-11,-14,0.03706412762403488
2017-11-01,rate_decision,2017-10-12,-13,0.03690873831510544
2017-11-01,rate_decision,2017-10-13,-12,0.037092600017786026
2017-11-01,rate_decision,2017-10-16,-11,0.035437941551208496
2017-11-01,rate_decision,2017-10-17,-10,0.036372046917676926
2017-11-01,rate_decision,2017-10-18,-9,0.03393348678946495
2017-11-01,rate_decision,2017-10-19,-8,0.0373387485742569
2017-11-01,rate_decision,2017-10-20,-7,0.035719435662031174
2017-11-01,rate_decision,2017-10-23,-6,0.03718417137861252
2017-11-01,rate_decision,2017-10-24,-5,0.035289466381073
2017-11-01,rate_decision,2017-10-25,-4,0.03703559190034866
2017-11-01,rate_decision,2017-10-26,-3,0.03649651259183884
2017-11-01,rate_decision,2017-10-27,-2,0.037332240492105484
2017-11-01,rate_decision,2017-10-30,-1,0.03517518192529678
2017-11-01,rate_decision,2017-10-31,0,0.03412283584475517
2017-11-01,current_policy_stance,2017-09-21,-27,0.03789697587490082
2017-11-01,current_policy_stance,2017-09-22,-26,0.034523360431194305
2017-11-01,current_policy_stance,2017-09-25,-25,0.035229917615652084
2017-11-01,current_policy_stance,2017-09-26,-24,0.036971986293792725
2017-11-01,current_policy_stance,2017-09-27,-23,0.03450540453195572
2017-11-01,current_policy_stance,2017-09-28,-22,0.037694357335567474
2017-11-01,current_policy_stance,2017-09-29,-21,0.0333874449133873
2017-11-01,current_policy_stance,2017-10-02,-20,0.03303931653499603
2017-11-01,current_policy_stance,2017-10-03,-19,0.035974062979221344
2017-11-01,current_policy_stance,2017-10-04,-18,0.037087805569171906
2017-11-01,current_policy_stance,2017-10-05,-17,0.033138494938611984
2017-11-01,current_policy_stance,2017-10-06,-16,0.03358948603272438
2017-11-01,current_policy_stance,2017-10-10,-15,0.03364304453134537
2017-11-01,current_policy_stance,2017-10-11,-14,0.037124089896678925
2017-11-01,current_policy_stance,2017-10-12,-13,0.035000115633010864
2017-11-01,current_policy_stance,2017-10-13,-12,0.0359366238117218
2017-11-01,current_policy_stance,2017-10-16,-11,0.033574461936950684
2017-11-01,current_policy_stance,2017-10-17,-10,0.03688064590096474
2017-11-01,current_policy_stance,2017-10-18,-9,0.03398037701845169
2017-11-01,current_policy_stance,2017-10-19,-8,0.03732936829328537
2017-11-01,current_policy_stance,2017-10-20,-7,0.03567691147327423
2017-11-01,current_policy_stance,2017-10-23,-6,0.0377708300948143
2017-11-01,current_policy_stance,2017-10-24,-5,0.03453322499990463
2017-11-01,current_policy_stance,2017-10-25,-4,0.03597624599933624
2017-11-01,current_policy_stance,2017-10-26,-3,0.03605135157704353
2017-11-01,current_policy_stance,2017-10-27,-2,0.037666428834199905
2017-11-01,current_policy_stance,2017-10-30,-1,0.038168810307979584
2017-11-01,current_policy_stance,2017-10-31,0,0.03764885291457176
2017-11-01,policy_stance_shift,2017-09-21,-27,0.039225984364748
2017-11-01,policy_stance_shift,2017-09-22,-26,0.03500610217452049
2017-11-01,policy_stance_shift,2017-09-25,-25,0.038747191429138184
2017-11-01,policy_stance_shift,2017-09-26,-24,0.043763019144535065
2017-11-01,policy_stance_shift,2017-09-27,-23,0.036582283675670624
2017-11-01,policy_stance_shift,2017-09-28,-22,0.0372890904545784
2017-11-01,policy_stance_shift,2017-09-29,-21,0.03397555649280548
2017-11-01,policy_stance_shift,2017-10-02,-20,0.03217428922653198
2017-11-01,policy_stance_shift,2017-10-03,-19,0.03298497945070267
2017-11-01,policy_stance_shift,2017-10-04,-18,0.036455973982810974
2017-11-01,policy_stance_shift,2017-10-05,-17,0.033548884093761444
2017-11-01,policy_stance_shift,2017-10-06,-16,0.032818377017974854
2017-11-01,policy_stance_shift,2017-10-10,-15,0.033377647399902344
2017-11-01,policy_stance_shift,2017-10-11,-14,0.03737863525748253
2017-11-01,policy_stance_shift,2017-10-12,-13,0.03574258089065552
2017-11-01,policy_stance_shift,2017-10-13,-12,0.03625971078872681
2017-11-01,policy_stance_shift,2017-10-16,-11,0.03719951584935188
2017-11-01,policy_stance_shift,2017-10-17,-10,0.035635702311992645
2017-11-01,policy_stance_shift,2017-10-18,-9,0.03407343477010727
2017-11-01,policy_stance_shift,2017-10-19,-8,0.035024676471948624
2017-11-01,policy_stance_shift,2017-10-20,-7,0.034630972892045975
2017-11-01,policy_stance_shift,2017-10-23,-6,0.0346304289996624
2017-11-01,policy_stance_shift,2017-10-24,-5,0.032903898507356644
2017-11-01,policy_stance_shift,2017-10-25,-4,0.03311637043952942
2017-11-01,policy_stance_shift,2017-10-26,-3,0.03285279870033264
2017-11-01,policy_stance_shift,2017-10-27,-2,0.03475295752286911
2017-11-01,policy_stance_shift,2017-10-30,-1,0.03881921246647835
2017-11-01,policy_stance_shift,2017-10-31,0,0.041029755026102066
2017-11-01,expected_rate_path_shift,2017-09-21,-27,0.04007219895720482
2017-11-01,expected_rate_path_shift,2017-09-22,-26,0.036057233810424805
2017-11-01,expected_rate_path_shift,2017-09-25,-25,0.04022965580224991
2017-11-01,expected_rate_path_shift,2017-09-26,-24,0.04606003686785698
2017-11-01,expected_rate_path_shift,2017-09-27,-23,0.037516891956329346
2017-11-01,expected_rate_path_shift,2017-09-28,-22,0.0363026037812233
2017-11-01,expected_rate_path_shift,2017-09-29,-21,0.03448725491762161
2017-11-01,expected_rate_path_shift,2017-10-02,-20,0.03290332853794098
2017-11-01,expected_rate_path_shift,2017-10-03,-19,0.032231882214546204
2017-11-01,expected_rate_path_shift,2017-10-04,-18,0.035456281155347824
2017-11-01,expected_rate_path_shift,2017-10-05,-17,0.034098848700523376
2017-11-01,expected_rate_path_shift,2017-10-06,-16,0.03376474231481552
2017-11-01,expected_rate_path_shift,2017-10-10,-15,0.033381130546331406
2017-11-01,expected_rate_path_shift,2017-10-11,-14,0.03801018372178078
2017-11-01,expected_rate_path_shift,2017-10-12,-13,0.03614950180053711
2017-11-01,expected_rate_path_shift,2017-10-13,-12,0.03630559518933296
2017-11-01,expected_rate_path_shift,2017-10-16,-11,0.036828964948654175
2017-11-01,expected_rate_path_shift,2017-10-17,-10,0.03505578637123108
2017-11-01,expected_rate_path_shift,2017-10-18,-9,0.033763717859983444
2017-11-01,expected_rate_path_shift,2017-10-19,-8,0.03445851057767868
2017-11-01,expected_rate_path_shift,2017-10-20,-7,0.034110087901353836
2017-11-01,expected_rate_path_shift,2017-10-23,-6,0.033859338611364365
2017-11-01,expected_rate_path_shift,2017-10-24,-5,0.032318536192178726
2017-11-01,expected_rate_path_shift,2017-10-25,-4,0.03193233162164688
2017-11-01,expected_rate_path_shift,2017-10-26,-3,0.03186437860131264
2017-11-01,expected_rate_path_shift,2017-10-27,-2,0.03392447158694267
2017-11-01,expected_rate_path_shift,2017-10-30,-1,0.03842131793498993
2017-11-01,expected_rate_path_shift,2017-10-31,0,0.04043515771627426
2017-11-01,inflation_assessment_shift,2017-09-21,-27,0.037645984441041946
2017-11-01,inflation_assessment_shift,2017-09-22,-26,0.03417993709445
2017-11-01,inflation_assessment_shift,2017-09-25,-25,0.03329090401530266
2017-11-01,inflation_assessment_shift,2017-09-26,-24,0.03453363850712776
2017-11-01,inflation_assessment_shift,2017-09-27,-23,0.03367575630545616
2017-11-01,inflation_assessment_shift,2017-09-28,-22,0.03712628036737442
2017-11-01,inflation_assessment_shift,2017-09-29,-21,0.03351500630378723
2017-11-01,inflation_assessment_shift,2017-10-02,-20,0.03360724449157715
2017-11-01,inflation_assessment_shift,2017-10-03,-19,0.03645932301878929
2017-11-01,inflation_assessment_shift,2017-10-04,-18,0.036533206701278687
2017-11-01,inflation_assessment_shift,2017-10-05,-17,0.033701881766319275
2017-11-01,inflation_assessment_shift,2017-10-06,-16,0.03363276273012161
2017-11-01,inflation_assessment_shift,2017-10-10,-15,0.03409908711910248
2017-11-01,inflation_assessment_shift,2017-10-11,-14,0.03719193860888481
2017-11-01,inflation_assessment_shift,2017-10-12,-13,0.03557337820529938
2017-11-01,inflation_assessment_shift,2017-10-13,-12,0.036108992993831635
2017-11-01,inflation_assessment_shift,2017-10-16,-11,0.03358658403158188
2017-11-01,inflation_assessment_shift,2017-10-17,-10,0.03739399462938309
2017-11-01,inflation_assessment_shift,2017-10-18,-9,0.034188318997621536
2017-11-01,inflation_assessment_shift,2017-10-19,-8,0.037189316004514694
2017-11-01,inflation_assessment_shift,2017-10-20,-7,0.035896290093660355
2017-11-01,inflation_assessment_shift,2017-10-23,-6,0.03809107840061188
2017-11-01,inflation_assessment_shift,2017-10-24,-5,0.03481300175189972
2017-11-01,inflation_assessment_shift,2017-10-25,-4,0.03707447648048401
2017-11-01,inflation_assessment_shift,2017-10-26,-3,0.037816084921360016
2017-11-01,inflation_assessment_shift,2017-10-27,-2,0.03860148414969444
2017-11-01,inflation_assessment_shift,2017-10-30,-1,0.037899695336818695
2017-11-01,inflation_assessment_shift,2017-10-31,0,0.03657437488436699
2017-11-01,inflation_risk_shift,2017-09-21,-27,0.03615175932645798
2017-11-01,inflation_risk_shift,2017-09-22,-26,0.033425237983465195
2017-11-01,inflation_risk_shift,2017-09-25,-25,0.03284626826643944
2017-11-01,inflation_risk_shift,2017-09-26,-24,0.03368161991238594
2017-11-01,inflation_risk_shift,2017-09-27,-23,0.033967889845371246
2017-11-01,inflation_risk_shift,2017-09-28,-22,0.03658180683851242
2017-11-01,inflation_risk_shift,2017-09-29,-21,0.034132711589336395
2017-11-01,inflation_risk_shift,2017-10-02,-20,0.0334828719496727
2017-11-01,inflation_risk_shift,2017-10-03,-19,0.036768555641174316
2017-11-01,inflation_risk_shift,2017-10-04,-18,0.036539532244205475
2017-11-01,inflation_risk_shift,2017-10-05,-17,0.03386937454342842
2017-11-01,inflation_risk_shift,2017-10-06,-16,0.03403449058532715
2017-11-01,inflation_risk_shift,2017-10-10,-15,0.034487344324588776
2017-11-01,inflation_risk_shift,2017-10-11,-14,0.037009622901678085
2017-11-01,inflation_risk_shift,2017-10-12,-13,0.03579792007803917
2017-11-01,inflation_risk_shift,2017-10-13,-12,0.03604557737708092
2017-11-01,inflation_risk_shift,2017-10-16,-11,0.03439714387059212
2017-11-01,inflation_risk_shift,2017-10-17,-10,0.03700733929872513
2017-11-01,inflation_risk_shift,2017-10-18,-9,0.03470586985349655
2017-11-01,inflation_risk_shift,2017-10-19,-8,0.037018246948719025
2017-11-01,inflation_risk_shift,2017-10-20,-7,0.03595505654811859
2017-11-01,inflation_risk_shift,2017-10-23,-6,0.03792385384440422
2017-11-01,inflation_risk_shift,2017-10-24,-5,0.035882722586393356
2017-11-01,inflation_risk_shift,2017-10-25,-4,0.03756900876760483
2017-11-01,inflation_risk_shift,2017-10-26,-3,0.038269415497779846
2017-11-01,inflation_risk_shift,2017-10-27,-2,0.038697853684425354
2017-11-01,inflation_risk_shift,2017-10-30,-1,0.03781810402870178
2017-11-01,inflation_risk_shift,2017-10-31,0,0.03593279421329498
2017-11-01,unemployment_assessment_shift,2017-09-21,-27,0.03973900154232979
2017-11-01,unemployment_assessment_shift,2017-09-22,-26,0.036878760904073715
2017-11-01,unemployment_assessment_shift,2017-09-25,-25,0.04175157845020294
2017-11-01,unemployment_assessment_shift,2017-09-26,-24,0.04799434915184975
2017-11-01,unemployment_assessment_shift,2017-09-27,-23,0.038255058228969574
2017-11-01,unemployment_assessment_shift,2017-09-28,-22,0.03646516799926758
2017-11-01,unemployment_assessment_shift,2017-09-29,-21,0.034665796905756
2017-11-01,unemployment_assessment_shift,2017-10-02,-20,0.03309643268585205
2017-11-01,unemployment_assessment_shift,2017-10-03,-19,0.03212131932377815
2017-11-01,unemployment_assessment_shift,2017-10-04,-18,0.035216204822063446
2017-11-01,unemployment_assessment_shift,2017-10-05,-17,0.034639306366443634
2017-11-01,unemployment_assessment_shift,2017-10-06,-16,0.033954184502363205
2017-11-01,unemployment_assessment_shift,2017-10-10,-15,0.0338125117123127
2017-11-01,unemployment_assessment_shift,2017-10-11,-14,0.03747106343507767
2017-11-01,unemployment_assessment_shift,2017-10-12,-13,0.03602935001254082
2017-11-01,unemployment_assessment_shift,2017-10-13,-12,0.03599390387535095
2017-11-01,unemployment_assessment_shift,2017-10-16,-11,0.0371122881770134
2017-11-01,unemployment_assessment_shift,2017-10-17,-10,0.03430034592747688
2017-11-01,unemployment_assessment_shift,2017-10-18,-9,0.03392250835895538
2017-11-01,unemployment_assessment_shift,2017-10-19,-8,0.03396468982100487
2017-11-01,unemployment_assessment_shift,2017-10-20,-7,0.03407493233680725
2017-11-01,unemployment_assessment_shift,2017-10-23,-6,0.03344660624861717
2017-11-01,unemployment_assessment_shift,2017-10-24,-5,0.03206241503357887
2017-11-01,unemployment_assessment_shift,2017-10-25,-4,0.031476955860853195
2017-11-01,unemployment_assessment_shift,2017-10-26,-3,0.0313175767660141
2017-11-01,unemployment_assessment_shift,2017-10-27,-2,0.033254168927669525
2017-11-01,unemployment_assessment_shift,2017-10-30,-1,0.03758277744054794
2017-11-01,unemployment_assessment_shift,2017-10-31,0,0.03940076008439064
2017-11-01,labor_market_risk_shift,2017-09-21,-27,0.03894369676709175
2017-11-01,labor_market_risk_shift,2017-09-22,-26,0.03638728708028793
2017-11-01,labor_market_risk_shift,2017-09-25,-25,0.04193539172410965
2017-11-01,labor_market_risk_shift,2017-09-26,-24,0.04883044213056564
2017-11-01,labor_market_risk_shift,2017-09-27,-23,0.03933405131101608
2017-11-01,labor_market_risk_shift,2017-09-28,-22,0.03715793788433075
2017-11-01,labor_market_risk_shift,2017-09-29,-21,0.035343483090400696
2017-11-01,labor_market_risk_shift,2017-10-02,-20,0.03299834206700325
2017-11-01,labor_market_risk_shift,2017-10-03,-19,0.03242822736501694
2017-11-01,labor_market_risk_shift,2017-10-04,-18,0.03576738387346268
2017-11-01,labor_market_risk_shift,2017-10-05,-17,0.03412754088640213
2017-11-01,labor_market_risk_shift,2017-10-06,-16,0.03428684547543526
2017-11-01,labor_market_risk_shift,2017-10-10,-15,0.03423592075705528
2017-11-01,labor_market_risk_shift,2017-10-11,-14,0.037075139582157135
2017-11-01,labor_market_risk_shift,2017-10-12,-13,0.03575648367404938
2017-11-01,labor_market_risk_shift,2017-10-13,-12,0.035385921597480774
2017-11-01,labor_market_risk_shift,2017-10-16,-11,0.037875112146139145
2017-11-01,labor_market_risk_shift,2017-10-17,-10,0.03365354612469673
2017-11-01,labor_market_risk_shift,2017-10-18,-9,0.034136172384023666
2017-11-01,labor_market_risk_shift,2017-10-19,-8,0.03344343230128288
2017-11-01,labor_market_risk_shift,2017-10-20,-7,0.03381122276186943
2017-11-01,labor_market_risk_shift,2017-10-23,-6,0.03292873501777649
2017-11-01,labor_market_risk_shift,2017-10-24,-5,0.0322771817445755
2017-11-01,labor_market_risk_shift,2017-10-25,-4,0.03099599853157997
2017-11-01,labor_market_risk_shift,2017-10-26,-3,0.030547618865966797
2017-11-01,labor_market_risk_shift,2017-10-27,-2,0.03261592239141464
2017-11-01,labor_market_risk_shift,2017-10-30,-1,0.037488628178834915
2017-11-01,labor_market_risk_shift,2017-10-31,0,0.0402323380112648
2017-11-01,growth_activity_shift,2017-09-21,-27,0.040793005377054214
2017-11-01,growth_activity_shift,2017-09-22,-26,0.036996182054281235
2017-11-01,growth_activity_shift,2017-09-25,-25,0.041033003479242325
2017-11-01,growth_activity_shift,2017-09-26,-24,0.04539823532104492
2017-11-01,growth_activity_shift,2017-09-27,-23,0.03722856938838959
2017-11-01,growth_activity_shift,2017-09-28,-22,0.03639233112335205
2017-11-01,growth_activity_shift,2017-09-29,-21,0.03453366830945015
2017-11-01,growth_activity_shift,2017-10-02,-20,0.033337052911520004
2017-11-01,growth_activity_shift,2017-10-03,-19,0.03270033746957779
2017-11-01,growth_activity_shift,2017-10-04,-18,0.03583903610706329
2017-11-01,growth_activity_shift,2017-10-05,-17,0.03414425626397133
2017-11-01,growth_activity_shift,2017-10-06,-16,0.03395313397049904
2017-11-01,growth_activity_shift,2017-10-10,-15,0.033985722810029984
2017-11-01,growth_activity_shift,2017-10-11,-14,0.03751971572637558
2017-11-01,growth_activity_shift,2017-10-12,-13,0.03571436181664467
2017-11-01,growth_activity_shift,2017-10-13,-12,0.03559529036283493
2017-11-01,growth_activity_shift,2017-10-16,-11,0.036089666187763214
2017-11-01,growth_activity_shift,2017-10-17,-10,0.03434676676988602
2017-11-01,growth_activity_shift,2017-10-18,-9,0.03352665901184082
2017-11-01,growth_activity_shift,2017-10-19,-8,0.03432328999042511
2017-11-01,growth_activity_shift,2017-10-20,-7,0.03418796509504318
2017-11-01,growth_activity_shift,2017-10-23,-6,0.03402244299650192
2017-11-01,growth_activity_shift,2017-10-24,-5,0.03230471536517143
2017-11-01,growth_activity_shift,2017-10-25,-4,0.0322377011179924
2017-11-01,growth_activity_shift,2017-10-26,-3,0.03199300915002823
2017-11-01,growth_activity_shift,2017-10-27,-2,0.03407948464155197
2017-11-01,growth_activity_shift,2017-10-30,-1,0.03809720277786255
2017-11-01,growth_activity_shift,2017-10-31,0,0.03962722793221474
2017-11-01,financial_conditions_shift,2017-09-21,-27,0.040749505162239075
2017-11-01,financial_conditions_shift,2017-09-22,-26,0.03578392043709755
2017-11-01,financial_conditions_shift,2017-09-25,-25,0.03763408586382866
2017-11-01,financial_conditions_shift,2017-09-26,-24,0.04130485653877258
2017-11-01,financial_conditions_shift,2017-09-27,-23,0.036833882331848145
2017-11-01,financial_conditions_shift,2017-09-28,-22,0.0367642417550087
2017-11-01,financial_conditions_shift,2017-09-29,-21,0.03473540395498276
2017-11-01,financial_conditions_shift,2017-10-02,-20,0.03382504731416702
2017-11-01,financial_conditions_shift,2017-10-03,-19,0.033258263021707535
2017-11-01,financial_conditions_shift,2017-10-04,-18,0.03625044226646423
2017-11-01,financial_conditions_shift,2017-10-05,-17,0.03452836722135544
2017-11-01,financial_conditions_shift,2017-10-06,-16,0.033830881118774414
2017-11-01,financial_conditions_shift,2017-10-10,-15,0.03302564471960068
2017-11-01,financial_conditions_shift,2017-10-11,-14,0.037668902426958084
2017-11-01,financial_conditions_shift,2017-10-12,-13,0.03533920645713806
2017-11-01,financial_conditions_shift,2017-10-13,-12,0.035221878439188004
2017-11-01,financial_conditions_shift,2017-10-16,-11,0.03552422672510147
2017-11-01,financial_conditions_shift,2017-10-17,-10,0.035328883677721024
2017-11-01,financial_conditions_shift,2017-10-18,-9,0.03379618376493454
2017-11-01,financial_conditions_shift,2017-10-19,-8,0.03508812561631203
2017-11-01,financial_conditions_shift,2017-10-20,-7,0.03513927385210991
2017-11-01,financial_conditions_shift,2017-10-23,-6,0.03535411134362221
2017-11-01,financial_conditions_shift,2017-10-24,-5,0.033449817448854446
2017-11-01,financial_conditions_shift,2017-10-25,-4,0.03375496342778206
2017-11-01,financial_conditions_shift,2017-10-26,-3,0.03359508514404297
2017-11-01,financial_conditions_shift,2017-10-27,-2,0.03505631908774376
2017-11-01,financial_conditions_shift,2017-10-30,-1,0.037063442170619965
2017-11-01,financial_conditions_shift,2017-10-31,0,0.040095001459121704
2017-11-01,balance_sheet_policy_shift,2017-09-21,-27,0.03976811468601227
2017-11-01,balance_sheet_policy_shift,2017-09-22,-26,0.03608290106058121
2017-11-01,balance_sheet_policy_shift,2017-09-25,-25,0.03989114239811897
2017-11-01,balance_sheet_policy_shift,2017-09-26,-24,0.04416946694254875
2017-11-01,balance_sheet_policy_shift,2017-09-27,-23,0.03637347370386124
2017-11-01,balance_sheet_policy_shift,2017-09-28,-22,0.036742858588695526
2017-11-01,balance_sheet_policy_shift,2017-09-29,-21,0.03374878689646721
2017-11-01,balance_sheet_policy_shift,2017-10-02,-20,0.033167943358421326
2017-11-01,balance_sheet_policy_shift,2017-10-03,-19,0.033095382153987885
2017-11-01,balance_sheet_policy_shift,2017-10-04,-18,0.03580035641789436
2017-11-01,balance_sheet_policy_shift,2017-10-05,-17,0.03412415459752083
2017-11-01,balance_sheet_policy_shift,2017-10-06,-16,0.03361794352531433
2017-11-01,balance_sheet_policy_shift,2017-10-10,-15,0.03363814577460289
2017-11-01,balance_sheet_policy_shift,2017-10-11,-14,0.03782296180725098
2017-11-01,balance_sheet_policy_shift,2017-10-12,-13,0.035811424255371094
2017-11-01,balance_sheet_policy_shift,2017-10-13,-12,0.03667956590652466
2017-11-01,balance_sheet_policy_shift,2017-10-16,-11,0.03616400063037872
2017-11-01,balance_sheet_policy_shift,2017-10-17,-10,0.035238854587078094
2017-11-01,balance_sheet_policy_shift,2017-10-18,-9,0.03359750658273697
2017-11-01,balance_sheet_policy_shift,2017-10-19,-8,0.0352027490735054
2017-11-01,balance_sheet_policy_shift,2017-10-20,-7,0.034212078899145126
2017-11-01,balance_sheet_policy_shift,2017-10-23,-6,0.03481359779834747
2017-11-01,balance_sheet_policy_shift,2017-10-24,-5,0.03243980556726456
2017-11-01,balance_sheet_policy_shift,2017-10-25,-4,0.03248104453086853
2017-11-01,balance_sheet_policy_shift,2017-10-26,-3,0.032401423901319504
2017-11-01,balance_sheet_policy_shift,2017-10-27,-2,0.03464056923985481
2017-11-01,balance_sheet_policy_shift,2017-10-30,-1,0.038683779537677765
2017-11-01,balance_sheet_policy_shift,2017-10-31,0,0.03958997130393982
2017-11-01,risk_balance_shift,2017-09-21,-27,0.03954179584980011
2017-11-01,risk_balance_shift,2017-09-22,-26,0.03526303544640541
2017-11-01,risk_balance_shift,2017-09-25,-25,0.03667366877198219
2017-11-01,risk_balance_shift,2017-09-26,-24,0.03817146271467209
2017-11-01,risk_balance_shift,2017-09-27,-23,0.03463266044855118
2017-11-01,risk_balance_shift,2017-09-28,-22,0.03654026985168457
2017-11-01,risk_balance_shift,2017-09-29,-21,0.033111244440078735
2017-11-01,risk_balance_shift,2017-10-02,-20,0.032575834542512894
2017-11-01,risk_balance_shift,2017-10-03,-19,0.034894250333309174
2017-11-01,risk_balance_shift,2017-10-04,-18,0.036749329417943954
2017-11-01,risk_balance_shift,2017-10-05,-17,0.03354831784963608
2017-11-01,risk_balance_shift,2017-10-06,-16,0.033794716000556946
2017-11-01,risk_balance_shift,2017-10-10,-15,0.03417126089334488
2017-11-01,risk_balance_shift,2017-10-11,-14,0.03829086571931839
2017-11-01,risk_balance_shift,2017-10-12,-13,0.036128781735897064
2017-11-01,risk_balance_shift,2017-10-13,-12,0.036373525857925415
2017-11-01,risk_balance_shift,2017-10-16,-11,0.03502309322357178
2017-11-01,risk_balance_shift,2017-10-17,-10,0.03612281754612923
2017-11-01,risk_balance_shift,2017-10-18,-9,0.033726997673511505
2017-11-01,risk_balance_shift,2017-10-19,-8,0.03596387803554535
2017-11-01,risk_balance_shift,2017-10-20,-7,0.035060882568359375
2017-11-01,risk_balance_shift,2017-10-23,-6,0.036326177418231964
2017-11-01,risk_balance_shift,2017-10-24,-5,0.03348427638411522
2017-11-01,risk_balance_shift,2017-10-25,-4,0.034627947956323624
2017-11-01,risk_balance_shift,2017-10-26,-3,0.0352153405547142
2017-11-01,risk_balance_shift,2017-10-27,-2,0.03704795241355896
2017-11-01,risk_balance_shift,2017-10-30,-1,0.03884505853056908
2017-11-01,risk_balance_shift,2017-10-31,0,0.03809455409646034
2017-11-01,committee_dispersion,2017-09-21,-27,0.03878272324800491
2017-11-01,committee_dispersion,2017-09-22,-26,0.03722488135099411
2017-11-01,committee_dispersion,2017-09-25,-25,0.04308352991938591
2017-11-01,committee_dispersion,2017-09-26,-24,0.04991018772125244
2017-11-01,committee_dispersion,2017-09-27,-23,0.03929824009537697
2017-11-01,committee_dispersion,2017-09-28,-22,0.03637856990098953
2017-11-01,committee_dispersion,2017-09-29,-21,0.03597941994667053
2017-11-01,committee_dispersion,2017-10-02,-20,0.03381802514195442
2017-11-01,committee_dispersion,2017-10-03,-19,0.03234861046075821
2017-11-01,committee_dispersion,2017-10-04,-18,0.035273727029561996
2017-11-01,committee_dispersion,2017-10-05,-17,0.03506183624267578
2017-11-01,committee_dispersion,2017-10-06,-16,0.034356772899627686
2017-11-01,committee_dispersion,2017-10-10,-15,0.03453308343887329
2017-11-01,committee_dispersion,2017-10-11,-14,0.03621380031108856
2017-11-01,committee_dispersion,2017-10-12,-13,0.03563820943236351
2017-11-01,committee_dispersion,2017-10-13,-12,0.03533338010311127
2017-11-01,committee_dispersion,2017-10-16,-11,0.0376787930727005
2017-11-01,committee_dispersion,2017-10-17,-10,0.03306540101766586
2017-11-01,committee_dispersion,2017-10-18,-9,0.03408240154385567
2017-11-01,committee_dispersion,2017-10-19,-8,0.03345508500933647
2017-11-01,committee_dispersion,2017-10-20,-7,0.03331724554300308
2017-11-01,committee_dispersion,2017-10-23,-6,0.032632727175951004
2017-11-01,committee_dispersion,2017-10-24,-5,0.03249099850654602
2017-11-01,committee_dispersion,2017-10-25,-4,0.03131534531712532
2017-11-01,committee_dispersion,2017-10-26,-3,0.030525904148817062
2017-11-01,committee_dispersion,2017-10-27,-2,0.03251653164625168
2017-11-01,committee_dispersion,2017-10-30,-1,0.036824923008680344
2017-11-01,committee_dispersion,2017-10-31,0,0.038859616965055466
2017-11-01,policy_uncertainty,2017-09-21,-27,0.03918219357728958
2017-11-01,policy_uncertainty,2017-09-22,-26,0.034826938062906265
2017-11-01,policy_uncertainty,2017-09-25,-25,0.03687259554862976
2017-11-01,policy_uncertainty,2017-09-26,-24,0.04069288820028305
2017-11-01,policy_uncertainty,2017-09-27,-23,0.035739436745643616
2017-11-01,policy_uncertainty,2017-09-28,-22,0.03834400698542595
2017-11-01,policy_uncertainty,2017-09-29,-21,0.0333549827337265
2017-11-01,policy_uncertainty,2017-10-02,-20,0.03278634697198868
2017-11-01,policy_uncertainty,2017-10-03,-19,0.03472423180937767
2017-11-01,policy_uncertainty,2017-10-04,-18,0.03642173111438751
2017-11-01,policy_uncertainty,2017-10-05,-17,0.03281301632523537
2017-11-01,policy_uncertainty,2017-10-06,-16,0.03338378667831421
2017-11-01,policy_uncertainty,2017-10-10,-15,0.033877432346343994
2017-11-01,policy_uncertainty,2017-10-11,-14,0.03744196891784668
2017-11-01,policy_uncertainty,2017-10-12,-13,0.03537159413099289
2017-11-01,policy_uncertainty,2017-10-13,-12,0.03621832653880119
2017-11-01,policy_uncertainty,2017-10-16,-11,0.034936320036649704
2017-11-01,policy_uncertainty,2017-10-17,-10,0.0367901474237442
2017-11-01,policy_uncertainty,2017-10-18,-9,0.03407660126686096
2017-11-01,policy_uncertainty,2017-10-19,-8,0.03637165203690529
2017-11-01,policy_uncertainty,2017-10-20,-7,0.03482934087514877
2017-11-01,policy_uncertainty,2017-10-23,-6,0.03651365637779236
2017-11-01,policy_uncertainty,2017-10-24,-5,0.03351164609193802
2017-11-01,policy_uncertainty,2017-10-25,-4,0.034597571939229965
2017-11-01,policy_uncertainty,2017-10-26,-3,0.034178636968135834
2017-11-01,policy_uncertainty,2017-10-27,-2,0.03600461035966873
2017-11-01,policy_uncertainty,2017-10-30,-1,0.03758615255355835
2017-11-01,policy_uncertainty,2017-10-31,0,0.03855219855904579
2017-11-01,forward_guidance_strength,2017-09-21,-27,0.039548732340335846
2017-11-01,forward_guidance_strength,2017-09-22,-26,0.03631807491183281
2017-11-01,forward_guidance_strength,2017-09-25,-25,0.04084493964910507
2017-11-01,forward_guidance_strength,2017-09-26,-24,0.04661330208182335
2017-11-01,forward_guidance_strength,2017-09-27,-23,0.03820723667740822
2017-11-01,forward_guidance_strength,2017-09-28,-22,0.03778138384222984
2017-11-01,forward_guidance_strength,2017-09-29,-21,0.03519068658351898
2017-11-01,forward_guidance_strength,2017-10-02,-20,0.032880160957574844
2017-11-01,forward_guidance_strength,2017-10-03,-19,0.03240235894918442
2017-11-01,forward_guidance_strength,2017-10-04,-18,0.03560643643140793
2017-11-01,forward_guidance_strength,2017-10-05,-17,0.03386617451906204
2017-11-01,forward_guidance_strength,2017-10-06,-16,0.03391532227396965
2017-11-01,forward_guidance_strength,2017-10-10,-15,0.03373773396015167
2017-11-01,forward_guidance_strength,2017-10-11,-14,0.03724442422389984
2017-11-01,forward_guidance_strength,2017-10-12,-13,0.03569915518164635
2017-11-01,forward_guidance_strength,2017-10-13,-12,0.035971276462078094
2017-11-01,forward_guidance_strength,2017-10-16,-11,0.037329625338315964
2017-11-01,forward_guidance_strength,2017-10-17,-10,0.034828778356313705
2017-11-01,forward_guidance_strength,2017-10-18,-9,0.034467361867427826
2017-11-01,forward_guidance_strength,2017-10-19,-8,0.03433055803179741
2017-11-01,forward_guidance_strength,2017-10-20,-7,0.03446377441287041
2017-11-01,forward_guidance_strength,2017-10-23,-6,0.03375907242298126
2017-11-01,forward_guidance_strength,2017-10-24,-5,0.032231468707323074
2017-11-01,forward_guidance_strength,2017-10-25,-4,0.031359538435935974
2017-11-01,forward_guidance_strength,2017-10-26,-3,0.031231537461280823
2017-11-01,forward_guidance_strength,2017-10-27,-2,0.03299866244196892
2017-11-01,forward_guidance_strength,2017-10-30,-1,0.037323929369449615
2017-11-01,forward_guidance_strength,2017-10-31,0,0.03984832763671875
2017-12-13,rate_decision,2017-11-02,-27,0.04090084880590439
2017-12-13,rate_decision,2017-11-03,-26,0.03931475430727005
2017-12-13,rate_decision,2017-11-06,-25,0.03847675397992134
2017-12-13,rate_decision,2017-11-07,-24,0.037745192646980286
2017-12-13,rate_decision,2017-11-08,-23,0.03689990192651749
2017-12-13,rate_decision,2017-11-09,-22,0.03762451559305191
2017-12-13,rate_decision,2017-11-10,-21,0.038535986095666885
2017-12-13,rate_decision,2017-11-13,-20,0.03688080608844757
2017-12-13,rate_decision,2017-11-14,-19,0.036591459065675735
2017-12-13,rate_decision,2017-11-15,-18,0.038565050810575485
2017-12-13,rate_decision,2017-11-16,-17,0.03614131361246109
2017-12-13,rate_decision,2017-11-17,-16,0.03881235793232918
2017-12-13,rate_decision,2017-11-20,-15,0.03709515929222107
2017-12-13,rate_decision,2017-11-21,-14,0.036464985460042953
2017-12-13,rate_decision,2017-11-22,-13,0.03424154222011566
2017-12-13,rate_decision,2017-11-24,-12,0.03309832140803337
2017-12-13,rate_decision,2017-11-27,-11,0.031789060682058334
2017-12-13,rate_decision,2017-11-28,-10,0.029226038604974747
2017-12-13,rate_decision,2017-11-29,-9,0.03197530657052994
2017-12-13,rate_decision,2017-11-30,-8,0.030969765037298203
2017-12-13,rate_decision,2017-12-01,-7,0.03653877228498459
2017-12-13,rate_decision,2017-12-04,-6,0.03377886116504669
2017-12-13,rate_decision,2017-12-05,-5,0.035503972321748734
2017-12-13,rate_decision,2017-12-06,-4,0.034311726689338684
2017-12-13,rate_decision,2017-12-07,-3,0.03519682213664055
2017-12-13,rate_decision,2017-12-08,-2,0.03679022192955017
2017-12-13,rate_decision,2017-12-11,-1,0.03423859179019928
2017-12-13,rate_decision,2017-12-12,0,0.032291896641254425
2017-12-13,current_policy_stance,2017-11-02,-27,0.04167705401778221
2017-12-13,current_policy_stance,2017-11-03,-26,0.036375775933265686
2017-12-13,current_policy_stance,2017-11-06,-25,0.037272047251462936
2017-12-13,current_policy_stance,2017-11-07,-24,0.037986427545547485
2017-12-13,current_policy_stance,2017-11-08,-23,0.03585423156619072
2017-12-13,current_policy_stance,2017-11-09,-22,0.037499457597732544
2017-12-13,current_policy_stance,2017-11-10,-21,0.03606601804494858
2017-12-13,current_policy_stance,2017-11-13,-20,0.03267761319875717
2017-12-13,current_policy_stance,2017-11-14,-19,0.03299276903271675
2017-12-13,current_policy_stance,2017-11-15,-18,0.03788364306092262
2017-12-13,current_policy_stance,2017-11-16,-17,0.0353429839015007
2017-12-13,current_policy_stance,2017-11-17,-16,0.03640490770339966
2017-12-13,current_policy_stance,2017-11-20,-15,0.0351870059967041
2017-12-13,current_policy_stance,2017-11-21,-14,0.03548306226730347
2017-12-13,current_policy_stance,2017-11-22,-13,0.03429418429732323
2017-12-13,current_policy_stance,2017-11-24,-12,0.03458947688341141
2017-12-13,current_policy_stance,2017-11-27,-11,0.03413346782326698
2017-12-13,current_policy_stance,2017-11-28,-10,0.0345115102827549
2017-12-13,current_policy_stance,2017-11-29,-9,0.033883605152368546
2017-12-13,current_policy_stance,2017-11-30,-8,0.0313304141163826
2017-12-13,current_policy_stance,2017-12-01,-7,0.0352095365524292
2017-12-13,current_policy_stance,2017-12-04,-6,0.03362726420164108
2017-12-13,current_policy_stance,2017-12-05,-5,0.03507912531495094
2017-12-13,current_policy_stance,2017-12-06,-4,0.03420209884643555
2017-12-13,current_policy_stance,2017-12-07,-3,0.039364293217659
2017-12-13,current_policy_stance,2017-12-08,-2,0.03785725310444832
2017-12-13,current_policy_stance,2017-12-11,-1,0.03560763597488403
2017-12-13,current_policy_stance,2017-12-12,0,0.03760712593793869
2017-12-13,policy_stance_shift,2017-11-02,-27,0.04020491987466812
2017-12-13,policy_stance_shift,2017-11-03,-26,0.036810729652643204
2017-12-13,policy_stance_shift,2017-11-06,-25,0.03707402944564819
2017-12-13,policy_stance_shift,2017-11-07,-24,0.037254881113767624
2017-12-13,policy_stance_shift,2017-11-08,-23,0.03635106235742569
2017-12-13,policy_stance_shift,2017-11-09,-22,0.03698097914457321
2017-12-13,policy_stance_shift,2017-11-10,-21,0.03604048490524292
2017-12-13,policy_stance_shift,2017-11-13,-20,0.032582614570856094
2017-12-13,policy_stance_shift,2017-11-14,-19,0.0325167216360569
2017-12-13,policy_stance_shift,2017-11-15,-18,0.03707435727119446
2017-12-13,policy_stance_shift,2017-11-16,-17,0.03617008030414581
2017-12-13,policy_stance_shift,2017-11-17,-16,0.03629356995224953
2017-12-13,policy_stance_shift,2017-11-20,-15,0.03582272306084633
2017-12-13,policy_stance_shift,2017-11-21,-14,0.03567967563867569
2017-12-13,policy_stance_shift,2017-11-22,-13,0.034271303564310074
2017-12-13,policy_stance_shift,2017-11-24,-12,0.035064131021499634
2017-12-13,policy_stance_shift,2017-11-27,-11,0.03486059606075287
2017-12-13,policy_stance_shift,2017-11-28,-10,0.03493953496217728
2017-12-13,policy_stance_shift,2017-11-29,-9,0.03471454977989197
2017-12-13,policy_stance_shift,2017-11-30,-8,0.03175787627696991
2017-12-13,policy_stance_shift,2017-12-01,-7,0.03481709584593773
2017-12-13,policy_stance_shift,2017-12-04,-6,0.03410985693335533
2017-12-13,policy_stance_shift,2017-12-05,-5,0.03434629365801811
2017-12-13,policy_stance_shift,2017-12-06,-4,0.034209318459033966
2017-12-13,policy_stance_shift,2017-12-07,-3,0.039663322269916534
2017-12-13,policy_stance_shift,2017-12-08,-2,0.037106722593307495
2017-12-13,policy_stance_shift,2017-12-11,-1,0.03630772978067398
2017-12-13,policy_stance_shift,2017-12-12,0,0.03697483241558075
2017-12-13,expected_rate_path_shift,2017-11-02,-27,0.042147353291511536
2017-12-13,expected_rate_path_shift,2017-11-03,-26,0.03713276609778404
2017-12-13,expected_rate_path_shift,2017-11-06,-25,0.038224026560783386
2017-12-13,expected_rate_path_shift,2017-11-07,-24,0.038729336112737656
2017-12-13,expected_rate_path_shift,2017-11-08,-23,0.03530450165271759
2017-12-13,expected_rate_path_shift,2017-11-09,-22,0.03725207597017288
2017-12-13,expected_rate_path_shift,2017-11-10,-21,0.03602217882871628
2017-12-13,expected_rate_path_shift,2017-11-13,-20,0.03353986516594887
2017-12-13,expected_rate_path_shift,2017-11-14,-19,0.03327729552984238
2017-12-13,expected_rate_path_shift,2017-11-15,-18,0.037698764353990555
2017-12-13,expected_rate_path_shift,2017-11-16,-17,0.03551110252737999
2017-12-13,expected_rate_path_shift,2017-11-17,-16,0.036248430609703064
2017-12-13,expected_rate_path_shift,2017-11-20,-15,0.034973759204149246
2017-12-13,expected_rate_path_shift,2017-11-21,-14,0.03587982803583145
2017-12-13,expected_rate_path_shift,2017-11-22,-13,0.03461099788546562
2017-12-13,expected_rate_path_shift,2017-11-24,-12,0.034950222820043564
2017-12-13,expected_rate_path_shift,2017-11-27,-11,0.033929627388715744
2017-12-13,expected_rate_path_shift,2017-11-28,-10,0.033909011632204056
2017-12-13,expected_rate_path_shift,2017-11-29,-9,0.034425850957632065
2017-12-13,expected_rate_path_shift,2017-11-30,-8,0.03169712424278259
2017-12-13,expected_rate_path_shift,2017-12-01,-7,0.03572646528482437
2017-12-13,expected_rate_path_shift,2017-12-04,-6,0.03377614915370941
2017-12-13,expected_rate_path_shift,2017-12-05,-5,0.035044219344854355
2017-12-13,expected_rate_path_shift,2017-12-06,-4,0.033004775643348694
2017-12-13,expected_rate_path_shift,2017-12-07,-3,0.03857038542628288
2017-12-13,expected_rate_path_shift,2017-12-08,-2,0.037276361137628555
2017-12-13,expected_rate_path_shift,2017-12-11,-1,0.0334642119705677
2017-12-13,expected_rate_path_shift,2017-12-12,0,0.03767330199480057
2017-12-13,inflation_assessment_shift,2017-11-02,-27,0.04318983852863312
2017-12-13,inflation_assessment_shift,2017-11-03,-26,0.03629226237535477
2017-12-13,inflation_assessment_shift,2017-11-06,-25,0.03817782178521156
2017-12-13,inflation_assessment_shift,2017-11-07,-24,0.0390382744371891
2017-12-13,inflation_assessment_shift,2017-11-08,-23,0.034426599740982056
2017-12-13,inflation_assessment_shift,2017-11-09,-22,0.03745391592383385
2017-12-13,inflation_assessment_shift,2017-11-10,-21,0.03494351729750633
2017-12-13,inflation_assessment_shift,2017-11-13,-20,0.03403932601213455
2017-12-13,inflation_assessment_shift,2017-11-14,-19,0.0344817191362381
2017-12-13,inflation_assessment_shift,2017-11-15,-18,0.037568919360637665
2017-12-13,inflation_assessment_shift,2017-11-16,-17,0.033849332481622696
2017-12-13,inflation_assessment_shift,2017-11-17,-16,0.03667574003338814
2017-12-13,inflation_assessment_shift,2017-11-20,-15,0.03404268994927406
2017-12-13,inflation_assessment_shift,2017-11-21,-14,0.03560563549399376
2017-12-13,inflation_assessment_shift,2017-11-22,-13,0.035131774842739105
2017-12-13,inflation_assessment_shift,2017-11-24,-12,0.03467279300093651
2017-12-13,inflation_assessment_shift,2017-11-27,-11,0.03421419858932495
2017-12-13,inflation_assessment_shift,2017-11-28,-10,0.03388246148824692
2017-12-13,inflation_assessment_shift,2017-11-29,-9,0.03465031832456589
2017-12-13,inflation_assessment_shift,2017-11-30,-8,0.032263752073049545
2017-12-13,inflation_assessment_shift,2017-12-01,-7,0.036376047879457474
2017-12-13,inflation_assessment_shift,2017-12-04,-6,0.03318452090024948
2017-12-13,inflation_assessment_shift,2017-12-05,-5,0.035796985030174255
2017-12-13,inflation_assessment_shift,2017-12-06,-4,0.03342217579483986
2017-12-13,inflation_assessment_shift,2017-12-07,-3,0.03776313364505768
2017-12-13,inflation_assessment_shift,2017-12-08,-2,0.037406519055366516
2017-12-13,inflation_assessment_shift,2017-12-11,-1,0.032380297780036926
2017-12-13,inflation_assessment_shift,2017-12-12,0,0.03906941041350365
2017-12-13,inflation_risk_shift,2017-11-02,-27,0.04155770316720009
2017-12-13,inflation_risk_shift,2017-11-03,-26,0.03604278340935707
2017-12-13,inflation_risk_shift,2017-11-06,-25,0.03759848698973656
2017-12-13,inflation_risk_shift,2017-11-07,-24,0.0385034903883934
2017-12-13,inflation_risk_shift,2017-11-08,-23,0.03408297523856163
2017-12-13,inflation_risk_shift,2017-11-09,-22,0.036640048027038574
2017-12-13,inflation_risk_shift,2017-11-10,-21,0.035056084394454956
2017-12-13,inflation_risk_shift,2017-11-13,-20,0.03546447306871414
2017-12-13,inflation_risk_shift,2017-11-14,-19,0.03548040986061096
2017-12-13,inflation_risk_shift,2017-11-15,-18,0.03682013973593712
2017-12-13,inflation_risk_shift,2017-11-16,-17,0.03390512987971306
2017-12-13,inflation_risk_shift,2017-11-17,-16,0.03636178374290466
2017-12-13,inflation_risk_shift,2017-11-20,-15,0.034127745777368546
2017-12-13,inflation_risk_shift,2017-11-21,-14,0.035621970891952515
2017-12-13,inflation_risk_shift,2017-11-22,-13,0.035410262644290924
2017-12-13,inflation_risk_shift,2017-11-24,-12,0.035397790372371674
2017-12-13,inflation_risk_shift,2017-11-27,-11,0.034515783190727234
2017-12-13,inflation_risk_shift,2017-11-28,-10,0.03455650061368942
2017-12-13,inflation_risk_shift,2017-11-29,-9,0.03556789085268974
2017-12-13,inflation_risk_shift,2017-11-30,-8,0.033179838210344315
2017-12-13,inflation_risk_shift,2017-12-01,-7,0.03668784722685814
2017-12-13,inflation_risk_shift,2017-12-04,-6,0.033893883228302
2017-12-13,inflation_risk_shift,2017-12-05,-5,0.036006681621074677
2017-12-13,inflation_risk_shift,2017-12-06,-4,0.03357505798339844
2017-12-13,inflation_risk_shift,2017-12-07,-3,0.03681515157222748
2017-12-13,inflation_risk_shift,2017-12-08,-2,0.03710748255252838
2017-12-13,inflation_risk_shift,2017-12-11,-1,0.032359521836042404
2017-12-13,inflation_risk_shift,2017-12-12,0,0.0376630574464798
2017-12-13,unemployment_assessment_shift,2017-11-02,-27,0.04195724427700043
2017-12-13,unemployment_assessment_shift,2017-11-03,-26,0.03676013648509979
2017-12-13,unemployment_assessment_shift,2017-11-06,-25,0.03819733113050461
2017-12-13,unemployment_assessment_shift,2017-11-07,-24,0.03820396214723587
2017-12-13,unemployment_assessment_shift,2017-11-08,-23,0.035326261073350906
2017-12-13,unemployment_assessment_shift,2017-11-09,-22,0.03708021342754364
2017-12-13,unemployment_assessment_shift,2017-11-10,-21,0.035489942878484726
2017-12-13,unemployment_assessment_shift,2017-11-13,-20,0.03296239674091339
2017-12-13,unemployment_assessment_shift,2017-11-14,-19,0.03338173031806946
2017-12-13,unemployment_assessment_shift,2017-11-15,-18,0.037267591804265976
2017-12-13,unemployment_assessment_shift,2017-11-16,-17,0.03522612154483795
2017-12-13,unemployment_assessment_shift,2017-11-17,-16,0.03600914776325226
2017-12-13,unemployment_assessment_shift,2017-11-20,-15,0.0348874107003212
2017-12-13,unemployment_assessment_shift,2017-11-21,-14,0.0358634777367115
2017-12-13,unemployment_assessment_shift,2017-11-22,-13,0.03514207527041435
2017-12-13,unemployment_assessment_shift,2017-11-24,-12,0.03508223593235016
2017-12-13,unemployment_assessment_shift,2017-11-27,-11,0.034429892897605896
2017-12-13,unemployment_assessment_shift,2017-11-28,-10,0.034397341310977936
2017-12-13,unemployment_assessment_shift,2017-11-29,-9,0.034358326345682144
2017-12-13,unemployment_assessment_shift,2017-11-30,-8,0.03197357431054115
2017-12-13,unemployment_assessment_shift,2017-12-01,-7,0.035386793315410614
2017-12-13,unemployment_assessment_shift,2017-12-04,-6,0.033730365335941315
2017-12-13,unemployment_assessment_shift,2017-12-05,-5,0.03513481467962265
2017-12-13,unemployment_assessment_shift,2017-12-06,-4,0.03349834308028221
2017-12-13,unemployment_assessment_shift,2017-12-07,-3,0.03890015557408333
2017-12-13,unemployment_assessment_shift,2017-12-08,-2,0.03739222511649132
2017-12-13,unemployment_assessment_shift,2017-12-11,-1,0.0340837761759758
2017-12-13,unemployment_assessment_shift,2017-12-12,0,0.037877071648836136
2017-12-13,labor_market_risk_shift,2017-11-02,-27,0.04131019487977028
2017-12-13,labor_market_risk_shift,2017-11-03,-26,0.036626387387514114
2017-12-13,labor_market_risk_shift,2017-11-06,-25,0.037783339619636536
2017-12-13,labor_market_risk_shift,2017-11-07,-24,0.038301870226860046
2017-12-13,labor_market_risk_shift,2017-11-08,-23,0.03651688992977142
2017-12-13,labor_market_risk_shift,2017-11-09,-22,0.0375293530523777
2017-12-13,labor_market_risk_shift,2017-11-10,-21,0.036074765026569366
2017-12-13,labor_market_risk_shift,2017-11-13,-20,0.032978594303131104
2017-12-13,labor_market_risk_shift,2017-11-14,-19,0.03334454447031021
2017-12-13,labor_market_risk_shift,2017-11-15,-18,0.03671809285879135
2017-12-13,labor_market_risk_shift,2017-11-16,-17,0.035430602729320526
2017-12-13,labor_market_risk_shift,2017-11-17,-16,0.03614659234881401
2017-12-13,labor_market_risk_shift,2017-11-20,-15,0.03518461063504219
2017-12-13,labor_market_risk_shift,2017-11-21,-14,0.03561884164810181
2017-12-13,labor_market_risk_shift,2017-11-22,-13,0.034645356237888336
2017-12-13,labor_market_risk_shift,2017-11-24,-12,0.03520554304122925
2017-12-13,labor_market_risk_shift,2017-11-27,-11,0.03447208181023598
2017-12-13,labor_market_risk_shift,2017-11-28,-10,0.03475770354270935
2017-12-13,labor_market_risk_shift,2017-11-29,-9,0.03389301896095276
2017-12-13,labor_market_risk_shift,2017-11-30,-8,0.031478043645620346
2017-12-13,labor_market_risk_shift,2017-12-01,-7,0.03487492725253105
2017-12-13,labor_market_risk_shift,2017-12-04,-6,0.03330985829234123
2017-12-13,labor_market_risk_shift,2017-12-05,-5,0.03468647226691246
2017-12-13,labor_market_risk_shift,2017-12-06,-4,0.033609505742788315
2017-12-13,labor_market_risk_shift,2017-12-07,-3,0.03884265944361687
2017-12-13,labor_market_risk_shift,2017-12-08,-2,0.03751488775014877
2017-12-13,labor_market_risk_shift,2017-12-11,-1,0.03535264730453491
2017-12-13,labor_market_risk_shift,2017-12-12,0,0.03779260814189911
2017-12-13,growth_activity_shift,2017-11-02,-27,0.041328251361846924
2017-12-13,growth_activity_shift,2017-11-03,-26,0.036711446940898895
2017-12-13,growth_activity_shift,2017-11-06,-25,0.03779248893260956
2017-12-13,growth_activity_shift,2017-11-07,-24,0.037707582116127014
2017-12-13,growth_activity_shift,2017-11-08,-23,0.03528646379709244
2017-12-13,growth_activity_shift,2017-11-09,-22,0.03676670789718628
2017-12-13,growth_activity_shift,2017-11-10,-21,0.035764627158641815
2017-12-13,growth_activity_shift,2017-11-13,-20,0.03316602110862732
2017-12-13,growth_activity_shift,2017-11-14,-19,0.03353358060121536
2017-12-13,growth_activity_shift,2017-11-15,-18,0.0376821793615818
2017-12-13,growth_activity_shift,2017-11-16,-17,0.03550048917531967
2017-12-13,growth_activity_shift,2017-11-17,-16,0.03623406961560249
2017-12-13,growth_activity_shift,2017-11-20,-15,0.035276174545288086
2017-12-13,growth_activity_shift,2017-11-21,-14,0.036075010895729065
2017-12-13,growth_activity_shift,2017-11-22,-13,0.035188235342502594
2017-12-13,growth_activity_shift,2017-11-24,-12,0.03480502590537071
2017-12-13,growth_activity_shift,2017-11-27,-11,0.033834636211395264
2017-12-13,growth_activity_shift,2017-11-28,-10,0.033701635897159576
2017-12-13,growth_activity_shift,2017-11-29,-9,0.03394809365272522
2017-12-13,growth_activity_shift,2017-11-30,-8,0.03170381858944893
2017-12-13,growth_activity_shift,2017-12-01,-7,0.03570951521396637
2017-12-13,growth_activity_shift,2017-12-04,-6,0.034153252840042114
2017-12-13,growth_activity_shift,2017-12-05,-5,0.0352761447429657
2017-12-13,growth_activity_shift,2017-12-06,-4,0.03403392806649208
2017-12-13,growth_activity_shift,2017-12-07,-3,0.03864670544862747
2017-12-13,growth_activity_shift,2017-12-08,-2,0.037429019808769226
2017-12-13,growth_activity_shift,2017-12-11,-1,0.034959763288497925
2017-12-13,growth_activity_shift,2017-12-12,0,0.03778510540723801
2017-12-13,financial_conditions_shift,2017-11-02,-27,0.04099244996905327
2017-12-13,financial_conditions_shift,2017-11-03,-26,0.036171335726976395
2017-12-13,financial_conditions_shift,2017-11-06,-25,0.03742927685379982
2017-12-13,financial_conditions_shift,2017-11-07,-24,0.037703029811382294
2017-12-13,financial_conditions_shift,2017-11-08,-23,0.03299068287014961
2017-12-13,financial_conditions_shift,2017-11-09,-22,0.035744234919548035
2017-12-13,financial_conditions_shift,2017-11-10,-21,0.034114811569452286
2017-12-13,financial_conditions_shift,2017-11-13,-20,0.03696230426430702
2017-12-13,financial_conditions_shift,2017-11-14,-19,0.03645490109920502
2017-12-13,financial_conditions_shift,2017-11-15,-18,0.03623880073428154
2017-12-13,financial_conditions_shift,2017-11-16,-17,0.03299110755324364
2017-12-13,financial_conditions_shift,2017-11-17,-16,0.036067940294742584
2017-12-13,financial_conditions_shift,2017-11-20,-15,0.033416498452425
2017-12-13,financial_conditions_shift,2017-11-21,-14,0.03546622395515442
2017-12-13,financial_conditions_shift,2017-11-22,-13,0.03518792241811752
2017-12-13,financial_conditions_shift,2017-11-24,-12,0.03493024408817291
2017-12-13,financial_conditions_shift,2017-11-27,-11,0.034773968160152435
2017-12-13,financial_conditions_shift,2017-11-28,-10,0.03462294489145279
2017-12-13,financial_conditions_shift,2017-11-29,-9,0.03695468604564667
2017-12-13,financial_conditions_shift,2017-11-30,-8,0.03515980392694473
2017-12-13,financial_conditions_shift,2017-12-01,-7,0.038489844650030136
2017-12-13,financial_conditions_shift,2017-12-04,-6,0.03453516215085983
2017-12-13,financial_conditions_shift,2017-12-05,-5,0.03704991191625595
2017-12-13,financial_conditions_shift,2017-12-06,-4,0.03355734795331955
2017-12-13,financial_conditions_shift,2017-12-07,-3,0.035555802285671234
2017-12-13,financial_conditions_shift,2017-12-08,-2,0.03621365875005722
2017-12-13,financial_conditions_shift,2017-12-11,-1,0.0315377339720726
2017-12-13,financial_conditions_shift,2017-12-12,0,0.03868734836578369
2017-12-13,balance_sheet_policy_shift,2017-11-02,-27,0.040247369557619095
2017-12-13,balance_sheet_policy_shift,2017-11-03,-26,0.03638114407658577
2017-12-13,balance_sheet_policy_shift,2017-11-06,-25,0.03695763275027275
2017-12-13,balance_sheet_policy_shift,2017-11-07,-24,0.03736982122063637
2017-12-13,balance_sheet_policy_shift,2017-11-08,-23,0.03617165982723236
2017-12-13,balance_sheet_policy_shift,2017-11-09,-22,0.03690622001886368
2017-12-13,balance_sheet_policy_shift,2017-11-10,-21,0.03628278151154518
2017-12-13,balance_sheet_policy_shift,2017-11-13,-20,0.03273305669426918
2017-12-13,balance_sheet_policy_shift,2017-11-14,-19,0.03261493518948555
2017-12-13,balance_sheet_policy_shift,2017-11-15,-18,0.037750616669654846
2017-12-13,balance_sheet_policy_shift,2017-11-16,-17,0.03642044961452484
2017-12-13,balance_sheet_policy_shift,2017-11-17,-16,0.035940587520599365
2017-12-13,balance_sheet_policy_shift,2017-11-20,-15,0.03581317886710167
2017-12-13,balance_sheet_policy_shift,2017-11-21,-14,0.03569703921675682
2017-12-13,balance_sheet_policy_shift,2017-11-22,-13,0.03482893854379654
2017-12-13,balance_sheet_policy_shift,2017-11-24,-12,0.03524275869131088
2017-12-13,balance_sheet_policy_shift,2017-11-27,-11,0.03460843488574028
2017-12-13,balance_sheet_policy_shift,2017-11-28,-10,0.034582480788230896
2017-12-13,balance_sheet_policy_shift,2017-11-29,-9,0.034227095544338226
2017-12-13,balance_sheet_policy_shift,2017-11-30,-8,0.031822558492422104
2017-12-13,balance_sheet_policy_shift,2017-12-01,-7,0.03486168012022972
2017-12-13,balance_sheet_policy_shift,2017-12-04,-6,0.034307919442653656
2017-12-13,balance_sheet_policy_shift,2017-12-05,-5,0.0343315564095974
2017-12-13,balance_sheet_policy_shift,2017-12-06,-4,0.0341574102640152
2017-12-13,balance_sheet_policy_shift,2017-12-07,-3,0.03957967460155487
2017-12-13,balance_sheet_policy_shift,2017-12-08,-2,0.037540942430496216
2017-12-13,balance_sheet_policy_shift,2017-12-11,-1,0.0362786203622818
2017-12-13,balance_sheet_policy_shift,2017-12-12,0,0.03634344041347504
2017-12-13,risk_balance_shift,2017-11-02,-27,0.04317382723093033
2017-12-13,risk_balance_shift,2017-11-03,-26,0.03662588447332382
2017-12-13,risk_balance_shift,2017-11-06,-25,0.038053158670663834
2017-12-13,risk_balance_shift,2017-11-07,-24,0.03876014053821564
2017-12-13,risk_balance_shift,2017-11-08,-23,0.03392995893955231
2017-12-13,risk_balance_shift,2017-11-09,-22,0.03638461232185364
2017-12-13,risk_balance_shift,2017-11-10,-21,0.03441888466477394
2017-12-13,risk_balance_shift,2017-11-13,-20,0.03496570140123367
2017-12-13,risk_balance_shift,2017-11-14,-19,0.03541022166609764
2017-12-13,risk_balance_shift,2017-11-15,-18,0.0377812422811985
2017-12-13,risk_balance_shift,2017-11-16,-17,0.033737584948539734
2017-12-13,risk_balance_shift,2017-11-17,-16,0.03625922650098801
2017-12-13,risk_balance_shift,2017-11-20,-15,0.034116268157958984
2017-12-13,risk_balance_shift,2017-11-21,-14,0.03567063808441162
2017-12-13,risk_balance_shift,2017-11-22,-13,0.03543853759765625
2017-12-13,risk_balance_shift,2017-11-24,-12,0.03473977744579315
2017-12-13,risk_balance_shift,2017-11-27,-11,0.034006476402282715
2017-12-13,risk_balance_shift,2017-11-28,-10,0.033592596650123596
2017-12-13,risk_balance_shift,2017-11-29,-9,0.03478594869375229
2017-12-13,risk_balance_shift,2017-11-30,-8,0.03274673596024513
2017-12-13,risk_balance_shift,2017-12-01,-7,0.037271954119205475
2017-12-13,risk_balance_shift,2017-12-04,-6,0.033700741827487946
2017-12-13,risk_balance_shift,2017-12-05,-5,0.03618462383747101
2017-12-13,risk_balance_shift,2017-12-06,-4,0.03391416370868683
2017-12-13,risk_balance_shift,2017-12-07,-3,0.03664517030119896
2017-12-13,risk_balance_shift,2017-12-08,-2,0.03715822100639343
2017-12-13,risk_balance_shift,2017-12-11,-1,0.032353486865758896
2017-12-13,risk_balance_shift,2017-12-12,0,0.03817419707775116
2017-12-13,committee_dispersion,2017-11-02,-27,0.03904072940349579
2017-12-13,committee_dispersion,2017-11-03,-26,0.03650200739502907
2017-12-13,committee_dispersion,2017-11-06,-25,0.03680675849318504
2017-12-13,committee_dispersion,2017-11-07,-24,0.03672235086560249
2017-12-13,committee_dispersion,2017-11-08,-23,0.037239205092191696
2017-12-13,committee_dispersion,2017-11-09,-22,0.036915794014930725
2017-12-13,committee_dispersion,2017-11-10,-21,0.03685598075389862
2017-12-13,committee_dispersion,2017-11-13,-20,0.032101839780807495
2017-12-13,committee_dispersion,2017-11-14,-19,0.03253604471683502
2017-12-13,committee_dispersion,2017-11-15,-18,0.037366390228271484
2017-12-13,committee_dispersion,2017-11-16,-17,0.03705817461013794
2017-12-13,committee_dispersion,2017-11-17,-16,0.035903144627809525
2017-12-13,committee_dispersion,2017-11-20,-15,0.03639167919754982
2017-12-13,committee_dispersion,2017-11-21,-14,0.03589988499879837
2017-12-13,committee_dispersion,2017-11-22,-13,0.03458968922495842
2017-12-13,committee_dispersion,2017-11-24,-12,0.03516835719347
2017-12-13,committee_dispersion,2017-11-27,-11,0.03468215465545654
2017-12-13,committee_dispersion,2017-11-28,-10,0.03494858741760254
2017-12-13,committee_dispersion,2017-11-29,-9,0.03361919894814491
2017-12-13,committee_dispersion,2017-11-30,-8,0.03166894614696503
2017-12-13,committee_dispersion,2017-12-01,-7,0.03406883031129837
2017-12-13,committee_dispersion,2017-12-04,-6,0.034441299736499786
2017-12-13,committee_dispersion,2017-12-05,-5,0.03425217792391777
2017-12-13,committee_dispersion,2017-12-06,-4,0.03479361906647682
2017-12-13,committee_dispersion,2017-12-07,-3,0.03973062336444855
2017-12-13,committee_dispersion,2017-12-08,-2,0.03730738162994385
2017-12-13,committee_dispersion,2017-12-11,-1,0.037638962268829346
2017-12-13,committee_dispersion,2017-12-12,0,0.03575016185641289
2017-12-13,policy_uncertainty,2017-11-02,-27,0.0391550175845623
2017-12-13,policy_uncertainty,2017-11-03,-26,0.035151369869709015
2017-12-13,policy_uncertainty,2017-11-06,-25,0.03629469498991966
2017-12-13,policy_uncertainty,2017-11-07,-24,0.03740743547677994
2017-12-13,policy_uncertainty,2017-11-08,-23,0.033199161291122437
2017-12-13,policy_uncertainty,2017-11-09,-22,0.0358194075524807
2017-12-13,policy_uncertainty,2017-11-10,-21,0.033775124698877335
2017-12-13,policy_uncertainty,2017-11-13,-20,0.03808757662773132
2017-12-13,policy_uncertainty,2017-11-14,-19,0.03823703154921532
2017-12-13,policy_uncertainty,2017-11-15,-18,0.03559258580207825
2017-12-13,policy_uncertainty,2017-11-16,-17,0.032568663358688354
2017-12-13,policy_uncertainty,2017-11-17,-16,0.03634149581193924
2017-12-13,policy_uncertainty,2017-11-20,-15,0.03351803496479988
2017-12-13,policy_uncertainty,2017-11-21,-14,0.03505554795265198
2017-12-13,policy_uncertainty,2017-11-22,-13,0.03587888181209564
2017-12-13,policy_uncertainty,2017-11-24,-12,0.034909527748823166
2017-12-13,policy_uncertainty,2017-11-27,-11,0.035358794033527374
2017-12-13,policy_uncertainty,2017-11-28,-10,0.03536175191402435
2017-12-13,policy_uncertainty,2017-11-29,-9,0.03686299920082092
2017-12-13,policy_uncertainty,2017-11-30,-8,0.03625814989209175
2017-12-13,policy_uncertainty,2017-12-01,-7,0.03852953016757965
2017-12-13,policy_uncertainty,2017-12-04,-6,0.034557949751615524
2017-12-13,policy_uncertainty,2017-12-05,-5,0.03749459609389305
2017-12-13,policy_uncertainty,2017-12-06,-4,0.03466639667749405
2017-12-13,policy_uncertainty,2017-12-07,-3,0.033923566341400146
2017-12-13,policy_uncertainty,2017-12-08,-2,0.03561951965093613
2017-12-13,policy_uncertainty,2017-12-11,-1,0.03229477256536484
2017-12-13,policy_uncertainty,2017-12-12,0,0.03808043152093887
2017-12-13,forward_guidance_strength,2017-11-02,-27,0.040523920208215714
2017-12-13,forward_guidance_strength,2017-11-03,-26,0.03656604140996933
2017-12-13,forward_guidance_strength,2017-11-06,-25,0.037635527551174164
2017-12-13,forward_guidance_strength,2017-11-07,-24,0.0383346863090992
2017-12-13,forward_guidance_strength,2017-11-08,-23,0.03653906285762787
2017-12-13,forward_guidance_strength,2017-11-09,-22,0.037792619317770004
2017-12-13,forward_guidance_strength,2017-11-10,-21,0.03603527322411537
2017-12-13,forward_guidance_strength,2017-11-13,-20,0.03289354220032692
2017-12-13,forward_guidance_strength,2017-11-14,-19,0.03302875906229019
2017-12-13,forward_guidance_strength,2017-11-15,-18,0.03657866269350052
2017-12-13,forward_guidance_strength,2017-11-16,-17,0.0351351723074913
2017-12-13,forward_guidance_strength,2017-11-17,-16,0.035876139998435974
2017-12-13,forward_guidance_strength,2017-11-20,-15,0.03526692092418671
2017-12-13,forward_guidance_strength,2017-11-21,-14,0.03562823310494423
2017-12-13,forward_guidance_strength,2017-11-22,-13,0.03464480862021446
2017-12-13,forward_guidance_strength,2017-11-24,-12,0.034902557730674744
2017-12-13,forward_guidance_strength,2017-11-27,-11,0.03483746945858002
2017-12-13,forward_guidance_strength,2017-11-28,-10,0.03488802909851074
2017-12-13,forward_guidance_strength,2017-11-29,-9,0.03463023900985718
2017-12-13,forward_guidance_strength,2017-11-30,-8,0.031861986964941025
2017-12-13,forward_guidance_strength,2017-12-01,-7,0.034989550709724426
2017-12-13,forward_guidance_strength,2017-12-04,-6,0.03324541449546814
2017-12-13,forward_guidance_strength,2017-12-05,-5,0.034413695335388184
2017-12-13,forward_guidance_strength,2017-12-06,-4,0.03373604267835617
2017-12-13,forward_guidance_strength,2017-12-07,-3,0.0395645797252655
2017-12-13,forward_guidance_strength,2017-12-08,-2,0.03729725629091263
2017-12-13,forward_guidance_strength,2017-12-11,-1,0.03548053652048111
2017-12-13,forward_guidance_strength,2017-12-12,0,0.037673261016607285
2018-01-31,rate_decision,2017-12-14,-30,0.02981974557042122
2018-01-31,rate_decision,2017-12-15,-29,0.03167927637696266
2018-01-31,rate_decision,2017-12-18,-28,0.03316056728363037
2018-01-31,rate_decision,2017-12-19,-27,0.03239225968718529
2018-01-31,rate_decision,2017-12-20,-26,0.03615088015794754
2018-01-31,rate_decision,2017-12-21,-25,0.03418239951133728
2018-01-31,rate_decision,2017-12-22,-24,0.033854518085718155
2018-01-31,rate_decision,2017-12-26,-23,0.032948803156614304
2018-01-31,rate_decision,2017-12-27,-22,0.032433878630399704
2018-01-31,rate_decision,2017-12-28,-21,0.030104253441095352
2018-01-31,rate_decision,2017-12-29,-20,0.02975310944020748
2018-01-31,rate_decision,2018-01-02,-19,0.027282681316137314
2018-01-31,rate_decision,2018-01-03,-18,0.030299436300992966
2018-01-31,rate_decision,2018-01-04,-17,0.028850726783275604
2018-01-31,rate_decision,2018-01-05,-16,0.030189916491508484
2018-01-31,rate_decision,2018-01-08,-15,0.032607171684503555
2018-01-31,rate_decision,2018-01-09,-14,0.0320613719522953
2018-01-31,rate_decision,2018-01-10,-13,0.03330076485872269
2018-01-31,rate_decision,2018-01-11,-12,0.032889991998672485
2018-01-31,rate_decision,2018-01-12,-11,0.034095123410224915
2018-01-31,rate_decision,2018-01-16,-10,0.033593110740184784
2018-01-31,rate_decision,2018-01-17,-9,0.0336521714925766
2018-01-31,rate_decision,2018-01-18,-8,0.03451849892735481
2018-01-31,rate_decision,2018-01-19,-7,0.034096941351890564
2018-01-31,rate_decision,2018-01-22,-6,0.03351260721683502
2018-01-31,rate_decision,2018-01-23,-5,0.03346428647637367
2018-01-31,rate_decision,2018-01-24,-4,0.031181417405605316
2018-01-31,rate_decision,2018-01-25,-3,0.03333919495344162
2018-01-31,rate_decision,2018-01-26,-2,0.03057839348912239
2018-01-31,rate_decision,2018-01-29,-1,0.03299881890416145
2018-01-31,rate_decision,2018-01-30,0,0.03100769966840744
2018-01-31,current_policy_stance,2017-12-14,-30,0.03671601787209511
2018-01-31,current_policy_stance,2017-12-15,-29,0.033649176359176636
2018-01-31,current_policy_stance,2017-12-18,-28,0.0341680534183979
2018-01-31,current_policy_stance,2017-12-19,-27,0.03255677968263626
2018-01-31,current_policy_stance,2017-12-20,-26,0.032170556485652924
2018-01-31,current_policy_stance,2017-12-21,-25,0.030992023646831512
2018-01-31,current_policy_stance,2017-12-22,-24,0.03093855455517769
2018-01-31,current_policy_stance,2017-12-26,-23,0.03222709521651268
2018-01-31,current_policy_stance,2017-12-27,-22,0.03475707024335861
2018-01-31,current_policy_stance,2017-12-28,-21,0.03136809170246124
2018-01-31,current_policy_stance,2017-12-29,-20,0.02974816784262657
2018-01-31,current_policy_stance,2018-01-02,-19,0.02802954986691475
2018-01-31,current_policy_stance,2018-01-03,-18,0.033946745097637177
2018-01-31,current_policy_stance,2018-01-04,-17,0.02884015068411827
2018-01-31,current_policy_stance,2018-01-05,-16,0.03173837810754776
2018-01-31,current_policy_stance,2018-01-08,-15,0.03336944058537483
2018-01-31,current_policy_stance,2018-01-09,-14,0.03251675143837929
2018-01-31,current_policy_stance,2018-01-10,-13,0.032355695962905884
2018-01-31,current_policy_stance,2018-01-11,-12,0.03260565549135208
2018-01-31,current_policy_stance,2018-01-12,-11,0.03358708694577217
2018-01-31,current_policy_stance,2018-01-16,-10,0.03238677978515625
2018-01-31,current_policy_stance,2018-01-17,-9,0.03298978507518768
2018-01-31,current_policy_stance,2018-01-18,-8,0.03264984115958214
2018-01-31,current_policy_stance,2018-01-19,-7,0.033214230090379715
2018-01-31,current_policy_stance,2018-01-22,-6,0.03308511897921562
2018-01-31,current_policy_stance,2018-01-23,-5,0.03261091932654381
2018-01-31,current_policy_stance,2018-01-24,-4,0.03136512637138367
2018-01-31,current_policy_stance,2018-01-25,-3,0.0326048880815506
2018-01-31,current_policy_stance,2018-01-26,-2,0.03115377575159073
2018-01-31,current_policy_stance,2018-01-29,-1,0.03113963082432747
2018-01-31,current_policy_stance,2018-01-30,0,0.030518867075443268
2018-01-31,policy_stance_shift,2017-12-14,-30,0.03946920484304428
2018-01-31,policy_stance_shift,2017-12-15,-29,0.038383569568395615
2018-01-31,policy_stance_shift,2017-12-18,-28,0.0388907790184021
2018-01-31,policy_stance_shift,2017-12-19,-27,0.03480454906821251
2018-01-31,policy_stance_shift,2017-12-20,-26,0.029844608157873154
2018-01-31,policy_stance_shift,2017-12-21,-25,0.030816690996289253
2018-01-31,policy_stance_shift,2017-12-22,-24,0.03177762031555176
2018-01-31,policy_stance_shift,2017-12-26,-23,0.03191628307104111
2018-01-31,policy_stance_shift,2017-12-27,-22,0.03219714015722275
2018-01-31,policy_stance_shift,2017-12-28,-21,0.03484979644417763
2018-01-31,policy_stance_shift,2017-12-29,-20,0.03554664924740791
2018-01-31,policy_stance_shift,2018-01-02,-19,0.034016262739896774
2018-01-31,policy_stance_shift,2018-01-03,-18,0.032859236001968384
2018-01-31,policy_stance_shift,2018-01-04,-17,0.032839130610227585
2018-01-31,policy_stance_shift,2018-01-05,-16,0.03426368907094002
2018-01-31,policy_stance_shift,2018-01-08,-15,0.033633265644311905
2018-01-31,policy_stance_shift,2018-01-09,-14,0.03136546164751053
2018-01-31,policy_stance_shift,2018-01-10,-13,0.03064127266407013
2018-01-31,policy_stance_shift,2018-01-11,-12,0.030804485082626343
2018-01-31,policy_stance_shift,2018-01-12,-11,0.03103790618479252
2018-01-31,policy_stance_shift,2018-01-16,-10,0.0311671644449234
2018-01-31,policy_stance_shift,2018-01-17,-9,0.030849693343043327
2018-01-31,policy_stance_shift,2018-01-18,-8,0.030064430087804794
2018-01-31,policy_stance_shift,2018-01-19,-7,0.03003639727830887
2018-01-31,policy_stance_shift,2018-01-22,-6,0.029130708426237106
2018-01-31,policy_stance_shift,2018-01-23,-5,0.028483835980296135
2018-01-31,policy_stance_shift,2018-01-24,-4,0.029249314218759537
2018-01-31,policy_stance_shift,2018-01-25,-3,0.030219659209251404
2018-01-31,policy_stance_shift,2018-01-26,-2,0.03195910155773163
2018-01-31,policy_stance_shift,2018-01-29,-1,0.029009375721216202
2018-01-31,policy_stance_shift,2018-01-30,0,0.02987275831401348
2018-01-31,expected_rate_path_shift,2017-12-14,-30,0.038113780319690704
2018-01-31,expected_rate_path_shift,2017-12-15,-29,0.037804026156663895
2018-01-31,expected_rate_path_shift,2017-12-18,-28,0.03906660154461861
2018-01-31,expected_rate_path_shift,2017-12-19,-27,0.03472675010561943
2018-01-31,expected_rate_path_shift,2017-12-20,-26,0.03021722286939621
2018-01-31,expected_rate_path_shift,2017-12-21,-25,0.03125668689608574
2018-01-31,expected_rate_path_shift,2017-12-22,-24,0.0329926498234272
2018-01-31,expected_rate_path_shift,2017-12-26,-23,0.03233110532164574
2018-01-31,expected_rate_path_shift,2017-12-27,-22,0.03203978016972542
2018-01-31,expected_rate_path_shift,2017-12-28,-21,0.035894595086574554
2018-01-31,expected_rate_path_shift,2017-12-29,-20,0.036788538098335266
2018-01-31,expected_rate_path_shift,2018-01-02,-19,0.033881206065416336
2018-01-31,expected_rate_path_shift,2018-01-03,-18,0.03285408765077591
2018-01-31,expected_rate_path_shift,2018-01-04,-17,0.033373698592185974
2018-01-31,expected_rate_path_shift,2018-01-05,-16,0.034798577427864075
2018-01-31,expected_rate_path_shift,2018-01-08,-15,0.03352699801325798
2018-01-31,expected_rate_path_shift,2018-01-09,-14,0.031443435698747635
2018-01-31,expected_rate_path_shift,2018-01-10,-13,0.03057195618748665
2018-01-31,expected_rate_path_shift,2018-01-11,-12,0.030515950173139572
2018-01-31,expected_rate_path_shift,2018-01-12,-11,0.0303470678627491
2018-01-31,expected_rate_path_shift,2018-01-16,-10,0.03068646788597107
2018-01-31,expected_rate_path_shift,2018-01-17,-9,0.030431371182203293
2018-01-31,expected_rate_path_shift,2018-01-18,-8,0.029929108917713165
2018-01-31,expected_rate_path_shift,2018-01-19,-7,0.029849838465452194
2018-01-31,expected_rate_path_shift,2018-01-22,-6,0.028984975069761276
2018-01-31,expected_rate_path_shift,2018-01-23,-5,0.028273241594433784
2018-01-31,expected_rate_path_shift,2018-01-24,-4,0.02876344695687294
2018-01-31,expected_rate_path_shift,2018-01-25,-3,0.029493682086467743
2018-01-31,expected_rate_path_shift,2018-01-26,-2,0.0317658856511116
2018-01-31,expected_rate_path_shift,2018-01-29,-1,0.0297123733907938
2018-01-31,expected_rate_path_shift,2018-01-30,0,0.02956489473581314
2018-01-31,inflation_assessment_shift,2017-12-14,-30,0.03829500079154968
2018-01-31,inflation_assessment_shift,2017-12-15,-29,0.037880051881074905
2018-01-31,inflation_assessment_shift,2017-12-18,-28,0.038874316960573196
2018-01-31,inflation_assessment_shift,2017-12-19,-27,0.0345865897834301
2018-01-31,inflation_assessment_shift,2017-12-20,-26,0.02981746941804886
2018-01-31,inflation_assessment_shift,2017-12-21,-25,0.031234560534358025
2018-01-31,inflation_assessment_shift,2017-12-22,-24,0.03269878029823303
2018-01-31,inflation_assessment_shift,2017-12-26,-23,0.032217659056186676
2018-01-31,inflation_assessment_shift,2017-12-27,-22,0.03186987340450287
2018-01-31,inflation_assessment_shift,2017-12-28,-21,0.03613494336605072
2018-01-31,inflation_assessment_shift,2017-12-29,-20,0.037893619388341904
2018-01-31,inflation_assessment_shift,2018-01-02,-19,0.035550303757190704
2018-01-31,inflation_assessment_shift,2018-01-03,-18,0.033101461827754974
2018-01-31,inflation_assessment_shift,2018-01-04,-17,0.03464488312602043
2018-01-31,inflation_assessment_shift,2018-01-05,-16,0.035253170877695084
2018-01-31,inflation_assessment_shift,2018-01-08,-15,0.033230602741241455
2018-01-31,inflation_assessment_shift,2018-01-09,-14,0.0313117615878582
2018-01-31,inflation_assessment_shift,2018-01-10,-13,0.030268799513578415
2018-01-31,inflation_assessment_shift,2018-01-11,-12,0.030004728585481644
2018-01-31,inflation_assessment_shift,2018-01-12,-11,0.02976378984749317
2018-01-31,inflation_assessment_shift,2018-01-16,-10,0.030284563079476357
2018-01-31,inflation_assessment_shift,2018-01-17,-9,0.02992081642150879
2018-01-31,inflation_assessment_shift,2018-01-18,-8,0.02948865294456482
2018-01-31,inflation_assessment_shift,2018-01-19,-7,0.029409997165203094
2018-01-31,inflation_assessment_shift,2018-01-22,-6,0.028587397187948227
2018-01-31,inflation_assessment_shift,2018-01-23,-5,0.028236079961061478
2018-01-31,inflation_assessment_shift,2018-01-24,-4,0.028809254989027977
2018-01-31,inflation_assessment_shift,2018-01-25,-3,0.029417864978313446
2018-01-31,inflation_assessment_shift,2018-01-26,-2,0.03172951936721802
2018-01-31,inflation_assessment_shift,2018-01-29,-1,0.02962544560432434
2018-01-31,inflation_assessment_shift,2018-01-30,0,0.029858097434043884
2018-01-31,inflation_risk_shift,2017-12-14,-30,0.037574708461761475
2018-01-31,inflation_risk_shift,2017-12-15,-29,0.036467134952545166
2018-01-31,inflation_risk_shift,2017-12-18,-28,0.0373750664293766
2018-01-31,inflation_risk_shift,2017-12-19,-27,0.0340462289750576
2018-01-31,inflation_risk_shift,2017-12-20,-26,0.030429597944021225
2018-01-31,inflation_risk_shift,2017-12-21,-25,0.031084302812814713
2018-01-31,inflation_risk_shift,2017-12-22,-24,0.03189470246434212
2018-01-31,inflation_risk_shift,2017-12-26,-23,0.032903190702199936
2018-01-31,inflation_risk_shift,2017-12-27,-22,0.03243285417556763
2018-01-31,inflation_risk_shift,2017-12-28,-21,0.03401516005396843
2018-01-31,inflation_risk_shift,2017-12-29,-20,0.03366642817854881
2018-01-31,inflation_risk_shift,2018-01-02,-19,0.0311149749904871
2018-01-31,inflation_risk_shift,2018-01-03,-18,0.03241635859012604
2018-01-31,inflation_risk_shift,2018-01-04,-17,0.031102841719985008
2018-01-31,inflation_risk_shift,2018-01-05,-16,0.03374970331788063
2018-01-31,inflation_risk_shift,2018-01-08,-15,0.03399854898452759
2018-01-31,inflation_risk_shift,2018-01-09,-14,0.03199147433042526
2018-01-31,inflation_risk_shift,2018-01-10,-13,0.03148768097162247
2018-01-31,inflation_risk_shift,2018-01-11,-12,0.0319850891828537
2018-01-31,inflation_risk_shift,2018-01-12,-11,0.031618632376194
2018-01-31,inflation_risk_shift,2018-01-16,-10,0.031297650188207626
2018-01-31,inflation_risk_shift,2018-01-17,-9,0.03149807080626488
2018-01-31,inflation_risk_shift,2018-01-18,-8,0.030881373211741447
2018-01-31,inflation_risk_shift,2018-01-19,-7,0.031149761751294136
2018-01-31,inflation_risk_shift,2018-01-22,-6,0.030459757894277573
2018-01-31,inflation_risk_shift,2018-01-23,-5,0.029870565980672836
2018-01-31,inflation_risk_shift,2018-01-24,-4,0.02992483414709568
2018-01-31,inflation_risk_shift,2018-01-25,-3,0.03103707730770111
2018-01-31,inflation_risk_shift,2018-01-26,-2,0.03231000527739525
2018-01-31,inflation_risk_shift,2018-01-29,-1,0.030275560915470123
2018-01-31,inflation_risk_shift,2018-01-30,0,0.02994067594408989
2018-01-31,unemployment_assessment_shift,2017-12-14,-30,0.038457851856946945
2018-01-31,unemployment_assessment_shift,2017-12-15,-29,0.03769262135028839
2018-01-31,unemployment_assessment_shift,2017-12-18,-28,0.03875157982110977
2018-01-31,unemployment_assessment_shift,2017-12-19,-27,0.03418073058128357
2018-01-31,unemployment_assessment_shift,2017-12-20,-26,0.030136067420244217
2018-01-31,unemployment_assessment_shift,2017-12-21,-25,0.031105900183320045
2018-01-31,unemployment_assessment_shift,2017-12-22,-24,0.032570041716098785
2018-01-31,unemployment_assessment_shift,2017-12-26,-23,0.032411348074674606
2018-01-31,unemployment_assessment_shift,2017-12-27,-22,0.032613299787044525
2018-01-31,unemployment_assessment_shift,2017-12-28,-21,0.035734497010707855
2018-01-31,unemployment_assessment_shift,2017-12-29,-20,0.03565416485071182
2018-01-31,unemployment_assessment_shift,2018-01-02,-19,0.0331280343234539
2018-01-31,unemployment_assessment_shift,2018-01-03,-18,0.03287038579583168
2018-01-31,unemployment_assessment_shift,2018-01-04,-17,0.0324876606464386
2018-01-31,unemployment_assessment_shift,2018-01-05,-16,0.034533869475126266
2018-01-31,unemployment_assessment_shift,2018-01-08,-15,0.033928997814655304
2018-01-31,unemployment_assessment_shift,2018-01-09,-14,0.031693097203969955
2018-01-31,unemployment_assessment_shift,2018-01-10,-13,0.030815737321972847
2018-01-31,unemployment_assessment_shift,2018-01-11,-12,0.030791519209742546
2018-01-31,unemployment_assessment_shift,2018-01-12,-11,0.03044409118592739
2018-01-31,unemployment_assessment_shift,2018-01-16,-10,0.030692854896187782
2018-01-31,unemployment_assessment_shift,2018-01-17,-9,0.030643118545413017
2018-01-31,unemployment_assessment_shift,2018-01-18,-8,0.030037757009267807
2018-01-31,unemployment_assessment_shift,2018-01-19,-7,0.03020903468132019
2018-01-31,unemployment_assessment_shift,2018-01-22,-6,0.02948729135096073
2018-01-31,unemployment_assessment_shift,2018-01-23,-5,0.02871229313313961
2018-01-31,unemployment_assessment_shift,2018-01-24,-4,0.028996584936976433
2018-01-31,unemployment_assessment_shift,2018-01-25,-3,0.029789166525006294
2018-01-31,unemployment_assessment_shift,2018-01-26,-2,0.031954213976860046
2018-01-31,unemployment_assessment_shift,2018-01-29,-1,0.029678644612431526
2018-01-31,unemployment_assessment_shift,2018-01-30,0,0.02979753166437149
2018-01-31,labor_market_risk_shift,2017-12-14,-30,0.038978151977062225
2018-01-31,labor_market_risk_shift,2017-12-15,-29,0.038277603685855865
2018-01-31,labor_market_risk_shift,2017-12-18,-28,0.039439260959625244
2018-01-31,labor_market_risk_shift,2017-12-19,-27,0.03480455279350281
2018-01-31,labor_market_risk_shift,2017-12-20,-26,0.029478373005986214
2018-01-31,labor_market_risk_shift,2017-12-21,-25,0.031036635860800743
2018-01-31,labor_market_risk_shift,2017-12-22,-24,0.03211238980293274
2018-01-31,labor_market_risk_shift,2017-12-26,-23,0.0323396697640419
2018-01-31,labor_market_risk_shift,2017-12-27,-22,0.032140716910362244
2018-01-31,labor_market_risk_shift,2017-12-28,-21,0.036194391548633575
2018-01-31,labor_market_risk_shift,2017-12-29,-20,0.03750056400895119
2018-01-31,labor_market_risk_shift,2018-01-02,-19,0.03554277867078781
2018-01-31,labor_market_risk_shift,2018-01-03,-18,0.032931916415691376
2018-01-31,labor_market_risk_shift,2018-01-04,-17,0.033826734870672226
2018-01-31,labor_market_risk_shift,2018-01-05,-16,0.0351199209690094
2018-01-31,labor_market_risk_shift,2018-01-08,-15,0.03344860300421715
2018-01-31,labor_market_risk_shift,2018-01-09,-14,0.031444791704416275
2018-01-31,labor_market_risk_shift,2018-01-10,-13,0.029989909380674362
2018-01-31,labor_market_risk_shift,2018-01-11,-12,0.03000570833683014
2018-01-31,labor_market_risk_shift,2018-01-12,-11,0.02974754199385643
2018-01-31,labor_market_risk_shift,2018-01-16,-10,0.0303176399320364
2018-01-31,labor_market_risk_shift,2018-01-17,-9,0.03009355627000332
2018-01-31,labor_market_risk_shift,2018-01-18,-8,0.029449591413140297
2018-01-31,labor_market_risk_shift,2018-01-19,-7,0.02938704937696457
2018-01-31,labor_market_risk_shift,2018-01-22,-6,0.028792917728424072
2018-01-31,labor_market_risk_shift,2018-01-23,-5,0.027945591136813164
2018-01-31,labor_market_risk_shift,2018-01-24,-4,0.02883324958384037
2018-01-31,labor_market_risk_shift,2018-01-25,-3,0.02925562858581543
2018-01-31,labor_market_risk_shift,2018-01-26,-2,0.031923890113830566
2018-01-31,labor_market_risk_shift,2018-01-29,-1,0.02956792525947094
2018-01-31,labor_market_risk_shift,2018-01-30,0,0.030072759836912155
2018-01-31,growth_activity_shift,2017-12-14,-30,0.037885889410972595
2018-01-31,growth_activity_shift,2017-12-15,-29,0.03739853575825691
2018-01-31,growth_activity_shift,2017-12-18,-28,0.038442790508270264
2018-01-31,growth_activity_shift,2017-12-19,-27,0.034184832125902176
2018-01-31,growth_activity_shift,2017-12-20,-26,0.029994435608386993
2018-01-31,growth_activity_shift,2017-12-21,-25,0.031576111912727356
2018-01-31,growth_activity_shift,2017-12-22,-24,0.0330841951072216
2018-01-31,growth_activity_shift,2017-12-26,-23,0.032616905868053436
2018-01-31,growth_activity_shift,2017-12-27,-22,0.03240444138646126
2018-01-31,growth_activity_shift,2017-12-28,-21,0.035413309931755066
2018-01-31,growth_activity_shift,2017-12-29,-20,0.03639993444085121
2018-01-31,growth_activity_shift,2018-01-02,-19,0.03420683741569519
2018-01-31,growth_activity_shift,2018-01-03,-18,0.03255179524421692
2018-01-31,growth_activity_shift,2018-01-04,-17,0.03326383978128433
2018-01-31,growth_activity_shift,2018-01-05,-16,0.03483722358942032
2018-01-31,growth_activity_shift,2018-01-08,-15,0.03354287147521973
2018-01-31,growth_activity_shift,2018-01-09,-14,0.03154576197266579
2018-01-31,growth_activity_shift,2018-01-10,-13,0.030392855405807495
2018-01-31,growth_activity_shift,2018-01-11,-12,0.03049609810113907
2018-01-31,growth_activity_shift,2018-01-12,-11,0.03020433336496353
2018-01-31,growth_activity_shift,2018-01-16,-10,0.03059173747897148
2018-01-31,growth_activity_shift,2018-01-17,-9,0.030372673645615578
2018-01-31,growth_activity_shift,2018-01-18,-8,0.030045755207538605
2018-01-31,growth_activity_shift,2018-01-19,-7,0.030083904042840004
2018-01-31,growth_activity_shift,2018-01-22,-6,0.029330022633075714
2018-01-31,growth_activity_shift,2018-01-23,-5,0.028587695211172104
2018-01-31,growth_activity_shift,2018-01-24,-4,0.029035676270723343
2018-01-31,growth_activity_shift,2018-01-25,-3,0.02953970804810524
2018-01-31,growth_activity_shift,2018-01-26,-2,0.031874917447566986
2018-01-31,growth_activity_shift,2018-01-29,-1,0.030012672767043114
2018-01-31,growth_activity_shift,2018-01-30,0,0.03008221834897995
2018-01-31,financial_conditions_shift,2017-12-14,-30,0.03132518380880356
2018-01-31,financial_conditions_shift,2017-12-15,-29,0.030276231467723846
2018-01-31,financial_conditions_shift,2017-12-18,-28,0.029253000393509865
2018-01-31,financial_conditions_shift,2017-12-19,-27,0.03034321218729019
2018-01-31,financial_conditions_shift,2017-12-20,-26,0.033414602279663086
2018-01-31,financial_conditions_shift,2017-12-21,-25,0.03149793669581413
2018-01-31,financial_conditions_shift,2017-12-22,-24,0.03048892132937908
2018-01-31,financial_conditions_shift,2017-12-26,-23,0.031931038945913315
2018-01-31,financial_conditions_shift,2017-12-27,-22,0.0337149016559124
2018-01-31,financial_conditions_shift,2017-12-28,-21,0.029329771175980568
2018-01-31,financial_conditions_shift,2017-12-29,-20,0.02670310065150261
2018-01-31,financial_conditions_shift,2018-01-02,-19,0.02749730460345745
2018-01-31,financial_conditions_shift,2018-01-03,-18,0.03289726376533508
2018-01-31,financial_conditions_shift,2018-01-04,-17,0.028883321210741997
2018-01-31,financial_conditions_shift,2018-01-05,-16,0.030387263745069504
2018-01-31,financial_conditions_shift,2018-01-08,-15,0.032503750175237656
2018-01-31,financial_conditions_shift,2018-01-09,-14,0.033081814646720886
2018-01-31,financial_conditions_shift,2018-01-10,-13,0.0340200774371624
2018-01-31,financial_conditions_shift,2018-01-11,-12,0.03413645178079605
2018-01-31,financial_conditions_shift,2018-01-12,-11,0.035143736749887466
2018-01-31,financial_conditions_shift,2018-01-16,-10,0.03367000073194504
2018-01-31,financial_conditions_shift,2018-01-17,-9,0.034369952976703644
2018-01-31,financial_conditions_shift,2018-01-18,-8,0.03443543612957001
2018-01-31,financial_conditions_shift,2018-01-19,-7,0.03497666120529175
2018-01-31,financial_conditions_shift,2018-01-22,-6,0.035668373107910156
2018-01-31,financial_conditions_shift,2018-01-23,-5,0.03553149476647377
2018-01-31,financial_conditions_shift,2018-01-24,-4,0.033635854721069336
2018-01-31,financial_conditions_shift,2018-01-25,-3,0.03441710025072098
2018-01-31,financial_conditions_shift,2018-01-26,-2,0.031866706907749176
2018-01-31,financial_conditions_shift,2018-01-29,-1,0.03260107710957527
2018-01-31,financial_conditions_shift,2018-01-30,0,0.03199843317270279
2018-01-31,balance_sheet_policy_shift,2017-12-14,-30,0.03723856806755066
2018-01-31,balance_sheet_policy_shift,2017-12-15,-29,0.035461872816085815
2018-01-31,balance_sheet_policy_shift,2017-12-18,-28,0.036212414503097534
2018-01-31,balance_sheet_policy_shift,2017-12-19,-27,0.03315473347902298
2018-01-31,balance_sheet_policy_shift,2017-12-20,-26,0.03127456456422806
2018-01-31,balance_sheet_policy_shift,2017-12-21,-25,0.031158655881881714
2018-01-31,balance_sheet_policy_shift,2017-12-22,-24,0.03239672631025314
2018-01-31,balance_sheet_policy_shift,2017-12-26,-23,0.03218300640583038
2018-01-31,balance_sheet_policy_shift,2017-12-27,-22,0.03341775760054588
2018-01-31,balance_sheet_policy_shift,2017-12-28,-21,0.03362211585044861
2018-01-31,balance_sheet_policy_shift,2017-12-29,-20,0.03224409371614456
2018-01-31,balance_sheet_policy_shift,2018-01-02,-19,0.029187653213739395
2018-01-31,balance_sheet_policy_shift,2018-01-03,-18,0.03279317915439606
2018-01-31,balance_sheet_policy_shift,2018-01-04,-17,0.030340101569890976
2018-01-31,balance_sheet_policy_shift,2018-01-05,-16,0.03310173749923706
2018-01-31,balance_sheet_policy_shift,2018-01-08,-15,0.03425886854529381
2018-01-31,balance_sheet_policy_shift,2018-01-09,-14,0.03230024874210358
2018-01-31,balance_sheet_policy_shift,2018-01-10,-13,0.03226820006966591
2018-01-31,balance_sheet_policy_shift,2018-01-11,-12,0.03218856453895569
2018-01-31,balance_sheet_policy_shift,2018-01-12,-11,0.0321463868021965
2018-01-31,balance_sheet_policy_shift,2018-01-16,-10,0.03170792758464813
2018-01-31,balance_sheet_policy_shift,2018-01-17,-9,0.031867094337940216
2018-01-31,balance_sheet_policy_shift,2018-01-18,-8,0.031418249011039734
2018-01-31,balance_sheet_policy_shift,2018-01-19,-7,0.031962305307388306
2018-01-31,balance_sheet_policy_shift,2018-01-22,-6,0.031309377402067184
2018-01-31,balance_sheet_policy_shift,2018-01-23,-5,0.030637092888355255
2018-01-31,balance_sheet_policy_shift,2018-01-24,-4,0.03014371730387211
2018-01-31,balance_sheet_policy_shift,2018-01-25,-3,0.03160889446735382
2018-01-31,balance_sheet_policy_shift,2018-01-26,-2,0.0321095809340477
2018-01-31,balance_sheet_policy_shift,2018-01-29,-1,0.03038637898862362
2018-01-31,balance_sheet_policy_shift,2018-01-30,0,0.029899930581450462
2018-01-31,risk_balance_shift,2017-12-14,-30,0.036430709064006805
2018-01-31,risk_balance_shift,2017-12-15,-29,0.03380103036761284
2018-01-31,risk_balance_shift,2017-12-18,-28,0.033844806253910065
2018-01-31,risk_balance_shift,2017-12-19,-27,0.031890619546175
2018-01-31,risk_balance_shift,2017-12-20,-26,0.03135186433792114
2018-01-31,risk_balance_shift,2017-12-21,-25,0.031297750771045685
2018-01-31,risk_balance_shift,2017-12-22,-24,0.03161995857954025
2018-01-31,risk_balance_shift,2017-12-26,-23,0.033041637390851974
2018-01-31,risk_balance_shift,2017-12-27,-22,0.03463461995124817
2018-01-31,risk_balance_shift,2017-12-28,-21,0.03209596127271652
2018-01-31,risk_balance_shift,2017-12-29,-20,0.030114181339740753
2018-01-31,risk_balance_shift,2018-01-02,-19,0.0285491980612278
2018-01-31,risk_balance_shift,2018-01-03,-18,0.03278636932373047
2018-01-31,risk_balance_shift,2018-01-04,-17,0.029337940737605095
2018-01-31,risk_balance_shift,2018-01-05,-16,0.03182874992489815
2018-01-31,risk_balance_shift,2018-01-08,-15,0.03355726972222328
2018-01-31,risk_balance_shift,2018-01-09,-14,0.03238118067383766
2018-01-31,risk_balance_shift,2018-01-10,-13,0.032351553440093994
2018-01-31,risk_balance_shift,2018-01-11,-12,0.03287298604846001
2018-01-31,risk_balance_shift,2018-01-12,-11,0.0331028550863266
2018-01-31,risk_balance_shift,2018-01-16,-10,0.03229460492730141
2018-01-31,risk_balance_shift,2018-01-17,-9,0.0327286422252655
2018-01-31,risk_balance_shift,2018-01-18,-8,0.032468028366565704
2018-01-31,risk_balance_shift,2018-01-19,-7,0.03315918520092964
2018-01-31,risk_balance_shift,2018-01-22,-6,0.03297392651438713
2018-01-31,risk_balance_shift,2018-01-23,-5,0.032344840466976166
2018-01-31,risk_balance_shift,2018-01-24,-4,0.03124779835343361
2018-01-31,risk_balance_shift,2018-01-25,-3,0.03237037733197212
2018-01-31,risk_balance_shift,2018-01-26,-2,0.03191539645195007
2018-01-31,risk_balance_shift,2018-01-29,-1,0.030822431668639183
2018-01-31,risk_balance_shift,2018-01-30,0,0.030783530324697495
2018-01-31,committee_dispersion,2017-12-14,-30,0.03464486077427864
2018-01-31,committee_dispersion,2017-12-15,-29,0.03257988765835762
2018-01-31,committee_dispersion,2017-12-18,-28,0.0324077270925045
2018-01-31,committee_dispersion,2017-12-19,-27,0.03152178227901459
2018-01-31,committee_dispersion,2017-12-20,-26,0.03217759728431702
2018-01-31,committee_dispersion,2017-12-21,-25,0.03132643550634384
2018-01-31,committee_dispersion,2017-12-22,-24,0.030830614268779755
2018-01-31,committee_dispersion,2017-12-26,-23,0.03267018869519234
2018-01-31,committee_dispersion,2017-12-27,-22,0.034039415419101715
2018-01-31,committee_dispersion,2017-12-28,-21,0.030834414064884186
2018-01-31,committee_dispersion,2017-12-29,-20,0.028653990477323532
2018-01-31,committee_dispersion,2018-01-02,-19,0.027895892038941383
2018-01-31,committee_dispersion,2018-01-03,-18,0.03264779597520828
2018-01-31,committee_dispersion,2018-01-04,-17,0.028751596808433533
2018-01-31,committee_dispersion,2018-01-05,-16,0.03114650398492813
2018-01-31,committee_dispersion,2018-01-08,-15,0.03313726186752319
2018-01-31,committee_dispersion,2018-01-09,-14,0.03255060315132141
2018-01-31,committee_dispersion,2018-01-10,-13,0.03312478959560394
2018-01-31,committee_dispersion,2018-01-11,-12,0.03365832939743996
2018-01-31,committee_dispersion,2018-01-12,-11,0.03409689664840698
2018-01-31,committee_dispersion,2018-01-16,-10,0.032807283103466034
2018-01-31,committee_dispersion,2018-01-17,-9,0.03329171985387802
2018-01-31,committee_dispersion,2018-01-18,-8,0.03327172249555588
2018-01-31,committee_dispersion,2018-01-19,-7,0.03385224565863609
2018-01-31,committee_dispersion,2018-01-22,-6,0.03418862074613571
2018-01-31,committee_dispersion,2018-01-23,-5,0.03391095995903015
2018-01-31,committee_dispersion,2018-01-24,-4,0.0323803685605526
2018-01-31,committee_dispersion,2018-01-25,-3,0.0332496240735054
2018-01-31,committee_dispersion,2018-01-26,-2,0.03173821419477463
2018-01-31,committee_dispersion,2018-01-29,-1,0.03144790232181549
2018-01-31,committee_dispersion,2018-01-30,0,0.03116477094590664
2018-01-31,policy_uncertainty,2017-12-14,-30,0.03083113022148609
2018-01-31,policy_uncertainty,2017-12-15,-29,0.029634052887558937
2018-01-31,policy_uncertainty,2017-12-18,-28,0.028897758573293686
2018-01-31,policy_uncertainty,2017-12-19,-27,0.030248165130615234
2018-01-31,policy_uncertainty,2017-12-20,-26,0.03333142399787903
2018-01-31,policy_uncertainty,2017-12-21,-25,0.03150474280118942
2018-01-31,policy_uncertainty,2017-12-22,-24,0.030304327607154846
2018-01-31,policy_uncertainty,2017-12-26,-23,0.03199264407157898
2018-01-31,policy_uncertainty,2017-12-27,-22,0.033724501729011536
2018-01-31,policy_uncertainty,2017-12-28,-21,0.029026973992586136
2018-01-31,policy_uncertainty,2017-12-29,-20,0.027194157242774963
2018-01-31,policy_uncertainty,2018-01-02,-19,0.028122063726186752
2018-01-31,policy_uncertainty,2018-01-03,-18,0.032769009470939636
2018-01-31,policy_uncertainty,2018-01-04,-17,0.02896840125322342
2018-01-31,policy_uncertainty,2018-01-05,-16,0.03029692731797695
2018-01-31,policy_uncertainty,2018-01-08,-15,0.03210925683379173
2018-01-31,policy_uncertainty,2018-01-09,-14,0.03287243843078613
2018-01-31,policy_uncertainty,2018-01-10,-13,0.033984847366809845
2018-01-31,policy_uncertainty,2018-01-11,-12,0.034173302352428436
2018-01-31,policy_uncertainty,2018-01-12,-11,0.03512878715991974
2018-01-31,policy_uncertainty,2018-01-16,-10,0.03372900187969208
2018-01-31,policy_uncertainty,2018-01-17,-9,0.034377142786979675
2018-01-31,policy_uncertainty,2018-01-18,-8,0.0345478355884552
2018-01-31,policy_uncertainty,2018-01-19,-7,0.03501659259200096
2018-01-31,policy_uncertainty,2018-01-22,-6,0.035852886736392975
2018-01-31,policy_uncertainty,2018-01-23,-5,0.035961199551820755
2018-01-31,policy_uncertainty,2018-01-24,-4,0.03403445705771446
2018-01-31,policy_uncertainty,2018-01-25,-3,0.03456137701869011
2018-01-31,policy_uncertainty,2018-01-26,-2,0.031627804040908813
2018-01-31,policy_uncertainty,2018-01-29,-1,0.032848142087459564
2018-01-31,policy_uncertainty,2018-01-30,0,0.03232862800359726
2018-01-31,forward_guidance_strength,2017-12-14,-30,0.038986802101135254
2018-01-31,forward_guidance_strength,2017-12-15,-29,0.03773928061127663
2018-01-31,forward_guidance_strength,2017-12-18,-28,0.03908374905586243
2018-01-31,forward_guidance_strength,2017-12-19,-27,0.03490084782242775
2018-01-31,forward_guidance_strength,2017-12-20,-26,0.030066246166825294
2018-01-31,forward_guidance_strength,2017-12-21,-25,0.030838511884212494
2018-01-31,forward_guidance_strength,2017-12-22,-24,0.03160510212182999
2018-01-31,forward_guidance_strength,2017-12-26,-23,0.03173305094242096
2018-01-31,forward_guidance_strength,2017-12-27,-22,0.032598212361335754
2018-01-31,forward_guidance_strength,2017-12-28,-21,0.03507211059331894
2018-01-31,forward_guidance_strength,2017-12-29,-20,0.036206599324941635
2018-01-31,forward_guidance_strength,2018-01-02,-19,0.03424915298819542
2018-01-31,forward_guidance_strength,2018-01-03,-18,0.0332864485681057
2018-01-31,forward_guidance_strength,2018-01-04,-17,0.033183079212903976
2018-01-31,forward_guidance_strength,2018-01-05,-16,0.0347752571105957
2018-01-31,forward_guidance_strength,2018-01-08,-15,0.03375633805990219
2018-01-31,forward_guidance_strength,2018-01-09,-14,0.03162652626633644
2018-01-31,forward_guidance_strength,2018-01-10,-13,0.030441153794527054
2018-01-31,forward_guidance_strength,2018-01-11,-12,0.030123189091682434
2018-01-31,forward_guidance_strength,2018-01-12,-11,0.030210841447114944
2018-01-31,forward_guidance_strength,2018-01-16,-10,0.030657030642032623
2018-01-31,forward_guidance_strength,2018-01-17,-9,0.030631938949227333
2018-01-31,forward_guidance_strength,2018-01-18,-8,0.030108001083135605
2018-01-31,forward_guidance_strength,2018-01-19,-7,0.030205102637410164
2018-01-31,forward_guidance_strength,2018-01-22,-6,0.029367705807089806
2018-01-31,forward_guidance_strength,2018-01-23,-5,0.028459355235099792
2018-01-31,forward_guidance_strength,2018-01-24,-4,0.028918851166963577
2018-01-31,forward_guidance_strength,2018-01-25,-3,0.029913414269685745
2018-01-31,forward_guidance_strength,2018-01-26,-2,0.03183469921350479
2018-01-31,forward_guidance_strength,2018-01-29,-1,0.029572971165180206
2018-01-31,forward_guidance_strength,2018-01-30,0,0.029848432168364525
2018-03-21,rate_decision,2018-02-01,-32,0.030629001557826996
2018-03-21,rate_decision,2018-02-02,-31,0.03032592684030533
2018-03-21,rate_decision,2018-02-05,-30,0.03026614338159561
2018-03-21,rate_decision,2018-02-06,-29,0.029126666486263275
2018-03-21,rate_decision,2018-02-07,-28,0.02890167385339737
2018-03-21,rate_decision,2018-02-08,-27,0.028198471292853355
2018-03-21,rate_decision,2018-02-09,-26,0.029336892068386078
2018-03-21,rate_decision,2018-02-12,-25,0.028555281460285187
2018-03-21,rate_decision,2018-02-13,-24,0.029956363141536713
2018-03-21,rate_decision,2018-02-14,-23,0.03143163025379181
2018-03-21,rate_decision,2018-02-15,-22,0.0354301780462265
2018-03-21,rate_decision,2018-02-16,-21,0.03395729884505272
2018-03-21,rate_decision,2018-02-20,-20,0.034246813505887985
2018-03-21,rate_decision,2018-02-21,-19,0.032231055200099945
2018-03-21,rate_decision,2018-02-22,-18,0.031032638624310493
2018-03-21,rate_decision,2018-02-23,-17,0.03215249255299568
2018-03-21,rate_decision,2018-02-26,-16,0.033244937658309937
2018-03-21,rate_decision,2018-02-27,-15,0.025696953758597374
2018-03-21,rate_decision,2018-02-28,-14,0.02737428992986679
2018-03-21,rate_decision,2018-03-01,-13,0.03133904188871384
2018-03-21,rate_decision,2018-03-02,-12,0.030327802523970604
2018-03-21,rate_decision,2018-03-05,-11,0.03109055757522583
2018-03-21,rate_decision,2018-03-06,-10,0.027909982949495316
2018-03-21,rate_decision,2018-03-07,-9,0.028728729113936424
2018-03-21,rate_decision,2018-03-08,-8,0.02873801440000534
2018-03-21,rate_decision,2018-03-09,-7,0.0271674282848835
2018-03-21,rate_decision,2018-03-12,-6,0.02967827208340168
2018-03-21,rate_decision,2018-03-13,-5,0.029458504170179367
2018-03-21,rate_decision,2018-03-14,-4,0.03164957836270332
2018-03-21,rate_decision,2018-03-15,-3,0.029932187870144844
2018-03-21,rate_decision,2018-03-16,-2,0.030397281050682068
2018-03-21,rate_decision,2018-03-19,-1,0.03207230195403099
2018-03-21,rate_decision,2018-03-20,0,0.029415613040328026
2018-03-21,current_policy_stance,2018-02-01,-32,0.03261897712945938
2018-03-21,current_policy_stance,2018-02-02,-31,0.02822505496442318
2018-03-21,current_policy_stance,2018-02-05,-30,0.031152045354247093
2018-03-21,current_policy_stance,2018-02-06,-29,0.02997310273349285
2018-03-21,current_policy_stance,2018-02-07,-28,0.027034690603613853
2018-03-21,current_policy_stance,2018-02-08,-27,0.02824891172349453
2018-03-21,current_policy_stance,2018-02-09,-26,0.034946125000715256
2018-03-21,current_policy_stance,2018-02-12,-25,0.03144808113574982
2018-03-21,current_policy_stance,2018-02-13,-24,0.03017934411764145
2018-03-21,current_policy_stance,2018-02-14,-23,0.028532378375530243
2018-03-21,current_policy_stance,2018-02-15,-22,0.02964240312576294
2018-03-21,current_policy_stance,2018-02-16,-21,0.031812407076358795
2018-03-21,current_policy_stance,2018-02-20,-20,0.031107354909181595
2018-03-21,current_policy_stance,2018-02-21,-19,0.027391977608203888
2018-03-21,current_policy_stance,2018-02-22,-18,0.029844259843230247
2018-03-21,current_policy_stance,2018-02-23,-17,0.03091314807534218
2018-03-21,current_policy_stance,2018-02-26,-16,0.03210137411952019
2018-03-21,current_policy_stance,2018-02-27,-15,0.027802307158708572
2018-03-21,current_policy_stance,2018-02-28,-14,0.028937090188264847
2018-03-21,current_policy_stance,2018-03-01,-13,0.031740378588438034
2018-03-21,current_policy_stance,2018-03-02,-12,0.030622918158769608
2018-03-21,current_policy_stance,2018-03-05,-11,0.030161121860146523
2018-03-21,current_policy_stance,2018-03-06,-10,0.03189034014940262
2018-03-21,current_policy_stance,2018-03-07,-9,0.029812300577759743
2018-03-21,current_policy_stance,2018-03-08,-8,0.02886827103793621
2018-03-21,current_policy_stance,2018-03-09,-7,0.02807040512561798
2018-03-21,current_policy_stance,2018-03-12,-6,0.029656626284122467
2018-03-21,current_policy_stance,2018-03-13,-5,0.030279750004410744
2018-03-21,current_policy_stance,2018-03-14,-4,0.032826974987983704
2018-03-21,current_policy_stance,2018-03-15,-3,0.030524108558893204
2018-03-21,current_policy_stance,2018-03-16,-2,0.032378509640693665
2018-03-21,current_policy_stance,2018-03-19,-1,0.03105265274643898
2018-03-21,current_policy_stance,2018-03-20,0,0.030204610899090767
2018-03-21,policy_stance_shift,2018-02-01,-32,0.0310867540538311
2018-03-21,policy_stance_shift,2018-02-02,-31,0.02763601951301098
2018-03-21,policy_stance_shift,2018-02-05,-30,0.03003397025167942
2018-03-21,policy_stance_shift,2018-02-06,-29,0.030805254355072975
2018-03-21,policy_stance_shift,2018-02-07,-28,0.026443151757121086
2018-03-21,policy_stance_shift,2018-02-08,-27,0.027496464550495148
2018-03-21,policy_stance_shift,2018-02-09,-26,0.03301670402288437
2018-03-21,policy_stance_shift,2018-02-12,-25,0.032596588134765625
2018-03-21,policy_stance_shift,2018-02-13,-24,0.029231643304228783
2018-03-21,policy_stance_shift,2018-02-14,-23,0.028845008462667465
2018-03-21,policy_stance_shift,2018-02-15,-22,0.029412593692541122
2018-03-21,policy_stance_shift,2018-02-16,-21,0.03228115662932396
2018-03-21,policy_stance_shift,2018-02-20,-20,0.031644418835639954
2018-03-21,policy_stance_shift,2018-02-21,-19,0.028262542560696602
2018-03-21,policy_stance_shift,2018-02-22,-18,0.028993144631385803
2018-03-21,policy_stance_shift,2018-02-23,-17,0.03147674724459648
2018-03-21,policy_stance_shift,2018-02-26,-16,0.03234259784221649
2018-03-21,policy_stance_shift,2018-02-27,-15,0.028430907055735588
2018-03-21,policy_stance_shift,2018-02-28,-14,0.028360877186059952
2018-03-21,policy_stance_shift,2018-03-01,-13,0.03230130672454834
2018-03-21,policy_stance_shift,2018-03-02,-12,0.03243956342339516
2018-03-21,policy_stance_shift,2018-03-05,-11,0.02976873703300953
2018-03-21,policy_stance_shift,2018-03-06,-10,0.0317833237349987
2018-03-21,policy_stance_shift,2018-03-07,-9,0.029235849156975746
2018-03-21,policy_stance_shift,2018-03-08,-8,0.029227321967482567
2018-03-21,policy_stance_shift,2018-03-09,-7,0.027602558955550194
2018-03-21,policy_stance_shift,2018-03-12,-6,0.029286237433552742
2018-03-21,policy_stance_shift,2018-03-13,-5,0.029720822349190712
2018-03-21,policy_stance_shift,2018-03-14,-4,0.0335443913936615
2018-03-21,policy_stance_shift,2018-03-15,-3,0.031848713755607605
2018-03-21,policy_stance_shift,2018-03-16,-2,0.032781925052404404
2018-03-21,policy_stance_shift,2018-03-19,-1,0.03181736171245575
2018-03-21,policy_stance_shift,2018-03-20,0,0.030245341360569
2018-03-21,expected_rate_path_shift,2018-02-01,-32,0.030866462737321854
2018-03-21,expected_rate_path_shift,2018-02-02,-31,0.027405813336372375
2018-03-21,expected_rate_path_shift,2018-02-05,-30,0.029811233282089233
2018-03-21,expected_rate_path_shift,2018-02-06,-29,0.03064195066690445
2018-03-21,expected_rate_path_shift,2018-02-07,-28,0.026037752628326416
2018-03-21,expected_rate_path_shift,2018-02-08,-27,0.026963254436850548
2018-03-21,expected_rate_path_shift,2018-02-09,-26,0.03282267600297928
2018-03-21,expected_rate_path_shift,2018-02-12,-25,0.03322086110711098
2018-03-21,expected_rate_path_shift,2018-02-13,-24,0.028468994423747063
2018-03-21,expected_rate_path_shift,2018-02-14,-23,0.02876782789826393
2018-03-21,expected_rate_path_shift,2018-02-15,-22,0.02934061922132969
2018-03-21,expected_rate_path_shift,2018-02-16,-21,0.03280499577522278
2018-03-21,expected_rate_path_shift,2018-02-20,-20,0.03247635439038277
2018-03-21,expected_rate_path_shift,2018-02-21,-19,0.028891094028949738
2018-03-21,expected_rate_path_shift,2018-02-22,-18,0.029245620593428612
2018-03-21,expected_rate_path_shift,2018-02-23,-17,0.03210584074258804
2018-03-21,expected_rate_path_shift,2018-02-26,-16,0.03281395882368088
2018-03-21,expected_rate_path_shift,2018-02-27,-15,0.027963586151599884
2018-03-21,expected_rate_path_shift,2018-02-28,-14,0.027820570394396782
2018-03-21,expected_rate_path_shift,2018-03-01,-13,0.03167364001274109
2018-03-21,expected_rate_path_shift,2018-03-02,-12,0.03328213095664978
2018-03-21,expected_rate_path_shift,2018-03-05,-11,0.028904668986797333
2018-03-21,expected_rate_path_shift,2018-03-06,-10,0.030804717913269997
2018-03-21,expected_rate_path_shift,2018-03-07,-9,0.029271412640810013
2018-03-21,expected_rate_path_shift,2018-03-08,-8,0.02899991162121296
2018-03-21,expected_rate_path_shift,2018-03-09,-7,0.027538958936929703
2018-03-21,expected_rate_path_shift,2018-03-12,-6,0.02886672131717205
2018-03-21,expected_rate_path_shift,2018-03-13,-5,0.029325230047106743
2018-03-21,expected_rate_path_shift,2018-03-14,-4,0.033646341413259506
2018-03-21,expected_rate_path_shift,2018-03-15,-3,0.03199975937604904
2018-03-21,expected_rate_path_shift,2018-03-16,-2,0.033259302377700806
2018-03-21,expected_rate_path_shift,2018-03-19,-1,0.03291355445981026
2018-03-21,expected_rate_path_shift,2018-03-20,0,0.031044136732816696
2018-03-21,inflation_assessment_shift,2018-02-01,-32,0.03199736028909683
2018-03-21,inflation_assessment_shift,2018-02-02,-31,0.028089752420783043
2018-03-21,inflation_assessment_shift,2018-02-05,-30,0.03096313774585724
2018-03-21,inflation_assessment_shift,2018-02-06,-29,0.03039989247918129
2018-03-21,inflation_assessment_shift,2018-02-07,-28,0.026094557717442513
2018-03-21,inflation_assessment_shift,2018-02-08,-27,0.02761966735124588
2018-03-21,inflation_assessment_shift,2018-02-09,-26,0.033502474427223206
2018-03-21,inflation_assessment_shift,2018-02-12,-25,0.03253265470266342
2018-03-21,inflation_assessment_shift,2018-02-13,-24,0.029681187123060226
2018-03-21,inflation_assessment_shift,2018-02-14,-23,0.02824321947991848
2018-03-21,inflation_assessment_shift,2018-02-15,-22,0.029454626142978668
2018-03-21,inflation_assessment_shift,2018-02-16,-21,0.03262334316968918
2018-03-21,inflation_assessment_shift,2018-02-20,-20,0.03188342973589897
2018-03-21,inflation_assessment_shift,2018-02-21,-19,0.028391798958182335
2018-03-21,inflation_assessment_shift,2018-02-22,-18,0.029355263337492943
2018-03-21,inflation_assessment_shift,2018-02-23,-17,0.03121282160282135
2018-03-21,inflation_assessment_shift,2018-02-26,-16,0.0323876217007637
2018-03-21,inflation_assessment_shift,2018-02-27,-15,0.027618752792477608
2018-03-21,inflation_assessment_shift,2018-02-28,-14,0.02842482179403305
2018-03-21,inflation_assessment_shift,2018-03-01,-13,0.03193601593375206
2018-03-21,inflation_assessment_shift,2018-03-02,-12,0.0313231535255909
2018-03-21,inflation_assessment_shift,2018-03-05,-11,0.029268307611346245
2018-03-21,inflation_assessment_shift,2018-03-06,-10,0.03104628622531891
2018-03-21,inflation_assessment_shift,2018-03-07,-9,0.02901526167988777
2018-03-21,inflation_assessment_shift,2018-03-08,-8,0.028973815962672234
2018-03-21,inflation_assessment_shift,2018-03-09,-7,0.027207324281334877
2018-03-21,inflation_assessment_shift,2018-03-12,-6,0.028874339535832405
2018-03-21,inflation_assessment_shift,2018-03-13,-5,0.029523521661758423
2018-03-21,inflation_assessment_shift,2018-03-14,-4,0.033261507749557495
2018-03-21,inflation_assessment_shift,2018-03-15,-3,0.031527940183877945
2018-03-21,inflation_assessment_shift,2018-03-16,-2,0.033404745161533356
2018-03-21,inflation_assessment_shift,2018-03-19,-1,0.03285247087478638
2018-03-21,inflation_assessment_shift,2018-03-20,0,0.03130890429019928
2018-03-21,inflation_risk_shift,2018-02-01,-32,0.03399752825498581
2018-03-21,inflation_risk_shift,2018-02-02,-31,0.02971928007900715
2018-03-21,inflation_risk_shift,2018-02-05,-30,0.031938038766384125
2018-03-21,inflation_risk_shift,2018-02-06,-29,0.03086880035698414
2018-03-21,inflation_risk_shift,2018-02-07,-28,0.028645314276218414
2018-03-21,inflation_risk_shift,2018-02-08,-27,0.028820011764764786
2018-03-21,inflation_risk_shift,2018-02-09,-26,0.03358981013298035
2018-03-21,inflation_risk_shift,2018-02-12,-25,0.031071264296770096
2018-03-21,inflation_risk_shift,2018-02-13,-24,0.02964511699974537
2018-03-21,inflation_risk_shift,2018-02-14,-23,0.027969878166913986
2018-03-21,inflation_risk_shift,2018-02-15,-22,0.02934061735868454
2018-03-21,inflation_risk_shift,2018-02-16,-21,0.030554650351405144
2018-03-21,inflation_risk_shift,2018-02-20,-20,0.029857173562049866
2018-03-21,inflation_risk_shift,2018-02-21,-19,0.026881491765379906
2018-03-21,inflation_risk_shift,2018-02-22,-18,0.02906649373471737
2018-03-21,inflation_risk_shift,2018-02-23,-17,0.029869044199585915
2018-03-21,inflation_risk_shift,2018-02-26,-16,0.03152469918131828
2018-03-21,inflation_risk_shift,2018-02-27,-15,0.027490884065628052
2018-03-21,inflation_risk_shift,2018-02-28,-14,0.028188034892082214
2018-03-21,inflation_risk_shift,2018-03-01,-13,0.0309126079082489
2018-03-21,inflation_risk_shift,2018-03-02,-12,0.029564550146460533
2018-03-21,inflation_risk_shift,2018-03-05,-11,0.030131859704852104
2018-03-21,inflation_risk_shift,2018-03-06,-10,0.030900273472070694
2018-03-21,inflation_risk_shift,2018-03-07,-9,0.029614925384521484
2018-03-21,inflation_risk_shift,2018-03-08,-8,0.0293698962777853
2018-03-21,inflation_risk_shift,2018-03-09,-7,0.028455825522542
2018-03-21,inflation_risk_shift,2018-03-12,-6,0.030536958947777748
2018-03-21,inflation_risk_shift,2018-03-13,-5,0.030876047909259796
2018-03-21,inflation_risk_shift,2018-03-14,-4,0.03272802010178566
2018-03-21,inflation_risk_shift,2018-03-15,-3,0.031023306772112846
2018-03-21,inflation_risk_shift,2018-03-16,-2,0.03394119441509247
2018-03-21,inflation_risk_shift,2018-03-19,-1,0.03185940906405449
2018-03-21,inflation_risk_shift,2018-03-20,0,0.031047003343701363
2018-03-21,unemployment_assessment_shift,2018-02-01,-32,0.032716281712055206
2018-03-21,unemployment_assessment_shift,2018-02-02,-31,0.02887454628944397
2018-03-21,unemployment_assessment_shift,2018-02-05,-30,0.031308285892009735
2018-03-21,unemployment_assessment_shift,2018-02-06,-29,0.029888838529586792
2018-03-21,unemployment_assessment_shift,2018-02-07,-28,0.0273030586540699
2018-03-21,unemployment_assessment_shift,2018-02-08,-27,0.02828223817050457
2018-03-21,unemployment_assessment_shift,2018-02-09,-26,0.033777013421058655
2018-03-21,unemployment_assessment_shift,2018-02-12,-25,0.031327079981565475
2018-03-21,unemployment_assessment_shift,2018-02-13,-24,0.028945308178663254
2018-03-21,unemployment_assessment_shift,2018-02-14,-23,0.02815135195851326
2018-03-21,unemployment_assessment_shift,2018-02-15,-22,0.028312034904956818
2018-03-21,unemployment_assessment_shift,2018-02-16,-21,0.031452685594558716
2018-03-21,unemployment_assessment_shift,2018-02-20,-20,0.030219845473766327
2018-03-21,unemployment_assessment_shift,2018-02-21,-19,0.027395950630307198
2018-03-21,unemployment_assessment_shift,2018-02-22,-18,0.029223714023828506
2018-03-21,unemployment_assessment_shift,2018-02-23,-17,0.030758347362279892
2018-03-21,unemployment_assessment_shift,2018-02-26,-16,0.03170821815729141
2018-03-21,unemployment_assessment_shift,2018-02-27,-15,0.028177475556731224
2018-03-21,unemployment_assessment_shift,2018-02-28,-14,0.028975659981369972
2018-03-21,unemployment_assessment_shift,2018-03-01,-13,0.03201264142990112
2018-03-21,unemployment_assessment_shift,2018-03-02,-12,0.030126292258501053
2018-03-21,unemployment_assessment_shift,2018-03-05,-11,0.029523467645049095
2018-03-21,unemployment_assessment_shift,2018-03-06,-10,0.03153187409043312
2018-03-21,unemployment_assessment_shift,2018-03-07,-9,0.029497399926185608
2018-03-21,unemployment_assessment_shift,2018-03-08,-8,0.02920156717300415
2018-03-21,unemployment_assessment_shift,2018-03-09,-7,0.028800155967473984
2018-03-21,unemployment_assessment_shift,2018-03-12,-6,0.03009897470474243
2018-03-21,unemployment_assessment_shift,2018-03-13,-5,0.031130043789744377
2018-03-21,unemployment_assessment_shift,2018-03-14,-4,0.0334949791431427
2018-03-21,unemployment_assessment_shift,2018-03-15,-3,0.0316547267138958
2018-03-21,unemployment_assessment_shift,2018-03-16,-2,0.03331455588340759
2018-03-21,unemployment_assessment_shift,2018-03-19,-1,0.031916797161102295
2018-03-21,unemployment_assessment_shift,2018-03-20,0,0.030898582190275192
2018-03-21,labor_market_risk_shift,2018-02-01,-32,0.030048884451389313
2018-03-21,labor_market_risk_shift,2018-02-02,-31,0.027132907882332802
2018-03-21,labor_market_risk_shift,2018-02-05,-30,0.02939576283097267
2018-03-21,labor_market_risk_shift,2018-02-06,-29,0.0310177244246006
2018-03-21,labor_market_risk_shift,2018-02-07,-28,0.025698823854327202
2018-03-21,labor_market_risk_shift,2018-02-08,-27,0.027228984981775284
2018-03-21,labor_market_risk_shift,2018-02-09,-26,0.032079923897981644
2018-03-21,labor_market_risk_shift,2018-02-12,-25,0.03383714705705643
2018-03-21,labor_market_risk_shift,2018-02-13,-24,0.02792077325284481
2018-03-21,labor_market_risk_shift,2018-02-14,-23,0.028876474127173424
2018-03-21,labor_market_risk_shift,2018-02-15,-22,0.029611483216285706
2018-03-21,labor_market_risk_shift,2018-02-16,-21,0.032945990562438965
2018-03-21,labor_market_risk_shift,2018-02-20,-20,0.03255339711904526
2018-03-21,labor_market_risk_shift,2018-02-21,-19,0.02904159389436245
2018-03-21,labor_market_risk_shift,2018-02-22,-18,0.028968650847673416
2018-03-21,labor_market_risk_shift,2018-02-23,-17,0.03240004926919937
2018-03-21,labor_market_risk_shift,2018-02-26,-16,0.03228360041975975
2018-03-21,labor_market_risk_shift,2018-02-27,-15,0.02817445993423462
2018-03-21,labor_market_risk_shift,2018-02-28,-14,0.02818145975470543
2018-03-21,labor_market_risk_shift,2018-03-01,-13,0.03176095709204674
2018-03-21,labor_market_risk_shift,2018-03-02,-12,0.034346334636211395
2018-03-21,labor_market_risk_shift,2018-03-05,-11,0.02934185042977333
2018-03-21,labor_market_risk_shift,2018-03-06,-10,0.031048987060785294
2018-03-21,labor_market_risk_shift,2018-03-07,-9,0.029347706586122513
2018-03-21,labor_market_risk_shift,2018-03-08,-8,0.028641171753406525
2018-03-21,labor_market_risk_shift,2018-03-09,-7,0.027224764227867126
2018-03-21,labor_market_risk_shift,2018-03-12,-6,0.028659161180257797
2018-03-21,labor_market_risk_shift,2018-03-13,-5,0.028913889080286026
2018-03-21,labor_market_risk_shift,2018-03-14,-4,0.03360828757286072
2018-03-21,labor_market_risk_shift,2018-03-15,-3,0.03218299150466919
2018-03-21,labor_market_risk_shift,2018-03-16,-2,0.033456671983003616
2018-03-21,labor_market_risk_shift,2018-03-19,-1,0.03311696648597717
2018-03-21,labor_market_risk_shift,2018-03-20,0,0.03095220774412155
2018-03-21,growth_activity_shift,2018-02-01,-32,0.031995367258787155
2018-03-21,growth_activity_shift,2018-02-02,-31,0.028268223628401756
2018-03-21,growth_activity_shift,2018-02-05,-30,0.030520640313625336
2018-03-21,growth_activity_shift,2018-02-06,-29,0.030300414189696312
2018-03-21,growth_activity_shift,2018-02-07,-28,0.02641821652650833
2018-03-21,growth_activity_shift,2018-02-08,-27,0.02770104445517063
2018-03-21,growth_activity_shift,2018-02-09,-26,0.032958630472421646
2018-03-21,growth_activity_shift,2018-02-12,-25,0.032381873577833176
2018-03-21,growth_activity_shift,2018-02-13,-24,0.028633112087845802
2018-03-21,growth_activity_shift,2018-02-14,-23,0.028644055128097534
2018-03-21,growth_activity_shift,2018-02-15,-22,0.029378484934568405
2018-03-21,growth_activity_shift,2018-02-16,-21,0.03265300765633583
2018-03-21,growth_activity_shift,2018-02-20,-20,0.03214174509048462
2018-03-21,growth_activity_shift,2018-02-21,-19,0.028808198869228363
2018-03-21,growth_activity_shift,2018-02-22,-18,0.02965317852795124
2018-03-21,growth_activity_shift,2018-02-23,-17,0.031503476202487946
2018-03-21,growth_activity_shift,2018-02-26,-16,0.03217373043298721
2018-03-21,growth_activity_shift,2018-02-27,-15,0.02773154154419899
2018-03-21,growth_activity_shift,2018-02-28,-14,0.02849472314119339
2018-03-21,growth_activity_shift,2018-03-01,-13,0.03169744834303856
2018-03-21,growth_activity_shift,2018-03-02,-12,0.031580157577991486
2018-03-21,growth_activity_shift,2018-03-05,-11,0.028973503038287163
2018-03-21,growth_activity_shift,2018-03-06,-10,0.030956003814935684
2018-03-21,growth_activity_shift,2018-03-07,-9,0.02931063435971737
2018-03-21,growth_activity_shift,2018-03-08,-8,0.029129505157470703
2018-03-21,growth_activity_shift,2018-03-09,-7,0.02808229997754097
2018-03-21,growth_activity_shift,2018-03-12,-6,0.029250919818878174
2018-03-21,growth_activity_shift,2018-03-13,-5,0.030052194371819496
2018-03-21,growth_activity_shift,2018-03-14,-4,0.03318329155445099
2018-03-21,growth_activity_shift,2018-03-15,-3,0.03137148171663284
2018-03-21,growth_activity_shift,2018-03-16,-2,0.03265809640288353
2018-03-21,growth_activity_shift,2018-03-19,-1,0.03238116204738617
2018-03-21,growth_activity_shift,2018-03-20,0,0.031013645231723785
2018-03-21,financial_conditions_shift,2018-02-01,-32,0.03170093521475792
2018-03-21,financial_conditions_shift,2018-02-02,-31,0.02807990275323391
2018-03-21,financial_conditions_shift,2018-02-05,-30,0.029830945655703545
2018-03-21,financial_conditions_shift,2018-02-06,-29,0.03075462207198143
2018-03-21,financial_conditions_shift,2018-02-07,-28,0.02649901621043682
2018-03-21,financial_conditions_shift,2018-02-08,-27,0.027323560789227486
2018-03-21,financial_conditions_shift,2018-02-09,-26,0.03218070790171623
2018-03-21,financial_conditions_shift,2018-02-12,-25,0.03304918482899666
2018-03-21,financial_conditions_shift,2018-02-13,-24,0.02913995273411274
2018-03-21,financial_conditions_shift,2018-02-14,-23,0.029485581442713737
2018-03-21,financial_conditions_shift,2018-02-15,-22,0.02923182211816311
2018-03-21,financial_conditions_shift,2018-02-16,-21,0.032551661133766174
2018-03-21,financial_conditions_shift,2018-02-20,-20,0.03251469135284424
2018-03-21,financial_conditions_shift,2018-02-21,-19,0.02925405651330948
2018-03-21,financial_conditions_shift,2018-02-22,-18,0.029168371111154556
2018-03-21,financial_conditions_shift,2018-02-23,-17,0.03134836629033089
2018-03-21,financial_conditions_shift,2018-02-26,-16,0.031889379024505615
2018-03-21,financial_conditions_shift,2018-02-27,-15,0.028130564838647842
2018-03-21,financial_conditions_shift,2018-02-28,-14,0.02823750302195549
2018-03-21,financial_conditions_shift,2018-03-01,-13,0.030833469703793526
2018-03-21,financial_conditions_shift,2018-03-02,-12,0.033320385962724686
2018-03-21,financial_conditions_shift,2018-03-05,-11,0.029142411425709724
2018-03-21,financial_conditions_shift,2018-03-06,-10,0.03066852316260338
2018-03-21,financial_conditions_shift,2018-03-07,-9,0.02926231175661087
2018-03-21,financial_conditions_shift,2018-03-08,-8,0.02900303155183792
2018-03-21,financial_conditions_shift,2018-03-09,-7,0.027808478102087975
2018-03-21,financial_conditions_shift,2018-03-12,-6,0.028804855421185493
2018-03-21,financial_conditions_shift,2018-03-13,-5,0.029179401695728302
2018-03-21,financial_conditions_shift,2018-03-14,-4,0.0330125093460083
2018-03-21,financial_conditions_shift,2018-03-15,-3,0.03165952116250992
2018-03-21,financial_conditions_shift,2018-03-16,-2,0.0331585556268692
2018-03-21,financial_conditions_shift,2018-03-19,-1,0.03280062600970268
2018-03-21,financial_conditions_shift,2018-03-20,0,0.030975084751844406
2018-03-21,balance_sheet_policy_shift,2018-02-01,-32,0.031152255833148956
2018-03-21,balance_sheet_policy_shift,2018-02-02,-31,0.027775468304753304
2018-03-21,balance_sheet_policy_shift,2018-02-05,-30,0.030208826065063477
2018-03-21,balance_sheet_policy_shift,2018-02-06,-29,0.03097275272011757
2018-03-21,balance_sheet_policy_shift,2018-02-07,-28,0.02612968534231186
2018-03-21,balance_sheet_policy_shift,2018-02-08,-27,0.027527689933776855
2018-03-21,balance_sheet_policy_shift,2018-02-09,-26,0.03320569172501564
2018-03-21,balance_sheet_policy_shift,2018-02-12,-25,0.03279867768287659
2018-03-21,balance_sheet_policy_shift,2018-02-13,-24,0.028638562187552452
2018-03-21,balance_sheet_policy_shift,2018-02-14,-23,0.02893480658531189
2018-03-21,balance_sheet_policy_shift,2018-02-15,-22,0.02973359264433384
2018-03-21,balance_sheet_policy_shift,2018-02-16,-21,0.03267688676714897
2018-03-21,balance_sheet_policy_shift,2018-02-20,-20,0.03194686397910118
2018-03-21,balance_sheet_policy_shift,2018-02-21,-19,0.02873566374182701
2018-03-21,balance_sheet_policy_shift,2018-02-22,-18,0.0294761024415493
2018-03-21,balance_sheet_policy_shift,2018-02-23,-17,0.031872570514678955
2018-03-21,balance_sheet_policy_shift,2018-02-26,-16,0.03215194121003151
2018-03-21,balance_sheet_policy_shift,2018-02-27,-15,0.02758456952869892
2018-03-21,balance_sheet_policy_shift,2018-02-28,-14,0.028304431587457657
2018-03-21,balance_sheet_policy_shift,2018-03-01,-13,0.03247272968292236
2018-03-21,balance_sheet_policy_shift,2018-03-02,-12,0.03238925337791443
2018-03-21,balance_sheet_policy_shift,2018-03-05,-11,0.028761502355337143
2018-03-21,balance_sheet_policy_shift,2018-03-06,-10,0.03101281262934208
2018-03-21,balance_sheet_policy_shift,2018-03-07,-9,0.02922927960753441
2018-03-21,balance_sheet_policy_shift,2018-03-08,-8,0.029141854494810104
2018-03-21,balance_sheet_policy_shift,2018-03-09,-7,0.027829401195049286
2018-03-21,balance_sheet_policy_shift,2018-03-12,-6,0.029107097536325455
2018-03-21,balance_sheet_policy_shift,2018-03-13,-5,0.02964516170322895
2018-03-21,balance_sheet_policy_shift,2018-03-14,-4,0.03337216377258301
2018-03-21,balance_sheet_policy_shift,2018-03-15,-3,0.031452637165784836
2018-03-21,balance_sheet_policy_shift,2018-03-16,-2,0.03275958448648453
2018-03-21,balance_sheet_policy_shift,2018-03-19,-1,0.03239820525050163
2018-03-21,balance_sheet_policy_shift,2018-03-20,0,0.030601246282458305
2018-03-21,risk_balance_shift,2018-02-01,-32,0.034099142998456955
2018-03-21,risk_balance_shift,2018-02-02,-31,0.030239619314670563
2018-03-21,risk_balance_shift,2018-02-05,-30,0.03236841410398483
2018-03-21,risk_balance_shift,2018-02-06,-29,0.0295412540435791
2018-03-21,risk_balance_shift,2018-02-07,-28,0.02904534712433815
2018-03-21,risk_balance_shift,2018-02-08,-27,0.029970683157444
2018-03-21,risk_balance_shift,2018-02-09,-26,0.03455720469355583
2018-03-21,risk_balance_shift,2018-02-12,-25,0.029806533828377724
2018-03-21,risk_balance_shift,2018-02-13,-24,0.030688077211380005
2018-03-21,risk_balance_shift,2018-02-14,-23,0.02825387939810753
2018-03-21,risk_balance_shift,2018-02-15,-22,0.02918127179145813
2018-03-21,risk_balance_shift,2018-02-16,-21,0.02970602922141552
2018-03-21,risk_balance_shift,2018-02-20,-20,0.028667325153946877
2018-03-21,risk_balance_shift,2018-02-21,-19,0.02651645801961422
2018-03-21,risk_balance_shift,2018-02-22,-18,0.029553811997175217
2018-03-21,risk_balance_shift,2018-02-23,-17,0.029250435531139374
2018-03-21,risk_balance_shift,2018-02-26,-16,0.030548250302672386
2018-03-21,risk_balance_shift,2018-02-27,-15,0.028181495144963264
2018-03-21,risk_balance_shift,2018-02-28,-14,0.0299038328230381
2018-03-21,risk_balance_shift,2018-03-01,-13,0.030260460451245308
2018-03-21,risk_balance_shift,2018-03-02,-12,0.027625128626823425
2018-03-21,risk_balance_shift,2018-03-05,-11,0.03031982108950615
2018-03-21,risk_balance_shift,2018-03-06,-10,0.03139340132474899
2018-03-21,risk_balance_shift,2018-03-07,-9,0.029636649414896965
2018-03-21,risk_balance_shift,2018-03-08,-8,0.029477695003151894
2018-03-21,risk_balance_shift,2018-03-09,-7,0.029693616554141045
2018-03-21,risk_balance_shift,2018-03-12,-6,0.031419094651937485
2018-03-21,risk_balance_shift,2018-03-13,-5,0.03209230676293373
2018-03-21,risk_balance_shift,2018-03-14,-4,0.032317209988832474
2018-03-21,risk_balance_shift,2018-03-15,-3,0.030770855024456978
2018-03-21,risk_balance_shift,2018-03-16,-2,0.032980892807245255
2018-03-21,risk_balance_shift,2018-03-19,-1,0.030974581837654114
2018-03-21,risk_balance_shift,2018-03-20,0,0.03095925971865654
2018-03-21,committee_dispersion,2018-02-01,-32,0.03297314792871475
2018-03-21,committee_dispersion,2018-02-02,-31,0.02924714982509613
2018-03-21,committee_dispersion,2018-02-05,-30,0.0322803258895874
2018-03-21,committee_dispersion,2018-02-06,-29,0.030347678810358047
2018-03-21,committee_dispersion,2018-02-07,-28,0.028003530576825142
2018-03-21,committee_dispersion,2018-02-08,-27,0.029447106644511223
2018-03-21,committee_dispersion,2018-02-09,-26,0.035153813660144806
2018-03-21,committee_dispersion,2018-02-12,-25,0.030368473380804062
2018-03-21,committee_dispersion,2018-02-13,-24,0.03019305318593979
2018-03-21,committee_dispersion,2018-02-14,-23,0.028257152065634727
2018-03-21,committee_dispersion,2018-02-15,-22,0.02915896475315094
2018-03-21,committee_dispersion,2018-02-16,-21,0.030704030767083168
2018-03-21,committee_dispersion,2018-02-20,-20,0.029392121359705925
2018-03-21,committee_dispersion,2018-02-21,-19,0.026447340846061707
2018-03-21,committee_dispersion,2018-02-22,-18,0.02938307449221611
2018-03-21,committee_dispersion,2018-02-23,-17,0.029981067404150963
2018-03-21,committee_dispersion,2018-02-26,-16,0.03137597814202309
2018-03-21,committee_dispersion,2018-02-27,-15,0.02724703773856163
2018-03-21,committee_dispersion,2018-02-28,-14,0.029193002730607986
2018-03-21,committee_dispersion,2018-03-01,-13,0.03212068974971771
2018-03-21,committee_dispersion,2018-03-02,-12,0.02873612754046917
2018-03-21,committee_dispersion,2018-03-05,-11,0.030667824670672417
2018-03-21,committee_dispersion,2018-03-06,-10,0.0321875624358654
2018-03-21,committee_dispersion,2018-03-07,-9,0.029680877923965454
2018-03-21,committee_dispersion,2018-03-08,-8,0.0294713843613863
2018-03-21,committee_dispersion,2018-03-09,-7,0.02891339361667633
2018-03-21,committee_dispersion,2018-03-12,-6,0.03079044073820114
2018-03-21,committee_dispersion,2018-03-13,-5,0.03154571354389191
2018-03-21,committee_dispersion,2018-03-14,-4,0.03294133022427559
2018-03-21,committee_dispersion,2018-03-15,-3,0.030037259683012962
2018-03-21,committee_dispersion,2018-03-16,-2,0.03279908373951912
2018-03-21,committee_dispersion,2018-03-19,-1,0.03073427453637123
2018-03-21,committee_dispersion,2018-03-20,0,0.030220001935958862
2018-03-21,policy_uncertainty,2018-02-01,-32,0.0340735986828804
2018-03-21,policy_uncertainty,2018-02-02,-31,0.0322144441306591
2018-03-21,policy_uncertainty,2018-02-05,-30,0.03223694488406181
2018-03-21,policy_uncertainty,2018-02-06,-29,0.02885599434375763
2018-03-21,policy_uncertainty,2018-02-07,-28,0.03218819946050644
2018-03-21,policy_uncertainty,2018-02-08,-27,0.03175529092550278
2018-03-21,policy_uncertainty,2018-02-09,-26,0.032408542931079865
2018-03-21,policy_uncertainty,2018-02-12,-25,0.027586404234170914
2018-03-21,policy_uncertainty,2018-02-13,-24,0.03249648958444595
2018-03-21,policy_uncertainty,2018-02-14,-23,0.028574276715517044
2018-03-21,policy_uncertainty,2018-02-15,-22,0.029711022973060608
2018-03-21,policy_uncertainty,2018-02-16,-21,0.028332771733403206
2018-03-21,policy_uncertainty,2018-02-20,-20,0.027861569076776505
2018-03-21,policy_uncertainty,2018-02-21,-19,0.026755351573228836
2018-03-21,policy_uncertainty,2018-02-22,-18,0.029789263382554054
2018-03-21,policy_uncertainty,2018-02-23,-17,0.02748972922563553
2018-03-21,policy_uncertainty,2018-02-26,-16,0.029003174975514412
2018-03-21,policy_uncertainty,2018-02-27,-15,0.02955223061144352
2018-03-21,policy_uncertainty,2018-02-28,-14,0.031180668622255325
2018-03-21,policy_uncertainty,2018-03-01,-13,0.029078194871544838
2018-03-21,policy_uncertainty,2018-03-02,-12,0.02702445536851883
2018-03-21,policy_uncertainty,2018-03-05,-11,0.03224727511405945
2018-03-21,policy_uncertainty,2018-03-06,-10,0.03212159126996994
2018-03-21,policy_uncertainty,2018-03-07,-9,0.03047974407672882
2018-03-21,policy_uncertainty,2018-03-08,-8,0.030213147401809692
2018-03-21,policy_uncertainty,2018-03-09,-7,0.03127453848719597
2018-03-21,policy_uncertainty,2018-03-12,-6,0.03260735794901848
2018-03-21,policy_uncertainty,2018-03-13,-5,0.032431721687316895
2018-03-21,policy_uncertainty,2018-03-14,-4,0.02992861345410347
2018-03-21,policy_uncertainty,2018-03-15,-3,0.02976355329155922
2018-03-21,policy_uncertainty,2018-03-16,-2,0.0314239077270031
2018-03-21,policy_uncertainty,2018-03-19,-1,0.029331136494874954
2018-03-21,policy_uncertainty,2018-03-20,0,0.03000880964100361
2018-03-21,forward_guidance_strength,2018-02-01,-32,0.031143255531787872
2018-03-21,forward_guidance_strength,2018-02-02,-31,0.027748791500926018
2018-03-21,forward_guidance_strength,2018-02-05,-30,0.030064567923545837
2018-03-21,forward_guidance_strength,2018-02-06,-29,0.030761534348130226
2018-03-21,forward_guidance_strength,2018-02-07,-28,0.02606244571506977
2018-03-21,forward_guidance_strength,2018-02-08,-27,0.02756420336663723
2018-03-21,forward_guidance_strength,2018-02-09,-26,0.032391440123319626
2018-03-21,forward_guidance_strength,2018-02-12,-25,0.032965388149023056
2018-03-21,forward_guidance_strength,2018-02-13,-24,0.02847510389983654
2018-03-21,forward_guidance_strength,2018-02-14,-23,0.028343597427010536
2018-03-21,forward_guidance_strength,2018-02-15,-22,0.02946564182639122
2018-03-21,forward_guidance_strength,2018-02-16,-21,0.032212309539318085
2018-03-21,forward_guidance_strength,2018-02-20,-20,0.0316615104675293
2018-03-21,forward_guidance_strength,2018-02-21,-19,0.02844027243554592
2018-03-21,forward_guidance_strength,2018-02-22,-18,0.02902771346271038
2018-03-21,forward_guidance_strength,2018-02-23,-17,0.03169967234134674
2018-03-21,forward_guidance_strength,2018-02-26,-16,0.03173387050628662
2018-03-21,forward_guidance_strength,2018-02-27,-15,0.02820303663611412
2018-03-21,forward_guidance_strength,2018-02-28,-14,0.02876833640038967
2018-03-21,forward_guidance_strength,2018-03-01,-13,0.03155505284667015
2018-03-21,forward_guidance_strength,2018-03-02,-12,0.03278951346874237
2018-03-21,forward_guidance_strength,2018-03-05,-11,0.029448894783854485
2018-03-21,forward_guidance_strength,2018-03-06,-10,0.03119334578514099
2018-03-21,forward_guidance_strength,2018-03-07,-9,0.029526222497224808
2018-03-21,forward_guidance_strength,2018-03-08,-8,0.02897557057440281
2018-03-21,forward_guidance_strength,2018-03-09,-7,0.027595805004239082
2018-03-21,forward_guidance_strength,2018-03-12,-6,0.02913355454802513
2018-03-21,forward_guidance_strength,2018-03-13,-5,0.02951689064502716
2018-03-21,forward_guidance_strength,2018-03-14,-4,0.033431392163038254
2018-03-21,forward_guidance_strength,2018-03-15,-3,0.03245851397514343
2018-03-21,forward_guidance_strength,2018-03-16,-2,0.0335642546415329
2018-03-21,forward_guidance_strength,2018-03-19,-1,0.03292714059352875
2018-03-21,forward_guidance_strength,2018-03-20,0,0.031151143833994865
2018-05-02,rate_decision,2018-03-22,-27,0.036397818475961685
2018-05-02,rate_decision,2018-03-23,-26,0.03593356907367706
2018-05-02,rate_decision,2018-03-26,-25,0.032788291573524475
2018-05-02,rate_decision,2018-03-27,-24,0.03450224921107292
2018-05-02,rate_decision,2018-03-28,-23,0.03223436325788498
2018-05-02,rate_decision,2018-03-29,-22,0.032755155116319656
2018-05-02,rate_decision,2018-04-02,-21,0.03192472457885742
2018-05-02,rate_decision,2018-04-03,-20,0.03219861537218094
2018-05-02,rate_decision,2018-04-04,-19,0.034345224499702454
2018-05-02,rate_decision,2018-04-05,-18,0.03382361680269241
2018-05-02,rate_decision,2018-04-06,-17,0.034845542162656784
2018-05-02,rate_decision,2018-04-09,-16,0.03347794711589813
2018-05-02,rate_decision,2018-04-10,-15,0.03471831977367401
2018-05-02,rate_decision,2018-04-11,-14,0.036166589707136154
2018-05-02,rate_decision,2018-04-12,-13,0.03813797980546951
2018-05-02,rate_decision,2018-04-13,-12,0.04021478444337845
2018-05-02,rate_decision,2018-04-16,-11,0.038438502699136734
2018-05-02,rate_decision,2018-04-17,-10,0.036944374442100525
2018-05-02,rate_decision,2018-04-18,-9,0.038502320647239685
2018-05-02,rate_decision,2018-04-19,-8,0.03841600939631462
2018-05-02,rate_decision,2018-04-20,-7,0.037468697875738144
2018-05-02,rate_decision,2018-04-23,-6,0.037928834557533264
2018-05-02,rate_decision,2018-04-24,-5,0.03736588731408119
2018-05-02,rate_decision,2018-04-25,-4,0.03705480694770813
2018-05-02,rate_decision,2018-04-26,-3,0.03855980560183525
2018-05-02,rate_decision,2018-04-27,-2,0.03718453645706177
2018-05-02,rate_decision,2018-04-30,-1,0.03453225642442703
2018-05-02,rate_decision,2018-05-01,0,0.03313916549086571
2018-05-02,current_policy_stance,2018-03-22,-27,0.03508178889751434
2018-05-02,current_policy_stance,2018-03-23,-26,0.03547275811433792
2018-05-02,current_policy_stance,2018-03-26,-25,0.033822495490312576
2018-05-02,current_policy_stance,2018-03-27,-24,0.034534428268671036
2018-05-02,current_policy_stance,2018-03-28,-23,0.034438371658325195
2018-05-02,current_policy_stance,2018-03-29,-22,0.03734992444515228
2018-05-02,current_policy_stance,2018-04-02,-21,0.03703833371400833
2018-05-02,current_policy_stance,2018-04-03,-20,0.03548326715826988
2018-05-02,current_policy_stance,2018-04-04,-19,0.03510688617825508
2018-05-02,current_policy_stance,2018-04-05,-18,0.03338073939085007
2018-05-02,current_policy_stance,2018-04-06,-17,0.03706646338105202
2018-05-02,current_policy_stance,2018-04-09,-16,0.03522166982293129
2018-05-02,current_policy_stance,2018-04-10,-15,0.034662261605262756
2018-05-02,current_policy_stance,2018-04-11,-14,0.036144010722637177
2018-05-02,current_policy_stance,2018-04-12,-13,0.03545904904603958
2018-05-02,current_policy_stance,2018-04-13,-12,0.036690641194581985
2018-05-02,current_policy_stance,2018-04-16,-11,0.037906043231487274
2018-05-02,current_policy_stance,2018-04-17,-10,0.039551086723804474
2018-05-02,current_policy_stance,2018-04-18,-9,0.04002486541867256
2018-05-02,current_policy_stance,2018-04-19,-8,0.03712097555398941
2018-05-02,current_policy_stance,2018-04-20,-7,0.03717086464166641
2018-05-02,current_policy_stance,2018-04-23,-6,0.03530186414718628
2018-05-02,current_policy_stance,2018-04-24,-5,0.03313249349594116
2018-05-02,current_policy_stance,2018-04-25,-4,0.0321955606341362
2018-05-02,current_policy_stance,2018-04-26,-3,0.03313218429684639
2018-05-02,current_policy_stance,2018-04-27,-2,0.03546563535928726
2018-05-02,current_policy_stance,2018-04-30,-1,0.03583211824297905
2018-05-02,current_policy_stance,2018-05-01,0,0.036213234066963196
2018-05-02,policy_stance_shift,2018-03-22,-27,0.03664564713835716
2018-05-02,policy_stance_shift,2018-03-23,-26,0.03620089590549469
2018-05-02,policy_stance_shift,2018-03-26,-25,0.03499717637896538
2018-05-02,policy_stance_shift,2018-03-27,-24,0.03612711653113365
2018-05-02,policy_stance_shift,2018-03-28,-23,0.03573499619960785
2018-05-02,policy_stance_shift,2018-03-29,-22,0.037907496094703674
2018-05-02,policy_stance_shift,2018-04-02,-21,0.038411762565374374
2018-05-02,policy_stance_shift,2018-04-03,-20,0.03625063598155975
2018-05-02,policy_stance_shift,2018-04-04,-19,0.036194317042827606
2018-05-02,policy_stance_shift,2018-04-05,-18,0.03446153923869133
2018-05-02,policy_stance_shift,2018-04-06,-17,0.03769577294588089
2018-05-02,policy_stance_shift,2018-04-09,-16,0.035851944237947464
2018-05-02,policy_stance_shift,2018-04-10,-15,0.03543175384402275
2018-05-02,policy_stance_shift,2018-04-11,-14,0.03571693226695061
2018-05-02,policy_stance_shift,2018-04-12,-13,0.03449126332998276
2018-05-02,policy_stance_shift,2018-04-13,-12,0.036028921604156494
2018-05-02,policy_stance_shift,2018-04-16,-11,0.03568924218416214
2018-05-02,policy_stance_shift,2018-04-17,-10,0.03572818636894226
2018-05-02,policy_stance_shift,2018-04-18,-9,0.03628766909241676
2018-05-02,policy_stance_shift,2018-04-19,-8,0.0351373590528965
2018-05-02,policy_stance_shift,2018-04-20,-7,0.03479309380054474
2018-05-02,policy_stance_shift,2018-04-23,-6,0.034426089376211166
2018-05-02,policy_stance_shift,2018-04-24,-5,0.03335701301693916
2018-05-02,policy_stance_shift,2018-04-25,-4,0.03310176730155945
2018-05-02,policy_stance_shift,2018-04-26,-3,0.034467048943042755
2018-05-02,policy_stance_shift,2018-04-27,-2,0.03653506189584732
2018-05-02,policy_stance_shift,2018-04-30,-1,0.03587235137820244
2018-05-02,policy_stance_shift,2018-05-01,0,0.03645695000886917
2018-05-02,expected_rate_path_shift,2018-03-22,-27,0.03655955567955971
2018-05-02,expected_rate_path_shift,2018-03-23,-26,0.03664333373308182
2018-05-02,expected_rate_path_shift,2018-03-26,-25,0.03478197380900383
2018-05-02,expected_rate_path_shift,2018-03-27,-24,0.035002365708351135
2018-05-02,expected_rate_path_shift,2018-03-28,-23,0.03561507165431976
2018-05-02,expected_rate_path_shift,2018-03-29,-22,0.03829061612486839
2018-05-02,expected_rate_path_shift,2018-04-02,-21,0.03740416094660759
2018-05-02,expected_rate_path_shift,2018-04-03,-20,0.035989388823509216
2018-05-02,expected_rate_path_shift,2018-04-04,-19,0.03567071259021759
2018-05-02,expected_rate_path_shift,2018-04-05,-18,0.033776335418224335
2018-05-02,expected_rate_path_shift,2018-04-06,-17,0.03687421604990959
2018-05-02,expected_rate_path_shift,2018-04-09,-16,0.03508371114730835
2018-05-02,expected_rate_path_shift,2018-04-10,-15,0.034178514033555984
2018-05-02,expected_rate_path_shift,2018-04-11,-14,0.03462429344654083
2018-05-02,expected_rate_path_shift,2018-04-12,-13,0.03454194962978363
2018-05-02,expected_rate_path_shift,2018-04-13,-12,0.03627637028694153
2018-05-02,expected_rate_path_shift,2018-04-16,-11,0.03653424233198166
2018-05-02,expected_rate_path_shift,2018-04-17,-10,0.037149932235479355
2018-05-02,expected_rate_path_shift,2018-04-18,-9,0.0384756401181221
2018-05-02,expected_rate_path_shift,2018-04-19,-8,0.03649318218231201
2018-05-02,expected_rate_path_shift,2018-04-20,-7,0.036287397146224976
2018-05-02,expected_rate_path_shift,2018-04-23,-6,0.035496585071086884
2018-05-02,expected_rate_path_shift,2018-04-24,-5,0.03336701542139053
2018-05-02,expected_rate_path_shift,2018-04-25,-4,0.03286084532737732
2018-05-02,expected_rate_path_shift,2018-04-26,-3,0.03392217308282852
2018-05-02,expected_rate_path_shift,2018-04-27,-2,0.03589235246181488
2018-05-02,expected_rate_path_shift,2018-04-30,-1,0.03604231774806976
2018-05-02,expected_rate_path_shift,2018-05-01,0,0.03616577386856079
2018-05-02,inflation_assessment_shift,2018-03-22,-27,0.03381161391735077
2018-05-02,inflation_assessment_shift,2018-03-23,-26,0.03436792641878128
2018-05-02,inflation_assessment_shift,2018-03-26,-25,0.03302307426929474
2018-05-02,inflation_assessment_shift,2018-03-27,-24,0.032752782106399536
2018-05-02,inflation_assessment_shift,2018-03-28,-23,0.034143947064876556
2018-05-02,inflation_assessment_shift,2018-03-29,-22,0.036271825432777405
2018-05-02,inflation_assessment_shift,2018-04-02,-21,0.03524511307477951
2018-05-02,inflation_assessment_shift,2018-04-03,-20,0.0355379693210125
2018-05-02,inflation_assessment_shift,2018-04-04,-19,0.03474573418498039
2018-05-02,inflation_assessment_shift,2018-04-05,-18,0.03252103924751282
2018-05-02,inflation_assessment_shift,2018-04-06,-17,0.03514121472835541
2018-05-02,inflation_assessment_shift,2018-04-09,-16,0.03518904745578766
2018-05-02,inflation_assessment_shift,2018-04-10,-15,0.03401505947113037
2018-05-02,inflation_assessment_shift,2018-04-11,-14,0.03648233786225319
2018-05-02,inflation_assessment_shift,2018-04-12,-13,0.03679477423429489
2018-05-02,inflation_assessment_shift,2018-04-13,-12,0.037242818623781204
2018-05-02,inflation_assessment_shift,2018-04-16,-11,0.03816986829042435
2018-05-02,inflation_assessment_shift,2018-04-17,-10,0.0420987606048584
2018-05-02,inflation_assessment_shift,2018-04-18,-9,0.041668783873319626
2018-05-02,inflation_assessment_shift,2018-04-19,-8,0.038463398814201355
2018-05-02,inflation_assessment_shift,2018-04-20,-7,0.03800281509757042
2018-05-02,inflation_assessment_shift,2018-04-23,-6,0.03572087362408638
2018-05-02,inflation_assessment_shift,2018-04-24,-5,0.03300807252526283
2018-05-02,inflation_assessment_shift,2018-04-25,-4,0.032800592482089996
2018-05-02,inflation_assessment_shift,2018-04-26,-3,0.03335050493478775
2018-05-02,inflation_assessment_shift,2018-04-27,-2,0.03550177812576294
2018-05-02,inflation_assessment_shift,2018-04-30,-1,0.03707030043005943
2018-05-02,inflation_assessment_shift,2018-05-01,0,0.03685794770717621
2018-05-02,inflation_risk_shift,2018-03-22,-27,0.03708159923553467
2018-05-02,inflation_risk_shift,2018-03-23,-26,0.03685251623392105
2018-05-02,inflation_risk_shift,2018-03-26,-25,0.03498784825205803
2018-05-02,inflation_risk_shift,2018-03-27,-24,0.035136330872774124
2018-05-02,inflation_risk_shift,2018-03-28,-23,0.036098141223192215
2018-05-02,inflation_risk_shift,2018-03-29,-22,0.03826453909277916
2018-05-02,inflation_risk_shift,2018-04-02,-21,0.037839021533727646
2018-05-02,inflation_risk_shift,2018-04-03,-20,0.036105673760175705
2018-05-02,inflation_risk_shift,2018-04-04,-19,0.035266853868961334
2018-05-02,inflation_risk_shift,2018-04-05,-18,0.03373422846198082
2018-05-02,inflation_risk_shift,2018-04-06,-17,0.036213427782058716
2018-05-02,inflation_risk_shift,2018-04-09,-16,0.03465055674314499
2018-05-02,inflation_risk_shift,2018-04-10,-15,0.03407268971204758
2018-05-02,inflation_risk_shift,2018-04-11,-14,0.03425145894289017
2018-05-02,inflation_risk_shift,2018-04-12,-13,0.035057809203863144
2018-05-02,inflation_risk_shift,2018-04-13,-12,0.03599744662642479
2018-05-02,inflation_risk_shift,2018-04-16,-11,0.03521529212594032
2018-05-02,inflation_risk_shift,2018-04-17,-10,0.03646629676222801
2018-05-02,inflation_risk_shift,2018-04-18,-9,0.03688473254442215
2018-05-02,inflation_risk_shift,2018-04-19,-8,0.03616727143526077
2018-05-02,inflation_risk_shift,2018-04-20,-7,0.035760123282670975
2018-05-02,inflation_risk_shift,2018-04-23,-6,0.035911183804273605
2018-05-02,inflation_risk_shift,2018-04-24,-5,0.03390989080071449
2018-05-02,inflation_risk_shift,2018-04-25,-4,0.0337018147110939
2018-05-02,inflation_risk_shift,2018-04-26,-3,0.03497506305575371
2018-05-02,inflation_risk_shift,2018-04-27,-2,0.03699762374162674
2018-05-02,inflation_risk_shift,2018-04-30,-1,0.03668520227074623
2018-05-02,inflation_risk_shift,2018-05-01,0,0.03571537137031555
2018-05-02,unemployment_assessment_shift,2018-03-22,-27,0.0372103787958622
2018-05-02,unemployment_assessment_shift,2018-03-23,-26,0.03708746284246445
2018-05-02,unemployment_assessment_shift,2018-03-26,-25,0.03514282405376434
2018-05-02,unemployment_assessment_shift,2018-03-27,-24,0.03562188893556595
2018-05-02,unemployment_assessment_shift,2018-03-28,-23,0.03643035516142845
2018-05-02,unemployment_assessment_shift,2018-03-29,-22,0.03893885016441345
2018-05-02,unemployment_assessment_shift,2018-04-02,-21,0.03834577277302742
2018-05-02,unemployment_assessment_shift,2018-04-03,-20,0.03615287318825722
2018-05-02,unemployment_assessment_shift,2018-04-04,-19,0.035674430429935455
2018-05-02,unemployment_assessment_shift,2018-04-05,-18,0.03404029458761215
2018-05-02,unemployment_assessment_shift,2018-04-06,-17,0.037219978868961334
2018-05-02,unemployment_assessment_shift,2018-04-09,-16,0.03545735031366348
2018-05-02,unemployment_assessment_shift,2018-04-10,-15,0.034394871443510056
2018-05-02,unemployment_assessment_shift,2018-04-11,-14,0.035036880522966385
2018-05-02,unemployment_assessment_shift,2018-04-12,-13,0.03383936733007431
2018-05-02,unemployment_assessment_shift,2018-04-13,-12,0.0357370525598526
2018-05-02,unemployment_assessment_shift,2018-04-16,-11,0.03625122085213661
2018-05-02,unemployment_assessment_shift,2018-04-17,-10,0.03679175302386284
2018-05-02,unemployment_assessment_shift,2018-04-18,-9,0.03802189975976944
2018-05-02,unemployment_assessment_shift,2018-04-19,-8,0.035454802215099335
2018-05-02,unemployment_assessment_shift,2018-04-20,-7,0.03554272651672363
2018-05-02,unemployment_assessment_shift,2018-04-23,-6,0.03463105112314224
2018-05-02,unemployment_assessment_shift,2018-04-24,-5,0.03289957717061043
2018-05-02,unemployment_assessment_shift,2018-04-25,-4,0.03244205191731453
2018-05-02,unemployment_assessment_shift,2018-04-26,-3,0.03354419767856598
2018-05-02,unemployment_assessment_shift,2018-04-27,-2,0.03586771711707115
2018-05-02,unemployment_assessment_shift,2018-04-30,-1,0.03601016849279404
2018-05-02,unemployment_assessment_shift,2018-05-01,0,0.03621217608451843
2018-05-02,labor_market_risk_shift,2018-03-22,-27,0.03580773249268532
2018-05-02,labor_market_risk_shift,2018-03-23,-26,0.03604625537991524
2018-05-02,labor_market_risk_shift,2018-03-26,-25,0.03493400663137436
2018-05-02,labor_market_risk_shift,2018-03-27,-24,0.03487798571586609
2018-05-02,labor_market_risk_shift,2018-03-28,-23,0.03591348975896835
2018-05-02,labor_market_risk_shift,2018-03-29,-22,0.03854537755250931
2018-05-02,labor_market_risk_shift,2018-04-02,-21,0.038337670266628265
2018-05-02,labor_market_risk_shift,2018-04-03,-20,0.03668435662984848
2018-05-02,labor_market_risk_shift,2018-04-04,-19,0.0351431742310524
2018-05-02,labor_market_risk_shift,2018-04-05,-18,0.03434411808848381
2018-05-02,labor_market_risk_shift,2018-04-06,-17,0.03645298629999161
2018-05-02,labor_market_risk_shift,2018-04-09,-16,0.03481201082468033
2018-05-02,labor_market_risk_shift,2018-04-10,-15,0.03421708941459656
2018-05-02,labor_market_risk_shift,2018-04-11,-14,0.03469821810722351
2018-05-02,labor_market_risk_shift,2018-04-12,-13,0.03528115898370743
2018-05-02,labor_market_risk_shift,2018-04-13,-12,0.035110391676425934
2018-05-02,labor_market_risk_shift,2018-04-16,-11,0.03610287979245186
2018-05-02,labor_market_risk_shift,2018-04-17,-10,0.037538278847932816
2018-05-02,labor_market_risk_shift,2018-04-18,-9,0.038032714277505875
2018-05-02,labor_market_risk_shift,2018-04-19,-8,0.036706048995256424
2018-05-02,labor_market_risk_shift,2018-04-20,-7,0.036281414330005646
2018-05-02,labor_market_risk_shift,2018-04-23,-6,0.035825107246637344
2018-05-02,labor_market_risk_shift,2018-04-24,-5,0.032899126410484314
2018-05-02,labor_market_risk_shift,2018-04-25,-4,0.03264273330569267
2018-05-02,labor_market_risk_shift,2018-04-26,-3,0.03342203423380852
2018-05-02,labor_market_risk_shift,2018-04-27,-2,0.03629224747419357
2018-05-02,labor_market_risk_shift,2018-04-30,-1,0.03645329177379608
2018-05-02,labor_market_risk_shift,2018-05-01,0,0.03659806773066521
2018-05-02,growth_activity_shift,2018-03-22,-27,0.0379566065967083
2018-05-02,growth_activity_shift,2018-03-23,-26,0.037437062710523605
2018-05-02,growth_activity_shift,2018-03-26,-25,0.03533365577459335
2018-05-02,growth_activity_shift,2018-03-27,-24,0.03655988723039627
2018-05-02,growth_activity_shift,2018-03-28,-23,0.036282263696193695
2018-05-02,growth_activity_shift,2018-03-29,-22,0.038251399993896484
2018-05-02,growth_activity_shift,2018-04-02,-21,0.0381440669298172
2018-05-02,growth_activity_shift,2018-04-03,-20,0.03551100566983223
2018-05-02,growth_activity_shift,2018-04-04,-19,0.035635463893413544
2018-05-02,growth_activity_shift,2018-04-05,-18,0.03457452729344368
2018-05-02,growth_activity_shift,2018-04-06,-17,0.03763064742088318
2018-05-02,growth_activity_shift,2018-04-09,-16,0.03511838987469673
2018-05-02,growth_activity_shift,2018-04-10,-15,0.034536149352788925
2018-05-02,growth_activity_shift,2018-04-11,-14,0.03429834544658661
2018-05-02,growth_activity_shift,2018-04-12,-13,0.03342384099960327
2018-05-02,growth_activity_shift,2018-04-13,-12,0.03542768210172653
2018-05-02,growth_activity_shift,2018-04-16,-11,0.03568467125296593
2018-05-02,growth_activity_shift,2018-04-17,-10,0.03511858358979225
2018-05-02,growth_activity_shift,2018-04-18,-9,0.03624005615711212
2018-05-02,growth_activity_shift,2018-04-19,-8,0.03510206565260887
2018-05-02,growth_activity_shift,2018-04-20,-7,0.03523547202348709
2018-05-02,growth_activity_shift,2018-04-23,-6,0.035236481577157974
2018-05-02,growth_activity_shift,2018-04-24,-5,0.03446133807301521
2018-05-02,growth_activity_shift,2018-04-25,-4,0.033913519233465195
2018-05-02,growth_activity_shift,2018-04-26,-3,0.03474084660410881
2018-05-02,growth_activity_shift,2018-04-27,-2,0.03622804582118988
2018-05-02,growth_activity_shift,2018-04-30,-1,0.0355890616774559
2018-05-02,growth_activity_shift,2018-05-01,0,0.03632884472608566
2018-05-02,financial_conditions_shift,2018-03-22,-27,0.035157471895217896
2018-05-02,financial_conditions_shift,2018-03-23,-26,0.0354621484875679
2018-05-02,financial_conditions_shift,2018-03-26,-25,0.03378812223672867
2018-05-02,financial_conditions_shift,2018-03-27,-24,0.03382588550448418
2018-05-02,financial_conditions_shift,2018-03-28,-23,0.03494347631931305
2018-05-02,financial_conditions_shift,2018-03-29,-22,0.037053242325782776
2018-05-02,financial_conditions_shift,2018-04-02,-21,0.03614579886198044
2018-05-02,financial_conditions_shift,2018-04-03,-20,0.036314427852630615
2018-05-02,financial_conditions_shift,2018-04-04,-19,0.035455286502838135
2018-05-02,financial_conditions_shift,2018-04-05,-18,0.03349055349826813
2018-05-02,financial_conditions_shift,2018-04-06,-17,0.03587649017572403
2018-05-02,financial_conditions_shift,2018-04-09,-16,0.035574957728385925
2018-05-02,financial_conditions_shift,2018-04-10,-15,0.03457510471343994
2018-05-02,financial_conditions_shift,2018-04-11,-14,0.03563152626156807
2018-05-02,financial_conditions_shift,2018-04-12,-13,0.03617328405380249
2018-05-02,financial_conditions_shift,2018-04-13,-12,0.03699249029159546
2018-05-02,financial_conditions_shift,2018-04-16,-11,0.03735105320811272
2018-05-02,financial_conditions_shift,2018-04-17,-10,0.038952119648456573
2018-05-02,financial_conditions_shift,2018-04-18,-9,0.039759181439876556
2018-05-02,financial_conditions_shift,2018-04-19,-8,0.036884523928165436
2018-05-02,financial_conditions_shift,2018-04-20,-7,0.03673388808965683
2018-05-02,financial_conditions_shift,2018-04-23,-6,0.03550826758146286
2018-05-02,financial_conditions_shift,2018-04-24,-5,0.033043984323740005
2018-05-02,financial_conditions_shift,2018-04-25,-4,0.03302336484193802
2018-05-02,financial_conditions_shift,2018-04-26,-3,0.033695876598358154
2018-05-02,financial_conditions_shift,2018-04-27,-2,0.03560950979590416
2018-05-02,financial_conditions_shift,2018-04-30,-1,0.03618689998984337
2018-05-02,financial_conditions_shift,2018-05-01,0,0.036791056394577026
2018-05-02,balance_sheet_policy_shift,2018-03-22,-27,0.03499096259474754
2018-05-02,balance_sheet_policy_shift,2018-03-23,-26,0.035945113748311996
2018-05-02,balance_sheet_policy_shift,2018-03-26,-25,0.033473145216703415
2018-05-02,balance_sheet_policy_shift,2018-03-27,-24,0.034116942435503006
2018-05-02,balance_sheet_policy_shift,2018-03-28,-23,0.03518068417906761
2018-05-02,balance_sheet_policy_shift,2018-03-29,-22,0.03684443607926369
2018-05-02,balance_sheet_policy_shift,2018-04-02,-21,0.03601621463894844
2018-05-02,balance_sheet_policy_shift,2018-04-03,-20,0.03498060256242752
2018-05-02,balance_sheet_policy_shift,2018-04-04,-19,0.03565211594104767
2018-05-02,balance_sheet_policy_shift,2018-04-05,-18,0.033279433846473694
2018-05-02,balance_sheet_policy_shift,2018-04-06,-17,0.03659236431121826
2018-05-02,balance_sheet_policy_shift,2018-04-09,-16,0.03552313894033432
2018-05-02,balance_sheet_policy_shift,2018-04-10,-15,0.034160587936639786
2018-05-02,balance_sheet_policy_shift,2018-04-11,-14,0.036300141364336014
2018-05-02,balance_sheet_policy_shift,2018-04-12,-13,0.03545227274298668
2018-05-02,balance_sheet_policy_shift,2018-04-13,-12,0.036937251687049866
2018-05-02,balance_sheet_policy_shift,2018-04-16,-11,0.03732354938983917
2018-05-02,balance_sheet_policy_shift,2018-04-17,-10,0.03980851173400879
2018-05-02,balance_sheet_policy_shift,2018-04-18,-9,0.03967149183154106
2018-05-02,balance_sheet_policy_shift,2018-04-19,-8,0.03701037913560867
2018-05-02,balance_sheet_policy_shift,2018-04-20,-7,0.03704413026571274
2018-05-02,balance_sheet_policy_shift,2018-04-23,-6,0.03514403849840164
2018-05-02,balance_sheet_policy_shift,2018-04-24,-5,0.03268100321292877
2018-05-02,balance_sheet_policy_shift,2018-04-25,-4,0.03272628411650658
2018-05-02,balance_sheet_policy_shift,2018-04-26,-3,0.03373664617538452
2018-05-02,balance_sheet_policy_shift,2018-04-27,-2,0.03642873838543892
2018-05-02,balance_sheet_policy_shift,2018-04-30,-1,0.03670274838805199
2018-05-02,balance_sheet_policy_shift,2018-05-01,0,0.03627708554267883
2018-05-02,risk_balance_shift,2018-03-22,-27,0.03793688118457794
2018-05-02,risk_balance_shift,2018-03-23,-26,0.03715895861387253
2018-05-02,risk_balance_shift,2018-03-26,-25,0.03553551435470581
2018-05-02,risk_balance_shift,2018-03-27,-24,0.03668656945228577
2018-05-02,risk_balance_shift,2018-03-28,-23,0.03638952597975731
2018-05-02,risk_balance_shift,2018-03-29,-22,0.03827321529388428
2018-05-02,risk_balance_shift,2018-04-02,-21,0.037836089730262756
2018-05-02,risk_balance_shift,2018-04-03,-20,0.03567493334412575
2018-05-02,risk_balance_shift,2018-04-04,-19,0.03573080152273178
2018-05-02,risk_balance_shift,2018-04-05,-18,0.03443552553653717
2018-05-02,risk_balance_shift,2018-04-06,-17,0.03772034868597984
2018-05-02,risk_balance_shift,2018-04-09,-16,0.03546017035841942
2018-05-02,risk_balance_shift,2018-04-10,-15,0.034876737743616104
2018-05-02,risk_balance_shift,2018-04-11,-14,0.03499860316514969
2018-05-02,risk_balance_shift,2018-04-12,-13,0.03379098325967789
2018-05-02,risk_balance_shift,2018-04-13,-12,0.03560863062739372
2018-05-02,risk_balance_shift,2018-04-16,-11,0.035584308207035065
2018-05-02,risk_balance_shift,2018-04-17,-10,0.0352775976061821
2018-05-02,risk_balance_shift,2018-04-18,-9,0.03607702627778053
2018-05-02,risk_balance_shift,2018-04-19,-8,0.03500121459364891
2018-05-02,risk_balance_shift,2018-04-20,-7,0.03485697880387306
2018-05-02,risk_balance_shift,2018-04-23,-6,0.03467289358377457
2018-05-02,risk_balance_shift,2018-04-24,-5,0.033877331763505936
2018-05-02,risk_balance_shift,2018-04-25,-4,0.033584222197532654
2018-05-02,risk_balance_shift,2018-04-26,-3,0.03497681766748428
2018-05-02,risk_balance_shift,2018-04-27,-2,0.036582425236701965
2018-05-02,risk_balance_shift,2018-04-30,-1,0.03544296696782112
2018-05-02,risk_balance_shift,2018-05-01,0,0.03595277667045593
2018-05-02,committee_dispersion,2018-03-22,-27,0.03798864781856537
2018-05-02,committee_dispersion,2018-03-23,-26,0.03769117593765259
2018-05-02,committee_dispersion,2018-03-26,-25,0.03527121618390083
2018-05-02,committee_dispersion,2018-03-27,-24,0.03673940896987915
2018-05-02,committee_dispersion,2018-03-28,-23,0.03621130809187889
2018-05-02,committee_dispersion,2018-03-29,-22,0.03845573216676712
2018-05-02,committee_dispersion,2018-04-02,-21,0.038545556366443634
2018-05-02,committee_dispersion,2018-04-03,-20,0.03616661950945854
2018-05-02,committee_dispersion,2018-04-04,-19,0.035733893513679504
2018-05-02,committee_dispersion,2018-04-05,-18,0.03446504473686218
2018-05-02,committee_dispersion,2018-04-06,-17,0.0379633754491806
2018-05-02,committee_dispersion,2018-04-09,-16,0.035257816314697266
2018-05-02,committee_dispersion,2018-04-10,-15,0.03487801551818848
2018-05-02,committee_dispersion,2018-04-11,-14,0.035245008766651154
2018-05-02,committee_dispersion,2018-04-12,-13,0.03387065604329109
2018-05-02,committee_dispersion,2018-04-13,-12,0.035353634506464005
2018-05-02,committee_dispersion,2018-04-16,-11,0.035455673933029175
2018-05-02,committee_dispersion,2018-04-17,-10,0.03553624451160431
2018-05-02,committee_dispersion,2018-04-18,-9,0.03585793077945709
2018-05-02,committee_dispersion,2018-04-19,-8,0.03493957594037056
2018-05-02,committee_dispersion,2018-04-20,-7,0.03486703336238861
2018-05-02,committee_dispersion,2018-04-23,-6,0.03465060889720917
2018-05-02,committee_dispersion,2018-04-24,-5,0.03361370414495468
2018-05-02,committee_dispersion,2018-04-25,-4,0.03316333889961243
2018-05-02,committee_dispersion,2018-04-26,-3,0.03457209840416908
2018-05-02,committee_dispersion,2018-04-27,-2,0.03654122352600098
2018-05-02,committee_dispersion,2018-04-30,-1,0.03526395559310913
2018-05-02,committee_dispersion,2018-05-01,0,0.03570152446627617
2018-05-02,policy_uncertainty,2018-03-22,-27,0.03883792459964752
2018-05-02,policy_uncertainty,2018-03-23,-26,0.03695964813232422
2018-05-02,policy_uncertainty,2018-03-26,-25,0.03659030422568321
2018-05-02,policy_uncertainty,2018-03-27,-24,0.038317251950502396
2018-05-02,policy_uncertainty,2018-03-28,-23,0.03642091155052185
2018-05-02,policy_uncertainty,2018-03-29,-22,0.038034602999687195
2018-05-02,policy_uncertainty,2018-04-02,-21,0.03915748745203018
2018-05-02,policy_uncertainty,2018-04-03,-20,0.03655446693301201
2018-05-02,policy_uncertainty,2018-04-04,-19,0.0367334820330143
2018-05-02,policy_uncertainty,2018-04-05,-18,0.036058008670806885
2018-05-02,policy_uncertainty,2018-04-06,-17,0.0379679873585701
2018-05-02,policy_uncertainty,2018-04-09,-16,0.03495161235332489
2018-05-02,policy_uncertainty,2018-04-10,-15,0.03609123080968857
2018-05-02,policy_uncertainty,2018-04-11,-14,0.03439183533191681
2018-05-02,policy_uncertainty,2018-04-12,-13,0.03289521858096123
2018-05-02,policy_uncertainty,2018-04-13,-12,0.03483454883098602
2018-05-02,policy_uncertainty,2018-04-16,-11,0.03422963619232178
2018-05-02,policy_uncertainty,2018-04-17,-10,0.03217688202857971
2018-05-02,policy_uncertainty,2018-04-18,-9,0.03347840532660484
2018-05-02,policy_uncertainty,2018-04-19,-8,0.03357227146625519
2018-05-02,policy_uncertainty,2018-04-20,-7,0.03407641127705574
2018-05-02,policy_uncertainty,2018-04-23,-6,0.034651175141334534
2018-05-02,policy_uncertainty,2018-04-24,-5,0.03563758358359337
2018-05-02,policy_uncertainty,2018-04-25,-4,0.03497187793254852
2018-05-02,policy_uncertainty,2018-04-26,-3,0.03657965734601021
2018-05-02,policy_uncertainty,2018-04-27,-2,0.03629491478204727
2018-05-02,policy_uncertainty,2018-04-30,-1,0.034207165241241455
2018-05-02,policy_uncertainty,2018-05-01,0,0.03532751649618149
2018-05-02,forward_guidance_strength,2018-03-22,-27,0.03633585944771767
2018-05-02,forward_guidance_strength,2018-03-23,-26,0.03557836636900902
2018-05-02,forward_guidance_strength,2018-03-26,-25,0.03473582863807678
2018-05-02,forward_guidance_strength,2018-03-27,-24,0.03533139079809189
2018-05-02,forward_guidance_strength,2018-03-28,-23,0.035755738615989685
2018-05-02,forward_guidance_strength,2018-03-29,-22,0.038653433322906494
2018-05-02,forward_guidance_strength,2018-04-02,-21,0.03858701139688492
2018-05-02,forward_guidance_strength,2018-04-03,-20,0.0370035246014595
2018-05-02,forward_guidance_strength,2018-04-04,-19,0.036368802189826965
2018-05-02,forward_guidance_strength,2018-04-05,-18,0.03453916311264038
2018-05-02,forward_guidance_strength,2018-04-06,-17,0.03690237179398537
2018-05-02,forward_guidance_strength,2018-04-09,-16,0.034842006862163544
2018-05-02,forward_guidance_strength,2018-04-10,-15,0.03447125479578972
2018-05-02,forward_guidance_strength,2018-04-11,-14,0.0353359691798687
2018-05-02,forward_guidance_strength,2018-04-12,-13,0.03438057377934456
2018-05-02,forward_guidance_strength,2018-04-13,-12,0.03547654673457146
2018-05-02,forward_guidance_strength,2018-04-16,-11,0.03625309467315674
2018-05-02,forward_guidance_strength,2018-04-17,-10,0.03734960779547691
2018-05-02,forward_guidance_strength,2018-04-18,-9,0.03816428408026695
2018-05-02,forward_guidance_strength,2018-04-19,-8,0.03632117062807083
2018-05-02,forward_guidance_strength,2018-04-20,-7,0.03590845316648483
2018-05-02,forward_guidance_strength,2018-04-23,-6,0.034882158041000366
2018-05-02,forward_guidance_strength,2018-04-24,-5,0.032584741711616516
2018-05-02,forward_guidance_strength,2018-04-25,-4,0.0321272611618042
2018-05-02,forward_guidance_strength,2018-04-26,-3,0.03339657932519913
2018-05-02,forward_guidance_strength,2018-04-27,-2,0.03570537269115448
2018-05-02,forward_guidance_strength,2018-04-30,-1,0.03630390763282776
2018-05-02,forward_guidance_strength,2018-05-01,0,0.03670550510287285
2018-06-13,rate_decision,2018-05-03,-27,0.03579651936888695
2018-06-13,rate_decision,2018-05-04,-26,0.033439114689826965
2018-06-13,rate_decision,2018-05-07,-25,0.03460138663649559
2018-06-13,rate_decision,2018-05-08,-24,0.03409828618168831
2018-06-13,rate_decision,2018-05-09,-23,0.03526926413178444
2018-06-13,rate_decision,2018-05-10,-22,0.0366562120616436
2018-06-13,rate_decision,2018-05-11,-21,0.0356815829873085
2018-06-13,rate_decision,2018-05-14,-20,0.03644624724984169
2018-06-13,rate_decision,2018-05-15,-19,0.03570544347167015
2018-06-13,rate_decision,2018-05-16,-18,0.035371083766222
2018-06-13,rate_decision,2018-05-17,-17,0.03455249220132828
2018-06-13,rate_decision,2018-05-18,-16,0.03534644842147827
2018-06-13,rate_decision,2018-05-21,-15,0.032599978148937225
2018-06-13,rate_decision,2018-05-22,-14,0.03337554633617401
2018-06-13,rate_decision,2018-05-23,-13,0.03493775427341461
2018-06-13,rate_decision,2018-05-24,-12,0.03445145860314369
2018-06-13,rate_decision,2018-05-25,-11,0.033165402710437775
2018-06-13,rate_decision,2018-05-29,-10,0.03526536375284195
2018-06-13,rate_decision,2018-05-30,-9,0.029760032892227173
2018-06-13,rate_decision,2018-05-31,-8,0.03183950111269951
2018-06-13,rate_decision,2018-06-01,-7,0.03204545006155968
2018-06-13,rate_decision,2018-06-04,-6,0.03926423192024231
2018-06-13,rate_decision,2018-06-05,-5,0.040616393089294434
2018-06-13,rate_decision,2018-06-06,-4,0.04006730020046234
2018-06-13,rate_decision,2018-06-07,-3,0.04236096143722534
2018-06-13,rate_decision,2018-06-08,-2,0.04035717248916626
2018-06-13,rate_decision,2018-06-11,-1,0.04006952792406082
2018-06-13,rate_decision,2018-06-12,0,0.03685983270406723
2018-06-13,current_policy_stance,2018-05-03,-27,0.03636078163981438
2018-06-13,current_policy_stance,2018-05-04,-26,0.03384217992424965
2018-06-13,current_policy_stance,2018-05-07,-25,0.03448132053017616
2018-06-13,current_policy_stance,2018-05-08,-24,0.03413253277540207
2018-06-13,current_policy_stance,2018-05-09,-23,0.033836185932159424
2018-06-13,current_policy_stance,2018-05-10,-22,0.03551298379898071
2018-06-13,current_policy_stance,2018-05-11,-21,0.035852815955877304
2018-06-13,current_policy_stance,2018-05-14,-20,0.034829605370759964
2018-06-13,current_policy_stance,2018-05-15,-19,0.03211158141493797
2018-06-13,current_policy_stance,2018-05-16,-18,0.03329706937074661
2018-06-13,current_policy_stance,2018-05-17,-17,0.0327778160572052
2018-06-13,current_policy_stance,2018-05-18,-16,0.033584222197532654
2018-06-13,current_policy_stance,2018-05-21,-15,0.03181322664022446
2018-06-13,current_policy_stance,2018-05-22,-14,0.032860804349184036
2018-06-13,current_policy_stance,2018-05-23,-13,0.03390396758913994
2018-06-13,current_policy_stance,2018-05-24,-12,0.035812243819236755
2018-06-13,current_policy_stance,2018-05-25,-11,0.03531236946582794
2018-06-13,current_policy_stance,2018-05-29,-10,0.04001203924417496
2018-06-13,current_policy_stance,2018-05-30,-9,0.03695297986268997
2018-06-13,current_policy_stance,2018-05-31,-8,0.040275413542985916
2018-06-13,current_policy_stance,2018-06-01,-7,0.040294621139764786
2018-06-13,current_policy_stance,2018-06-04,-6,0.03689694032073021
2018-06-13,current_policy_stance,2018-06-05,-5,0.03882651403546333
2018-06-13,current_policy_stance,2018-06-06,-4,0.036075182259082794
2018-06-13,current_policy_stance,2018-06-07,-3,0.038412176072597504
2018-06-13,current_policy_stance,2018-06-08,-2,0.04005392640829086
2018-06-13,current_policy_stance,2018-06-11,-1,0.03563575819134712
2018-06-13,current_policy_stance,2018-06-12,0,0.03624269366264343
2018-06-13,policy_stance_shift,2018-05-03,-27,0.03421590104699135
2018-06-13,policy_stance_shift,2018-05-04,-26,0.03425245359539986
2018-06-13,policy_stance_shift,2018-05-07,-25,0.03460122272372246
2018-06-13,policy_stance_shift,2018-05-08,-24,0.034592967480421066
2018-06-13,policy_stance_shift,2018-05-09,-23,0.03464421629905701
2018-06-13,policy_stance_shift,2018-05-10,-22,0.035149723291397095
2018-06-13,policy_stance_shift,2018-05-11,-21,0.036207541823387146
2018-06-13,policy_stance_shift,2018-05-14,-20,0.035379666835069656
2018-06-13,policy_stance_shift,2018-05-15,-19,0.03349705785512924
2018-06-13,policy_stance_shift,2018-05-16,-18,0.03292730823159218
2018-06-13,policy_stance_shift,2018-05-17,-17,0.03281278908252716
2018-06-13,policy_stance_shift,2018-05-18,-16,0.03374796360731125
2018-06-13,policy_stance_shift,2018-05-21,-15,0.03388843685388565
2018-06-13,policy_stance_shift,2018-05-22,-14,0.033617690205574036
2018-06-13,policy_stance_shift,2018-05-23,-13,0.03426017239689827
2018-06-13,policy_stance_shift,2018-05-24,-12,0.03581419214606285
2018-06-13,policy_stance_shift,2018-05-25,-11,0.03499894589185715
2018-06-13,policy_stance_shift,2018-05-29,-10,0.036019325256347656
2018-06-13,policy_stance_shift,2018-05-30,-9,0.03614398092031479
2018-06-13,policy_stance_shift,2018-05-31,-8,0.036275215446949005
2018-06-13,policy_stance_shift,2018-06-01,-7,0.03801159933209419
2018-06-13,policy_stance_shift,2018-06-04,-6,0.03708750009536743
2018-06-13,policy_stance_shift,2018-06-05,-5,0.039152372628450394
2018-06-13,policy_stance_shift,2018-06-06,-4,0.038775064051151276
2018-06-13,policy_stance_shift,2018-06-07,-3,0.03842036798596382
2018-06-13,policy_stance_shift,2018-06-08,-2,0.0415181890130043
2018-06-13,policy_stance_shift,2018-06-11,-1,0.03920277953147888
2018-06-13,policy_stance_shift,2018-06-12,0,0.03478532284498215
2018-06-13,expected_rate_path_shift,2018-05-03,-27,0.03374949097633362
2018-06-13,expected_rate_path_shift,2018-05-04,-26,0.03424672409892082
2018-06-13,expected_rate_path_shift,2018-05-07,-25,0.034558020532131195
2018-06-13,expected_rate_path_shift,2018-05-08,-24,0.034303631633520126
2018-06-13,expected_rate_path_shift,2018-05-09,-23,0.0346868596971035
2018-06-13,expected_rate_path_shift,2018-05-10,-22,0.03498252481222153
2018-06-13,expected_rate_path_shift,2018-05-11,-21,0.03621213510632515
2018-06-13,expected_rate_path_shift,2018-05-14,-20,0.03552809730172157
2018-06-13,expected_rate_path_shift,2018-05-15,-19,0.03374199569225311
2018-06-13,expected_rate_path_shift,2018-05-16,-18,0.032980065792798996
2018-06-13,expected_rate_path_shift,2018-05-17,-17,0.033039264380931854
2018-06-13,expected_rate_path_shift,2018-05-18,-16,0.03385581821203232
2018-06-13,expected_rate_path_shift,2018-05-21,-15,0.03381607308983803
2018-06-13,expected_rate_path_shift,2018-05-22,-14,0.03353133797645569
2018-06-13,expected_rate_path_shift,2018-05-23,-13,0.034420982003211975
2018-06-13,expected_rate_path_shift,2018-05-24,-12,0.036035798490047455
2018-06-13,expected_rate_path_shift,2018-05-25,-11,0.03531590476632118
2018-06-13,expected_rate_path_shift,2018-05-29,-10,0.03600703924894333
2018-06-13,expected_rate_path_shift,2018-05-30,-9,0.03629722818732262
2018-06-13,expected_rate_path_shift,2018-05-31,-8,0.03623285889625549
2018-06-13,expected_rate_path_shift,2018-06-01,-7,0.03651227056980133
2018-06-13,expected_rate_path_shift,2018-06-04,-6,0.03746694698929787
2018-06-13,expected_rate_path_shift,2018-06-05,-5,0.03872885927557945
2018-06-13,expected_rate_path_shift,2018-06-06,-4,0.03954640403389931
2018-06-13,expected_rate_path_shift,2018-06-07,-3,0.038606420159339905
2018-06-13,expected_rate_path_shift,2018-06-08,-2,0.04124173894524574
2018-06-13,expected_rate_path_shift,2018-06-11,-1,0.03944907709956169
2018-06-13,expected_rate_path_shift,2018-06-12,0,0.034906402230262756
2018-06-13,inflation_assessment_shift,2018-05-03,-27,0.03781931474804878
2018-06-13,inflation_assessment_shift,2018-05-04,-26,0.034476473927497864
2018-06-13,inflation_assessment_shift,2018-05-07,-25,0.03487655147910118
2018-06-13,inflation_assessment_shift,2018-05-08,-24,0.03456658869981766
2018-06-13,inflation_assessment_shift,2018-05-09,-23,0.03407103568315506
2018-06-13,inflation_assessment_shift,2018-05-10,-22,0.03598592057824135
2018-06-13,inflation_assessment_shift,2018-05-11,-21,0.03605276718735695
2018-06-13,inflation_assessment_shift,2018-05-14,-20,0.03498655557632446
2018-06-13,inflation_assessment_shift,2018-05-15,-19,0.032060571014881134
2018-06-13,inflation_assessment_shift,2018-05-16,-18,0.03374069184064865
2018-06-13,inflation_assessment_shift,2018-05-17,-17,0.03321817144751549
2018-06-13,inflation_assessment_shift,2018-05-18,-16,0.033977873623371124
2018-06-13,inflation_assessment_shift,2018-05-21,-15,0.031978584825992584
2018-06-13,inflation_assessment_shift,2018-05-22,-14,0.03348412737250328
2018-06-13,inflation_assessment_shift,2018-05-23,-13,0.03498588502407074
2018-06-13,inflation_assessment_shift,2018-05-24,-12,0.03660063073039055
2018-06-13,inflation_assessment_shift,2018-05-25,-11,0.03577526658773422
2018-06-13,inflation_assessment_shift,2018-05-29,-10,0.04201143607497215
2018-06-13,inflation_assessment_shift,2018-05-30,-9,0.0368756465613842
2018-06-13,inflation_assessment_shift,2018-05-31,-8,0.04117957130074501
2018-06-13,inflation_assessment_shift,2018-06-01,-7,0.040383435785770416
2018-06-13,inflation_assessment_shift,2018-06-04,-6,0.03431742638349533
2018-06-13,inflation_assessment_shift,2018-06-05,-5,0.03743869438767433
2018-06-13,inflation_assessment_shift,2018-06-06,-4,0.033335767686367035
2018-06-13,inflation_assessment_shift,2018-06-07,-3,0.03702141344547272
2018-06-13,inflation_assessment_shift,2018-06-08,-2,0.03818405419588089
2018-06-13,inflation_assessment_shift,2018-06-11,-1,0.03338710963726044
2018-06-13,inflation_assessment_shift,2018-06-12,0,0.03720841929316521
2018-06-13,inflation_risk_shift,2018-05-03,-27,0.03811763599514961
2018-06-13,inflation_risk_shift,2018-05-04,-26,0.03486506640911102
2018-06-13,inflation_risk_shift,2018-05-07,-25,0.03524062782526016
2018-06-13,inflation_risk_shift,2018-05-08,-24,0.03495016694068909
2018-06-13,inflation_risk_shift,2018-05-09,-23,0.034831803292036057
2018-06-13,inflation_risk_shift,2018-05-10,-22,0.03598228842020035
2018-06-13,inflation_risk_shift,2018-05-11,-21,0.03613946586847305
2018-06-13,inflation_risk_shift,2018-05-14,-20,0.03530128300189972
2018-06-13,inflation_risk_shift,2018-05-15,-19,0.03301558643579483
2018-06-13,inflation_risk_shift,2018-05-16,-18,0.03431520611047745
2018-06-13,inflation_risk_shift,2018-05-17,-17,0.033958569169044495
2018-06-13,inflation_risk_shift,2018-05-18,-16,0.034541722387075424
2018-06-13,inflation_risk_shift,2018-05-21,-15,0.03332606330513954
2018-06-13,inflation_risk_shift,2018-05-22,-14,0.034362420439720154
2018-06-13,inflation_risk_shift,2018-05-23,-13,0.03560234606266022
2018-06-13,inflation_risk_shift,2018-05-24,-12,0.036780066788196564
2018-06-13,inflation_risk_shift,2018-05-25,-11,0.03505594655871391
2018-06-13,inflation_risk_shift,2018-05-29,-10,0.039654411375522614
2018-06-13,inflation_risk_shift,2018-05-30,-9,0.03687672317028046
2018-06-13,inflation_risk_shift,2018-05-31,-8,0.03788347169756889
2018-06-13,inflation_risk_shift,2018-06-01,-7,0.038562510162591934
2018-06-13,inflation_risk_shift,2018-06-04,-6,0.03483599051833153
2018-06-13,inflation_risk_shift,2018-06-05,-5,0.037276189774274826
2018-06-13,inflation_risk_shift,2018-06-06,-4,0.033992115408182144
2018-06-13,inflation_risk_shift,2018-06-07,-3,0.03723311424255371
2018-06-13,inflation_risk_shift,2018-06-08,-2,0.03791814297437668
2018-06-13,inflation_risk_shift,2018-06-11,-1,0.03354695811867714
2018-06-13,inflation_risk_shift,2018-06-12,0,0.03583412244915962
2018-06-13,unemployment_assessment_shift,2018-05-03,-27,0.03451737016439438
2018-06-13,unemployment_assessment_shift,2018-05-04,-26,0.03443760424852371
2018-06-13,unemployment_assessment_shift,2018-05-07,-25,0.034870848059654236
2018-06-13,unemployment_assessment_shift,2018-05-08,-24,0.034408632665872574
2018-06-13,unemployment_assessment_shift,2018-05-09,-23,0.03466343134641647
2018-06-13,unemployment_assessment_shift,2018-05-10,-22,0.03516865521669388
2018-06-13,unemployment_assessment_shift,2018-05-11,-21,0.03631516173481941
2018-06-13,unemployment_assessment_shift,2018-05-14,-20,0.0353735126554966
2018-06-13,unemployment_assessment_shift,2018-05-15,-19,0.0334332175552845
2018-06-13,unemployment_assessment_shift,2018-05-16,-18,0.03307875245809555
2018-06-13,unemployment_assessment_shift,2018-05-17,-17,0.03316676244139671
2018-06-13,unemployment_assessment_shift,2018-05-18,-16,0.03403459116816521
2018-06-13,unemployment_assessment_shift,2018-05-21,-15,0.03379769250750542
2018-06-13,unemployment_assessment_shift,2018-05-22,-14,0.03387068212032318
2018-06-13,unemployment_assessment_shift,2018-05-23,-13,0.03488935902714729
2018-06-13,unemployment_assessment_shift,2018-05-24,-12,0.03637976944446564
2018-06-13,unemployment_assessment_shift,2018-05-25,-11,0.035743530839681625
2018-06-13,unemployment_assessment_shift,2018-05-29,-10,0.037044450640678406
2018-06-13,unemployment_assessment_shift,2018-05-30,-9,0.036757856607437134
2018-06-13,unemployment_assessment_shift,2018-05-31,-8,0.03669680655002594
2018-06-13,unemployment_assessment_shift,2018-06-01,-7,0.03725568205118179
2018-06-13,unemployment_assessment_shift,2018-06-04,-6,0.03688143193721771
2018-06-13,unemployment_assessment_shift,2018-06-05,-5,0.03804495558142662
2018-06-13,unemployment_assessment_shift,2018-06-06,-4,0.03815332055091858
2018-06-13,unemployment_assessment_shift,2018-06-07,-3,0.03777717053890228
2018-06-13,unemployment_assessment_shift,2018-06-08,-2,0.04014270752668381
2018-06-13,unemployment_assessment_shift,2018-06-11,-1,0.03808353841304779
2018-06-13,unemployment_assessment_shift,2018-06-12,0,0.03501247242093086
2018-06-13,labor_market_risk_shift,2018-05-03,-27,0.034120239317417145
2018-06-13,labor_market_risk_shift,2018-05-04,-26,0.034049466252326965
2018-06-13,labor_market_risk_shift,2018-05-07,-25,0.034822016954422
2018-06-13,labor_market_risk_shift,2018-05-08,-24,0.034305449575185776
2018-06-13,labor_market_risk_shift,2018-05-09,-23,0.034399427473545074
2018-06-13,labor_market_risk_shift,2018-05-10,-22,0.03506316989660263
2018-06-13,labor_market_risk_shift,2018-05-11,-21,0.036526843905448914
2018-06-13,labor_market_risk_shift,2018-05-14,-20,0.03552646562457085
2018-06-13,labor_market_risk_shift,2018-05-15,-19,0.03395567089319229
2018-06-13,labor_market_risk_shift,2018-05-16,-18,0.033248305320739746
2018-06-13,labor_market_risk_shift,2018-05-17,-17,0.03326184302568436
2018-06-13,labor_market_risk_shift,2018-05-18,-16,0.03407682850956917
2018-06-13,labor_market_risk_shift,2018-05-21,-15,0.03397667780518532
2018-06-13,labor_market_risk_shift,2018-05-22,-14,0.033803969621658325
2018-06-13,labor_market_risk_shift,2018-05-23,-13,0.03438108041882515
2018-06-13,labor_market_risk_shift,2018-05-24,-12,0.035584088414907455
2018-06-13,labor_market_risk_shift,2018-05-25,-11,0.035024937242269516
2018-06-13,labor_market_risk_shift,2018-05-29,-10,0.03561002388596535
2018-06-13,labor_market_risk_shift,2018-05-30,-9,0.03570602834224701
2018-06-13,labor_market_risk_shift,2018-05-31,-8,0.036090001463890076
2018-06-13,labor_market_risk_shift,2018-06-01,-7,0.036744117736816406
2018-06-13,labor_market_risk_shift,2018-06-04,-6,0.03754662722349167
2018-06-13,labor_market_risk_shift,2018-06-05,-5,0.03879288583993912
2018-06-13,labor_market_risk_shift,2018-06-06,-4,0.038991063833236694
2018-06-13,labor_market_risk_shift,2018-06-07,-3,0.038420289754867554
2018-06-13,labor_market_risk_shift,2018-06-08,-2,0.04116066172719002
2018-06-13,labor_market_risk_shift,2018-06-11,-1,0.03936068341135979
2018-06-13,labor_market_risk_shift,2018-06-12,0,0.03545111417770386
2018-06-13,growth_activity_shift,2018-05-03,-27,0.03483359143137932
2018-06-13,growth_activity_shift,2018-05-04,-26,0.03421145677566528
2018-06-13,growth_activity_shift,2018-05-07,-25,0.03460671380162239
2018-06-13,growth_activity_shift,2018-05-08,-24,0.03429039567708969
2018-06-13,growth_activity_shift,2018-05-09,-23,0.03454233333468437
2018-06-13,growth_activity_shift,2018-05-10,-22,0.035306159406900406
2018-06-13,growth_activity_shift,2018-05-11,-21,0.03625044226646423
2018-06-13,growth_activity_shift,2018-05-14,-20,0.035253316164016724
2018-06-13,growth_activity_shift,2018-05-15,-19,0.033265940845012665
2018-06-13,growth_activity_shift,2018-05-16,-18,0.033366162329912186
2018-06-13,growth_activity_shift,2018-05-17,-17,0.03328634053468704
2018-06-13,growth_activity_shift,2018-05-18,-16,0.03413146734237671
2018-06-13,growth_activity_shift,2018-05-21,-15,0.033561188727617264
2018-06-13,growth_activity_shift,2018-05-22,-14,0.03375907987356186
2018-06-13,growth_activity_shift,2018-05-23,-13,0.03474418818950653
2018-06-13,growth_activity_shift,2018-05-24,-12,0.036088429391384125
2018-06-13,growth_activity_shift,2018-05-25,-11,0.035262398421764374
2018-06-13,growth_activity_shift,2018-05-29,-10,0.03711633011698723
2018-06-13,growth_activity_shift,2018-05-30,-9,0.0361781120300293
2018-06-13,growth_activity_shift,2018-05-31,-8,0.036924831569194794
2018-06-13,growth_activity_shift,2018-06-01,-7,0.03765315189957619
2018-06-13,growth_activity_shift,2018-06-04,-6,0.03685491904616356
2018-06-13,growth_activity_shift,2018-06-05,-5,0.03841790929436684
2018-06-13,growth_activity_shift,2018-06-06,-4,0.038049645721912384
2018-06-13,growth_activity_shift,2018-06-07,-3,0.03804033249616623
2018-06-13,growth_activity_shift,2018-06-08,-2,0.04028763622045517
2018-06-13,growth_activity_shift,2018-06-11,-1,0.03793589025735855
2018-06-13,growth_activity_shift,2018-06-12,0,0.0357816182076931
2018-06-13,financial_conditions_shift,2018-05-03,-27,0.040571123361587524
2018-06-13,financial_conditions_shift,2018-05-04,-26,0.036000072956085205
2018-06-13,financial_conditions_shift,2018-05-07,-25,0.035666320472955704
2018-06-13,financial_conditions_shift,2018-05-08,-24,0.03623625636100769
2018-06-13,financial_conditions_shift,2018-05-09,-23,0.03582361713051796
2018-06-13,financial_conditions_shift,2018-05-10,-22,0.03682165592908859
2018-06-13,financial_conditions_shift,2018-05-11,-21,0.03563973307609558
2018-06-13,financial_conditions_shift,2018-05-14,-20,0.035216011106967926
2018-06-13,financial_conditions_shift,2018-05-15,-19,0.03351379930973053
2018-06-13,financial_conditions_shift,2018-05-16,-18,0.03608287498354912
2018-06-13,financial_conditions_shift,2018-05-17,-17,0.035366784781217575
2018-06-13,financial_conditions_shift,2018-05-18,-16,0.03490152209997177
2018-06-13,financial_conditions_shift,2018-05-21,-15,0.033160291612148285
2018-06-13,financial_conditions_shift,2018-05-22,-14,0.03549790382385254
2018-06-13,financial_conditions_shift,2018-05-23,-13,0.03549247980117798
2018-06-13,financial_conditions_shift,2018-05-24,-12,0.03569337725639343
2018-06-13,financial_conditions_shift,2018-05-25,-11,0.035809095948934555
2018-06-13,financial_conditions_shift,2018-05-29,-10,0.041315339505672455
2018-06-13,financial_conditions_shift,2018-05-30,-9,0.03546246513724327
2018-06-13,financial_conditions_shift,2018-05-31,-8,0.04080365598201752
2018-06-13,financial_conditions_shift,2018-06-01,-7,0.0404428131878376
2018-06-13,financial_conditions_shift,2018-06-04,-6,0.033448196947574615
2018-06-13,financial_conditions_shift,2018-06-05,-5,0.03418787568807602
2018-06-13,financial_conditions_shift,2018-06-06,-4,0.030403058975934982
2018-06-13,financial_conditions_shift,2018-06-07,-3,0.03382427990436554
2018-06-13,financial_conditions_shift,2018-06-08,-2,0.03442061319947243
2018-06-13,financial_conditions_shift,2018-06-11,-1,0.030864324420690536
2018-06-13,financial_conditions_shift,2018-06-12,0,0.037334464490413666
2018-06-13,balance_sheet_policy_shift,2018-05-03,-27,0.033829912543296814
2018-06-13,balance_sheet_policy_shift,2018-05-04,-26,0.03427807241678238
2018-06-13,balance_sheet_policy_shift,2018-05-07,-25,0.0345945879817009
2018-06-13,balance_sheet_policy_shift,2018-05-08,-24,0.03434222564101219
2018-06-13,balance_sheet_policy_shift,2018-05-09,-23,0.034715618938207626
2018-06-13,balance_sheet_policy_shift,2018-05-10,-22,0.0350506454706192
2018-06-13,balance_sheet_policy_shift,2018-05-11,-21,0.036105141043663025
2018-06-13,balance_sheet_policy_shift,2018-05-14,-20,0.03544939309358597
2018-06-13,balance_sheet_policy_shift,2018-05-15,-19,0.03389254957437515
2018-06-13,balance_sheet_policy_shift,2018-05-16,-18,0.03321504592895508
2018-06-13,balance_sheet_policy_shift,2018-05-17,-17,0.03321470320224762
2018-06-13,balance_sheet_policy_shift,2018-05-18,-16,0.034243807196617126
2018-06-13,balance_sheet_policy_shift,2018-05-21,-15,0.034300271421670914
2018-06-13,balance_sheet_policy_shift,2018-05-22,-14,0.03372884541749954
2018-06-13,balance_sheet_policy_shift,2018-05-23,-13,0.03471221774816513
2018-06-13,balance_sheet_policy_shift,2018-05-24,-12,0.036034729331731796
2018-06-13,balance_sheet_policy_shift,2018-05-25,-11,0.035264983773231506
2018-06-13,balance_sheet_policy_shift,2018-05-29,-10,0.03584585711359978
2018-06-13,balance_sheet_policy_shift,2018-05-30,-9,0.036435697227716446
2018-06-13,balance_sheet_policy_shift,2018-05-31,-8,0.03627054765820503
2018-06-13,balance_sheet_policy_shift,2018-06-01,-7,0.036818116903305054
2018-06-13,balance_sheet_policy_shift,2018-06-04,-6,0.03740890324115753
2018-06-13,balance_sheet_policy_shift,2018-06-05,-5,0.038567915558815
2018-06-13,balance_sheet_policy_shift,2018-06-06,-4,0.03909526392817497
2018-06-13,balance_sheet_policy_shift,2018-06-07,-3,0.03793204575777054
2018-06-13,balance_sheet_policy_shift,2018-06-08,-2,0.04064840078353882
2018-06-13,balance_sheet_policy_shift,2018-06-11,-1,0.0390813909471035
2018-06-13,balance_sheet_policy_shift,2018-06-12,0,0.03492312878370285
2018-06-13,risk_balance_shift,2018-05-03,-27,0.03962748497724533
2018-06-13,risk_balance_shift,2018-05-04,-26,0.035400088876485825
2018-06-13,risk_balance_shift,2018-05-07,-25,0.035423677414655685
2018-06-13,risk_balance_shift,2018-05-08,-24,0.03536819666624069
2018-06-13,risk_balance_shift,2018-05-09,-23,0.03495526313781738
2018-06-13,risk_balance_shift,2018-05-10,-22,0.03670848533511162
2018-06-13,risk_balance_shift,2018-05-11,-21,0.03603227809071541
2018-06-13,risk_balance_shift,2018-05-14,-20,0.03494573011994362
2018-06-13,risk_balance_shift,2018-05-15,-19,0.03258448839187622
2018-06-13,risk_balance_shift,2018-05-16,-18,0.03505372256040573
2018-06-13,risk_balance_shift,2018-05-17,-17,0.03447207808494568
2018-06-13,risk_balance_shift,2018-05-18,-16,0.03478006646037102
2018-06-13,risk_balance_shift,2018-05-21,-15,0.032620079815387726
2018-06-13,risk_balance_shift,2018-05-22,-14,0.03429639711976051
2018-06-13,risk_balance_shift,2018-05-23,-13,0.03522573411464691
2018-06-13,risk_balance_shift,2018-05-24,-12,0.036218177527189255
2018-06-13,risk_balance_shift,2018-05-25,-11,0.035633914172649384
2018-06-13,risk_balance_shift,2018-05-29,-10,0.04242679849267006
2018-06-13,risk_balance_shift,2018-05-30,-9,0.036631226539611816
2018-06-13,risk_balance_shift,2018-05-31,-8,0.040994081646203995
2018-06-13,risk_balance_shift,2018-06-01,-7,0.0411827489733696
2018-06-13,risk_balance_shift,2018-06-04,-6,0.034039970487356186
2018-06-13,risk_balance_shift,2018-06-05,-5,0.03618113696575165
2018-06-13,risk_balance_shift,2018-06-06,-4,0.031236011534929276
2018-06-13,risk_balance_shift,2018-06-07,-3,0.0351228229701519
2018-06-13,risk_balance_shift,2018-06-08,-2,0.035281579941511154
2018-06-13,risk_balance_shift,2018-06-11,-1,0.03087928146123886
2018-06-13,risk_balance_shift,2018-06-12,0,0.03667847439646721
2018-06-13,committee_dispersion,2018-05-03,-27,0.04078099876642227
2018-06-13,committee_dispersion,2018-05-04,-26,0.03605068102478981
2018-06-13,committee_dispersion,2018-05-07,-25,0.035909611731767654
2018-06-13,committee_dispersion,2018-05-08,-24,0.036129843443632126
2018-06-13,committee_dispersion,2018-05-09,-23,0.0356396920979023
2018-06-13,committee_dispersion,2018-05-10,-22,0.03667166456580162
2018-06-13,committee_dispersion,2018-05-11,-21,0.03515709936618805
2018-06-13,committee_dispersion,2018-05-14,-20,0.03471774980425835
2018-06-13,committee_dispersion,2018-05-15,-19,0.03373999148607254
2018-06-13,committee_dispersion,2018-05-16,-18,0.03655696287751198
2018-06-13,committee_dispersion,2018-05-17,-17,0.03600853681564331
2018-06-13,committee_dispersion,2018-05-18,-16,0.03580525144934654
2018-06-13,committee_dispersion,2018-05-21,-15,0.033752016723155975
2018-06-13,committee_dispersion,2018-05-22,-14,0.035705480724573135
2018-06-13,committee_dispersion,2018-05-23,-13,0.03619889169931412
2018-06-13,committee_dispersion,2018-05-24,-12,0.03541472554206848
2018-06-13,committee_dispersion,2018-05-25,-11,0.03552399203181267
2018-06-13,committee_dispersion,2018-05-29,-10,0.04199930280447006
2018-06-13,committee_dispersion,2018-05-30,-9,0.035586461424827576
2018-06-13,committee_dispersion,2018-05-31,-8,0.04036927595734596
2018-06-13,committee_dispersion,2018-06-01,-7,0.040947094559669495
2018-06-13,committee_dispersion,2018-06-04,-6,0.03382238745689392
2018-06-13,committee_dispersion,2018-06-05,-5,0.03401673957705498
2018-06-13,committee_dispersion,2018-06-06,-4,0.0302853062748909
2018-06-13,committee_dispersion,2018-06-07,-3,0.03315185755491257
2018-06-13,committee_dispersion,2018-06-08,-2,0.03383489325642586
2018-06-13,committee_dispersion,2018-06-11,-1,0.02944178692996502
2018-06-13,committee_dispersion,2018-06-12,0,0.036781709641218185
2018-06-13,policy_uncertainty,2018-05-03,-27,0.04024774953722954
2018-06-13,policy_uncertainty,2018-05-04,-26,0.03485015779733658
2018-06-13,policy_uncertainty,2018-05-07,-25,0.03503631427884102
2018-06-13,policy_uncertainty,2018-05-08,-24,0.035495951771736145
2018-06-13,policy_uncertainty,2018-05-09,-23,0.03478548675775528
2018-06-13,policy_uncertainty,2018-05-10,-22,0.03653153032064438
2018-06-13,policy_uncertainty,2018-05-11,-21,0.03567717224359512
2018-06-13,policy_uncertainty,2018-05-14,-20,0.03488500043749809
2018-06-13,policy_uncertainty,2018-05-15,-19,0.03267344459891319
2018-06-13,policy_uncertainty,2018-05-16,-18,0.03490410000085831
2018-06-13,policy_uncertainty,2018-05-17,-17,0.033956751227378845
2018-06-13,policy_uncertainty,2018-05-18,-16,0.03428255766630173
2018-06-13,policy_uncertainty,2018-05-21,-15,0.032404568046331406
2018-06-13,policy_uncertainty,2018-05-22,-14,0.03443624824285507
2018-06-13,policy_uncertainty,2018-05-23,-13,0.03506796434521675
2018-06-13,policy_uncertainty,2018-05-24,-12,0.03537244349718094
2018-06-13,policy_uncertainty,2018-05-25,-11,0.03554815798997879
2018-06-13,policy_uncertainty,2018-05-29,-10,0.041447218507528305
2018-06-13,policy_uncertainty,2018-05-30,-9,0.03620213270187378
2018-06-13,policy_uncertainty,2018-05-31,-8,0.04160459339618683
2018-06-13,policy_uncertainty,2018-06-01,-7,0.04191278666257858
2018-06-13,policy_uncertainty,2018-06-04,-6,0.03464632108807564
2018-06-13,policy_uncertainty,2018-06-05,-5,0.03651858866214752
2018-06-13,policy_uncertainty,2018-06-06,-4,0.031940147280693054
2018-06-13,policy_uncertainty,2018-06-07,-3,0.03554807975888252
2018-06-13,policy_uncertainty,2018-06-08,-2,0.036865025758743286
2018-06-13,policy_uncertainty,2018-06-11,-1,0.030879022553563118
2018-06-13,policy_uncertainty,2018-06-12,0,0.036280449479818344
2018-06-13,forward_guidance_strength,2018-05-03,-27,0.04098883643746376
2018-06-13,forward_guidance_strength,2018-05-04,-26,0.03632902354001999
2018-06-13,forward_guidance_strength,2018-05-07,-25,0.03605354577302933
2018-06-13,forward_guidance_strength,2018-05-08,-24,0.03649020195007324
2018-06-13,forward_guidance_strength,2018-05-09,-23,0.035791028290987015
2018-06-13,forward_guidance_strength,2018-05-10,-22,0.03691108897328377
2018-06-13,forward_guidance_strength,2018-05-11,-21,0.03541385382413864
2018-06-13,forward_guidance_strength,2018-05-14,-20,0.03493374586105347
2018-06-13,forward_guidance_strength,2018-05-15,-19,0.0339791402220726
2018-06-13,forward_guidance_strength,2018-05-16,-18,0.03675791621208191
2018-06-13,forward_guidance_strength,2018-05-17,-17,0.03615393117070198
2018-06-13,forward_guidance_strength,2018-05-18,-16,0.035634785890579224
2018-06-13,forward_guidance_strength,2018-05-21,-15,0.03371068090200424
2018-06-13,forward_guidance_strength,2018-05-22,-14,0.03582526743412018
2018-06-13,forward_guidance_strength,2018-05-23,-13,0.03586456552147865
2018-06-13,forward_guidance_strength,2018-05-24,-12,0.035516493022441864
2018-06-13,forward_guidance_strength,2018-05-25,-11,0.0359128974378109
2018-06-13,forward_guidance_strength,2018-05-29,-10,0.0414971224963665
2018-06-13,forward_guidance_strength,2018-05-30,-9,0.03594169020652771
2018-06-13,forward_guidance_strength,2018-05-31,-8,0.04091456159949303
2018-06-13,forward_guidance_strength,2018-06-01,-7,0.04044552147388458
2018-06-13,forward_guidance_strength,2018-06-04,-6,0.033509574830532074
2018-06-13,forward_guidance_strength,2018-06-05,-5,0.03342980146408081
2018-06-13,forward_guidance_strength,2018-06-06,-4,0.0296990554779768
2018-06-13,forward_guidance_strength,2018-06-07,-3,0.03263114392757416
2018-06-13,forward_guidance_strength,2018-06-08,-2,0.03331880271434784
2018-06-13,forward_guidance_strength,2018-06-11,-1,0.029373768717050552
2018-06-13,forward_guidance_strength,2018-06-12,0,0.03697194904088974
2018-08-01,rate_decision,2018-06-14,-32,0.029646918177604675
2018-08-01,rate_decision,2018-06-15,-31,0.03007351979613304
2018-08-01,rate_decision,2018-06-18,-30,0.028545623645186424
2018-08-01,rate_decision,2018-06-19,-29,0.030556274577975273
2018-08-01,rate_decision,2018-06-20,-28,0.02840372920036316
2018-08-01,rate_decision,2018-06-21,-27,0.030379202216863632
2018-08-01,rate_decision,2018-06-22,-26,0.029719961807131767
2018-08-01,rate_decision,2018-06-25,-25,0.031190862879157066
2018-08-01,rate_decision,2018-06-26,-24,0.030365724116563797
2018-08-01,rate_decision,2018-06-27,-23,0.03300224989652634
2018-08-01,rate_decision,2018-06-28,-22,0.030696261674165726
2018-08-01,rate_decision,2018-06-29,-21,0.03068631701171398
2018-08-01,rate_decision,2018-07-02,-20,0.030253343284130096
2018-08-01,rate_decision,2018-07-03,-19,0.03080764412879944
2018-08-01,rate_decision,2018-07-05,-18,0.030623652040958405
2018-08-01,rate_decision,2018-07-06,-17,0.030319174751639366
2018-08-01,rate_decision,2018-07-09,-16,0.03097301535308361
2018-08-01,rate_decision,2018-07-10,-15,0.03019472397863865
2018-08-01,rate_decision,2018-07-11,-14,0.029549364000558853
2018-08-01,rate_decision,2018-07-12,-13,0.028747858479619026
2018-08-01,rate_decision,2018-07-13,-12,0.03058246523141861
2018-08-01,rate_decision,2018-07-16,-11,0.02900121361017227
2018-08-01,rate_decision,2018-07-17,-10,0.02954082563519478
2018-08-01,rate_decision,2018-07-18,-9,0.028202619403600693
2018-08-01,rate_decision,2018-07-19,-8,0.028996696695685387
2018-08-01,rate_decision,2018-07-20,-7,0.02945157140493393
2018-08-01,rate_decision,2018-07-23,-6,0.03113546036183834
2018-08-01,rate_decision,2018-07-24,-5,0.030628293752670288
2018-08-01,rate_decision,2018-07-25,-4,0.031149491667747498
2018-08-01,rate_decision,2018-07-26,-3,0.03179801255464554
2018-08-01,rate_decision,2018-07-27,-2,0.03172493726015091
2018-08-01,rate_decision,2018-07-30,-1,0.031190790235996246
2018-08-01,rate_decision,2018-07-31,0,0.03186218440532684
2018-08-01,current_policy_stance,2018-06-14,-32,0.03361436352133751
2018-08-01,current_policy_stance,2018-06-15,-31,0.02996930480003357
2018-08-01,current_policy_stance,2018-06-18,-30,0.028352465480566025
2018-08-01,current_policy_stance,2018-06-19,-29,0.029147431254386902
2018-08-01,current_policy_stance,2018-06-20,-28,0.02676384150981903
2018-08-01,current_policy_stance,2018-06-21,-27,0.029353301972150803
2018-08-01,current_policy_stance,2018-06-22,-26,0.029184915125370026
2018-08-01,current_policy_stance,2018-06-25,-25,0.03085925057530403
2018-08-01,current_policy_stance,2018-06-26,-24,0.030018096789717674
2018-08-01,current_policy_stance,2018-06-27,-23,0.033941201865673065
2018-08-01,current_policy_stance,2018-06-28,-22,0.03175770118832588
2018-08-01,current_policy_stance,2018-06-29,-21,0.03262416645884514
2018-08-01,current_policy_stance,2018-07-02,-20,0.03198399767279625
2018-08-01,current_policy_stance,2018-07-03,-19,0.03237656503915787
2018-08-01,current_policy_stance,2018-07-05,-18,0.03086262382566929
2018-08-01,current_policy_stance,2018-07-06,-17,0.030798912048339844
2018-08-01,current_policy_stance,2018-07-09,-16,0.03172143176198006
2018-08-01,current_policy_stance,2018-07-10,-15,0.03026570938527584
2018-08-01,current_policy_stance,2018-07-11,-14,0.029791172593832016
2018-08-01,current_policy_stance,2018-07-12,-13,0.029129914939403534
2018-08-01,current_policy_stance,2018-07-13,-12,0.03095289133489132
2018-08-01,current_policy_stance,2018-07-16,-11,0.028500938788056374
2018-08-01,current_policy_stance,2018-07-17,-10,0.03023066557943821
2018-08-01,current_policy_stance,2018-07-18,-9,0.02894587814807892
2018-08-01,current_policy_stance,2018-07-19,-8,0.031572125852108
2018-08-01,current_policy_stance,2018-07-20,-7,0.028143955394625664
2018-08-01,current_policy_stance,2018-07-23,-6,0.029357753694057465
2018-08-01,current_policy_stance,2018-07-24,-5,0.03090832009911537
2018-08-01,current_policy_stance,2018-07-25,-4,0.028384791687130928
2018-08-01,current_policy_stance,2018-07-26,-3,0.027894575148820877
2018-08-01,current_policy_stance,2018-07-27,-2,0.029753386974334717
2018-08-01,current_policy_stance,2018-07-30,-1,0.03159674257040024
2018-08-01,current_policy_stance,2018-07-31,0,0.03124164044857025
2018-08-01,policy_stance_shift,2018-06-14,-32,0.03248950466513634
2018-08-01,policy_stance_shift,2018-06-15,-31,0.0304897278547287
2018-08-01,policy_stance_shift,2018-06-18,-30,0.029120702296495438
2018-08-01,policy_stance_shift,2018-06-19,-29,0.029940977692604065
2018-08-01,policy_stance_shift,2018-06-20,-28,0.027332868427038193
2018-08-01,policy_stance_shift,2018-06-21,-27,0.028960958123207092
2018-08-01,policy_stance_shift,2018-06-22,-26,0.028102627024054527
2018-08-01,policy_stance_shift,2018-06-25,-25,0.031009051948785782
2018-08-01,policy_stance_shift,2018-06-26,-24,0.028775352984666824
2018-08-01,policy_stance_shift,2018-06-27,-23,0.03173568844795227
2018-08-01,policy_stance_shift,2018-06-28,-22,0.031916312873363495
2018-08-01,policy_stance_shift,2018-06-29,-21,0.03290218859910965
2018-08-01,policy_stance_shift,2018-07-02,-20,0.032212257385253906
2018-08-01,policy_stance_shift,2018-07-03,-19,0.03166155889630318
2018-08-01,policy_stance_shift,2018-07-05,-18,0.03147124871611595
2018-08-01,policy_stance_shift,2018-07-06,-17,0.03073079138994217
2018-08-01,policy_stance_shift,2018-07-09,-16,0.031742751598358154
2018-08-01,policy_stance_shift,2018-07-10,-15,0.029882820323109627
2018-08-01,policy_stance_shift,2018-07-11,-14,0.02933090180158615
2018-08-01,policy_stance_shift,2018-07-12,-13,0.03001854196190834
2018-08-01,policy_stance_shift,2018-07-13,-12,0.031121743842959404
2018-08-01,policy_stance_shift,2018-07-16,-11,0.02946268953382969
2018-08-01,policy_stance_shift,2018-07-17,-10,0.030946815386414528
2018-08-01,policy_stance_shift,2018-07-18,-9,0.02930246666073799
2018-08-01,policy_stance_shift,2018-07-19,-8,0.03186981752514839
2018-08-01,policy_stance_shift,2018-07-20,-7,0.028625186532735825
2018-08-01,policy_stance_shift,2018-07-23,-6,0.029259078204631805
2018-08-01,policy_stance_shift,2018-07-24,-5,0.030014129355549812
2018-08-01,policy_stance_shift,2018-07-25,-4,0.029172029346227646
2018-08-01,policy_stance_shift,2018-07-26,-3,0.027924850583076477
2018-08-01,policy_stance_shift,2018-07-27,-2,0.02886933833360672
2018-08-01,policy_stance_shift,2018-07-30,-1,0.03141224756836891
2018-08-01,policy_stance_shift,2018-07-31,0,0.03219275921583176
2018-08-01,expected_rate_path_shift,2018-06-14,-32,0.031925100833177567
2018-08-01,expected_rate_path_shift,2018-06-15,-31,0.029265940189361572
2018-08-01,expected_rate_path_shift,2018-06-18,-30,0.028484828770160675
2018-08-01,expected_rate_path_shift,2018-06-19,-29,0.028086598962545395
2018-08-01,expected_rate_path_shift,2018-06-20,-28,0.026882221922278404
2018-08-01,expected_rate_path_shift,2018-06-21,-27,0.028857216238975525
2018-08-01,expected_rate_path_shift,2018-06-22,-26,0.02891627326607704
2018-08-01,expected_rate_path_shift,2018-06-25,-25,0.03137556090950966
2018-08-01,expected_rate_path_shift,2018-06-26,-24,0.029919426888227463
2018-08-01,expected_rate_path_shift,2018-06-27,-23,0.032792240381240845
2018-08-01,expected_rate_path_shift,2018-06-28,-22,0.03216790407896042
2018-08-01,expected_rate_path_shift,2018-06-29,-21,0.033084724098443985
2018-08-01,expected_rate_path_shift,2018-07-02,-20,0.03253423795104027
2018-08-01,expected_rate_path_shift,2018-07-03,-19,0.0320405438542366
2018-08-01,expected_rate_path_shift,2018-07-05,-18,0.03180352970957756
2018-08-01,expected_rate_path_shift,2018-07-06,-17,0.031039565801620483
2018-08-01,expected_rate_path_shift,2018-07-09,-16,0.03207598626613617
2018-08-01,expected_rate_path_shift,2018-07-10,-15,0.03029440902173519
2018-08-01,expected_rate_path_shift,2018-07-11,-14,0.02962333709001541
2018-08-01,expected_rate_path_shift,2018-07-12,-13,0.02993578091263771
2018-08-01,expected_rate_path_shift,2018-07-13,-12,0.031201999634504318
2018-08-01,expected_rate_path_shift,2018-07-16,-11,0.028978999704122543
2018-08-01,expected_rate_path_shift,2018-07-17,-10,0.030538856983184814
2018-08-01,expected_rate_path_shift,2018-07-18,-9,0.02907610312104225
2018-08-01,expected_rate_path_shift,2018-07-19,-8,0.03149513900279999
2018-08-01,expected_rate_path_shift,2018-07-20,-7,0.028514858335256577
2018-08-01,expected_rate_path_shift,2018-07-23,-6,0.02939312532544136
2018-08-01,expected_rate_path_shift,2018-07-24,-5,0.03003142774105072
2018-08-01,expected_rate_path_shift,2018-07-25,-4,0.028757769614458084
2018-08-01,expected_rate_path_shift,2018-07-26,-3,0.02839556150138378
2018-08-01,expected_rate_path_shift,2018-07-27,-2,0.029312415048480034
2018-08-01,expected_rate_path_shift,2018-07-30,-1,0.031622644513845444
2018-08-01,expected_rate_path_shift,2018-07-31,0,0.031575657427310944
2018-08-01,inflation_assessment_shift,2018-06-14,-32,0.03437794744968414
2018-08-01,inflation_assessment_shift,2018-06-15,-31,0.03098154067993164
2018-08-01,inflation_assessment_shift,2018-06-18,-30,0.030634548515081406
2018-08-01,inflation_assessment_shift,2018-06-19,-29,0.03060453198850155
2018-08-01,inflation_assessment_shift,2018-06-20,-28,0.02807537093758583
2018-08-01,inflation_assessment_shift,2018-06-21,-27,0.03039713390171528
2018-08-01,inflation_assessment_shift,2018-06-22,-26,0.028518904000520706
2018-08-01,inflation_assessment_shift,2018-06-25,-25,0.03149418532848358
2018-08-01,inflation_assessment_shift,2018-06-26,-24,0.02805856615304947
2018-08-01,inflation_assessment_shift,2018-06-27,-23,0.02988949418067932
2018-08-01,inflation_assessment_shift,2018-06-28,-22,0.03099432773888111
2018-08-01,inflation_assessment_shift,2018-06-29,-21,0.03202494978904724
2018-08-01,inflation_assessment_shift,2018-07-02,-20,0.031239284202456474
2018-08-01,inflation_assessment_shift,2018-07-03,-19,0.031077798455953598
2018-08-01,inflation_assessment_shift,2018-07-05,-18,0.03207115828990936
2018-08-01,inflation_assessment_shift,2018-07-06,-17,0.030612632632255554
2018-08-01,inflation_assessment_shift,2018-07-09,-16,0.031091928482055664
2018-08-01,inflation_assessment_shift,2018-07-10,-15,0.02929110638797283
2018-08-01,inflation_assessment_shift,2018-07-11,-14,0.02901364117860794
2018-08-01,inflation_assessment_shift,2018-07-12,-13,0.03020767867565155
2018-08-01,inflation_assessment_shift,2018-07-13,-12,0.031177904456853867
2018-08-01,inflation_assessment_shift,2018-07-16,-11,0.02957487478852272
2018-08-01,inflation_assessment_shift,2018-07-17,-10,0.03066466748714447
2018-08-01,inflation_assessment_shift,2018-07-18,-9,0.02953311614692211
2018-08-01,inflation_assessment_shift,2018-07-19,-8,0.03228864073753357
2018-08-01,inflation_assessment_shift,2018-07-20,-7,0.028772180899977684
2018-08-01,inflation_assessment_shift,2018-07-23,-6,0.028505977243185043
2018-08-01,inflation_assessment_shift,2018-07-24,-5,0.02876247465610504
2018-08-01,inflation_assessment_shift,2018-07-25,-4,0.028823699802160263
2018-08-01,inflation_assessment_shift,2018-07-26,-3,0.028081823140382767
2018-08-01,inflation_assessment_shift,2018-07-27,-2,0.02841627597808838
2018-08-01,inflation_assessment_shift,2018-07-30,-1,0.03178916499018669
2018-08-01,inflation_assessment_shift,2018-07-31,0,0.03295247256755829
2018-08-01,inflation_risk_shift,2018-06-14,-32,0.031100545078516006
2018-08-01,inflation_risk_shift,2018-06-15,-31,0.029145164415240288
2018-08-01,inflation_risk_shift,2018-06-18,-30,0.02823442965745926
2018-08-01,inflation_risk_shift,2018-06-19,-29,0.028218021616339684
2018-08-01,inflation_risk_shift,2018-06-20,-28,0.026789916679263115
2018-08-01,inflation_risk_shift,2018-06-21,-27,0.028583252802491188
2018-08-01,inflation_risk_shift,2018-06-22,-26,0.028652548789978027
2018-08-01,inflation_risk_shift,2018-06-25,-25,0.030640341341495514
2018-08-01,inflation_risk_shift,2018-06-26,-24,0.02981865592300892
2018-08-01,inflation_risk_shift,2018-06-27,-23,0.032436028122901917
2018-08-01,inflation_risk_shift,2018-06-28,-22,0.03190363571047783
2018-08-01,inflation_risk_shift,2018-06-29,-21,0.03276112675666809
2018-08-01,inflation_risk_shift,2018-07-02,-20,0.032125480473041534
2018-08-01,inflation_risk_shift,2018-07-03,-19,0.03165486454963684
2018-08-01,inflation_risk_shift,2018-07-05,-18,0.031175192445516586
2018-08-01,inflation_risk_shift,2018-07-06,-17,0.031066637486219406
2018-08-01,inflation_risk_shift,2018-07-09,-16,0.03157336637377739
2018-08-01,inflation_risk_shift,2018-07-10,-15,0.030451392754912376
2018-08-01,inflation_risk_shift,2018-07-11,-14,0.02985333651304245
2018-08-01,inflation_risk_shift,2018-07-12,-13,0.030905844643712044
2018-08-01,inflation_risk_shift,2018-07-13,-12,0.031606703996658325
2018-08-01,inflation_risk_shift,2018-07-16,-11,0.02985096350312233
2018-08-01,inflation_risk_shift,2018-07-17,-10,0.03066331520676613
2018-08-01,inflation_risk_shift,2018-07-18,-9,0.029475539922714233
2018-08-01,inflation_risk_shift,2018-07-19,-8,0.03159747272729874
2018-08-01,inflation_risk_shift,2018-07-20,-7,0.02921305038034916
2018-08-01,inflation_risk_shift,2018-07-23,-6,0.029667172580957413
2018-08-01,inflation_risk_shift,2018-07-24,-5,0.03034006990492344
2018-08-01,inflation_risk_shift,2018-07-25,-4,0.02913873828947544
2018-08-01,inflation_risk_shift,2018-07-26,-3,0.028667258098721504
2018-08-01,inflation_risk_shift,2018-07-27,-2,0.029695114120841026
2018-08-01,inflation_risk_shift,2018-07-30,-1,0.031777337193489075
2018-08-01,inflation_risk_shift,2018-07-31,0,0.031217463314533234
2018-08-01,unemployment_assessment_shift,2018-06-14,-32,0.032040901482105255
2018-08-01,unemployment_assessment_shift,2018-06-15,-31,0.02949494495987892
2018-08-01,unemployment_assessment_shift,2018-06-18,-30,0.02815382182598114
2018-08-01,unemployment_assessment_shift,2018-06-19,-29,0.028307385742664337
2018-08-01,unemployment_assessment_shift,2018-06-20,-28,0.026868414133787155
2018-08-01,unemployment_assessment_shift,2018-06-21,-27,0.029388371855020523
2018-08-01,unemployment_assessment_shift,2018-06-22,-26,0.029384233057498932
2018-08-01,unemployment_assessment_shift,2018-06-25,-25,0.03179746866226196
2018-08-01,unemployment_assessment_shift,2018-06-26,-24,0.03060048446059227
2018-08-01,unemployment_assessment_shift,2018-06-27,-23,0.0333634689450264
2018-08-01,unemployment_assessment_shift,2018-06-28,-22,0.03259939327836037
2018-08-01,unemployment_assessment_shift,2018-06-29,-21,0.03310294449329376
2018-08-01,unemployment_assessment_shift,2018-07-02,-20,0.032379403710365295
2018-08-01,unemployment_assessment_shift,2018-07-03,-19,0.03221433237195015
2018-08-01,unemployment_assessment_shift,2018-07-05,-18,0.03172003850340843
2018-08-01,unemployment_assessment_shift,2018-07-06,-17,0.03093908727169037
2018-08-01,unemployment_assessment_shift,2018-07-09,-16,0.03193790838122368
2018-08-01,unemployment_assessment_shift,2018-07-10,-15,0.030281025916337967
2018-08-01,unemployment_assessment_shift,2018-07-11,-14,0.029654186218976974
2018-08-01,unemployment_assessment_shift,2018-07-12,-13,0.02978467009961605
2018-08-01,unemployment_assessment_shift,2018-07-13,-12,0.031032592058181763
2018-08-01,unemployment_assessment_shift,2018-07-16,-11,0.02897418476641178
2018-08-01,unemployment_assessment_shift,2018-07-17,-10,0.030305827036499977
2018-08-01,unemployment_assessment_shift,2018-07-18,-9,0.02922680787742138
2018-08-01,unemployment_assessment_shift,2018-07-19,-8,0.03151044249534607
2018-08-01,unemployment_assessment_shift,2018-07-20,-7,0.02829870395362377
2018-08-01,unemployment_assessment_shift,2018-07-23,-6,0.029191218316555023
2018-08-01,unemployment_assessment_shift,2018-07-24,-5,0.02989189885556698
2018-08-01,unemployment_assessment_shift,2018-07-25,-4,0.028133129701018333
2018-08-01,unemployment_assessment_shift,2018-07-26,-3,0.02789989672601223
2018-08-01,unemployment_assessment_shift,2018-07-27,-2,0.029144782572984695
2018-08-01,unemployment_assessment_shift,2018-07-30,-1,0.03154607117176056
2018-08-01,unemployment_assessment_shift,2018-07-31,0,0.0308319590985775
2018-08-01,labor_market_risk_shift,2018-06-14,-32,0.03184541314840317
2018-08-01,labor_market_risk_shift,2018-06-15,-31,0.029190171509981155
2018-08-01,labor_market_risk_shift,2018-06-18,-30,0.028139330446720123
2018-08-01,labor_market_risk_shift,2018-06-19,-29,0.028108930215239525
2018-08-01,labor_market_risk_shift,2018-06-20,-28,0.02666403539478779
2018-08-01,labor_market_risk_shift,2018-06-21,-27,0.028670744970440865
2018-08-01,labor_market_risk_shift,2018-06-22,-26,0.028875742107629776
2018-08-01,labor_market_risk_shift,2018-06-25,-25,0.030441097915172577
2018-08-01,labor_market_risk_shift,2018-06-26,-24,0.029675886034965515
2018-08-01,labor_market_risk_shift,2018-06-27,-23,0.03286857157945633
2018-08-01,labor_market_risk_shift,2018-06-28,-22,0.03216853737831116
2018-08-01,labor_market_risk_shift,2018-06-29,-21,0.03269744664430618
2018-08-01,labor_market_risk_shift,2018-07-02,-20,0.032676294445991516
2018-08-01,labor_market_risk_shift,2018-07-03,-19,0.03219035267829895
2018-08-01,labor_market_risk_shift,2018-07-05,-18,0.03136620670557022
2018-08-01,labor_market_risk_shift,2018-07-06,-17,0.031167490407824516
2018-08-01,labor_market_risk_shift,2018-07-09,-16,0.03196772187948227
2018-08-01,labor_market_risk_shift,2018-07-10,-15,0.030570780858397484
2018-08-01,labor_market_risk_shift,2018-07-11,-14,0.029817283153533936
2018-08-01,labor_market_risk_shift,2018-07-12,-13,0.030455779284238815
2018-08-01,labor_market_risk_shift,2018-07-13,-12,0.031435832381248474
2018-08-01,labor_market_risk_shift,2018-07-16,-11,0.02973731979727745
2018-08-01,labor_market_risk_shift,2018-07-17,-10,0.030647963285446167
2018-08-01,labor_market_risk_shift,2018-07-18,-9,0.029762515798211098
2018-08-01,labor_market_risk_shift,2018-07-19,-8,0.03194927051663399
2018-08-01,labor_market_risk_shift,2018-07-20,-7,0.028888411819934845
2018-08-01,labor_market_risk_shift,2018-07-23,-6,0.029507990926504135
2018-08-01,labor_market_risk_shift,2018-07-24,-5,0.030487840995192528
2018-08-01,labor_market_risk_shift,2018-07-25,-4,0.02839723601937294
2018-08-01,labor_market_risk_shift,2018-07-26,-3,0.02781744673848152
2018-08-01,labor_market_risk_shift,2018-07-27,-2,0.029402822256088257
2018-08-01,labor_market_risk_shift,2018-07-30,-1,0.03123454749584198
2018-08-01,labor_market_risk_shift,2018-07-31,0,0.031172972172498703
2018-08-01,growth_activity_shift,2018-06-14,-32,0.03371425345540047
2018-08-01,growth_activity_shift,2018-06-15,-31,0.03139114007353783
2018-08-01,growth_activity_shift,2018-06-18,-30,0.031074535101652145
2018-08-01,growth_activity_shift,2018-06-19,-29,0.029995089396834373
2018-08-01,growth_activity_shift,2018-06-20,-28,0.028474122285842896
2018-08-01,growth_activity_shift,2018-06-21,-27,0.030436158180236816
2018-08-01,growth_activity_shift,2018-06-22,-26,0.02878311648964882
2018-08-01,growth_activity_shift,2018-06-25,-25,0.03212577477097511
2018-08-01,growth_activity_shift,2018-06-26,-24,0.028690975159406662
2018-08-01,growth_activity_shift,2018-06-27,-23,0.029525360092520714
2018-08-01,growth_activity_shift,2018-06-28,-22,0.0310659296810627
2018-08-01,growth_activity_shift,2018-06-29,-21,0.0318753719329834
2018-08-01,growth_activity_shift,2018-07-02,-20,0.03134717419743538
2018-08-01,growth_activity_shift,2018-07-03,-19,0.031097516417503357
2018-08-01,growth_activity_shift,2018-07-05,-18,0.032006531953811646
2018-08-01,growth_activity_shift,2018-07-06,-17,0.030428359284996986
2018-08-01,growth_activity_shift,2018-07-09,-16,0.03101780265569687
2018-08-01,growth_activity_shift,2018-07-10,-15,0.029232626780867577
2018-08-01,growth_activity_shift,2018-07-11,-14,0.029041513800621033
2018-08-01,growth_activity_shift,2018-07-12,-13,0.030331792309880257
2018-08-01,growth_activity_shift,2018-07-13,-12,0.030889490619301796
2018-08-01,growth_activity_shift,2018-07-16,-11,0.029748346656560898
2018-08-01,growth_activity_shift,2018-07-17,-10,0.030547626316547394
2018-08-01,growth_activity_shift,2018-07-18,-9,0.029348663985729218
2018-08-01,growth_activity_shift,2018-07-19,-8,0.031536005437374115
2018-08-01,growth_activity_shift,2018-07-20,-7,0.028587017208337784
2018-08-01,growth_activity_shift,2018-07-23,-6,0.028406882658600807
2018-08-01,growth_activity_shift,2018-07-24,-5,0.028610296547412872
2018-08-01,growth_activity_shift,2018-07-25,-4,0.029113031923770905
2018-08-01,growth_activity_shift,2018-07-26,-3,0.02837946265935898
2018-08-01,growth_activity_shift,2018-07-27,-2,0.028721675276756287
2018-08-01,growth_activity_shift,2018-07-30,-1,0.032118864357471466
2018-08-01,growth_activity_shift,2018-07-31,0,0.032337486743927
2018-08-01,financial_conditions_shift,2018-06-14,-32,0.03135291486978531
2018-08-01,financial_conditions_shift,2018-06-15,-31,0.028800692409276962
2018-08-01,financial_conditions_shift,2018-06-18,-30,0.02755207195878029
2018-08-01,financial_conditions_shift,2018-06-19,-29,0.02820500172674656
2018-08-01,financial_conditions_shift,2018-06-20,-28,0.02639695070683956
2018-08-01,financial_conditions_shift,2018-06-21,-27,0.028873272240161896
2018-08-01,financial_conditions_shift,2018-06-22,-26,0.02861258015036583
2018-08-01,financial_conditions_shift,2018-06-25,-25,0.031583309173583984
2018-08-01,financial_conditions_shift,2018-06-26,-24,0.030151374638080597
2018-08-01,financial_conditions_shift,2018-06-27,-23,0.03325969725847244
2018-08-01,financial_conditions_shift,2018-06-28,-22,0.0318242646753788
2018-08-01,financial_conditions_shift,2018-06-29,-21,0.032799217849969864
2018-08-01,financial_conditions_shift,2018-07-02,-20,0.03227739408612251
2018-08-01,financial_conditions_shift,2018-07-03,-19,0.032325949519872665
2018-08-01,financial_conditions_shift,2018-07-05,-18,0.03135001286864281
2018-08-01,financial_conditions_shift,2018-07-06,-17,0.0307429488748312
2018-08-01,financial_conditions_shift,2018-07-09,-16,0.03205549716949463
2018-08-01,financial_conditions_shift,2018-07-10,-15,0.030570195987820625
2018-08-01,financial_conditions_shift,2018-07-11,-14,0.02977912686765194
2018-08-01,financial_conditions_shift,2018-07-12,-13,0.029729880392551422
2018-08-01,financial_conditions_shift,2018-07-13,-12,0.031024394556879997
2018-08-01,financial_conditions_shift,2018-07-16,-11,0.028743892908096313
2018-08-01,financial_conditions_shift,2018-07-17,-10,0.030360888689756393
2018-08-01,financial_conditions_shift,2018-07-18,-9,0.029081616550683975
2018-08-01,financial_conditions_shift,2018-07-19,-8,0.03127888962626457
2018-08-01,financial_conditions_shift,2018-07-20,-7,0.02858186885714531
2018-08-01,financial_conditions_shift,2018-07-23,-6,0.030324410647153854
2018-08-01,financial_conditions_shift,2018-07-24,-5,0.03104618564248085
2018-08-01,financial_conditions_shift,2018-07-25,-4,0.02949932962656021
2018-08-01,financial_conditions_shift,2018-07-26,-3,0.02901172637939453
2018-08-01,financial_conditions_shift,2018-07-27,-2,0.02986193262040615
2018-08-01,financial_conditions_shift,2018-07-30,-1,0.03154446929693222
2018-08-01,financial_conditions_shift,2018-07-31,0,0.03139805421233177
2018-08-01,balance_sheet_policy_shift,2018-06-14,-32,0.03227235749363899
2018-08-01,balance_sheet_policy_shift,2018-06-15,-31,0.030056515708565712
2018-08-01,balance_sheet_policy_shift,2018-06-18,-30,0.02932051010429859
2018-08-01,balance_sheet_policy_shift,2018-06-19,-29,0.029246725142002106
2018-08-01,balance_sheet_policy_shift,2018-06-20,-28,0.02688276395201683
2018-08-01,balance_sheet_policy_shift,2018-06-21,-27,0.02919890731573105
2018-08-01,balance_sheet_policy_shift,2018-06-22,-26,0.028551479801535606
2018-08-01,balance_sheet_policy_shift,2018-06-25,-25,0.031662341207265854
2018-08-01,balance_sheet_policy_shift,2018-06-26,-24,0.02871870994567871
2018-08-01,balance_sheet_policy_shift,2018-06-27,-23,0.030907584354281425
2018-08-01,balance_sheet_policy_shift,2018-06-28,-22,0.03158893436193466
2018-08-01,balance_sheet_policy_shift,2018-06-29,-21,0.032816171646118164
2018-08-01,balance_sheet_policy_shift,2018-07-02,-20,0.03169414773583412
2018-08-01,balance_sheet_policy_shift,2018-07-03,-19,0.031550969928503036
2018-08-01,balance_sheet_policy_shift,2018-07-05,-18,0.032127201557159424
2018-08-01,balance_sheet_policy_shift,2018-07-06,-17,0.030896713957190514
2018-08-01,balance_sheet_policy_shift,2018-07-09,-16,0.0317373052239418
2018-08-01,balance_sheet_policy_shift,2018-07-10,-15,0.02971651405096054
2018-08-01,balance_sheet_policy_shift,2018-07-11,-14,0.029641728848218918
2018-08-01,balance_sheet_policy_shift,2018-07-12,-13,0.030480220913887024
2018-08-01,balance_sheet_policy_shift,2018-07-13,-12,0.03139909356832504
2018-08-01,balance_sheet_policy_shift,2018-07-16,-11,0.029757266864180565
2018-08-01,balance_sheet_policy_shift,2018-07-17,-10,0.030838651582598686
2018-08-01,balance_sheet_policy_shift,2018-07-18,-9,0.0293581485748291
2018-08-01,balance_sheet_policy_shift,2018-07-19,-8,0.03202344849705696
2018-08-01,balance_sheet_policy_shift,2018-07-20,-7,0.02878095582127571
2018-08-01,balance_sheet_policy_shift,2018-07-23,-6,0.029200317338109016
2018-08-01,balance_sheet_policy_shift,2018-07-24,-5,0.029347004368901253
2018-08-01,balance_sheet_policy_shift,2018-07-25,-4,0.029154885560274124
2018-08-01,balance_sheet_policy_shift,2018-07-26,-3,0.02823111042380333
2018-08-01,balance_sheet_policy_shift,2018-07-27,-2,0.029083125293254852
2018-08-01,balance_sheet_policy_shift,2018-07-30,-1,0.03183189034461975
2018-08-01,balance_sheet_policy_shift,2018-07-31,0,0.03192629665136337
2018-08-01,risk_balance_shift,2018-06-14,-32,0.033169232308864594
2018-08-01,risk_balance_shift,2018-06-15,-31,0.029901165515184402
2018-08-01,risk_balance_shift,2018-06-18,-30,0.028202330693602562
2018-08-01,risk_balance_shift,2018-06-19,-29,0.028305839747190475
2018-08-01,risk_balance_shift,2018-06-20,-28,0.026404639706015587
2018-08-01,risk_balance_shift,2018-06-21,-27,0.029125317931175232
2018-08-01,risk_balance_shift,2018-06-22,-26,0.028760086745023727
2018-08-01,risk_balance_shift,2018-06-25,-25,0.030993174761533737
2018-08-01,risk_balance_shift,2018-06-26,-24,0.029704026877880096
2018-08-01,risk_balance_shift,2018-06-27,-23,0.03257814422249794
2018-08-01,risk_balance_shift,2018-06-28,-22,0.03198939561843872
2018-08-01,risk_balance_shift,2018-06-29,-21,0.032485734671354294
2018-08-01,risk_balance_shift,2018-07-02,-20,0.032139260321855545
2018-08-01,risk_balance_shift,2018-07-03,-19,0.03223586082458496
2018-08-01,risk_balance_shift,2018-07-05,-18,0.03170608729124069
2018-08-01,risk_balance_shift,2018-07-06,-17,0.030961519107222557
2018-08-01,risk_balance_shift,2018-07-09,-16,0.031939536333084106
2018-08-01,risk_balance_shift,2018-07-10,-15,0.03039427101612091
2018-08-01,risk_balance_shift,2018-07-11,-14,0.029980750754475594
2018-08-01,risk_balance_shift,2018-07-12,-13,0.029980577528476715
2018-08-01,risk_balance_shift,2018-07-13,-12,0.031261660158634186
2018-08-01,risk_balance_shift,2018-07-16,-11,0.028978096321225166
2018-08-01,risk_balance_shift,2018-07-17,-10,0.030420757830142975
2018-08-01,risk_balance_shift,2018-07-18,-9,0.029149744659662247
2018-08-01,risk_balance_shift,2018-07-19,-8,0.031466152518987656
2018-08-01,risk_balance_shift,2018-07-20,-7,0.02824273332953453
2018-08-01,risk_balance_shift,2018-07-23,-6,0.028981223702430725
2018-08-01,risk_balance_shift,2018-07-24,-5,0.030131518840789795
2018-08-01,risk_balance_shift,2018-07-25,-4,0.028681954368948936
2018-08-01,risk_balance_shift,2018-07-26,-3,0.028130190446972847
2018-08-01,risk_balance_shift,2018-07-27,-2,0.029808614403009415
2018-08-01,risk_balance_shift,2018-07-30,-1,0.03202594071626663
2018-08-01,risk_balance_shift,2018-07-31,0,0.0317644439637661
2018-08-01,committee_dispersion,2018-06-14,-32,0.03318651020526886
2018-08-01,committee_dispersion,2018-06-15,-31,0.032031137496232986
2018-08-01,committee_dispersion,2018-06-18,-30,0.0319146104156971
2018-08-01,committee_dispersion,2018-06-19,-29,0.03187026455998421
2018-08-01,committee_dispersion,2018-06-20,-28,0.02949768863618374
2018-08-01,committee_dispersion,2018-06-21,-27,0.030767206102609634
2018-08-01,committee_dispersion,2018-06-22,-26,0.028802359476685524
2018-08-01,committee_dispersion,2018-06-25,-25,0.03198730945587158
2018-08-01,committee_dispersion,2018-06-26,-24,0.028143659234046936
2018-08-01,committee_dispersion,2018-06-27,-23,0.02819443866610527
2018-08-01,committee_dispersion,2018-06-28,-22,0.03026999719440937
2018-08-01,committee_dispersion,2018-06-29,-21,0.031123943626880646
2018-08-01,committee_dispersion,2018-07-02,-20,0.030472608283162117
2018-08-01,committee_dispersion,2018-07-03,-19,0.030247127637267113
2018-08-01,committee_dispersion,2018-07-05,-18,0.03182819113135338
2018-08-01,committee_dispersion,2018-07-06,-17,0.030452290549874306
2018-08-01,committee_dispersion,2018-07-09,-16,0.030273906886577606
2018-08-01,committee_dispersion,2018-07-10,-15,0.02885773777961731
2018-08-01,committee_dispersion,2018-07-11,-14,0.02884778380393982
2018-08-01,committee_dispersion,2018-07-12,-13,0.030836425721645355
2018-08-01,committee_dispersion,2018-07-13,-12,0.030971631407737732
2018-08-01,committee_dispersion,2018-07-16,-11,0.030742783099412918
2018-08-01,committee_dispersion,2018-07-17,-10,0.030698604881763458
2018-08-01,committee_dispersion,2018-07-18,-9,0.029790546745061874
2018-08-01,committee_dispersion,2018-07-19,-8,0.031971514225006104
2018-08-01,committee_dispersion,2018-07-20,-7,0.029316935688257217
2018-08-01,committee_dispersion,2018-07-23,-6,0.028337422758340836
2018-08-01,committee_dispersion,2018-07-24,-5,0.028489047661423683
2018-08-01,committee_dispersion,2018-07-25,-4,0.02962639182806015
2018-08-01,committee_dispersion,2018-07-26,-3,0.028564799576997757
2018-08-01,committee_dispersion,2018-07-27,-2,0.02842295542359352
2018-08-01,committee_dispersion,2018-07-30,-1,0.03127456456422806
2018-08-01,committee_dispersion,2018-07-31,0,0.03218761831521988
2018-08-01,policy_uncertainty,2018-06-14,-32,0.034140583127737045
2018-08-01,policy_uncertainty,2018-06-15,-31,0.030106594786047935
2018-08-01,policy_uncertainty,2018-06-18,-30,0.029020849615335464
2018-08-01,policy_uncertainty,2018-06-19,-29,0.029866766184568405
2018-08-01,policy_uncertainty,2018-06-20,-28,0.02743186615407467
2018-08-01,policy_uncertainty,2018-06-21,-27,0.029645726084709167
2018-08-01,policy_uncertainty,2018-06-22,-26,0.029227307066321373
2018-08-01,policy_uncertainty,2018-06-25,-25,0.03077067993581295
2018-08-01,policy_uncertainty,2018-06-26,-24,0.02960282191634178
2018-08-01,policy_uncertainty,2018-06-27,-23,0.032536767423152924
2018-08-01,policy_uncertainty,2018-06-28,-22,0.03177200257778168
2018-08-01,policy_uncertainty,2018-06-29,-21,0.03291483595967293
2018-08-01,policy_uncertainty,2018-07-02,-20,0.03239348903298378
2018-08-01,policy_uncertainty,2018-07-03,-19,0.031875960528850555
2018-08-01,policy_uncertainty,2018-07-05,-18,0.03091707080602646
2018-08-01,policy_uncertainty,2018-07-06,-17,0.030541647225618362
2018-08-01,policy_uncertainty,2018-07-09,-16,0.031586654484272
2018-08-01,policy_uncertainty,2018-07-10,-15,0.02984725311398506
2018-08-01,policy_uncertainty,2018-07-11,-14,0.029551252722740173
2018-08-01,policy_uncertainty,2018-07-12,-13,0.02952205203473568
2018-08-01,policy_uncertainty,2018-07-13,-12,0.031040716916322708
2018-08-01,policy_uncertainty,2018-07-16,-11,0.028933655470609665
2018-08-01,policy_uncertainty,2018-07-17,-10,0.030439790338277817
2018-08-01,policy_uncertainty,2018-07-18,-9,0.029148384928703308
2018-08-01,policy_uncertainty,2018-07-19,-8,0.031573813408613205
2018-08-01,policy_uncertainty,2018-07-20,-7,0.02798929437994957
2018-08-01,policy_uncertainty,2018-07-23,-6,0.029255377128720284
2018-08-01,policy_uncertainty,2018-07-24,-5,0.030388979241251945
2018-08-01,policy_uncertainty,2018-07-25,-4,0.02860572189092636
2018-08-01,policy_uncertainty,2018-07-26,-3,0.02763088420033455
2018-08-01,policy_uncertainty,2018-07-27,-2,0.0291266068816185
2018-08-01,policy_uncertainty,2018-07-30,-1,0.031236253678798676
2018-08-01,policy_uncertainty,2018-07-31,0,0.03135833889245987
2018-08-01,forward_guidance_strength,2018-06-14,-32,0.031509026885032654
2018-08-01,forward_guidance_strength,2018-06-15,-31,0.02831351011991501
2018-08-01,forward_guidance_strength,2018-06-18,-30,0.02710549533367157
2018-08-01,forward_guidance_strength,2018-06-19,-29,0.027349265292286873
2018-08-01,forward_guidance_strength,2018-06-20,-28,0.02606206201016903
2018-08-01,forward_guidance_strength,2018-06-21,-27,0.028544586151838303
2018-08-01,forward_guidance_strength,2018-06-22,-26,0.02940824255347252
2018-08-01,forward_guidance_strength,2018-06-25,-25,0.03000708296895027
2018-08-01,forward_guidance_strength,2018-06-26,-24,0.03046438843011856
2018-08-01,forward_guidance_strength,2018-06-27,-23,0.03492584452033043
2018-08-01,forward_guidance_strength,2018-06-28,-22,0.032787881791591644
2018-08-01,forward_guidance_strength,2018-06-29,-21,0.033045221120119095
2018-08-01,forward_guidance_strength,2018-07-02,-20,0.03315623104572296
2018-08-01,forward_guidance_strength,2018-07-03,-19,0.032820217311382294
2018-08-01,forward_guidance_strength,2018-07-05,-18,0.03149501234292984
2018-08-01,forward_guidance_strength,2018-07-06,-17,0.031139688566327095
2018-08-01,forward_guidance_strength,2018-07-09,-16,0.0324600525200367
2018-08-01,forward_guidance_strength,2018-07-10,-15,0.030966270714998245
2018-08-01,forward_guidance_strength,2018-07-11,-14,0.0302728321403265
2018-08-01,forward_guidance_strength,2018-07-12,-13,0.02931560017168522
2018-08-01,forward_guidance_strength,2018-07-13,-12,0.030930690467357635
2018-08-01,forward_guidance_strength,2018-07-16,-11,0.02877483144402504
2018-08-01,forward_guidance_strength,2018-07-17,-10,0.030402772128582
2018-08-01,forward_guidance_strength,2018-07-18,-9,0.029490984976291656
2018-08-01,forward_guidance_strength,2018-07-19,-8,0.03171205893158913
2018-08-01,forward_guidance_strength,2018-07-20,-7,0.02879314497113228
2018-08-01,forward_guidance_strength,2018-07-23,-6,0.029983308166265488
2018-08-01,forward_guidance_strength,2018-07-24,-5,0.03119509480893612
2018-08-01,forward_guidance_strength,2018-07-25,-4,0.028474073857069016
2018-08-01,forward_guidance_strength,2018-07-26,-3,0.027793947607278824
2018-08-01,forward_guidance_strength,2018-07-27,-2,0.029821908101439476
2018-08-01,forward_guidance_strength,2018-07-30,-1,0.030905328691005707
2018-08-01,forward_guidance_strength,2018-07-31,0,0.03057333640754223
2018-09-26,rate_decision,2018-08-02,-37,0.027573611587285995
2018-09-26,rate_decision,2018-08-03,-36,0.025275668129324913
2018-09-26,rate_decision,2018-08-06,-35,0.026356009766459465
2018-09-26,rate_decision,2018-08-07,-34,0.023906631395220757
2018-09-26,rate_decision,2018-08-08,-33,0.024851560592651367
2018-09-26,rate_decision,2018-08-09,-32,0.026257086545228958
2018-09-26,rate_decision,2018-08-10,-31,0.027306778356432915
2018-09-26,rate_decision,2018-08-13,-30,0.024612508714199066
2018-09-26,rate_decision,2018-08-14,-29,0.024461694061756134
2018-09-26,rate_decision,2018-08-15,-28,0.024368038401007652
2018-09-26,rate_decision,2018-08-16,-27,0.024113118648529053
2018-09-26,rate_decision,2018-08-17,-26,0.0247805155813694
2018-09-26,rate_decision,2018-08-20,-25,0.02565804123878479
2018-09-26,rate_decision,2018-08-21,-24,0.024475401267409325
2018-09-26,rate_decision,2018-08-22,-23,0.024237319827079773
2018-09-26,rate_decision,2018-08-23,-22,0.02340189926326275
2018-09-26,rate_decision,2018-08-24,-21,0.026598691940307617
2018-09-26,rate_decision,2018-08-27,-20,0.02789594605565071
2018-09-26,rate_decision,2018-08-28,-19,0.028589507564902306
2018-09-26,rate_decision,2018-08-29,-18,0.026650000363588333
2018-09-26,rate_decision,2018-08-30,-17,0.026049815118312836
2018-09-26,rate_decision,2018-08-31,-16,0.02682332508265972
2018-09-26,rate_decision,2018-09-04,-15,0.02306164987385273
2018-09-26,rate_decision,2018-09-05,-14,0.02341822348535061
2018-09-26,rate_decision,2018-09-06,-13,0.025608394294977188
2018-09-26,rate_decision,2018-09-07,-12,0.027411650866270065
2018-09-26,rate_decision,2018-09-10,-11,0.029408568516373634
2018-09-26,rate_decision,2018-09-11,-10,0.028963085263967514
2018-09-26,rate_decision,2018-09-12,-9,0.031226813793182373
2018-09-26,rate_decision,2018-09-13,-8,0.0281659085303545
2018-09-26,rate_decision,2018-09-14,-7,0.028380531817674637
2018-09-26,rate_decision,2018-09-17,-6,0.0270279161632061
2018-09-26,rate_decision,2018-09-18,-5,0.027078712359070778
2018-09-26,rate_decision,2018-09-19,-4,0.028205063194036484
2018-09-26,rate_decision,2018-09-20,-3,0.02728242240846157
2018-09-26,rate_decision,2018-09-21,-2,0.028110018000006676
2018-09-26,rate_decision,2018-09-24,-1,0.026291945949196815
2018-09-26,rate_decision,2018-09-25,0,0.026115937158465385
2018-09-26,current_policy_stance,2018-08-02,-37,0.02533683180809021
2018-09-26,current_policy_stance,2018-08-03,-36,0.025329357013106346
2018-09-26,current_policy_stance,2018-08-06,-35,0.026927346363663673
2018-09-26,current_policy_stance,2018-08-07,-34,0.024902336299419403
2018-09-26,current_policy_stance,2018-08-08,-33,0.02519802376627922
2018-09-26,current_policy_stance,2018-08-09,-32,0.02521504834294319
2018-09-26,current_policy_stance,2018-08-10,-31,0.028258977457880974
2018-09-26,current_policy_stance,2018-08-13,-30,0.026030367240309715
2018-09-26,current_policy_stance,2018-08-14,-29,0.02522798255085945
2018-09-26,current_policy_stance,2018-08-15,-28,0.026161016896367073
2018-09-26,current_policy_stance,2018-08-16,-27,0.026055654510855675
2018-09-26,current_policy_stance,2018-08-17,-26,0.02576322667300701
2018-09-26,current_policy_stance,2018-08-20,-25,0.026356786489486694
2018-09-26,current_policy_stance,2018-08-21,-24,0.02595818229019642
2018-09-26,current_policy_stance,2018-08-22,-23,0.026657123118638992
2018-09-26,current_policy_stance,2018-08-23,-22,0.02788708545267582
2018-09-26,current_policy_stance,2018-08-24,-21,0.029053527861833572
2018-09-26,current_policy_stance,2018-08-27,-20,0.02727728895843029
2018-09-26,current_policy_stance,2018-08-28,-19,0.025932367891073227
2018-09-26,current_policy_stance,2018-08-29,-18,0.02553643472492695
2018-09-26,current_policy_stance,2018-08-30,-17,0.02658689022064209
2018-09-26,current_policy_stance,2018-08-31,-16,0.027729457244277
2018-09-26,current_policy_stance,2018-09-04,-15,0.024044500663876534
2018-09-26,current_policy_stance,2018-09-05,-14,0.02517557144165039
2018-09-26,current_policy_stance,2018-09-06,-13,0.028586773201823235
2018-09-26,current_policy_stance,2018-09-07,-12,0.027172289788722992
2018-09-26,current_policy_stance,2018-09-10,-11,0.025169942528009415
2018-09-26,current_policy_stance,2018-09-11,-10,0.025927452370524406
2018-09-26,current_policy_stance,2018-09-12,-9,0.027053844183683395
2018-09-26,current_policy_stance,2018-09-13,-8,0.027599066495895386
2018-09-26,current_policy_stance,2018-09-14,-7,0.027099771425127983
2018-09-26,current_policy_stance,2018-09-17,-6,0.02663818933069706
2018-09-26,current_policy_stance,2018-09-18,-5,0.025664150714874268
2018-09-26,current_policy_stance,2018-09-19,-4,0.024385839700698853
2018-09-26,current_policy_stance,2018-09-20,-3,0.024942006915807724
2018-09-26,current_policy_stance,2018-09-21,-2,0.02679019793868065
2018-09-26,current_policy_stance,2018-09-24,-1,0.026911647990345955
2018-09-26,current_policy_stance,2018-09-25,0,0.02745743654668331
2018-09-26,policy_stance_shift,2018-08-02,-37,0.025661570951342583
2018-09-26,policy_stance_shift,2018-08-03,-36,0.025366870686411858
2018-09-26,policy_stance_shift,2018-08-06,-35,0.027134928852319717
2018-09-26,policy_stance_shift,2018-08-07,-34,0.025555305182933807
2018-09-26,policy_stance_shift,2018-08-08,-33,0.025412388145923615
2018-09-26,policy_stance_shift,2018-08-09,-32,0.025328928604722023
2018-09-26,policy_stance_shift,2018-08-10,-31,0.02858239784836769
2018-09-26,policy_stance_shift,2018-08-13,-30,0.026340391486883163
2018-09-26,policy_stance_shift,2018-08-14,-29,0.025728629902005196
2018-09-26,policy_stance_shift,2018-08-15,-28,0.026493264362215996
2018-09-26,policy_stance_shift,2018-08-16,-27,0.026514932513237
2018-09-26,policy_stance_shift,2018-08-17,-26,0.02581830509006977
2018-09-26,policy_stance_shift,2018-08-20,-25,0.026297638192772865
2018-09-26,policy_stance_shift,2018-08-21,-24,0.026333382353186607
2018-09-26,policy_stance_shift,2018-08-22,-23,0.027070799842476845
2018-09-26,policy_stance_shift,2018-08-23,-22,0.028265221044421196
2018-09-26,policy_stance_shift,2018-08-24,-21,0.02910979464650154
2018-09-26,policy_stance_shift,2018-08-27,-20,0.027492593973875046
2018-09-26,policy_stance_shift,2018-08-28,-19,0.025435350835323334
2018-09-26,policy_stance_shift,2018-08-29,-18,0.02497982233762741
2018-09-26,policy_stance_shift,2018-08-30,-17,0.026076186448335648
2018-09-26,policy_stance_shift,2018-08-31,-16,0.027249010279774666
2018-09-26,policy_stance_shift,2018-09-04,-15,0.0244197528809309
2018-09-26,policy_stance_shift,2018-09-05,-14,0.025276295840740204
2018-09-26,policy_stance_shift,2018-09-06,-13,0.028349552303552628
2018-09-26,policy_stance_shift,2018-09-07,-12,0.02737405151128769
2018-09-26,policy_stance_shift,2018-09-10,-11,0.0250459723174572
2018-09-26,policy_stance_shift,2018-09-11,-10,0.02567807398736477
2018-09-26,policy_stance_shift,2018-09-12,-9,0.0265175960958004
2018-09-26,policy_stance_shift,2018-09-13,-8,0.027193360030651093
2018-09-26,policy_stance_shift,2018-09-14,-7,0.02652026154100895
2018-09-26,policy_stance_shift,2018-09-17,-6,0.02645134925842285
2018-09-26,policy_stance_shift,2018-09-18,-5,0.025576258078217506
2018-09-26,policy_stance_shift,2018-09-19,-4,0.02429557964205742
2018-09-26,policy_stance_shift,2018-09-20,-3,0.024807848036289215
2018-09-26,policy_stance_shift,2018-09-21,-2,0.02655966393649578
2018-09-26,policy_stance_shift,2018-09-24,-1,0.026789311319589615
2018-09-26,policy_stance_shift,2018-09-25,0,0.026897365227341652
2018-09-26,expected_rate_path_shift,2018-08-02,-37,0.026056671515107155
2018-09-26,expected_rate_path_shift,2018-08-03,-36,0.025686731562018394
2018-09-26,expected_rate_path_shift,2018-08-06,-35,0.027160009369254112
2018-09-26,expected_rate_path_shift,2018-08-07,-34,0.025337209925055504
2018-09-26,expected_rate_path_shift,2018-08-08,-33,0.025557570159435272
2018-09-26,expected_rate_path_shift,2018-08-09,-32,0.025761833414435387
2018-09-26,expected_rate_path_shift,2018-08-10,-31,0.02931486815214157
2018-09-26,expected_rate_path_shift,2018-08-13,-30,0.027080127969384193
2018-09-26,expected_rate_path_shift,2018-08-14,-29,0.02608753927052021
2018-09-26,expected_rate_path_shift,2018-08-15,-28,0.026783501729369164
2018-09-26,expected_rate_path_shift,2018-08-16,-27,0.027190709486603737
2018-09-26,expected_rate_path_shift,2018-08-17,-26,0.026676293462514877
2018-09-26,expected_rate_path_shift,2018-08-20,-25,0.026679346337914467
2018-09-26,expected_rate_path_shift,2018-08-21,-24,0.02655748650431633
2018-09-26,expected_rate_path_shift,2018-08-22,-23,0.0274331197142601
2018-09-26,expected_rate_path_shift,2018-08-23,-22,0.028047528117895126
2018-09-26,expected_rate_path_shift,2018-08-24,-21,0.029116211459040642
2018-09-26,expected_rate_path_shift,2018-08-27,-20,0.02721274271607399
2018-09-26,expected_rate_path_shift,2018-08-28,-19,0.025750380009412766
2018-09-26,expected_rate_path_shift,2018-08-29,-18,0.02529120445251465
2018-09-26,expected_rate_path_shift,2018-08-30,-17,0.02616744115948677
2018-09-26,expected_rate_path_shift,2018-08-31,-16,0.02711593359708786
2018-09-26,expected_rate_path_shift,2018-09-04,-15,0.02373717725276947
2018-09-26,expected_rate_path_shift,2018-09-05,-14,0.024203231558203697
2018-09-26,expected_rate_path_shift,2018-09-06,-13,0.027121631428599358
2018-09-26,expected_rate_path_shift,2018-09-07,-12,0.026904182508587837
2018-09-26,expected_rate_path_shift,2018-09-10,-11,0.02474275603890419
2018-09-26,expected_rate_path_shift,2018-09-11,-10,0.025561442598700523
2018-09-26,expected_rate_path_shift,2018-09-12,-9,0.026669563725590706
2018-09-26,expected_rate_path_shift,2018-09-13,-8,0.027273114770650864
2018-09-26,expected_rate_path_shift,2018-09-14,-7,0.026505552232265472
2018-09-26,expected_rate_path_shift,2018-09-17,-6,0.02577514946460724
2018-09-26,expected_rate_path_shift,2018-09-18,-5,0.025295795872807503
2018-09-26,expected_rate_path_shift,2018-09-19,-4,0.02408241480588913
2018-09-26,expected_rate_path_shift,2018-09-20,-3,0.02474435418844223
2018-09-26,expected_rate_path_shift,2018-09-21,-2,0.02636840008199215
2018-09-26,expected_rate_path_shift,2018-09-24,-1,0.026293734088540077
2018-09-26,expected_rate_path_shift,2018-09-25,0,0.02665705978870392
2018-09-26,inflation_assessment_shift,2018-08-02,-37,0.026730066165328026
2018-09-26,inflation_assessment_shift,2018-08-03,-36,0.026214374229311943
2018-09-26,inflation_assessment_shift,2018-08-06,-35,0.027241427451372147
2018-09-26,inflation_assessment_shift,2018-08-07,-34,0.02534380927681923
2018-09-26,inflation_assessment_shift,2018-08-08,-33,0.02570391818881035
2018-09-26,inflation_assessment_shift,2018-08-09,-32,0.026178453117609024
2018-09-26,inflation_assessment_shift,2018-08-10,-31,0.029798474162817
2018-09-26,inflation_assessment_shift,2018-08-13,-30,0.027527332305908203
2018-09-26,inflation_assessment_shift,2018-08-14,-29,0.026135385036468506
2018-09-26,inflation_assessment_shift,2018-08-15,-28,0.027293097227811813
2018-09-26,inflation_assessment_shift,2018-08-16,-27,0.02668260969221592
2018-09-26,inflation_assessment_shift,2018-08-17,-26,0.02676173485815525
2018-09-26,inflation_assessment_shift,2018-08-20,-25,0.02695712260901928
2018-09-26,inflation_assessment_shift,2018-08-21,-24,0.026220183819532394
2018-09-26,inflation_assessment_shift,2018-08-22,-23,0.02791057527065277
2018-09-26,inflation_assessment_shift,2018-08-23,-22,0.028127457946538925
2018-09-26,inflation_assessment_shift,2018-08-24,-21,0.028539806604385376
2018-09-26,inflation_assessment_shift,2018-08-27,-20,0.026416609063744545
2018-09-26,inflation_assessment_shift,2018-08-28,-19,0.02546798437833786
2018-09-26,inflation_assessment_shift,2018-08-29,-18,0.025303933769464493
2018-09-26,inflation_assessment_shift,2018-08-30,-17,0.026460818946361542
2018-09-26,inflation_assessment_shift,2018-08-31,-16,0.027097836136817932
2018-09-26,inflation_assessment_shift,2018-09-04,-15,0.02416497841477394
2018-09-26,inflation_assessment_shift,2018-09-05,-14,0.024983040988445282
2018-09-26,inflation_assessment_shift,2018-09-06,-13,0.02724415436387062
2018-09-26,inflation_assessment_shift,2018-09-07,-12,0.02535960264503956
2018-09-26,inflation_assessment_shift,2018-09-10,-11,0.024583565071225166
2018-09-26,inflation_assessment_shift,2018-09-11,-10,0.024775348603725433
2018-09-26,inflation_assessment_shift,2018-09-12,-9,0.026542654260993004
2018-09-26,inflation_assessment_shift,2018-09-13,-8,0.027345256879925728
2018-09-26,inflation_assessment_shift,2018-09-14,-7,0.026178579777479172
2018-09-26,inflation_assessment_shift,2018-09-17,-6,0.025869637727737427
2018-09-26,inflation_assessment_shift,2018-09-18,-5,0.02451508119702339
2018-09-26,inflation_assessment_shift,2018-09-19,-4,0.024068696424365044
2018-09-26,inflation_assessment_shift,2018-09-20,-3,0.024676866829395294
2018-09-26,inflation_assessment_shift,2018-09-21,-2,0.026235336437821388
2018-09-26,inflation_assessment_shift,2018-09-24,-1,0.02584497071802616
2018-09-26,inflation_assessment_shift,2018-09-25,0,0.027499254792928696
2018-09-26,inflation_risk_shift,2018-08-02,-37,0.028173401951789856
2018-09-26,inflation_risk_shift,2018-08-03,-36,0.02641131915152073
2018-09-26,inflation_risk_shift,2018-08-06,-35,0.027487678453326225
2018-09-26,inflation_risk_shift,2018-08-07,-34,0.025699777528643608
2018-09-26,inflation_risk_shift,2018-08-08,-33,0.026339182630181313
2018-09-26,inflation_risk_shift,2018-08-09,-32,0.027050185948610306
2018-09-26,inflation_risk_shift,2018-08-10,-31,0.02989755943417549
2018-09-26,inflation_risk_shift,2018-08-13,-30,0.028365561738610268
2018-09-26,inflation_risk_shift,2018-08-14,-29,0.02697005867958069
2018-09-26,inflation_risk_shift,2018-08-15,-28,0.027713177725672722
2018-09-26,inflation_risk_shift,2018-08-16,-27,0.02771228924393654
2018-09-26,inflation_risk_shift,2018-08-17,-26,0.02693508192896843
2018-09-26,inflation_risk_shift,2018-08-20,-25,0.026939082890748978
2018-09-26,inflation_risk_shift,2018-08-21,-24,0.026647018268704414
2018-09-26,inflation_risk_shift,2018-08-22,-23,0.028033485636115074
2018-09-26,inflation_risk_shift,2018-08-23,-22,0.027527354657649994
2018-09-26,inflation_risk_shift,2018-08-24,-21,0.027699172496795654
2018-09-26,inflation_risk_shift,2018-08-27,-20,0.02598576247692108
2018-09-26,inflation_risk_shift,2018-08-28,-19,0.025350380688905716
2018-09-26,inflation_risk_shift,2018-08-29,-18,0.025005683302879333
2018-09-26,inflation_risk_shift,2018-08-30,-17,0.02565496228635311
2018-09-26,inflation_risk_shift,2018-08-31,-16,0.026862021535634995
2018-09-26,inflation_risk_shift,2018-09-04,-15,0.024846941232681274
2018-09-26,inflation_risk_shift,2018-09-05,-14,0.02482825517654419
2018-09-26,inflation_risk_shift,2018-09-06,-13,0.02653900533914566
2018-09-26,inflation_risk_shift,2018-09-07,-12,0.025387756526470184
2018-09-26,inflation_risk_shift,2018-09-10,-11,0.02425861917436123
2018-09-26,inflation_risk_shift,2018-09-11,-10,0.024396806955337524
2018-09-26,inflation_risk_shift,2018-09-12,-9,0.02615119144320488
2018-09-26,inflation_risk_shift,2018-09-13,-8,0.02605677954852581
2018-09-26,inflation_risk_shift,2018-09-14,-7,0.025626450777053833
2018-09-26,inflation_risk_shift,2018-09-17,-6,0.025209877640008926
2018-09-26,inflation_risk_shift,2018-09-18,-5,0.025016766041517258
2018-09-26,inflation_risk_shift,2018-09-19,-4,0.024607449769973755
2018-09-26,inflation_risk_shift,2018-09-20,-3,0.025141749531030655
2018-09-26,inflation_risk_shift,2018-09-21,-2,0.02639271691441536
2018-09-26,inflation_risk_shift,2018-09-24,-1,0.02518611028790474
2018-09-26,inflation_risk_shift,2018-09-25,0,0.025893300771713257
2018-09-26,unemployment_assessment_shift,2018-08-02,-37,0.026913654059171677
2018-09-26,unemployment_assessment_shift,2018-08-03,-36,0.02628321200609207
2018-09-26,unemployment_assessment_shift,2018-08-06,-35,0.027330873534083366
2018-09-26,unemployment_assessment_shift,2018-08-07,-34,0.025747407227754593
2018-09-26,unemployment_assessment_shift,2018-08-08,-33,0.026120446622371674
2018-09-26,unemployment_assessment_shift,2018-08-09,-32,0.026451148092746735
2018-09-26,unemployment_assessment_shift,2018-08-10,-31,0.029829736799001694
2018-09-26,unemployment_assessment_shift,2018-08-13,-30,0.027740569785237312
2018-09-26,unemployment_assessment_shift,2018-08-14,-29,0.02641572430729866
2018-09-26,unemployment_assessment_shift,2018-08-15,-28,0.02735847607254982
2018-09-26,unemployment_assessment_shift,2018-08-16,-27,0.02739514410495758
2018-09-26,unemployment_assessment_shift,2018-08-17,-26,0.026800114661455154
2018-09-26,unemployment_assessment_shift,2018-08-20,-25,0.027142904698848724
2018-09-26,unemployment_assessment_shift,2018-08-21,-24,0.026889203116297722
2018-09-26,unemployment_assessment_shift,2018-08-22,-23,0.027906514704227448
2018-09-26,unemployment_assessment_shift,2018-08-23,-22,0.028378713876008987
2018-09-26,unemployment_assessment_shift,2018-08-24,-21,0.02858388051390648
2018-09-26,unemployment_assessment_shift,2018-08-27,-20,0.026628514751791954
2018-09-26,unemployment_assessment_shift,2018-08-28,-19,0.02554439753293991
2018-09-26,unemployment_assessment_shift,2018-08-29,-18,0.02524430863559246
2018-09-26,unemployment_assessment_shift,2018-08-30,-17,0.02636055089533329
2018-09-26,unemployment_assessment_shift,2018-08-31,-16,0.0270030926913023
2018-09-26,unemployment_assessment_shift,2018-09-04,-15,0.024007117375731468
2018-09-26,unemployment_assessment_shift,2018-09-05,-14,0.02465038374066353
2018-09-26,unemployment_assessment_shift,2018-09-06,-13,0.02690728008747101
2018-09-26,unemployment_assessment_shift,2018-09-07,-12,0.025640957057476044
2018-09-26,unemployment_assessment_shift,2018-09-10,-11,0.02406192570924759
2018-09-26,unemployment_assessment_shift,2018-09-11,-10,0.02484995126724243
2018-09-26,unemployment_assessment_shift,2018-09-12,-9,0.026023216545581818
2018-09-26,unemployment_assessment_shift,2018-09-13,-8,0.026819899678230286
2018-09-26,unemployment_assessment_shift,2018-09-14,-7,0.026082515716552734
2018-09-26,unemployment_assessment_shift,2018-09-17,-6,0.025398455560207367
2018-09-26,unemployment_assessment_shift,2018-09-18,-5,0.02471568062901497
2018-09-26,unemployment_assessment_shift,2018-09-19,-4,0.02381562814116478
2018-09-26,unemployment_assessment_shift,2018-09-20,-3,0.02461361326277256
2018-09-26,unemployment_assessment_shift,2018-09-21,-2,0.026040567085146904
2018-09-26,unemployment_assessment_shift,2018-09-24,-1,0.025677742436528206
2018-09-26,unemployment_assessment_shift,2018-09-25,0,0.0266264658421278
2018-09-26,labor_market_risk_shift,2018-08-02,-37,0.025886770337820053
2018-09-26,labor_market_risk_shift,2018-08-03,-36,0.025200819596648216
2018-09-26,labor_market_risk_shift,2018-08-06,-35,0.027286548167467117
2018-09-26,labor_market_risk_shift,2018-08-07,-34,0.025315426290035248
2018-09-26,labor_market_risk_shift,2018-08-08,-33,0.02535313367843628
2018-09-26,labor_market_risk_shift,2018-08-09,-32,0.025465400889515877
2018-09-26,labor_market_risk_shift,2018-08-10,-31,0.02862892858684063
2018-09-26,labor_market_risk_shift,2018-08-13,-30,0.026612520217895508
2018-09-26,labor_market_risk_shift,2018-08-14,-29,0.025615207850933075
2018-09-26,labor_market_risk_shift,2018-08-15,-28,0.02643987350165844
2018-09-26,labor_market_risk_shift,2018-08-16,-27,0.026610223576426506
2018-09-26,labor_market_risk_shift,2018-08-17,-26,0.026065675541758537
2018-09-26,labor_market_risk_shift,2018-08-20,-25,0.02650637924671173
2018-09-26,labor_market_risk_shift,2018-08-21,-24,0.02653445675969124
2018-09-26,labor_market_risk_shift,2018-08-22,-23,0.02686312049627304
2018-09-26,labor_market_risk_shift,2018-08-23,-22,0.028134096413850784
2018-09-26,labor_market_risk_shift,2018-08-24,-21,0.029175668954849243
2018-09-26,labor_market_risk_shift,2018-08-27,-20,0.027813665568828583
2018-09-26,labor_market_risk_shift,2018-08-28,-19,0.02579059824347496
2018-09-26,labor_market_risk_shift,2018-08-29,-18,0.025495104491710663
2018-09-26,labor_market_risk_shift,2018-08-30,-17,0.026579147204756737
2018-09-26,labor_market_risk_shift,2018-08-31,-16,0.027752820402383804
2018-09-26,labor_market_risk_shift,2018-09-04,-15,0.024495545774698257
2018-09-26,labor_market_risk_shift,2018-09-05,-14,0.025367584079504013
2018-09-26,labor_market_risk_shift,2018-09-06,-13,0.02779247611761093
2018-09-26,labor_market_risk_shift,2018-09-07,-12,0.027270425111055374
2018-09-26,labor_market_risk_shift,2018-09-10,-11,0.0246187224984169
2018-09-26,labor_market_risk_shift,2018-09-11,-10,0.02570813149213791
2018-09-26,labor_market_risk_shift,2018-09-12,-9,0.026248909533023834
2018-09-26,labor_market_risk_shift,2018-09-13,-8,0.026678603142499924
2018-09-26,labor_market_risk_shift,2018-09-14,-7,0.02662079781293869
2018-09-26,labor_market_risk_shift,2018-09-17,-6,0.026213664561510086
2018-09-26,labor_market_risk_shift,2018-09-18,-5,0.025527263060212135
2018-09-26,labor_market_risk_shift,2018-09-19,-4,0.02404075674712658
2018-09-26,labor_market_risk_shift,2018-09-20,-3,0.024579964578151703
2018-09-26,labor_market_risk_shift,2018-09-21,-2,0.02631310001015663
2018-09-26,labor_market_risk_shift,2018-09-24,-1,0.026555277407169342
2018-09-26,labor_market_risk_shift,2018-09-25,0,0.026843205094337463
2018-09-26,growth_activity_shift,2018-08-02,-37,0.027354316785931587
2018-09-26,growth_activity_shift,2018-08-03,-36,0.026345787569880486
2018-09-26,growth_activity_shift,2018-08-06,-35,0.02699991501867771
2018-09-26,growth_activity_shift,2018-08-07,-34,0.0256982259452343
2018-09-26,growth_activity_shift,2018-08-08,-33,0.026480522006750107
2018-09-26,growth_activity_shift,2018-08-09,-32,0.026971876621246338
2018-09-26,growth_activity_shift,2018-08-10,-31,0.02961007133126259
2018-09-26,growth_activity_shift,2018-08-13,-30,0.027544401586055756
2018-09-26,growth_activity_shift,2018-08-14,-29,0.026181988418102264
2018-09-26,growth_activity_shift,2018-08-15,-28,0.027434082701802254
2018-09-26,growth_activity_shift,2018-08-16,-27,0.027440158650279045
2018-09-26,growth_activity_shift,2018-08-17,-26,0.026973441243171692
2018-09-26,growth_activity_shift,2018-08-20,-25,0.027406400069594383
2018-09-26,growth_activity_shift,2018-08-21,-24,0.026523903012275696
2018-09-26,growth_activity_shift,2018-08-22,-23,0.027811935171484947
2018-09-26,growth_activity_shift,2018-08-23,-22,0.02754879929125309
2018-09-26,growth_activity_shift,2018-08-24,-21,0.027620702981948853
2018-09-26,growth_activity_shift,2018-08-27,-20,0.02602597512304783
2018-09-26,growth_activity_shift,2018-08-28,-19,0.025861425325274467
2018-09-26,growth_activity_shift,2018-08-29,-18,0.02553447335958481
2018-09-26,growth_activity_shift,2018-08-30,-17,0.02636808343231678
2018-09-26,growth_activity_shift,2018-08-31,-16,0.026860611513257027
2018-09-26,growth_activity_shift,2018-09-04,-15,0.023714523762464523
2018-09-26,growth_activity_shift,2018-09-05,-14,0.024278536438941956
2018-09-26,growth_activity_shift,2018-09-06,-13,0.026269566267728806
2018-09-26,growth_activity_shift,2018-09-07,-12,0.02503250725567341
2018-09-26,growth_activity_shift,2018-09-10,-11,0.0242338627576828
2018-09-26,growth_activity_shift,2018-09-11,-10,0.025024430826306343
2018-09-26,growth_activity_shift,2018-09-12,-9,0.026490455493330956
2018-09-26,growth_activity_shift,2018-09-13,-8,0.026989024132490158
2018-09-26,growth_activity_shift,2018-09-14,-7,0.026161769405007362
2018-09-26,growth_activity_shift,2018-09-17,-6,0.025278829038143158
2018-09-26,growth_activity_shift,2018-09-18,-5,0.024849260225892067
2018-09-26,growth_activity_shift,2018-09-19,-4,0.024406449869275093
2018-09-26,growth_activity_shift,2018-09-20,-3,0.02504105679690838
2018-09-26,growth_activity_shift,2018-09-21,-2,0.02651163749396801
2018-09-26,growth_activity_shift,2018-09-24,-1,0.025828544050455093
2018-09-26,growth_activity_shift,2018-09-25,0,0.027292435988783836
2018-09-26,financial_conditions_shift,2018-08-02,-37,0.02751956880092621
2018-09-26,financial_conditions_shift,2018-08-03,-36,0.026159808039665222
2018-09-26,financial_conditions_shift,2018-08-06,-35,0.026682300493121147
2018-09-26,financial_conditions_shift,2018-08-07,-34,0.02585994079709053
2018-09-26,financial_conditions_shift,2018-08-08,-33,0.026181716471910477
2018-09-26,financial_conditions_shift,2018-08-09,-32,0.025943990796804428
2018-09-26,financial_conditions_shift,2018-08-10,-31,0.02841615304350853
2018-09-26,financial_conditions_shift,2018-08-13,-30,0.026670200750231743
2018-09-26,financial_conditions_shift,2018-08-14,-29,0.026318605989217758
2018-09-26,financial_conditions_shift,2018-08-15,-28,0.02680637128651142
2018-09-26,financial_conditions_shift,2018-08-16,-27,0.027519911527633667
2018-09-26,financial_conditions_shift,2018-08-17,-26,0.02696935087442398
2018-09-26,financial_conditions_shift,2018-08-20,-25,0.026522714644670486
2018-09-26,financial_conditions_shift,2018-08-21,-24,0.02664395608007908
2018-09-26,financial_conditions_shift,2018-08-22,-23,0.027782214805483818
2018-09-26,financial_conditions_shift,2018-08-23,-22,0.027563074603676796
2018-09-26,financial_conditions_shift,2018-08-24,-21,0.02827204391360283
2018-09-26,financial_conditions_shift,2018-08-27,-20,0.026888538151979446
2018-09-26,financial_conditions_shift,2018-08-28,-19,0.02602630853652954
2018-09-26,financial_conditions_shift,2018-08-29,-18,0.025187520310282707
2018-09-26,financial_conditions_shift,2018-08-30,-17,0.025906117632985115
2018-09-26,financial_conditions_shift,2018-08-31,-16,0.025950606912374496
2018-09-26,financial_conditions_shift,2018-09-04,-15,0.024358386173844337
2018-09-26,financial_conditions_shift,2018-09-05,-14,0.02504029870033264
2018-09-26,financial_conditions_shift,2018-09-06,-13,0.026516519486904144
2018-09-26,financial_conditions_shift,2018-09-07,-12,0.026308052241802216
2018-09-26,financial_conditions_shift,2018-09-10,-11,0.025198306888341904
2018-09-26,financial_conditions_shift,2018-09-11,-10,0.025452695786952972
2018-09-26,financial_conditions_shift,2018-09-12,-9,0.026151806116104126
2018-09-26,financial_conditions_shift,2018-09-13,-8,0.026657717302441597
2018-09-26,financial_conditions_shift,2018-09-14,-7,0.02611399069428444
2018-09-26,financial_conditions_shift,2018-09-17,-6,0.02542453072965145
2018-09-26,financial_conditions_shift,2018-09-18,-5,0.02553357370197773
2018-09-26,financial_conditions_shift,2018-09-19,-4,0.024897949770092964
2018-09-26,financial_conditions_shift,2018-09-20,-3,0.025319360196590424
2018-09-26,financial_conditions_shift,2018-09-21,-2,0.02645019069314003
2018-09-26,financial_conditions_shift,2018-09-24,-1,0.025714095681905746
2018-09-26,financial_conditions_shift,2018-09-25,0,0.027071479707956314
2018-09-26,balance_sheet_policy_shift,2018-08-02,-37,0.02539435774087906
2018-09-26,balance_sheet_policy_shift,2018-08-03,-36,0.025385543704032898
2018-09-26,balance_sheet_policy_shift,2018-08-06,-35,0.02691737189888954
2018-09-26,balance_sheet_policy_shift,2018-08-07,-34,0.025049356743693352
2018-09-26,balance_sheet_policy_shift,2018-08-08,-33,0.02541421167552471
2018-09-26,balance_sheet_policy_shift,2018-08-09,-32,0.025275226682424545
2018-09-26,balance_sheet_policy_shift,2018-08-10,-31,0.028449716046452522
2018-09-26,balance_sheet_policy_shift,2018-08-13,-30,0.026406101882457733
2018-09-26,balance_sheet_policy_shift,2018-08-14,-29,0.02519901469349861
2018-09-26,balance_sheet_policy_shift,2018-08-15,-28,0.02617489919066429
2018-09-26,balance_sheet_policy_shift,2018-08-16,-27,0.026542646810412407
2018-09-26,balance_sheet_policy_shift,2018-08-17,-26,0.025889068841934204
2018-09-26,balance_sheet_policy_shift,2018-08-20,-25,0.026620754972100258
2018-09-26,balance_sheet_policy_shift,2018-08-21,-24,0.026194225996732712
2018-09-26,balance_sheet_policy_shift,2018-08-22,-23,0.026934543624520302
2018-09-26,balance_sheet_policy_shift,2018-08-23,-22,0.028076836839318275
2018-09-26,balance_sheet_policy_shift,2018-08-24,-21,0.02903953194618225
2018-09-26,balance_sheet_policy_shift,2018-08-27,-20,0.027174513787031174
2018-09-26,balance_sheet_policy_shift,2018-08-28,-19,0.02562403492629528
2018-09-26,balance_sheet_policy_shift,2018-08-29,-18,0.025431524962186813
2018-09-26,balance_sheet_policy_shift,2018-08-30,-17,0.026470057666301727
2018-09-26,balance_sheet_policy_shift,2018-08-31,-16,0.027699444442987442
2018-09-26,balance_sheet_policy_shift,2018-09-04,-15,0.02430926263332367
2018-09-26,balance_sheet_policy_shift,2018-09-05,-14,0.024899816140532494
2018-09-26,balance_sheet_policy_shift,2018-09-06,-13,0.028111793100833893
2018-09-26,balance_sheet_policy_shift,2018-09-07,-12,0.02716224454343319
2018-09-26,balance_sheet_policy_shift,2018-09-10,-11,0.025136388838291168
2018-09-26,balance_sheet_policy_shift,2018-09-11,-10,0.02587345987558365
2018-09-26,balance_sheet_policy_shift,2018-09-12,-9,0.02680865302681923
2018-09-26,balance_sheet_policy_shift,2018-09-13,-8,0.02765686623752117
2018-09-26,balance_sheet_policy_shift,2018-09-14,-7,0.02681746706366539
2018-09-26,balance_sheet_policy_shift,2018-09-17,-6,0.02651425637304783
2018-09-26,balance_sheet_policy_shift,2018-09-18,-5,0.02553717978298664
2018-09-26,balance_sheet_policy_shift,2018-09-19,-4,0.024379683658480644
2018-09-26,balance_sheet_policy_shift,2018-09-20,-3,0.025002773851156235
2018-09-26,balance_sheet_policy_shift,2018-09-21,-2,0.026704249903559685
2018-09-26,balance_sheet_policy_shift,2018-09-24,-1,0.026922164484858513
2018-09-26,balance_sheet_policy_shift,2018-09-25,0,0.02680073119699955
2018-09-26,risk_balance_shift,2018-08-02,-37,0.029143178835511208
2018-09-26,risk_balance_shift,2018-08-03,-36,0.027418307960033417
2018-09-26,risk_balance_shift,2018-08-06,-35,0.026839762926101685
2018-09-26,risk_balance_shift,2018-08-07,-34,0.025835033506155014
2018-09-26,risk_balance_shift,2018-08-08,-33,0.02729540877044201
2018-09-26,risk_balance_shift,2018-08-09,-32,0.028042249381542206
2018-09-26,risk_balance_shift,2018-08-10,-31,0.02989129163324833
2018-09-26,risk_balance_shift,2018-08-13,-30,0.028660306707024574
2018-09-26,risk_balance_shift,2018-08-14,-29,0.027493909001350403
2018-09-26,risk_balance_shift,2018-08-15,-28,0.028337910771369934
2018-09-26,risk_balance_shift,2018-08-16,-27,0.027662701904773712
2018-09-26,risk_balance_shift,2018-08-17,-26,0.027550969272851944
2018-09-26,risk_balance_shift,2018-08-20,-25,0.02778933197259903
2018-09-26,risk_balance_shift,2018-08-21,-24,0.026728535071015358
2018-09-26,risk_balance_shift,2018-08-22,-23,0.029430048540234566
2018-09-26,risk_balance_shift,2018-08-23,-22,0.02758847363293171
2018-09-26,risk_balance_shift,2018-08-24,-21,0.02700129710137844
2018-09-26,risk_balance_shift,2018-08-27,-20,0.025042753666639328
2018-09-26,risk_balance_shift,2018-08-28,-19,0.02546446956694126
2018-09-26,risk_balance_shift,2018-08-29,-18,0.025413135066628456
2018-09-26,risk_balance_shift,2018-08-30,-17,0.025870606303215027
2018-09-26,risk_balance_shift,2018-08-31,-16,0.0263512060046196
2018-09-26,risk_balance_shift,2018-09-04,-15,0.024906523525714874
2018-09-26,risk_balance_shift,2018-09-05,-14,0.025346634909510612
2018-09-26,risk_balance_shift,2018-09-06,-13,0.0260244682431221
2018-09-26,risk_balance_shift,2018-09-07,-12,0.023083854466676712
2018-09-26,risk_balance_shift,2018-09-10,-11,0.02381029725074768
2018-09-26,risk_balance_shift,2018-09-11,-10,0.02380404621362686
2018-09-26,risk_balance_shift,2018-09-12,-9,0.02567874826490879
2018-09-26,risk_balance_shift,2018-09-13,-8,0.025827012956142426
2018-09-26,risk_balance_shift,2018-09-14,-7,0.025036828592419624
2018-09-26,risk_balance_shift,2018-09-17,-6,0.024623114615678787
2018-09-26,risk_balance_shift,2018-09-18,-5,0.023928478360176086
2018-09-26,risk_balance_shift,2018-09-19,-4,0.024763569235801697
2018-09-26,risk_balance_shift,2018-09-20,-3,0.025219205766916275
2018-09-26,risk_balance_shift,2018-09-21,-2,0.02623671293258667
2018-09-26,risk_balance_shift,2018-09-24,-1,0.024006901308894157
2018-09-26,risk_balance_shift,2018-09-25,0,0.026852674782276154
2018-09-26,committee_dispersion,2018-08-02,-37,0.02775692567229271
2018-09-26,committee_dispersion,2018-08-03,-36,0.026774998754262924
2018-09-26,committee_dispersion,2018-08-06,-35,0.02707194909453392
2018-09-26,committee_dispersion,2018-08-07,-34,0.02557770535349846
2018-09-26,committee_dispersion,2018-08-08,-33,0.026698993518948555
2018-09-26,committee_dispersion,2018-08-09,-32,0.027243629097938538
2018-09-26,committee_dispersion,2018-08-10,-31,0.030070213600993156
2018-09-26,committee_dispersion,2018-08-13,-30,0.028109868988394737
2018-09-26,committee_dispersion,2018-08-14,-29,0.027114765718579292
2018-09-26,committee_dispersion,2018-08-15,-28,0.02843381091952324
2018-09-26,committee_dispersion,2018-08-16,-27,0.027353858575224876
2018-09-26,committee_dispersion,2018-08-17,-26,0.027088133618235588
2018-09-26,committee_dispersion,2018-08-20,-25,0.02759345807135105
2018-09-26,committee_dispersion,2018-08-21,-24,0.026654206216335297
2018-09-26,committee_dispersion,2018-08-22,-23,0.028683342039585114
2018-09-26,committee_dispersion,2018-08-23,-22,0.027888217940926552
2018-09-26,committee_dispersion,2018-08-24,-21,0.02772769145667553
2018-09-26,committee_dispersion,2018-08-27,-20,0.02574032172560692
2018-09-26,committee_dispersion,2018-08-28,-19,0.025327714160084724
2018-09-26,committee_dispersion,2018-08-29,-18,0.024851545691490173
2018-09-26,committee_dispersion,2018-08-30,-17,0.025870854035019875
2018-09-26,committee_dispersion,2018-08-31,-16,0.026935534551739693
2018-09-26,committee_dispersion,2018-09-04,-15,0.02448989450931549
2018-09-26,committee_dispersion,2018-09-05,-14,0.025625506415963173
2018-09-26,committee_dispersion,2018-09-06,-13,0.027385296300053596
2018-09-26,committee_dispersion,2018-09-07,-12,0.024334650486707687
2018-09-26,committee_dispersion,2018-09-10,-11,0.02404686063528061
2018-09-26,committee_dispersion,2018-09-11,-10,0.024044878780841827
2018-09-26,committee_dispersion,2018-09-12,-9,0.025745699182152748
2018-09-26,committee_dispersion,2018-09-13,-8,0.025927463546395302
2018-09-26,committee_dispersion,2018-09-14,-7,0.025504358112812042
2018-09-26,committee_dispersion,2018-09-17,-6,0.025294650346040726
2018-09-26,committee_dispersion,2018-09-18,-5,0.024437006562948227
2018-09-26,committee_dispersion,2018-09-19,-4,0.02445853129029274
2018-09-26,committee_dispersion,2018-09-20,-3,0.025028804317116737
2018-09-26,committee_dispersion,2018-09-21,-2,0.02636123262345791
2018-09-26,committee_dispersion,2018-09-24,-1,0.02423962764441967
2018-09-26,committee_dispersion,2018-09-25,0,0.026507796719670296
2018-09-26,policy_uncertainty,2018-08-02,-37,0.03048539161682129
2018-09-26,policy_uncertainty,2018-08-03,-36,0.028359312564134598
2018-09-26,policy_uncertainty,2018-08-06,-35,0.026418302208185196
2018-09-26,policy_uncertainty,2018-08-07,-34,0.02685949206352234
2018-09-26,policy_uncertainty,2018-08-08,-33,0.028206145390868187
2018-09-26,policy_uncertainty,2018-08-09,-32,0.02909523993730545
2018-09-26,policy_uncertainty,2018-08-10,-31,0.028083954006433487
2018-09-26,policy_uncertainty,2018-08-13,-30,0.028752809390425682
2018-09-26,policy_uncertainty,2018-08-14,-29,0.029059506952762604
2018-09-26,policy_uncertainty,2018-08-15,-28,0.029161784797906876
2018-09-26,policy_uncertainty,2018-08-16,-27,0.027431711554527283
2018-09-26,policy_uncertainty,2018-08-17,-26,0.027938703075051308
2018-09-26,policy_uncertainty,2018-08-20,-25,0.027789367362856865
2018-09-26,policy_uncertainty,2018-08-21,-24,0.02669679932296276
2018-09-26,policy_uncertainty,2018-08-22,-23,0.029649809002876282
2018-09-26,policy_uncertainty,2018-08-23,-22,0.026208655908703804
2018-09-26,policy_uncertainty,2018-08-24,-21,0.025549549609422684
2018-09-26,policy_uncertainty,2018-08-27,-20,0.024309813976287842
2018-09-26,policy_uncertainty,2018-08-28,-19,0.025931961834430695
2018-09-26,policy_uncertainty,2018-08-29,-18,0.025416087359189987
2018-09-26,policy_uncertainty,2018-08-30,-17,0.025120003148913383
2018-09-26,policy_uncertainty,2018-08-31,-16,0.02484050951898098
2018-09-26,policy_uncertainty,2018-09-04,-15,0.02668849378824234
2018-09-26,policy_uncertainty,2018-09-05,-14,0.026791352778673172
2018-09-26,policy_uncertainty,2018-09-06,-13,0.024527333676815033
2018-09-26,policy_uncertainty,2018-09-07,-12,0.02225930616259575
2018-09-26,policy_uncertainty,2018-09-10,-11,0.025042589753866196
2018-09-26,policy_uncertainty,2018-09-11,-10,0.023711664602160454
2018-09-26,policy_uncertainty,2018-09-12,-9,0.025005217641592026
2018-09-26,policy_uncertainty,2018-09-13,-8,0.024615265429019928
2018-09-26,policy_uncertainty,2018-09-14,-7,0.024428758770227432
2018-09-26,policy_uncertainty,2018-09-17,-6,0.02452462911605835
2018-09-26,policy_uncertainty,2018-09-18,-5,0.024108294397592545
2018-09-26,policy_uncertainty,2018-09-19,-4,0.026297396048903465
2018-09-26,policy_uncertainty,2018-09-20,-3,0.02626856416463852
2018-09-26,policy_uncertainty,2018-09-21,-2,0.025719054043293
2018-09-26,policy_uncertainty,2018-09-24,-1,0.02290891483426094
2018-09-26,policy_uncertainty,2018-09-25,0,0.02573823556303978
2018-09-26,forward_guidance_strength,2018-08-02,-37,0.02822500467300415
2018-09-26,forward_guidance_strength,2018-08-03,-36,0.026888364925980568
2018-09-26,forward_guidance_strength,2018-08-06,-35,0.027477046474814415
2018-09-26,forward_guidance_strength,2018-08-07,-34,0.026022084057331085
2018-09-26,forward_guidance_strength,2018-08-08,-33,0.026690155267715454
2018-09-26,forward_guidance_strength,2018-08-09,-32,0.027424508705735207
2018-09-26,forward_guidance_strength,2018-08-10,-31,0.029755566269159317
2018-09-26,forward_guidance_strength,2018-08-13,-30,0.02834666706621647
2018-09-26,forward_guidance_strength,2018-08-14,-29,0.027661291882395744
2018-09-26,forward_guidance_strength,2018-08-15,-28,0.028454119339585304
2018-09-26,forward_guidance_strength,2018-08-16,-27,0.027512887492775917
2018-09-26,forward_guidance_strength,2018-08-17,-26,0.027426734566688538
2018-09-26,forward_guidance_strength,2018-08-20,-25,0.027621077373623848
2018-09-26,forward_guidance_strength,2018-08-21,-24,0.02687419019639492
2018-09-26,forward_guidance_strength,2018-08-22,-23,0.029330169782042503
2018-09-26,forward_guidance_strength,2018-08-23,-22,0.028249816969037056
2018-09-26,forward_guidance_strength,2018-08-24,-21,0.028359074145555496
2018-09-26,forward_guidance_strength,2018-08-27,-20,0.026350364089012146
2018-09-26,forward_guidance_strength,2018-08-28,-19,0.025533363223075867
2018-09-26,forward_guidance_strength,2018-08-29,-18,0.025408804416656494
2018-09-26,forward_guidance_strength,2018-08-30,-17,0.02601766027510166
2018-09-26,forward_guidance_strength,2018-08-31,-16,0.02631235495209694
2018-09-26,forward_guidance_strength,2018-09-04,-15,0.02464236691594124
2018-09-26,forward_guidance_strength,2018-09-05,-14,0.025551091879606247
2018-09-26,forward_guidance_strength,2018-09-06,-13,0.02600017376244068
2018-09-26,forward_guidance_strength,2018-09-07,-12,0.023688750341534615
2018-09-26,forward_guidance_strength,2018-09-10,-11,0.023757757619023323
2018-09-26,forward_guidance_strength,2018-09-11,-10,0.023919016122817993
2018-09-26,forward_guidance_strength,2018-09-12,-9,0.025318237021565437
2018-09-26,forward_guidance_strength,2018-09-13,-8,0.025808237493038177
2018-09-26,forward_guidance_strength,2018-09-14,-7,0.0253602247685194
2018-09-26,forward_guidance_strength,2018-09-17,-6,0.02524796687066555
2018-09-26,forward_guidance_strength,2018-09-18,-5,0.02416117861866951
2018-09-26,forward_guidance_strength,2018-09-19,-4,0.024026338011026382
2018-09-26,forward_guidance_strength,2018-09-20,-3,0.024525701999664307
2018-09-26,forward_guidance_strength,2018-09-21,-2,0.02548588439822197
2018-09-26,forward_guidance_strength,2018-09-24,-1,0.024418246001005173
2018-09-26,forward_guidance_strength,2018-09-25,0,0.026147570461034775
2018-11-08,rate_decision,2018-09-27,-28,0.03637005016207695
2018-11-08,rate_decision,2018-09-28,-27,0.03797237575054169
2018-11-08,rate_decision,2018-10-01,-26,0.03365655615925789
2018-11-08,rate_decision,2018-10-02,-25,0.03414022549986839
2018-11-08,rate_decision,2018-10-03,-24,0.034743208438158035
2018-11-08,rate_decision,2018-10-04,-23,0.0379408523440361
2018-11-08,rate_decision,2018-10-05,-22,0.03590776398777962
2018-11-08,rate_decision,2018-10-09,-21,0.03699710592627525
2018-11-08,rate_decision,2018-10-10,-20,0.03515341877937317
2018-11-08,rate_decision,2018-10-11,-19,0.035458654165267944
2018-11-08,rate_decision,2018-10-12,-18,0.035592786967754364
2018-11-08,rate_decision,2018-10-15,-17,0.03463340550661087
2018-11-08,rate_decision,2018-10-16,-16,0.03295613080263138
2018-11-08,rate_decision,2018-10-17,-15,0.03522703796625137
2018-11-08,rate_decision,2018-10-18,-14,0.0345001146197319
2018-11-08,rate_decision,2018-10-19,-13,0.03292044252157211
2018-11-08,rate_decision,2018-10-22,-12,0.03552960231900215
2018-11-08,rate_decision,2018-10-23,-11,0.034377340227365494
2018-11-08,rate_decision,2018-10-24,-10,0.034701354801654816
2018-11-08,rate_decision,2018-10-25,-9,0.032299041748046875
2018-11-08,rate_decision,2018-10-26,-8,0.03306521847844124
2018-11-08,rate_decision,2018-10-29,-7,0.028514845296740532
2018-11-08,rate_decision,2018-10-30,-6,0.030988920480012894
2018-11-08,rate_decision,2018-10-31,-5,0.03029659017920494
2018-11-08,rate_decision,2018-11-01,-4,0.03343745693564415
2018-11-08,rate_decision,2018-11-02,-3,0.035760607570409775
2018-11-08,rate_decision,2018-11-05,-2,0.0361003577709198
2018-11-08,rate_decision,2018-11-06,-1,0.03495108336210251
2018-11-08,rate_decision,2018-11-07,0,0.035807445645332336
2018-11-08,current_policy_stance,2018-09-27,-28,0.03313996642827988
2018-11-08,current_policy_stance,2018-09-28,-27,0.03326050192117691
2018-11-08,current_policy_stance,2018-10-01,-26,0.0343933030962944
2018-11-08,current_policy_stance,2018-10-02,-25,0.03726367652416229
2018-11-08,current_policy_stance,2018-10-03,-24,0.033944278955459595
2018-11-08,current_policy_stance,2018-10-04,-23,0.03296589106321335
2018-11-08,current_policy_stance,2018-10-05,-22,0.03168496489524841
2018-11-08,current_policy_stance,2018-10-09,-21,0.03383151441812515
2018-11-08,current_policy_stance,2018-10-10,-20,0.032370425760746
2018-11-08,current_policy_stance,2018-10-11,-19,0.035297781229019165
2018-11-08,current_policy_stance,2018-10-12,-18,0.03606628254055977
2018-11-08,current_policy_stance,2018-10-15,-17,0.03540108725428581
2018-11-08,current_policy_stance,2018-10-16,-16,0.034087929874658585
2018-11-08,current_policy_stance,2018-10-17,-15,0.032546404749155045
2018-11-08,current_policy_stance,2018-10-18,-14,0.03315145522356033
2018-11-08,current_policy_stance,2018-10-19,-13,0.03318025916814804
2018-11-08,current_policy_stance,2018-10-22,-12,0.03236694261431694
2018-11-08,current_policy_stance,2018-10-23,-11,0.03281642496585846
2018-11-08,current_policy_stance,2018-10-24,-10,0.03688415139913559
2018-11-08,current_policy_stance,2018-10-25,-9,0.031821537762880325
2018-11-08,current_policy_stance,2018-10-26,-8,0.03502126410603523
2018-11-08,current_policy_stance,2018-10-29,-7,0.035135407000780106
2018-11-08,current_policy_stance,2018-10-30,-6,0.035092052072286606
2018-11-08,current_policy_stance,2018-10-31,-5,0.03398631140589714
2018-11-08,current_policy_stance,2018-11-01,-4,0.039167992770671844
2018-11-08,current_policy_stance,2018-11-02,-3,0.036508847028017044
2018-11-08,current_policy_stance,2018-11-05,-2,0.03481078892946243
2018-11-08,current_policy_stance,2018-11-06,-1,0.03618467599153519
2018-11-08,current_policy_stance,2018-11-07,0,0.03761785104870796
2018-11-08,policy_stance_shift,2018-09-27,-28,0.03821117430925369
2018-11-08,policy_stance_shift,2018-09-28,-27,0.03684693202376366
2018-11-08,policy_stance_shift,2018-10-01,-26,0.034853819757699966
2018-11-08,policy_stance_shift,2018-10-02,-25,0.036938998848199844
2018-11-08,policy_stance_shift,2018-10-03,-24,0.033620238304138184
2018-11-08,policy_stance_shift,2018-10-04,-23,0.035751815885305405
2018-11-08,policy_stance_shift,2018-10-05,-22,0.03435761481523514
2018-11-08,policy_stance_shift,2018-10-09,-21,0.03576087951660156
2018-11-08,policy_stance_shift,2018-10-10,-20,0.03342072293162346
2018-11-08,policy_stance_shift,2018-10-11,-19,0.03468007594347
2018-11-08,policy_stance_shift,2018-10-12,-18,0.032003212720155716
2018-11-08,policy_stance_shift,2018-10-15,-17,0.03300393372774124
2018-11-08,policy_stance_shift,2018-10-16,-16,0.03414689749479294
2018-11-08,policy_stance_shift,2018-10-17,-15,0.03260066360235214
2018-11-08,policy_stance_shift,2018-10-18,-14,0.033102016896009445
2018-11-08,policy_stance_shift,2018-10-19,-13,0.032090917229652405
2018-11-08,policy_stance_shift,2018-10-22,-12,0.03355694189667702
2018-11-08,policy_stance_shift,2018-10-23,-11,0.03391321003437042
2018-11-08,policy_stance_shift,2018-10-24,-10,0.03495611622929573
2018-11-08,policy_stance_shift,2018-10-25,-9,0.033110734075307846
2018-11-08,policy_stance_shift,2018-10-26,-8,0.03876947611570358
2018-11-08,policy_stance_shift,2018-10-29,-7,0.03552516922354698
2018-11-08,policy_stance_shift,2018-10-30,-6,0.0354437418282032
2018-11-08,policy_stance_shift,2018-10-31,-5,0.03427227586507797
2018-11-08,policy_stance_shift,2018-11-01,-4,0.03760160505771637
2018-11-08,policy_stance_shift,2018-11-02,-3,0.030895516276359558
2018-11-08,policy_stance_shift,2018-11-05,-2,0.03492829576134682
2018-11-08,policy_stance_shift,2018-11-06,-1,0.031908392906188965
2018-11-08,policy_stance_shift,2018-11-07,0,0.03372861444950104
2018-11-08,expected_rate_path_shift,2018-09-27,-28,0.03769855573773384
2018-11-08,expected_rate_path_shift,2018-09-28,-27,0.03659521043300629
2018-11-08,expected_rate_path_shift,2018-10-01,-26,0.03439391404390335
2018-11-08,expected_rate_path_shift,2018-10-02,-25,0.03568268567323685
2018-11-08,expected_rate_path_shift,2018-10-03,-24,0.03438505902886391
2018-11-08,expected_rate_path_shift,2018-10-04,-23,0.036030761897563934
2018-11-08,expected_rate_path_shift,2018-10-05,-22,0.03467360883951187
2018-11-08,expected_rate_path_shift,2018-10-09,-21,0.03622782975435257
2018-11-08,expected_rate_path_shift,2018-10-10,-20,0.03381992504000664
2018-11-08,expected_rate_path_shift,2018-10-11,-19,0.034392669796943665
2018-11-08,expected_rate_path_shift,2018-10-12,-18,0.03187184780836105
2018-11-08,expected_rate_path_shift,2018-10-15,-17,0.032622452825307846
2018-11-08,expected_rate_path_shift,2018-10-16,-16,0.03358805552124977
2018-11-08,expected_rate_path_shift,2018-10-17,-15,0.03265240788459778
2018-11-08,expected_rate_path_shift,2018-10-18,-14,0.033035602420568466
2018-11-08,expected_rate_path_shift,2018-10-19,-13,0.03232448175549507
2018-11-08,expected_rate_path_shift,2018-10-22,-12,0.03384833037853241
2018-11-08,expected_rate_path_shift,2018-10-23,-11,0.033648669719696045
2018-11-08,expected_rate_path_shift,2018-10-24,-10,0.03521871566772461
2018-11-08,expected_rate_path_shift,2018-10-25,-9,0.033178217709064484
2018-11-08,expected_rate_path_shift,2018-10-26,-8,0.038519684225320816
2018-11-08,expected_rate_path_shift,2018-10-29,-7,0.03484639525413513
2018-11-08,expected_rate_path_shift,2018-10-30,-6,0.03499224781990051
2018-11-08,expected_rate_path_shift,2018-10-31,-5,0.03329694643616676
2018-11-08,expected_rate_path_shift,2018-11-01,-4,0.036853689700365067
2018-11-08,expected_rate_path_shift,2018-11-02,-3,0.03209405019879341
2018-11-08,expected_rate_path_shift,2018-11-05,-2,0.035413190722465515
2018-11-08,expected_rate_path_shift,2018-11-06,-1,0.03323499858379364
2018-11-08,expected_rate_path_shift,2018-11-07,0,0.03485981374979019
2018-11-08,inflation_assessment_shift,2018-09-27,-28,0.03615429997444153
2018-11-08,inflation_assessment_shift,2018-09-28,-27,0.03515606001019478
2018-11-08,inflation_assessment_shift,2018-10-01,-26,0.0341663584113121
2018-11-08,inflation_assessment_shift,2018-10-02,-25,0.037133414298295975
2018-11-08,inflation_assessment_shift,2018-10-03,-24,0.03332238271832466
2018-11-08,inflation_assessment_shift,2018-10-04,-23,0.0345023050904274
2018-11-08,inflation_assessment_shift,2018-10-05,-22,0.032889995723962784
2018-11-08,inflation_assessment_shift,2018-10-09,-21,0.035300493240356445
2018-11-08,inflation_assessment_shift,2018-10-10,-20,0.032951582223176956
2018-11-08,inflation_assessment_shift,2018-10-11,-19,0.035442955791950226
2018-11-08,inflation_assessment_shift,2018-10-12,-18,0.03404148668050766
2018-11-08,inflation_assessment_shift,2018-10-15,-17,0.03391878306865692
2018-11-08,inflation_assessment_shift,2018-10-16,-16,0.0344076007604599
2018-11-08,inflation_assessment_shift,2018-10-17,-15,0.03226688131690025
2018-11-08,inflation_assessment_shift,2018-10-18,-14,0.0330476239323616
2018-11-08,inflation_assessment_shift,2018-10-19,-13,0.03229840472340584
2018-11-08,inflation_assessment_shift,2018-10-22,-12,0.032928742468357086
2018-11-08,inflation_assessment_shift,2018-10-23,-11,0.033250682055950165
2018-11-08,inflation_assessment_shift,2018-10-24,-10,0.03678307682275772
2018-11-08,inflation_assessment_shift,2018-10-25,-9,0.03247307986021042
2018-11-08,inflation_assessment_shift,2018-10-26,-8,0.03809512034058571
2018-11-08,inflation_assessment_shift,2018-10-29,-7,0.03490988910198212
2018-11-08,inflation_assessment_shift,2018-10-30,-6,0.03485800325870514
2018-11-08,inflation_assessment_shift,2018-10-31,-5,0.03302619606256485
2018-11-08,inflation_assessment_shift,2018-11-01,-4,0.03846534341573715
2018-11-08,inflation_assessment_shift,2018-11-02,-3,0.03261701017618179
2018-11-08,inflation_assessment_shift,2018-11-05,-2,0.0351913720369339
2018-11-08,inflation_assessment_shift,2018-11-06,-1,0.03414943814277649
2018-11-08,inflation_assessment_shift,2018-11-07,0,0.03625141456723213
2018-11-08,inflation_risk_shift,2018-09-27,-28,0.038625456392765045
2018-11-08,inflation_risk_shift,2018-09-28,-27,0.03656395524740219
2018-11-08,inflation_risk_shift,2018-10-01,-26,0.034442394971847534
2018-11-08,inflation_risk_shift,2018-10-02,-25,0.0354771688580513
2018-11-08,inflation_risk_shift,2018-10-03,-24,0.033907342702150345
2018-11-08,inflation_risk_shift,2018-10-04,-23,0.03631202504038811
2018-11-08,inflation_risk_shift,2018-10-05,-22,0.035258546471595764
2018-11-08,inflation_risk_shift,2018-10-09,-21,0.03657326474785805
2018-11-08,inflation_risk_shift,2018-10-10,-20,0.03453202173113823
2018-11-08,inflation_risk_shift,2018-10-11,-19,0.03501417487859726
2018-11-08,inflation_risk_shift,2018-10-12,-18,0.03219761699438095
2018-11-08,inflation_risk_shift,2018-10-15,-17,0.032858096063137054
2018-11-08,inflation_risk_shift,2018-10-16,-16,0.0337538942694664
2018-11-08,inflation_risk_shift,2018-10-17,-15,0.03262898325920105
2018-11-08,inflation_risk_shift,2018-10-18,-14,0.033375710248947144
2018-11-08,inflation_risk_shift,2018-10-19,-13,0.03226347640156746
2018-11-08,inflation_risk_shift,2018-10-22,-12,0.034404121339321136
2018-11-08,inflation_risk_shift,2018-10-23,-11,0.034246936440467834
2018-11-08,inflation_risk_shift,2018-10-24,-10,0.035016585141420364
2018-11-08,inflation_risk_shift,2018-10-25,-9,0.0334693007171154
2018-11-08,inflation_risk_shift,2018-10-26,-8,0.03801831603050232
2018-11-08,inflation_risk_shift,2018-10-29,-7,0.03537760674953461
2018-11-08,inflation_risk_shift,2018-10-30,-6,0.03414151817560196
2018-11-08,inflation_risk_shift,2018-10-31,-5,0.03309670463204384
2018-11-08,inflation_risk_shift,2018-11-01,-4,0.035803575068712234
2018-11-08,inflation_risk_shift,2018-11-02,-3,0.031137125566601753
2018-11-08,inflation_risk_shift,2018-11-05,-2,0.03530392795801163
2018-11-08,inflation_risk_shift,2018-11-06,-1,0.032134950160980225
2018-11-08,inflation_risk_shift,2018-11-07,0,0.03406519815325737
2018-11-08,unemployment_assessment_shift,2018-09-27,-28,0.03309283405542374
2018-11-08,unemployment_assessment_shift,2018-09-28,-27,0.03372963145375252
2018-11-08,unemployment_assessment_shift,2018-10-01,-26,0.03408017382025719
2018-11-08,unemployment_assessment_shift,2018-10-02,-25,0.036244142800569534
2018-11-08,unemployment_assessment_shift,2018-10-03,-24,0.0341191403567791
2018-11-08,unemployment_assessment_shift,2018-10-04,-23,0.03257137909531593
2018-11-08,unemployment_assessment_shift,2018-10-05,-22,0.03146420046687126
2018-11-08,unemployment_assessment_shift,2018-10-09,-21,0.03340911865234375
2018-11-08,unemployment_assessment_shift,2018-10-10,-20,0.03237152844667435
2018-11-08,unemployment_assessment_shift,2018-10-11,-19,0.03480105102062225
2018-11-08,unemployment_assessment_shift,2018-10-12,-18,0.03682532161474228
2018-11-08,unemployment_assessment_shift,2018-10-15,-17,0.03638121485710144
2018-11-08,unemployment_assessment_shift,2018-10-16,-16,0.03511447831988335
2018-11-08,unemployment_assessment_shift,2018-10-17,-15,0.033545516431331635
2018-11-08,unemployment_assessment_shift,2018-10-18,-14,0.03379054367542267
2018-11-08,unemployment_assessment_shift,2018-10-19,-13,0.034394022077322006
2018-11-08,unemployment_assessment_shift,2018-10-22,-12,0.03295351192355156
2018-11-08,unemployment_assessment_shift,2018-10-23,-11,0.03330275043845177
2018-11-08,unemployment_assessment_shift,2018-10-24,-10,0.03720526397228241
2018-11-08,unemployment_assessment_shift,2018-10-25,-9,0.03284206986427307
2018-11-08,unemployment_assessment_shift,2018-10-26,-8,0.034866105765104294
2018-11-08,unemployment_assessment_shift,2018-10-29,-7,0.03549150377511978
2018-11-08,unemployment_assessment_shift,2018-10-30,-6,0.03477086126804352
2018-11-08,unemployment_assessment_shift,2018-10-31,-5,0.033510904759168625
2018-11-08,unemployment_assessment_shift,2018-11-01,-4,0.03672222048044205
2018-11-08,unemployment_assessment_shift,2018-11-02,-3,0.035970114171504974
2018-11-08,unemployment_assessment_shift,2018-11-05,-2,0.033681973814964294
2018-11-08,unemployment_assessment_shift,2018-11-06,-1,0.035926517099142075
2018-11-08,unemployment_assessment_shift,2018-11-07,0,0.03682192414999008
2018-11-08,labor_market_risk_shift,2018-09-27,-28,0.03301601484417915
2018-11-08,labor_market_risk_shift,2018-09-28,-27,0.03257230296730995
2018-11-08,labor_market_risk_shift,2018-10-01,-26,0.034310296177864075
2018-11-08,labor_market_risk_shift,2018-10-02,-25,0.036696892231702805
2018-11-08,labor_market_risk_shift,2018-10-03,-24,0.03437072038650513
2018-11-08,labor_market_risk_shift,2018-10-04,-23,0.03296888247132301
2018-11-08,labor_market_risk_shift,2018-10-05,-22,0.031824685633182526
2018-11-08,labor_market_risk_shift,2018-10-09,-21,0.03324175253510475
2018-11-08,labor_market_risk_shift,2018-10-10,-20,0.03246067091822624
2018-11-08,labor_market_risk_shift,2018-10-11,-19,0.03544360399246216
2018-11-08,labor_market_risk_shift,2018-10-12,-18,0.03786274790763855
2018-11-08,labor_market_risk_shift,2018-10-15,-17,0.037442952394485474
2018-11-08,labor_market_risk_shift,2018-10-16,-16,0.035796865820884705
2018-11-08,labor_market_risk_shift,2018-10-17,-15,0.03411518782377243
2018-11-08,labor_market_risk_shift,2018-10-18,-14,0.03385046869516373
2018-11-08,labor_market_risk_shift,2018-10-19,-13,0.03378231078386307
2018-11-08,labor_market_risk_shift,2018-10-22,-12,0.03235606849193573
2018-11-08,labor_market_risk_shift,2018-10-23,-11,0.032971255481243134
2018-11-08,labor_market_risk_shift,2018-10-24,-10,0.03625818341970444
2018-11-08,labor_market_risk_shift,2018-10-25,-9,0.03226149454712868
2018-11-08,labor_market_risk_shift,2018-10-26,-8,0.034457385540008545
2018-11-08,labor_market_risk_shift,2018-10-29,-7,0.03528532013297081
2018-11-08,labor_market_risk_shift,2018-10-30,-6,0.03395134210586548
2018-11-08,labor_market_risk_shift,2018-10-31,-5,0.03506552055478096
2018-11-08,labor_market_risk_shift,2018-11-01,-4,0.03703268617391586
2018-11-08,labor_market_risk_shift,2018-11-02,-3,0.03596789389848709
2018-11-08,labor_market_risk_shift,2018-11-05,-2,0.03331410884857178
2018-11-08,labor_market_risk_shift,2018-11-06,-1,0.03474198281764984
2018-11-08,labor_market_risk_shift,2018-11-07,0,0.03658038750290871
2018-11-08,growth_activity_shift,2018-09-27,-28,0.03809758275747299
2018-11-08,growth_activity_shift,2018-09-28,-27,0.0364907905459404
2018-11-08,growth_activity_shift,2018-10-01,-26,0.03417658805847168
2018-11-08,growth_activity_shift,2018-10-02,-25,0.03537743538618088
2018-11-08,growth_activity_shift,2018-10-03,-24,0.03360439091920853
2018-11-08,growth_activity_shift,2018-10-04,-23,0.03561576083302498
2018-11-08,growth_activity_shift,2018-10-05,-22,0.03501896187663078
2018-11-08,growth_activity_shift,2018-10-09,-21,0.03682393208146095
2018-11-08,growth_activity_shift,2018-10-10,-20,0.03448409587144852
2018-11-08,growth_activity_shift,2018-10-11,-19,0.03516048938035965
2018-11-08,growth_activity_shift,2018-10-12,-18,0.03209278732538223
2018-11-08,growth_activity_shift,2018-10-15,-17,0.03223928064107895
2018-11-08,growth_activity_shift,2018-10-16,-16,0.033533886075019836
2018-11-08,growth_activity_shift,2018-10-17,-15,0.03225397691130638
2018-11-08,growth_activity_shift,2018-10-18,-14,0.03285481035709381
2018-11-08,growth_activity_shift,2018-10-19,-13,0.032518573105335236
2018-11-08,growth_activity_shift,2018-10-22,-12,0.03414778411388397
2018-11-08,growth_activity_shift,2018-10-23,-11,0.03419740870594978
2018-11-08,growth_activity_shift,2018-10-24,-10,0.03567874804139137
2018-11-08,growth_activity_shift,2018-10-25,-9,0.033017609268426895
2018-11-08,growth_activity_shift,2018-10-26,-8,0.03880727291107178
2018-11-08,growth_activity_shift,2018-10-29,-7,0.03514338284730911
2018-11-08,growth_activity_shift,2018-10-30,-6,0.034038715064525604
2018-11-08,growth_activity_shift,2018-10-31,-5,0.03276064619421959
2018-11-08,growth_activity_shift,2018-11-01,-4,0.03630252927541733
2018-11-08,growth_activity_shift,2018-11-02,-3,0.03132587671279907
2018-11-08,growth_activity_shift,2018-11-05,-2,0.035466089844703674
2018-11-08,growth_activity_shift,2018-11-06,-1,0.03391161561012268
2018-11-08,growth_activity_shift,2018-11-07,0,0.03485894575715065
2018-11-08,financial_conditions_shift,2018-09-27,-28,0.03286685794591904
2018-11-08,financial_conditions_shift,2018-09-28,-27,0.033480703830718994
2018-11-08,financial_conditions_shift,2018-10-01,-26,0.033814556896686554
2018-11-08,financial_conditions_shift,2018-10-02,-25,0.03639946132898331
2018-11-08,financial_conditions_shift,2018-10-03,-24,0.035179901868104935
2018-11-08,financial_conditions_shift,2018-10-04,-23,0.03365743160247803
2018-11-08,financial_conditions_shift,2018-10-05,-22,0.031976260244846344
2018-11-08,financial_conditions_shift,2018-10-09,-21,0.033521026372909546
2018-11-08,financial_conditions_shift,2018-10-10,-20,0.032301098108291626
2018-11-08,financial_conditions_shift,2018-10-11,-19,0.03432856500148773
2018-11-08,financial_conditions_shift,2018-10-12,-18,0.03563784435391426
2018-11-08,financial_conditions_shift,2018-10-15,-17,0.035898029804229736
2018-11-08,financial_conditions_shift,2018-10-16,-16,0.034531667828559875
2018-11-08,financial_conditions_shift,2018-10-17,-15,0.03360939398407936
2018-11-08,financial_conditions_shift,2018-10-18,-14,0.03366146236658096
2018-11-08,financial_conditions_shift,2018-10-19,-13,0.034347210079431534
2018-11-08,financial_conditions_shift,2018-10-22,-12,0.032934222370386124
2018-11-08,financial_conditions_shift,2018-10-23,-11,0.03263735771179199
2018-11-08,financial_conditions_shift,2018-10-24,-10,0.03577800840139389
2018-11-08,financial_conditions_shift,2018-10-25,-9,0.03204560652375221
2018-11-08,financial_conditions_shift,2018-10-26,-8,0.03374318778514862
2018-11-08,financial_conditions_shift,2018-10-29,-7,0.03455977514386177
2018-11-08,financial_conditions_shift,2018-10-30,-6,0.03489083796739578
2018-11-08,financial_conditions_shift,2018-10-31,-5,0.03460373356938362
2018-11-08,financial_conditions_shift,2018-11-01,-4,0.0372358076274395
2018-11-08,financial_conditions_shift,2018-11-02,-3,0.03718984127044678
2018-11-08,financial_conditions_shift,2018-11-05,-2,0.03489430993795395
2018-11-08,financial_conditions_shift,2018-11-06,-1,0.03663954138755798
2018-11-08,financial_conditions_shift,2018-11-07,0,0.03763630986213684
2018-11-08,balance_sheet_policy_shift,2018-09-27,-28,0.035363636910915375
2018-11-08,balance_sheet_policy_shift,2018-09-28,-27,0.03544836863875389
2018-11-08,balance_sheet_policy_shift,2018-10-01,-26,0.03390763700008392
2018-11-08,balance_sheet_policy_shift,2018-10-02,-25,0.03705758601427078
2018-11-08,balance_sheet_policy_shift,2018-10-03,-24,0.03372180089354515
2018-11-08,balance_sheet_policy_shift,2018-10-04,-23,0.03431997075676918
2018-11-08,balance_sheet_policy_shift,2018-10-05,-22,0.032540395855903625
2018-11-08,balance_sheet_policy_shift,2018-10-09,-21,0.03490501642227173
2018-11-08,balance_sheet_policy_shift,2018-10-10,-20,0.03265567868947983
2018-11-08,balance_sheet_policy_shift,2018-10-11,-19,0.03516632318496704
2018-11-08,balance_sheet_policy_shift,2018-10-12,-18,0.034608449786901474
2018-11-08,balance_sheet_policy_shift,2018-10-15,-17,0.03423229232430458
2018-11-08,balance_sheet_policy_shift,2018-10-16,-16,0.033764295279979706
2018-11-08,balance_sheet_policy_shift,2018-10-17,-15,0.03236990422010422
2018-11-08,balance_sheet_policy_shift,2018-10-18,-14,0.032981183379888535
2018-11-08,balance_sheet_policy_shift,2018-10-19,-13,0.03303590416908264
2018-11-08,balance_sheet_policy_shift,2018-10-22,-12,0.03296821936964989
2018-11-08,balance_sheet_policy_shift,2018-10-23,-11,0.033030349761247635
2018-11-08,balance_sheet_policy_shift,2018-10-24,-10,0.03697492927312851
2018-11-08,balance_sheet_policy_shift,2018-10-25,-9,0.032011669129133224
2018-11-08,balance_sheet_policy_shift,2018-10-26,-8,0.036748312413692474
2018-11-08,balance_sheet_policy_shift,2018-10-29,-7,0.03535642474889755
2018-11-08,balance_sheet_policy_shift,2018-10-30,-6,0.034934479743242264
2018-11-08,balance_sheet_policy_shift,2018-10-31,-5,0.033320918679237366
2018-11-08,balance_sheet_policy_shift,2018-11-01,-4,0.03799166902899742
2018-11-08,balance_sheet_policy_shift,2018-11-02,-3,0.03407050296664238
2018-11-08,balance_sheet_policy_shift,2018-11-05,-2,0.03484354913234711
2018-11-08,balance_sheet_policy_shift,2018-11-06,-1,0.03496383875608444
2018-11-08,balance_sheet_policy_shift,2018-11-07,0,0.03670671582221985
2018-11-08,risk_balance_shift,2018-09-27,-28,0.03712837025523186
2018-11-08,risk_balance_shift,2018-09-28,-27,0.036287181079387665
2018-11-08,risk_balance_shift,2018-10-01,-26,0.03440265357494354
2018-11-08,risk_balance_shift,2018-10-02,-25,0.03635022044181824
2018-11-08,risk_balance_shift,2018-10-03,-24,0.03324265778064728
2018-11-08,risk_balance_shift,2018-10-04,-23,0.03450524061918259
2018-11-08,risk_balance_shift,2018-10-05,-22,0.03353406488895416
2018-11-08,risk_balance_shift,2018-10-09,-21,0.035979241132736206
2018-11-08,risk_balance_shift,2018-10-10,-20,0.03383418917655945
2018-11-08,risk_balance_shift,2018-10-11,-19,0.03567460924386978
2018-11-08,risk_balance_shift,2018-10-12,-18,0.03375563398003578
2018-11-08,risk_balance_shift,2018-10-15,-17,0.03345401585102081
2018-11-08,risk_balance_shift,2018-10-16,-16,0.03400549665093422
2018-11-08,risk_balance_shift,2018-10-17,-15,0.03237330913543701
2018-11-08,risk_balance_shift,2018-10-18,-14,0.03274121135473251
2018-11-08,risk_balance_shift,2018-10-19,-13,0.0323251336812973
2018-11-08,risk_balance_shift,2018-10-22,-12,0.033511701971292496
2018-11-08,risk_balance_shift,2018-10-23,-11,0.03360498696565628
2018-11-08,risk_balance_shift,2018-10-24,-10,0.03639361262321472
2018-11-08,risk_balance_shift,2018-10-25,-9,0.03271907567977905
2018-11-08,risk_balance_shift,2018-10-26,-8,0.03799736127257347
2018-11-08,risk_balance_shift,2018-10-29,-7,0.03510477393865585
2018-11-08,risk_balance_shift,2018-10-30,-6,0.03393254801630974
2018-11-08,risk_balance_shift,2018-10-31,-5,0.033185314387083054
2018-11-08,risk_balance_shift,2018-11-01,-4,0.03709213435649872
2018-11-08,risk_balance_shift,2018-11-02,-3,0.03222647309303284
2018-11-08,risk_balance_shift,2018-11-05,-2,0.03488301858305931
2018-11-08,risk_balance_shift,2018-11-06,-1,0.03375321626663208
2018-11-08,risk_balance_shift,2018-11-07,0,0.036002591252326965
2018-11-08,committee_dispersion,2018-09-27,-28,0.03472460061311722
2018-11-08,committee_dispersion,2018-09-28,-27,0.03434828668832779
2018-11-08,committee_dispersion,2018-10-01,-26,0.03425237163901329
2018-11-08,committee_dispersion,2018-10-02,-25,0.037713952362537384
2018-11-08,committee_dispersion,2018-10-03,-24,0.033539604395627975
2018-11-08,committee_dispersion,2018-10-04,-23,0.03334081172943115
2018-11-08,committee_dispersion,2018-10-05,-22,0.03193655610084534
2018-11-08,committee_dispersion,2018-10-09,-21,0.03415569290518761
2018-11-08,committee_dispersion,2018-10-10,-20,0.03252026438713074
2018-11-08,committee_dispersion,2018-10-11,-19,0.03559460490942001
2018-11-08,committee_dispersion,2018-10-12,-18,0.035359010100364685
2018-11-08,committee_dispersion,2018-10-15,-17,0.035007789731025696
2018-11-08,committee_dispersion,2018-10-16,-16,0.034028831869363785
2018-11-08,committee_dispersion,2018-10-17,-15,0.03241695463657379
2018-11-08,committee_dispersion,2018-10-18,-14,0.03314965218305588
2018-11-08,committee_dispersion,2018-10-19,-13,0.03288634121417999
2018-11-08,committee_dispersion,2018-10-22,-12,0.03239700198173523
2018-11-08,committee_dispersion,2018-10-23,-11,0.033402007073163986
2018-11-08,committee_dispersion,2018-10-24,-10,0.037423864006996155
2018-11-08,committee_dispersion,2018-10-25,-9,0.032090362161397934
2018-11-08,committee_dispersion,2018-10-26,-8,0.036783695220947266
2018-11-08,committee_dispersion,2018-10-29,-7,0.03676435351371765
2018-11-08,committee_dispersion,2018-10-30,-6,0.034552205353975296
2018-11-08,committee_dispersion,2018-10-31,-5,0.03416789695620537
2018-11-08,committee_dispersion,2018-11-01,-4,0.03867548331618309
2018-11-08,committee_dispersion,2018-11-02,-3,0.034398093819618225
2018-11-08,committee_dispersion,2018-11-05,-2,0.03409859538078308
2018-11-08,committee_dispersion,2018-11-06,-1,0.03403279185295105
2018-11-08,committee_dispersion,2018-11-07,0,0.03623831272125244
2018-11-08,policy_uncertainty,2018-09-27,-28,0.03931966423988342
2018-11-08,policy_uncertainty,2018-09-28,-27,0.03652352839708328
2018-11-08,policy_uncertainty,2018-10-01,-26,0.03472384437918663
2018-11-08,policy_uncertainty,2018-10-02,-25,0.03575041890144348
2018-11-08,policy_uncertainty,2018-10-03,-24,0.03355220705270767
2018-11-08,policy_uncertainty,2018-10-04,-23,0.03605667129158974
2018-11-08,policy_uncertainty,2018-10-05,-22,0.035369809716939926
2018-11-08,policy_uncertainty,2018-10-09,-21,0.03624008595943451
2018-11-08,policy_uncertainty,2018-10-10,-20,0.034325845539569855
2018-11-08,policy_uncertainty,2018-10-11,-19,0.03497743234038353
2018-11-08,policy_uncertainty,2018-10-12,-18,0.03161104395985603
2018-11-08,policy_uncertainty,2018-10-15,-17,0.032231561839580536
2018-11-08,policy_uncertainty,2018-10-16,-16,0.03390116989612579
2018-11-08,policy_uncertainty,2018-10-17,-15,0.03264252468943596
2018-11-08,policy_uncertainty,2018-10-18,-14,0.03304716944694519
2018-11-08,policy_uncertainty,2018-10-19,-13,0.0319279208779335
2018-11-08,policy_uncertainty,2018-10-22,-12,0.03400830179452896
2018-11-08,policy_uncertainty,2018-10-23,-11,0.03433999419212341
2018-11-08,policy_uncertainty,2018-10-24,-10,0.03402184695005417
2018-11-08,policy_uncertainty,2018-10-25,-9,0.03332875669002533
2018-11-08,policy_uncertainty,2018-10-26,-8,0.038846705108881
2018-11-08,policy_uncertainty,2018-10-29,-7,0.03506384789943695
2018-11-08,policy_uncertainty,2018-10-30,-6,0.03599509224295616
2018-11-08,policy_uncertainty,2018-10-31,-5,0.03410446271300316
2018-11-08,policy_uncertainty,2018-11-01,-4,0.03710950165987015
2018-11-08,policy_uncertainty,2018-11-02,-3,0.03037428855895996
2018-11-08,policy_uncertainty,2018-11-05,-2,0.03540312498807907
2018-11-08,policy_uncertainty,2018-11-06,-1,0.032077036798000336
2018-11-08,policy_uncertainty,2018-11-07,0,0.03312614932656288
2018-11-08,forward_guidance_strength,2018-09-27,-28,0.03849021717905998
2018-11-08,forward_guidance_strength,2018-09-28,-27,0.03648066893219948
2018-11-08,forward_guidance_strength,2018-10-01,-26,0.03491590917110443
2018-11-08,forward_guidance_strength,2018-10-02,-25,0.036318372935056686
2018-11-08,forward_guidance_strength,2018-10-03,-24,0.033895496279001236
2018-11-08,forward_guidance_strength,2018-10-04,-23,0.035570137202739716
2018-11-08,forward_guidance_strength,2018-10-05,-22,0.0345628596842289
2018-11-08,forward_guidance_strength,2018-10-09,-21,0.03566482663154602
2018-11-08,forward_guidance_strength,2018-10-10,-20,0.033530332148075104
2018-11-08,forward_guidance_strength,2018-10-11,-19,0.03487589955329895
2018-11-08,forward_guidance_strength,2018-10-12,-18,0.032618798315525055
2018-11-08,forward_guidance_strength,2018-10-15,-17,0.033159613609313965
2018-11-08,forward_guidance_strength,2018-10-16,-16,0.034876059740781784
2018-11-08,forward_guidance_strength,2018-10-17,-15,0.033310748636722565
2018-11-08,forward_guidance_strength,2018-10-18,-14,0.03321824222803116
2018-11-08,forward_guidance_strength,2018-10-19,-13,0.03195933997631073
2018-11-08,forward_guidance_strength,2018-10-22,-12,0.03375078737735748
2018-11-08,forward_guidance_strength,2018-10-23,-11,0.03421396017074585
2018-11-08,forward_guidance_strength,2018-10-24,-10,0.03512187302112579
2018-11-08,forward_guidance_strength,2018-10-25,-9,0.03373856842517853
2018-11-08,forward_guidance_strength,2018-10-26,-8,0.039656028151512146
2018-11-08,forward_guidance_strength,2018-10-29,-7,0.03512798249721527
2018-11-08,forward_guidance_strength,2018-10-30,-6,0.03459405153989792
2018-11-08,forward_guidance_strength,2018-10-31,-5,0.03419802710413933
2018-11-08,forward_guidance_strength,2018-11-01,-4,0.03657993674278259
2018-11-08,forward_guidance_strength,2018-11-02,-3,0.03020395338535309
2018-11-08,forward_guidance_strength,2018-11-05,-2,0.034262482076883316
2018-11-08,forward_guidance_strength,2018-11-06,-1,0.031947411596775055
2018-11-08,forward_guidance_strength,2018-11-07,0,0.03315742686390877
2018-12-19,rate_decision,2018-11-09,-24,0.04875105991959572
2018-12-19,rate_decision,2018-11-13,-23,0.04537516087293625
2018-12-19,rate_decision,2018-11-14,-22,0.0431893914937973
2018-12-19,rate_decision,2018-11-15,-21,0.04046861454844475
2018-12-19,rate_decision,2018-11-16,-20,0.03936433047056198
2018-12-19,rate_decision,2018-11-19,-19,0.03780214115977287
2018-12-19,rate_decision,2018-11-20,-18,0.03585638850927353
2018-12-19,rate_decision,2018-11-21,-17,0.03555420786142349
2018-12-19,rate_decision,2018-11-23,-16,0.03885079175233841
2018-12-19,rate_decision,2018-11-26,-15,0.04107116162776947
2018-12-19,rate_decision,2018-11-27,-14,0.040050677955150604
2018-12-19,rate_decision,2018-11-28,-13,0.03854403644800186
2018-12-19,rate_decision,2018-11-29,-12,0.04055704548954964
2018-12-19,rate_decision,2018-11-30,-11,0.0416409969329834
2018-12-19,rate_decision,2018-12-03,-10,0.042362459003925323
2018-12-19,rate_decision,2018-12-04,-9,0.04270327091217041
2018-12-19,rate_decision,2018-12-06,-8,0.04040689766407013
2018-12-19,rate_decision,2018-12-07,-7,0.03751261904835701
2018-12-19,rate_decision,2018-12-10,-6,0.037791699171066284
2018-12-19,rate_decision,2018-12-11,-5,0.03918824344873428
2018-12-19,rate_decision,2018-12-12,-4,0.03880046308040619
2018-12-19,rate_decision,2018-12-13,-3,0.039989642798900604
2018-12-19,rate_decision,2018-12-14,-2,0.03874462842941284
2018-12-19,rate_decision,2018-12-17,-1,0.03713938221335411
2018-12-19,rate_decision,2018-12-18,0,0.03828470781445503
2018-12-19,current_policy_stance,2018-11-09,-24,0.0412326343357563
2018-12-19,current_policy_stance,2018-11-13,-23,0.041130829602479935
2018-12-19,current_policy_stance,2018-11-14,-22,0.04258032888174057
2018-12-19,current_policy_stance,2018-11-15,-21,0.03992236405611038
2018-12-19,current_policy_stance,2018-11-16,-20,0.039529260247945786
2018-12-19,current_policy_stance,2018-11-19,-19,0.040167469531297684
2018-12-19,current_policy_stance,2018-11-20,-18,0.04105334356427193
2018-12-19,current_policy_stance,2018-11-21,-17,0.04179510101675987
2018-12-19,current_policy_stance,2018-11-23,-16,0.04307757690548897
2018-12-19,current_policy_stance,2018-11-26,-15,0.04147665947675705
2018-12-19,current_policy_stance,2018-11-27,-14,0.03887347877025604
2018-12-19,current_policy_stance,2018-11-28,-13,0.0359378419816494
2018-12-19,current_policy_stance,2018-11-29,-12,0.03715767711400986
2018-12-19,current_policy_stance,2018-11-30,-11,0.03769628703594208
2018-12-19,current_policy_stance,2018-12-03,-10,0.03816981613636017
2018-12-19,current_policy_stance,2018-12-04,-9,0.03923141583800316
2018-12-19,current_policy_stance,2018-12-06,-8,0.039552751928567886
2018-12-19,current_policy_stance,2018-12-07,-7,0.04163385182619095
2018-12-19,current_policy_stance,2018-12-10,-6,0.04050075262784958
2018-12-19,current_policy_stance,2018-12-11,-5,0.0402672179043293
2018-12-19,current_policy_stance,2018-12-12,-4,0.03847441449761391
2018-12-19,current_policy_stance,2018-12-13,-3,0.03803481161594391
2018-12-19,current_policy_stance,2018-12-14,-2,0.038168780505657196
2018-12-19,current_policy_stance,2018-12-17,-1,0.03900248557329178
2018-12-19,current_policy_stance,2018-12-18,0,0.04533284902572632
2018-12-19,policy_stance_shift,2018-11-09,-24,0.03995927423238754
2018-12-19,policy_stance_shift,2018-11-13,-23,0.03988005220890045
2018-12-19,policy_stance_shift,2018-11-14,-22,0.04041844606399536
2018-12-19,policy_stance_shift,2018-11-15,-21,0.03866591304540634
2018-12-19,policy_stance_shift,2018-11-16,-20,0.03939049690961838
2018-12-19,policy_stance_shift,2018-11-19,-19,0.040284719318151474
2018-12-19,policy_stance_shift,2018-11-20,-18,0.041200730949640274
2018-12-19,policy_stance_shift,2018-11-21,-17,0.04330672323703766
2018-12-19,policy_stance_shift,2018-11-23,-16,0.04323815926909447
2018-12-19,policy_stance_shift,2018-11-26,-15,0.039836443960666656
2018-12-19,policy_stance_shift,2018-11-27,-14,0.0383061058819294
2018-12-19,policy_stance_shift,2018-11-28,-13,0.035585273057222366
2018-12-19,policy_stance_shift,2018-11-29,-12,0.037074826657772064
2018-12-19,policy_stance_shift,2018-11-30,-11,0.03771954029798508
2018-12-19,policy_stance_shift,2018-12-03,-10,0.03862372785806656
2018-12-19,policy_stance_shift,2018-12-04,-9,0.04059677571058273
2018-12-19,policy_stance_shift,2018-12-06,-8,0.040797002613544464
2018-12-19,policy_stance_shift,2018-12-07,-7,0.04261147230863571
2018-12-19,policy_stance_shift,2018-12-10,-6,0.04113849252462387
2018-12-19,policy_stance_shift,2018-12-11,-5,0.040480174124240875
2018-12-19,policy_stance_shift,2018-12-12,-4,0.039263807237148285
2018-12-19,policy_stance_shift,2018-12-13,-3,0.03892417997121811
2018-12-19,policy_stance_shift,2018-12-14,-2,0.03890547156333923
2018-12-19,policy_stance_shift,2018-12-17,-1,0.038771726191043854
2018-12-19,policy_stance_shift,2018-12-18,0,0.04502043128013611
2018-12-19,expected_rate_path_shift,2018-11-09,-24,0.03946977108716965
2018-12-19,expected_rate_path_shift,2018-11-13,-23,0.03835192322731018
2018-12-19,expected_rate_path_shift,2018-11-14,-22,0.03712853789329529
2018-12-19,expected_rate_path_shift,2018-11-15,-21,0.03882499784231186
2018-12-19,expected_rate_path_shift,2018-11-16,-20,0.041084546595811844
2018-12-19,expected_rate_path_shift,2018-11-19,-19,0.04152422398328781
2018-12-19,expected_rate_path_shift,2018-11-20,-18,0.041932977735996246
2018-12-19,expected_rate_path_shift,2018-11-21,-17,0.04315945506095886
2018-12-19,expected_rate_path_shift,2018-11-23,-16,0.04094166308641434
2018-12-19,expected_rate_path_shift,2018-11-26,-15,0.036505941301584244
2018-12-19,expected_rate_path_shift,2018-11-27,-14,0.03851616010069847
2018-12-19,expected_rate_path_shift,2018-11-28,-13,0.03926089406013489
2018-12-19,expected_rate_path_shift,2018-11-29,-12,0.039548590779304504
2018-12-19,expected_rate_path_shift,2018-11-30,-11,0.0391811728477478
2018-12-19,expected_rate_path_shift,2018-12-03,-10,0.03980099409818649
2018-12-19,expected_rate_path_shift,2018-12-04,-9,0.041774164885282516
2018-12-19,expected_rate_path_shift,2018-12-06,-8,0.041358258575201035
2018-12-19,expected_rate_path_shift,2018-12-07,-7,0.04077930003404617
2018-12-19,expected_rate_path_shift,2018-12-10,-6,0.04132496938109398
2018-12-19,expected_rate_path_shift,2018-12-11,-5,0.03995388746261597
2018-12-19,expected_rate_path_shift,2018-12-12,-4,0.04058663919568062
2018-12-19,expected_rate_path_shift,2018-12-13,-3,0.040860000997781754
2018-12-19,expected_rate_path_shift,2018-12-14,-2,0.0408187210559845
2018-12-19,expected_rate_path_shift,2018-12-17,-1,0.03846943378448486
2018-12-19,expected_rate_path_shift,2018-12-18,0,0.03884280100464821
2018-12-19,inflation_assessment_shift,2018-11-09,-24,0.04014452546834946
2018-12-19,inflation_assessment_shift,2018-11-13,-23,0.03894483670592308
2018-12-19,inflation_assessment_shift,2018-11-14,-22,0.03805592283606529
2018-12-19,inflation_assessment_shift,2018-11-15,-21,0.03923216462135315
2018-12-19,inflation_assessment_shift,2018-11-16,-20,0.041613418608903885
2018-12-19,inflation_assessment_shift,2018-11-19,-19,0.04191814735531807
2018-12-19,inflation_assessment_shift,2018-11-20,-18,0.04233057424426079
2018-12-19,inflation_assessment_shift,2018-11-21,-17,0.04372493177652359
2018-12-19,inflation_assessment_shift,2018-11-23,-16,0.04140198603272438
2018-12-19,inflation_assessment_shift,2018-11-26,-15,0.03573930263519287
2018-12-19,inflation_assessment_shift,2018-11-27,-14,0.03792530670762062
2018-12-19,inflation_assessment_shift,2018-11-28,-13,0.037809379398822784
2018-12-19,inflation_assessment_shift,2018-11-29,-12,0.038427915424108505
2018-12-19,inflation_assessment_shift,2018-11-30,-11,0.03788617253303528
2018-12-19,inflation_assessment_shift,2018-12-03,-10,0.03859681636095047
2018-12-19,inflation_assessment_shift,2018-12-04,-9,0.04167863726615906
2018-12-19,inflation_assessment_shift,2018-12-06,-8,0.041677024215459824
2018-12-19,inflation_assessment_shift,2018-12-07,-7,0.04195073992013931
2018-12-19,inflation_assessment_shift,2018-12-10,-6,0.041984207928180695
2018-12-19,inflation_assessment_shift,2018-12-11,-5,0.039831239730119705
2018-12-19,inflation_assessment_shift,2018-12-12,-4,0.03984277695417404
2018-12-19,inflation_assessment_shift,2018-12-13,-3,0.0401991531252861
2018-12-19,inflation_assessment_shift,2018-12-14,-2,0.04051295295357704
2018-12-19,inflation_assessment_shift,2018-12-17,-1,0.03851424902677536
2018-12-19,inflation_assessment_shift,2018-12-18,0,0.04005759581923485
2018-12-19,inflation_risk_shift,2018-11-09,-24,0.03957180678844452
2018-12-19,inflation_risk_shift,2018-11-13,-23,0.038333967328071594
2018-12-19,inflation_risk_shift,2018-11-14,-22,0.03724231943488121
2018-12-19,inflation_risk_shift,2018-11-15,-21,0.0387997180223465
2018-12-19,inflation_risk_shift,2018-11-16,-20,0.04098229482769966
2018-12-19,inflation_risk_shift,2018-11-19,-19,0.041525948792696
2018-12-19,inflation_risk_shift,2018-11-20,-18,0.041745875030756
2018-12-19,inflation_risk_shift,2018-11-21,-17,0.04285228252410889
2018-12-19,inflation_risk_shift,2018-11-23,-16,0.04077034071087837
2018-12-19,inflation_risk_shift,2018-11-26,-15,0.036658789962530136
2018-12-19,inflation_risk_shift,2018-11-27,-14,0.03858017176389694
2018-12-19,inflation_risk_shift,2018-11-28,-13,0.039249662309885025
2018-12-19,inflation_risk_shift,2018-11-29,-12,0.03974932059645653
2018-12-19,inflation_risk_shift,2018-11-30,-11,0.03924378380179405
2018-12-19,inflation_risk_shift,2018-12-03,-10,0.03983330726623535
2018-12-19,inflation_risk_shift,2018-12-04,-9,0.04172445461153984
2018-12-19,inflation_risk_shift,2018-12-06,-8,0.04124069958925247
2018-12-19,inflation_risk_shift,2018-12-07,-7,0.04083910584449768
2018-12-19,inflation_risk_shift,2018-12-10,-6,0.04180782288312912
2018-12-19,inflation_risk_shift,2018-12-11,-5,0.040250446647405624
2018-12-19,inflation_risk_shift,2018-12-12,-4,0.04079709202051163
2018-12-19,inflation_risk_shift,2018-12-13,-3,0.040936022996902466
2018-12-19,inflation_risk_shift,2018-12-14,-2,0.04072554409503937
2018-12-19,inflation_risk_shift,2018-12-17,-1,0.038192763924598694
2018-12-19,inflation_risk_shift,2018-12-18,0,0.038346413522958755
2018-12-19,unemployment_assessment_shift,2018-11-09,-24,0.0407649464905262
2018-12-19,unemployment_assessment_shift,2018-11-13,-23,0.0401020422577858
2018-12-19,unemployment_assessment_shift,2018-11-14,-22,0.03994610160589218
2018-12-19,unemployment_assessment_shift,2018-11-15,-21,0.0394120030105114
2018-12-19,unemployment_assessment_shift,2018-11-16,-20,0.041146475821733475
2018-12-19,unemployment_assessment_shift,2018-11-19,-19,0.04197297245264053
2018-12-19,unemployment_assessment_shift,2018-11-20,-18,0.04285917431116104
2018-12-19,unemployment_assessment_shift,2018-11-21,-17,0.044736795127391815
2018-12-19,unemployment_assessment_shift,2018-11-23,-16,0.04233873263001442
2018-12-19,unemployment_assessment_shift,2018-11-26,-15,0.03767857700586319
2018-12-19,unemployment_assessment_shift,2018-11-27,-14,0.03793372958898544
2018-12-19,unemployment_assessment_shift,2018-11-28,-13,0.0359380729496479
2018-12-19,unemployment_assessment_shift,2018-11-29,-12,0.036954667419195175
2018-12-19,unemployment_assessment_shift,2018-11-30,-11,0.03705672174692154
2018-12-19,unemployment_assessment_shift,2018-12-03,-10,0.03827573359012604
2018-12-19,unemployment_assessment_shift,2018-12-04,-9,0.04087367281317711
2018-12-19,unemployment_assessment_shift,2018-12-06,-8,0.04136580973863602
2018-12-19,unemployment_assessment_shift,2018-12-07,-7,0.04307069256901741
2018-12-19,unemployment_assessment_shift,2018-12-10,-6,0.04125983640551567
2018-12-19,unemployment_assessment_shift,2018-12-11,-5,0.03972148522734642
2018-12-19,unemployment_assessment_shift,2018-12-12,-4,0.03928843140602112
2018-12-19,unemployment_assessment_shift,2018-12-13,-3,0.03930823504924774
2018-12-19,unemployment_assessment_shift,2018-12-14,-2,0.03905775770545006
2018-12-19,unemployment_assessment_shift,2018-12-17,-1,0.037563204765319824
2018-12-19,unemployment_assessment_shift,2018-12-18,0,0.04137413203716278
2018-12-19,labor_market_risk_shift,2018-11-09,-24,0.0403553731739521
2018-12-19,labor_market_risk_shift,2018-11-13,-23,0.03984583914279938
2018-12-19,labor_market_risk_shift,2018-11-14,-22,0.04031172767281532
2018-12-19,labor_market_risk_shift,2018-11-15,-21,0.03889090567827225
2018-12-19,labor_market_risk_shift,2018-11-16,-20,0.03985895961523056
2018-12-19,labor_market_risk_shift,2018-11-19,-19,0.040507182478904724
2018-12-19,labor_market_risk_shift,2018-11-20,-18,0.0415840707719326
2018-12-19,labor_market_risk_shift,2018-11-21,-17,0.04452866315841675
2018-12-19,labor_market_risk_shift,2018-11-23,-16,0.04330107197165489
2018-12-19,labor_market_risk_shift,2018-11-26,-15,0.04009849578142166
2018-12-19,labor_market_risk_shift,2018-11-27,-14,0.03891376778483391
2018-12-19,labor_market_risk_shift,2018-11-28,-13,0.03617551550269127
2018-12-19,labor_market_risk_shift,2018-11-29,-12,0.037407200783491135
2018-12-19,labor_market_risk_shift,2018-11-30,-11,0.0374591089785099
2018-12-19,labor_market_risk_shift,2018-12-03,-10,0.03845115751028061
2018-12-19,labor_market_risk_shift,2018-12-04,-9,0.04041096568107605
2018-12-19,labor_market_risk_shift,2018-12-06,-8,0.04070945829153061
2018-12-19,labor_market_risk_shift,2018-12-07,-7,0.04235183075070381
2018-12-19,labor_market_risk_shift,2018-12-10,-6,0.041906777769327164
2018-12-19,labor_market_risk_shift,2018-12-11,-5,0.04043535143136978
2018-12-19,labor_market_risk_shift,2018-12-12,-4,0.03966202959418297
2018-12-19,labor_market_risk_shift,2018-12-13,-3,0.03863732889294624
2018-12-19,labor_market_risk_shift,2018-12-14,-2,0.038251474499702454
2018-12-19,labor_market_risk_shift,2018-12-17,-1,0.037659913301467896
2018-12-19,labor_market_risk_shift,2018-12-18,0,0.04228581488132477
2018-12-19,growth_activity_shift,2018-11-09,-24,0.04061664268374443
2018-12-19,growth_activity_shift,2018-11-13,-23,0.03910243511199951
2018-12-19,growth_activity_shift,2018-11-14,-22,0.037688128650188446
2018-12-19,growth_activity_shift,2018-11-15,-21,0.03865468129515648
2018-12-19,growth_activity_shift,2018-11-16,-20,0.041088853031396866
2018-12-19,growth_activity_shift,2018-11-19,-19,0.04151631519198418
2018-12-19,growth_activity_shift,2018-11-20,-18,0.04203113168478012
2018-12-19,growth_activity_shift,2018-11-21,-17,0.04373122751712799
2018-12-19,growth_activity_shift,2018-11-23,-16,0.04110351949930191
2018-12-19,growth_activity_shift,2018-11-26,-15,0.03621806204319
2018-12-19,growth_activity_shift,2018-11-27,-14,0.03827179595828056
2018-12-19,growth_activity_shift,2018-11-28,-13,0.038273874670267105
2018-12-19,growth_activity_shift,2018-11-29,-12,0.03872917592525482
2018-12-19,growth_activity_shift,2018-11-30,-11,0.038579944521188736
2018-12-19,growth_activity_shift,2018-12-03,-10,0.03958327695727348
2018-12-19,growth_activity_shift,2018-12-04,-9,0.042121246457099915
2018-12-19,growth_activity_shift,2018-12-06,-8,0.04177684336900711
2018-12-19,growth_activity_shift,2018-12-07,-7,0.04108931124210358
2018-12-19,growth_activity_shift,2018-12-10,-6,0.04088615998625755
2018-12-19,growth_activity_shift,2018-12-11,-5,0.03948752209544182
2018-12-19,growth_activity_shift,2018-12-12,-4,0.04034024477005005
2018-12-19,growth_activity_shift,2018-12-13,-3,0.04071272537112236
2018-12-19,growth_activity_shift,2018-12-14,-2,0.04065973684191704
2018-12-19,growth_activity_shift,2018-12-17,-1,0.03818073123693466
2018-12-19,growth_activity_shift,2018-12-18,0,0.03955640643835068
2018-12-19,financial_conditions_shift,2018-11-09,-24,0.04059840738773346
2018-12-19,financial_conditions_shift,2018-11-13,-23,0.040991172194480896
2018-12-19,financial_conditions_shift,2018-11-14,-22,0.04245790094137192
2018-12-19,financial_conditions_shift,2018-11-15,-21,0.03972095623612404
2018-12-19,financial_conditions_shift,2018-11-16,-20,0.03876737132668495
2018-12-19,financial_conditions_shift,2018-11-19,-19,0.03935694321990013
2018-12-19,financial_conditions_shift,2018-11-20,-18,0.04045470803976059
2018-12-19,financial_conditions_shift,2018-11-21,-17,0.040852829813957214
2018-12-19,financial_conditions_shift,2018-11-23,-16,0.042509596794843674
2018-12-19,financial_conditions_shift,2018-11-26,-15,0.042678795754909515
2018-12-19,financial_conditions_shift,2018-11-27,-14,0.0397871658205986
2018-12-19,financial_conditions_shift,2018-11-28,-13,0.036773890256881714
2018-12-19,financial_conditions_shift,2018-11-29,-12,0.037892114371061325
2018-12-19,financial_conditions_shift,2018-11-30,-11,0.038535986095666885
2018-12-19,financial_conditions_shift,2018-12-03,-10,0.03855954110622406
2018-12-19,financial_conditions_shift,2018-12-04,-9,0.03868936374783516
2018-12-19,financial_conditions_shift,2018-12-06,-8,0.03909660875797272
2018-12-19,financial_conditions_shift,2018-12-07,-7,0.04106615483760834
2018-12-19,financial_conditions_shift,2018-12-10,-6,0.04028134047985077
2018-12-19,financial_conditions_shift,2018-12-11,-5,0.04095706343650818
2018-12-19,financial_conditions_shift,2018-12-12,-4,0.03877944126725197
2018-12-19,financial_conditions_shift,2018-12-13,-3,0.03830300271511078
2018-12-19,financial_conditions_shift,2018-12-14,-2,0.038432344794273376
2018-12-19,financial_conditions_shift,2018-12-17,-1,0.03960404545068741
2018-12-19,financial_conditions_shift,2018-12-18,0,0.04485324025154114
2018-12-19,balance_sheet_policy_shift,2018-11-09,-24,0.03984380140900612
2018-12-19,balance_sheet_policy_shift,2018-11-13,-23,0.03971121460199356
2018-12-19,balance_sheet_policy_shift,2018-11-14,-22,0.0401436984539032
2018-12-19,balance_sheet_policy_shift,2018-11-15,-21,0.038902416825294495
2018-12-19,balance_sheet_policy_shift,2018-11-16,-20,0.040389589965343475
2018-12-19,balance_sheet_policy_shift,2018-11-19,-19,0.04170062765479088
2018-12-19,balance_sheet_policy_shift,2018-11-20,-18,0.042569197714328766
2018-12-19,balance_sheet_policy_shift,2018-11-21,-17,0.04408556595444679
2018-12-19,balance_sheet_policy_shift,2018-11-23,-16,0.04269431158900261
2018-12-19,balance_sheet_policy_shift,2018-11-26,-15,0.03814492002129555
2018-12-19,balance_sheet_policy_shift,2018-11-27,-14,0.03776893392205238
2018-12-19,balance_sheet_policy_shift,2018-11-28,-13,0.03580448031425476
2018-12-19,balance_sheet_policy_shift,2018-11-29,-12,0.037386782467365265
2018-12-19,balance_sheet_policy_shift,2018-11-30,-11,0.03761627525091171
2018-12-19,balance_sheet_policy_shift,2018-12-03,-10,0.03849746286869049
2018-12-19,balance_sheet_policy_shift,2018-12-04,-9,0.04084606468677521
2018-12-19,balance_sheet_policy_shift,2018-12-06,-8,0.041106995195150375
2018-12-19,balance_sheet_policy_shift,2018-12-07,-7,0.0431513711810112
2018-12-19,balance_sheet_policy_shift,2018-12-10,-6,0.04132036864757538
2018-12-19,balance_sheet_policy_shift,2018-12-11,-5,0.03989425301551819
2018-12-19,balance_sheet_policy_shift,2018-12-12,-4,0.03905002772808075
2018-12-19,balance_sheet_policy_shift,2018-12-13,-3,0.039189912378787994
2018-12-19,balance_sheet_policy_shift,2018-12-14,-2,0.039142023772001266
2018-12-19,balance_sheet_policy_shift,2018-12-17,-1,0.03800986707210541
2018-12-19,balance_sheet_policy_shift,2018-12-18,0,0.043029818683862686
2018-12-19,risk_balance_shift,2018-11-09,-24,0.040276382118463516
2018-12-19,risk_balance_shift,2018-11-13,-23,0.03868112340569496
2018-12-19,risk_balance_shift,2018-11-14,-22,0.0375293493270874
2018-12-19,risk_balance_shift,2018-11-15,-21,0.038762543350458145
2018-12-19,risk_balance_shift,2018-11-16,-20,0.04111342504620552
2018-12-19,risk_balance_shift,2018-11-19,-19,0.04151560366153717
2018-12-19,risk_balance_shift,2018-11-20,-18,0.04198168218135834
2018-12-19,risk_balance_shift,2018-11-21,-17,0.043404944241046906
2018-12-19,risk_balance_shift,2018-11-23,-16,0.04084507375955582
2018-12-19,risk_balance_shift,2018-11-26,-15,0.03607414290308952
2018-12-19,risk_balance_shift,2018-11-27,-14,0.038224559277296066
2018-12-19,risk_balance_shift,2018-11-28,-13,0.03856825828552246
2018-12-19,risk_balance_shift,2018-11-29,-12,0.0391119047999382
2018-12-19,risk_balance_shift,2018-11-30,-11,0.03881304711103439
2018-12-19,risk_balance_shift,2018-12-03,-10,0.03960992023348808
2018-12-19,risk_balance_shift,2018-12-04,-9,0.04218223690986633
2018-12-19,risk_balance_shift,2018-12-06,-8,0.04185255616903305
2018-12-19,risk_balance_shift,2018-12-07,-7,0.041383713483810425
2018-12-19,risk_balance_shift,2018-12-10,-6,0.04129895567893982
2018-12-19,risk_balance_shift,2018-12-11,-5,0.039683543145656586
2018-12-19,risk_balance_shift,2018-12-12,-4,0.0401773601770401
2018-12-19,risk_balance_shift,2018-12-13,-3,0.04033879190683365
2018-12-19,risk_balance_shift,2018-12-14,-2,0.04059889167547226
2018-12-19,risk_balance_shift,2018-12-17,-1,0.03836493939161301
2018-12-19,risk_balance_shift,2018-12-18,0,0.039607055485248566
2018-12-19,committee_dispersion,2018-11-09,-24,0.0408199205994606
2018-12-19,committee_dispersion,2018-11-13,-23,0.040783144533634186
2018-12-19,committee_dispersion,2018-11-14,-22,0.041741400957107544
2018-12-19,committee_dispersion,2018-11-15,-21,0.0393143929541111
2018-12-19,committee_dispersion,2018-11-16,-20,0.039849020540714264
2018-12-19,committee_dispersion,2018-11-19,-19,0.040785156190395355
2018-12-19,committee_dispersion,2018-11-20,-18,0.041290950030088425
2018-12-19,committee_dispersion,2018-11-21,-17,0.04254702106118202
2018-12-19,committee_dispersion,2018-11-23,-16,0.04267345368862152
2018-12-19,committee_dispersion,2018-11-26,-15,0.040420569479465485
2018-12-19,committee_dispersion,2018-11-27,-14,0.03863153234124184
2018-12-19,committee_dispersion,2018-11-28,-13,0.035653166472911835
2018-12-19,committee_dispersion,2018-11-29,-12,0.03723969683051109
2018-12-19,committee_dispersion,2018-11-30,-11,0.03775518387556076
2018-12-19,committee_dispersion,2018-12-03,-10,0.03850521147251129
2018-12-19,committee_dispersion,2018-12-04,-9,0.0399380624294281
2018-12-19,committee_dispersion,2018-12-06,-8,0.040134839713573456
2018-12-19,committee_dispersion,2018-12-07,-7,0.04215161129832268
2018-12-19,committee_dispersion,2018-12-10,-6,0.040703706443309784
2018-12-19,committee_dispersion,2018-12-11,-5,0.04016517847776413
2018-12-19,committee_dispersion,2018-12-12,-4,0.038817040622234344
2018-12-19,committee_dispersion,2018-12-13,-3,0.03839113190770149
2018-12-19,committee_dispersion,2018-12-14,-2,0.03829921409487724
2018-12-19,committee_dispersion,2018-12-17,-1,0.03851180151104927
2018-12-19,committee_dispersion,2018-12-18,0,0.0448775477707386
2018-12-19,policy_uncertainty,2018-11-09,-24,0.040670763701200485
2018-12-19,policy_uncertainty,2018-11-13,-23,0.03912626951932907
2018-12-19,policy_uncertainty,2018-11-14,-22,0.03829585388302803
2018-12-19,policy_uncertainty,2018-11-15,-21,0.0389639250934124
2018-12-19,policy_uncertainty,2018-11-16,-20,0.04098924621939659
2018-12-19,policy_uncertainty,2018-11-19,-19,0.041518498212099075
2018-12-19,policy_uncertainty,2018-11-20,-18,0.042424630373716354
2018-12-19,policy_uncertainty,2018-11-21,-17,0.044649384915828705
2018-12-19,policy_uncertainty,2018-11-23,-16,0.04235328361392021
2018-12-19,policy_uncertainty,2018-11-26,-15,0.03702395409345627
2018-12-19,policy_uncertainty,2018-11-27,-14,0.03803972899913788
2018-12-19,policy_uncertainty,2018-11-28,-13,0.03678322583436966
2018-12-19,policy_uncertainty,2018-11-29,-12,0.03780214115977287
2018-12-19,policy_uncertainty,2018-11-30,-11,0.03780725970864296
2018-12-19,policy_uncertainty,2018-12-03,-10,0.03903836011886597
2018-12-19,policy_uncertainty,2018-12-04,-9,0.04155847057700157
2018-12-19,policy_uncertainty,2018-12-06,-8,0.04125586152076721
2018-12-19,policy_uncertainty,2018-12-07,-7,0.04170792177319527
2018-12-19,policy_uncertainty,2018-12-10,-6,0.041299592703580856
2018-12-19,policy_uncertainty,2018-12-11,-5,0.04061824083328247
2018-12-19,policy_uncertainty,2018-12-12,-4,0.04008087143301964
2018-12-19,policy_uncertainty,2018-12-13,-3,0.039977479726076126
2018-12-19,policy_uncertainty,2018-12-14,-2,0.03955480456352234
2018-12-19,policy_uncertainty,2018-12-17,-1,0.037851832807064056
2018-12-19,policy_uncertainty,2018-12-18,0,0.040608424693346024
2018-12-19,forward_guidance_strength,2018-11-09,-24,0.039439454674720764
2018-12-19,forward_guidance_strength,2018-11-13,-23,0.03825406730175018
2018-12-19,forward_guidance_strength,2018-11-14,-22,0.03704560175538063
2018-12-19,forward_guidance_strength,2018-11-15,-21,0.038999274373054504
2018-12-19,forward_guidance_strength,2018-11-16,-20,0.041255950927734375
2018-12-19,forward_guidance_strength,2018-11-19,-19,0.04143938422203064
2018-12-19,forward_guidance_strength,2018-11-20,-18,0.041668858379125595
2018-12-19,forward_guidance_strength,2018-11-21,-17,0.04276224225759506
2018-12-19,forward_guidance_strength,2018-11-23,-16,0.04047612100839615
2018-12-19,forward_guidance_strength,2018-11-26,-15,0.036067310720682144
2018-12-19,forward_guidance_strength,2018-11-27,-14,0.03840429335832596
2018-12-19,forward_guidance_strength,2018-11-28,-13,0.03960814327001572
2018-12-19,forward_guidance_strength,2018-11-29,-12,0.03968462347984314
2018-12-19,forward_guidance_strength,2018-11-30,-11,0.0392204113304615
2018-12-19,forward_guidance_strength,2018-12-03,-10,0.03985567390918732
2018-12-19,forward_guidance_strength,2018-12-04,-9,0.04192435368895531
2018-12-19,forward_guidance_strength,2018-12-06,-8,0.0416254997253418
2018-12-19,forward_guidance_strength,2018-12-07,-7,0.0407591313123703
2018-12-19,forward_guidance_strength,2018-12-10,-6,0.04162449389696121
2018-12-19,forward_guidance_strength,2018-12-11,-5,0.040173303335905075
2018-12-19,forward_guidance_strength,2018-12-12,-4,0.04084140807390213
2018-12-19,forward_guidance_strength,2018-12-13,-3,0.0409306101500988
2018-12-19,forward_guidance_strength,2018-12-14,-2,0.040897104889154434
2018-12-19,forward_guidance_strength,2018-12-17,-1,0.038784775882959366
2018-12-19,forward_guidance_strength,2018-12-18,0,0.03825792297720909
2019-01-30,rate_decision,2018-12-20,-25,0.03998903930187225
2019-01-30,rate_decision,2018-12-21,-24,0.040806904435157776
2019-01-30,rate_decision,2018-12-24,-23,0.040801480412483215
2019-01-30,rate_decision,2018-12-26,-22,0.03793866187334061
2019-01-30,rate_decision,2018-12-27,-21,0.04048682749271393
2019-01-30,rate_decision,2018-12-28,-20,0.039156198501586914
2019-01-30,rate_decision,2018-12-31,-19,0.03779579699039459
2019-01-30,rate_decision,2019-01-02,-18,0.037955351173877716
2019-01-30,rate_decision,2019-01-03,-17,0.0429324135184288
2019-01-30,rate_decision,2019-01-04,-16,0.03347095474600792
2019-01-30,rate_decision,2019-01-07,-15,0.04124246910214424
2019-01-30,rate_decision,2019-01-08,-14,0.03885597735643387
2019-01-30,rate_decision,2019-01-09,-13,0.040593087673187256
2019-01-30,rate_decision,2019-01-10,-12,0.037837639451026917
2019-01-30,rate_decision,2019-01-11,-11,0.03834932669997215
2019-01-30,rate_decision,2019-01-14,-10,0.03664250671863556
2019-01-30,rate_decision,2019-01-15,-9,0.0354258269071579
2019-01-30,rate_decision,2019-01-16,-8,0.038912899792194366
2019-01-30,rate_decision,2019-01-17,-7,0.0392778106033802
2019-01-30,rate_decision,2019-01-18,-6,0.035314954817295074
2019-01-30,rate_decision,2019-01-22,-5,0.0399959534406662
2019-01-30,rate_decision,2019-01-23,-4,0.034439921379089355
2019-01-30,rate_decision,2019-01-24,-3,0.04008268564939499
2019-01-30,rate_decision,2019-01-25,-2,0.03518468141555786
2019-01-30,rate_decision,2019-01-28,-1,0.03627288341522217
2019-01-30,rate_decision,2019-01-29,0,0.04023774340748787
2019-01-30,current_policy_stance,2018-12-20,-25,0.03649592772126198
2019-01-30,current_policy_stance,2018-12-21,-24,0.037269044667482376
2019-01-30,current_policy_stance,2018-12-24,-23,0.039905499666929245
2019-01-30,current_policy_stance,2018-12-26,-22,0.03781097009778023
2019-01-30,current_policy_stance,2018-12-27,-21,0.0396893210709095
2019-01-30,current_policy_stance,2018-12-28,-20,0.03831832855939865
2019-01-30,current_policy_stance,2018-12-31,-19,0.03672724962234497
2019-01-30,current_policy_stance,2019-01-02,-18,0.03667479008436203
2019-01-30,current_policy_stance,2019-01-03,-17,0.051181644201278687
2019-01-30,current_policy_stance,2019-01-04,-16,0.03627288341522217
2019-01-30,current_policy_stance,2019-01-07,-15,0.04398219659924507
2019-01-30,current_policy_stance,2019-01-08,-14,0.04164678230881691
2019-01-30,current_policy_stance,2019-01-09,-13,0.039021559059619904
2019-01-30,current_policy_stance,2019-01-10,-12,0.03499622270464897
2019-01-30,current_policy_stance,2019-01-11,-11,0.03907446563243866
2019-01-30,current_policy_stance,2019-01-14,-10,0.03746672719717026
2019-01-30,current_policy_stance,2019-01-15,-9,0.03827454522252083
2019-01-30,current_policy_stance,2019-01-16,-8,0.0386166051030159
2019-01-30,current_policy_stance,2019-01-17,-7,0.03977086395025253
2019-01-30,current_policy_stance,2019-01-18,-6,0.034436728805303574
2019-01-30,current_policy_stance,2019-01-22,-5,0.04037567228078842
2019-01-30,current_policy_stance,2019-01-23,-4,0.035485584288835526
2019-01-30,current_policy_stance,2019-01-24,-3,0.04076475650072098
2019-01-30,current_policy_stance,2019-01-25,-2,0.03224899619817734
2019-01-30,current_policy_stance,2019-01-28,-1,0.03693585842847824
2019-01-30,current_policy_stance,2019-01-29,0,0.036556802690029144
2019-01-30,policy_stance_shift,2018-12-20,-25,0.04099559783935547
2019-01-30,policy_stance_shift,2018-12-21,-24,0.040313877165317535
2019-01-30,policy_stance_shift,2018-12-24,-23,0.04001886770129204
2019-01-30,policy_stance_shift,2018-12-26,-22,0.03896797075867653
2019-01-30,policy_stance_shift,2018-12-27,-21,0.044266585260629654
2019-01-30,policy_stance_shift,2018-12-28,-20,0.041175998747348785
2019-01-30,policy_stance_shift,2018-12-31,-19,0.03812547028064728
2019-01-30,policy_stance_shift,2019-01-02,-18,0.03797830641269684
2019-01-30,policy_stance_shift,2019-01-03,-17,0.044941533356904984
2019-01-30,policy_stance_shift,2019-01-04,-16,0.032806411385536194
2019-01-30,policy_stance_shift,2019-01-07,-15,0.043108608573675156
2019-01-30,policy_stance_shift,2019-01-08,-14,0.04065860062837601
2019-01-30,policy_stance_shift,2019-01-09,-13,0.03894262760877609
2019-01-30,policy_stance_shift,2019-01-10,-12,0.03545587509870529
2019-01-30,policy_stance_shift,2019-01-11,-11,0.037528153508901596
2019-01-30,policy_stance_shift,2019-01-14,-10,0.03614770993590355
2019-01-30,policy_stance_shift,2019-01-15,-9,0.035811182111501694
2019-01-30,policy_stance_shift,2019-01-16,-8,0.03588242083787918
2019-01-30,policy_stance_shift,2019-01-17,-7,0.03863789513707161
2019-01-30,policy_stance_shift,2019-01-18,-6,0.03464585542678833
2019-01-30,policy_stance_shift,2019-01-22,-5,0.04033119976520538
2019-01-30,policy_stance_shift,2019-01-23,-4,0.03263526409864426
2019-01-30,policy_stance_shift,2019-01-24,-3,0.03750234842300415
2019-01-30,policy_stance_shift,2019-01-25,-2,0.034798212349414825
2019-01-30,policy_stance_shift,2019-01-28,-1,0.03669707849621773
2019-01-30,policy_stance_shift,2019-01-29,0,0.041626349091529846
2019-01-30,expected_rate_path_shift,2018-12-20,-25,0.04068514704704285
2019-01-30,expected_rate_path_shift,2018-12-21,-24,0.04043556749820709
2019-01-30,expected_rate_path_shift,2018-12-24,-23,0.04018329083919525
2019-01-30,expected_rate_path_shift,2018-12-26,-22,0.0391799733042717
2019-01-30,expected_rate_path_shift,2018-12-27,-21,0.04456204175949097
2019-01-30,expected_rate_path_shift,2018-12-28,-20,0.04145359992980957
2019-01-30,expected_rate_path_shift,2018-12-31,-19,0.038397446274757385
2019-01-30,expected_rate_path_shift,2019-01-02,-18,0.03815954178571701
2019-01-30,expected_rate_path_shift,2019-01-03,-17,0.045046187937259674
2019-01-30,expected_rate_path_shift,2019-01-04,-16,0.03274216875433922
2019-01-30,expected_rate_path_shift,2019-01-07,-15,0.04283973574638367
2019-01-30,expected_rate_path_shift,2019-01-08,-14,0.040562812238931656
2019-01-30,expected_rate_path_shift,2019-01-09,-13,0.039117250591516495
2019-01-30,expected_rate_path_shift,2019-01-10,-12,0.0356975682079792
2019-01-30,expected_rate_path_shift,2019-01-11,-11,0.03765018656849861
2019-01-30,expected_rate_path_shift,2019-01-14,-10,0.035961177200078964
2019-01-30,expected_rate_path_shift,2019-01-15,-9,0.03539947047829628
2019-01-30,expected_rate_path_shift,2019-01-16,-8,0.03560888022184372
2019-01-30,expected_rate_path_shift,2019-01-17,-7,0.037998806685209274
2019-01-30,expected_rate_path_shift,2019-01-18,-6,0.034656137228012085
2019-01-30,expected_rate_path_shift,2019-01-22,-5,0.040177877992391586
2019-01-30,expected_rate_path_shift,2019-01-23,-4,0.032771266996860504
2019-01-30,expected_rate_path_shift,2019-01-24,-3,0.03758488968014717
2019-01-30,expected_rate_path_shift,2019-01-25,-2,0.034860190004110336
2019-01-30,expected_rate_path_shift,2019-01-28,-1,0.0366552472114563
2019-01-30,expected_rate_path_shift,2019-01-29,0,0.04161358252167702
2019-01-30,inflation_assessment_shift,2018-12-20,-25,0.03946913778781891
2019-01-30,inflation_assessment_shift,2018-12-21,-24,0.03970005735754967
2019-01-30,inflation_assessment_shift,2018-12-24,-23,0.04017365351319313
2019-01-30,inflation_assessment_shift,2018-12-26,-22,0.0386166125535965
2019-01-30,inflation_assessment_shift,2018-12-27,-21,0.04419317841529846
2019-01-30,inflation_assessment_shift,2018-12-28,-20,0.0408899188041687
2019-01-30,inflation_assessment_shift,2018-12-31,-19,0.03778906166553497
2019-01-30,inflation_assessment_shift,2019-01-02,-18,0.03799239546060562
2019-01-30,inflation_assessment_shift,2019-01-03,-17,0.04882242903113365
2019-01-30,inflation_assessment_shift,2019-01-04,-16,0.03277663514018059
2019-01-30,inflation_assessment_shift,2019-01-07,-15,0.04407432675361633
2019-01-30,inflation_assessment_shift,2019-01-08,-14,0.040854066610336304
2019-01-30,inflation_assessment_shift,2019-01-09,-13,0.038773082196712494
2019-01-30,inflation_assessment_shift,2019-01-10,-12,0.03521467372775078
2019-01-30,inflation_assessment_shift,2019-01-11,-11,0.037880174815654755
2019-01-30,inflation_assessment_shift,2019-01-14,-10,0.036066316068172455
2019-01-30,inflation_assessment_shift,2019-01-15,-9,0.03575710952281952
2019-01-30,inflation_assessment_shift,2019-01-16,-8,0.03612356632947922
2019-01-30,inflation_assessment_shift,2019-01-17,-7,0.0388508141040802
2019-01-30,inflation_assessment_shift,2019-01-18,-6,0.0337272472679615
2019-01-30,inflation_assessment_shift,2019-01-22,-5,0.040867507457733154
2019-01-30,inflation_assessment_shift,2019-01-23,-4,0.03232965245842934
2019-01-30,inflation_assessment_shift,2019-01-24,-3,0.0385114960372448
2019-01-30,inflation_assessment_shift,2019-01-25,-2,0.033333588391542435
2019-01-30,inflation_assessment_shift,2019-01-28,-1,0.036314792931079865
2019-01-30,inflation_assessment_shift,2019-01-29,0,0.040898486971855164
2019-01-30,inflation_risk_shift,2018-12-20,-25,0.04115381836891174
2019-01-30,inflation_risk_shift,2018-12-21,-24,0.040524113923311234
2019-01-30,inflation_risk_shift,2018-12-24,-23,0.04021269083023071
2019-01-30,inflation_risk_shift,2018-12-26,-22,0.03906864672899246
2019-01-30,inflation_risk_shift,2018-12-27,-21,0.0445241741836071
2019-01-30,inflation_risk_shift,2018-12-28,-20,0.0414201095700264
2019-01-30,inflation_risk_shift,2018-12-31,-19,0.03834664821624756
2019-01-30,inflation_risk_shift,2019-01-02,-18,0.037931978702545166
2019-01-30,inflation_risk_shift,2019-01-03,-17,0.043924473226070404
2019-01-30,inflation_risk_shift,2019-01-04,-16,0.032811980694532394
2019-01-30,inflation_risk_shift,2019-01-07,-15,0.042370982468128204
2019-01-30,inflation_risk_shift,2019-01-08,-14,0.0402100533246994
2019-01-30,inflation_risk_shift,2019-01-09,-13,0.039167918264865875
2019-01-30,inflation_risk_shift,2019-01-10,-12,0.0360630564391613
2019-01-30,inflation_risk_shift,2019-01-11,-11,0.037661828100681305
2019-01-30,inflation_risk_shift,2019-01-14,-10,0.03607683628797531
2019-01-30,inflation_risk_shift,2019-01-15,-9,0.03562980890274048
2019-01-30,inflation_risk_shift,2019-01-16,-8,0.03564229607582092
2019-01-30,inflation_risk_shift,2019-01-17,-7,0.03806134685873985
2019-01-30,inflation_risk_shift,2019-01-18,-6,0.03500639647245407
2019-01-30,inflation_risk_shift,2019-01-22,-5,0.04014024883508682
2019-01-30,inflation_risk_shift,2019-01-23,-4,0.03286716341972351
2019-01-30,inflation_risk_shift,2019-01-24,-3,0.03737037628889084
2019-01-30,inflation_risk_shift,2019-01-25,-2,0.035498544573783875
2019-01-30,inflation_risk_shift,2019-01-28,-1,0.036670662462711334
2019-01-30,inflation_risk_shift,2019-01-29,0,0.041643887758255005
2019-01-30,unemployment_assessment_shift,2018-12-20,-25,0.03946808725595474
2019-01-30,unemployment_assessment_shift,2018-12-21,-24,0.03935951367020607
2019-01-30,unemployment_assessment_shift,2018-12-24,-23,0.04119141772389412
2019-01-30,unemployment_assessment_shift,2018-12-26,-22,0.03971194475889206
2019-01-30,unemployment_assessment_shift,2018-12-27,-21,0.04323359206318855
2019-01-30,unemployment_assessment_shift,2018-12-28,-20,0.04050033539533615
2019-01-30,unemployment_assessment_shift,2018-12-31,-19,0.0377989299595356
2019-01-30,unemployment_assessment_shift,2019-01-02,-18,0.037849824875593185
2019-01-30,unemployment_assessment_shift,2019-01-03,-17,0.05113383010029793
2019-01-30,unemployment_assessment_shift,2019-01-04,-16,0.034690216183662415
2019-01-30,unemployment_assessment_shift,2019-01-07,-15,0.04391419515013695
2019-01-30,unemployment_assessment_shift,2019-01-08,-14,0.04190899059176445
2019-01-30,unemployment_assessment_shift,2019-01-09,-13,0.03826040402054787
2019-01-30,unemployment_assessment_shift,2019-01-10,-12,0.03456433117389679
2019-01-30,unemployment_assessment_shift,2019-01-11,-11,0.03770160675048828
2019-01-30,unemployment_assessment_shift,2019-01-14,-10,0.03583504259586334
2019-01-30,unemployment_assessment_shift,2019-01-15,-9,0.03611884266138077
2019-01-30,unemployment_assessment_shift,2019-01-16,-8,0.03650376945734024
2019-01-30,unemployment_assessment_shift,2019-01-17,-7,0.037731945514678955
2019-01-30,unemployment_assessment_shift,2019-01-18,-6,0.03333359584212303
2019-01-30,unemployment_assessment_shift,2019-01-22,-5,0.03962075710296631
2019-01-30,unemployment_assessment_shift,2019-01-23,-4,0.0332176610827446
2019-01-30,unemployment_assessment_shift,2019-01-24,-3,0.038799092173576355
2019-01-30,unemployment_assessment_shift,2019-01-25,-2,0.032189153134822845
2019-01-30,unemployment_assessment_shift,2019-01-28,-1,0.03635123372077942
2019-01-30,unemployment_assessment_shift,2019-01-29,0,0.03901168704032898
2019-01-30,labor_market_risk_shift,2018-12-20,-25,0.04090384393930435
2019-01-30,labor_market_risk_shift,2018-12-21,-24,0.0404709056019783
2019-01-30,labor_market_risk_shift,2018-12-24,-23,0.04017931595444679
2019-01-30,labor_market_risk_shift,2018-12-26,-22,0.039158545434474945
2019-01-30,labor_market_risk_shift,2018-12-27,-21,0.04434588551521301
2019-01-30,labor_market_risk_shift,2018-12-28,-20,0.04105888307094574
2019-01-30,labor_market_risk_shift,2018-12-31,-19,0.03808378055691719
2019-01-30,labor_market_risk_shift,2019-01-02,-18,0.03808782994747162
2019-01-30,labor_market_risk_shift,2019-01-03,-17,0.04489779472351074
2019-01-30,labor_market_risk_shift,2019-01-04,-16,0.032808735966682434
2019-01-30,labor_market_risk_shift,2019-01-07,-15,0.04266198351979256
2019-01-30,labor_market_risk_shift,2019-01-08,-14,0.04063465818762779
2019-01-30,labor_market_risk_shift,2019-01-09,-13,0.03873012214899063
2019-01-30,labor_market_risk_shift,2019-01-10,-12,0.03531498461961746
2019-01-30,labor_market_risk_shift,2019-01-11,-11,0.03747810423374176
2019-01-30,labor_market_risk_shift,2019-01-14,-10,0.036030784249305725
2019-01-30,labor_market_risk_shift,2019-01-15,-9,0.03596873581409454
2019-01-30,labor_market_risk_shift,2019-01-16,-8,0.03598420321941376
2019-01-30,labor_market_risk_shift,2019-01-17,-7,0.03816021978855133
2019-01-30,labor_market_risk_shift,2019-01-18,-6,0.03508701175451279
2019-01-30,labor_market_risk_shift,2019-01-22,-5,0.04009126126766205
2019-01-30,labor_market_risk_shift,2019-01-23,-4,0.03290535509586334
2019-01-30,labor_market_risk_shift,2019-01-24,-3,0.03750736266374588
2019-01-30,labor_market_risk_shift,2019-01-25,-2,0.03475990146398544
2019-01-30,labor_market_risk_shift,2019-01-28,-1,0.03714462369680405
2019-01-30,labor_market_risk_shift,2019-01-29,0,0.04154519736766815
2019-01-30,growth_activity_shift,2018-12-20,-25,0.04027523100376129
2019-01-30,growth_activity_shift,2018-12-21,-24,0.04010431468486786
2019-01-30,growth_activity_shift,2018-12-24,-23,0.04062052443623543
2019-01-30,growth_activity_shift,2018-12-26,-22,0.039227232336997986
2019-01-30,growth_activity_shift,2018-12-27,-21,0.04444974288344383
2019-01-30,growth_activity_shift,2018-12-28,-20,0.04138080030679703
2019-01-30,growth_activity_shift,2018-12-31,-19,0.03784800320863724
2019-01-30,growth_activity_shift,2019-01-02,-18,0.03787641227245331
2019-01-30,growth_activity_shift,2019-01-03,-17,0.0470612458884716
2019-01-30,growth_activity_shift,2019-01-04,-16,0.03249112889170647
2019-01-30,growth_activity_shift,2019-01-07,-15,0.043413907289505005
2019-01-30,growth_activity_shift,2019-01-08,-14,0.04129400849342346
2019-01-30,growth_activity_shift,2019-01-09,-13,0.03926962614059448
2019-01-30,growth_activity_shift,2019-01-10,-12,0.03523877635598183
2019-01-30,growth_activity_shift,2019-01-11,-11,0.03773680329322815
2019-01-30,growth_activity_shift,2019-01-14,-10,0.0355210155248642
2019-01-30,growth_activity_shift,2019-01-15,-9,0.03531746566295624
2019-01-30,growth_activity_shift,2019-01-16,-8,0.035704560577869415
2019-01-30,growth_activity_shift,2019-01-17,-7,0.03799255192279816
2019-01-30,growth_activity_shift,2019-01-18,-6,0.03416633605957031
2019-01-30,growth_activity_shift,2019-01-22,-5,0.040734682232141495
2019-01-30,growth_activity_shift,2019-01-23,-4,0.0325094535946846
2019-01-30,growth_activity_shift,2019-01-24,-3,0.037980832159519196
2019-01-30,growth_activity_shift,2019-01-25,-2,0.033635981380939484
2019-01-30,growth_activity_shift,2019-01-28,-1,0.03670613095164299
2019-01-30,growth_activity_shift,2019-01-29,0,0.04144319146871567
2019-01-30,financial_conditions_shift,2018-12-20,-25,0.036830976605415344
2019-01-30,financial_conditions_shift,2018-12-21,-24,0.03679024055600166
2019-01-30,financial_conditions_shift,2018-12-24,-23,0.03904362767934799
2019-01-30,financial_conditions_shift,2018-12-26,-22,0.03869008272886276
2019-01-30,financial_conditions_shift,2018-12-27,-21,0.03876490890979767
2019-01-30,financial_conditions_shift,2018-12-28,-20,0.037431709468364716
2019-01-30,financial_conditions_shift,2018-12-31,-19,0.03713676333427429
2019-01-30,financial_conditions_shift,2019-01-02,-18,0.03758646547794342
2019-01-30,financial_conditions_shift,2019-01-03,-17,0.04712730273604393
2019-01-30,financial_conditions_shift,2019-01-04,-16,0.038118042051792145
2019-01-30,financial_conditions_shift,2019-01-07,-15,0.04191390797495842
2019-01-30,financial_conditions_shift,2019-01-08,-14,0.040972113609313965
2019-01-30,financial_conditions_shift,2019-01-09,-13,0.038234349340200424
2019-01-30,financial_conditions_shift,2019-01-10,-12,0.035603780299425125
2019-01-30,financial_conditions_shift,2019-01-11,-11,0.03939720243215561
2019-01-30,financial_conditions_shift,2019-01-14,-10,0.038151826709508896
2019-01-30,financial_conditions_shift,2019-01-15,-9,0.038866084069013596
2019-01-30,financial_conditions_shift,2019-01-16,-8,0.039030320942401886
2019-01-30,financial_conditions_shift,2019-01-17,-7,0.03794535994529724
2019-01-30,financial_conditions_shift,2019-01-18,-6,0.03529172018170357
2019-01-30,financial_conditions_shift,2019-01-22,-5,0.039248477667570114
2019-01-30,financial_conditions_shift,2019-01-23,-4,0.038056548684835434
2019-01-30,financial_conditions_shift,2019-01-24,-3,0.04138626903295517
2019-01-30,financial_conditions_shift,2019-01-25,-2,0.03353431820869446
2019-01-30,financial_conditions_shift,2019-01-28,-1,0.03787561506032944
2019-01-30,financial_conditions_shift,2019-01-29,0,0.036971963942050934
2019-01-30,balance_sheet_policy_shift,2018-12-20,-25,0.0407915860414505
2019-01-30,balance_sheet_policy_shift,2018-12-21,-24,0.04031890258193016
2019-01-30,balance_sheet_policy_shift,2018-12-24,-23,0.040106914937496185
2019-01-30,balance_sheet_policy_shift,2018-12-26,-22,0.03905770927667618
2019-01-30,balance_sheet_policy_shift,2018-12-27,-21,0.044829562306404114
2019-01-30,balance_sheet_policy_shift,2018-12-28,-20,0.041635312139987946
2019-01-30,balance_sheet_policy_shift,2018-12-31,-19,0.03831849619746208
2019-01-30,balance_sheet_policy_shift,2019-01-02,-18,0.038180697709321976
2019-01-30,balance_sheet_policy_shift,2019-01-03,-17,0.045884642750024796
2019-01-30,balance_sheet_policy_shift,2019-01-04,-16,0.03246789053082466
2019-01-30,balance_sheet_policy_shift,2019-01-07,-15,0.04327341914176941
2019-01-30,balance_sheet_policy_shift,2019-01-08,-14,0.040800824761390686
2019-01-30,balance_sheet_policy_shift,2019-01-09,-13,0.03908323869109154
2019-01-30,balance_sheet_policy_shift,2019-01-10,-12,0.035429514944553375
2019-01-30,balance_sheet_policy_shift,2019-01-11,-11,0.03751730918884277
2019-01-30,balance_sheet_policy_shift,2019-01-14,-10,0.03590190410614014
2019-01-30,balance_sheet_policy_shift,2019-01-15,-9,0.03535234555602074
2019-01-30,balance_sheet_policy_shift,2019-01-16,-8,0.035515446215867996
2019-01-30,balance_sheet_policy_shift,2019-01-17,-7,0.03796970099210739
2019-01-30,balance_sheet_policy_shift,2019-01-18,-6,0.034377530217170715
2019-01-30,balance_sheet_policy_shift,2019-01-22,-5,0.0403607003390789
2019-01-30,balance_sheet_policy_shift,2019-01-23,-4,0.03233777731657028
2019-01-30,balance_sheet_policy_shift,2019-01-24,-3,0.03734539449214935
2019-01-30,balance_sheet_policy_shift,2019-01-25,-2,0.03455796837806702
2019-01-30,balance_sheet_policy_shift,2019-01-28,-1,0.03651772439479828
2019-01-30,balance_sheet_policy_shift,2019-01-29,0,0.042067449539899826
2019-01-30,risk_balance_shift,2018-12-20,-25,0.0409352071583271
2019-01-30,risk_balance_shift,2018-12-21,-24,0.040476977825164795
2019-01-30,risk_balance_shift,2018-12-24,-23,0.0401153638958931
2019-01-30,risk_balance_shift,2018-12-26,-22,0.039183273911476135
2019-01-30,risk_balance_shift,2018-12-27,-21,0.044624149799346924
2019-01-30,risk_balance_shift,2018-12-28,-20,0.04132311791181564
2019-01-30,risk_balance_shift,2018-12-31,-19,0.038373976945877075
2019-01-30,risk_balance_shift,2019-01-02,-18,0.03829072788357735
2019-01-30,risk_balance_shift,2019-01-03,-17,0.045361198484897614
2019-01-30,risk_balance_shift,2019-01-04,-16,0.032579537481069565
2019-01-30,risk_balance_shift,2019-01-07,-15,0.042858608067035675
2019-01-30,risk_balance_shift,2019-01-08,-14,0.040270108729600906
2019-01-30,risk_balance_shift,2019-01-09,-13,0.03900301456451416
2019-01-30,risk_balance_shift,2019-01-10,-12,0.035492461174726486
2019-01-30,risk_balance_shift,2019-01-11,-11,0.037397097796201706
2019-01-30,risk_balance_shift,2019-01-14,-10,0.03571097180247307
2019-01-30,risk_balance_shift,2019-01-15,-9,0.03546745330095291
2019-01-30,risk_balance_shift,2019-01-16,-8,0.03558368235826492
2019-01-30,risk_balance_shift,2019-01-17,-7,0.03799636662006378
2019-01-30,risk_balance_shift,2019-01-18,-6,0.034758202731609344
2019-01-30,risk_balance_shift,2019-01-22,-5,0.040508151054382324
2019-01-30,risk_balance_shift,2019-01-23,-4,0.03263220936059952
2019-01-30,risk_balance_shift,2019-01-24,-3,0.03735402971506119
2019-01-30,risk_balance_shift,2019-01-25,-2,0.03467778116464615
2019-01-30,risk_balance_shift,2019-01-28,-1,0.03698757290840149
2019-01-30,risk_balance_shift,2019-01-29,0,0.042038775980472565
2019-01-30,committee_dispersion,2018-12-20,-25,0.03647883981466293
2019-01-30,committee_dispersion,2018-12-21,-24,0.03738611936569214
2019-01-30,committee_dispersion,2018-12-24,-23,0.04031934589147568
2019-01-30,committee_dispersion,2018-12-26,-22,0.0378556028008461
2019-01-30,committee_dispersion,2018-12-27,-21,0.03876222297549248
2019-01-30,committee_dispersion,2018-12-28,-20,0.03822704404592514
2019-01-30,committee_dispersion,2018-12-31,-19,0.03660610318183899
2019-01-30,committee_dispersion,2019-01-02,-18,0.03673866391181946
2019-01-30,committee_dispersion,2019-01-03,-17,0.04986926168203354
2019-01-30,committee_dispersion,2019-01-04,-16,0.0379386842250824
2019-01-30,committee_dispersion,2019-01-07,-15,0.0419485978782177
2019-01-30,committee_dispersion,2019-01-08,-14,0.041071753948926926
2019-01-30,committee_dispersion,2019-01-09,-13,0.03810007870197296
2019-01-30,committee_dispersion,2019-01-10,-12,0.035505786538124084
2019-01-30,committee_dispersion,2019-01-11,-11,0.03884373605251312
2019-01-30,committee_dispersion,2019-01-14,-10,0.038411013782024384
2019-01-30,committee_dispersion,2019-01-15,-9,0.039458271116018295
2019-01-30,committee_dispersion,2019-01-16,-8,0.03937750309705734
2019-01-30,committee_dispersion,2019-01-17,-7,0.03960219398140907
2019-01-30,committee_dispersion,2019-01-18,-6,0.03498470038175583
2019-01-30,committee_dispersion,2019-01-22,-5,0.03942783921957016
2019-01-30,committee_dispersion,2019-01-23,-4,0.03672085702419281
2019-01-30,committee_dispersion,2019-01-24,-3,0.0404587984085083
2019-01-30,committee_dispersion,2019-01-25,-2,0.03266270086169243
2019-01-30,committee_dispersion,2019-01-28,-1,0.036757342517375946
2019-01-30,committee_dispersion,2019-01-29,0,0.0364869050681591
2019-01-30,policy_uncertainty,2018-12-20,-25,0.03555777296423912
2019-01-30,policy_uncertainty,2018-12-21,-24,0.036556389182806015
2019-01-30,policy_uncertainty,2018-12-24,-23,0.038563184440135956
2019-01-30,policy_uncertainty,2018-12-26,-22,0.037785887718200684
2019-01-30,policy_uncertainty,2018-12-27,-21,0.035799987614154816
2019-01-30,policy_uncertainty,2018-12-28,-20,0.03646906465291977
2019-01-30,policy_uncertainty,2018-12-31,-19,0.03668959438800812
2019-01-30,policy_uncertainty,2019-01-02,-18,0.03705979883670807
2019-01-30,policy_uncertainty,2019-01-03,-17,0.045041754841804504
2019-01-30,policy_uncertainty,2019-01-04,-16,0.04175633564591408
2019-01-30,policy_uncertainty,2019-01-07,-15,0.04056043177843094
2019-01-30,policy_uncertainty,2019-01-08,-14,0.04039366915822029
2019-01-30,policy_uncertainty,2019-01-09,-13,0.03818107396364212
2019-01-30,policy_uncertainty,2019-01-10,-12,0.03695189952850342
2019-01-30,policy_uncertainty,2019-01-11,-11,0.03945685178041458
2019-01-30,policy_uncertainty,2019-01-14,-10,0.03894011303782463
2019-01-30,policy_uncertainty,2019-01-15,-9,0.039887167513370514
2019-01-30,policy_uncertainty,2019-01-16,-8,0.04046713188290596
2019-01-30,policy_uncertainty,2019-01-17,-7,0.03937927260994911
2019-01-30,policy_uncertainty,2019-01-18,-6,0.036826249212026596
2019-01-30,policy_uncertainty,2019-01-22,-5,0.03844950720667839
2019-01-30,policy_uncertainty,2019-01-23,-4,0.04007962346076965
2019-01-30,policy_uncertainty,2019-01-24,-3,0.04088783636689186
2019-01-30,policy_uncertainty,2019-01-25,-2,0.0352388396859169
2019-01-30,policy_uncertainty,2019-01-28,-1,0.03815970569849014
2019-01-30,policy_uncertainty,2019-01-29,0,0.03486082702875137
2019-01-30,forward_guidance_strength,2018-12-20,-25,0.04085782915353775
2019-01-30,forward_guidance_strength,2018-12-21,-24,0.040702205151319504
2019-01-30,forward_guidance_strength,2018-12-24,-23,0.040530454367399216
2019-01-30,forward_guidance_strength,2018-12-26,-22,0.03984870761632919
2019-01-30,forward_guidance_strength,2018-12-27,-21,0.04464053735136986
2019-01-30,forward_guidance_strength,2018-12-28,-20,0.04108230769634247
2019-01-30,forward_guidance_strength,2018-12-31,-19,0.03793509304523468
2019-01-30,forward_guidance_strength,2019-01-02,-18,0.03830257058143616
2019-01-30,forward_guidance_strength,2019-01-03,-17,0.046399977058172226
2019-01-30,forward_guidance_strength,2019-01-04,-16,0.03316385671496391
2019-01-30,forward_guidance_strength,2019-01-07,-15,0.043523915112018585
2019-01-30,forward_guidance_strength,2019-01-08,-14,0.041160114109516144
2019-01-30,forward_guidance_strength,2019-01-09,-13,0.03858349099755287
2019-01-30,forward_guidance_strength,2019-01-10,-12,0.03455619886517525
2019-01-30,forward_guidance_strength,2019-01-11,-11,0.03711872175335884
2019-01-30,forward_guidance_strength,2019-01-14,-10,0.0355275459587574
2019-01-30,forward_guidance_strength,2019-01-15,-9,0.03554758056998253
2019-01-30,forward_guidance_strength,2019-01-16,-8,0.03612726181745529
2019-01-30,forward_guidance_strength,2019-01-17,-7,0.038199495524168015
2019-01-30,forward_guidance_strength,2019-01-18,-6,0.034105222672224045
2019-01-30,forward_guidance_strength,2019-01-22,-5,0.0401046983897686
2019-01-30,forward_guidance_strength,2019-01-23,-4,0.0323316752910614
2019-01-30,forward_guidance_strength,2019-01-24,-3,0.0375518761575222
2019-01-30,forward_guidance_strength,2019-01-25,-2,0.033662013709545135
2019-01-30,forward_guidance_strength,2019-01-28,-1,0.03697545453906059
2019-01-30,forward_guidance_strength,2019-01-29,0,0.04146118834614754
2019-03-20,rate_decision,2019-01-31,-32,0.03093496337532997
2019-03-20,rate_decision,2019-02-01,-31,0.03172611445188522
2019-03-20,rate_decision,2019-02-04,-30,0.031304892152547836
2019-03-20,rate_decision,2019-02-05,-29,0.03232651203870773
2019-03-20,rate_decision,2019-02-06,-28,0.031670942902565
2019-03-20,rate_decision,2019-02-07,-27,0.03150410205125809
2019-03-20,rate_decision,2019-02-08,-26,0.03039982169866562
2019-03-20,rate_decision,2019-02-11,-25,0.027430251240730286
2019-03-20,rate_decision,2019-02-12,-24,0.029184728860855103
2019-03-20,rate_decision,2019-02-13,-23,0.028442319482564926
2019-03-20,rate_decision,2019-02-14,-22,0.031336460262537
2019-03-20,rate_decision,2019-02-15,-21,0.027353666722774506
2019-03-20,rate_decision,2019-02-19,-20,0.029483355581760406
2019-03-20,rate_decision,2019-02-20,-19,0.028358250856399536
2019-03-20,rate_decision,2019-02-21,-18,0.027751384302973747
2019-03-20,rate_decision,2019-02-22,-17,0.028426043689250946
2019-03-20,rate_decision,2019-02-25,-16,0.025507986545562744
2019-03-20,rate_decision,2019-02-26,-15,0.029269155114889145
2019-03-20,rate_decision,2019-02-27,-14,0.02836645022034645
2019-03-20,rate_decision,2019-02-28,-13,0.03449186682701111
2019-03-20,rate_decision,2019-03-01,-12,0.03257807344198227
2019-03-20,rate_decision,2019-03-04,-11,0.034529853612184525
2019-03-20,rate_decision,2019-03-05,-10,0.032910075038671494
2019-03-20,rate_decision,2019-03-06,-9,0.03295502811670303
2019-03-20,rate_decision,2019-03-07,-8,0.03325635939836502
2019-03-20,rate_decision,2019-03-08,-7,0.03114117681980133
2019-03-20,rate_decision,2019-03-11,-6,0.029003702104091644
2019-03-20,rate_decision,2019-03-12,-5,0.02899814024567604
2019-03-20,rate_decision,2019-03-13,-4,0.0281326062977314
2019-03-20,rate_decision,2019-03-14,-3,0.02967289462685585
2019-03-20,rate_decision,2019-03-15,-2,0.029942438006401062
2019-03-20,rate_decision,2019-03-18,-1,0.02872372791171074
2019-03-20,rate_decision,2019-03-19,0,0.032886650413274765
2019-03-20,current_policy_stance,2019-01-31,-32,0.03496324270963669
2019-03-20,current_policy_stance,2019-02-01,-31,0.027846965938806534
2019-03-20,current_policy_stance,2019-02-04,-30,0.02714713290333748
2019-03-20,current_policy_stance,2019-02-05,-29,0.02788379415869713
2019-03-20,current_policy_stance,2019-02-06,-28,0.030103106051683426
2019-03-20,current_policy_stance,2019-02-07,-27,0.030696183443069458
2019-03-20,current_policy_stance,2019-02-08,-26,0.03805535286664963
2019-03-20,current_policy_stance,2019-02-11,-25,0.03537478297948837
2019-03-20,current_policy_stance,2019-02-12,-24,0.03400033339858055
2019-03-20,current_policy_stance,2019-02-13,-23,0.02816099114716053
2019-03-20,current_policy_stance,2019-02-14,-22,0.03128071874380112
2019-03-20,current_policy_stance,2019-02-15,-21,0.031452473253011703
2019-03-20,current_policy_stance,2019-02-19,-20,0.03281817585229874
2019-03-20,current_policy_stance,2019-02-20,-19,0.03536181524395943
2019-03-20,current_policy_stance,2019-02-21,-18,0.02994358167052269
2019-03-20,current_policy_stance,2019-02-22,-17,0.032366182655096054
2019-03-20,current_policy_stance,2019-02-25,-16,0.03161976486444473
2019-03-20,current_policy_stance,2019-02-26,-15,0.03378710150718689
2019-03-20,current_policy_stance,2019-02-27,-14,0.030245617032051086
2019-03-20,current_policy_stance,2019-02-28,-13,0.028464127331972122
2019-03-20,current_policy_stance,2019-03-01,-12,0.025678278878331184
2019-03-20,current_policy_stance,2019-03-04,-11,0.027627846226096153
2019-03-20,current_policy_stance,2019-03-05,-10,0.027717817574739456
2019-03-20,current_policy_stance,2019-03-06,-9,0.028539100661873817
2019-03-20,current_policy_stance,2019-03-07,-8,0.02830139920115471
2019-03-20,current_policy_stance,2019-03-08,-7,0.02977510169148445
2019-03-20,current_policy_stance,2019-03-11,-6,0.02738140895962715
2019-03-20,current_policy_stance,2019-03-12,-5,0.02892228215932846
2019-03-20,current_policy_stance,2019-03-13,-4,0.028711427003145218
2019-03-20,current_policy_stance,2019-03-14,-3,0.028484564274549484
2019-03-20,current_policy_stance,2019-03-15,-2,0.027954552322626114
2019-03-20,current_policy_stance,2019-03-18,-1,0.030183175578713417
2019-03-20,current_policy_stance,2019-03-19,0,0.02915155701339245
2019-03-20,policy_stance_shift,2019-01-31,-32,0.035792943090200424
2019-03-20,policy_stance_shift,2019-02-01,-31,0.02914406917989254
2019-03-20,policy_stance_shift,2019-02-04,-30,0.029867466539144516
2019-03-20,policy_stance_shift,2019-02-05,-29,0.03236043080687523
2019-03-20,policy_stance_shift,2019-02-06,-28,0.029878929257392883
2019-03-20,policy_stance_shift,2019-02-07,-27,0.031955964863300323
2019-03-20,policy_stance_shift,2019-02-08,-26,0.03565672039985657
2019-03-20,policy_stance_shift,2019-02-11,-25,0.030902199447155
2019-03-20,policy_stance_shift,2019-02-12,-24,0.03358231484889984
2019-03-20,policy_stance_shift,2019-02-13,-23,0.028961515054106712
2019-03-20,policy_stance_shift,2019-02-14,-22,0.032714005559682846
2019-03-20,policy_stance_shift,2019-02-15,-21,0.02782551385462284
2019-03-20,policy_stance_shift,2019-02-19,-20,0.031417977064847946
2019-03-20,policy_stance_shift,2019-02-20,-19,0.029063913971185684
2019-03-20,policy_stance_shift,2019-02-21,-18,0.02682744525372982
2019-03-20,policy_stance_shift,2019-02-22,-17,0.03113890066742897
2019-03-20,policy_stance_shift,2019-02-25,-16,0.028433507308363914
2019-03-20,policy_stance_shift,2019-02-26,-15,0.03233274817466736
2019-03-20,policy_stance_shift,2019-02-27,-14,0.028368927538394928
2019-03-20,policy_stance_shift,2019-02-28,-13,0.03037809208035469
2019-03-20,policy_stance_shift,2019-03-01,-12,0.027430972084403038
2019-03-20,policy_stance_shift,2019-03-04,-11,0.030215350911021233
2019-03-20,policy_stance_shift,2019-03-05,-10,0.028914675116539
2019-03-20,policy_stance_shift,2019-03-06,-9,0.03002201020717621
2019-03-20,policy_stance_shift,2019-03-07,-8,0.03039109893143177
2019-03-20,policy_stance_shift,2019-03-08,-7,0.030014799907803535
2019-03-20,policy_stance_shift,2019-03-11,-6,0.029613779857754707
2019-03-20,policy_stance_shift,2019-03-12,-5,0.031244181096553802
2019-03-20,policy_stance_shift,2019-03-13,-4,0.02905230224132538
2019-03-20,policy_stance_shift,2019-03-14,-3,0.030092772096395493
2019-03-20,policy_stance_shift,2019-03-15,-2,0.03037550300359726
2019-03-20,policy_stance_shift,2019-03-18,-1,0.027791842818260193
2019-03-20,policy_stance_shift,2019-03-19,0,0.02823711559176445
2019-03-20,expected_rate_path_shift,2019-01-31,-32,0.03559727966785431
2019-03-20,expected_rate_path_shift,2019-02-01,-31,0.029940972104668617
2019-03-20,expected_rate_path_shift,2019-02-04,-30,0.031861595809459686
2019-03-20,expected_rate_path_shift,2019-02-05,-29,0.034436777234077454
2019-03-20,expected_rate_path_shift,2019-02-06,-28,0.03067084401845932
2019-03-20,expected_rate_path_shift,2019-02-07,-27,0.0325591005384922
2019-03-20,expected_rate_path_shift,2019-02-08,-26,0.033593736588954926
2019-03-20,expected_rate_path_shift,2019-02-11,-25,0.028820859268307686
2019-03-20,expected_rate_path_shift,2019-02-12,-24,0.031890179961919785
2019-03-20,expected_rate_path_shift,2019-02-13,-23,0.02958604320883751
2019-03-20,expected_rate_path_shift,2019-02-14,-22,0.03345554322004318
2019-03-20,expected_rate_path_shift,2019-02-15,-21,0.027088642120361328
2019-03-20,expected_rate_path_shift,2019-02-19,-20,0.031050128862261772
2019-03-20,expected_rate_path_shift,2019-02-20,-19,0.026695463806390762
2019-03-20,expected_rate_path_shift,2019-02-21,-18,0.026350202038884163
2019-03-20,expected_rate_path_shift,2019-02-22,-17,0.03024858422577381
2019-03-20,expected_rate_path_shift,2019-02-25,-16,0.027131114155054092
2019-03-20,expected_rate_path_shift,2019-02-26,-15,0.030675888061523438
2019-03-20,expected_rate_path_shift,2019-02-27,-14,0.027235964313149452
2019-03-20,expected_rate_path_shift,2019-02-28,-13,0.030170680955052376
2019-03-20,expected_rate_path_shift,2019-03-01,-12,0.028165895491838455
2019-03-20,expected_rate_path_shift,2019-03-04,-11,0.031726568937301636
2019-03-20,expected_rate_path_shift,2019-03-05,-10,0.030085036531090736
2019-03-20,expected_rate_path_shift,2019-03-06,-9,0.03109637275338173
2019-03-20,expected_rate_path_shift,2019-03-07,-8,0.031371958553791046
2019-03-20,expected_rate_path_shift,2019-03-08,-7,0.030173733830451965
2019-03-20,expected_rate_path_shift,2019-03-11,-6,0.030972344800829887
2019-03-20,expected_rate_path_shift,2019-03-12,-5,0.03217508643865585
2019-03-20,expected_rate_path_shift,2019-03-13,-4,0.02938562072813511
2019-03-20,expected_rate_path_shift,2019-03-14,-3,0.03061819076538086
2019-03-20,expected_rate_path_shift,2019-03-15,-2,0.030979154631495476
2019-03-20,expected_rate_path_shift,2019-03-18,-1,0.026556385681033134
2019-03-20,expected_rate_path_shift,2019-03-19,0,0.027634065598249435
2019-03-20,inflation_assessment_shift,2019-01-31,-32,0.03656071424484253
2019-03-20,inflation_assessment_shift,2019-02-01,-31,0.029391448944807053
2019-03-20,inflation_assessment_shift,2019-02-04,-30,0.031526193022727966
2019-03-20,inflation_assessment_shift,2019-02-05,-29,0.03389499709010124
2019-03-20,inflation_assessment_shift,2019-02-06,-28,0.030114416033029556
2019-03-20,inflation_assessment_shift,2019-02-07,-27,0.03265223652124405
2019-03-20,inflation_assessment_shift,2019-02-08,-26,0.03468728065490723
2019-03-20,inflation_assessment_shift,2019-02-11,-25,0.029057759791612625
2019-03-20,inflation_assessment_shift,2019-02-12,-24,0.032977394759655
2019-03-20,inflation_assessment_shift,2019-02-13,-23,0.029085325077176094
2019-03-20,inflation_assessment_shift,2019-02-14,-22,0.033581897616386414
2019-03-20,inflation_assessment_shift,2019-02-15,-21,0.026912871748209
2019-03-20,inflation_assessment_shift,2019-02-19,-20,0.03137439489364624
2019-03-20,inflation_assessment_shift,2019-02-20,-19,0.02698320336639881
2019-03-20,inflation_assessment_shift,2019-02-21,-18,0.025930438190698624
2019-03-20,inflation_assessment_shift,2019-02-22,-17,0.03075624629855156
2019-03-20,inflation_assessment_shift,2019-02-25,-16,0.027024414390325546
2019-03-20,inflation_assessment_shift,2019-02-26,-15,0.03160421922802925
2019-03-20,inflation_assessment_shift,2019-02-27,-14,0.027061685919761658
2019-03-20,inflation_assessment_shift,2019-02-28,-13,0.029914358630776405
2019-03-20,inflation_assessment_shift,2019-03-01,-12,0.02739056944847107
2019-03-20,inflation_assessment_shift,2019-03-04,-11,0.03130501136183739
2019-03-20,inflation_assessment_shift,2019-03-05,-10,0.029735978692770004
2019-03-20,inflation_assessment_shift,2019-03-06,-9,0.031089330092072487
2019-03-20,inflation_assessment_shift,2019-03-07,-8,0.031576283276081085
2019-03-20,inflation_assessment_shift,2019-03-08,-7,0.030244767665863037
2019-03-20,inflation_assessment_shift,2019-03-11,-6,0.030731437727808952
2019-03-20,inflation_assessment_shift,2019-03-12,-5,0.03221716731786728
2019-03-20,inflation_assessment_shift,2019-03-13,-4,0.029150504618883133
2019-03-20,inflation_assessment_shift,2019-03-14,-3,0.030238015577197075
2019-03-20,inflation_assessment_shift,2019-03-15,-2,0.030926335602998734
2019-03-20,inflation_assessment_shift,2019-03-18,-1,0.026662055402994156
2019-03-20,inflation_assessment_shift,2019-03-19,0,0.027641041204333305
2019-03-20,inflation_risk_shift,2019-01-31,-32,0.035291653126478195
2019-03-20,inflation_risk_shift,2019-02-01,-31,0.030108779668807983
2019-03-20,inflation_risk_shift,2019-02-04,-30,0.030264992266893387
2019-03-20,inflation_risk_shift,2019-02-05,-29,0.032485492527484894
2019-03-20,inflation_risk_shift,2019-02-06,-28,0.03010449931025505
2019-03-20,inflation_risk_shift,2019-02-07,-27,0.03136400505900383
2019-03-20,inflation_risk_shift,2019-02-08,-26,0.03474907577037811
2019-03-20,inflation_risk_shift,2019-02-11,-25,0.030644431710243225
2019-03-20,inflation_risk_shift,2019-02-12,-24,0.03230787068605423
2019-03-20,inflation_risk_shift,2019-02-13,-23,0.02903475984930992
2019-03-20,inflation_risk_shift,2019-02-14,-22,0.032147109508514404
2019-03-20,inflation_risk_shift,2019-02-15,-21,0.028107134625315666
2019-03-20,inflation_risk_shift,2019-02-19,-20,0.031075425446033478
2019-03-20,inflation_risk_shift,2019-02-20,-19,0.02902655303478241
2019-03-20,inflation_risk_shift,2019-02-21,-18,0.02718401327729225
2019-03-20,inflation_risk_shift,2019-02-22,-17,0.030703000724315643
2019-03-20,inflation_risk_shift,2019-02-25,-16,0.028626564890146255
2019-03-20,inflation_risk_shift,2019-02-26,-15,0.03194974362850189
2019-03-20,inflation_risk_shift,2019-02-27,-14,0.02826174534857273
2019-03-20,inflation_risk_shift,2019-02-28,-13,0.03050173446536064
2019-03-20,inflation_risk_shift,2019-03-01,-12,0.02767900377511978
2019-03-20,inflation_risk_shift,2019-03-04,-11,0.030514877289533615
2019-03-20,inflation_risk_shift,2019-03-05,-10,0.029371611773967743
2019-03-20,inflation_risk_shift,2019-03-06,-9,0.030394652858376503
2019-03-20,inflation_risk_shift,2019-03-07,-8,0.0304708331823349
2019-03-20,inflation_risk_shift,2019-03-08,-7,0.030643485486507416
2019-03-20,inflation_risk_shift,2019-03-11,-6,0.03001168742775917
2019-03-20,inflation_risk_shift,2019-03-12,-5,0.031657688319683075
2019-03-20,inflation_risk_shift,2019-03-13,-4,0.029799070209264755
2019-03-20,inflation_risk_shift,2019-03-14,-3,0.030253984034061432
2019-03-20,inflation_risk_shift,2019-03-15,-2,0.030227338895201683
2019-03-20,inflation_risk_shift,2019-03-18,-1,0.0275944285094738
2019-03-20,inflation_risk_shift,2019-03-19,0,0.027442794293165207
2019-03-20,unemployment_assessment_shift,2019-01-31,-32,0.035825248807668686
2019-03-20,unemployment_assessment_shift,2019-02-01,-31,0.027899401262402534
2019-03-20,unemployment_assessment_shift,2019-02-04,-30,0.027875561267137527
2019-03-20,unemployment_assessment_shift,2019-02-05,-29,0.03010815754532814
2019-03-20,unemployment_assessment_shift,2019-02-06,-28,0.03049863688647747
2019-03-20,unemployment_assessment_shift,2019-02-07,-27,0.03184667229652405
2019-03-20,unemployment_assessment_shift,2019-02-08,-26,0.037752311676740646
2019-03-20,unemployment_assessment_shift,2019-02-11,-25,0.03225008398294449
2019-03-20,unemployment_assessment_shift,2019-02-12,-24,0.03347761929035187
2019-03-20,unemployment_assessment_shift,2019-02-13,-23,0.02822190895676613
2019-03-20,unemployment_assessment_shift,2019-02-14,-22,0.031651418656110764
2019-03-20,unemployment_assessment_shift,2019-02-15,-21,0.030329937115311623
2019-03-20,unemployment_assessment_shift,2019-02-19,-20,0.03191468492150307
2019-03-20,unemployment_assessment_shift,2019-02-20,-19,0.0317603200674057
2019-03-20,unemployment_assessment_shift,2019-02-21,-18,0.028414862230420113
2019-03-20,unemployment_assessment_shift,2019-02-22,-17,0.03155461326241493
2019-03-20,unemployment_assessment_shift,2019-02-25,-16,0.029773106798529625
2019-03-20,unemployment_assessment_shift,2019-02-26,-15,0.032663311809301376
2019-03-20,unemployment_assessment_shift,2019-02-27,-14,0.02873530052602291
2019-03-20,unemployment_assessment_shift,2019-02-28,-13,0.02849249355494976
2019-03-20,unemployment_assessment_shift,2019-03-01,-12,0.02628684602677822
2019-03-20,unemployment_assessment_shift,2019-03-04,-11,0.02866964414715767
2019-03-20,unemployment_assessment_shift,2019-03-05,-10,0.028572410345077515
2019-03-20,unemployment_assessment_shift,2019-03-06,-9,0.029520414769649506
2019-03-20,unemployment_assessment_shift,2019-03-07,-8,0.029645130038261414
2019-03-20,unemployment_assessment_shift,2019-03-08,-7,0.03042464330792427
2019-03-20,unemployment_assessment_shift,2019-03-11,-6,0.029194965958595276
2019-03-20,unemployment_assessment_shift,2019-03-12,-5,0.03046104684472084
2019-03-20,unemployment_assessment_shift,2019-03-13,-4,0.02949082851409912
2019-03-20,unemployment_assessment_shift,2019-03-14,-3,0.030126720666885376
2019-03-20,unemployment_assessment_shift,2019-03-15,-2,0.029200972989201546
2019-03-20,unemployment_assessment_shift,2019-03-18,-1,0.02909640595316887
2019-03-20,unemployment_assessment_shift,2019-03-19,0,0.028264299035072327
2019-03-20,labor_market_risk_shift,2019-01-31,-32,0.034443698823451996
2019-03-20,labor_market_risk_shift,2019-02-01,-31,0.027730775997042656
2019-03-20,labor_market_risk_shift,2019-02-04,-30,0.027646919712424278
2019-03-20,labor_market_risk_shift,2019-02-05,-29,0.02902815118432045
2019-03-20,labor_market_risk_shift,2019-02-06,-28,0.029540108516812325
2019-03-20,labor_market_risk_shift,2019-02-07,-27,0.03058975376188755
2019-03-20,labor_market_risk_shift,2019-02-08,-26,0.03632563725113869
2019-03-20,labor_market_risk_shift,2019-02-11,-25,0.03373841568827629
2019-03-20,labor_market_risk_shift,2019-02-12,-24,0.03260829672217369
2019-03-20,labor_market_risk_shift,2019-02-13,-23,0.029027611017227173
2019-03-20,labor_market_risk_shift,2019-02-14,-22,0.030852433294057846
2019-03-20,labor_market_risk_shift,2019-02-15,-21,0.03070523589849472
2019-03-20,labor_market_risk_shift,2019-02-19,-20,0.032297998666763306
2019-03-20,labor_market_risk_shift,2019-02-20,-19,0.03270157799124718
2019-03-20,labor_market_risk_shift,2019-02-21,-18,0.029546163976192474
2019-03-20,labor_market_risk_shift,2019-02-22,-17,0.03211662545800209
2019-03-20,labor_market_risk_shift,2019-02-25,-16,0.031474318355321884
2019-03-20,labor_market_risk_shift,2019-02-26,-15,0.03329551964998245
2019-03-20,labor_market_risk_shift,2019-02-27,-14,0.030421776697039604
2019-03-20,labor_market_risk_shift,2019-02-28,-13,0.028404444456100464
2019-03-20,labor_market_risk_shift,2019-03-01,-12,0.026479285210371017
2019-03-20,labor_market_risk_shift,2019-03-04,-11,0.02816418930888176
2019-03-20,labor_market_risk_shift,2019-03-05,-10,0.02816205658018589
2019-03-20,labor_market_risk_shift,2019-03-06,-9,0.029119696468114853
2019-03-20,labor_market_risk_shift,2019-03-07,-8,0.029283307492733
2019-03-20,labor_market_risk_shift,2019-03-08,-7,0.03048350103199482
2019-03-20,labor_market_risk_shift,2019-03-11,-6,0.028971418738365173
2019-03-20,labor_market_risk_shift,2019-03-12,-5,0.03040343150496483
2019-03-20,labor_market_risk_shift,2019-03-13,-4,0.029864860698580742
2019-03-20,labor_market_risk_shift,2019-03-14,-3,0.02958984673023224
2019-03-20,labor_market_risk_shift,2019-03-15,-2,0.029077552258968353
2019-03-20,labor_market_risk_shift,2019-03-18,-1,0.029427334666252136
2019-03-20,labor_market_risk_shift,2019-03-19,0,0.02847805619239807
2019-03-20,growth_activity_shift,2019-01-31,-32,0.036272767931222916
2019-03-20,growth_activity_shift,2019-02-01,-31,0.02934717759490013
2019-03-20,growth_activity_shift,2019-02-04,-30,0.03169173747301102
2019-03-20,growth_activity_shift,2019-02-05,-29,0.03451035916805267
2019-03-20,growth_activity_shift,2019-02-06,-28,0.030641788616776466
2019-03-20,growth_activity_shift,2019-02-07,-27,0.032456040382385254
2019-03-20,growth_activity_shift,2019-02-08,-26,0.034091342240571976
2019-03-20,growth_activity_shift,2019-02-11,-25,0.028363587334752083
2019-03-20,growth_activity_shift,2019-02-12,-24,0.031556759029626846
2019-03-20,growth_activity_shift,2019-02-13,-23,0.029441824182868004
2019-03-20,growth_activity_shift,2019-02-14,-22,0.03382737934589386
2019-03-20,growth_activity_shift,2019-02-15,-21,0.02722044289112091
2019-03-20,growth_activity_shift,2019-02-19,-20,0.031391628086566925
2019-03-20,growth_activity_shift,2019-02-20,-19,0.026940101757645607
2019-03-20,growth_activity_shift,2019-02-21,-18,0.026147209107875824
2019-03-20,growth_activity_shift,2019-02-22,-17,0.030654177069664
2019-03-20,growth_activity_shift,2019-02-25,-16,0.02696092054247856
2019-03-20,growth_activity_shift,2019-02-26,-15,0.030693672597408295
2019-03-20,growth_activity_shift,2019-02-27,-14,0.026852218434214592
2019-03-20,growth_activity_shift,2019-02-28,-13,0.029693782329559326
2019-03-20,growth_activity_shift,2019-03-01,-12,0.027903370559215546
2019-03-20,growth_activity_shift,2019-03-04,-11,0.03196178004145622
2019-03-20,growth_activity_shift,2019-03-05,-10,0.030444901436567307
2019-03-20,growth_activity_shift,2019-03-06,-9,0.031442791223526
2019-03-20,growth_activity_shift,2019-03-07,-8,0.03172817826271057
2019-03-20,growth_activity_shift,2019-03-08,-7,0.030239928513765335
2019-03-20,growth_activity_shift,2019-03-11,-6,0.03081630915403366
2019-03-20,growth_activity_shift,2019-03-12,-5,0.03215394914150238
2019-03-20,growth_activity_shift,2019-03-13,-4,0.02935727871954441
2019-03-20,growth_activity_shift,2019-03-14,-3,0.03032890148460865
2019-03-20,growth_activity_shift,2019-03-15,-2,0.03085578978061676
2019-03-20,growth_activity_shift,2019-03-18,-1,0.026568090543150902
2019-03-20,growth_activity_shift,2019-03-19,0,0.02744384855031967
2019-03-20,financial_conditions_shift,2019-01-31,-32,0.03546193614602089
2019-03-20,financial_conditions_shift,2019-02-01,-31,0.030271921306848526
2019-03-20,financial_conditions_shift,2019-02-04,-30,0.032764192670583725
2019-03-20,financial_conditions_shift,2019-02-05,-29,0.0350058376789093
2019-03-20,financial_conditions_shift,2019-02-06,-28,0.030598364770412445
2019-03-20,financial_conditions_shift,2019-02-07,-27,0.032463084906339645
2019-03-20,financial_conditions_shift,2019-02-08,-26,0.03218763321638107
2019-03-20,financial_conditions_shift,2019-02-11,-25,0.027876969426870346
2019-03-20,financial_conditions_shift,2019-02-12,-24,0.031068328768014908
2019-03-20,financial_conditions_shift,2019-02-13,-23,0.029962725937366486
2019-03-20,financial_conditions_shift,2019-02-14,-22,0.03352070227265358
2019-03-20,financial_conditions_shift,2019-02-15,-21,0.02656378410756588
2019-03-20,financial_conditions_shift,2019-02-19,-20,0.030823851004242897
2019-03-20,financial_conditions_shift,2019-02-20,-19,0.025655683130025864
2019-03-20,financial_conditions_shift,2019-02-21,-18,0.02601631172001362
2019-03-20,financial_conditions_shift,2019-02-22,-17,0.029899679124355316
2019-03-20,financial_conditions_shift,2019-02-25,-16,0.026624076068401337
2019-03-20,financial_conditions_shift,2019-02-26,-15,0.030469082295894623
2019-03-20,financial_conditions_shift,2019-02-27,-14,0.027225781232118607
2019-03-20,financial_conditions_shift,2019-02-28,-13,0.030696965754032135
2019-03-20,financial_conditions_shift,2019-03-01,-12,0.029096048325300217
2019-03-20,financial_conditions_shift,2019-03-04,-11,0.03262246027588844
2019-03-20,financial_conditions_shift,2019-03-05,-10,0.03049151971936226
2019-03-20,financial_conditions_shift,2019-03-06,-9,0.03158470243215561
2019-03-20,financial_conditions_shift,2019-03-07,-8,0.03164653107523918
2019-03-20,financial_conditions_shift,2019-03-08,-7,0.029777290299534798
2019-03-20,financial_conditions_shift,2019-03-11,-6,0.03132128342986107
2019-03-20,financial_conditions_shift,2019-03-12,-5,0.03237690031528473
2019-03-20,financial_conditions_shift,2019-03-13,-4,0.029496237635612488
2019-03-20,financial_conditions_shift,2019-03-14,-3,0.030900731682777405
2019-03-20,financial_conditions_shift,2019-03-15,-2,0.03145924210548401
2019-03-20,financial_conditions_shift,2019-03-18,-1,0.026375213637948036
2019-03-20,financial_conditions_shift,2019-03-19,0,0.027694955468177795
2019-03-20,balance_sheet_policy_shift,2019-01-31,-32,0.03593159466981888
2019-03-20,balance_sheet_policy_shift,2019-02-01,-31,0.029901795089244843
2019-03-20,balance_sheet_policy_shift,2019-02-04,-30,0.03202522546052933
2019-03-20,balance_sheet_policy_shift,2019-02-05,-29,0.03518267720937729
2019-03-20,balance_sheet_policy_shift,2019-02-06,-28,0.030422601848840714
2019-03-20,balance_sheet_policy_shift,2019-02-07,-27,0.03266406059265137
2019-03-20,balance_sheet_policy_shift,2019-02-08,-26,0.033823926001787186
2019-03-20,balance_sheet_policy_shift,2019-02-11,-25,0.028009725734591484
2019-03-20,balance_sheet_policy_shift,2019-02-12,-24,0.0318196639418602
2019-03-20,balance_sheet_policy_shift,2019-02-13,-23,0.02937592752277851
2019-03-20,balance_sheet_policy_shift,2019-02-14,-22,0.033906787633895874
2019-03-20,balance_sheet_policy_shift,2019-02-15,-21,0.02679367922246456
2019-03-20,balance_sheet_policy_shift,2019-02-19,-20,0.0309072807431221
2019-03-20,balance_sheet_policy_shift,2019-02-20,-19,0.026576485484838486
2019-03-20,balance_sheet_policy_shift,2019-02-21,-18,0.025648821145296097
2019-03-20,balance_sheet_policy_shift,2019-02-22,-17,0.030381714925169945
2019-03-20,balance_sheet_policy_shift,2019-02-25,-16,0.026591233909130096
2019-03-20,balance_sheet_policy_shift,2019-02-26,-15,0.03061089478433132
2019-03-20,balance_sheet_policy_shift,2019-02-27,-14,0.0269182026386261
2019-03-20,balance_sheet_policy_shift,2019-02-28,-13,0.03018544241786003
2019-03-20,balance_sheet_policy_shift,2019-03-01,-12,0.027988266199827194
2019-03-20,balance_sheet_policy_shift,2019-03-04,-11,0.0321321040391922
2019-03-20,balance_sheet_policy_shift,2019-03-05,-10,0.030286449939012527
2019-03-20,balance_sheet_policy_shift,2019-03-06,-9,0.03147079795598984
2019-03-20,balance_sheet_policy_shift,2019-03-07,-8,0.031893715262413025
2019-03-20,balance_sheet_policy_shift,2019-03-08,-7,0.030289528891444206
2019-03-20,balance_sheet_policy_shift,2019-03-11,-6,0.031115617603063583
2019-03-20,balance_sheet_policy_shift,2019-03-12,-5,0.0324811227619648
2019-03-20,balance_sheet_policy_shift,2019-03-13,-4,0.029313355684280396
2019-03-20,balance_sheet_policy_shift,2019-03-14,-3,0.03046427294611931
2019-03-20,balance_sheet_policy_shift,2019-03-15,-2,0.031231606379151344
2019-03-20,balance_sheet_policy_shift,2019-03-18,-1,0.02625017985701561
2019-03-20,balance_sheet_policy_shift,2019-03-19,0,0.027405207976698875
2019-03-20,risk_balance_shift,2019-01-31,-32,0.03689713403582573
2019-03-20,risk_balance_shift,2019-02-01,-31,0.028969548642635345
2019-03-20,risk_balance_shift,2019-02-04,-30,0.030411316081881523
2019-03-20,risk_balance_shift,2019-02-05,-29,0.03283652290701866
2019-03-20,risk_balance_shift,2019-02-06,-28,0.030746446922421455
2019-03-20,risk_balance_shift,2019-02-07,-27,0.032316237688064575
2019-03-20,risk_balance_shift,2019-02-08,-26,0.03619929403066635
2019-03-20,risk_balance_shift,2019-02-11,-25,0.030222035944461823
2019-03-20,risk_balance_shift,2019-02-12,-24,0.03277090564370155
2019-03-20,risk_balance_shift,2019-02-13,-23,0.02908644638955593
2019-03-20,risk_balance_shift,2019-02-14,-22,0.03311905637383461
2019-03-20,risk_balance_shift,2019-02-15,-21,0.028385426849126816
2019-03-20,risk_balance_shift,2019-02-19,-20,0.031741805374622345
2019-03-20,risk_balance_shift,2019-02-20,-19,0.028843611478805542
2019-03-20,risk_balance_shift,2019-02-21,-18,0.02695089392364025
2019-03-20,risk_balance_shift,2019-02-22,-17,0.03119043819606304
2019-03-20,risk_balance_shift,2019-02-25,-16,0.027981353923678398
2019-03-20,risk_balance_shift,2019-02-26,-15,0.03176354989409447
2019-03-20,risk_balance_shift,2019-02-27,-14,0.0275026373565197
2019-03-20,risk_balance_shift,2019-02-28,-13,0.028516415506601334
2019-03-20,risk_balance_shift,2019-03-01,-12,0.026532471179962158
2019-03-20,risk_balance_shift,2019-03-04,-11,0.030378354713320732
2019-03-20,risk_balance_shift,2019-03-05,-10,0.029689639806747437
2019-03-20,risk_balance_shift,2019-03-06,-9,0.031075412407517433
2019-03-20,risk_balance_shift,2019-03-07,-8,0.031140021979808807
2019-03-20,risk_balance_shift,2019-03-08,-7,0.03059033490717411
2019-03-20,risk_balance_shift,2019-03-11,-6,0.030045215040445328
2019-03-20,risk_balance_shift,2019-03-12,-5,0.031438007950782776
2019-03-20,risk_balance_shift,2019-03-13,-4,0.028925113379955292
2019-03-20,risk_balance_shift,2019-03-14,-3,0.02965540811419487
2019-03-20,risk_balance_shift,2019-03-15,-2,0.029810484498739243
2019-03-20,risk_balance_shift,2019-03-18,-1,0.027038484811782837
2019-03-20,risk_balance_shift,2019-03-19,0,0.027230028063058853
2019-03-20,committee_dispersion,2019-01-31,-32,0.036273982375860214
2019-03-20,committee_dispersion,2019-02-01,-31,0.02831975743174553
2019-03-20,committee_dispersion,2019-02-04,-30,0.027897734194993973
2019-03-20,committee_dispersion,2019-02-05,-29,0.02997085079550743
2019-03-20,committee_dispersion,2019-02-06,-28,0.030023988336324692
2019-03-20,committee_dispersion,2019-02-07,-27,0.03139958530664444
2019-03-20,committee_dispersion,2019-02-08,-26,0.03792784363031387
2019-03-20,committee_dispersion,2019-02-11,-25,0.03297150135040283
2019-03-20,committee_dispersion,2019-02-12,-24,0.03350403159856796
2019-03-20,committee_dispersion,2019-02-13,-23,0.028326459228992462
2019-03-20,committee_dispersion,2019-02-14,-22,0.031640976667404175
2019-03-20,committee_dispersion,2019-02-15,-21,0.03022429160773754
2019-03-20,committee_dispersion,2019-02-19,-20,0.03235434368252754
2019-03-20,committee_dispersion,2019-02-20,-19,0.03291594237089157
2019-03-20,committee_dispersion,2019-02-21,-18,0.02851353958249092
2019-03-20,committee_dispersion,2019-02-22,-17,0.03212224319577217
2019-03-20,committee_dispersion,2019-02-25,-16,0.029933741316199303
2019-03-20,committee_dispersion,2019-02-26,-15,0.033030785620212555
2019-03-20,committee_dispersion,2019-02-27,-14,0.029200756922364235
2019-03-20,committee_dispersion,2019-02-28,-13,0.02887328900396824
2019-03-20,committee_dispersion,2019-03-01,-12,0.02617412805557251
2019-03-20,committee_dispersion,2019-03-04,-11,0.028776172548532486
2019-03-20,committee_dispersion,2019-03-05,-10,0.028449345380067825
2019-03-20,committee_dispersion,2019-03-06,-9,0.02941339835524559
2019-03-20,committee_dispersion,2019-03-07,-8,0.029637224972248077
2019-03-20,committee_dispersion,2019-03-08,-7,0.030154094099998474
2019-03-20,committee_dispersion,2019-03-11,-6,0.028298743069171906
2019-03-20,committee_dispersion,2019-03-12,-5,0.030308548361063004
2019-03-20,committee_dispersion,2019-03-13,-4,0.028942346572875977
2019-03-20,committee_dispersion,2019-03-14,-3,0.02897600457072258
2019-03-20,committee_dispersion,2019-03-15,-2,0.028688257560133934
2019-03-20,committee_dispersion,2019-03-18,-1,0.028736868873238564
2019-03-20,committee_dispersion,2019-03-19,0,0.028019215911626816
2019-03-20,policy_uncertainty,2019-01-31,-32,0.035903993993997574
2019-03-20,policy_uncertainty,2019-02-01,-31,0.028713086619973183
2019-03-20,policy_uncertainty,2019-02-04,-30,0.029362790286540985
2019-03-20,policy_uncertainty,2019-02-05,-29,0.031046241521835327
2019-03-20,policy_uncertainty,2019-02-06,-28,0.029952211305499077
2019-03-20,policy_uncertainty,2019-02-07,-27,0.031695228070020676
2019-03-20,policy_uncertainty,2019-02-08,-26,0.03647167608141899
2019-03-20,policy_uncertainty,2019-02-11,-25,0.03251565620303154
2019-03-20,policy_uncertainty,2019-02-12,-24,0.03436882421374321
2019-03-20,policy_uncertainty,2019-02-13,-23,0.02898326888680458
2019-03-20,policy_uncertainty,2019-02-14,-22,0.03253918141126633
2019-03-20,policy_uncertainty,2019-02-15,-21,0.02912135049700737
2019-03-20,policy_uncertainty,2019-02-19,-20,0.03232940286397934
2019-03-20,policy_uncertainty,2019-02-20,-19,0.030540622770786285
2019-03-20,policy_uncertainty,2019-02-21,-18,0.027960622683167458
2019-03-20,policy_uncertainty,2019-02-22,-17,0.03162289783358574
2019-03-20,policy_uncertainty,2019-02-25,-16,0.029711302369832993
2019-03-20,policy_uncertainty,2019-02-26,-15,0.03304853290319443
2019-03-20,policy_uncertainty,2019-02-27,-14,0.028778530657291412
2019-03-20,policy_uncertainty,2019-02-28,-13,0.02923310361802578
2019-03-20,policy_uncertainty,2019-03-01,-12,0.026354707777500153
2019-03-20,policy_uncertainty,2019-03-04,-11,0.029198573902249336
2019-03-20,policy_uncertainty,2019-03-05,-10,0.028407251462340355
2019-03-20,policy_uncertainty,2019-03-06,-9,0.02950211986899376
2019-03-20,policy_uncertainty,2019-03-07,-8,0.029671560972929
2019-03-20,policy_uncertainty,2019-03-08,-7,0.02961241453886032
2019-03-20,policy_uncertainty,2019-03-11,-6,0.028995057567954063
2019-03-20,policy_uncertainty,2019-03-12,-5,0.030352771282196045
2019-03-20,policy_uncertainty,2019-03-13,-4,0.02891838178038597
2019-03-20,policy_uncertainty,2019-03-14,-3,0.0295692291110754
2019-03-20,policy_uncertainty,2019-03-15,-2,0.029084675014019012
2019-03-20,policy_uncertainty,2019-03-18,-1,0.02828439325094223
2019-03-20,policy_uncertainty,2019-03-19,0,0.02815033681690693
2019-03-20,forward_guidance_strength,2019-01-31,-32,0.033420808613300323
2019-03-20,forward_guidance_strength,2019-02-01,-31,0.027857705950737
2019-03-20,forward_guidance_strength,2019-02-04,-30,0.027364052832126617
2019-03-20,forward_guidance_strength,2019-02-05,-29,0.028457967564463615
2019-03-20,forward_guidance_strength,2019-02-06,-28,0.029650617390871048
2019-03-20,forward_guidance_strength,2019-02-07,-27,0.03086383268237114
2019-03-20,forward_guidance_strength,2019-02-08,-26,0.03644213080406189
2019-03-20,forward_guidance_strength,2019-02-11,-25,0.03417588025331497
2019-03-20,forward_guidance_strength,2019-02-12,-24,0.03383525088429451
2019-03-20,forward_guidance_strength,2019-02-13,-23,0.02859419584274292
2019-03-20,forward_guidance_strength,2019-02-14,-22,0.03055325523018837
2019-03-20,forward_guidance_strength,2019-02-15,-21,0.03087359294295311
2019-03-20,forward_guidance_strength,2019-02-19,-20,0.031745608896017075
2019-03-20,forward_guidance_strength,2019-02-20,-19,0.0333479680120945
2019-03-20,forward_guidance_strength,2019-02-21,-18,0.02946661412715912
2019-03-20,forward_guidance_strength,2019-02-22,-17,0.03177297115325928
2019-03-20,forward_guidance_strength,2019-02-25,-16,0.03139868751168251
2019-03-20,forward_guidance_strength,2019-02-26,-15,0.03334325551986694
2019-03-20,forward_guidance_strength,2019-02-27,-14,0.030497198924422264
2019-03-20,forward_guidance_strength,2019-02-28,-13,0.028205042704939842
2019-03-20,forward_guidance_strength,2019-03-01,-12,0.02606079913675785
2019-03-20,forward_guidance_strength,2019-03-04,-11,0.02764059603214264
2019-03-20,forward_guidance_strength,2019-03-05,-10,0.027748890221118927
2019-03-20,forward_guidance_strength,2019-03-06,-9,0.02888571284711361
2019-03-20,forward_guidance_strength,2019-03-07,-8,0.029036492109298706
2019-03-20,forward_guidance_strength,2019-03-08,-7,0.0305862408131361
2019-03-20,forward_guidance_strength,2019-03-11,-6,0.029079077765345573
2019-03-20,forward_guidance_strength,2019-03-12,-5,0.030172206461429596
2019-03-20,forward_guidance_strength,2019-03-13,-4,0.029798872768878937
2019-03-20,forward_guidance_strength,2019-03-14,-3,0.029826318845152855
2019-03-20,forward_guidance_strength,2019-03-15,-2,0.028980309143662453
2019-03-20,forward_guidance_strength,2019-03-18,-1,0.03054072894155979
2019-03-20,forward_guidance_strength,2019-03-19,0,0.02977709472179413
2019-05-01,rate_decision,2019-03-21,-27,0.036476511508226395
2019-05-01,rate_decision,2019-03-22,-26,0.039291031658649445
2019-05-01,rate_decision,2019-03-25,-25,0.03771926462650299
2019-05-01,rate_decision,2019-03-26,-24,0.03597058728337288
2019-05-01,rate_decision,2019-03-27,-23,0.03588620945811272
2019-05-01,rate_decision,2019-03-28,-22,0.03288866952061653
2019-05-01,rate_decision,2019-03-29,-21,0.033973462879657745
2019-05-01,rate_decision,2019-04-01,-20,0.034517593681812286
2019-05-01,rate_decision,2019-04-02,-19,0.037742409855127335
2019-05-01,rate_decision,2019-04-03,-18,0.03635459020733833
2019-05-01,rate_decision,2019-04-04,-17,0.0379897877573967
2019-05-01,rate_decision,2019-04-05,-16,0.03558718040585518
2019-05-01,rate_decision,2019-04-08,-15,0.03443349152803421
2019-05-01,rate_decision,2019-04-09,-14,0.033335860818624496
2019-05-01,rate_decision,2019-04-10,-13,0.03319094330072403
2019-05-01,rate_decision,2019-04-11,-12,0.03426267206668854
2019-05-01,rate_decision,2019-04-12,-11,0.035719387233257294
2019-05-01,rate_decision,2019-04-15,-10,0.038259439170360565
2019-05-01,rate_decision,2019-04-16,-9,0.03759370744228363
2019-05-01,rate_decision,2019-04-17,-8,0.03837266191840172
2019-05-01,rate_decision,2019-04-18,-7,0.0380428284406662
2019-05-01,rate_decision,2019-04-22,-6,0.03532920405268669
2019-05-01,rate_decision,2019-04-23,-5,0.03681027144193649
2019-05-01,rate_decision,2019-04-24,-4,0.03591735661029816
2019-05-01,rate_decision,2019-04-25,-3,0.03297259658575058
2019-05-01,rate_decision,2019-04-26,-2,0.03512747958302498
2019-05-01,rate_decision,2019-04-29,-1,0.03155865892767906
2019-05-01,rate_decision,2019-04-30,0,0.03467615321278572
2019-05-01,current_policy_stance,2019-03-21,-27,0.03407962992787361
2019-05-01,current_policy_stance,2019-03-22,-26,0.035820383578538895
2019-05-01,current_policy_stance,2019-03-25,-25,0.034650322049856186
2019-05-01,current_policy_stance,2019-03-26,-24,0.03436949849128723
2019-05-01,current_policy_stance,2019-03-27,-23,0.03863709419965744
2019-05-01,current_policy_stance,2019-03-28,-22,0.03908833861351013
2019-05-01,current_policy_stance,2019-03-29,-21,0.039680056273937225
2019-05-01,current_policy_stance,2019-04-01,-20,0.034161657094955444
2019-05-01,current_policy_stance,2019-04-02,-19,0.04070467874407768
2019-05-01,current_policy_stance,2019-04-03,-18,0.03391722962260246
2019-05-01,current_policy_stance,2019-04-04,-17,0.035417765378952026
2019-05-01,current_policy_stance,2019-04-05,-16,0.03364471346139908
2019-05-01,current_policy_stance,2019-04-08,-15,0.033454250544309616
2019-05-01,current_policy_stance,2019-04-09,-14,0.03229193389415741
2019-05-01,current_policy_stance,2019-04-10,-13,0.040470022708177567
2019-05-01,current_policy_stance,2019-04-11,-12,0.04181022569537163
2019-05-01,current_policy_stance,2019-04-12,-11,0.03169391304254532
2019-05-01,current_policy_stance,2019-04-15,-10,0.039629362523555756
2019-05-01,current_policy_stance,2019-04-16,-9,0.031952209770679474
2019-05-01,current_policy_stance,2019-04-17,-8,0.03493551164865494
2019-05-01,current_policy_stance,2019-04-18,-7,0.035416532307863235
2019-05-01,current_policy_stance,2019-04-22,-6,0.03332454338669777
2019-05-01,current_policy_stance,2019-04-23,-5,0.0337117463350296
2019-05-01,current_policy_stance,2019-04-24,-4,0.03468409180641174
2019-05-01,current_policy_stance,2019-04-25,-3,0.03255524858832359
2019-05-01,current_policy_stance,2019-04-26,-2,0.03627597540616989
2019-05-01,current_policy_stance,2019-04-29,-1,0.03300512582063675
2019-05-01,current_policy_stance,2019-04-30,0,0.040617890655994415
2019-05-01,policy_stance_shift,2019-03-21,-27,0.03320581465959549
2019-05-01,policy_stance_shift,2019-03-22,-26,0.03467389941215515
2019-05-01,policy_stance_shift,2019-03-25,-25,0.0338093526661396
2019-05-01,policy_stance_shift,2019-03-26,-24,0.03359465301036835
2019-05-01,policy_stance_shift,2019-03-27,-23,0.037744324654340744
2019-05-01,policy_stance_shift,2019-03-28,-22,0.03909412398934364
2019-05-01,policy_stance_shift,2019-03-29,-21,0.042371269315481186
2019-05-01,policy_stance_shift,2019-04-01,-20,0.03484010323882103
2019-05-01,policy_stance_shift,2019-04-02,-19,0.03927197307348251
2019-05-01,policy_stance_shift,2019-04-03,-18,0.033493198454380035
2019-05-01,policy_stance_shift,2019-04-04,-17,0.033815301954746246
2019-05-01,policy_stance_shift,2019-04-05,-16,0.03373704478144646
2019-05-01,policy_stance_shift,2019-04-08,-15,0.033351775258779526
2019-05-01,policy_stance_shift,2019-04-09,-14,0.03350716829299927
2019-05-01,policy_stance_shift,2019-04-10,-13,0.04147814214229584
2019-05-01,policy_stance_shift,2019-04-11,-12,0.04618263244628906
2019-05-01,policy_stance_shift,2019-04-12,-11,0.03252825140953064
2019-05-01,policy_stance_shift,2019-04-15,-10,0.03931443765759468
2019-05-01,policy_stance_shift,2019-04-16,-9,0.03226200491189957
2019-05-01,policy_stance_shift,2019-04-17,-8,0.03373320773243904
2019-05-01,policy_stance_shift,2019-04-18,-7,0.03427910432219505
2019-05-01,policy_stance_shift,2019-04-22,-6,0.03325807675719261
2019-05-01,policy_stance_shift,2019-04-23,-5,0.033294424414634705
2019-05-01,policy_stance_shift,2019-04-24,-4,0.03422776237130165
2019-05-01,policy_stance_shift,2019-04-25,-3,0.033296942710876465
2019-05-01,policy_stance_shift,2019-04-26,-2,0.03629138320684433
2019-05-01,policy_stance_shift,2019-04-29,-1,0.033360280096530914
2019-05-01,policy_stance_shift,2019-04-30,0,0.03998338058590889
2019-05-01,expected_rate_path_shift,2019-03-21,-27,0.03577416390180588
2019-05-01,expected_rate_path_shift,2019-03-22,-26,0.03731713816523552
2019-05-01,expected_rate_path_shift,2019-03-25,-25,0.03635725751519203
2019-05-01,expected_rate_path_shift,2019-03-26,-24,0.03585521876811981
2019-05-01,expected_rate_path_shift,2019-03-27,-23,0.039720695465803146
2019-05-01,expected_rate_path_shift,2019-03-28,-22,0.0397878959774971
2019-05-01,expected_rate_path_shift,2019-03-29,-21,0.038815874606370926
2019-05-01,expected_rate_path_shift,2019-04-01,-20,0.03419377654790878
2019-05-01,expected_rate_path_shift,2019-04-02,-19,0.03979489952325821
2019-05-01,expected_rate_path_shift,2019-04-03,-18,0.0328407883644104
2019-05-01,expected_rate_path_shift,2019-04-04,-17,0.03543226793408394
2019-05-01,expected_rate_path_shift,2019-04-05,-16,0.03352712094783783
2019-05-01,expected_rate_path_shift,2019-04-08,-15,0.0323818065226078
2019-05-01,expected_rate_path_shift,2019-04-09,-14,0.03060644119977951
2019-05-01,expected_rate_path_shift,2019-04-10,-13,0.03607067093253136
2019-05-01,expected_rate_path_shift,2019-04-11,-12,0.037385135889053345
2019-05-01,expected_rate_path_shift,2019-04-12,-11,0.03045140765607357
2019-05-01,expected_rate_path_shift,2019-04-15,-10,0.03839346393942833
2019-05-01,expected_rate_path_shift,2019-04-16,-9,0.03161146119236946
2019-05-01,expected_rate_path_shift,2019-04-17,-8,0.03582100570201874
2019-05-01,expected_rate_path_shift,2019-04-18,-7,0.03663283586502075
2019-05-01,expected_rate_path_shift,2019-04-22,-6,0.03431445360183716
2019-05-01,expected_rate_path_shift,2019-04-23,-5,0.03509216755628586
2019-05-01,expected_rate_path_shift,2019-04-24,-4,0.035613127052783966
2019-05-01,expected_rate_path_shift,2019-04-25,-3,0.03399233892560005
2019-05-01,expected_rate_path_shift,2019-04-26,-2,0.037313930690288544
2019-05-01,expected_rate_path_shift,2019-04-29,-1,0.034620996564626694
2019-05-01,expected_rate_path_shift,2019-04-30,0,0.04028167575597763
2019-05-01,inflation_assessment_shift,2019-03-21,-27,0.03841334208846092
2019-05-01,inflation_assessment_shift,2019-03-22,-26,0.03902176767587662
2019-05-01,inflation_assessment_shift,2019-03-25,-25,0.03795246407389641
2019-05-01,inflation_assessment_shift,2019-03-26,-24,0.037595320492982864
2019-05-01,inflation_assessment_shift,2019-03-27,-23,0.040116988122463226
2019-05-01,inflation_assessment_shift,2019-03-28,-22,0.03954662010073662
2019-05-01,inflation_assessment_shift,2019-03-29,-21,0.03524431213736534
2019-05-01,inflation_assessment_shift,2019-04-01,-20,0.03388768061995506
2019-05-01,inflation_assessment_shift,2019-04-02,-19,0.03973852097988129
2019-05-01,inflation_assessment_shift,2019-04-03,-18,0.03151727840304375
2019-05-01,inflation_assessment_shift,2019-04-04,-17,0.03661740943789482
2019-05-01,inflation_assessment_shift,2019-04-05,-16,0.03314992040395737
2019-05-01,inflation_assessment_shift,2019-04-08,-15,0.03196435421705246
2019-05-01,inflation_assessment_shift,2019-04-09,-14,0.030044451355934143
2019-05-01,inflation_assessment_shift,2019-04-10,-13,0.03220076858997345
2019-05-01,inflation_assessment_shift,2019-04-11,-12,0.031382057815790176
2019-05-01,inflation_assessment_shift,2019-04-12,-11,0.030519559979438782
2019-05-01,inflation_assessment_shift,2019-04-15,-10,0.037870798259973526
2019-05-01,inflation_assessment_shift,2019-04-16,-9,0.03046538680791855
2019-05-01,inflation_assessment_shift,2019-04-17,-8,0.037312284111976624
2019-05-01,inflation_assessment_shift,2019-04-18,-7,0.038626983761787415
2019-05-01,inflation_assessment_shift,2019-04-22,-6,0.035209815949201584
2019-05-01,inflation_assessment_shift,2019-04-23,-5,0.03758498653769493
2019-05-01,inflation_assessment_shift,2019-04-24,-4,0.03728382661938667
2019-05-01,inflation_assessment_shift,2019-04-25,-3,0.034556347876787186
2019-05-01,inflation_assessment_shift,2019-04-26,-2,0.037563372403383255
2019-05-01,inflation_assessment_shift,2019-04-29,-1,0.0355227068066597
2019-05-01,inflation_assessment_shift,2019-04-30,0,0.03909068554639816
2019-05-01,inflation_risk_shift,2019-03-21,-27,0.03781691938638687
2019-05-01,inflation_risk_shift,2019-03-22,-26,0.038503147661685944
2019-05-01,inflation_risk_shift,2019-03-25,-25,0.03744950145483017
2019-05-01,inflation_risk_shift,2019-03-26,-24,0.03680111840367317
2019-05-01,inflation_risk_shift,2019-03-27,-23,0.039434853941202164
2019-05-01,inflation_risk_shift,2019-03-28,-22,0.03957296907901764
2019-05-01,inflation_risk_shift,2019-03-29,-21,0.03569062426686287
2019-05-01,inflation_risk_shift,2019-04-01,-20,0.033741485327482224
2019-05-01,inflation_risk_shift,2019-04-02,-19,0.03961425647139549
2019-05-01,inflation_risk_shift,2019-04-03,-18,0.03185022994875908
2019-05-01,inflation_risk_shift,2019-04-04,-17,0.036461975425481796
2019-05-01,inflation_risk_shift,2019-04-05,-16,0.03358244150876999
2019-05-01,inflation_risk_shift,2019-04-08,-15,0.03233790025115013
2019-05-01,inflation_risk_shift,2019-04-09,-14,0.030223172158002853
2019-05-01,inflation_risk_shift,2019-04-10,-13,0.03319573029875755
2019-05-01,inflation_risk_shift,2019-04-11,-12,0.032950978726148605
2019-05-01,inflation_risk_shift,2019-04-12,-11,0.030483277514576912
2019-05-01,inflation_risk_shift,2019-04-15,-10,0.03805633634328842
2019-05-01,inflation_risk_shift,2019-04-16,-9,0.03087681159377098
2019-05-01,inflation_risk_shift,2019-04-17,-8,0.03703094646334648
2019-05-01,inflation_risk_shift,2019-04-18,-7,0.03830530494451523
2019-05-01,inflation_risk_shift,2019-04-22,-6,0.03542371466755867
2019-05-01,inflation_risk_shift,2019-04-23,-5,0.03721606731414795
2019-05-01,inflation_risk_shift,2019-04-24,-4,0.03716202825307846
2019-05-01,inflation_risk_shift,2019-04-25,-3,0.0344528928399086
2019-05-01,inflation_risk_shift,2019-04-26,-2,0.037432409822940826
2019-05-01,inflation_risk_shift,2019-04-29,-1,0.035706859081983566
2019-05-01,inflation_risk_shift,2019-04-30,0,0.0386260524392128
2019-05-01,unemployment_assessment_shift,2019-03-21,-27,0.03320065140724182
2019-05-01,unemployment_assessment_shift,2019-03-22,-26,0.03473854437470436
2019-05-01,unemployment_assessment_shift,2019-03-25,-25,0.03415222838521004
2019-05-01,unemployment_assessment_shift,2019-03-26,-24,0.034004516899585724
2019-05-01,unemployment_assessment_shift,2019-03-27,-23,0.03803607076406479
2019-05-01,unemployment_assessment_shift,2019-03-28,-22,0.038446251302957535
2019-05-01,unemployment_assessment_shift,2019-03-29,-21,0.04196744039654732
2019-05-01,unemployment_assessment_shift,2019-04-01,-20,0.034840311855077744
2019-05-01,unemployment_assessment_shift,2019-04-02,-19,0.03762805461883545
2019-05-01,unemployment_assessment_shift,2019-04-03,-18,0.03564603999257088
2019-05-01,unemployment_assessment_shift,2019-04-04,-17,0.0336848646402359
2019-05-01,unemployment_assessment_shift,2019-04-05,-16,0.0344601646065712
2019-05-01,unemployment_assessment_shift,2019-04-08,-15,0.03428414836525917
2019-05-01,unemployment_assessment_shift,2019-04-09,-14,0.03495300933718681
2019-05-01,unemployment_assessment_shift,2019-04-10,-13,0.04262484237551689
2019-05-01,unemployment_assessment_shift,2019-04-11,-12,0.04542854428291321
2019-05-01,unemployment_assessment_shift,2019-04-12,-11,0.0323362797498703
2019-05-01,unemployment_assessment_shift,2019-04-15,-10,0.03691469877958298
2019-05-01,unemployment_assessment_shift,2019-04-16,-9,0.03311697393655777
2019-05-01,unemployment_assessment_shift,2019-04-17,-8,0.03331076353788376
2019-05-01,unemployment_assessment_shift,2019-04-18,-7,0.03345411270856857
2019-05-01,unemployment_assessment_shift,2019-04-22,-6,0.03310747817158699
2019-05-01,unemployment_assessment_shift,2019-04-23,-5,0.03258457034826279
2019-05-01,unemployment_assessment_shift,2019-04-24,-4,0.03370996192097664
2019-05-01,unemployment_assessment_shift,2019-04-25,-3,0.034170348197221756
2019-05-01,unemployment_assessment_shift,2019-04-26,-2,0.03627905622124672
2019-05-01,unemployment_assessment_shift,2019-04-29,-1,0.03335295617580414
2019-05-01,unemployment_assessment_shift,2019-04-30,0,0.03956706449389458
2019-05-01,labor_market_risk_shift,2019-03-21,-27,0.03166039660573006
2019-05-01,labor_market_risk_shift,2019-03-22,-26,0.033033475279808044
2019-05-01,labor_market_risk_shift,2019-03-25,-25,0.03257621452212334
2019-05-01,labor_market_risk_shift,2019-03-26,-24,0.03205906227231026
2019-05-01,labor_market_risk_shift,2019-03-27,-23,0.03452581912279129
2019-05-01,labor_market_risk_shift,2019-03-28,-22,0.03667940944433212
2019-05-01,labor_market_risk_shift,2019-03-29,-21,0.04107734188437462
2019-05-01,labor_market_risk_shift,2019-04-01,-20,0.035921599715948105
2019-05-01,labor_market_risk_shift,2019-04-02,-19,0.03608588129281998
2019-05-01,labor_market_risk_shift,2019-04-03,-18,0.036710433661937714
2019-05-01,labor_market_risk_shift,2019-04-04,-17,0.03311692550778389
2019-05-01,labor_market_risk_shift,2019-04-05,-16,0.03541027009487152
2019-05-01,labor_market_risk_shift,2019-04-08,-15,0.03652103245258331
2019-05-01,labor_market_risk_shift,2019-04-09,-14,0.03822127729654312
2019-05-01,labor_market_risk_shift,2019-04-10,-13,0.04461558163166046
2019-05-01,labor_market_risk_shift,2019-04-11,-12,0.05024784803390503
2019-05-01,labor_market_risk_shift,2019-04-12,-11,0.03533409535884857
2019-05-01,labor_market_risk_shift,2019-04-15,-10,0.03674101084470749
2019-05-01,labor_market_risk_shift,2019-04-16,-9,0.03547793626785278
2019-05-01,labor_market_risk_shift,2019-04-17,-8,0.032731346786022186
2019-05-01,labor_market_risk_shift,2019-04-18,-7,0.03220284730195999
2019-05-01,labor_market_risk_shift,2019-04-22,-6,0.033695295453071594
2019-05-01,labor_market_risk_shift,2019-04-23,-5,0.03217993676662445
2019-05-01,labor_market_risk_shift,2019-04-24,-4,0.033317141234874725
2019-05-01,labor_market_risk_shift,2019-04-25,-3,0.033784396946430206
2019-05-01,labor_market_risk_shift,2019-04-26,-2,0.03512692451477051
2019-05-01,labor_market_risk_shift,2019-04-29,-1,0.03322504460811615
2019-05-01,labor_market_risk_shift,2019-04-30,0,0.037721484899520874
2019-05-01,growth_activity_shift,2019-03-21,-27,0.031755730509757996
2019-05-01,growth_activity_shift,2019-03-22,-26,0.032402195036411285
2019-05-01,growth_activity_shift,2019-03-25,-25,0.03224422410130501
2019-05-01,growth_activity_shift,2019-03-26,-24,0.03199078515172005
2019-05-01,growth_activity_shift,2019-03-27,-23,0.033414602279663086
2019-05-01,growth_activity_shift,2019-03-28,-22,0.03494074195623398
2019-05-01,growth_activity_shift,2019-03-29,-21,0.040738653391599655
2019-05-01,growth_activity_shift,2019-04-01,-20,0.03625105693936348
2019-05-01,growth_activity_shift,2019-04-02,-19,0.034369103610515594
2019-05-01,growth_activity_shift,2019-04-03,-18,0.038795050233602524
2019-05-01,growth_activity_shift,2019-04-04,-17,0.03364324942231178
2019-05-01,growth_activity_shift,2019-04-05,-16,0.03664909303188324
2019-05-01,growth_activity_shift,2019-04-08,-15,0.03775827959179878
2019-05-01,growth_activity_shift,2019-04-09,-14,0.0399143360555172
2019-05-01,growth_activity_shift,2019-04-10,-13,0.04409812390804291
2019-05-01,growth_activity_shift,2019-04-11,-12,0.04925865679979324
2019-05-01,growth_activity_shift,2019-04-12,-11,0.0371616967022419
2019-05-01,growth_activity_shift,2019-04-15,-10,0.03531754016876221
2019-05-01,growth_activity_shift,2019-04-16,-9,0.037869956344366074
2019-05-01,growth_activity_shift,2019-04-17,-8,0.03303850442171097
2019-05-01,growth_activity_shift,2019-04-18,-7,0.032403286546468735
2019-05-01,growth_activity_shift,2019-04-22,-6,0.03379933908581734
2019-05-01,growth_activity_shift,2019-04-23,-5,0.03211371600627899
2019-05-01,growth_activity_shift,2019-04-24,-4,0.03259790688753128
2019-05-01,growth_activity_shift,2019-04-25,-3,0.03415609151124954
2019-05-01,growth_activity_shift,2019-04-26,-2,0.034183844923973083
2019-05-01,growth_activity_shift,2019-04-29,-1,0.0328296460211277
2019-05-01,growth_activity_shift,2019-04-30,0,0.03630463778972626
2019-05-01,financial_conditions_shift,2019-03-21,-27,0.036059483885765076
2019-05-01,financial_conditions_shift,2019-03-22,-26,0.037127695977687836
2019-05-01,financial_conditions_shift,2019-03-25,-25,0.03594982251524925
2019-05-01,financial_conditions_shift,2019-03-26,-24,0.03602338582277298
2019-05-01,financial_conditions_shift,2019-03-27,-23,0.03953339532017708
2019-05-01,financial_conditions_shift,2019-03-28,-22,0.04048203304409981
2019-05-01,financial_conditions_shift,2019-03-29,-21,0.03874986246228218
2019-05-01,financial_conditions_shift,2019-04-01,-20,0.03515953943133354
2019-05-01,financial_conditions_shift,2019-04-02,-19,0.03973483294248581
2019-05-01,financial_conditions_shift,2019-04-03,-18,0.03273983672261238
2019-05-01,financial_conditions_shift,2019-04-04,-17,0.035585418343544006
2019-05-01,financial_conditions_shift,2019-04-05,-16,0.03309246897697449
2019-05-01,financial_conditions_shift,2019-04-08,-15,0.032493386417627335
2019-05-01,financial_conditions_shift,2019-04-09,-14,0.030484408140182495
2019-05-01,financial_conditions_shift,2019-04-10,-13,0.035167742520570755
2019-05-01,financial_conditions_shift,2019-04-11,-12,0.035724375396966934
2019-05-01,financial_conditions_shift,2019-04-12,-11,0.03101101890206337
2019-05-01,financial_conditions_shift,2019-04-15,-10,0.03799668699502945
2019-05-01,financial_conditions_shift,2019-04-16,-9,0.03135262057185173
2019-05-01,financial_conditions_shift,2019-04-17,-8,0.03607172891497612
2019-05-01,financial_conditions_shift,2019-04-18,-7,0.036661297082901
2019-05-01,financial_conditions_shift,2019-04-22,-6,0.034788828343153
2019-05-01,financial_conditions_shift,2019-04-23,-5,0.035670384764671326
2019-05-01,financial_conditions_shift,2019-04-24,-4,0.035863202065229416
2019-05-01,financial_conditions_shift,2019-04-25,-3,0.034095343202352524
2019-05-01,financial_conditions_shift,2019-04-26,-2,0.0371258445084095
2019-05-01,financial_conditions_shift,2019-04-29,-1,0.03476213291287422
2019-05-01,financial_conditions_shift,2019-04-30,0,0.040493194013834
2019-05-01,balance_sheet_policy_shift,2019-03-21,-27,0.03242174908518791
2019-05-01,balance_sheet_policy_shift,2019-03-22,-26,0.034195348620414734
2019-05-01,balance_sheet_policy_shift,2019-03-25,-25,0.033850785344839096
2019-05-01,balance_sheet_policy_shift,2019-03-26,-24,0.03342418000102043
2019-05-01,balance_sheet_policy_shift,2019-03-27,-23,0.03829869255423546
2019-05-01,balance_sheet_policy_shift,2019-03-28,-22,0.038191504776477814
2019-05-01,balance_sheet_policy_shift,2019-03-29,-21,0.042739443480968475
2019-05-01,balance_sheet_policy_shift,2019-04-01,-20,0.034817881882190704
2019-05-01,balance_sheet_policy_shift,2019-04-02,-19,0.03858766332268715
2019-05-01,balance_sheet_policy_shift,2019-04-03,-18,0.035465992987155914
2019-05-01,balance_sheet_policy_shift,2019-04-04,-17,0.03365528583526611
2019-05-01,balance_sheet_policy_shift,2019-04-05,-16,0.03454643860459328
2019-05-01,balance_sheet_policy_shift,2019-04-08,-15,0.034363482147455215
2019-05-01,balance_sheet_policy_shift,2019-04-09,-14,0.03506157174706459
2019-05-01,balance_sheet_policy_shift,2019-04-10,-13,0.042932432144880295
2019-05-01,balance_sheet_policy_shift,2019-04-11,-12,0.04548003152012825
2019-05-01,balance_sheet_policy_shift,2019-04-12,-11,0.0324549525976181
2019-05-01,balance_sheet_policy_shift,2019-04-15,-10,0.037814751267433167
2019-05-01,balance_sheet_policy_shift,2019-04-16,-9,0.03337433561682701
2019-05-01,balance_sheet_policy_shift,2019-04-17,-8,0.033228930085897446
2019-05-01,balance_sheet_policy_shift,2019-04-18,-7,0.03381262719631195
2019-05-01,balance_sheet_policy_shift,2019-04-22,-6,0.03321373090147972
2019-05-01,balance_sheet_policy_shift,2019-04-23,-5,0.03228661045432091
2019-05-01,balance_sheet_policy_shift,2019-04-24,-4,0.03364349901676178
2019-05-01,balance_sheet_policy_shift,2019-04-25,-3,0.033192578703165054
2019-05-01,balance_sheet_policy_shift,2019-04-26,-2,0.036121055483818054
2019-05-01,balance_sheet_policy_shift,2019-04-29,-1,0.03299636393785477
2019-05-01,balance_sheet_policy_shift,2019-04-30,0,0.0398281067609787
2019-05-01,risk_balance_shift,2019-03-21,-27,0.032457150518894196
2019-05-01,risk_balance_shift,2019-03-22,-26,0.03403688594698906
2019-05-01,risk_balance_shift,2019-03-25,-25,0.033456917852163315
2019-05-01,risk_balance_shift,2019-03-26,-24,0.03283771499991417
2019-05-01,risk_balance_shift,2019-03-27,-23,0.03647232428193092
2019-05-01,risk_balance_shift,2019-03-28,-22,0.036928873509168625
2019-05-01,risk_balance_shift,2019-03-29,-21,0.04125482961535454
2019-05-01,risk_balance_shift,2019-04-01,-20,0.03506956622004509
2019-05-01,risk_balance_shift,2019-04-02,-19,0.03666430711746216
2019-05-01,risk_balance_shift,2019-04-03,-18,0.03637254238128662
2019-05-01,risk_balance_shift,2019-04-04,-17,0.03361134976148605
2019-05-01,risk_balance_shift,2019-04-05,-16,0.035435888916254044
2019-05-01,risk_balance_shift,2019-04-08,-15,0.03600364178419113
2019-05-01,risk_balance_shift,2019-04-09,-14,0.037355370819568634
2019-05-01,risk_balance_shift,2019-04-10,-13,0.04399973154067993
2019-05-01,risk_balance_shift,2019-04-11,-12,0.04736825078725815
2019-05-01,risk_balance_shift,2019-04-12,-11,0.03399909660220146
2019-05-01,risk_balance_shift,2019-04-15,-10,0.03691393509507179
2019-05-01,risk_balance_shift,2019-04-16,-9,0.03460369259119034
2019-05-01,risk_balance_shift,2019-04-17,-8,0.033159926533699036
2019-05-01,risk_balance_shift,2019-04-18,-7,0.033091507852077484
2019-05-01,risk_balance_shift,2019-04-22,-6,0.033455122262239456
2019-05-01,risk_balance_shift,2019-04-23,-5,0.032407283782958984
2019-05-01,risk_balance_shift,2019-04-24,-4,0.03358766436576843
2019-05-01,risk_balance_shift,2019-04-25,-3,0.033322371542453766
2019-05-01,risk_balance_shift,2019-04-26,-2,0.03515949845314026
2019-05-01,risk_balance_shift,2019-04-29,-1,0.03259958326816559
2019-05-01,risk_balance_shift,2019-04-30,0,0.038374993950128555
2019-05-01,committee_dispersion,2019-03-21,-27,0.03181888535618782
2019-05-01,committee_dispersion,2019-03-22,-26,0.03379838168621063
2019-05-01,committee_dispersion,2019-03-25,-25,0.03306577727198601
2019-05-01,committee_dispersion,2019-03-26,-24,0.032477036118507385
2019-05-01,committee_dispersion,2019-03-27,-23,0.03603166341781616
2019-05-01,committee_dispersion,2019-03-28,-22,0.0374060794711113
2019-05-01,committee_dispersion,2019-03-29,-21,0.04141562432050705
2019-05-01,committee_dispersion,2019-04-01,-20,0.03458492457866669
2019-05-01,committee_dispersion,2019-04-02,-19,0.037205010652542114
2019-05-01,committee_dispersion,2019-04-03,-18,0.03612978011369705
2019-05-01,committee_dispersion,2019-04-04,-17,0.033571161329746246
2019-05-01,committee_dispersion,2019-04-05,-16,0.03499797359108925
2019-05-01,committee_dispersion,2019-04-08,-15,0.035484280437231064
2019-05-01,committee_dispersion,2019-04-09,-14,0.03659576177597046
2019-05-01,committee_dispersion,2019-04-10,-13,0.045225732028484344
2019-05-01,committee_dispersion,2019-04-11,-12,0.05051707476377487
2019-05-01,committee_dispersion,2019-04-12,-11,0.03404565155506134
2019-05-01,committee_dispersion,2019-04-15,-10,0.03783711791038513
2019-05-01,committee_dispersion,2019-04-16,-9,0.03399615362286568
2019-05-01,committee_dispersion,2019-04-17,-8,0.0328504852950573
2019-05-01,committee_dispersion,2019-04-18,-7,0.03316379338502884
2019-05-01,committee_dispersion,2019-04-22,-6,0.03299747407436371
2019-05-01,committee_dispersion,2019-04-23,-5,0.03230247646570206
2019-05-01,committee_dispersion,2019-04-24,-4,0.03351514786481857
2019-05-01,committee_dispersion,2019-04-25,-3,0.03298555687069893
2019-05-01,committee_dispersion,2019-04-26,-2,0.03535812720656395
2019-05-01,committee_dispersion,2019-04-29,-1,0.032430678606033325
2019-05-01,committee_dispersion,2019-04-30,0,0.03819219022989273
2019-05-01,policy_uncertainty,2019-03-21,-27,0.0382625013589859
2019-05-01,policy_uncertainty,2019-03-22,-26,0.03855457529425621
2019-05-01,policy_uncertainty,2019-03-25,-25,0.037415094673633575
2019-05-01,policy_uncertainty,2019-03-26,-24,0.03713475912809372
2019-05-01,policy_uncertainty,2019-03-27,-23,0.03944196552038193
2019-05-01,policy_uncertainty,2019-03-28,-22,0.03930765017867088
2019-05-01,policy_uncertainty,2019-03-29,-21,0.03585974872112274
2019-05-01,policy_uncertainty,2019-04-01,-20,0.03425786644220352
2019-05-01,policy_uncertainty,2019-04-02,-19,0.04001329839229584
2019-05-01,policy_uncertainty,2019-04-03,-18,0.03164093941450119
2019-05-01,policy_uncertainty,2019-04-04,-17,0.03655548393726349
2019-05-01,policy_uncertainty,2019-04-05,-16,0.033211447298526764
2019-05-01,policy_uncertainty,2019-04-08,-15,0.03210902586579323
2019-05-01,policy_uncertainty,2019-04-09,-14,0.030171267688274384
2019-05-01,policy_uncertainty,2019-04-10,-13,0.032637763768434525
2019-05-01,policy_uncertainty,2019-04-11,-12,0.032207190990448
2019-05-01,policy_uncertainty,2019-04-12,-11,0.03089582547545433
2019-05-01,policy_uncertainty,2019-04-15,-10,0.03827134519815445
2019-05-01,policy_uncertainty,2019-04-16,-9,0.030836714431643486
2019-05-01,policy_uncertainty,2019-04-17,-8,0.037244074046611786
2019-05-01,policy_uncertainty,2019-04-18,-7,0.03848347067832947
2019-05-01,policy_uncertainty,2019-04-22,-6,0.03538568317890167
2019-05-01,policy_uncertainty,2019-04-23,-5,0.037537626922130585
2019-05-01,policy_uncertainty,2019-04-24,-4,0.036948997527360916
2019-05-01,policy_uncertainty,2019-04-25,-3,0.034408584237098694
2019-05-01,policy_uncertainty,2019-04-26,-2,0.03705132007598877
2019-05-01,policy_uncertainty,2019-04-29,-1,0.03537367284297943
2019-05-01,policy_uncertainty,2019-04-30,0,0.038782138377428055
2019-05-01,forward_guidance_strength,2019-03-21,-27,0.03174172714352608
2019-05-01,forward_guidance_strength,2019-03-22,-26,0.0328252874314785
2019-05-01,forward_guidance_strength,2019-03-25,-25,0.03274325653910637
2019-05-01,forward_guidance_strength,2019-03-26,-24,0.03275317698717117
2019-05-01,forward_guidance_strength,2019-03-27,-23,0.03496111184358597
2019-05-01,forward_guidance_strength,2019-03-28,-22,0.03625449538230896
2019-05-01,forward_guidance_strength,2019-03-29,-21,0.042116761207580566
2019-05-01,forward_guidance_strength,2019-04-01,-20,0.03668668121099472
2019-05-01,forward_guidance_strength,2019-04-02,-19,0.03561065346002579
2019-05-01,forward_guidance_strength,2019-04-03,-18,0.03706763684749603
2019-05-01,forward_guidance_strength,2019-04-04,-17,0.03257536143064499
2019-05-01,forward_guidance_strength,2019-04-05,-16,0.03480522334575653
2019-05-01,forward_guidance_strength,2019-04-08,-15,0.036061499267816544
2019-05-01,forward_guidance_strength,2019-04-09,-14,0.038887619972229004
2019-05-01,forward_guidance_strength,2019-04-10,-13,0.04393763840198517
2019-05-01,forward_guidance_strength,2019-04-11,-12,0.04941972717642784
2019-05-01,forward_guidance_strength,2019-04-12,-11,0.03596947342157364
2019-05-01,forward_guidance_strength,2019-04-15,-10,0.03646954149007797
2019-05-01,forward_guidance_strength,2019-04-16,-9,0.03599212318658829
2019-05-01,forward_guidance_strength,2019-04-17,-8,0.03228874132037163
2019-05-01,forward_guidance_strength,2019-04-18,-7,0.031754691153764725
2019-05-01,forward_guidance_strength,2019-04-22,-6,0.03352608159184456
2019-05-01,forward_guidance_strength,2019-04-23,-5,0.03204767778515816
2019-05-01,forward_guidance_strength,2019-04-24,-4,0.03284480422735214
2019-05-01,forward_guidance_strength,2019-04-25,-3,0.034341961145401
2019-05-01,forward_guidance_strength,2019-04-26,-2,0.035075198858976364
2019-05-01,forward_guidance_strength,2019-04-29,-1,0.03313011676073074
2019-05-01,forward_guidance_strength,2019-04-30,0,0.03811173141002655
2019-06-19,rate_decision,2019-05-02,-32,0.030155397951602936
2019-06-19,rate_decision,2019-05-03,-31,0.032008782029151917
2019-06-19,rate_decision,2019-05-06,-30,0.030880484730005264
2019-06-19,rate_decision,2019-05-07,-29,0.03251589834690094
2019-06-19,rate_decision,2019-05-08,-28,0.030073564499616623
2019-06-19,rate_decision,2019-05-09,-27,0.030966542661190033
2019-06-19,rate_decision,2019-05-10,-26,0.029256461188197136
2019-06-19,rate_decision,2019-05-13,-25,0.03125487267971039
2019-06-19,rate_decision,2019-05-14,-24,0.02906959131360054
2019-06-19,rate_decision,2019-05-15,-23,0.03055610880255699
2019-06-19,rate_decision,2019-05-16,-22,0.0278201624751091
2019-06-19,rate_decision,2019-05-17,-21,0.028668109327554703
2019-06-19,rate_decision,2019-05-20,-20,0.026999104768037796
2019-06-19,rate_decision,2019-05-21,-19,0.028323303908109665
2019-06-19,rate_decision,2019-05-22,-18,0.02991688810288906
2019-06-19,rate_decision,2019-05-23,-17,0.03371482715010643
2019-06-19,rate_decision,2019-05-24,-16,0.030991841107606888
2019-06-19,rate_decision,2019-05-28,-15,0.03263275325298309
2019-06-19,rate_decision,2019-05-29,-14,0.031314119696617126
2019-06-19,rate_decision,2019-05-30,-13,0.030422545969486237
2019-06-19,rate_decision,2019-05-31,-12,0.030015017837285995
2019-06-19,rate_decision,2019-06-03,-11,0.03132496774196625
2019-06-19,rate_decision,2019-06-04,-10,0.029207544401288033
2019-06-19,rate_decision,2019-06-05,-9,0.0310978963971138
2019-06-19,rate_decision,2019-06-06,-8,0.02871769294142723
2019-06-19,rate_decision,2019-06-07,-7,0.030849143862724304
2019-06-19,rate_decision,2019-06-10,-6,0.027529316022992134
2019-06-19,rate_decision,2019-06-11,-5,0.03002098947763443
2019-06-19,rate_decision,2019-06-12,-4,0.030025720596313477
2019-06-19,rate_decision,2019-06-13,-3,0.031971730291843414
2019-06-19,rate_decision,2019-06-14,-2,0.030593764036893845
2019-06-19,rate_decision,2019-06-17,-1,0.027933161705732346
2019-06-19,rate_decision,2019-06-18,0,0.03317170962691307
2019-06-19,current_policy_stance,2019-05-02,-32,0.031083982437849045
2019-06-19,current_policy_stance,2019-05-03,-31,0.028797907754778862
2019-06-19,current_policy_stance,2019-05-06,-30,0.03048919513821602
2019-06-19,current_policy_stance,2019-05-07,-29,0.032486021518707275
2019-06-19,current_policy_stance,2019-05-08,-28,0.03026163950562477
2019-06-19,current_policy_stance,2019-05-09,-27,0.03260631114244461
2019-06-19,current_policy_stance,2019-05-10,-26,0.029311835765838623
2019-06-19,current_policy_stance,2019-05-13,-25,0.03415409475564957
2019-06-19,current_policy_stance,2019-05-14,-24,0.030154164880514145
2019-06-19,current_policy_stance,2019-05-15,-23,0.03710766136646271
2019-06-19,current_policy_stance,2019-05-16,-22,0.031830787658691406
2019-06-19,current_policy_stance,2019-05-17,-21,0.03412206470966339
2019-06-19,current_policy_stance,2019-05-20,-20,0.03138457238674164
2019-06-19,current_policy_stance,2019-05-21,-19,0.028121203184127808
2019-06-19,current_policy_stance,2019-05-22,-18,0.029313594102859497
2019-06-19,current_policy_stance,2019-05-23,-17,0.03283587843179703
2019-06-19,current_policy_stance,2019-05-24,-16,0.030016787350177765
2019-06-19,current_policy_stance,2019-05-28,-15,0.03227079287171364
2019-06-19,current_policy_stance,2019-05-29,-14,0.029840413480997086
2019-06-19,current_policy_stance,2019-05-30,-13,0.028364824131131172
2019-06-19,current_policy_stance,2019-05-31,-12,0.029566340148448944
2019-06-19,current_policy_stance,2019-06-03,-11,0.03140491992235184
2019-06-19,current_policy_stance,2019-06-04,-10,0.029064487665891647
2019-06-19,current_policy_stance,2019-06-05,-9,0.031096652150154114
2019-06-19,current_policy_stance,2019-06-06,-8,0.029738588258624077
2019-06-19,current_policy_stance,2019-06-07,-7,0.03199047967791557
2019-06-19,current_policy_stance,2019-06-10,-6,0.027618268504738808
2019-06-19,current_policy_stance,2019-06-11,-5,0.027400843799114227
2019-06-19,current_policy_stance,2019-06-12,-4,0.0259722787886858
2019-06-19,current_policy_stance,2019-06-13,-3,0.028622876852750778
2019-06-19,current_policy_stance,2019-06-14,-2,0.026879332959651947
2019-06-19,current_policy_stance,2019-06-17,-1,0.02821975015103817
2019-06-19,current_policy_stance,2019-06-18,0,0.027871470898389816
2019-06-19,policy_stance_shift,2019-05-02,-32,0.034111954271793365
2019-06-19,policy_stance_shift,2019-05-03,-31,0.03231042996048927
2019-06-19,policy_stance_shift,2019-05-06,-30,0.03090321272611618
2019-06-19,policy_stance_shift,2019-05-07,-29,0.030891183763742447
2019-06-19,policy_stance_shift,2019-05-08,-28,0.03065616264939308
2019-06-19,policy_stance_shift,2019-05-09,-27,0.03314879164099693
2019-06-19,policy_stance_shift,2019-05-10,-26,0.03181569650769234
2019-06-19,policy_stance_shift,2019-05-13,-25,0.034076105803251266
2019-06-19,policy_stance_shift,2019-05-14,-24,0.03312701731920242
2019-06-19,policy_stance_shift,2019-05-15,-23,0.037980783730745316
2019-06-19,policy_stance_shift,2019-05-16,-22,0.032542336732149124
2019-06-19,policy_stance_shift,2019-05-17,-21,0.0347067229449749
2019-06-19,policy_stance_shift,2019-05-20,-20,0.0305040180683136
2019-06-19,policy_stance_shift,2019-05-21,-19,0.02797991968691349
2019-06-19,policy_stance_shift,2019-05-22,-18,0.029667016118764877
2019-06-19,policy_stance_shift,2019-05-23,-17,0.029832355678081512
2019-06-19,policy_stance_shift,2019-05-24,-16,0.031090253964066505
2019-06-19,policy_stance_shift,2019-05-28,-15,0.03235980495810509
2019-06-19,policy_stance_shift,2019-05-29,-14,0.030206287279725075
2019-06-19,policy_stance_shift,2019-05-30,-13,0.029552776366472244
2019-06-19,policy_stance_shift,2019-05-31,-12,0.030071662738919258
2019-06-19,policy_stance_shift,2019-06-03,-11,0.029156703501939774
2019-06-19,policy_stance_shift,2019-06-04,-10,0.027922045439481735
2019-06-19,policy_stance_shift,2019-06-05,-9,0.029960300773382187
2019-06-19,policy_stance_shift,2019-06-06,-8,0.0275399312376976
2019-06-19,policy_stance_shift,2019-06-07,-7,0.029545612633228302
2019-06-19,policy_stance_shift,2019-06-10,-6,0.027382997795939445
2019-06-19,policy_stance_shift,2019-06-11,-5,0.026922352612018585
2019-06-19,policy_stance_shift,2019-06-12,-4,0.026916615664958954
2019-06-19,policy_stance_shift,2019-06-13,-3,0.025846391916275024
2019-06-19,policy_stance_shift,2019-06-14,-2,0.026499882340431213
2019-06-19,policy_stance_shift,2019-06-17,-1,0.0272882841527462
2019-06-19,policy_stance_shift,2019-06-18,0,0.027484390884637833
2019-06-19,expected_rate_path_shift,2019-05-02,-32,0.0341896191239357
2019-06-19,expected_rate_path_shift,2019-05-03,-31,0.032679155468940735
2019-06-19,expected_rate_path_shift,2019-05-06,-30,0.03111429698765278
2019-06-19,expected_rate_path_shift,2019-05-07,-29,0.030824504792690277
2019-06-19,expected_rate_path_shift,2019-05-08,-28,0.030844127759337425
2019-06-19,expected_rate_path_shift,2019-05-09,-27,0.03323528543114662
2019-06-19,expected_rate_path_shift,2019-05-10,-26,0.032018110156059265
2019-06-19,expected_rate_path_shift,2019-05-13,-25,0.03411845862865448
2019-06-19,expected_rate_path_shift,2019-05-14,-24,0.03331713750958443
2019-06-19,expected_rate_path_shift,2019-05-15,-23,0.03770163655281067
2019-06-19,expected_rate_path_shift,2019-05-16,-22,0.03220883011817932
2019-06-19,expected_rate_path_shift,2019-05-17,-21,0.034431252628564835
2019-06-19,expected_rate_path_shift,2019-05-20,-20,0.030766218900680542
2019-06-19,expected_rate_path_shift,2019-05-21,-19,0.028326155617833138
2019-06-19,expected_rate_path_shift,2019-05-22,-18,0.029922865331172943
2019-06-19,expected_rate_path_shift,2019-05-23,-17,0.02983870357275009
2019-06-19,expected_rate_path_shift,2019-05-24,-16,0.031214984133839607
2019-06-19,expected_rate_path_shift,2019-05-28,-15,0.03246594965457916
2019-06-19,expected_rate_path_shift,2019-05-29,-14,0.030326176434755325
2019-06-19,expected_rate_path_shift,2019-05-30,-13,0.02970080077648163
2019-06-19,expected_rate_path_shift,2019-05-31,-12,0.030154738575220108
2019-06-19,expected_rate_path_shift,2019-06-03,-11,0.029205264523625374
2019-06-19,expected_rate_path_shift,2019-06-04,-10,0.028056304901838303
2019-06-19,expected_rate_path_shift,2019-06-05,-9,0.02990023046731949
2019-06-19,expected_rate_path_shift,2019-06-06,-8,0.027502520009875298
2019-06-19,expected_rate_path_shift,2019-06-07,-7,0.029204919934272766
2019-06-19,expected_rate_path_shift,2019-06-10,-6,0.02740141749382019
2019-06-19,expected_rate_path_shift,2019-06-11,-5,0.026955649256706238
2019-06-19,expected_rate_path_shift,2019-06-12,-4,0.026983972638845444
2019-06-19,expected_rate_path_shift,2019-06-13,-3,0.025716539472341537
2019-06-19,expected_rate_path_shift,2019-06-14,-2,0.026166148483753204
2019-06-19,expected_rate_path_shift,2019-06-17,-1,0.02656792849302292
2019-06-19,expected_rate_path_shift,2019-06-18,0,0.026940084993839264
2019-06-19,inflation_assessment_shift,2019-05-02,-32,0.03365423530340195
2019-06-19,inflation_assessment_shift,2019-05-03,-31,0.032394539564847946
2019-06-19,inflation_assessment_shift,2019-05-06,-30,0.030807115137577057
2019-06-19,inflation_assessment_shift,2019-05-07,-29,0.03053205832839012
2019-06-19,inflation_assessment_shift,2019-05-08,-28,0.030466493219137192
2019-06-19,inflation_assessment_shift,2019-05-09,-27,0.03302803635597229
2019-06-19,inflation_assessment_shift,2019-05-10,-26,0.03180259093642235
2019-06-19,inflation_assessment_shift,2019-05-13,-25,0.034096188843250275
2019-06-19,inflation_assessment_shift,2019-05-14,-24,0.033089715987443924
2019-06-19,inflation_assessment_shift,2019-05-15,-23,0.037864405661821365
2019-06-19,inflation_assessment_shift,2019-05-16,-22,0.0321018248796463
2019-06-19,inflation_assessment_shift,2019-05-17,-21,0.03418199345469475
2019-06-19,inflation_assessment_shift,2019-05-20,-20,0.030244920402765274
2019-06-19,inflation_assessment_shift,2019-05-21,-19,0.027969419956207275
2019-06-19,inflation_assessment_shift,2019-05-22,-18,0.029825959354639053
2019-06-19,inflation_assessment_shift,2019-05-23,-17,0.029703378677368164
2019-06-19,inflation_assessment_shift,2019-05-24,-16,0.03124069795012474
2019-06-19,inflation_assessment_shift,2019-05-28,-15,0.032600123435258865
2019-06-19,inflation_assessment_shift,2019-05-29,-14,0.030316151678562164
2019-06-19,inflation_assessment_shift,2019-05-30,-13,0.029837900772690773
2019-06-19,inflation_assessment_shift,2019-05-31,-12,0.030220581218600273
2019-06-19,inflation_assessment_shift,2019-06-03,-11,0.029158882796764374
2019-06-19,inflation_assessment_shift,2019-06-04,-10,0.028026433661580086
2019-06-19,inflation_assessment_shift,2019-06-05,-9,0.030173588544130325
2019-06-19,inflation_assessment_shift,2019-06-06,-8,0.027383310720324516
2019-06-19,inflation_assessment_shift,2019-06-07,-7,0.029508603736758232
2019-06-19,inflation_assessment_shift,2019-06-10,-6,0.0273791141808033
2019-06-19,inflation_assessment_shift,2019-06-11,-5,0.02723081037402153
2019-06-19,inflation_assessment_shift,2019-06-12,-4,0.027246829122304916
2019-06-19,inflation_assessment_shift,2019-06-13,-3,0.026129338890314102
2019-06-19,inflation_assessment_shift,2019-06-14,-2,0.02700997330248356
2019-06-19,inflation_assessment_shift,2019-06-17,-1,0.027192072942852974
2019-06-19,inflation_assessment_shift,2019-06-18,0,0.027582671493291855
2019-06-19,inflation_risk_shift,2019-05-02,-32,0.03432903811335564
2019-06-19,inflation_risk_shift,2019-05-03,-31,0.03280016407370567
2019-06-19,inflation_risk_shift,2019-05-06,-30,0.031051501631736755
2019-06-19,inflation_risk_shift,2019-05-07,-29,0.030624039471149445
2019-06-19,inflation_risk_shift,2019-05-08,-28,0.030714811757206917
2019-06-19,inflation_risk_shift,2019-05-09,-27,0.03302203491330147
2019-06-19,inflation_risk_shift,2019-05-10,-26,0.032171331346035004
2019-06-19,inflation_risk_shift,2019-05-13,-25,0.03377281129360199
2019-06-19,inflation_risk_shift,2019-05-14,-24,0.033332206308841705
2019-06-19,inflation_risk_shift,2019-05-15,-23,0.03698867931962013
2019-06-19,inflation_risk_shift,2019-05-16,-22,0.03189046308398247
2019-06-19,inflation_risk_shift,2019-05-17,-21,0.03410542011260986
2019-06-19,inflation_risk_shift,2019-05-20,-20,0.030567225068807602
2019-06-19,inflation_risk_shift,2019-05-21,-19,0.02857515588402748
2019-06-19,inflation_risk_shift,2019-05-22,-18,0.029998980462551117
2019-06-19,inflation_risk_shift,2019-05-23,-17,0.02942928485572338
2019-06-19,inflation_risk_shift,2019-05-24,-16,0.031409524381160736
2019-06-19,inflation_risk_shift,2019-05-28,-15,0.0323743112385273
2019-06-19,inflation_risk_shift,2019-05-29,-14,0.03036784753203392
2019-06-19,inflation_risk_shift,2019-05-30,-13,0.030015811324119568
2019-06-19,inflation_risk_shift,2019-05-31,-12,0.030099492520093918
2019-06-19,inflation_risk_shift,2019-06-03,-11,0.028802217915654182
2019-06-19,inflation_risk_shift,2019-06-04,-10,0.028048567473888397
2019-06-19,inflation_risk_shift,2019-06-05,-9,0.029592622071504593
2019-06-19,inflation_risk_shift,2019-06-06,-8,0.027286004275083542
2019-06-19,inflation_risk_shift,2019-06-07,-7,0.028912575915455818
2019-06-19,inflation_risk_shift,2019-06-10,-6,0.02738468162715435
2019-06-19,inflation_risk_shift,2019-06-11,-5,0.027339506894350052
2019-06-19,inflation_risk_shift,2019-06-12,-4,0.027266379445791245
2019-06-19,inflation_risk_shift,2019-06-13,-3,0.02586997114121914
2019-06-19,inflation_risk_shift,2019-06-14,-2,0.02691115252673626
2019-06-19,inflation_risk_shift,2019-06-17,-1,0.027036067098379135
2019-06-19,inflation_risk_shift,2019-06-18,0,0.027910124510526657
2019-06-19,unemployment_assessment_shift,2019-05-02,-32,0.03372875973582268
2019-06-19,unemployment_assessment_shift,2019-05-03,-31,0.03151397407054901
2019-06-19,unemployment_assessment_shift,2019-05-06,-30,0.03090253844857216
2019-06-19,unemployment_assessment_shift,2019-05-07,-29,0.031539492309093475
2019-06-19,unemployment_assessment_shift,2019-05-08,-28,0.031176883727312088
2019-06-19,unemployment_assessment_shift,2019-05-09,-27,0.033492982387542725
2019-06-19,unemployment_assessment_shift,2019-05-10,-26,0.031494494527578354
2019-06-19,unemployment_assessment_shift,2019-05-13,-25,0.035030514001846313
2019-06-19,unemployment_assessment_shift,2019-05-14,-24,0.03311536833643913
2019-06-19,unemployment_assessment_shift,2019-05-15,-23,0.038940027356147766
2019-06-19,unemployment_assessment_shift,2019-05-16,-22,0.033375244587659836
2019-06-19,unemployment_assessment_shift,2019-05-17,-21,0.03475431352853775
2019-06-19,unemployment_assessment_shift,2019-05-20,-20,0.03076251968741417
2019-06-19,unemployment_assessment_shift,2019-05-21,-19,0.02778930775821209
2019-06-19,unemployment_assessment_shift,2019-05-22,-18,0.029838182032108307
2019-06-19,unemployment_assessment_shift,2019-05-23,-17,0.03103926032781601
2019-06-19,unemployment_assessment_shift,2019-05-24,-16,0.03114619478583336
2019-06-19,unemployment_assessment_shift,2019-05-28,-15,0.033438120037317276
2019-06-19,unemployment_assessment_shift,2019-05-29,-14,0.03055894747376442
2019-06-19,unemployment_assessment_shift,2019-05-30,-13,0.029376909136772156
2019-06-19,unemployment_assessment_shift,2019-05-31,-12,0.030147556215524673
2019-06-19,unemployment_assessment_shift,2019-06-03,-11,0.029814597219228745
2019-06-19,unemployment_assessment_shift,2019-06-04,-10,0.02818113937973976
2019-06-19,unemployment_assessment_shift,2019-06-05,-9,0.03020920418202877
2019-06-19,unemployment_assessment_shift,2019-06-06,-8,0.027871962636709213
2019-06-19,unemployment_assessment_shift,2019-06-07,-7,0.029807256534695625
2019-06-19,unemployment_assessment_shift,2019-06-10,-6,0.026939757168293
2019-06-19,unemployment_assessment_shift,2019-06-11,-5,0.02639582008123398
2019-06-19,unemployment_assessment_shift,2019-06-12,-4,0.026072034612298012
2019-06-19,unemployment_assessment_shift,2019-06-13,-3,0.025466803461313248
2019-06-19,unemployment_assessment_shift,2019-06-14,-2,0.024956757202744484
2019-06-19,unemployment_assessment_shift,2019-06-17,-1,0.025830479338765144
2019-06-19,unemployment_assessment_shift,2019-06-18,0,0.025292612612247467
2019-06-19,labor_market_risk_shift,2019-05-02,-32,0.034236885607242584
2019-06-19,labor_market_risk_shift,2019-05-03,-31,0.032102905213832855
2019-06-19,labor_market_risk_shift,2019-05-06,-30,0.030985279008746147
2019-06-19,labor_market_risk_shift,2019-05-07,-29,0.03088262677192688
2019-06-19,labor_market_risk_shift,2019-05-08,-28,0.030770525336265564
2019-06-19,labor_market_risk_shift,2019-05-09,-27,0.03313944488763809
2019-06-19,labor_market_risk_shift,2019-05-10,-26,0.03183119371533394
2019-06-19,labor_market_risk_shift,2019-05-13,-25,0.03410835936665535
2019-06-19,labor_market_risk_shift,2019-05-14,-24,0.03302033245563507
2019-06-19,labor_market_risk_shift,2019-05-15,-23,0.03781270980834961
2019-06-19,labor_market_risk_shift,2019-05-16,-22,0.03228870779275894
2019-06-19,labor_market_risk_shift,2019-05-17,-21,0.035053178668022156
2019-06-19,labor_market_risk_shift,2019-05-20,-20,0.030941348522901535
2019-06-19,labor_market_risk_shift,2019-05-21,-19,0.0283593088388443
2019-06-19,labor_market_risk_shift,2019-05-22,-18,0.030157074332237244
2019-06-19,labor_market_risk_shift,2019-05-23,-17,0.029937252402305603
2019-06-19,labor_market_risk_shift,2019-05-24,-16,0.031202394515275955
2019-06-19,labor_market_risk_shift,2019-05-28,-15,0.032560039311647415
2019-06-19,labor_market_risk_shift,2019-05-29,-14,0.030188951641321182
2019-06-19,labor_market_risk_shift,2019-05-30,-13,0.029600530862808228
2019-06-19,labor_market_risk_shift,2019-05-31,-12,0.030078107491135597
2019-06-19,labor_market_risk_shift,2019-06-03,-11,0.02906664088368416
2019-06-19,labor_market_risk_shift,2019-06-04,-10,0.028058964759111404
2019-06-19,labor_market_risk_shift,2019-06-05,-9,0.02980644814670086
2019-06-19,labor_market_risk_shift,2019-06-06,-8,0.027529899030923843
2019-06-19,labor_market_risk_shift,2019-06-07,-7,0.029474107548594475
2019-06-19,labor_market_risk_shift,2019-06-10,-6,0.02742668427526951
2019-06-19,labor_market_risk_shift,2019-06-11,-5,0.027078622952103615
2019-06-19,labor_market_risk_shift,2019-06-12,-4,0.026737313717603683
2019-06-19,labor_market_risk_shift,2019-06-13,-3,0.0258768480271101
2019-06-19,labor_market_risk_shift,2019-06-14,-2,0.025943148881196976
2019-06-19,labor_market_risk_shift,2019-06-17,-1,0.027127183973789215
2019-06-19,labor_market_risk_shift,2019-06-18,0,0.026616960763931274
2019-06-19,growth_activity_shift,2019-05-02,-32,0.03435512259602547
2019-06-19,growth_activity_shift,2019-05-03,-31,0.03268297389149666
2019-06-19,growth_activity_shift,2019-05-06,-30,0.031192168593406677
2019-06-19,growth_activity_shift,2019-05-07,-29,0.030897613614797592
2019-06-19,growth_activity_shift,2019-05-08,-28,0.030720636248588562
2019-06-19,growth_activity_shift,2019-05-09,-27,0.033282049000263214
2019-06-19,growth_activity_shift,2019-05-10,-26,0.03186880797147751
2019-06-19,growth_activity_shift,2019-05-13,-25,0.034343644976615906
2019-06-19,growth_activity_shift,2019-05-14,-24,0.0331265926361084
2019-06-19,growth_activity_shift,2019-05-15,-23,0.03777188062667847
2019-06-19,growth_activity_shift,2019-05-16,-22,0.03215576335787773
2019-06-19,growth_activity_shift,2019-05-17,-21,0.0343766063451767
2019-06-19,growth_activity_shift,2019-05-20,-20,0.030569806694984436
2019-06-19,growth_activity_shift,2019-05-21,-19,0.028375834226608276
2019-06-19,growth_activity_shift,2019-05-22,-18,0.030136695131659508
2019-06-19,growth_activity_shift,2019-05-23,-17,0.030333150178194046
2019-06-19,growth_activity_shift,2019-05-24,-16,0.031154733151197433
2019-06-19,growth_activity_shift,2019-05-28,-15,0.03265569359064102
2019-06-19,growth_activity_shift,2019-05-29,-14,0.030426152050495148
2019-06-19,growth_activity_shift,2019-05-30,-13,0.029640108346939087
2019-06-19,growth_activity_shift,2019-05-31,-12,0.03013443574309349
2019-06-19,growth_activity_shift,2019-06-03,-11,0.029043283313512802
2019-06-19,growth_activity_shift,2019-06-04,-10,0.027830736711621284
2019-06-19,growth_activity_shift,2019-06-05,-9,0.029906539246439934
2019-06-19,growth_activity_shift,2019-06-06,-8,0.027532756328582764
2019-06-19,growth_activity_shift,2019-06-07,-7,0.029395798221230507
2019-06-19,growth_activity_shift,2019-06-10,-6,0.02724377252161503
2019-06-19,growth_activity_shift,2019-06-11,-5,0.027073059231042862
2019-06-19,growth_activity_shift,2019-06-12,-4,0.026890022680163383
2019-06-19,growth_activity_shift,2019-06-13,-3,0.025633150711655617
2019-06-19,growth_activity_shift,2019-06-14,-2,0.02589619904756546
2019-06-19,growth_activity_shift,2019-06-17,-1,0.026536984369158745
2019-06-19,growth_activity_shift,2019-06-18,0,0.026817232370376587
2019-06-19,financial_conditions_shift,2019-05-02,-32,0.028448540717363358
2019-06-19,financial_conditions_shift,2019-05-03,-31,0.027020640671253204
2019-06-19,financial_conditions_shift,2019-05-06,-30,0.029290352016687393
2019-06-19,financial_conditions_shift,2019-05-07,-29,0.030755098909139633
2019-06-19,financial_conditions_shift,2019-05-08,-28,0.029748719185590744
2019-06-19,financial_conditions_shift,2019-05-09,-27,0.029256608337163925
2019-06-19,financial_conditions_shift,2019-05-10,-26,0.02746954932808876
2019-06-19,financial_conditions_shift,2019-05-13,-25,0.029701055958867073
2019-06-19,financial_conditions_shift,2019-05-14,-24,0.0278707854449749
2019-06-19,financial_conditions_shift,2019-05-15,-23,0.029926367104053497
2019-06-19,financial_conditions_shift,2019-05-16,-22,0.029820319265127182
2019-06-19,financial_conditions_shift,2019-05-17,-21,0.030361711978912354
2019-06-19,financial_conditions_shift,2019-05-20,-20,0.03235406428575516
2019-06-19,financial_conditions_shift,2019-05-21,-19,0.02882232889533043
2019-06-19,financial_conditions_shift,2019-05-22,-18,0.028861049562692642
2019-06-19,financial_conditions_shift,2019-05-23,-17,0.03143310546875
2019-06-19,financial_conditions_shift,2019-05-24,-16,0.02874148078262806
2019-06-19,financial_conditions_shift,2019-05-28,-15,0.029988888651132584
2019-06-19,financial_conditions_shift,2019-05-29,-14,0.029338378459215164
2019-06-19,financial_conditions_shift,2019-05-30,-13,0.028742212802171707
2019-06-19,financial_conditions_shift,2019-05-31,-12,0.029304254800081253
2019-06-19,financial_conditions_shift,2019-06-03,-11,0.03205575793981552
2019-06-19,financial_conditions_shift,2019-06-04,-10,0.031030021607875824
2019-06-19,financial_conditions_shift,2019-06-05,-9,0.03079267218708992
2019-06-19,financial_conditions_shift,2019-06-06,-8,0.032262492924928665
2019-06-19,financial_conditions_shift,2019-06-07,-7,0.03252727910876274
2019-06-19,financial_conditions_shift,2019-06-10,-6,0.030682839453220367
2019-06-19,financial_conditions_shift,2019-06-11,-5,0.029890863224864006
2019-06-19,financial_conditions_shift,2019-06-12,-4,0.028601661324501038
2019-06-19,financial_conditions_shift,2019-06-13,-3,0.03284849971532822
2019-06-19,financial_conditions_shift,2019-06-14,-2,0.032130166888237
2019-06-19,financial_conditions_shift,2019-06-17,-1,0.03170819580554962
2019-06-19,financial_conditions_shift,2019-06-18,0,0.03821403905749321
2019-06-19,balance_sheet_policy_shift,2019-05-02,-32,0.030733320862054825
2019-06-19,balance_sheet_policy_shift,2019-05-03,-31,0.028812311589717865
2019-06-19,balance_sheet_policy_shift,2019-05-06,-30,0.030399732291698456
2019-06-19,balance_sheet_policy_shift,2019-05-07,-29,0.03234010562300682
2019-06-19,balance_sheet_policy_shift,2019-05-08,-28,0.03070204146206379
2019-06-19,balance_sheet_policy_shift,2019-05-09,-27,0.032151177525520325
2019-06-19,balance_sheet_policy_shift,2019-05-10,-26,0.02931702882051468
2019-06-19,balance_sheet_policy_shift,2019-05-13,-25,0.03360343351960182
2019-06-19,balance_sheet_policy_shift,2019-05-14,-24,0.03067854419350624
2019-06-19,balance_sheet_policy_shift,2019-05-15,-23,0.03615174442529678
2019-06-19,balance_sheet_policy_shift,2019-05-16,-22,0.03292390704154968
2019-06-19,balance_sheet_policy_shift,2019-05-17,-21,0.03297771140933037
2019-06-19,balance_sheet_policy_shift,2019-05-20,-20,0.03147684410214424
2019-06-19,balance_sheet_policy_shift,2019-05-21,-19,0.02755086123943329
2019-06-19,balance_sheet_policy_shift,2019-05-22,-18,0.02899731695652008
2019-06-19,balance_sheet_policy_shift,2019-05-23,-17,0.032323483377695084
2019-06-19,balance_sheet_policy_shift,2019-05-24,-16,0.030348649248480797
2019-06-19,balance_sheet_policy_shift,2019-05-28,-15,0.032363809645175934
2019-06-19,balance_sheet_policy_shift,2019-05-29,-14,0.03039383515715599
2019-06-19,balance_sheet_policy_shift,2019-05-30,-13,0.028539597988128662
2019-06-19,balance_sheet_policy_shift,2019-05-31,-12,0.0296471007168293
2019-06-19,balance_sheet_policy_shift,2019-06-03,-11,0.03143936023116112
2019-06-19,balance_sheet_policy_shift,2019-06-04,-10,0.029212187975645065
2019-06-19,balance_sheet_policy_shift,2019-06-05,-9,0.03163043409585953
2019-06-19,balance_sheet_policy_shift,2019-06-06,-8,0.030181188136339188
2019-06-19,balance_sheet_policy_shift,2019-06-07,-7,0.031569015234708786
2019-06-19,balance_sheet_policy_shift,2019-06-10,-6,0.027767537161707878
2019-06-19,balance_sheet_policy_shift,2019-06-11,-5,0.02651713415980339
2019-06-19,balance_sheet_policy_shift,2019-06-12,-4,0.025570057332515717
2019-06-19,balance_sheet_policy_shift,2019-06-13,-3,0.027934003621339798
2019-06-19,balance_sheet_policy_shift,2019-06-14,-2,0.027017399668693542
2019-06-19,balance_sheet_policy_shift,2019-06-17,-1,0.02780938148498535
2019-06-19,balance_sheet_policy_shift,2019-06-18,0,0.03091970458626747
2019-06-19,risk_balance_shift,2019-05-02,-32,0.034056346863508224
2019-06-19,risk_balance_shift,2019-05-03,-31,0.03296513855457306
2019-06-19,risk_balance_shift,2019-05-06,-30,0.03103039041161537
2019-06-19,risk_balance_shift,2019-05-07,-29,0.03049497678875923
2019-06-19,risk_balance_shift,2019-05-08,-28,0.03051592782139778
2019-06-19,risk_balance_shift,2019-05-09,-27,0.0330163910984993
2019-06-19,risk_balance_shift,2019-05-10,-26,0.032050419598817825
2019-06-19,risk_balance_shift,2019-05-13,-25,0.03388199955224991
2019-06-19,risk_balance_shift,2019-05-14,-24,0.03324037045240402
2019-06-19,risk_balance_shift,2019-05-15,-23,0.03711771219968796
2019-06-19,risk_balance_shift,2019-05-16,-22,0.0319976769387722
2019-06-19,risk_balance_shift,2019-05-17,-21,0.03390839695930481
2019-06-19,risk_balance_shift,2019-05-20,-20,0.030144132673740387
2019-06-19,risk_balance_shift,2019-05-21,-19,0.028438227251172066
2019-06-19,risk_balance_shift,2019-05-22,-18,0.030119337141513824
2019-06-19,risk_balance_shift,2019-05-23,-17,0.02968350611627102
2019-06-19,risk_balance_shift,2019-05-24,-16,0.031289905309677124
2019-06-19,risk_balance_shift,2019-05-28,-15,0.032312966883182526
2019-06-19,risk_balance_shift,2019-05-29,-14,0.030248533934354782
2019-06-19,risk_balance_shift,2019-05-30,-13,0.02990637719631195
2019-06-19,risk_balance_shift,2019-05-31,-12,0.030188564211130142
2019-06-19,risk_balance_shift,2019-06-03,-11,0.028809599578380585
2019-06-19,risk_balance_shift,2019-06-04,-10,0.027907485142350197
2019-06-19,risk_balance_shift,2019-06-05,-9,0.02987504005432129
2019-06-19,risk_balance_shift,2019-06-06,-8,0.027340294793248177
2019-06-19,risk_balance_shift,2019-06-07,-7,0.02901194989681244
2019-06-19,risk_balance_shift,2019-06-10,-6,0.027281127870082855
2019-06-19,risk_balance_shift,2019-06-11,-5,0.027337003499269485
2019-06-19,risk_balance_shift,2019-06-12,-4,0.027356553822755814
2019-06-19,risk_balance_shift,2019-06-13,-3,0.025727562606334686
2019-06-19,risk_balance_shift,2019-06-14,-2,0.026880502700805664
2019-06-19,risk_balance_shift,2019-06-17,-1,0.027370043098926544
2019-06-19,risk_balance_shift,2019-06-18,0,0.02849555015563965
2019-06-19,committee_dispersion,2019-05-02,-32,0.028607580810785294
2019-06-19,committee_dispersion,2019-05-03,-31,0.027092261239886284
2019-06-19,committee_dispersion,2019-05-06,-30,0.029933776706457138
2019-06-19,committee_dispersion,2019-05-07,-29,0.03155028074979782
2019-06-19,committee_dispersion,2019-05-08,-28,0.030225403606891632
2019-06-19,committee_dispersion,2019-05-09,-27,0.029977072030305862
2019-06-19,committee_dispersion,2019-05-10,-26,0.028043517842888832
2019-06-19,committee_dispersion,2019-05-13,-25,0.030664250254631042
2019-06-19,committee_dispersion,2019-05-14,-24,0.02827093005180359
2019-06-19,committee_dispersion,2019-05-15,-23,0.030643677338957787
2019-06-19,committee_dispersion,2019-05-16,-22,0.030359024181962013
2019-06-19,committee_dispersion,2019-05-17,-21,0.030698655173182487
2019-06-19,committee_dispersion,2019-05-20,-20,0.03259242698550224
2019-06-19,committee_dispersion,2019-05-21,-19,0.028789803385734558
2019-06-19,committee_dispersion,2019-05-22,-18,0.02911754697561264
2019-06-19,committee_dispersion,2019-05-23,-17,0.03243746608495712
2019-06-19,committee_dispersion,2019-05-24,-16,0.02918200008571148
2019-06-19,committee_dispersion,2019-05-28,-15,0.030584927648305893
2019-06-19,committee_dispersion,2019-05-29,-14,0.029758276417851448
2019-06-19,committee_dispersion,2019-05-30,-13,0.028621874749660492
2019-06-19,committee_dispersion,2019-05-31,-12,0.02915346808731556
2019-06-19,committee_dispersion,2019-06-03,-11,0.03167669475078583
2019-06-19,committee_dispersion,2019-06-04,-10,0.03043866902589798
2019-06-19,committee_dispersion,2019-06-05,-9,0.03031717985868454
2019-06-19,committee_dispersion,2019-06-06,-8,0.031642600893974304
2019-06-19,committee_dispersion,2019-06-07,-7,0.03194108605384827
2019-06-19,committee_dispersion,2019-06-10,-6,0.02984069474041462
2019-06-19,committee_dispersion,2019-06-11,-5,0.029221532866358757
2019-06-19,committee_dispersion,2019-06-12,-4,0.027798885479569435
2019-06-19,committee_dispersion,2019-06-13,-3,0.031996048986911774
2019-06-19,committee_dispersion,2019-06-14,-2,0.031148474663496017
2019-06-19,committee_dispersion,2019-06-17,-1,0.03129642829298973
2019-06-19,committee_dispersion,2019-06-18,0,0.036377523094415665
2019-06-19,policy_uncertainty,2019-05-02,-32,0.0290147103369236
2019-06-19,policy_uncertainty,2019-05-03,-31,0.027247361838817596
2019-06-19,policy_uncertainty,2019-05-06,-30,0.02981877699494362
2019-06-19,policy_uncertainty,2019-05-07,-29,0.031145449727773666
2019-06-19,policy_uncertainty,2019-05-08,-28,0.029778502881526947
2019-06-19,policy_uncertainty,2019-05-09,-27,0.029491955414414406
2019-06-19,policy_uncertainty,2019-05-10,-26,0.027932770550251007
2019-06-19,policy_uncertainty,2019-05-13,-25,0.03014317713677883
2019-06-19,policy_uncertainty,2019-05-14,-24,0.027995513752102852
2019-06-19,policy_uncertainty,2019-05-15,-23,0.030527399852871895
2019-06-19,policy_uncertainty,2019-05-16,-22,0.030411750078201294
2019-06-19,policy_uncertainty,2019-05-17,-21,0.030681490898132324
2019-06-19,policy_uncertainty,2019-05-20,-20,0.03268058970570564
2019-06-19,policy_uncertainty,2019-05-21,-19,0.028960227966308594
2019-06-19,policy_uncertainty,2019-05-22,-18,0.02921348810195923
2019-06-19,policy_uncertainty,2019-05-23,-17,0.03208610415458679
2019-06-19,policy_uncertainty,2019-05-24,-16,0.029280871152877808
2019-06-19,policy_uncertainty,2019-05-28,-15,0.030495816841721535
2019-06-19,policy_uncertainty,2019-05-29,-14,0.029664570465683937
2019-06-19,policy_uncertainty,2019-05-30,-13,0.02867453545331955
2019-06-19,policy_uncertainty,2019-05-31,-12,0.029286041855812073
2019-06-19,policy_uncertainty,2019-06-03,-11,0.0316622257232666
2019-06-19,policy_uncertainty,2019-06-04,-10,0.03055540658533573
2019-06-19,policy_uncertainty,2019-06-05,-9,0.03059784322977066
2019-06-19,policy_uncertainty,2019-06-06,-8,0.03153635188937187
2019-06-19,policy_uncertainty,2019-06-07,-7,0.03220786154270172
2019-06-19,policy_uncertainty,2019-06-10,-6,0.02996891364455223
2019-06-19,policy_uncertainty,2019-06-11,-5,0.029175225645303726
2019-06-19,policy_uncertainty,2019-06-12,-4,0.027715321630239487
2019-06-19,policy_uncertainty,2019-06-13,-3,0.03224875032901764
2019-06-19,policy_uncertainty,2019-06-14,-2,0.031375955790281296
2019-06-19,policy_uncertainty,2019-06-17,-1,0.03199181705713272
2019-06-19,policy_uncertainty,2019-06-18,0,0.03643322363495827
2019-06-19,forward_guidance_strength,2019-05-02,-32,0.0338166281580925
2019-06-19,forward_guidance_strength,2019-05-03,-31,0.03199513629078865
2019-06-19,forward_guidance_strength,2019-05-06,-30,0.030707262456417084
2019-06-19,forward_guidance_strength,2019-05-07,-29,0.030781038105487823
2019-06-19,forward_guidance_strength,2019-05-08,-28,0.030642563477158546
2019-06-19,forward_guidance_strength,2019-05-09,-27,0.03313639387488365
2019-06-19,forward_guidance_strength,2019-05-10,-26,0.03181566298007965
2019-06-19,forward_guidance_strength,2019-05-13,-25,0.034311503171920776
2019-06-19,forward_guidance_strength,2019-05-14,-24,0.03312060236930847
2019-06-19,forward_guidance_strength,2019-05-15,-23,0.03831003978848457
2019-06-19,forward_guidance_strength,2019-05-16,-22,0.03292988985776901
2019-06-19,forward_guidance_strength,2019-05-17,-21,0.034864965826272964
2019-06-19,forward_guidance_strength,2019-05-20,-20,0.030510686337947845
2019-06-19,forward_guidance_strength,2019-05-21,-19,0.02783719077706337
2019-06-19,forward_guidance_strength,2019-05-22,-18,0.02990669012069702
2019-06-19,forward_guidance_strength,2019-05-23,-17,0.029888935387134552
2019-06-19,forward_guidance_strength,2019-05-24,-16,0.031238019466400146
2019-06-19,forward_guidance_strength,2019-05-28,-15,0.03271506726741791
2019-06-19,forward_guidance_strength,2019-05-29,-14,0.030194953083992004
2019-06-19,forward_guidance_strength,2019-05-30,-13,0.029543094336986542
2019-06-19,forward_guidance_strength,2019-05-31,-12,0.0301703829318285
2019-06-19,forward_guidance_strength,2019-06-03,-11,0.02922310307621956
2019-06-19,forward_guidance_strength,2019-06-04,-10,0.02810770273208618
2019-06-19,forward_guidance_strength,2019-06-05,-9,0.030419638380408287
2019-06-19,forward_guidance_strength,2019-06-06,-8,0.02768956869840622
2019-06-19,forward_guidance_strength,2019-06-07,-7,0.02979915961623192
2019-06-19,forward_guidance_strength,2019-06-10,-6,0.02725364826619625
2019-06-19,forward_guidance_strength,2019-06-11,-5,0.026774952188134193
2019-06-19,forward_guidance_strength,2019-06-12,-4,0.026558715850114822
2019-06-19,forward_guidance_strength,2019-06-13,-3,0.025633089244365692
2019-06-19,forward_guidance_strength,2019-06-14,-2,0.025945521891117096
2019-06-19,forward_guidance_strength,2019-06-17,-1,0.027120186015963554
2019-06-19,forward_guidance_strength,2019-06-18,0,0.027038022875785828
2019-07-31,rate_decision,2019-06-20,-27,0.03659511357545853
2019-07-31,rate_decision,2019-06-21,-26,0.035948555916547775
2019-07-31,rate_decision,2019-06-24,-25,0.03648841381072998
2019-07-31,rate_decision,2019-06-25,-24,0.04043341055512428
2019-07-31,rate_decision,2019-06-26,-23,0.035062097012996674
2019-07-31,rate_decision,2019-06-27,-22,0.03874346986413002
2019-07-31,rate_decision,2019-06-28,-21,0.0382823720574379
2019-07-31,rate_decision,2019-07-01,-20,0.03304000198841095
2019-07-31,rate_decision,2019-07-02,-19,0.03520297259092331
2019-07-31,rate_decision,2019-07-03,-18,0.03658900409936905
2019-07-31,rate_decision,2019-07-05,-17,0.030712004750967026
2019-07-31,rate_decision,2019-07-08,-16,0.03756039962172508
2019-07-31,rate_decision,2019-07-09,-15,0.03364034742116928
2019-07-31,rate_decision,2019-07-10,-14,0.037847161293029785
2019-07-31,rate_decision,2019-07-11,-13,0.03707695007324219
2019-07-31,rate_decision,2019-07-12,-12,0.033755913376808167
2019-07-31,rate_decision,2019-07-15,-11,0.03648662194609642
2019-07-31,rate_decision,2019-07-16,-10,0.03010658174753189
2019-07-31,rate_decision,2019-07-17,-9,0.036891497671604156
2019-07-31,rate_decision,2019-07-18,-8,0.041937701404094696
2019-07-31,rate_decision,2019-07-19,-7,0.035839907824993134
2019-07-31,rate_decision,2019-07-22,-6,0.0380571112036705
2019-07-31,rate_decision,2019-07-23,-5,0.03461112454533577
2019-07-31,rate_decision,2019-07-24,-4,0.028803888708353043
2019-07-31,rate_decision,2019-07-25,-3,0.028321724385023117
2019-07-31,rate_decision,2019-07-26,-2,0.03261183947324753
2019-07-31,rate_decision,2019-07-29,-1,0.03654462844133377
2019-07-31,rate_decision,2019-07-30,0,0.0428091324865818
2019-07-31,current_policy_stance,2019-06-20,-27,0.03821934387087822
2019-07-31,current_policy_stance,2019-06-21,-26,0.03342488408088684
2019-07-31,current_policy_stance,2019-06-24,-25,0.03715047240257263
2019-07-31,current_policy_stance,2019-06-25,-24,0.03788553178310394
2019-07-31,current_policy_stance,2019-06-26,-23,0.030454715713858604
2019-07-31,current_policy_stance,2019-06-27,-22,0.03975894674658775
2019-07-31,current_policy_stance,2019-06-28,-21,0.03486819937825203
2019-07-31,current_policy_stance,2019-07-01,-20,0.032317038625478745
2019-07-31,current_policy_stance,2019-07-02,-19,0.03938945010304451
2019-07-31,current_policy_stance,2019-07-03,-18,0.04539348930120468
2019-07-31,current_policy_stance,2019-07-05,-17,0.03197519853711128
2019-07-31,current_policy_stance,2019-07-08,-16,0.03914575278759003
2019-07-31,current_policy_stance,2019-07-09,-15,0.034459538757801056
2019-07-31,current_policy_stance,2019-07-10,-14,0.039112698286771774
2019-07-31,current_policy_stance,2019-07-11,-13,0.033438533544540405
2019-07-31,current_policy_stance,2019-07-12,-12,0.03668363019824028
2019-07-31,current_policy_stance,2019-07-15,-11,0.03625606372952461
2019-07-31,current_policy_stance,2019-07-16,-10,0.029903750866651535
2019-07-31,current_policy_stance,2019-07-17,-9,0.03548438847064972
2019-07-31,current_policy_stance,2019-07-18,-8,0.03555603325366974
2019-07-31,current_policy_stance,2019-07-19,-7,0.03222188726067543
2019-07-31,current_policy_stance,2019-07-22,-6,0.03745120018720627
2019-07-31,current_policy_stance,2019-07-23,-5,0.035300180315971375
2019-07-31,current_policy_stance,2019-07-24,-4,0.03454732894897461
2019-07-31,current_policy_stance,2019-07-25,-3,0.029011208564043045
2019-07-31,current_policy_stance,2019-07-26,-2,0.03313003480434418
2019-07-31,current_policy_stance,2019-07-29,-1,0.036603573709726334
2019-07-31,current_policy_stance,2019-07-30,0,0.040856920182704926
2019-07-31,policy_stance_shift,2019-06-20,-27,0.037503987550735474
2019-07-31,policy_stance_shift,2019-06-21,-26,0.034408628940582275
2019-07-31,policy_stance_shift,2019-06-24,-25,0.03738638013601303
2019-07-31,policy_stance_shift,2019-06-25,-24,0.03716918081045151
2019-07-31,policy_stance_shift,2019-06-26,-23,0.03095204569399357
2019-07-31,policy_stance_shift,2019-06-27,-22,0.040589310228824615
2019-07-31,policy_stance_shift,2019-06-28,-21,0.03395407646894455
2019-07-31,policy_stance_shift,2019-07-01,-20,0.03235321864485741
2019-07-31,policy_stance_shift,2019-07-02,-19,0.038870763033628464
2019-07-31,policy_stance_shift,2019-07-03,-18,0.042264070361852646
2019-07-31,policy_stance_shift,2019-07-05,-17,0.031178154051303864
2019-07-31,policy_stance_shift,2019-07-08,-16,0.03965257480740547
2019-07-31,policy_stance_shift,2019-07-09,-15,0.034100838005542755
2019-07-31,policy_stance_shift,2019-07-10,-14,0.03829316794872284
2019-07-31,policy_stance_shift,2019-07-11,-13,0.034838512539863586
2019-07-31,policy_stance_shift,2019-07-12,-12,0.038033753633499146
2019-07-31,policy_stance_shift,2019-07-15,-11,0.03839199244976044
2019-07-31,policy_stance_shift,2019-07-16,-10,0.030295267701148987
2019-07-31,policy_stance_shift,2019-07-17,-9,0.03602178022265434
2019-07-31,policy_stance_shift,2019-07-18,-8,0.035403668880462646
2019-07-31,policy_stance_shift,2019-07-19,-7,0.0325966402888298
2019-07-31,policy_stance_shift,2019-07-22,-6,0.037004634737968445
2019-07-31,policy_stance_shift,2019-07-23,-5,0.034925755113363266
2019-07-31,policy_stance_shift,2019-07-24,-4,0.033326372504234314
2019-07-31,policy_stance_shift,2019-07-25,-3,0.029279258102178574
2019-07-31,policy_stance_shift,2019-07-26,-2,0.03328844532370567
2019-07-31,policy_stance_shift,2019-07-29,-1,0.03790032118558884
2019-07-31,policy_stance_shift,2019-07-30,0,0.04001719877123833
2019-07-31,expected_rate_path_shift,2019-06-20,-27,0.03808737173676491
2019-07-31,expected_rate_path_shift,2019-06-21,-26,0.03425318002700806
2019-07-31,expected_rate_path_shift,2019-06-24,-25,0.037388596683740616
2019-07-31,expected_rate_path_shift,2019-06-25,-24,0.03785771504044533
2019-07-31,expected_rate_path_shift,2019-06-26,-23,0.030998140573501587
2019-07-31,expected_rate_path_shift,2019-06-27,-22,0.040014319121837616
2019-07-31,expected_rate_path_shift,2019-06-28,-21,0.03499087318778038
2019-07-31,expected_rate_path_shift,2019-07-01,-20,0.03226393088698387
2019-07-31,expected_rate_path_shift,2019-07-02,-19,0.038697801530361176
2019-07-31,expected_rate_path_shift,2019-07-03,-18,0.04335509613156319
2019-07-31,expected_rate_path_shift,2019-07-05,-17,0.03162115067243576
2019-07-31,expected_rate_path_shift,2019-07-08,-16,0.03908228129148483
2019-07-31,expected_rate_path_shift,2019-07-09,-15,0.034483831375837326
2019-07-31,expected_rate_path_shift,2019-07-10,-14,0.03864757716655731
2019-07-31,expected_rate_path_shift,2019-07-11,-13,0.03407619521021843
2019-07-31,expected_rate_path_shift,2019-07-12,-12,0.03708846867084503
2019-07-31,expected_rate_path_shift,2019-07-15,-11,0.03754115849733353
2019-07-31,expected_rate_path_shift,2019-07-16,-10,0.030196858569979668
2019-07-31,expected_rate_path_shift,2019-07-17,-9,0.035877302289009094
2019-07-31,expected_rate_path_shift,2019-07-18,-8,0.035675298422575
2019-07-31,expected_rate_path_shift,2019-07-19,-7,0.032536864280700684
2019-07-31,expected_rate_path_shift,2019-07-22,-6,0.03642972186207771
2019-07-31,expected_rate_path_shift,2019-07-23,-5,0.03471425548195839
2019-07-31,expected_rate_path_shift,2019-07-24,-4,0.03360404446721077
2019-07-31,expected_rate_path_shift,2019-07-25,-3,0.029346782714128494
2019-07-31,expected_rate_path_shift,2019-07-26,-2,0.033528804779052734
2019-07-31,expected_rate_path_shift,2019-07-29,-1,0.03740202635526657
2019-07-31,expected_rate_path_shift,2019-07-30,0,0.04024037346243858
2019-07-31,inflation_assessment_shift,2019-06-20,-27,0.03856318071484566
2019-07-31,inflation_assessment_shift,2019-06-21,-26,0.032537832856178284
2019-07-31,inflation_assessment_shift,2019-06-24,-25,0.035627588629722595
2019-07-31,inflation_assessment_shift,2019-06-25,-24,0.039295900613069534
2019-07-31,inflation_assessment_shift,2019-06-26,-23,0.031475238502025604
2019-07-31,inflation_assessment_shift,2019-06-27,-22,0.03614064306020737
2019-07-31,inflation_assessment_shift,2019-06-28,-21,0.03674592822790146
2019-07-31,inflation_assessment_shift,2019-07-01,-20,0.03379763662815094
2019-07-31,inflation_assessment_shift,2019-07-02,-19,0.03723239153623581
2019-07-31,inflation_assessment_shift,2019-07-03,-18,0.043391816318035126
2019-07-31,inflation_assessment_shift,2019-07-05,-17,0.034928783774375916
2019-07-31,inflation_assessment_shift,2019-07-08,-16,0.03545498102903366
2019-07-31,inflation_assessment_shift,2019-07-09,-15,0.0351056233048439
2019-07-31,inflation_assessment_shift,2019-07-10,-14,0.03786564990878105
2019-07-31,inflation_assessment_shift,2019-07-11,-13,0.03199504315853119
2019-07-31,inflation_assessment_shift,2019-07-12,-12,0.03295254707336426
2019-07-31,inflation_assessment_shift,2019-07-15,-11,0.03276459127664566
2019-07-31,inflation_assessment_shift,2019-07-16,-10,0.0315030962228775
2019-07-31,inflation_assessment_shift,2019-07-17,-9,0.03488994017243385
2019-07-31,inflation_assessment_shift,2019-07-18,-8,0.03732491657137871
2019-07-31,inflation_assessment_shift,2019-07-19,-7,0.03400573134422302
2019-07-31,inflation_assessment_shift,2019-07-22,-6,0.039368972182273865
2019-07-31,inflation_assessment_shift,2019-07-23,-5,0.03579071909189224
2019-07-31,inflation_assessment_shift,2019-07-24,-4,0.03845063969492912
2019-07-31,inflation_assessment_shift,2019-07-25,-3,0.0321950763463974
2019-07-31,inflation_assessment_shift,2019-07-26,-2,0.033599838614463806
2019-07-31,inflation_assessment_shift,2019-07-29,-1,0.03552345931529999
2019-07-31,inflation_assessment_shift,2019-07-30,0,0.041472215205430984
2019-07-31,inflation_risk_shift,2019-06-20,-27,0.03846728429198265
2019-07-31,inflation_risk_shift,2019-06-21,-26,0.034080684185028076
2019-07-31,inflation_risk_shift,2019-06-24,-25,0.0365891233086586
2019-07-31,inflation_risk_shift,2019-06-25,-24,0.037760909646749496
2019-07-31,inflation_risk_shift,2019-06-26,-23,0.030501317232847214
2019-07-31,inflation_risk_shift,2019-06-27,-22,0.03820221871137619
2019-07-31,inflation_risk_shift,2019-06-28,-21,0.03581640124320984
2019-07-31,inflation_risk_shift,2019-07-01,-20,0.03305959329009056
2019-07-31,inflation_risk_shift,2019-07-02,-19,0.038271088153123856
2019-07-31,inflation_risk_shift,2019-07-03,-18,0.04436025023460388
2019-07-31,inflation_risk_shift,2019-07-05,-17,0.03328004479408264
2019-07-31,inflation_risk_shift,2019-07-08,-16,0.03808983415365219
2019-07-31,inflation_risk_shift,2019-07-09,-15,0.03490198776125908
2019-07-31,inflation_risk_shift,2019-07-10,-14,0.038637593388557434
2019-07-31,inflation_risk_shift,2019-07-11,-13,0.034223899245262146
2019-07-31,inflation_risk_shift,2019-07-12,-12,0.036681532859802246
2019-07-31,inflation_risk_shift,2019-07-15,-11,0.03712304309010506
2019-07-31,inflation_risk_shift,2019-07-16,-10,0.03063322976231575
2019-07-31,inflation_risk_shift,2019-07-17,-9,0.03535494953393936
2019-07-31,inflation_risk_shift,2019-07-18,-8,0.035075318068265915
2019-07-31,inflation_risk_shift,2019-07-19,-7,0.03255811333656311
2019-07-31,inflation_risk_shift,2019-07-22,-6,0.03645247220993042
2019-07-31,inflation_risk_shift,2019-07-23,-5,0.03464760631322861
2019-07-31,inflation_risk_shift,2019-07-24,-4,0.035298313945531845
2019-07-31,inflation_risk_shift,2019-07-25,-3,0.03010239452123642
2019-07-31,inflation_risk_shift,2019-07-26,-2,0.03323177248239517
2019-07-31,inflation_risk_shift,2019-07-29,-1,0.03621455654501915
2019-07-31,inflation_risk_shift,2019-07-30,0,0.04038447514176369
2019-07-31,unemployment_assessment_shift,2019-06-20,-27,0.03896845132112503
2019-07-31,unemployment_assessment_shift,2019-06-21,-26,0.03360409289598465
2019-07-31,unemployment_assessment_shift,2019-06-24,-25,0.03611345216631889
2019-07-31,unemployment_assessment_shift,2019-06-25,-24,0.039441972970962524
2019-07-31,unemployment_assessment_shift,2019-06-26,-23,0.031876176595687866
2019-07-31,unemployment_assessment_shift,2019-06-27,-22,0.037070728838443756
2019-07-31,unemployment_assessment_shift,2019-06-28,-21,0.0374753400683403
2019-07-31,unemployment_assessment_shift,2019-07-01,-20,0.03408797085285187
2019-07-31,unemployment_assessment_shift,2019-07-02,-19,0.03767856955528259
2019-07-31,unemployment_assessment_shift,2019-07-03,-18,0.04359736293554306
2019-07-31,unemployment_assessment_shift,2019-07-05,-17,0.034611545503139496
2019-07-31,unemployment_assessment_shift,2019-07-08,-16,0.036123745143413544
2019-07-31,unemployment_assessment_shift,2019-07-09,-15,0.035909056663513184
2019-07-31,unemployment_assessment_shift,2019-07-10,-14,0.03764749690890312
2019-07-31,unemployment_assessment_shift,2019-07-11,-13,0.03207124397158623
2019-07-31,unemployment_assessment_shift,2019-07-12,-12,0.0333506241440773
2019-07-31,unemployment_assessment_shift,2019-07-15,-11,0.03316955268383026
2019-07-31,unemployment_assessment_shift,2019-07-16,-10,0.03149201720952988
2019-07-31,unemployment_assessment_shift,2019-07-17,-9,0.0349910706281662
2019-07-31,unemployment_assessment_shift,2019-07-18,-8,0.03671274334192276
2019-07-31,unemployment_assessment_shift,2019-07-19,-7,0.03362778574228287
2019-07-31,unemployment_assessment_shift,2019-07-22,-6,0.038303665816783905
2019-07-31,unemployment_assessment_shift,2019-07-23,-5,0.03582978621125221
2019-07-31,unemployment_assessment_shift,2019-07-24,-4,0.03686876595020294
2019-07-31,unemployment_assessment_shift,2019-07-25,-3,0.03142149746417999
2019-07-31,unemployment_assessment_shift,2019-07-26,-2,0.03350970894098282
2019-07-31,unemployment_assessment_shift,2019-07-29,-1,0.03491247445344925
2019-07-31,unemployment_assessment_shift,2019-07-30,0,0.03953313082456589
2019-07-31,labor_market_risk_shift,2019-06-20,-27,0.03635047748684883
2019-07-31,labor_market_risk_shift,2019-06-21,-26,0.033347900956869125
2019-07-31,labor_market_risk_shift,2019-06-24,-25,0.03394290432333946
2019-07-31,labor_market_risk_shift,2019-06-25,-24,0.03645884990692139
2019-07-31,labor_market_risk_shift,2019-06-26,-23,0.03415355086326599
2019-07-31,labor_market_risk_shift,2019-06-27,-22,0.03314516693353653
2019-07-31,labor_market_risk_shift,2019-06-28,-21,0.038824863731861115
2019-07-31,labor_market_risk_shift,2019-07-01,-20,0.037135154008865356
2019-07-31,labor_market_risk_shift,2019-07-02,-19,0.03554239124059677
2019-07-31,labor_market_risk_shift,2019-07-03,-18,0.03971322253346443
2019-07-31,labor_market_risk_shift,2019-07-05,-17,0.03927454724907875
2019-07-31,labor_market_risk_shift,2019-07-08,-16,0.0329715870320797
2019-07-31,labor_market_risk_shift,2019-07-09,-15,0.03701327368617058
2019-07-31,labor_market_risk_shift,2019-07-10,-14,0.03500696271657944
2019-07-31,labor_market_risk_shift,2019-07-11,-13,0.03293277323246002
2019-07-31,labor_market_risk_shift,2019-07-12,-12,0.031917400658130646
2019-07-31,labor_market_risk_shift,2019-07-15,-11,0.030854785814881325
2019-07-31,labor_market_risk_shift,2019-07-16,-10,0.035106487572193146
2019-07-31,labor_market_risk_shift,2019-07-17,-9,0.03386953845620155
2019-07-31,labor_market_risk_shift,2019-07-18,-8,0.03573722392320633
2019-07-31,labor_market_risk_shift,2019-07-19,-7,0.03638313710689545
2019-07-31,labor_market_risk_shift,2019-07-22,-6,0.03734953701496124
2019-07-31,labor_market_risk_shift,2019-07-23,-5,0.037343718111515045
2019-07-31,labor_market_risk_shift,2019-07-24,-4,0.04099080339074135
2019-07-31,labor_market_risk_shift,2019-07-25,-3,0.03858259320259094
2019-07-31,labor_market_risk_shift,2019-07-26,-2,0.035153310745954514
2019-07-31,labor_market_risk_shift,2019-07-29,-1,0.03354769945144653
2019-07-31,labor_market_risk_shift,2019-07-30,0,0.037350159138441086
2019-07-31,growth_activity_shift,2019-06-20,-27,0.03802008181810379
2019-07-31,growth_activity_shift,2019-06-21,-26,0.03344551473855972
2019-07-31,growth_activity_shift,2019-06-24,-25,0.03526797890663147
2019-07-31,growth_activity_shift,2019-06-25,-24,0.0386175699532032
2019-07-31,growth_activity_shift,2019-06-26,-23,0.03345875069499016
2019-07-31,growth_activity_shift,2019-06-27,-22,0.03548281639814377
2019-07-31,growth_activity_shift,2019-06-28,-21,0.038209326565265656
2019-07-31,growth_activity_shift,2019-07-01,-20,0.03523675352334976
2019-07-31,growth_activity_shift,2019-07-02,-19,0.03646460920572281
2019-07-31,growth_activity_shift,2019-07-03,-18,0.0412968173623085
2019-07-31,growth_activity_shift,2019-07-05,-17,0.03672435134649277
2019-07-31,growth_activity_shift,2019-07-08,-16,0.034871652722358704
2019-07-31,growth_activity_shift,2019-07-09,-15,0.03633900731801987
2019-07-31,growth_activity_shift,2019-07-10,-14,0.03688140958547592
2019-07-31,growth_activity_shift,2019-07-11,-13,0.032359443604946136
2019-07-31,growth_activity_shift,2019-07-12,-12,0.032779891043901443
2019-07-31,growth_activity_shift,2019-07-15,-11,0.03215177729725838
2019-07-31,growth_activity_shift,2019-07-16,-10,0.033360403031110764
2019-07-31,growth_activity_shift,2019-07-17,-9,0.034742359071969986
2019-07-31,growth_activity_shift,2019-07-18,-8,0.036433469504117966
2019-07-31,growth_activity_shift,2019-07-19,-7,0.03411442041397095
2019-07-31,growth_activity_shift,2019-07-22,-6,0.037128906697034836
2019-07-31,growth_activity_shift,2019-07-23,-5,0.03648699074983597
2019-07-31,growth_activity_shift,2019-07-24,-4,0.038650110363960266
2019-07-31,growth_activity_shift,2019-07-25,-3,0.03445956110954285
2019-07-31,growth_activity_shift,2019-07-26,-2,0.03469296172261238
2019-07-31,growth_activity_shift,2019-07-29,-1,0.034699033945798874
2019-07-31,growth_activity_shift,2019-07-30,0,0.037623994052410126
2019-07-31,financial_conditions_shift,2019-06-20,-27,0.03846850246191025
2019-07-31,financial_conditions_shift,2019-06-21,-26,0.03438829630613327
2019-07-31,financial_conditions_shift,2019-06-24,-25,0.03735986724495888
2019-07-31,financial_conditions_shift,2019-06-25,-24,0.0377391017973423
2019-07-31,financial_conditions_shift,2019-06-26,-23,0.031445056200027466
2019-07-31,financial_conditions_shift,2019-06-27,-22,0.04034576937556267
2019-07-31,financial_conditions_shift,2019-06-28,-21,0.035408198833465576
2019-07-31,financial_conditions_shift,2019-07-01,-20,0.03232799470424652
2019-07-31,financial_conditions_shift,2019-07-02,-19,0.03839082643389702
2019-07-31,financial_conditions_shift,2019-07-03,-18,0.041978999972343445
2019-07-31,financial_conditions_shift,2019-07-05,-17,0.030932839959859848
2019-07-31,financial_conditions_shift,2019-07-08,-16,0.03856850042939186
2019-07-31,financial_conditions_shift,2019-07-09,-15,0.034255821257829666
2019-07-31,financial_conditions_shift,2019-07-10,-14,0.03863561898469925
2019-07-31,financial_conditions_shift,2019-07-11,-13,0.03426956385374069
2019-07-31,financial_conditions_shift,2019-07-12,-12,0.037757426500320435
2019-07-31,financial_conditions_shift,2019-07-15,-11,0.03774048388004303
2019-07-31,financial_conditions_shift,2019-07-16,-10,0.030675338581204414
2019-07-31,financial_conditions_shift,2019-07-17,-9,0.03648143634200096
2019-07-31,financial_conditions_shift,2019-07-18,-8,0.03588508069515228
2019-07-31,financial_conditions_shift,2019-07-19,-7,0.03286710008978844
2019-07-31,financial_conditions_shift,2019-07-22,-6,0.0368570014834404
2019-07-31,financial_conditions_shift,2019-07-23,-5,0.03527731075882912
2019-07-31,financial_conditions_shift,2019-07-24,-4,0.03228316083550453
2019-07-31,financial_conditions_shift,2019-07-25,-3,0.028943222016096115
2019-07-31,financial_conditions_shift,2019-07-26,-2,0.03372396528720856
2019-07-31,financial_conditions_shift,2019-07-29,-1,0.03689595311880112
2019-07-31,financial_conditions_shift,2019-07-30,0,0.04009752348065376
2019-07-31,balance_sheet_policy_shift,2019-06-20,-27,0.037563301622867584
2019-07-31,balance_sheet_policy_shift,2019-06-21,-26,0.03463522344827652
2019-07-31,balance_sheet_policy_shift,2019-06-24,-25,0.0377199612557888
2019-07-31,balance_sheet_policy_shift,2019-06-25,-24,0.03750079125165939
2019-07-31,balance_sheet_policy_shift,2019-06-26,-23,0.031180746853351593
2019-07-31,balance_sheet_policy_shift,2019-06-27,-22,0.0408015213906765
2019-07-31,balance_sheet_policy_shift,2019-06-28,-21,0.03434259444475174
2019-07-31,balance_sheet_policy_shift,2019-07-01,-20,0.03190682828426361
2019-07-31,balance_sheet_policy_shift,2019-07-02,-19,0.03873197361826897
2019-07-31,balance_sheet_policy_shift,2019-07-03,-18,0.042006317526102066
2019-07-31,balance_sheet_policy_shift,2019-07-05,-17,0.030792903155088425
2019-07-31,balance_sheet_policy_shift,2019-07-08,-16,0.03961171209812164
2019-07-31,balance_sheet_policy_shift,2019-07-09,-15,0.03395746648311615
2019-07-31,balance_sheet_policy_shift,2019-07-10,-14,0.038571007549762726
2019-07-31,balance_sheet_policy_shift,2019-07-11,-13,0.03505171835422516
2019-07-31,balance_sheet_policy_shift,2019-07-12,-12,0.03825409710407257
2019-07-31,balance_sheet_policy_shift,2019-07-15,-11,0.0386255607008934
2019-07-31,balance_sheet_policy_shift,2019-07-16,-10,0.030207429081201553
2019-07-31,balance_sheet_policy_shift,2019-07-17,-9,0.036297447979450226
2019-07-31,balance_sheet_policy_shift,2019-07-18,-8,0.03567184507846832
2019-07-31,balance_sheet_policy_shift,2019-07-19,-7,0.0327037051320076
2019-07-31,balance_sheet_policy_shift,2019-07-22,-6,0.03654351830482483
2019-07-31,balance_sheet_policy_shift,2019-07-23,-5,0.03490174561738968
2019-07-31,balance_sheet_policy_shift,2019-07-24,-4,0.03287343308329582
2019-07-31,balance_sheet_policy_shift,2019-07-25,-3,0.028743263334035873
2019-07-31,balance_sheet_policy_shift,2019-07-26,-2,0.03322092071175575
2019-07-31,balance_sheet_policy_shift,2019-07-29,-1,0.03755198419094086
2019-07-31,balance_sheet_policy_shift,2019-07-30,0,0.04003099724650383
2019-07-31,risk_balance_shift,2019-06-20,-27,0.037486448884010315
2019-07-31,risk_balance_shift,2019-06-21,-26,0.03340865299105644
2019-07-31,risk_balance_shift,2019-06-24,-25,0.035151030868291855
2019-07-31,risk_balance_shift,2019-06-25,-24,0.03805161267518997
2019-07-31,risk_balance_shift,2019-06-26,-23,0.0335456058382988
2019-07-31,risk_balance_shift,2019-06-27,-22,0.03506137430667877
2019-07-31,risk_balance_shift,2019-06-28,-21,0.03781983256340027
2019-07-31,risk_balance_shift,2019-07-01,-20,0.035985466092824936
2019-07-31,risk_balance_shift,2019-07-02,-19,0.03679853677749634
2019-07-31,risk_balance_shift,2019-07-03,-18,0.0413321778178215
2019-07-31,risk_balance_shift,2019-07-05,-17,0.037683986127376556
2019-07-31,risk_balance_shift,2019-07-08,-16,0.034646958112716675
2019-07-31,risk_balance_shift,2019-07-09,-15,0.03636818379163742
2019-07-31,risk_balance_shift,2019-07-10,-14,0.03613927215337753
2019-07-31,risk_balance_shift,2019-07-11,-13,0.032046783715486526
2019-07-31,risk_balance_shift,2019-07-12,-12,0.032298535108566284
2019-07-31,risk_balance_shift,2019-07-15,-11,0.031317394226789474
2019-07-31,risk_balance_shift,2019-07-16,-10,0.03359415754675865
2019-07-31,risk_balance_shift,2019-07-17,-9,0.034980807453393936
2019-07-31,risk_balance_shift,2019-07-18,-8,0.036161720752716064
2019-07-31,risk_balance_shift,2019-07-19,-7,0.03454504907131195
2019-07-31,risk_balance_shift,2019-07-22,-6,0.03794145584106445
2019-07-31,risk_balance_shift,2019-07-23,-5,0.03623439371585846
2019-07-31,risk_balance_shift,2019-07-24,-4,0.03946899622678757
2019-07-31,risk_balance_shift,2019-07-25,-3,0.03533102199435234
2019-07-31,risk_balance_shift,2019-07-26,-2,0.03449428081512451
2019-07-31,risk_balance_shift,2019-07-29,-1,0.034556660801172256
2019-07-31,risk_balance_shift,2019-07-30,0,0.03754962235689163
2019-07-31,committee_dispersion,2019-06-20,-27,0.03605017066001892
2019-07-31,committee_dispersion,2019-06-21,-26,0.033818140625953674
2019-07-31,committee_dispersion,2019-06-24,-25,0.033991388976573944
2019-07-31,committee_dispersion,2019-06-25,-24,0.03665784001350403
2019-07-31,committee_dispersion,2019-06-26,-23,0.03561658412218094
2019-07-31,committee_dispersion,2019-06-27,-22,0.03244680538773537
2019-07-31,committee_dispersion,2019-06-28,-21,0.03915848582983017
2019-07-31,committee_dispersion,2019-07-01,-20,0.03755568712949753
2019-07-31,committee_dispersion,2019-07-02,-19,0.03462349623441696
2019-07-31,committee_dispersion,2019-07-03,-18,0.0378464013338089
2019-07-31,committee_dispersion,2019-07-05,-17,0.039538539946079254
2019-07-31,committee_dispersion,2019-07-08,-16,0.03253103047609329
2019-07-31,committee_dispersion,2019-07-09,-15,0.03660322725772858
2019-07-31,committee_dispersion,2019-07-10,-14,0.03457971289753914
2019-07-31,committee_dispersion,2019-07-11,-13,0.033048488199710846
2019-07-31,committee_dispersion,2019-07-12,-12,0.03196281939744949
2019-07-31,committee_dispersion,2019-07-15,-11,0.03138386085629463
2019-07-31,committee_dispersion,2019-07-16,-10,0.03652933984994888
2019-07-31,committee_dispersion,2019-07-17,-9,0.03427686542272568
2019-07-31,committee_dispersion,2019-07-18,-8,0.03624949976801872
2019-07-31,committee_dispersion,2019-07-19,-7,0.03663113713264465
2019-07-31,committee_dispersion,2019-07-22,-6,0.03704032674431801
2019-07-31,committee_dispersion,2019-07-23,-5,0.037444114685058594
2019-07-31,committee_dispersion,2019-07-24,-4,0.041106682270765305
2019-07-31,committee_dispersion,2019-07-25,-3,0.04023224115371704
2019-07-31,committee_dispersion,2019-07-26,-2,0.03537368029356003
2019-07-31,committee_dispersion,2019-07-29,-1,0.03338320180773735
2019-07-31,committee_dispersion,2019-07-30,0,0.03432025387883186
2019-07-31,policy_uncertainty,2019-06-20,-27,0.037406787276268005
2019-07-31,policy_uncertainty,2019-06-21,-26,0.032079439610242844
2019-07-31,policy_uncertainty,2019-06-24,-25,0.03516538813710213
2019-07-31,policy_uncertainty,2019-06-25,-24,0.037489116191864014
2019-07-31,policy_uncertainty,2019-06-26,-23,0.03108561970293522
2019-07-31,policy_uncertainty,2019-06-27,-22,0.03660917654633522
2019-07-31,policy_uncertainty,2019-06-28,-21,0.03660021349787712
2019-07-31,policy_uncertainty,2019-07-01,-20,0.03411388397216797
2019-07-31,policy_uncertainty,2019-07-02,-19,0.03800163045525551
2019-07-31,policy_uncertainty,2019-07-03,-18,0.04501849785447121
2019-07-31,policy_uncertainty,2019-07-05,-17,0.03497176244854927
2019-07-31,policy_uncertainty,2019-07-08,-16,0.037264298647642136
2019-07-31,policy_uncertainty,2019-07-09,-15,0.03568894416093826
2019-07-31,policy_uncertainty,2019-07-10,-14,0.03795161843299866
2019-07-31,policy_uncertainty,2019-07-11,-13,0.032277192920446396
2019-07-31,policy_uncertainty,2019-07-12,-12,0.034009791910648346
2019-07-31,policy_uncertainty,2019-07-15,-11,0.033324070274829865
2019-07-31,policy_uncertainty,2019-07-16,-10,0.031102409586310387
2019-07-31,policy_uncertainty,2019-07-17,-9,0.034525033086538315
2019-07-31,policy_uncertainty,2019-07-18,-8,0.035530053079128265
2019-07-31,policy_uncertainty,2019-07-19,-7,0.03325282409787178
2019-07-31,policy_uncertainty,2019-07-22,-6,0.0386182926595211
2019-07-31,policy_uncertainty,2019-07-23,-5,0.035236816853284836
2019-07-31,policy_uncertainty,2019-07-24,-4,0.03856545686721802
2019-07-31,policy_uncertainty,2019-07-25,-3,0.03224116563796997
2019-07-31,policy_uncertainty,2019-07-26,-2,0.03425057232379913
2019-07-31,policy_uncertainty,2019-07-29,-1,0.036233045160770416
2019-07-31,policy_uncertainty,2019-07-30,0,0.04138690605759621
2019-07-31,forward_guidance_strength,2019-06-20,-27,0.037641704082489014
2019-07-31,forward_guidance_strength,2019-06-21,-26,0.03336459770798683
2019-07-31,forward_guidance_strength,2019-06-24,-25,0.03687404841184616
2019-07-31,forward_guidance_strength,2019-06-25,-24,0.038500647991895676
2019-07-31,forward_guidance_strength,2019-06-26,-23,0.031208917498588562
2019-07-31,forward_guidance_strength,2019-06-27,-22,0.038768257945775986
2019-07-31,forward_guidance_strength,2019-06-28,-21,0.035658299922943115
2019-07-31,forward_guidance_strength,2019-07-01,-20,0.03388292342424393
2019-07-31,forward_guidance_strength,2019-07-02,-19,0.0390547439455986
2019-07-31,forward_guidance_strength,2019-07-03,-18,0.04413972795009613
2019-07-31,forward_guidance_strength,2019-07-05,-17,0.03382354974746704
2019-07-31,forward_guidance_strength,2019-07-08,-16,0.03741241991519928
2019-07-31,forward_guidance_strength,2019-07-09,-15,0.03522903472185135
2019-07-31,forward_guidance_strength,2019-07-10,-14,0.03738832846283913
2019-07-31,forward_guidance_strength,2019-07-11,-13,0.032268013805150986
2019-07-31,forward_guidance_strength,2019-07-12,-12,0.034304842352867126
2019-07-31,forward_guidance_strength,2019-07-15,-11,0.03391503542661667
2019-07-31,forward_guidance_strength,2019-07-16,-10,0.02966456115245819
2019-07-31,forward_guidance_strength,2019-07-17,-9,0.03533139452338219
2019-07-31,forward_guidance_strength,2019-07-18,-8,0.03571097552776337
2019-07-31,forward_guidance_strength,2019-07-19,-7,0.033259790390729904
2019-07-31,forward_guidance_strength,2019-07-22,-6,0.039105575531721115
2019-07-31,forward_guidance_strength,2019-07-23,-5,0.03511766344308853
2019-07-31,forward_guidance_strength,2019-07-24,-4,0.0359184555709362
2019-07-31,forward_guidance_strength,2019-07-25,-3,0.03009510412812233
2019-07-31,forward_guidance_strength,2019-07-26,-2,0.03322398662567139
2019-07-31,forward_guidance_strength,2019-07-29,-1,0.035664152354002
2019-07-31,forward_guidance_strength,2019-07-30,0,0.043473273515701294
2019-09-18,rate_decision,2019-08-01,-32,0.02719666250050068
2019-09-18,rate_decision,2019-08-02,-31,0.027857674285769463
2019-09-18,rate_decision,2019-08-05,-30,0.031852882355451584
2019-09-18,rate_decision,2019-08-06,-29,0.03095642849802971
2019-09-18,rate_decision,2019-08-07,-28,0.03266150504350662
2019-09-18,rate_decision,2019-08-08,-27,0.036237649619579315
2019-09-18,rate_decision,2019-08-09,-26,0.02682122215628624
2019-09-18,rate_decision,2019-08-12,-25,0.03011430986225605
2019-09-18,rate_decision,2019-08-13,-24,0.027217181399464607
2019-09-18,rate_decision,2019-08-14,-23,0.028832798823714256
2019-09-18,rate_decision,2019-08-15,-22,0.032085664570331573
2019-09-18,rate_decision,2019-08-16,-21,0.03275974839925766
2019-09-18,rate_decision,2019-08-19,-20,0.029823698103427887
2019-09-18,rate_decision,2019-08-20,-19,0.02613282948732376
2019-09-18,rate_decision,2019-08-21,-18,0.03013583831489086
2019-09-18,rate_decision,2019-08-22,-17,0.025162672623991966
2019-09-18,rate_decision,2019-08-23,-16,0.030516386032104492
2019-09-18,rate_decision,2019-08-26,-15,0.031002582982182503
2019-09-18,rate_decision,2019-08-27,-14,0.0296039842069149
2019-09-18,rate_decision,2019-08-28,-13,0.03609415516257286
2019-09-18,rate_decision,2019-08-29,-12,0.02881024219095707
2019-09-18,rate_decision,2019-08-30,-11,0.03290274739265442
2019-09-18,rate_decision,2019-09-03,-10,0.02904767543077469
2019-09-18,rate_decision,2019-09-04,-9,0.034556545317173004
2019-09-18,rate_decision,2019-09-05,-8,0.032281503081321716
2019-09-18,rate_decision,2019-09-06,-7,0.034648798406124115
2019-09-18,rate_decision,2019-09-09,-6,0.034856826066970825
2019-09-18,rate_decision,2019-09-10,-5,0.03029181808233261
2019-09-18,rate_decision,2019-09-11,-4,0.028394609689712524
2019-09-18,rate_decision,2019-09-12,-3,0.028797851875424385
2019-09-18,rate_decision,2019-09-13,-2,0.026631077751517296
2019-09-18,rate_decision,2019-09-16,-1,0.025246795266866684
2019-09-18,rate_decision,2019-09-17,0,0.030467607080936432
2019-09-18,current_policy_stance,2019-08-01,-32,0.03292638063430786
2019-09-18,current_policy_stance,2019-08-02,-31,0.029559507966041565
2019-09-18,current_policy_stance,2019-08-05,-30,0.0313163585960865
2019-09-18,current_policy_stance,2019-08-06,-29,0.030933689326047897
2019-09-18,current_policy_stance,2019-08-07,-28,0.03227077051997185
2019-09-18,current_policy_stance,2019-08-08,-27,0.032531142234802246
2019-09-18,current_policy_stance,2019-08-09,-26,0.030906513333320618
2019-09-18,current_policy_stance,2019-08-12,-25,0.034685492515563965
2019-09-18,current_policy_stance,2019-08-13,-24,0.024818971753120422
2019-09-18,current_policy_stance,2019-08-14,-23,0.029046501964330673
2019-09-18,current_policy_stance,2019-08-15,-22,0.029655639082193375
2019-09-18,current_policy_stance,2019-08-16,-21,0.028097067028284073
2019-09-18,current_policy_stance,2019-08-19,-20,0.028631921857595444
2019-09-18,current_policy_stance,2019-08-20,-19,0.034293293952941895
2019-09-18,current_policy_stance,2019-08-21,-18,0.026433968916535378
2019-09-18,current_policy_stance,2019-08-22,-17,0.02471381053328514
2019-09-18,current_policy_stance,2019-08-23,-16,0.031204205006361008
2019-09-18,current_policy_stance,2019-08-26,-15,0.022550133988261223
2019-09-18,current_policy_stance,2019-08-27,-14,0.02501504123210907
2019-09-18,current_policy_stance,2019-08-28,-13,0.029005566611886024
2019-09-18,current_policy_stance,2019-08-29,-12,0.024179095402359962
2019-09-18,current_policy_stance,2019-08-30,-11,0.027292877435684204
2019-09-18,current_policy_stance,2019-09-03,-10,0.029911421239376068
2019-09-18,current_policy_stance,2019-09-04,-9,0.037247106432914734
2019-09-18,current_policy_stance,2019-09-05,-8,0.030825098976492882
2019-09-18,current_policy_stance,2019-09-06,-7,0.038072437047958374
2019-09-18,current_policy_stance,2019-09-09,-6,0.037801556289196014
2019-09-18,current_policy_stance,2019-09-10,-5,0.030808113515377045
2019-09-18,current_policy_stance,2019-09-11,-4,0.03256012126803398
2019-09-18,current_policy_stance,2019-09-12,-3,0.03392690420150757
2019-09-18,current_policy_stance,2019-09-13,-2,0.028300892561674118
2019-09-18,current_policy_stance,2019-09-16,-1,0.0316801480948925
2019-09-18,current_policy_stance,2019-09-17,0,0.028798256069421768
2019-09-18,policy_stance_shift,2019-08-01,-32,0.032496072351932526
2019-09-18,policy_stance_shift,2019-08-02,-31,0.02971060201525688
2019-09-18,policy_stance_shift,2019-08-05,-30,0.031710363924503326
2019-09-18,policy_stance_shift,2019-08-06,-29,0.03104512393474579
2019-09-18,policy_stance_shift,2019-08-07,-28,0.031913381069898605
2019-09-18,policy_stance_shift,2019-08-08,-27,0.033046167343854904
2019-09-18,policy_stance_shift,2019-08-09,-26,0.030753832310438156
2019-09-18,policy_stance_shift,2019-08-12,-25,0.03375914320349693
2019-09-18,policy_stance_shift,2019-08-13,-24,0.025337914004921913
2019-09-18,policy_stance_shift,2019-08-14,-23,0.02949291095137596
2019-09-18,policy_stance_shift,2019-08-15,-22,0.030570223927497864
2019-09-18,policy_stance_shift,2019-08-16,-21,0.028624044731259346
2019-09-18,policy_stance_shift,2019-08-19,-20,0.02942669205367565
2019-09-18,policy_stance_shift,2019-08-20,-19,0.03280726820230484
2019-09-18,policy_stance_shift,2019-08-21,-18,0.026798542588949203
2019-09-18,policy_stance_shift,2019-08-22,-17,0.02484685182571411
2019-09-18,policy_stance_shift,2019-08-23,-16,0.031005874276161194
2019-09-18,policy_stance_shift,2019-08-26,-15,0.023910580202937126
2019-09-18,policy_stance_shift,2019-08-27,-14,0.02668485790491104
2019-09-18,policy_stance_shift,2019-08-28,-13,0.03132529929280281
2019-09-18,policy_stance_shift,2019-08-29,-12,0.025857670232653618
2019-09-18,policy_stance_shift,2019-08-30,-11,0.02891671285033226
2019-09-18,policy_stance_shift,2019-09-03,-10,0.029685501009225845
2019-09-18,policy_stance_shift,2019-09-04,-9,0.0361679308116436
2019-09-18,policy_stance_shift,2019-09-05,-8,0.0304125789552927
2019-09-18,policy_stance_shift,2019-09-06,-7,0.03662382811307907
2019-09-18,policy_stance_shift,2019-09-09,-6,0.03635381907224655
2019-09-18,policy_stance_shift,2019-09-10,-5,0.030224651098251343
2019-09-18,policy_stance_shift,2019-09-11,-4,0.031099479645490646
2019-09-18,policy_stance_shift,2019-09-12,-3,0.0322827473282814
2019-09-18,policy_stance_shift,2019-09-13,-2,0.027143489569425583
2019-09-18,policy_stance_shift,2019-09-16,-1,0.030460165813565254
2019-09-18,policy_stance_shift,2019-09-17,0,0.029505673795938492
2019-09-18,expected_rate_path_shift,2019-08-01,-32,0.033278483897447586
2019-09-18,expected_rate_path_shift,2019-08-02,-31,0.030363060534000397
2019-09-18,expected_rate_path_shift,2019-08-05,-30,0.03202081099152565
2019-09-18,expected_rate_path_shift,2019-08-06,-29,0.031943075358867645
2019-09-18,expected_rate_path_shift,2019-08-07,-28,0.03287113830447197
2019-09-18,expected_rate_path_shift,2019-08-08,-27,0.03347981721162796
2019-09-18,expected_rate_path_shift,2019-08-09,-26,0.031315743923187256
2019-09-18,expected_rate_path_shift,2019-08-12,-25,0.0352986641228199
2019-09-18,expected_rate_path_shift,2019-08-13,-24,0.025506824254989624
2019-09-18,expected_rate_path_shift,2019-08-14,-23,0.02907666563987732
2019-09-18,expected_rate_path_shift,2019-08-15,-22,0.030080772936344147
2019-09-18,expected_rate_path_shift,2019-08-16,-21,0.02785784937441349
2019-09-18,expected_rate_path_shift,2019-08-19,-20,0.028460649773478508
2019-09-18,expected_rate_path_shift,2019-08-20,-19,0.03294643759727478
2019-09-18,expected_rate_path_shift,2019-08-21,-18,0.026290040463209152
2019-09-18,expected_rate_path_shift,2019-08-22,-17,0.02484445460140705
2019-09-18,expected_rate_path_shift,2019-08-23,-16,0.03128115087747574
2019-09-18,expected_rate_path_shift,2019-08-26,-15,0.02311568707227707
2019-09-18,expected_rate_path_shift,2019-08-27,-14,0.02542072907090187
2019-09-18,expected_rate_path_shift,2019-08-28,-13,0.029913533478975296
2019-09-18,expected_rate_path_shift,2019-08-29,-12,0.02454174868762493
2019-09-18,expected_rate_path_shift,2019-08-30,-11,0.02727475017309189
2019-09-18,expected_rate_path_shift,2019-09-03,-10,0.029663830995559692
2019-09-18,expected_rate_path_shift,2019-09-04,-9,0.03640113025903702
2019-09-18,expected_rate_path_shift,2019-09-05,-8,0.029498908668756485
2019-09-18,expected_rate_path_shift,2019-09-06,-7,0.036517541855573654
2019-09-18,expected_rate_path_shift,2019-09-09,-6,0.036668725311756134
2019-09-18,expected_rate_path_shift,2019-09-10,-5,0.030069537460803986
2019-09-18,expected_rate_path_shift,2019-09-11,-4,0.031784720718860626
2019-09-18,expected_rate_path_shift,2019-09-12,-3,0.03326113149523735
2019-09-18,expected_rate_path_shift,2019-09-13,-2,0.02847248688340187
2019-09-18,expected_rate_path_shift,2019-09-16,-1,0.0313476026058197
2019-09-18,expected_rate_path_shift,2019-09-17,0,0.029132328927516937
2019-09-18,inflation_assessment_shift,2019-08-01,-32,0.032805368304252625
2019-09-18,inflation_assessment_shift,2019-08-02,-31,0.02954665757715702
2019-09-18,inflation_assessment_shift,2019-08-05,-30,0.03105633705854416
2019-09-18,inflation_assessment_shift,2019-08-06,-29,0.031353872269392014
2019-09-18,inflation_assessment_shift,2019-08-07,-28,0.033143457025289536
2019-09-18,inflation_assessment_shift,2019-08-08,-27,0.03335180506110191
2019-09-18,inflation_assessment_shift,2019-08-09,-26,0.030574582517147064
2019-09-18,inflation_assessment_shift,2019-08-12,-25,0.03566018119454384
2019-09-18,inflation_assessment_shift,2019-08-13,-24,0.02478335238993168
2019-09-18,inflation_assessment_shift,2019-08-14,-23,0.02824469655752182
2019-09-18,inflation_assessment_shift,2019-08-15,-22,0.028768600896000862
2019-09-18,inflation_assessment_shift,2019-08-16,-21,0.028261687606573105
2019-09-18,inflation_assessment_shift,2019-08-19,-20,0.027152419090270996
2019-09-18,inflation_assessment_shift,2019-08-20,-19,0.03447912633419037
2019-09-18,inflation_assessment_shift,2019-08-21,-18,0.026194823905825615
2019-09-18,inflation_assessment_shift,2019-08-22,-17,0.024633951485157013
2019-09-18,inflation_assessment_shift,2019-08-23,-16,0.03153272718191147
2019-09-18,inflation_assessment_shift,2019-08-26,-15,0.022218652069568634
2019-09-18,inflation_assessment_shift,2019-08-27,-14,0.02424328774213791
2019-09-18,inflation_assessment_shift,2019-08-28,-13,0.02776297926902771
2019-09-18,inflation_assessment_shift,2019-08-29,-12,0.023652810603380203
2019-09-18,inflation_assessment_shift,2019-08-30,-11,0.026571761816740036
2019-09-18,inflation_assessment_shift,2019-09-03,-10,0.03031262196600437
2019-09-18,inflation_assessment_shift,2019-09-04,-9,0.03919616714119911
2019-09-18,inflation_assessment_shift,2019-09-05,-8,0.030252214521169662
2019-09-18,inflation_assessment_shift,2019-09-06,-7,0.037735313177108765
2019-09-18,inflation_assessment_shift,2019-09-09,-6,0.03704921901226044
2019-09-18,inflation_assessment_shift,2019-09-10,-5,0.030564505606889725
2019-09-18,inflation_assessment_shift,2019-09-11,-4,0.03281962126493454
2019-09-18,inflation_assessment_shift,2019-09-12,-3,0.0339336059987545
2019-09-18,inflation_assessment_shift,2019-09-13,-2,0.030190113931894302
2019-09-18,inflation_assessment_shift,2019-09-16,-1,0.03245461359620094
2019-09-18,inflation_assessment_shift,2019-09-17,0,0.0294988751411438
2019-09-18,inflation_risk_shift,2019-08-01,-32,0.03325123339891434
2019-09-18,inflation_risk_shift,2019-08-02,-31,0.03060239553451538
2019-09-18,inflation_risk_shift,2019-08-05,-30,0.032211221754550934
2019-09-18,inflation_risk_shift,2019-08-06,-29,0.03179531916975975
2019-09-18,inflation_risk_shift,2019-08-07,-28,0.032366495579481125
2019-09-18,inflation_risk_shift,2019-08-08,-27,0.03310682624578476
2019-09-18,inflation_risk_shift,2019-08-09,-26,0.03131791949272156
2019-09-18,inflation_risk_shift,2019-08-12,-25,0.03380294144153595
2019-09-18,inflation_risk_shift,2019-08-13,-24,0.025878068059682846
2019-09-18,inflation_risk_shift,2019-08-14,-23,0.029680602252483368
2019-09-18,inflation_risk_shift,2019-08-15,-22,0.03037741407752037
2019-09-18,inflation_risk_shift,2019-08-16,-21,0.028481420129537582
2019-09-18,inflation_risk_shift,2019-08-19,-20,0.029648490250110626
2019-09-18,inflation_risk_shift,2019-08-20,-19,0.032321035861968994
2019-09-18,inflation_risk_shift,2019-08-21,-18,0.026719538494944572
2019-09-18,inflation_risk_shift,2019-08-22,-17,0.025618715211749077
2019-09-18,inflation_risk_shift,2019-08-23,-16,0.030541764572262764
2019-09-18,inflation_risk_shift,2019-08-26,-15,0.024006741121411324
2019-09-18,inflation_risk_shift,2019-08-27,-14,0.026786979287862778
2019-09-18,inflation_risk_shift,2019-08-28,-13,0.03077002987265587
2019-09-18,inflation_risk_shift,2019-08-29,-12,0.02598121017217636
2019-09-18,inflation_risk_shift,2019-08-30,-11,0.02829829975962639
2019-09-18,inflation_risk_shift,2019-09-03,-10,0.02925984375178814
2019-09-18,inflation_risk_shift,2019-09-04,-9,0.034490715712308884
2019-09-18,inflation_risk_shift,2019-09-05,-8,0.02961338497698307
2019-09-18,inflation_risk_shift,2019-09-06,-7,0.035408876836299896
2019-09-18,inflation_risk_shift,2019-09-09,-6,0.03549381345510483
2019-09-18,inflation_risk_shift,2019-09-10,-5,0.030123043805360794
2019-09-18,inflation_risk_shift,2019-09-11,-4,0.031142471358180046
2019-09-18,inflation_risk_shift,2019-09-12,-3,0.032438941299915314
2019-09-18,inflation_risk_shift,2019-09-13,-2,0.027818571776151657
2019-09-18,inflation_risk_shift,2019-09-16,-1,0.031112216413021088
2019-09-18,inflation_risk_shift,2019-09-17,0,0.029533464461565018
2019-09-18,unemployment_assessment_shift,2019-08-01,-32,0.034008193761110306
2019-09-18,unemployment_assessment_shift,2019-08-02,-31,0.030683733522892
2019-09-18,unemployment_assessment_shift,2019-08-05,-30,0.03214903548359871
2019-09-18,unemployment_assessment_shift,2019-08-06,-29,0.032402463257312775
2019-09-18,unemployment_assessment_shift,2019-08-07,-28,0.03322305157780647
2019-09-18,unemployment_assessment_shift,2019-08-08,-27,0.03360399231314659
2019-09-18,unemployment_assessment_shift,2019-08-09,-26,0.0318385548889637
2019-09-18,unemployment_assessment_shift,2019-08-12,-25,0.0356827974319458
2019-09-18,unemployment_assessment_shift,2019-08-13,-24,0.02545400895178318
2019-09-18,unemployment_assessment_shift,2019-08-14,-23,0.029244454577565193
2019-09-18,unemployment_assessment_shift,2019-08-15,-22,0.029819827526807785
2019-09-18,unemployment_assessment_shift,2019-08-16,-21,0.027613697573542595
2019-09-18,unemployment_assessment_shift,2019-08-19,-20,0.028517575934529305
2019-09-18,unemployment_assessment_shift,2019-08-20,-19,0.03366954252123833
2019-09-18,unemployment_assessment_shift,2019-08-21,-18,0.026016706600785255
2019-09-18,unemployment_assessment_shift,2019-08-22,-17,0.024895163252949715
2019-09-18,unemployment_assessment_shift,2019-08-23,-16,0.031115103513002396
2019-09-18,unemployment_assessment_shift,2019-08-26,-15,0.022401850670576096
2019-09-18,unemployment_assessment_shift,2019-08-27,-14,0.02488650381565094
2019-09-18,unemployment_assessment_shift,2019-08-28,-13,0.029093150049448013
2019-09-18,unemployment_assessment_shift,2019-08-29,-12,0.023769516497850418
2019-09-18,unemployment_assessment_shift,2019-08-30,-11,0.026939183473587036
2019-09-18,unemployment_assessment_shift,2019-09-03,-10,0.030025413259863853
2019-09-18,unemployment_assessment_shift,2019-09-04,-9,0.03690328821539879
2019-09-18,unemployment_assessment_shift,2019-09-05,-8,0.029865000396966934
2019-09-18,unemployment_assessment_shift,2019-09-06,-7,0.037074390798807144
2019-09-18,unemployment_assessment_shift,2019-09-09,-6,0.036658935248851776
2019-09-18,unemployment_assessment_shift,2019-09-10,-5,0.029960691928863525
2019-09-18,unemployment_assessment_shift,2019-09-11,-4,0.03170394152402878
2019-09-18,unemployment_assessment_shift,2019-09-12,-3,0.03279893472790718
2019-09-18,unemployment_assessment_shift,2019-09-13,-2,0.028333373367786407
2019-09-18,unemployment_assessment_shift,2019-09-16,-1,0.03141365945339203
2019-09-18,unemployment_assessment_shift,2019-09-17,0,0.02823430299758911
2019-09-18,labor_market_risk_shift,2019-08-01,-32,0.03317651152610779
2019-09-18,labor_market_risk_shift,2019-08-02,-31,0.030360057950019836
2019-09-18,labor_market_risk_shift,2019-08-05,-30,0.03192053735256195
2019-09-18,labor_market_risk_shift,2019-08-06,-29,0.031152594834566116
2019-09-18,labor_market_risk_shift,2019-08-07,-28,0.03189942613244057
2019-09-18,labor_market_risk_shift,2019-08-08,-27,0.03229813650250435
2019-09-18,labor_market_risk_shift,2019-08-09,-26,0.03123173676431179
2019-09-18,labor_market_risk_shift,2019-08-12,-25,0.033616118133068085
2019-09-18,labor_market_risk_shift,2019-08-13,-24,0.02593890205025673
2019-09-18,labor_market_risk_shift,2019-08-14,-23,0.029996410012245178
2019-09-18,labor_market_risk_shift,2019-08-15,-22,0.030368253588676453
2019-09-18,labor_market_risk_shift,2019-08-16,-21,0.02877839282155037
2019-09-18,labor_market_risk_shift,2019-08-19,-20,0.029797270894050598
2019-09-18,labor_market_risk_shift,2019-08-20,-19,0.03281526267528534
2019-09-18,labor_market_risk_shift,2019-08-21,-18,0.026687689125537872
2019-09-18,labor_market_risk_shift,2019-08-22,-17,0.02577504888176918
2019-09-18,labor_market_risk_shift,2019-08-23,-16,0.030505450442433357
2019-09-18,labor_market_risk_shift,2019-08-26,-15,0.024058599025011063
2019-09-18,labor_market_risk_shift,2019-08-27,-14,0.026787782087922096
2019-09-18,labor_market_risk_shift,2019-08-28,-13,0.030375223606824875
2019-09-18,labor_market_risk_shift,2019-08-29,-12,0.025708671659231186
2019-09-18,labor_market_risk_shift,2019-08-30,-11,0.028567472472786903
2019-09-18,labor_market_risk_shift,2019-09-03,-10,0.02978258952498436
2019-09-18,labor_market_risk_shift,2019-09-04,-9,0.03540816903114319
2019-09-18,labor_market_risk_shift,2019-09-05,-8,0.030297493562102318
2019-09-18,labor_market_risk_shift,2019-09-06,-7,0.03602593392133713
2019-09-18,labor_market_risk_shift,2019-09-09,-6,0.03583021089434624
2019-09-18,labor_market_risk_shift,2019-09-10,-5,0.030209794640541077
2019-09-18,labor_market_risk_shift,2019-09-11,-4,0.030951114371418953
2019-09-18,labor_market_risk_shift,2019-09-12,-3,0.03208575025200844
2019-09-18,labor_market_risk_shift,2019-09-13,-2,0.027507413178682327
2019-09-18,labor_market_risk_shift,2019-09-16,-1,0.0306817926466465
2019-09-18,labor_market_risk_shift,2019-09-17,0,0.029404161497950554
2019-09-18,growth_activity_shift,2019-08-01,-32,0.03407944738864899
2019-09-18,growth_activity_shift,2019-08-02,-31,0.030548095703125
2019-09-18,growth_activity_shift,2019-08-05,-30,0.031963564455509186
2019-09-18,growth_activity_shift,2019-08-06,-29,0.031807854771614075
2019-09-18,growth_activity_shift,2019-08-07,-28,0.03257278725504875
2019-09-18,growth_activity_shift,2019-08-08,-27,0.03299775347113609
2019-09-18,growth_activity_shift,2019-08-09,-26,0.03131277859210968
2019-09-18,growth_activity_shift,2019-08-12,-25,0.03541301563382149
2019-09-18,growth_activity_shift,2019-08-13,-24,0.02531496062874794
2019-09-18,growth_activity_shift,2019-08-14,-23,0.029604416340589523
2019-09-18,growth_activity_shift,2019-08-15,-22,0.030119188129901886
2019-09-18,growth_activity_shift,2019-08-16,-21,0.027413297444581985
2019-09-18,growth_activity_shift,2019-08-19,-20,0.02848602458834648
2019-09-18,growth_activity_shift,2019-08-20,-19,0.03375301882624626
2019-09-18,growth_activity_shift,2019-08-21,-18,0.025952907279133797
2019-09-18,growth_activity_shift,2019-08-22,-17,0.024905629456043243
2019-09-18,growth_activity_shift,2019-08-23,-16,0.03173254802823067
2019-09-18,growth_activity_shift,2019-08-26,-15,0.022515635937452316
2019-09-18,growth_activity_shift,2019-08-27,-14,0.025249283760786057
2019-09-18,growth_activity_shift,2019-08-28,-13,0.02940266765654087
2019-09-18,growth_activity_shift,2019-08-29,-12,0.023820657283067703
2019-09-18,growth_activity_shift,2019-08-30,-11,0.027058079838752747
2019-09-18,growth_activity_shift,2019-09-03,-10,0.029344946146011353
2019-09-18,growth_activity_shift,2019-09-04,-9,0.03573494404554367
2019-09-18,growth_activity_shift,2019-09-05,-8,0.029599079862236977
2019-09-18,growth_activity_shift,2019-09-06,-7,0.036804698407649994
2019-09-18,growth_activity_shift,2019-09-09,-6,0.03647198528051376
2019-09-18,growth_activity_shift,2019-09-10,-5,0.03020796924829483
2019-09-18,growth_activity_shift,2019-09-11,-4,0.032260339707136154
2019-09-18,growth_activity_shift,2019-09-12,-3,0.03355356678366661
2019-09-18,growth_activity_shift,2019-09-13,-2,0.02869078889489174
2019-09-18,growth_activity_shift,2019-09-16,-1,0.032181061804294586
2019-09-18,growth_activity_shift,2019-09-17,0,0.029127046465873718
2019-09-18,financial_conditions_shift,2019-08-01,-32,0.033221952617168427
2019-09-18,financial_conditions_shift,2019-08-02,-31,0.030652334913611412
2019-09-18,financial_conditions_shift,2019-08-05,-30,0.032290443778038025
2019-09-18,financial_conditions_shift,2019-08-06,-29,0.03204479068517685
2019-09-18,financial_conditions_shift,2019-08-07,-28,0.03319795802235603
2019-09-18,financial_conditions_shift,2019-08-08,-27,0.03309956565499306
2019-09-18,financial_conditions_shift,2019-08-09,-26,0.031378936022520065
2019-09-18,financial_conditions_shift,2019-08-12,-25,0.03477424010634422
2019-09-18,financial_conditions_shift,2019-08-13,-24,0.025850091129541397
2019-09-18,financial_conditions_shift,2019-08-14,-23,0.0297950841486454
2019-09-18,financial_conditions_shift,2019-08-15,-22,0.03035927563905716
2019-09-18,financial_conditions_shift,2019-08-16,-21,0.028703752905130386
2019-09-18,financial_conditions_shift,2019-08-19,-20,0.028417786583304405
2019-09-18,financial_conditions_shift,2019-08-20,-19,0.033188022673130035
2019-09-18,financial_conditions_shift,2019-08-21,-18,0.02572515234351158
2019-09-18,financial_conditions_shift,2019-08-22,-17,0.02494673989713192
2019-09-18,financial_conditions_shift,2019-08-23,-16,0.03051600605249405
2019-09-18,financial_conditions_shift,2019-08-26,-15,0.023238928988575935
2019-09-18,financial_conditions_shift,2019-08-27,-14,0.025995846837759018
2019-09-18,financial_conditions_shift,2019-08-28,-13,0.0294417105615139
2019-09-18,financial_conditions_shift,2019-08-29,-12,0.02466953918337822
2019-09-18,financial_conditions_shift,2019-08-30,-11,0.027511943131685257
2019-09-18,financial_conditions_shift,2019-09-03,-10,0.029963871464133263
2019-09-18,financial_conditions_shift,2019-09-04,-9,0.035514526069164276
2019-09-18,financial_conditions_shift,2019-09-05,-8,0.029421579092741013
2019-09-18,financial_conditions_shift,2019-09-06,-7,0.03649069741368294
2019-09-18,financial_conditions_shift,2019-09-09,-6,0.03649339824914932
2019-09-18,financial_conditions_shift,2019-09-10,-5,0.03047415241599083
2019-09-18,financial_conditions_shift,2019-09-11,-4,0.03188662230968475
2019-09-18,financial_conditions_shift,2019-09-12,-3,0.032949600368738174
2019-09-18,financial_conditions_shift,2019-09-13,-2,0.028235916048288345
2019-09-18,financial_conditions_shift,2019-09-16,-1,0.03083011507987976
2019-09-18,financial_conditions_shift,2019-09-17,0,0.028719399124383926
2019-09-18,balance_sheet_policy_shift,2019-08-01,-32,0.03301491588354111
2019-09-18,balance_sheet_policy_shift,2019-08-02,-31,0.030076615512371063
2019-09-18,balance_sheet_policy_shift,2019-08-05,-30,0.03136564418673515
2019-09-18,balance_sheet_policy_shift,2019-08-06,-29,0.03220386430621147
2019-09-18,balance_sheet_policy_shift,2019-08-07,-28,0.03333967924118042
2019-09-18,balance_sheet_policy_shift,2019-08-08,-27,0.034840911626815796
2019-09-18,balance_sheet_policy_shift,2019-08-09,-26,0.030695846304297447
2019-09-18,balance_sheet_policy_shift,2019-08-12,-25,0.035725489258766174
2019-09-18,balance_sheet_policy_shift,2019-08-13,-24,0.02462644688785076
2019-09-18,balance_sheet_policy_shift,2019-08-14,-23,0.028125029057264328
2019-09-18,balance_sheet_policy_shift,2019-08-15,-22,0.029339486733078957
2019-09-18,balance_sheet_policy_shift,2019-08-16,-21,0.02801508456468582
2019-09-18,balance_sheet_policy_shift,2019-08-19,-20,0.027504198253154755
2019-09-18,balance_sheet_policy_shift,2019-08-20,-19,0.03398239240050316
2019-09-18,balance_sheet_policy_shift,2019-08-21,-18,0.02609461359679699
2019-09-18,balance_sheet_policy_shift,2019-08-22,-17,0.02362256869673729
2019-09-18,balance_sheet_policy_shift,2019-08-23,-16,0.03076479770243168
2019-09-18,balance_sheet_policy_shift,2019-08-26,-15,0.0217234268784523
2019-09-18,balance_sheet_policy_shift,2019-08-27,-14,0.023446276783943176
2019-09-18,balance_sheet_policy_shift,2019-08-28,-13,0.02863875776529312
2019-09-18,balance_sheet_policy_shift,2019-08-29,-12,0.023108411580324173
2019-09-18,balance_sheet_policy_shift,2019-08-30,-11,0.026554791256785393
2019-09-18,balance_sheet_policy_shift,2019-09-03,-10,0.029918743297457695
2019-09-18,balance_sheet_policy_shift,2019-09-04,-9,0.03827696293592453
2019-09-18,balance_sheet_policy_shift,2019-09-05,-8,0.03042767196893692
2019-09-18,balance_sheet_policy_shift,2019-09-06,-7,0.03842760622501373
2019-09-18,balance_sheet_policy_shift,2019-09-09,-6,0.038254838436841965
2019-09-18,balance_sheet_policy_shift,2019-09-10,-5,0.03093545325100422
2019-09-18,balance_sheet_policy_shift,2019-09-11,-4,0.03262261301279068
2019-09-18,balance_sheet_policy_shift,2019-09-12,-3,0.033944226801395416
2019-09-18,balance_sheet_policy_shift,2019-09-13,-2,0.02946736104786396
2019-09-18,balance_sheet_policy_shift,2019-09-16,-1,0.03182750195264816
2019-09-18,balance_sheet_policy_shift,2019-09-17,0,0.029087776318192482
2019-09-18,risk_balance_shift,2019-08-01,-32,0.03318826109170914
2019-09-18,risk_balance_shift,2019-08-02,-31,0.030356740579009056
2019-09-18,risk_balance_shift,2019-08-05,-30,0.03221065551042557
2019-09-18,risk_balance_shift,2019-08-06,-29,0.03140634670853615
2019-09-18,risk_balance_shift,2019-08-07,-28,0.032221559435129166
2019-09-18,risk_balance_shift,2019-08-08,-27,0.032934147864580154
2019-09-18,risk_balance_shift,2019-08-09,-26,0.031193889677524567
2019-09-18,risk_balance_shift,2019-08-12,-25,0.03376488387584686
2019-09-18,risk_balance_shift,2019-08-13,-24,0.025963006541132927
2019-09-18,risk_balance_shift,2019-08-14,-23,0.03028208389878273
2019-09-18,risk_balance_shift,2019-08-15,-22,0.03060118295252323
2019-09-18,risk_balance_shift,2019-08-16,-21,0.02822628617286682
2019-09-18,risk_balance_shift,2019-08-19,-20,0.029805589467287064
2019-09-18,risk_balance_shift,2019-08-20,-19,0.032516542822122574
2019-09-18,risk_balance_shift,2019-08-21,-18,0.02660217508673668
2019-09-18,risk_balance_shift,2019-08-22,-17,0.025688767433166504
2019-09-18,risk_balance_shift,2019-08-23,-16,0.031318288296461105
2019-09-18,risk_balance_shift,2019-08-26,-15,0.023967070505023003
2019-09-18,risk_balance_shift,2019-08-27,-14,0.027050772681832314
2019-09-18,risk_balance_shift,2019-08-28,-13,0.030908267945051193
2019-09-18,risk_balance_shift,2019-08-29,-12,0.025594089180231094
2019-09-18,risk_balance_shift,2019-08-30,-11,0.028765734285116196
2019-09-18,risk_balance_shift,2019-09-03,-10,0.029323721304535866
2019-09-18,risk_balance_shift,2019-09-04,-9,0.034813717007637024
2019-09-18,risk_balance_shift,2019-09-05,-8,0.029866019263863564
2019-09-18,risk_balance_shift,2019-09-06,-7,0.035867221653461456
2019-09-18,risk_balance_shift,2019-09-09,-6,0.035266440361738205
2019-09-18,risk_balance_shift,2019-09-10,-5,0.02974862977862358
2019-09-18,risk_balance_shift,2019-09-11,-4,0.031036563217639923
2019-09-18,risk_balance_shift,2019-09-12,-3,0.03190844506025314
2019-09-18,risk_balance_shift,2019-09-13,-2,0.027338603511452675
2019-09-18,risk_balance_shift,2019-09-16,-1,0.03100520186126232
2019-09-18,risk_balance_shift,2019-09-17,0,0.02925911545753479
2019-09-18,committee_dispersion,2019-08-01,-32,0.029827460646629333
2019-09-18,committee_dispersion,2019-08-02,-31,0.029853153973817825
2019-09-18,committee_dispersion,2019-08-05,-30,0.02871081791818142
2019-09-18,committee_dispersion,2019-08-06,-29,0.03007407858967781
2019-09-18,committee_dispersion,2019-08-07,-28,0.030162036418914795
2019-09-18,committee_dispersion,2019-08-08,-27,0.029443323612213135
2019-09-18,committee_dispersion,2019-08-09,-26,0.03024687059223652
2019-09-18,committee_dispersion,2019-08-12,-25,0.03141666203737259
2019-09-18,committee_dispersion,2019-08-13,-24,0.030311839655041695
2019-09-18,committee_dispersion,2019-08-14,-23,0.028342505916953087
2019-09-18,committee_dispersion,2019-08-15,-22,0.028250230476260185
2019-09-18,committee_dispersion,2019-08-16,-21,0.030511559918522835
2019-09-18,committee_dispersion,2019-08-19,-20,0.027417201548814774
2019-09-18,committee_dispersion,2019-08-20,-19,0.032621048390865326
2019-09-18,committee_dispersion,2019-08-21,-18,0.030802879482507706
2019-09-18,committee_dispersion,2019-08-22,-17,0.02960648387670517
2019-09-18,committee_dispersion,2019-08-23,-16,0.03020438924431801
2019-09-18,committee_dispersion,2019-08-26,-15,0.028866808861494064
2019-09-18,committee_dispersion,2019-08-27,-14,0.027797028422355652
2019-09-18,committee_dispersion,2019-08-28,-13,0.026346229016780853
2019-09-18,committee_dispersion,2019-08-29,-12,0.027736656367778778
2019-09-18,committee_dispersion,2019-08-30,-11,0.027769271284341812
2019-09-18,committee_dispersion,2019-09-03,-10,0.032155562192201614
2019-09-18,committee_dispersion,2019-09-04,-9,0.03387640416622162
2019-09-18,committee_dispersion,2019-09-05,-8,0.03142962604761124
2019-09-18,committee_dispersion,2019-09-06,-7,0.031949132680892944
2019-09-18,committee_dispersion,2019-09-09,-6,0.03261146694421768
2019-09-18,committee_dispersion,2019-09-10,-5,0.031524017453193665
2019-09-18,committee_dispersion,2019-09-11,-4,0.032365262508392334
2019-09-18,committee_dispersion,2019-09-12,-3,0.031933754682540894
2019-09-18,committee_dispersion,2019-09-13,-2,0.03349163383245468
2019-09-18,committee_dispersion,2019-09-16,-1,0.03124728426337242
2019-09-18,committee_dispersion,2019-09-17,0,0.031097279861569405
2019-09-18,policy_uncertainty,2019-08-01,-32,0.03113206848502159
2019-09-18,policy_uncertainty,2019-08-02,-31,0.02929413504898548
2019-09-18,policy_uncertainty,2019-08-05,-30,0.029052622616291046
2019-09-18,policy_uncertainty,2019-08-06,-29,0.03008364886045456
2019-09-18,policy_uncertainty,2019-08-07,-28,0.031062103807926178
2019-09-18,policy_uncertainty,2019-08-08,-27,0.03099852427840233
2019-09-18,policy_uncertainty,2019-08-09,-26,0.03004572167992592
2019-09-18,policy_uncertainty,2019-08-12,-25,0.03368227928876877
2019-09-18,policy_uncertainty,2019-08-13,-24,0.026794154196977615
2019-09-18,policy_uncertainty,2019-08-14,-23,0.027597516775131226
2019-09-18,policy_uncertainty,2019-08-15,-22,0.027705814689397812
2019-09-18,policy_uncertainty,2019-08-16,-21,0.02928990311920643
2019-09-18,policy_uncertainty,2019-08-19,-20,0.026842445135116577
2019-09-18,policy_uncertainty,2019-08-20,-19,0.03480777516961098
2019-09-18,policy_uncertainty,2019-08-21,-18,0.028167812153697014
2019-09-18,policy_uncertainty,2019-08-22,-17,0.02633746527135372
2019-09-18,policy_uncertainty,2019-08-23,-16,0.030688509345054626
2019-09-18,policy_uncertainty,2019-08-26,-15,0.02418675646185875
2019-09-18,policy_uncertainty,2019-08-27,-14,0.024783311411738396
2019-09-18,policy_uncertainty,2019-08-28,-13,0.026533562690019608
2019-09-18,policy_uncertainty,2019-08-29,-12,0.024989882484078407
2019-09-18,policy_uncertainty,2019-08-30,-11,0.026849478483200073
2019-09-18,policy_uncertainty,2019-09-03,-10,0.031666167080402374
2019-09-18,policy_uncertainty,2019-09-04,-9,0.038802530616521835
2019-09-18,policy_uncertainty,2019-09-05,-8,0.031165316700935364
2019-09-18,policy_uncertainty,2019-09-06,-7,0.03659341111779213
2019-09-18,policy_uncertainty,2019-09-09,-6,0.03627879172563553
2019-09-18,policy_uncertainty,2019-09-10,-5,0.03141740709543228
2019-09-18,policy_uncertainty,2019-09-11,-4,0.033341050148010254
2019-09-18,policy_uncertainty,2019-09-12,-3,0.034139279276132584
2019-09-18,policy_uncertainty,2019-09-13,-2,0.03223831579089165
2019-09-18,policy_uncertainty,2019-09-16,-1,0.03262440487742424
2019-09-18,policy_uncertainty,2019-09-17,0,0.030807821080088615
2019-09-18,forward_guidance_strength,2019-08-01,-32,0.03278394788503647
2019-09-18,forward_guidance_strength,2019-08-02,-31,0.029989363625645638
2019-09-18,forward_guidance_strength,2019-08-05,-30,0.032174721360206604
2019-09-18,forward_guidance_strength,2019-08-06,-29,0.03116631507873535
2019-09-18,forward_guidance_strength,2019-08-07,-28,0.032274939119815826
2019-09-18,forward_guidance_strength,2019-08-08,-27,0.033284809440374374
2019-09-18,forward_guidance_strength,2019-08-09,-26,0.03125786781311035
2019-09-18,forward_guidance_strength,2019-08-12,-25,0.033685553818941116
2019-09-18,forward_guidance_strength,2019-08-13,-24,0.025767732411623
2019-09-18,forward_guidance_strength,2019-08-14,-23,0.030135145410895348
2019-09-18,forward_guidance_strength,2019-08-15,-22,0.030485134571790695
2019-09-18,forward_guidance_strength,2019-08-16,-21,0.029035653918981552
2019-09-18,forward_guidance_strength,2019-08-19,-20,0.030357901006937027
2019-09-18,forward_guidance_strength,2019-08-20,-19,0.032842524349689484
2019-09-18,forward_guidance_strength,2019-08-21,-18,0.027036769315600395
2019-09-18,forward_guidance_strength,2019-08-22,-17,0.025720201432704926
2019-09-18,forward_guidance_strength,2019-08-23,-16,0.030836237594485283
2019-09-18,forward_guidance_strength,2019-08-26,-15,0.024201326072216034
2019-09-18,forward_guidance_strength,2019-08-27,-14,0.027142230421304703
2019-09-18,forward_guidance_strength,2019-08-28,-13,0.03101459890604019
2019-09-18,forward_guidance_strength,2019-08-29,-12,0.026161503046751022
2019-09-18,forward_guidance_strength,2019-08-30,-11,0.029056942090392113
2019-09-18,forward_guidance_strength,2019-09-03,-10,0.029590055346488953
2019-09-18,forward_guidance_strength,2019-09-04,-9,0.035324811935424805
2019-09-18,forward_guidance_strength,2019-09-05,-8,0.030352745205163956
2019-09-18,forward_guidance_strength,2019-09-06,-7,0.0358952097594738
2019-09-18,forward_guidance_strength,2019-09-09,-6,0.035557523369789124
2019-09-18,forward_guidance_strength,2019-09-10,-5,0.02972286194562912
2019-09-18,forward_guidance_strength,2019-09-11,-4,0.030354872345924377
2019-09-18,forward_guidance_strength,2019-09-12,-3,0.03147260844707489
2019-09-18,forward_guidance_strength,2019-09-13,-2,0.026672203093767166
2019-09-18,forward_guidance_strength,2019-09-16,-1,0.030021660029888153
2019-09-18,forward_guidance_strength,2019-09-17,0,0.028624046593904495
2019-10-30,rate_decision,2019-09-19,-27,0.03266369178891182
2019-10-30,rate_decision,2019-09-20,-26,0.03860016167163849
2019-10-30,rate_decision,2019-09-23,-25,0.033144511282444
2019-10-30,rate_decision,2019-09-24,-24,0.04076514020562172
2019-10-30,rate_decision,2019-09-25,-23,0.036401279270648956
2019-10-30,rate_decision,2019-09-26,-22,0.03411481902003288
2019-10-30,rate_decision,2019-09-27,-21,0.03396386280655861
2019-10-30,rate_decision,2019-09-30,-20,0.028544768691062927
2019-10-30,rate_decision,2019-10-01,-19,0.032606322318315506
2019-10-30,rate_decision,2019-10-02,-18,0.03659428283572197
2019-10-30,rate_decision,2019-10-03,-17,0.040549445897340775
2019-10-30,rate_decision,2019-10-04,-16,0.04267379641532898
2019-10-30,rate_decision,2019-10-07,-15,0.038960449397563934
2019-10-30,rate_decision,2019-10-08,-14,0.04121832549571991
2019-10-30,rate_decision,2019-10-09,-13,0.03623275086283684
2019-10-30,rate_decision,2019-10-10,-12,0.03421209752559662
2019-10-30,rate_decision,2019-10-11,-11,0.03537513315677643
2019-10-30,rate_decision,2019-10-15,-10,0.03286979719996452
2019-10-30,rate_decision,2019-10-16,-9,0.03408864140510559
2019-10-30,rate_decision,2019-10-17,-8,0.031358759850263596
2019-10-30,rate_decision,2019-10-18,-7,0.03373515233397484
2019-10-30,rate_decision,2019-10-21,-6,0.03358998894691467
2019-10-30,rate_decision,2019-10-22,-5,0.03501521795988083
2019-10-30,rate_decision,2019-10-23,-4,0.036639295518398285
2019-10-30,rate_decision,2019-10-24,-3,0.031363245099782944
2019-10-30,rate_decision,2019-10-25,-2,0.03531589359045029
2019-10-30,rate_decision,2019-10-28,-1,0.0365009605884552
2019-10-30,rate_decision,2019-10-29,0,0.04290221631526947
2019-10-30,current_policy_stance,2019-09-19,-27,0.03526219725608826
2019-10-30,current_policy_stance,2019-09-20,-26,0.035978250205516815
2019-10-30,current_policy_stance,2019-09-23,-25,0.03337167948484421
2019-10-30,current_policy_stance,2019-09-24,-24,0.034598249942064285
2019-10-30,current_policy_stance,2019-09-25,-23,0.031026672571897507
2019-10-30,current_policy_stance,2019-09-26,-22,0.03381873667240143
2019-10-30,current_policy_stance,2019-09-27,-21,0.033802248537540436
2019-10-30,current_policy_stance,2019-09-30,-20,0.03149283304810524
2019-10-30,current_policy_stance,2019-10-01,-19,0.03164729103446007
2019-10-30,current_policy_stance,2019-10-02,-18,0.03301243484020233
2019-10-30,current_policy_stance,2019-10-03,-17,0.03346589207649231
2019-10-30,current_policy_stance,2019-10-04,-16,0.034422073513269424
2019-10-30,current_policy_stance,2019-10-07,-15,0.0334332212805748
2019-10-30,current_policy_stance,2019-10-08,-14,0.03821481019258499
2019-10-30,current_policy_stance,2019-10-09,-13,0.04031180590391159
2019-10-30,current_policy_stance,2019-10-10,-12,0.03862694278359413
2019-10-30,current_policy_stance,2019-10-11,-11,0.034795716404914856
2019-10-30,current_policy_stance,2019-10-15,-10,0.037309680134058
2019-10-30,current_policy_stance,2019-10-16,-9,0.03749033808708191
2019-10-30,current_policy_stance,2019-10-17,-8,0.034968145191669464
2019-10-30,current_policy_stance,2019-10-18,-7,0.038017310202121735
2019-10-30,current_policy_stance,2019-10-21,-6,0.03550678864121437
2019-10-30,current_policy_stance,2019-10-22,-5,0.034233976155519485
2019-10-30,current_policy_stance,2019-10-23,-4,0.03557295352220535
2019-10-30,current_policy_stance,2019-10-24,-3,0.038638193160295486
2019-10-30,current_policy_stance,2019-10-25,-2,0.041128918528556824
2019-10-30,current_policy_stance,2019-10-28,-1,0.03928129002451897
2019-10-30,current_policy_stance,2019-10-29,0,0.040571313351392746
2019-10-30,policy_stance_shift,2019-09-19,-27,0.03529587388038635
2019-10-30,policy_stance_shift,2019-09-20,-26,0.036829981952905655
2019-10-30,policy_stance_shift,2019-09-23,-25,0.03363495320081711
2019-10-30,policy_stance_shift,2019-09-24,-24,0.0351504348218441
2019-10-30,policy_stance_shift,2019-09-25,-23,0.03156884387135506
2019-10-30,policy_stance_shift,2019-09-26,-22,0.033897869288921356
2019-10-30,policy_stance_shift,2019-09-27,-21,0.03407060727477074
2019-10-30,policy_stance_shift,2019-09-30,-20,0.031013891100883484
2019-10-30,policy_stance_shift,2019-10-01,-19,0.03118406981229782
2019-10-30,policy_stance_shift,2019-10-02,-18,0.032896269112825394
2019-10-30,policy_stance_shift,2019-10-03,-17,0.03369055688381195
2019-10-30,policy_stance_shift,2019-10-04,-16,0.03490796685218811
2019-10-30,policy_stance_shift,2019-10-07,-15,0.033331774175167084
2019-10-30,policy_stance_shift,2019-10-08,-14,0.03819625824689865
2019-10-30,policy_stance_shift,2019-10-09,-13,0.04076163470745087
2019-10-30,policy_stance_shift,2019-10-10,-12,0.03870192542672157
2019-10-30,policy_stance_shift,2019-10-11,-11,0.03467150032520294
2019-10-30,policy_stance_shift,2019-10-15,-10,0.036193206906318665
2019-10-30,policy_stance_shift,2019-10-16,-9,0.03655898571014404
2019-10-30,policy_stance_shift,2019-10-17,-8,0.03413058817386627
2019-10-30,policy_stance_shift,2019-10-18,-7,0.03755144774913788
2019-10-30,policy_stance_shift,2019-10-21,-6,0.03542150929570198
2019-10-30,policy_stance_shift,2019-10-22,-5,0.034137364476919174
2019-10-30,policy_stance_shift,2019-10-23,-4,0.03613484278321266
2019-10-30,policy_stance_shift,2019-10-24,-3,0.03837772458791733
2019-10-30,policy_stance_shift,2019-10-25,-2,0.04155021160840988
2019-10-30,policy_stance_shift,2019-10-28,-1,0.03864886239171028
2019-10-30,policy_stance_shift,2019-10-29,0,0.041490837931632996
2019-10-30,expected_rate_path_shift,2019-09-19,-27,0.036306023597717285
2019-10-30,expected_rate_path_shift,2019-09-20,-26,0.03722379356622696
2019-10-30,expected_rate_path_shift,2019-09-23,-25,0.034871410578489304
2019-10-30,expected_rate_path_shift,2019-09-24,-24,0.03495008498430252
2019-10-30,expected_rate_path_shift,2019-09-25,-23,0.03251963108778
2019-10-30,expected_rate_path_shift,2019-09-26,-22,0.03464432433247566
2019-10-30,expected_rate_path_shift,2019-09-27,-21,0.034847985953092575
2019-10-30,expected_rate_path_shift,2019-09-30,-20,0.03170015662908554
2019-10-30,expected_rate_path_shift,2019-10-01,-19,0.03209035098552704
2019-10-30,expected_rate_path_shift,2019-10-02,-18,0.03378443419933319
2019-10-30,expected_rate_path_shift,2019-10-03,-17,0.03433464840054512
2019-10-30,expected_rate_path_shift,2019-10-04,-16,0.03508375585079193
2019-10-30,expected_rate_path_shift,2019-10-07,-15,0.03336726501584053
2019-10-30,expected_rate_path_shift,2019-10-08,-14,0.03606751188635826
2019-10-30,expected_rate_path_shift,2019-10-09,-13,0.037821926176548004
2019-10-30,expected_rate_path_shift,2019-10-10,-12,0.03738277778029442
2019-10-30,expected_rate_path_shift,2019-10-11,-11,0.034554995596408844
2019-10-30,expected_rate_path_shift,2019-10-15,-10,0.03688260167837143
2019-10-30,expected_rate_path_shift,2019-10-16,-9,0.036805227398872375
2019-10-30,expected_rate_path_shift,2019-10-17,-8,0.03440200537443161
2019-10-30,expected_rate_path_shift,2019-10-18,-7,0.037170130759477615
2019-10-30,expected_rate_path_shift,2019-10-21,-6,0.035416148602962494
2019-10-30,expected_rate_path_shift,2019-10-22,-5,0.0338941290974617
2019-10-30,expected_rate_path_shift,2019-10-23,-4,0.03495503216981888
2019-10-30,expected_rate_path_shift,2019-10-24,-3,0.036790065467357635
2019-10-30,expected_rate_path_shift,2019-10-25,-2,0.038551293313503265
2019-10-30,expected_rate_path_shift,2019-10-28,-1,0.04025780409574509
2019-10-30,expected_rate_path_shift,2019-10-29,0,0.04332449659705162
2019-10-30,inflation_assessment_shift,2019-09-19,-27,0.034464381635189056
2019-10-30,inflation_assessment_shift,2019-09-20,-26,0.03594215214252472
2019-10-30,inflation_assessment_shift,2019-09-23,-25,0.03253103792667389
2019-10-30,inflation_assessment_shift,2019-09-24,-24,0.0377621091902256
2019-10-30,inflation_assessment_shift,2019-09-25,-23,0.030719542875885963
2019-10-30,inflation_assessment_shift,2019-09-26,-22,0.03445813059806824
2019-10-30,inflation_assessment_shift,2019-09-27,-21,0.03423008322715759
2019-10-30,inflation_assessment_shift,2019-09-30,-20,0.033992085605859756
2019-10-30,inflation_assessment_shift,2019-10-01,-19,0.033147625625133514
2019-10-30,inflation_assessment_shift,2019-10-02,-18,0.034145768731832504
2019-10-30,inflation_assessment_shift,2019-10-03,-17,0.03492748737335205
2019-10-30,inflation_assessment_shift,2019-10-04,-16,0.036313414573669434
2019-10-30,inflation_assessment_shift,2019-10-07,-15,0.03532116115093231
2019-10-30,inflation_assessment_shift,2019-10-08,-14,0.04182617366313934
2019-10-30,inflation_assessment_shift,2019-10-09,-13,0.04301949590444565
2019-10-30,inflation_assessment_shift,2019-10-10,-12,0.03898964449763298
2019-10-30,inflation_assessment_shift,2019-10-11,-11,0.03449030593037605
2019-10-30,inflation_assessment_shift,2019-10-15,-10,0.035909704864025116
2019-10-30,inflation_assessment_shift,2019-10-16,-9,0.03667959198355675
2019-10-30,inflation_assessment_shift,2019-10-17,-8,0.035237930715084076
2019-10-30,inflation_assessment_shift,2019-10-18,-7,0.03758183866739273
2019-10-30,inflation_assessment_shift,2019-10-21,-6,0.033017486333847046
2019-10-30,inflation_assessment_shift,2019-10-22,-5,0.03270544111728668
2019-10-30,inflation_assessment_shift,2019-10-23,-4,0.03543918952345848
2019-10-30,inflation_assessment_shift,2019-10-24,-3,0.03792582452297211
2019-10-30,inflation_assessment_shift,2019-10-25,-2,0.04012840613722801
2019-10-30,inflation_assessment_shift,2019-10-28,-1,0.033993303775787354
2019-10-30,inflation_assessment_shift,2019-10-29,0,0.03510068729519844
2019-10-30,inflation_risk_shift,2019-09-19,-27,0.03562633693218231
2019-10-30,inflation_risk_shift,2019-09-20,-26,0.03601870685815811
2019-10-30,inflation_risk_shift,2019-09-23,-25,0.034188296645879745
2019-10-30,inflation_risk_shift,2019-09-24,-24,0.0348844900727272
2019-10-30,inflation_risk_shift,2019-09-25,-23,0.03169390931725502
2019-10-30,inflation_risk_shift,2019-09-26,-22,0.03412453457713127
2019-10-30,inflation_risk_shift,2019-09-27,-21,0.03426481783390045
2019-10-30,inflation_risk_shift,2019-09-30,-20,0.03280794247984886
2019-10-30,inflation_risk_shift,2019-10-01,-19,0.03216841071844101
2019-10-30,inflation_risk_shift,2019-10-02,-18,0.0337248221039772
2019-10-30,inflation_risk_shift,2019-10-03,-17,0.03387194126844406
2019-10-30,inflation_risk_shift,2019-10-04,-16,0.03460276871919632
2019-10-30,inflation_risk_shift,2019-10-07,-15,0.033102478832006454
2019-10-30,inflation_risk_shift,2019-10-08,-14,0.037406615912914276
2019-10-30,inflation_risk_shift,2019-10-09,-13,0.04050452262163162
2019-10-30,inflation_risk_shift,2019-10-10,-12,0.03861549124121666
2019-10-30,inflation_risk_shift,2019-10-11,-11,0.03467928245663643
2019-10-30,inflation_risk_shift,2019-10-15,-10,0.03717844933271408
2019-10-30,inflation_risk_shift,2019-10-16,-9,0.03738719969987869
2019-10-30,inflation_risk_shift,2019-10-17,-8,0.03562648221850395
2019-10-30,inflation_risk_shift,2019-10-18,-7,0.038431257009506226
2019-10-30,inflation_risk_shift,2019-10-21,-6,0.03542095422744751
2019-10-30,inflation_risk_shift,2019-10-22,-5,0.03319484367966652
2019-10-30,inflation_risk_shift,2019-10-23,-4,0.03471248224377632
2019-10-30,inflation_risk_shift,2019-10-24,-3,0.03819410130381584
2019-10-30,inflation_risk_shift,2019-10-25,-2,0.03968553990125656
2019-10-30,inflation_risk_shift,2019-10-28,-1,0.03798297420144081
2019-10-30,inflation_risk_shift,2019-10-29,0,0.03990033268928528
2019-10-30,unemployment_assessment_shift,2019-09-19,-27,0.035574771463871
2019-10-30,unemployment_assessment_shift,2019-09-20,-26,0.03540155291557312
2019-10-30,unemployment_assessment_shift,2019-09-23,-25,0.03322204574942589
2019-10-30,unemployment_assessment_shift,2019-09-24,-24,0.037255123257637024
2019-10-30,unemployment_assessment_shift,2019-09-25,-23,0.032037731260061264
2019-10-30,unemployment_assessment_shift,2019-09-26,-22,0.03484170511364937
2019-10-30,unemployment_assessment_shift,2019-09-27,-21,0.03501791134476662
2019-10-30,unemployment_assessment_shift,2019-09-30,-20,0.03686225414276123
2019-10-30,unemployment_assessment_shift,2019-10-01,-19,0.03498346731066704
2019-10-30,unemployment_assessment_shift,2019-10-02,-18,0.0351739265024662
2019-10-30,unemployment_assessment_shift,2019-10-03,-17,0.035060953348875046
2019-10-30,unemployment_assessment_shift,2019-10-04,-16,0.035565122961997986
2019-10-30,unemployment_assessment_shift,2019-10-07,-15,0.036092374473810196
2019-10-30,unemployment_assessment_shift,2019-10-08,-14,0.04180753976106644
2019-10-30,unemployment_assessment_shift,2019-10-09,-13,0.043547600507736206
2019-10-30,unemployment_assessment_shift,2019-10-10,-12,0.038180623203516006
2019-10-30,unemployment_assessment_shift,2019-10-11,-11,0.03523701801896095
2019-10-30,unemployment_assessment_shift,2019-10-15,-10,0.03555041924118996
2019-10-30,unemployment_assessment_shift,2019-10-16,-9,0.03552500531077385
2019-10-30,unemployment_assessment_shift,2019-10-17,-8,0.035447150468826294
2019-10-30,unemployment_assessment_shift,2019-10-18,-7,0.03662968426942825
2019-10-30,unemployment_assessment_shift,2019-10-21,-6,0.03305099904537201
2019-10-30,unemployment_assessment_shift,2019-10-22,-5,0.03238214552402496
2019-10-30,unemployment_assessment_shift,2019-10-23,-4,0.03521981090307236
2019-10-30,unemployment_assessment_shift,2019-10-24,-3,0.03765707090497017
2019-10-30,unemployment_assessment_shift,2019-10-25,-2,0.03789072483778
2019-10-30,unemployment_assessment_shift,2019-10-28,-1,0.03209276869893074
2019-10-30,unemployment_assessment_shift,2019-10-29,0,0.03269251808524132
2019-10-30,labor_market_risk_shift,2019-09-19,-27,0.03541674464941025
2019-10-30,labor_market_risk_shift,2019-09-20,-26,0.03540101647377014
2019-10-30,labor_market_risk_shift,2019-09-23,-25,0.03359797224402428
2019-10-30,labor_market_risk_shift,2019-09-24,-24,0.03435292840003967
2019-10-30,labor_market_risk_shift,2019-09-25,-23,0.031118938699364662
2019-10-30,labor_market_risk_shift,2019-09-26,-22,0.03414587676525116
2019-10-30,labor_market_risk_shift,2019-09-27,-21,0.033914223313331604
2019-10-30,labor_market_risk_shift,2019-09-30,-20,0.03235987573862076
2019-10-30,labor_market_risk_shift,2019-10-01,-19,0.032478392124176025
2019-10-30,labor_market_risk_shift,2019-10-02,-18,0.03357747197151184
2019-10-30,labor_market_risk_shift,2019-10-03,-17,0.033465106040239334
2019-10-30,labor_market_risk_shift,2019-10-04,-16,0.03424675017595291
2019-10-30,labor_market_risk_shift,2019-10-07,-15,0.03322814032435417
2019-10-30,labor_market_risk_shift,2019-10-08,-14,0.038279179483652115
2019-10-30,labor_market_risk_shift,2019-10-09,-13,0.04167080670595169
2019-10-30,labor_market_risk_shift,2019-10-10,-12,0.038206618279218674
2019-10-30,labor_market_risk_shift,2019-10-11,-11,0.034731294959783554
2019-10-30,labor_market_risk_shift,2019-10-15,-10,0.036579787731170654
2019-10-30,labor_market_risk_shift,2019-10-16,-9,0.03646296635270119
2019-10-30,labor_market_risk_shift,2019-10-17,-8,0.035077475011348724
2019-10-30,labor_market_risk_shift,2019-10-18,-7,0.03773258626461029
2019-10-30,labor_market_risk_shift,2019-10-21,-6,0.035570044070482254
2019-10-30,labor_market_risk_shift,2019-10-22,-5,0.034205153584480286
2019-10-30,labor_market_risk_shift,2019-10-23,-4,0.03570157289505005
2019-10-30,labor_market_risk_shift,2019-10-24,-3,0.038842231035232544
2019-10-30,labor_market_risk_shift,2019-10-25,-2,0.04121243953704834
2019-10-30,labor_market_risk_shift,2019-10-28,-1,0.03832588344812393
2019-10-30,labor_market_risk_shift,2019-10-29,0,0.04009849950671196
2019-10-30,growth_activity_shift,2019-09-19,-27,0.03609432280063629
2019-10-30,growth_activity_shift,2019-09-20,-26,0.03615366667509079
2019-10-30,growth_activity_shift,2019-09-23,-25,0.032994408160448074
2019-10-30,growth_activity_shift,2019-09-24,-24,0.03560711815953255
2019-10-30,growth_activity_shift,2019-09-25,-23,0.030813094228506088
2019-10-30,growth_activity_shift,2019-09-26,-22,0.03419353812932968
2019-10-30,growth_activity_shift,2019-09-27,-21,0.03497842699289322
2019-10-30,growth_activity_shift,2019-09-30,-20,0.03413346782326698
2019-10-30,growth_activity_shift,2019-10-01,-19,0.03342413529753685
2019-10-30,growth_activity_shift,2019-10-02,-18,0.03422355651855469
2019-10-30,growth_activity_shift,2019-10-03,-17,0.03405408933758736
2019-10-30,growth_activity_shift,2019-10-04,-16,0.03482135757803917
2019-10-30,growth_activity_shift,2019-10-07,-15,0.03410349041223526
2019-10-30,growth_activity_shift,2019-10-08,-14,0.040200375020504
2019-10-30,growth_activity_shift,2019-10-09,-13,0.04166795313358307
2019-10-30,growth_activity_shift,2019-10-10,-12,0.037906184792518616
2019-10-30,growth_activity_shift,2019-10-11,-11,0.03538482263684273
2019-10-30,growth_activity_shift,2019-10-15,-10,0.03757429122924805
2019-10-30,growth_activity_shift,2019-10-16,-9,0.0373203344643116
2019-10-30,growth_activity_shift,2019-10-17,-8,0.03557746112346649
2019-10-30,growth_activity_shift,2019-10-18,-7,0.037969738245010376
2019-10-30,growth_activity_shift,2019-10-21,-6,0.034008417278528214
2019-10-30,growth_activity_shift,2019-10-22,-5,0.032459892332553864
2019-10-30,growth_activity_shift,2019-10-23,-4,0.03442689776420593
2019-10-30,growth_activity_shift,2019-10-24,-3,0.03719470277428627
2019-10-30,growth_activity_shift,2019-10-25,-2,0.0393601693212986
2019-10-30,growth_activity_shift,2019-10-28,-1,0.03650311753153801
2019-10-30,growth_activity_shift,2019-10-29,0,0.036850932985544205
2019-10-30,financial_conditions_shift,2019-09-19,-27,0.035378776490688324
2019-10-30,financial_conditions_shift,2019-09-20,-26,0.03591858223080635
2019-10-30,financial_conditions_shift,2019-09-23,-25,0.03373990207910538
2019-10-30,financial_conditions_shift,2019-09-24,-24,0.035812169313430786
2019-10-30,financial_conditions_shift,2019-09-25,-23,0.031875964254140854
2019-10-30,financial_conditions_shift,2019-09-26,-22,0.03466866910457611
2019-10-30,financial_conditions_shift,2019-09-27,-21,0.03410106152296066
2019-10-30,financial_conditions_shift,2019-09-30,-20,0.03292267024517059
2019-10-30,financial_conditions_shift,2019-10-01,-19,0.03269549831748009
2019-10-30,financial_conditions_shift,2019-10-02,-18,0.03431783616542816
2019-10-30,financial_conditions_shift,2019-10-03,-17,0.03479086607694626
2019-10-30,financial_conditions_shift,2019-10-04,-16,0.035313718020915985
2019-10-30,financial_conditions_shift,2019-10-07,-15,0.03402703255414963
2019-10-30,financial_conditions_shift,2019-10-08,-14,0.03852548077702522
2019-10-30,financial_conditions_shift,2019-10-09,-13,0.04110605642199516
2019-10-30,financial_conditions_shift,2019-10-10,-12,0.0377504825592041
2019-10-30,financial_conditions_shift,2019-10-11,-11,0.0350300669670105
2019-10-30,financial_conditions_shift,2019-10-15,-10,0.03677385300397873
2019-10-30,financial_conditions_shift,2019-10-16,-9,0.036240771412849426
2019-10-30,financial_conditions_shift,2019-10-17,-8,0.03464974835515022
2019-10-30,financial_conditions_shift,2019-10-18,-7,0.03720472380518913
2019-10-30,financial_conditions_shift,2019-10-21,-6,0.03417770192027092
2019-10-30,financial_conditions_shift,2019-10-22,-5,0.033159367740154266
2019-10-30,financial_conditions_shift,2019-10-23,-4,0.034949205815792084
2019-10-30,financial_conditions_shift,2019-10-24,-3,0.03784555569291115
2019-10-30,financial_conditions_shift,2019-10-25,-2,0.04048888385295868
2019-10-30,financial_conditions_shift,2019-10-28,-1,0.03776742145419121
2019-10-30,financial_conditions_shift,2019-10-29,0,0.0387679859995842
2019-10-30,balance_sheet_policy_shift,2019-09-19,-27,0.034785132855176926
2019-10-30,balance_sheet_policy_shift,2019-09-20,-26,0.03573208302259445
2019-10-30,balance_sheet_policy_shift,2019-09-23,-25,0.03212688863277435
2019-10-30,balance_sheet_policy_shift,2019-09-24,-24,0.036451540887355804
2019-10-30,balance_sheet_policy_shift,2019-09-25,-23,0.031174127012491226
2019-10-30,balance_sheet_policy_shift,2019-09-26,-22,0.0337241105735302
2019-10-30,balance_sheet_policy_shift,2019-09-27,-21,0.034177083522081375
2019-10-30,balance_sheet_policy_shift,2019-09-30,-20,0.03372591733932495
2019-10-30,balance_sheet_policy_shift,2019-10-01,-19,0.033001676201820374
2019-10-30,balance_sheet_policy_shift,2019-10-02,-18,0.03391864523291588
2019-10-30,balance_sheet_policy_shift,2019-10-03,-17,0.03417756408452988
2019-10-30,balance_sheet_policy_shift,2019-10-04,-16,0.03563810512423515
2019-10-30,balance_sheet_policy_shift,2019-10-07,-15,0.03540906682610512
2019-10-30,balance_sheet_policy_shift,2019-10-08,-14,0.0421757847070694
2019-10-30,balance_sheet_policy_shift,2019-10-09,-13,0.044298507273197174
2019-10-30,balance_sheet_policy_shift,2019-10-10,-12,0.03942040354013443
2019-10-30,balance_sheet_policy_shift,2019-10-11,-11,0.035645466297864914
2019-10-30,balance_sheet_policy_shift,2019-10-15,-10,0.03647675737738609
2019-10-30,balance_sheet_policy_shift,2019-10-16,-9,0.036702245473861694
2019-10-30,balance_sheet_policy_shift,2019-10-17,-8,0.03519783169031143
2019-10-30,balance_sheet_policy_shift,2019-10-18,-7,0.0376003161072731
2019-10-30,balance_sheet_policy_shift,2019-10-21,-6,0.033419419080019
2019-10-30,balance_sheet_policy_shift,2019-10-22,-5,0.03227274864912033
2019-10-30,balance_sheet_policy_shift,2019-10-23,-4,0.03497001901268959
2019-10-30,balance_sheet_policy_shift,2019-10-24,-3,0.037346772849559784
2019-10-30,balance_sheet_policy_shift,2019-10-25,-2,0.040159884840250015
2019-10-30,balance_sheet_policy_shift,2019-10-28,-1,0.034849923104047775
2019-10-30,balance_sheet_policy_shift,2019-10-29,0,0.0354219488799572
2019-10-30,risk_balance_shift,2019-09-19,-27,0.035851120948791504
2019-10-30,risk_balance_shift,2019-09-20,-26,0.03625591844320297
2019-10-30,risk_balance_shift,2019-09-23,-25,0.03303315117955208
2019-10-30,risk_balance_shift,2019-09-24,-24,0.03650933504104614
2019-10-30,risk_balance_shift,2019-09-25,-23,0.031369615346193314
2019-10-30,risk_balance_shift,2019-09-26,-22,0.03443949669599533
2019-10-30,risk_balance_shift,2019-09-27,-21,0.03397921845316887
2019-10-30,risk_balance_shift,2019-09-30,-20,0.0348091758787632
2019-10-30,risk_balance_shift,2019-10-01,-19,0.0339103564620018
2019-10-30,risk_balance_shift,2019-10-02,-18,0.03456442803144455
2019-10-30,risk_balance_shift,2019-10-03,-17,0.03428155183792114
2019-10-30,risk_balance_shift,2019-10-04,-16,0.03517910838127136
2019-10-30,risk_balance_shift,2019-10-07,-15,0.03511258587241173
2019-10-30,risk_balance_shift,2019-10-08,-14,0.04202396795153618
2019-10-30,risk_balance_shift,2019-10-09,-13,0.042768869549036026
2019-10-30,risk_balance_shift,2019-10-10,-12,0.03809075802564621
2019-10-30,risk_balance_shift,2019-10-11,-11,0.035166069865226746
2019-10-30,risk_balance_shift,2019-10-15,-10,0.036531947553157806
2019-10-30,risk_balance_shift,2019-10-16,-9,0.03618215024471283
2019-10-30,risk_balance_shift,2019-10-17,-8,0.03546338900923729
2019-10-30,risk_balance_shift,2019-10-18,-7,0.03755049780011177
2019-10-30,risk_balance_shift,2019-10-21,-6,0.03381356596946716
2019-10-30,risk_balance_shift,2019-10-22,-5,0.03329399228096008
2019-10-30,risk_balance_shift,2019-10-23,-4,0.035270147025585175
2019-10-30,risk_balance_shift,2019-10-24,-3,0.037297122180461884
2019-10-30,risk_balance_shift,2019-10-25,-2,0.03884249925613403
2019-10-30,risk_balance_shift,2019-10-28,-1,0.03374369442462921
2019-10-30,risk_balance_shift,2019-10-29,0,0.0346662774682045
2019-10-30,committee_dispersion,2019-09-19,-27,0.03486764058470726
2019-10-30,committee_dispersion,2019-09-20,-26,0.03469644486904144
2019-10-30,committee_dispersion,2019-09-23,-25,0.03224839270114899
2019-10-30,committee_dispersion,2019-09-24,-24,0.03652581945061684
2019-10-30,committee_dispersion,2019-09-25,-23,0.031143955886363983
2019-10-30,committee_dispersion,2019-09-26,-22,0.03388286381959915
2019-10-30,committee_dispersion,2019-09-27,-21,0.03408133238554001
2019-10-30,committee_dispersion,2019-09-30,-20,0.03605150431394577
2019-10-30,committee_dispersion,2019-10-01,-19,0.03437575697898865
2019-10-30,committee_dispersion,2019-10-02,-18,0.034573301672935486
2019-10-30,committee_dispersion,2019-10-03,-17,0.03422315791249275
2019-10-30,committee_dispersion,2019-10-04,-16,0.034797217696905136
2019-10-30,committee_dispersion,2019-10-07,-15,0.035486478358507156
2019-10-30,committee_dispersion,2019-10-08,-14,0.04169074445962906
2019-10-30,committee_dispersion,2019-10-09,-13,0.0445362888276577
2019-10-30,committee_dispersion,2019-10-10,-12,0.03936212509870529
2019-10-30,committee_dispersion,2019-10-11,-11,0.03547419235110283
2019-10-30,committee_dispersion,2019-10-15,-10,0.03587643802165985
2019-10-30,committee_dispersion,2019-10-16,-9,0.03611733019351959
2019-10-30,committee_dispersion,2019-10-17,-8,0.03613220155239105
2019-10-30,committee_dispersion,2019-10-18,-7,0.03787576034665108
2019-10-30,committee_dispersion,2019-10-21,-6,0.034060485661029816
2019-10-30,committee_dispersion,2019-10-22,-5,0.03332291543483734
2019-10-30,committee_dispersion,2019-10-23,-4,0.035943686962127686
2019-10-30,committee_dispersion,2019-10-24,-3,0.03917336091399193
2019-10-30,committee_dispersion,2019-10-25,-2,0.03957127034664154
2019-10-30,committee_dispersion,2019-10-28,-1,0.031865671277046204
2019-10-30,committee_dispersion,2019-10-29,0,0.03204362094402313
2019-10-30,policy_uncertainty,2019-09-19,-27,0.03577880188822746
2019-10-30,policy_uncertainty,2019-09-20,-26,0.036629568785429
2019-10-30,policy_uncertainty,2019-09-23,-25,0.034881699830293655
2019-10-30,policy_uncertainty,2019-09-24,-24,0.03418723866343498
2019-10-30,policy_uncertainty,2019-09-25,-23,0.03277909755706787
2019-10-30,policy_uncertainty,2019-09-26,-22,0.034460365772247314
2019-10-30,policy_uncertainty,2019-09-27,-21,0.03465697541832924
2019-10-30,policy_uncertainty,2019-09-30,-20,0.03162392973899841
2019-10-30,policy_uncertainty,2019-10-01,-19,0.03202267736196518
2019-10-30,policy_uncertainty,2019-10-02,-18,0.03334440290927887
2019-10-30,policy_uncertainty,2019-10-03,-17,0.03385051339864731
2019-10-30,policy_uncertainty,2019-10-04,-16,0.0347142219543457
2019-10-30,policy_uncertainty,2019-10-07,-15,0.0332174226641655
2019-10-30,policy_uncertainty,2019-10-08,-14,0.035392917692661285
2019-10-30,policy_uncertainty,2019-10-09,-13,0.03687220439314842
2019-10-30,policy_uncertainty,2019-10-10,-12,0.03727441281080246
2019-10-30,policy_uncertainty,2019-10-11,-11,0.03455590456724167
2019-10-30,policy_uncertainty,2019-10-15,-10,0.036745160818099976
2019-10-30,policy_uncertainty,2019-10-16,-9,0.03679392859339714
2019-10-30,policy_uncertainty,2019-10-17,-8,0.034438636153936386
2019-10-30,policy_uncertainty,2019-10-18,-7,0.03712022304534912
2019-10-30,policy_uncertainty,2019-10-21,-6,0.03614368289709091
2019-10-30,policy_uncertainty,2019-10-22,-5,0.035054489970207214
2019-10-30,policy_uncertainty,2019-10-23,-4,0.03528759628534317
2019-10-30,policy_uncertainty,2019-10-24,-3,0.037343449890613556
2019-10-30,policy_uncertainty,2019-10-25,-2,0.03927622362971306
2019-10-30,policy_uncertainty,2019-10-28,-1,0.04058505594730377
2019-10-30,policy_uncertainty,2019-10-29,0,0.044969238340854645
2019-10-30,forward_guidance_strength,2019-09-19,-27,0.03595810383558273
2019-10-30,forward_guidance_strength,2019-09-20,-26,0.036844827234745026
2019-10-30,forward_guidance_strength,2019-09-23,-25,0.03518294915556908
2019-10-30,forward_guidance_strength,2019-09-24,-24,0.034509822726249695
2019-10-30,forward_guidance_strength,2019-09-25,-23,0.033196885138750076
2019-10-30,forward_guidance_strength,2019-09-26,-22,0.0349045991897583
2019-10-30,forward_guidance_strength,2019-09-27,-21,0.03481893986463547
2019-10-30,forward_guidance_strength,2019-09-30,-20,0.031241025775671005
2019-10-30,forward_guidance_strength,2019-10-01,-19,0.032261528074741364
2019-10-30,forward_guidance_strength,2019-10-02,-18,0.0337030366063118
2019-10-30,forward_guidance_strength,2019-10-03,-17,0.034221746027469635
2019-10-30,forward_guidance_strength,2019-10-04,-16,0.03517800569534302
2019-10-30,forward_guidance_strength,2019-10-07,-15,0.033464208245277405
2019-10-30,forward_guidance_strength,2019-10-08,-14,0.03554866090416908
2019-10-30,forward_guidance_strength,2019-10-09,-13,0.03650117665529251
2019-10-30,forward_guidance_strength,2019-10-10,-12,0.036216892302036285
2019-10-30,forward_guidance_strength,2019-10-11,-11,0.03439336270093918
2019-10-30,forward_guidance_strength,2019-10-15,-10,0.03647014498710632
2019-10-30,forward_guidance_strength,2019-10-16,-9,0.036306753754615784
2019-10-30,forward_guidance_strength,2019-10-17,-8,0.033894483000040054
2019-10-30,forward_guidance_strength,2019-10-18,-7,0.036718305200338364
2019-10-30,forward_guidance_strength,2019-10-21,-6,0.03630414605140686
2019-10-30,forward_guidance_strength,2019-10-22,-5,0.03545574098825455
2019-10-30,forward_guidance_strength,2019-10-23,-4,0.03552411496639252
2019-10-30,forward_guidance_strength,2019-10-24,-3,0.03651047870516777
2019-10-30,forward_guidance_strength,2019-10-25,-2,0.03868446871638298
2019-10-30,forward_guidance_strength,2019-10-28,-1,0.04090780392289162
2019-10-30,forward_guidance_strength,2019-10-29,0,0.04507779702544212
2019-12-11,rate_decision,2019-10-31,-26,0.03620244562625885
2019-12-11,rate_decision,2019-11-01,-25,0.030573898926377296
2019-12-11,rate_decision,2019-11-04,-24,0.035439830273389816
2019-12-11,rate_decision,2019-11-05,-23,0.031677696853876114
2019-12-11,rate_decision,2019-11-06,-22,0.04117371141910553
2019-12-11,rate_decision,2019-11-07,-21,0.03684566915035248
2019-12-11,rate_decision,2019-11-08,-20,0.039778657257556915
2019-12-11,rate_decision,2019-11-12,-19,0.039211902767419815
2019-12-11,rate_decision,2019-11-13,-18,0.03808915987610817
2019-12-11,rate_decision,2019-11-14,-17,0.041678622364997864
2019-12-11,rate_decision,2019-11-15,-16,0.03897778317332268
2019-12-11,rate_decision,2019-11-18,-15,0.04411320015788078
2019-12-11,rate_decision,2019-11-19,-14,0.03876538574695587
2019-12-11,rate_decision,2019-11-20,-13,0.045443568378686905
2019-12-11,rate_decision,2019-11-21,-12,0.03922053053975105
2019-12-11,rate_decision,2019-11-22,-11,0.04235235974192619
2019-12-11,rate_decision,2019-11-25,-10,0.03726436570286751
2019-12-11,rate_decision,2019-11-26,-9,0.03838621824979782
2019-12-11,rate_decision,2019-11-27,-8,0.032728105783462524
2019-12-11,rate_decision,2019-11-29,-7,0.03545166552066803
2019-12-11,rate_decision,2019-12-02,-6,0.03144284710288048
2019-12-11,rate_decision,2019-12-03,-5,0.035043004900217056
2019-12-11,rate_decision,2019-12-04,-4,0.0301675945520401
2019-12-11,rate_decision,2019-12-05,-3,0.03627535700798035
2019-12-11,rate_decision,2019-12-06,-2,0.030417364090681076
2019-12-11,rate_decision,2019-12-09,-1,0.038616012781858444
2019-12-11,rate_decision,2019-12-10,0,0.03466305136680603
2019-12-11,current_policy_stance,2019-10-31,-26,0.03588281199336052
2019-12-11,current_policy_stance,2019-11-01,-25,0.037947963923215866
2019-12-11,current_policy_stance,2019-11-04,-24,0.042061276733875275
2019-12-11,current_policy_stance,2019-11-05,-23,0.042341023683547974
2019-12-11,current_policy_stance,2019-11-06,-22,0.046760398894548416
2019-12-11,current_policy_stance,2019-11-07,-21,0.040361519902944565
2019-12-11,current_policy_stance,2019-11-08,-20,0.0364488884806633
2019-12-11,current_policy_stance,2019-11-12,-19,0.0349365770816803
2019-12-11,current_policy_stance,2019-11-13,-18,0.03487163037061691
2019-12-11,current_policy_stance,2019-11-14,-17,0.031884998083114624
2019-12-11,current_policy_stance,2019-11-15,-16,0.03200497850775719
2019-12-11,current_policy_stance,2019-11-18,-15,0.03264651075005531
2019-12-11,current_policy_stance,2019-11-19,-14,0.030960949137806892
2019-12-11,current_policy_stance,2019-11-20,-13,0.03704029321670532
2019-12-11,current_policy_stance,2019-11-21,-12,0.03373802453279495
2019-12-11,current_policy_stance,2019-11-22,-11,0.03610933944582939
2019-12-11,current_policy_stance,2019-11-25,-10,0.033463504165410995
2019-12-11,current_policy_stance,2019-11-26,-9,0.040512971580028534
2019-12-11,current_policy_stance,2019-11-27,-8,0.038139622658491135
2019-12-11,current_policy_stance,2019-11-29,-7,0.03909410536289215
2019-12-11,current_policy_stance,2019-12-02,-6,0.03319206461310387
2019-12-11,current_policy_stance,2019-12-03,-5,0.04034295678138733
2019-12-11,current_policy_stance,2019-12-04,-4,0.037426527589559555
2019-12-11,current_policy_stance,2019-12-05,-3,0.03848624229431152
2019-12-11,current_policy_stance,2019-12-06,-2,0.03348301723599434
2019-12-11,current_policy_stance,2019-12-09,-1,0.03941036015748978
2019-12-11,current_policy_stance,2019-12-10,0,0.04045143723487854
2019-12-11,policy_stance_shift,2019-10-31,-26,0.036184389144182205
2019-12-11,policy_stance_shift,2019-11-01,-25,0.038012441247701645
2019-12-11,policy_stance_shift,2019-11-04,-24,0.04216978698968887
2019-12-11,policy_stance_shift,2019-11-05,-23,0.0417124442756176
2019-12-11,policy_stance_shift,2019-11-06,-22,0.04429570958018303
2019-12-11,policy_stance_shift,2019-11-07,-21,0.0395222045481205
2019-12-11,policy_stance_shift,2019-11-08,-20,0.03487371653318405
2019-12-11,policy_stance_shift,2019-11-12,-19,0.03345382213592529
2019-12-11,policy_stance_shift,2019-11-13,-18,0.033592842519283295
2019-12-11,policy_stance_shift,2019-11-14,-17,0.0322878435254097
2019-12-11,policy_stance_shift,2019-11-15,-16,0.03226441517472267
2019-12-11,policy_stance_shift,2019-11-18,-15,0.03326280415058136
2019-12-11,policy_stance_shift,2019-11-19,-14,0.03125381842255592
2019-12-11,policy_stance_shift,2019-11-20,-13,0.03766928240656853
2019-12-11,policy_stance_shift,2019-11-21,-12,0.03375021740794182
2019-12-11,policy_stance_shift,2019-11-22,-11,0.03701808303594589
2019-12-11,policy_stance_shift,2019-11-25,-10,0.03434399142861366
2019-12-11,policy_stance_shift,2019-11-26,-9,0.03939548879861832
2019-12-11,policy_stance_shift,2019-11-27,-8,0.03695937246084213
2019-12-11,policy_stance_shift,2019-11-29,-7,0.039038632065057755
2019-12-11,policy_stance_shift,2019-12-02,-6,0.032794058322906494
2019-12-11,policy_stance_shift,2019-12-03,-5,0.039611849933862686
2019-12-11,policy_stance_shift,2019-12-04,-4,0.03850790858268738
2019-12-11,policy_stance_shift,2019-12-05,-3,0.03961848095059395
2019-12-11,policy_stance_shift,2019-12-06,-2,0.03640291839838028
2019-12-11,policy_stance_shift,2019-12-09,-1,0.03880591318011284
2019-12-11,policy_stance_shift,2019-12-10,0,0.04319755733013153
2019-12-11,expected_rate_path_shift,2019-10-31,-26,0.03604061156511307
2019-12-11,expected_rate_path_shift,2019-11-01,-25,0.03806509077548981
2019-12-11,expected_rate_path_shift,2019-11-04,-24,0.040589530020952225
2019-12-11,expected_rate_path_shift,2019-11-05,-23,0.04059664532542229
2019-12-11,expected_rate_path_shift,2019-11-06,-22,0.04413290321826935
2019-12-11,expected_rate_path_shift,2019-11-07,-21,0.04058673232793808
2019-12-11,expected_rate_path_shift,2019-11-08,-20,0.03637145087122917
2019-12-11,expected_rate_path_shift,2019-11-12,-19,0.03462361544370651
2019-12-11,expected_rate_path_shift,2019-11-13,-18,0.03499109670519829
2019-12-11,expected_rate_path_shift,2019-11-14,-17,0.033221907913684845
2019-12-11,expected_rate_path_shift,2019-11-15,-16,0.03301680088043213
2019-12-11,expected_rate_path_shift,2019-11-18,-15,0.03285595029592514
2019-12-11,expected_rate_path_shift,2019-11-19,-14,0.03122546710073948
2019-12-11,expected_rate_path_shift,2019-11-20,-13,0.038032934069633484
2019-12-11,expected_rate_path_shift,2019-11-21,-12,0.03452655300498009
2019-12-11,expected_rate_path_shift,2019-11-22,-11,0.03635392710566521
2019-12-11,expected_rate_path_shift,2019-11-25,-10,0.03305681049823761
2019-12-11,expected_rate_path_shift,2019-11-26,-9,0.03933382406830788
2019-12-11,expected_rate_path_shift,2019-11-27,-8,0.03849102184176445
2019-12-11,expected_rate_path_shift,2019-11-29,-7,0.03903328627347946
2019-12-11,expected_rate_path_shift,2019-12-02,-6,0.033193014562129974
2019-12-11,expected_rate_path_shift,2019-12-03,-5,0.03851735219359398
2019-12-11,expected_rate_path_shift,2019-12-04,-4,0.03740673139691353
2019-12-11,expected_rate_path_shift,2019-12-05,-3,0.03881699591875076
2019-12-11,expected_rate_path_shift,2019-12-06,-2,0.033976394683122635
2019-12-11,expected_rate_path_shift,2019-12-09,-1,0.039293888956308365
2019-12-11,expected_rate_path_shift,2019-12-10,0,0.04364948719739914
2019-12-11,inflation_assessment_shift,2019-10-31,-26,0.03610742837190628
2019-12-11,inflation_assessment_shift,2019-11-01,-25,0.03725014999508858
2019-12-11,inflation_assessment_shift,2019-11-04,-24,0.041500288993120193
2019-12-11,inflation_assessment_shift,2019-11-05,-23,0.03969798609614372
2019-12-11,inflation_assessment_shift,2019-11-06,-22,0.04536987096071243
2019-12-11,inflation_assessment_shift,2019-11-07,-21,0.037610530853271484
2019-12-11,inflation_assessment_shift,2019-11-08,-20,0.03676377981901169
2019-12-11,inflation_assessment_shift,2019-11-12,-19,0.035916343331336975
2019-12-11,inflation_assessment_shift,2019-11-13,-18,0.03531806170940399
2019-12-11,inflation_assessment_shift,2019-11-14,-17,0.03369918838143349
2019-12-11,inflation_assessment_shift,2019-11-15,-16,0.03373688831925392
2019-12-11,inflation_assessment_shift,2019-11-18,-15,0.0352688729763031
2019-12-11,inflation_assessment_shift,2019-11-19,-14,0.0329471193253994
2019-12-11,inflation_assessment_shift,2019-11-20,-13,0.03898681700229645
2019-12-11,inflation_assessment_shift,2019-11-21,-12,0.035571902990341187
2019-12-11,inflation_assessment_shift,2019-11-22,-11,0.03665805235505104
2019-12-11,inflation_assessment_shift,2019-11-25,-10,0.033114612102508545
2019-12-11,inflation_assessment_shift,2019-11-26,-9,0.040018897503614426
2019-12-11,inflation_assessment_shift,2019-11-27,-8,0.036939091980457306
2019-12-11,inflation_assessment_shift,2019-11-29,-7,0.04074758663773537
2019-12-11,inflation_assessment_shift,2019-12-02,-6,0.03319212794303894
2019-12-11,inflation_assessment_shift,2019-12-03,-5,0.040696170181035995
2019-12-11,inflation_assessment_shift,2019-12-04,-4,0.0364890918135643
2019-12-11,inflation_assessment_shift,2019-12-05,-3,0.039579253643751144
2019-12-11,inflation_assessment_shift,2019-12-06,-2,0.03252488002181053
2019-12-11,inflation_assessment_shift,2019-12-09,-1,0.037656452506780624
2019-12-11,inflation_assessment_shift,2019-12-10,0,0.03663858771324158
2019-12-11,inflation_risk_shift,2019-10-31,-26,0.034735552966594696
2019-12-11,inflation_risk_shift,2019-11-01,-25,0.038957275450229645
2019-12-11,inflation_risk_shift,2019-11-04,-24,0.03966432064771652
2019-12-11,inflation_risk_shift,2019-11-05,-23,0.03842126950621605
2019-12-11,inflation_risk_shift,2019-11-06,-22,0.045664235949516296
2019-12-11,inflation_risk_shift,2019-11-07,-21,0.03830971568822861
2019-12-11,inflation_risk_shift,2019-11-08,-20,0.03787335380911827
2019-12-11,inflation_risk_shift,2019-11-12,-19,0.0378572903573513
2019-12-11,inflation_risk_shift,2019-11-13,-18,0.0360075980424881
2019-12-11,inflation_risk_shift,2019-11-14,-17,0.03433866798877716
2019-12-11,inflation_risk_shift,2019-11-15,-16,0.035137612372636795
2019-12-11,inflation_risk_shift,2019-11-18,-15,0.03477371484041214
2019-12-11,inflation_risk_shift,2019-11-19,-14,0.033782459795475006
2019-12-11,inflation_risk_shift,2019-11-20,-13,0.03881513327360153
2019-12-11,inflation_risk_shift,2019-11-21,-12,0.036758843809366226
2019-12-11,inflation_risk_shift,2019-11-22,-11,0.03537599742412567
2019-12-11,inflation_risk_shift,2019-11-25,-10,0.032345715910196304
2019-12-11,inflation_risk_shift,2019-11-26,-9,0.03825264051556587
2019-12-11,inflation_risk_shift,2019-11-27,-8,0.03846932202577591
2019-12-11,inflation_risk_shift,2019-11-29,-7,0.03857196494936943
2019-12-11,inflation_risk_shift,2019-12-02,-6,0.03369008004665375
2019-12-11,inflation_risk_shift,2019-12-03,-5,0.03906578943133354
2019-12-11,inflation_risk_shift,2019-12-04,-4,0.03624191880226135
2019-12-11,inflation_risk_shift,2019-12-05,-3,0.04028978943824768
2019-12-11,inflation_risk_shift,2019-12-06,-2,0.032225608825683594
2019-12-11,inflation_risk_shift,2019-12-09,-1,0.03914017975330353
2019-12-11,inflation_risk_shift,2019-12-10,0,0.03523392975330353
2019-12-11,unemployment_assessment_shift,2019-10-31,-26,0.03624143451452255
2019-12-11,unemployment_assessment_shift,2019-11-01,-25,0.037099290639162064
2019-12-11,unemployment_assessment_shift,2019-11-04,-24,0.04046367481350899
2019-12-11,unemployment_assessment_shift,2019-11-05,-23,0.040420882403850555
2019-12-11,unemployment_assessment_shift,2019-11-06,-22,0.04450581222772598
2019-12-11,unemployment_assessment_shift,2019-11-07,-21,0.03750704228878021
2019-12-11,unemployment_assessment_shift,2019-11-08,-20,0.036975860595703125
2019-12-11,unemployment_assessment_shift,2019-11-12,-19,0.03669735789299011
2019-12-11,unemployment_assessment_shift,2019-11-13,-18,0.035221923142671585
2019-12-11,unemployment_assessment_shift,2019-11-14,-17,0.03373441845178604
2019-12-11,unemployment_assessment_shift,2019-11-15,-16,0.03403957560658455
2019-12-11,unemployment_assessment_shift,2019-11-18,-15,0.03517479449510574
2019-12-11,unemployment_assessment_shift,2019-11-19,-14,0.03377598524093628
2019-12-11,unemployment_assessment_shift,2019-11-20,-13,0.03909427672624588
2019-12-11,unemployment_assessment_shift,2019-11-21,-12,0.035944364964962006
2019-12-11,unemployment_assessment_shift,2019-11-22,-11,0.03678564354777336
2019-12-11,unemployment_assessment_shift,2019-11-25,-10,0.03369196131825447
2019-12-11,unemployment_assessment_shift,2019-11-26,-9,0.03896468132734299
2019-12-11,unemployment_assessment_shift,2019-11-27,-8,0.037197552621364594
2019-12-11,unemployment_assessment_shift,2019-11-29,-7,0.03848852962255478
2019-12-11,unemployment_assessment_shift,2019-12-02,-6,0.03368789330124855
2019-12-11,unemployment_assessment_shift,2019-12-03,-5,0.03934822231531143
2019-12-11,unemployment_assessment_shift,2019-12-04,-4,0.036126647144556046
2019-12-11,unemployment_assessment_shift,2019-12-05,-3,0.038818955421447754
2019-12-11,unemployment_assessment_shift,2019-12-06,-2,0.03253845497965813
2019-12-11,unemployment_assessment_shift,2019-12-09,-1,0.038120657205581665
2019-12-11,unemployment_assessment_shift,2019-12-10,0,0.039334096014499664
2019-12-11,labor_market_risk_shift,2019-10-31,-26,0.03649748116731644
2019-12-11,labor_market_risk_shift,2019-11-01,-25,0.04016492888331413
2019-12-11,labor_market_risk_shift,2019-11-04,-24,0.04056830704212189
2019-12-11,labor_market_risk_shift,2019-11-05,-23,0.042535003274679184
2019-12-11,labor_market_risk_shift,2019-11-06,-22,0.04207492247223854
2019-12-11,labor_market_risk_shift,2019-11-07,-21,0.04125872254371643
2019-12-11,labor_market_risk_shift,2019-11-08,-20,0.03566713258624077
2019-12-11,labor_market_risk_shift,2019-11-12,-19,0.03378556668758392
2019-12-11,labor_market_risk_shift,2019-11-13,-18,0.03478221595287323
2019-12-11,labor_market_risk_shift,2019-11-14,-17,0.032474368810653687
2019-12-11,labor_market_risk_shift,2019-11-15,-16,0.03158104792237282
2019-12-11,labor_market_risk_shift,2019-11-18,-15,0.03138532489538193
2019-12-11,labor_market_risk_shift,2019-11-19,-14,0.030213911086320877
2019-12-11,labor_market_risk_shift,2019-11-20,-13,0.03546736761927605
2019-12-11,labor_market_risk_shift,2019-11-21,-12,0.03245687857270241
2019-12-11,labor_market_risk_shift,2019-11-22,-11,0.0352703332901001
2019-12-11,labor_market_risk_shift,2019-11-25,-10,0.03401957079768181
2019-12-11,labor_market_risk_shift,2019-11-26,-9,0.03834240138530731
2019-12-11,labor_market_risk_shift,2019-11-27,-8,0.03948745131492615
2019-12-11,labor_market_risk_shift,2019-11-29,-7,0.0380648709833622
2019-12-11,labor_market_risk_shift,2019-12-02,-6,0.03450147062540054
2019-12-11,labor_market_risk_shift,2019-12-03,-5,0.03876226395368576
2019-12-11,labor_market_risk_shift,2019-12-04,-4,0.03992074728012085
2019-12-11,labor_market_risk_shift,2019-12-05,-3,0.03795437142252922
2019-12-11,labor_market_risk_shift,2019-12-06,-2,0.03682314231991768
2019-12-11,labor_market_risk_shift,2019-12-09,-1,0.03945549577474594
2019-12-11,labor_market_risk_shift,2019-12-10,0,0.046484723687171936
2019-12-11,growth_activity_shift,2019-10-31,-26,0.037090275436639786
2019-12-11,growth_activity_shift,2019-11-01,-25,0.03829493001103401
2019-12-11,growth_activity_shift,2019-11-04,-24,0.039134733378887177
2019-12-11,growth_activity_shift,2019-11-05,-23,0.04194305092096329
2019-12-11,growth_activity_shift,2019-11-06,-22,0.04213663190603256
2019-12-11,growth_activity_shift,2019-11-07,-21,0.04129582643508911
2019-12-11,growth_activity_shift,2019-11-08,-20,0.036980658769607544
2019-12-11,growth_activity_shift,2019-11-12,-19,0.035324834287166595
2019-12-11,growth_activity_shift,2019-11-13,-18,0.03544841334223747
2019-12-11,growth_activity_shift,2019-11-14,-17,0.03314189612865448
2019-12-11,growth_activity_shift,2019-11-15,-16,0.032087475061416626
2019-12-11,growth_activity_shift,2019-11-18,-15,0.032459110021591187
2019-12-11,growth_activity_shift,2019-11-19,-14,0.031357672065496445
2019-12-11,growth_activity_shift,2019-11-20,-13,0.03601382300257683
2019-12-11,growth_activity_shift,2019-11-21,-12,0.03307327628135681
2019-12-11,growth_activity_shift,2019-11-22,-11,0.035564057528972626
2019-12-11,growth_activity_shift,2019-11-25,-10,0.03411492705345154
2019-12-11,growth_activity_shift,2019-11-26,-9,0.0374666266143322
2019-12-11,growth_activity_shift,2019-11-27,-8,0.038447678089141846
2019-12-11,growth_activity_shift,2019-11-29,-7,0.03768123686313629
2019-12-11,growth_activity_shift,2019-12-02,-6,0.03388376906514168
2019-12-11,growth_activity_shift,2019-12-03,-5,0.03836314007639885
2019-12-11,growth_activity_shift,2019-12-04,-4,0.03831131011247635
2019-12-11,growth_activity_shift,2019-12-05,-3,0.03726419433951378
2019-12-11,growth_activity_shift,2019-12-06,-2,0.03591077774763107
2019-12-11,growth_activity_shift,2019-12-09,-1,0.04000971466302872
2019-12-11,growth_activity_shift,2019-12-10,0,0.04719994217157364
2019-12-11,financial_conditions_shift,2019-10-31,-26,0.035564858466386795
2019-12-11,financial_conditions_shift,2019-11-01,-25,0.037894297391176224
2019-12-11,financial_conditions_shift,2019-11-04,-24,0.03948504850268364
2019-12-11,financial_conditions_shift,2019-11-05,-23,0.037747494876384735
2019-12-11,financial_conditions_shift,2019-11-06,-22,0.04436055198311806
2019-12-11,financial_conditions_shift,2019-11-07,-21,0.035536687821149826
2019-12-11,financial_conditions_shift,2019-11-08,-20,0.03737650811672211
2019-12-11,financial_conditions_shift,2019-11-12,-19,0.03755531460046768
2019-12-11,financial_conditions_shift,2019-11-13,-18,0.03639749810099602
2019-12-11,financial_conditions_shift,2019-11-14,-17,0.03567469120025635
2019-12-11,financial_conditions_shift,2019-11-15,-16,0.03653286397457123
2019-12-11,financial_conditions_shift,2019-11-18,-15,0.038499608635902405
2019-12-11,financial_conditions_shift,2019-11-19,-14,0.036471493542194366
2019-12-11,financial_conditions_shift,2019-11-20,-13,0.04004081338644028
2019-12-11,financial_conditions_shift,2019-11-21,-12,0.03781750798225403
2019-12-11,financial_conditions_shift,2019-11-22,-11,0.03626208007335663
2019-12-11,financial_conditions_shift,2019-11-25,-10,0.032760895788669586
2019-12-11,financial_conditions_shift,2019-11-26,-9,0.037599124014377594
2019-12-11,financial_conditions_shift,2019-11-27,-8,0.03548889979720116
2019-12-11,financial_conditions_shift,2019-11-29,-7,0.038529641926288605
2019-12-11,financial_conditions_shift,2019-12-02,-6,0.03470372408628464
2019-12-11,financial_conditions_shift,2019-12-03,-5,0.039160579442977905
2019-12-11,financial_conditions_shift,2019-12-04,-4,0.03625844791531563
2019-12-11,financial_conditions_shift,2019-12-05,-3,0.03994816541671753
2019-12-11,financial_conditions_shift,2019-12-06,-2,0.03417716920375824
2019-12-11,financial_conditions_shift,2019-12-09,-1,0.03696095943450928
2019-12-11,financial_conditions_shift,2019-12-10,0,0.03119504079222679
2019-12-11,balance_sheet_policy_shift,2019-10-31,-26,0.03575270250439644
2019-12-11,balance_sheet_policy_shift,2019-11-01,-25,0.03825158253312111
2019-12-11,balance_sheet_policy_shift,2019-11-04,-24,0.04190981388092041
2019-12-11,balance_sheet_policy_shift,2019-11-05,-23,0.041421063244342804
2019-12-11,balance_sheet_policy_shift,2019-11-06,-22,0.04552160203456879
2019-12-11,balance_sheet_policy_shift,2019-11-07,-21,0.03923430293798447
2019-12-11,balance_sheet_policy_shift,2019-11-08,-20,0.037099942564964294
2019-12-11,balance_sheet_policy_shift,2019-11-12,-19,0.03539706766605377
2019-12-11,balance_sheet_policy_shift,2019-11-13,-18,0.03451843187212944
2019-12-11,balance_sheet_policy_shift,2019-11-14,-17,0.032746631652116776
2019-12-11,balance_sheet_policy_shift,2019-11-15,-16,0.03296058252453804
2019-12-11,balance_sheet_policy_shift,2019-11-18,-15,0.03413470834493637
2019-12-11,balance_sheet_policy_shift,2019-11-19,-14,0.03213254362344742
2019-12-11,balance_sheet_policy_shift,2019-11-20,-13,0.038655318319797516
2019-12-11,balance_sheet_policy_shift,2019-11-21,-12,0.03516911715269089
2019-12-11,balance_sheet_policy_shift,2019-11-22,-11,0.03666164353489876
2019-12-11,balance_sheet_policy_shift,2019-11-25,-10,0.032749854028224945
2019-12-11,balance_sheet_policy_shift,2019-11-26,-9,0.037811029702425
2019-12-11,balance_sheet_policy_shift,2019-11-27,-8,0.03670474886894226
2019-12-11,balance_sheet_policy_shift,2019-11-29,-7,0.039258770644664764
2019-12-11,balance_sheet_policy_shift,2019-12-02,-6,0.03281470760703087
2019-12-11,balance_sheet_policy_shift,2019-12-03,-5,0.03915160521864891
2019-12-11,balance_sheet_policy_shift,2019-12-04,-4,0.0373811274766922
2019-12-11,balance_sheet_policy_shift,2019-12-05,-3,0.03998947516083717
2019-12-11,balance_sheet_policy_shift,2019-12-06,-2,0.03424089774489403
2019-12-11,balance_sheet_policy_shift,2019-12-09,-1,0.038738101720809937
2019-12-11,balance_sheet_policy_shift,2019-12-10,0,0.03959265723824501
2019-12-11,risk_balance_shift,2019-10-31,-26,0.036557406187057495
2019-12-11,risk_balance_shift,2019-11-01,-25,0.03810175508260727
2019-12-11,risk_balance_shift,2019-11-04,-24,0.0400635227560997
2019-12-11,risk_balance_shift,2019-11-05,-23,0.04184512048959732
2019-12-11,risk_balance_shift,2019-11-06,-22,0.042988553643226624
2019-12-11,risk_balance_shift,2019-11-07,-21,0.039808887988328934
2019-12-11,risk_balance_shift,2019-11-08,-20,0.036420341581106186
2019-12-11,risk_balance_shift,2019-11-12,-19,0.0355633944272995
2019-12-11,risk_balance_shift,2019-11-13,-18,0.035269416868686676
2019-12-11,risk_balance_shift,2019-11-14,-17,0.03267976641654968
2019-12-11,risk_balance_shift,2019-11-15,-16,0.032509587705135345
2019-12-11,risk_balance_shift,2019-11-18,-15,0.033453796058893204
2019-12-11,risk_balance_shift,2019-11-19,-14,0.031943827867507935
2019-12-11,risk_balance_shift,2019-11-20,-13,0.03798042982816696
2019-12-11,risk_balance_shift,2019-11-21,-12,0.03411756828427315
2019-12-11,risk_balance_shift,2019-11-22,-11,0.03671538084745407
2019-12-11,risk_balance_shift,2019-11-25,-10,0.03465839847922325
2019-12-11,risk_balance_shift,2019-11-26,-9,0.03892482444643974
2019-12-11,risk_balance_shift,2019-11-27,-8,0.03852596506476402
2019-12-11,risk_balance_shift,2019-11-29,-7,0.038846906274557114
2019-12-11,risk_balance_shift,2019-12-02,-6,0.03350319340825081
2019-12-11,risk_balance_shift,2019-12-03,-5,0.039464328438043594
2019-12-11,risk_balance_shift,2019-12-04,-4,0.03750063478946686
2019-12-11,risk_balance_shift,2019-12-05,-3,0.03721143305301666
2019-12-11,risk_balance_shift,2019-12-06,-2,0.03408350050449371
2019-12-11,risk_balance_shift,2019-12-09,-1,0.038564689457416534
2019-12-11,risk_balance_shift,2019-12-10,0,0.042697373777627945
2019-12-11,committee_dispersion,2019-10-31,-26,0.03531110659241676
2019-12-11,committee_dispersion,2019-11-01,-25,0.03770750015974045
2019-12-11,committee_dispersion,2019-11-04,-24,0.03815501928329468
2019-12-11,committee_dispersion,2019-11-05,-23,0.036217547953128815
2019-12-11,committee_dispersion,2019-11-06,-22,0.04201371595263481
2019-12-11,committee_dispersion,2019-11-07,-21,0.03369993716478348
2019-12-11,committee_dispersion,2019-11-08,-20,0.03716025501489639
2019-12-11,committee_dispersion,2019-11-12,-19,0.03865288197994232
2019-12-11,committee_dispersion,2019-11-13,-18,0.0362672321498394
2019-12-11,committee_dispersion,2019-11-14,-17,0.03661471605300903
2019-12-11,committee_dispersion,2019-11-15,-16,0.03781362622976303
2019-12-11,committee_dispersion,2019-11-18,-15,0.040646687150001526
2019-12-11,committee_dispersion,2019-11-19,-14,0.03892689198255539
2019-12-11,committee_dispersion,2019-11-20,-13,0.04031489044427872
2019-12-11,committee_dispersion,2019-11-21,-12,0.039104100316762924
2019-12-11,committee_dispersion,2019-11-22,-11,0.03700815141201019
2019-12-11,committee_dispersion,2019-11-25,-10,0.03426649421453476
2019-12-11,committee_dispersion,2019-11-26,-9,0.038056887686252594
2019-12-11,committee_dispersion,2019-11-27,-8,0.03565989434719086
2019-12-11,committee_dispersion,2019-11-29,-7,0.03854072093963623
2019-12-11,committee_dispersion,2019-12-02,-6,0.03510146215558052
2019-12-11,committee_dispersion,2019-12-03,-5,0.03893463313579559
2019-12-11,committee_dispersion,2019-12-04,-4,0.03558649867773056
2019-12-11,committee_dispersion,2019-12-05,-3,0.03845852613449097
2019-12-11,committee_dispersion,2019-12-06,-2,0.03385418653488159
2019-12-11,committee_dispersion,2019-12-09,-1,0.036378923803567886
2019-12-11,committee_dispersion,2019-12-10,0,0.02954753488302231
2019-12-11,policy_uncertainty,2019-10-31,-26,0.034854721277952194
2019-12-11,policy_uncertainty,2019-11-01,-25,0.037142131477594376
2019-12-11,policy_uncertainty,2019-11-04,-24,0.03837955743074417
2019-12-11,policy_uncertainty,2019-11-05,-23,0.035889722406864166
2019-12-11,policy_uncertainty,2019-11-06,-22,0.04205041006207466
2019-12-11,policy_uncertainty,2019-11-07,-21,0.03367025777697563
2019-12-11,policy_uncertainty,2019-11-08,-20,0.03708900138735771
2019-12-11,policy_uncertainty,2019-11-12,-19,0.038330771028995514
2019-12-11,policy_uncertainty,2019-11-13,-18,0.03623468056321144
2019-12-11,policy_uncertainty,2019-11-14,-17,0.036381520330905914
2019-12-11,policy_uncertainty,2019-11-15,-16,0.0380120724439621
2019-12-11,policy_uncertainty,2019-11-18,-15,0.04086298123002052
2019-12-11,policy_uncertainty,2019-11-19,-14,0.03890538588166237
2019-12-11,policy_uncertainty,2019-11-20,-13,0.040169887244701385
2019-12-11,policy_uncertainty,2019-11-21,-12,0.03943171352148056
2019-12-11,policy_uncertainty,2019-11-22,-11,0.03736361861228943
2019-12-11,policy_uncertainty,2019-11-25,-10,0.034590233117341995
2019-12-11,policy_uncertainty,2019-11-26,-9,0.03873151168227196
2019-12-11,policy_uncertainty,2019-11-27,-8,0.03605514019727707
2019-12-11,policy_uncertainty,2019-11-29,-7,0.0390249639749527
2019-12-11,policy_uncertainty,2019-12-02,-6,0.03537330776453018
2019-12-11,policy_uncertainty,2019-12-03,-5,0.03883941099047661
2019-12-11,policy_uncertainty,2019-12-04,-4,0.03533118590712547
2019-12-11,policy_uncertainty,2019-12-05,-3,0.0384683832526207
2019-12-11,policy_uncertainty,2019-12-06,-2,0.0339742936193943
2019-12-11,policy_uncertainty,2019-12-09,-1,0.03586568683385849
2019-12-11,policy_uncertainty,2019-12-10,0,0.028977423906326294
2019-12-11,forward_guidance_strength,2019-10-31,-26,0.03607580065727234
2019-12-11,forward_guidance_strength,2019-11-01,-25,0.037611838430166245
2019-12-11,forward_guidance_strength,2019-11-04,-24,0.041655946522951126
2019-12-11,forward_guidance_strength,2019-11-05,-23,0.04191809520125389
2019-12-11,forward_guidance_strength,2019-11-06,-22,0.043631166219711304
2019-12-11,forward_guidance_strength,2019-11-07,-21,0.039181675761938095
2019-12-11,forward_guidance_strength,2019-11-08,-20,0.035405684262514114
2019-12-11,forward_guidance_strength,2019-11-12,-19,0.03421812504529953
2019-12-11,forward_guidance_strength,2019-11-13,-18,0.03420963138341904
2019-12-11,forward_guidance_strength,2019-11-14,-17,0.03191395103931427
2019-12-11,forward_guidance_strength,2019-11-15,-16,0.032582852989435196
2019-12-11,forward_guidance_strength,2019-11-18,-15,0.03391698747873306
2019-12-11,forward_guidance_strength,2019-11-19,-14,0.03197900950908661
2019-12-11,forward_guidance_strength,2019-11-20,-13,0.038352929055690765
2019-12-11,forward_guidance_strength,2019-11-21,-12,0.035073235630989075
2019-12-11,forward_guidance_strength,2019-11-22,-11,0.03744824230670929
2019-12-11,forward_guidance_strength,2019-11-25,-10,0.03450481966137886
2019-12-11,forward_guidance_strength,2019-11-26,-9,0.03967122733592987
2019-12-11,forward_guidance_strength,2019-11-27,-8,0.03849811851978302
2019-12-11,forward_guidance_strength,2019-11-29,-7,0.039161525666713715
2019-12-11,forward_guidance_strength,2019-12-02,-6,0.034083638340234756
2019-12-11,forward_guidance_strength,2019-12-03,-5,0.03943224251270294
2019-12-11,forward_guidance_strength,2019-12-04,-4,0.038135189563035965
2019-12-11,forward_guidance_strength,2019-12-05,-3,0.03844647854566574
2019-12-11,forward_guidance_strength,2019-12-06,-2,0.03459716588258743
2019-12-11,forward_guidance_strength,2019-12-09,-1,0.03793987259268761
2019-12-11,forward_guidance_strength,2019-12-10,0,0.04035458713769913
