meeting_date,event_token,price_date,business_day_offset,attention
2005-03-22,rate_decision,2005-02-03,-31,0.027396926656365395
2005-03-22,rate_decision,2005-02-04,-30,0.024928489699959755
2005-03-22,rate_decision,2005-02-07,-29,0.02449694648385048
2005-03-22,rate_decision,2005-02-08,-28,0.02927430346608162
2005-03-22,rate_decision,2005-02-09,-27,0.03055829554796219
2005-03-22,rate_decision,2005-02-10,-26,0.03241102769970894
2005-03-22,rate_decision,2005-02-11,-25,0.03572779521346092
2005-03-22,rate_decision,2005-02-14,-24,0.037125345319509506
2005-03-22,rate_decision,2005-02-15,-23,0.033362530171871185
2005-03-22,rate_decision,2005-02-16,-22,0.034394893795251846
2005-03-22,rate_decision,2005-02-17,-21,0.033462733030319214
2005-03-22,rate_decision,2005-02-18,-20,0.03117945045232773
2005-03-22,rate_decision,2005-02-22,-19,0.029961807653307915
2005-03-22,rate_decision,2005-02-23,-18,0.03000011295080185
2005-03-22,rate_decision,2005-02-24,-17,0.03160843253135681
2005-03-22,rate_decision,2005-02-25,-16,0.03066927380859852
2005-03-22,rate_decision,2005-02-28,-15,0.03097621165215969
2005-03-22,rate_decision,2005-03-01,-14,0.030289895832538605
2005-03-22,rate_decision,2005-03-02,-13,0.02912239544093609
2005-03-22,rate_decision,2005-03-03,-12,0.029805246740579605
2005-03-22,rate_decision,2005-03-04,-11,0.03234563022851944
2005-03-22,rate_decision,2005-03-07,-10,0.0380684956908226
2005-03-22,rate_decision,2005-03-08,-9,0.033515311777591705
2005-03-22,rate_decision,2005-03-09,-8,0.03278997540473938
2005-03-22,rate_decision,2005-03-10,-7,0.03163299337029457
2005-03-22,rate_decision,2005-03-11,-6,0.02847367152571678
2005-03-22,rate_decision,2005-03-14,-5,0.02734130062162876
2005-03-22,rate_decision,2005-03-15,-4,0.028867391869425774
2005-03-22,rate_decision,2005-03-16,-3,0.030128788203001022
2005-03-22,rate_decision,2005-03-17,-2,0.03241690993309021
2005-03-22,rate_decision,2005-03-18,-1,0.03488680720329285
2005-03-22,rate_decision,2005-03-21,0,0.032780639827251434
2005-03-22,current_policy_stance,2005-02-03,-31,0.02116950787603855
2005-03-22,current_policy_stance,2005-02-04,-30,0.022394314408302307
2005-03-22,current_policy_stance,2005-02-07,-29,0.02174188382923603
2005-03-22,current_policy_stance,2005-02-08,-28,0.022586684674024582
2005-03-22,current_policy_stance,2005-02-09,-27,0.02865225076675415
2005-03-22,current_policy_stance,2005-02-10,-26,0.03542371839284897
2005-03-22,current_policy_stance,2005-02-11,-25,0.03771489858627319
2005-03-22,current_policy_stance,2005-02-14,-24,0.03992544114589691
2005-03-22,current_policy_stance,2005-02-15,-23,0.04125351831316948
2005-03-22,current_policy_stance,2005-02-16,-22,0.03711966425180435
2005-03-22,current_policy_stance,2005-02-17,-21,0.03744992986321449
2005-03-22,current_policy_stance,2005-02-18,-20,0.037983089685440063
2005-03-22,current_policy_stance,2005-02-22,-19,0.03473173454403877
2005-03-22,current_policy_stance,2005-02-23,-18,0.032071828842163086
2005-03-22,current_policy_stance,2005-02-24,-17,0.03037712536752224
2005-03-22,current_policy_stance,2005-02-25,-16,0.03058886155486107
2005-03-22,current_policy_stance,2005-02-28,-15,0.031321506947278976
2005-03-22,current_policy_stance,2005-03-01,-14,0.02699686586856842
2005-03-22,current_policy_stance,2005-03-02,-13,0.026297666132450104
2005-03-22,current_policy_stance,2005-03-03,-12,0.025875676423311234
2005-03-22,current_policy_stance,2005-03-04,-11,0.026828179135918617
2005-03-22,current_policy_stance,2005-03-07,-10,0.03963392600417137
2005-03-22,current_policy_stance,2005-03-08,-9,0.03744787350296974
2005-03-22,current_policy_stance,2005-03-09,-8,0.036998145282268524
2005-03-22,current_policy_stance,2005-03-10,-7,0.03177538886666298
2005-03-22,current_policy_stance,2005-03-11,-6,0.0325503870844841
2005-03-22,current_policy_stance,2005-03-14,-5,0.02996097505092621
2005-03-22,current_policy_stance,2005-03-15,-4,0.0253293476998806
2005-03-22,current_policy_stance,2005-03-16,-3,0.02738306112587452
2005-03-22,current_policy_stance,2005-03-17,-2,0.027913153171539307
2005-03-22,current_policy_stance,2005-03-18,-1,0.03179657459259033
2005-03-22,current_policy_stance,2005-03-21,0,0.030706848949193954
2005-03-22,policy_stance_shift,2005-02-03,-31,0.019717682152986526
2005-03-22,policy_stance_shift,2005-02-04,-30,0.021355271339416504
2005-03-22,policy_stance_shift,2005-02-07,-29,0.020612021908164024
2005-03-22,policy_stance_shift,2005-02-08,-28,0.021529536694288254
2005-03-22,policy_stance_shift,2005-02-09,-27,0.027997450903058052
2005-03-22,policy_stance_shift,2005-02-10,-26,0.035283129662275314
2005-03-22,policy_stance_shift,2005-02-11,-25,0.03729779273271561
2005-03-22,policy_stance_shift,2005-02-14,-24,0.039165280759334564
2005-03-22,policy_stance_shift,2005-02-15,-23,0.04173602536320686
2005-03-22,policy_stance_shift,2005-02-16,-22,0.03733734413981438
2005-03-22,policy_stance_shift,2005-02-17,-21,0.03832395374774933
2005-03-22,policy_stance_shift,2005-02-18,-20,0.03814130648970604
2005-03-22,policy_stance_shift,2005-02-22,-19,0.034551702439785004
2005-03-22,policy_stance_shift,2005-02-23,-18,0.03214569762349129
2005-03-22,policy_stance_shift,2005-02-24,-17,0.030665811151266098
2005-03-22,policy_stance_shift,2005-02-25,-16,0.03173435479402542
2005-03-22,policy_stance_shift,2005-02-28,-15,0.031257450580596924
2005-03-22,policy_stance_shift,2005-03-01,-14,0.027086997404694557
2005-03-22,policy_stance_shift,2005-03-02,-13,0.026126140728592873
2005-03-22,policy_stance_shift,2005-03-03,-12,0.026110924780368805
2005-03-22,policy_stance_shift,2005-03-04,-11,0.027937183156609535
2005-03-22,policy_stance_shift,2005-03-07,-10,0.04070432484149933
2005-03-22,policy_stance_shift,2005-03-08,-9,0.03897324576973915
2005-03-22,policy_stance_shift,2005-03-09,-8,0.0361463837325573
2005-03-22,policy_stance_shift,2005-03-10,-7,0.03158925473690033
2005-03-22,policy_stance_shift,2005-03-11,-6,0.031677380204200745
2005-03-22,policy_stance_shift,2005-03-14,-5,0.030018404126167297
2005-03-22,policy_stance_shift,2005-03-15,-4,0.02529822662472725
2005-03-22,policy_stance_shift,2005-03-16,-3,0.02774903178215027
2005-03-22,policy_stance_shift,2005-03-17,-2,0.028694313019514084
2005-03-22,policy_stance_shift,2005-03-18,-1,0.032714106142520905
2005-03-22,policy_stance_shift,2005-03-21,0,0.030322274193167686
2005-03-22,expected_rate_path_shift,2005-02-03,-31,0.019119592383503914
2005-03-22,expected_rate_path_shift,2005-02-04,-30,0.02156103029847145
2005-03-22,expected_rate_path_shift,2005-02-07,-29,0.02085817977786064
2005-03-22,expected_rate_path_shift,2005-02-08,-28,0.021291539072990417
2005-03-22,expected_rate_path_shift,2005-02-09,-27,0.028098782524466515
2005-03-22,expected_rate_path_shift,2005-02-10,-26,0.03550472483038902
2005-03-22,expected_rate_path_shift,2005-02-11,-25,0.03665827959775925
2005-03-22,expected_rate_path_shift,2005-02-14,-24,0.03943956270813942
2005-03-22,expected_rate_path_shift,2005-02-15,-23,0.04212668538093567
2005-03-22,expected_rate_path_shift,2005-02-16,-22,0.037365302443504333
2005-03-22,expected_rate_path_shift,2005-02-17,-21,0.03842753544449806
2005-03-22,expected_rate_path_shift,2005-02-18,-20,0.0381166897714138
2005-03-22,expected_rate_path_shift,2005-02-22,-19,0.03430766612291336
2005-03-22,expected_rate_path_shift,2005-02-23,-18,0.03177037462592125
2005-03-22,expected_rate_path_shift,2005-02-24,-17,0.02996383234858513
2005-03-22,expected_rate_path_shift,2005-02-25,-16,0.031589433550834656
2005-03-22,expected_rate_path_shift,2005-02-28,-15,0.03086833655834198
2005-03-22,expected_rate_path_shift,2005-03-01,-14,0.026898082345724106
2005-03-22,expected_rate_path_shift,2005-03-02,-13,0.026055792346596718
2005-03-22,expected_rate_path_shift,2005-03-03,-12,0.025638878345489502
2005-03-22,expected_rate_path_shift,2005-03-04,-11,0.027681659907102585
2005-03-22,expected_rate_path_shift,2005-03-07,-10,0.04093625396490097
2005-03-22,expected_rate_path_shift,2005-03-08,-9,0.03935658931732178
2005-03-22,expected_rate_path_shift,2005-03-09,-8,0.035831619054079056
2005-03-22,expected_rate_path_shift,2005-03-10,-7,0.031779639422893524
2005-03-22,expected_rate_path_shift,2005-03-11,-6,0.031377650797367096
2005-03-22,expected_rate_path_shift,2005-03-14,-5,0.02988104149699211
2005-03-22,expected_rate_path_shift,2005-03-15,-4,0.025095323100686073
2005-03-22,expected_rate_path_shift,2005-03-16,-3,0.02761593461036682
2005-03-22,expected_rate_path_shift,2005-03-17,-2,0.029543263837695122
2005-03-22,expected_rate_path_shift,2005-03-18,-1,0.034347619861364365
2005-03-22,expected_rate_path_shift,2005-03-21,0,0.030893143266439438
2005-03-22,inflation_assessment_shift,2005-02-03,-31,0.01954568922519684
2005-03-22,inflation_assessment_shift,2005-02-04,-30,0.021714281290769577
2005-03-22,inflation_assessment_shift,2005-02-07,-29,0.02057870849967003
2005-03-22,inflation_assessment_shift,2005-02-08,-28,0.02117314003407955
2005-03-22,inflation_assessment_shift,2005-02-09,-27,0.027093203738331795
2005-03-22,inflation_assessment_shift,2005-02-10,-26,0.03464176505804062
2005-03-22,inflation_assessment_shift,2005-02-11,-25,0.03648705780506134
2005-03-22,inflation_assessment_shift,2005-02-14,-24,0.039140745997428894
2005-03-22,inflation_assessment_shift,2005-02-15,-23,0.04160479083657265
2005-03-22,inflation_assessment_shift,2005-02-16,-22,0.03726877644658089
2005-03-22,inflation_assessment_shift,2005-02-17,-21,0.03890663757920265
2005-03-22,inflation_assessment_shift,2005-02-18,-20,0.03770776465535164
2005-03-22,inflation_assessment_shift,2005-02-22,-19,0.03374996408820152
2005-03-22,inflation_assessment_shift,2005-02-23,-18,0.03149426728487015
2005-03-22,inflation_assessment_shift,2005-02-24,-17,0.030094392597675323
2005-03-22,inflation_assessment_shift,2005-02-25,-16,0.03165177255868912
2005-03-22,inflation_assessment_shift,2005-02-28,-15,0.030873151496052742
2005-03-22,inflation_assessment_shift,2005-03-01,-14,0.027835479006171227
2005-03-22,inflation_assessment_shift,2005-03-02,-13,0.026156824082136154
2005-03-22,inflation_assessment_shift,2005-03-03,-12,0.025733351707458496
2005-03-22,inflation_assessment_shift,2005-03-04,-11,0.027717484161257744
2005-03-22,inflation_assessment_shift,2005-03-07,-10,0.04045166075229645
2005-03-22,inflation_assessment_shift,2005-03-08,-9,0.0383477620780468
2005-03-22,inflation_assessment_shift,2005-03-09,-8,0.03573958948254585
2005-03-22,inflation_assessment_shift,2005-03-10,-7,0.032755620777606964
2005-03-22,inflation_assessment_shift,2005-03-11,-6,0.03218163549900055
2005-03-22,inflation_assessment_shift,2005-03-14,-5,0.030811816453933716
2005-03-22,inflation_assessment_shift,2005-03-15,-4,0.025722891092300415
2005-03-22,inflation_assessment_shift,2005-03-16,-3,0.02819155715405941
2005-03-22,inflation_assessment_shift,2005-03-17,-2,0.029529603198170662
2005-03-22,inflation_assessment_shift,2005-03-18,-1,0.03469148650765419
2005-03-22,inflation_assessment_shift,2005-03-21,0,0.030407113954424858
2005-03-22,inflation_risk_shift,2005-02-03,-31,0.019430464133620262
2005-03-22,inflation_risk_shift,2005-02-04,-30,0.021100439131259918
2005-03-22,inflation_risk_shift,2005-02-07,-29,0.02039983496069908
2005-03-22,inflation_risk_shift,2005-02-08,-28,0.02126305364072323
2005-03-22,inflation_risk_shift,2005-02-09,-27,0.02769450843334198
2005-03-22,inflation_risk_shift,2005-02-10,-26,0.034541573375463486
2005-03-22,inflation_risk_shift,2005-02-11,-25,0.03694695979356766
2005-03-22,inflation_risk_shift,2005-02-14,-24,0.03923960030078888
2005-03-22,inflation_risk_shift,2005-02-15,-23,0.041501082479953766
2005-03-22,inflation_risk_shift,2005-02-16,-22,0.037227824330329895
2005-03-22,inflation_risk_shift,2005-02-17,-21,0.03861774131655693
2005-03-22,inflation_risk_shift,2005-02-18,-20,0.03783319145441055
2005-03-22,inflation_risk_shift,2005-02-22,-19,0.03398633003234863
2005-03-22,inflation_risk_shift,2005-02-23,-18,0.03224743902683258
2005-03-22,inflation_risk_shift,2005-02-24,-17,0.030529042705893517
2005-03-22,inflation_risk_shift,2005-02-25,-16,0.03180225193500519
2005-03-22,inflation_risk_shift,2005-02-28,-15,0.03104296699166298
2005-03-22,inflation_risk_shift,2005-03-01,-14,0.027217790484428406
2005-03-22,inflation_risk_shift,2005-03-02,-13,0.026238620281219482
2005-03-22,inflation_risk_shift,2005-03-03,-12,0.0260989461094141
2005-03-22,inflation_risk_shift,2005-03-04,-11,0.02803165838122368
2005-03-22,inflation_risk_shift,2005-03-07,-10,0.040968164801597595
2005-03-22,inflation_risk_shift,2005-03-08,-9,0.03931909427046776
2005-03-22,inflation_risk_shift,2005-03-09,-8,0.03612813353538513
2005-03-22,inflation_risk_shift,2005-03-10,-7,0.032201141119003296
2005-03-22,inflation_risk_shift,2005-03-11,-6,0.03159913793206215
2005-03-22,inflation_risk_shift,2005-03-14,-5,0.029840786010026932
2005-03-22,inflation_risk_shift,2005-03-15,-4,0.02554241567850113
2005-03-22,inflation_risk_shift,2005-03-16,-3,0.02795422449707985
2005-03-22,inflation_risk_shift,2005-03-17,-2,0.02938208356499672
2005-03-22,inflation_risk_shift,2005-03-18,-1,0.03384365513920784
2005-03-22,inflation_risk_shift,2005-03-21,0,0.030229810625314713
2005-03-22,unemployment_assessment_shift,2005-02-03,-31,0.027943115681409836
2005-03-22,unemployment_assessment_shift,2005-02-04,-30,0.025624876841902733
2005-03-22,unemployment_assessment_shift,2005-02-07,-29,0.026887984946370125
2005-03-22,unemployment_assessment_shift,2005-02-08,-28,0.02833249792456627
2005-03-22,unemployment_assessment_shift,2005-02-09,-27,0.03146486356854439
2005-03-22,unemployment_assessment_shift,2005-02-10,-26,0.034268565475940704
2005-03-22,unemployment_assessment_shift,2005-02-11,-25,0.03818361088633537
2005-03-22,unemployment_assessment_shift,2005-02-14,-24,0.041551560163497925
2005-03-22,unemployment_assessment_shift,2005-02-15,-23,0.03667259216308594
2005-03-22,unemployment_assessment_shift,2005-02-16,-22,0.035807497799396515
2005-03-22,unemployment_assessment_shift,2005-02-17,-21,0.034439004957675934
2005-03-22,unemployment_assessment_shift,2005-02-18,-20,0.035474736243486404
2005-03-22,unemployment_assessment_shift,2005-02-22,-19,0.033889252692461014
2005-03-22,unemployment_assessment_shift,2005-02-23,-18,0.032911576330661774
2005-03-22,unemployment_assessment_shift,2005-02-24,-17,0.03200019523501396
2005-03-22,unemployment_assessment_shift,2005-02-25,-16,0.030016347765922546
2005-03-22,unemployment_assessment_shift,2005-02-28,-15,0.031750231981277466
2005-03-22,unemployment_assessment_shift,2005-03-01,-14,0.02697024680674076
2005-03-22,unemployment_assessment_shift,2005-03-02,-13,0.027997534722089767
2005-03-22,unemployment_assessment_shift,2005-03-03,-12,0.028283502906560898
2005-03-22,unemployment_assessment_shift,2005-03-04,-11,0.02800142951309681
2005-03-22,unemployment_assessment_shift,2005-03-07,-10,0.03548063710331917
2005-03-22,unemployment_assessment_shift,2005-03-08,-9,0.03184619918465614
2005-03-22,unemployment_assessment_shift,2005-03-09,-8,0.0360068678855896
2005-03-22,unemployment_assessment_shift,2005-03-10,-7,0.029026567935943604
2005-03-22,unemployment_assessment_shift,2005-03-11,-6,0.030609343200922012
2005-03-22,unemployment_assessment_shift,2005-03-14,-5,0.02790561318397522
2005-03-22,unemployment_assessment_shift,2005-03-15,-4,0.02689879573881626
2005-03-22,unemployment_assessment_shift,2005-03-16,-3,0.027895692735910416
2005-03-22,unemployment_assessment_shift,2005-03-17,-2,0.027770351618528366
2005-03-22,unemployment_assessment_shift,2005-03-18,-1,0.0280037559568882
2005-03-22,unemployment_assessment_shift,2005-03-21,0,0.030084963887929916
2005-03-22,labor_market_risk_shift,2005-02-03,-31,0.02488773688673973
2005-03-22,labor_market_risk_shift,2005-02-04,-30,0.02444417029619217
2005-03-22,labor_market_risk_shift,2005-02-07,-29,0.024403592571616173
2005-03-22,labor_market_risk_shift,2005-02-08,-28,0.024918897077441216
2005-03-22,labor_market_risk_shift,2005-02-09,-27,0.028958328068256378
2005-03-22,labor_market_risk_shift,2005-02-10,-26,0.03433274105191231
2005-03-22,labor_market_risk_shift,2005-02-11,-25,0.03835584968328476
2005-03-22,labor_market_risk_shift,2005-02-14,-24,0.04008568078279495
2005-03-22,labor_market_risk_shift,2005-02-15,-23,0.03950154781341553
2005-03-22,labor_market_risk_shift,2005-02-16,-22,0.03673993796110153
2005-03-22,labor_market_risk_shift,2005-02-17,-21,0.03591499850153923
2005-03-22,labor_market_risk_shift,2005-02-18,-20,0.03706023097038269
2005-03-22,labor_market_risk_shift,2005-02-22,-19,0.034856196492910385
2005-03-22,labor_market_risk_shift,2005-02-23,-18,0.03272233530879021
2005-03-22,labor_market_risk_shift,2005-02-24,-17,0.031133854761719704
2005-03-22,labor_market_risk_shift,2005-02-25,-16,0.030926965177059174
2005-03-22,labor_market_risk_shift,2005-02-28,-15,0.03200343996286392
2005-03-22,labor_market_risk_shift,2005-03-01,-14,0.027208898216485977
2005-03-22,labor_market_risk_shift,2005-03-02,-13,0.027030684053897858
2005-03-22,labor_market_risk_shift,2005-03-03,-12,0.026967136189341545
2005-03-22,labor_market_risk_shift,2005-03-04,-11,0.02776973508298397
2005-03-22,labor_market_risk_shift,2005-03-07,-10,0.036787278950214386
2005-03-22,labor_market_risk_shift,2005-03-08,-9,0.034800201654434204
2005-03-22,labor_market_risk_shift,2005-03-09,-8,0.03648409619927406
2005-03-22,labor_market_risk_shift,2005-03-10,-7,0.03040367178618908
2005-03-22,labor_market_risk_shift,2005-03-11,-6,0.03188677504658699
2005-03-22,labor_market_risk_shift,2005-03-14,-5,0.030270880088210106
2005-03-22,labor_market_risk_shift,2005-03-15,-4,0.026023227721452713
2005-03-22,labor_market_risk_shift,2005-03-16,-3,0.027607601135969162
2005-03-22,labor_market_risk_shift,2005-03-17,-2,0.027405932545661926
2005-03-22,labor_market_risk_shift,2005-03-18,-1,0.028377043083310127
2005-03-22,labor_market_risk_shift,2005-03-21,0,0.029730336740612984
2005-03-22,growth_activity_shift,2005-02-03,-31,0.0196392685174942
2005-03-22,growth_activity_shift,2005-02-04,-30,0.022193992510437965
2005-03-22,growth_activity_shift,2005-02-07,-29,0.021050456911325455
2005-03-22,growth_activity_shift,2005-02-08,-28,0.021458813920617104
2005-03-22,growth_activity_shift,2005-02-09,-27,0.027612702921032906
2005-03-22,growth_activity_shift,2005-02-10,-26,0.034427233040332794
2005-03-22,growth_activity_shift,2005-02-11,-25,0.03589354455471039
2005-03-22,growth_activity_shift,2005-02-14,-24,0.03824392706155777
2005-03-22,growth_activity_shift,2005-02-15,-23,0.04114850237965584
2005-03-22,growth_activity_shift,2005-02-16,-22,0.03680766001343727
2005-03-22,growth_activity_shift,2005-02-17,-21,0.03826122730970383
2005-03-22,growth_activity_shift,2005-02-18,-20,0.03719193488359451
2005-03-22,growth_activity_shift,2005-02-22,-19,0.033731840550899506
2005-03-22,growth_activity_shift,2005-02-23,-18,0.031827542930841446
2005-03-22,growth_activity_shift,2005-02-24,-17,0.030157065019011497
2005-03-22,growth_activity_shift,2005-02-25,-16,0.031728893518447876
2005-03-22,growth_activity_shift,2005-02-28,-15,0.030955154448747635
2005-03-22,growth_activity_shift,2005-03-01,-14,0.027839574962854385
2005-03-22,growth_activity_shift,2005-03-02,-13,0.02656320482492447
2005-03-22,growth_activity_shift,2005-03-03,-12,0.02615233324468136
2005-03-22,growth_activity_shift,2005-03-04,-11,0.02810697630047798
2005-03-22,growth_activity_shift,2005-03-07,-10,0.03994215279817581
2005-03-22,growth_activity_shift,2005-03-08,-9,0.03842179477214813
2005-03-22,growth_activity_shift,2005-03-09,-8,0.035795193165540695
2005-03-22,growth_activity_shift,2005-03-10,-7,0.03249208629131317
2005-03-22,growth_activity_shift,2005-03-11,-6,0.032232899218797684
2005-03-22,growth_activity_shift,2005-03-14,-5,0.03114362061023712
2005-03-22,growth_activity_shift,2005-03-15,-4,0.026012860238552094
2005-03-22,growth_activity_shift,2005-03-16,-3,0.028407970443367958
2005-03-22,growth_activity_shift,2005-03-17,-2,0.029923465102910995
2005-03-22,growth_activity_shift,2005-03-18,-1,0.03438691049814224
2005-03-22,growth_activity_shift,2005-03-21,0,0.030249198898673058
2005-03-22,financial_conditions_shift,2005-02-03,-31,0.029107993468642235
2005-03-22,financial_conditions_shift,2005-02-04,-30,0.02753320336341858
2005-03-22,financial_conditions_shift,2005-02-07,-29,0.028764504939317703
2005-03-22,financial_conditions_shift,2005-02-08,-28,0.029312606900930405
2005-03-22,financial_conditions_shift,2005-02-09,-27,0.03159211948513985
2005-03-22,financial_conditions_shift,2005-02-10,-26,0.033654019236564636
2005-03-22,financial_conditions_shift,2005-02-11,-25,0.03730390965938568
2005-03-22,financial_conditions_shift,2005-02-14,-24,0.038328222930431366
2005-03-22,financial_conditions_shift,2005-02-15,-23,0.035863783210515976
2005-03-22,financial_conditions_shift,2005-02-16,-22,0.03476576507091522
2005-03-22,financial_conditions_shift,2005-02-17,-21,0.032917484641075134
2005-03-22,financial_conditions_shift,2005-02-18,-20,0.03483472391963005
2005-03-22,financial_conditions_shift,2005-02-22,-19,0.03387957066297531
2005-03-22,financial_conditions_shift,2005-02-23,-18,0.032684944570064545
2005-03-22,financial_conditions_shift,2005-02-24,-17,0.03202996402978897
2005-03-22,financial_conditions_shift,2005-02-25,-16,0.03084517829120159
2005-03-22,financial_conditions_shift,2005-02-28,-15,0.031848590821027756
2005-03-22,financial_conditions_shift,2005-03-01,-14,0.027585458010435104
2005-03-22,financial_conditions_shift,2005-03-02,-13,0.02839767374098301
2005-03-22,financial_conditions_shift,2005-03-03,-12,0.029166243970394135
2005-03-22,financial_conditions_shift,2005-03-04,-11,0.0287207942456007
2005-03-22,financial_conditions_shift,2005-03-07,-10,0.032661072909832
2005-03-22,financial_conditions_shift,2005-03-08,-9,0.03185119852423668
2005-03-22,financial_conditions_shift,2005-03-09,-8,0.03562801331281662
2005-03-22,financial_conditions_shift,2005-03-10,-7,0.02927367016673088
2005-03-22,financial_conditions_shift,2005-03-11,-6,0.031883254647254944
2005-03-22,financial_conditions_shift,2005-03-14,-5,0.029623854905366898
2005-03-22,financial_conditions_shift,2005-03-15,-4,0.02776559628546238
2005-03-22,financial_conditions_shift,2005-03-16,-3,0.028503064066171646
2005-03-22,financial_conditions_shift,2005-03-17,-2,0.028201960027217865
2005-03-22,financial_conditions_shift,2005-03-18,-1,0.02713482268154621
2005-03-22,financial_conditions_shift,2005-03-21,0,0.028336744755506516
2005-03-22,risk_balance_shift,2005-02-03,-31,0.031140880659222603
2005-03-22,risk_balance_shift,2005-02-04,-30,0.02878740429878235
2005-03-22,risk_balance_shift,2005-02-07,-29,0.02992498315870762
2005-03-22,risk_balance_shift,2005-02-08,-28,0.030085470527410507
2005-03-22,risk_balance_shift,2005-02-09,-27,0.031495194882154465
2005-03-22,risk_balance_shift,2005-02-10,-26,0.0319833867251873
2005-03-22,risk_balance_shift,2005-02-11,-25,0.035581596195697784
2005-03-22,risk_balance_shift,2005-02-14,-24,0.03814646974205971
2005-03-22,risk_balance_shift,2005-02-15,-23,0.034074023365974426
2005-03-22,risk_balance_shift,2005-02-16,-22,0.033661581575870514
2005-03-22,risk_balance_shift,2005-02-17,-21,0.03237999975681305
2005-03-22,risk_balance_shift,2005-02-18,-20,0.0338624082505703
2005-03-22,risk_balance_shift,2005-02-22,-19,0.03365510702133179
2005-03-22,risk_balance_shift,2005-02-23,-18,0.03263185918331146
2005-03-22,risk_balance_shift,2005-02-24,-17,0.03236925229430199
2005-03-22,risk_balance_shift,2005-02-25,-16,0.030433598905801773
2005-03-22,risk_balance_shift,2005-02-28,-15,0.031660787761211395
2005-03-22,risk_balance_shift,2005-03-01,-14,0.027803979814052582
2005-03-22,risk_balance_shift,2005-03-02,-13,0.02922412008047104
2005-03-22,risk_balance_shift,2005-03-03,-12,0.029779480770230293
2005-03-22,risk_balance_shift,2005-03-04,-11,0.028914308175444603
2005-03-22,risk_balance_shift,2005-03-07,-10,0.032737791538238525
2005-03-22,risk_balance_shift,2005-03-08,-9,0.030929898843169212
2005-03-22,risk_balance_shift,2005-03-09,-8,0.03574059158563614
2005-03-22,risk_balance_shift,2005-03-10,-7,0.028963342308998108
2005-03-22,risk_balance_shift,2005-03-11,-6,0.031700946390628815
2005-03-22,risk_balance_shift,2005-03-14,-5,0.029111897572875023
2005-03-22,risk_balance_shift,2005-03-15,-4,0.028407694771885872
2005-03-22,risk_balance_shift,2005-03-16,-3,0.028660889714956284
2005-03-22,risk_balance_shift,2005-03-17,-2,0.028861787170171738
2005-03-22,risk_balance_shift,2005-03-18,-1,0.027520081028342247
2005-03-22,risk_balance_shift,2005-03-21,0,0.029769208282232285
2005-03-22,committee_dispersion,2005-02-03,-31,0.020152868703007698
2005-03-22,committee_dispersion,2005-02-04,-30,0.02197430469095707
2005-03-22,committee_dispersion,2005-02-07,-29,0.02115292102098465
2005-03-22,committee_dispersion,2005-02-08,-28,0.021824419498443604
2005-03-22,committee_dispersion,2005-02-09,-27,0.028229888528585434
2005-03-22,committee_dispersion,2005-02-10,-26,0.03467979282140732
2005-03-22,committee_dispersion,2005-02-11,-25,0.03746848553419113
2005-03-22,committee_dispersion,2005-02-14,-24,0.039289265871047974
2005-03-22,committee_dispersion,2005-02-15,-23,0.04120159149169922
2005-03-22,committee_dispersion,2005-02-16,-22,0.036975644528865814
2005-03-22,committee_dispersion,2005-02-17,-21,0.03801038861274719
2005-03-22,committee_dispersion,2005-02-18,-20,0.037783097475767136
2005-03-22,committee_dispersion,2005-02-22,-19,0.034407325088977814
2005-03-22,committee_dispersion,2005-02-23,-18,0.03231962397694588
2005-03-22,committee_dispersion,2005-02-24,-17,0.03048296459019184
2005-03-22,committee_dispersion,2005-02-25,-16,0.03173985704779625
2005-03-22,committee_dispersion,2005-02-28,-15,0.031177066266536713
2005-03-22,committee_dispersion,2005-03-01,-14,0.027161963284015656
2005-03-22,committee_dispersion,2005-03-02,-13,0.02640197053551674
2005-03-22,committee_dispersion,2005-03-03,-12,0.026283059269189835
2005-03-22,committee_dispersion,2005-03-04,-11,0.027916382998228073
2005-03-22,committee_dispersion,2005-03-07,-10,0.039644092321395874
2005-03-22,committee_dispersion,2005-03-08,-9,0.03836370259523392
2005-03-22,committee_dispersion,2005-03-09,-8,0.03615470230579376
2005-03-22,committee_dispersion,2005-03-10,-7,0.03199249878525734
2005-03-22,committee_dispersion,2005-03-11,-6,0.03162379562854767
2005-03-22,committee_dispersion,2005-03-14,-5,0.03032482974231243
2005-03-22,committee_dispersion,2005-03-15,-4,0.025283096358180046
2005-03-22,committee_dispersion,2005-03-16,-3,0.027812719345092773
2005-03-22,committee_dispersion,2005-03-17,-2,0.029094988480210304
2005-03-22,committee_dispersion,2005-03-18,-1,0.03262818232178688
2005-03-22,committee_dispersion,2005-03-21,0,0.030444486066699028
2005-03-22,policy_uncertainty,2005-02-03,-31,0.038042232394218445
2005-03-22,policy_uncertainty,2005-02-04,-30,0.03434763848781586
2005-03-22,policy_uncertainty,2005-02-07,-29,0.036887019872665405
2005-03-22,policy_uncertainty,2005-02-08,-28,0.03602181747555733
2005-03-22,policy_uncertainty,2005-02-09,-27,0.03386451676487923
2005-03-22,policy_uncertainty,2005-02-10,-26,0.03031780570745468
2005-03-22,policy_uncertainty,2005-02-11,-25,0.03230294585227966
2005-03-22,policy_uncertainty,2005-02-14,-24,0.03448758274316788
2005-03-22,policy_uncertainty,2005-02-15,-23,0.029779214411973953
2005-03-22,policy_uncertainty,2005-02-16,-22,0.03077874705195427
2005-03-22,policy_uncertainty,2005-02-17,-21,0.02887721173465252
2005-03-22,policy_uncertainty,2005-02-18,-20,0.030960414558649063
2005-03-22,policy_uncertainty,2005-02-22,-19,0.0322607159614563
2005-03-22,policy_uncertainty,2005-02-23,-18,0.03242397680878639
2005-03-22,policy_uncertainty,2005-02-24,-17,0.03222370520234108
2005-03-22,policy_uncertainty,2005-02-25,-16,0.029475588351488113
2005-03-22,policy_uncertainty,2005-02-28,-15,0.031149372458457947
2005-03-22,policy_uncertainty,2005-03-01,-14,0.02894829772412777
2005-03-22,policy_uncertainty,2005-03-02,-13,0.030947523191571236
2005-03-22,policy_uncertainty,2005-03-03,-12,0.03208247572183609
2005-03-22,policy_uncertainty,2005-03-04,-11,0.0309742521494627
2005-03-22,policy_uncertainty,2005-03-07,-10,0.02855292148888111
2005-03-22,policy_uncertainty,2005-03-08,-9,0.027506817132234573
2005-03-22,policy_uncertainty,2005-03-09,-8,0.033610470592975616
2005-03-22,policy_uncertainty,2005-03-10,-7,0.02845679596066475
2005-03-22,policy_uncertainty,2005-03-11,-6,0.031102854758501053
2005-03-22,policy_uncertainty,2005-03-14,-5,0.029239002615213394
2005-03-22,policy_uncertainty,2005-03-15,-4,0.03059087134897709
2005-03-22,policy_uncertainty,2005-03-16,-3,0.029855141416192055
2005-03-22,policy_uncertainty,2005-03-17,-2,0.028686869889497757
2005-03-22,policy_uncertainty,2005-03-18,-1,0.025101469829678535
2005-03-22,policy_uncertainty,2005-03-21,0,0.03014378808438778
2005-03-22,forward_guidance_strength,2005-02-03,-31,0.035693999379873276
2005-03-22,forward_guidance_strength,2005-02-04,-30,0.03247074782848358
2005-03-22,forward_guidance_strength,2005-02-07,-29,0.034129172563552856
2005-03-22,forward_guidance_strength,2005-02-08,-28,0.03381964936852455
2005-03-22,forward_guidance_strength,2005-02-09,-27,0.032718539237976074
2005-03-22,forward_guidance_strength,2005-02-10,-26,0.03045988455414772
2005-03-22,forward_guidance_strength,2005-02-11,-25,0.033718042075634
2005-03-22,forward_guidance_strength,2005-02-14,-24,0.03649827837944031
2005-03-22,forward_guidance_strength,2005-02-15,-23,0.03153180330991745
2005-03-22,forward_guidance_strength,2005-02-16,-22,0.03246957063674927
2005-03-22,forward_guidance_strength,2005-02-17,-21,0.03004271164536476
2005-03-22,forward_guidance_strength,2005-02-18,-20,0.032150451093912125
2005-03-22,forward_guidance_strength,2005-02-22,-19,0.032757412642240524
2005-03-22,forward_guidance_strength,2005-02-23,-18,0.03259402886033058
2005-03-22,forward_guidance_strength,2005-02-24,-17,0.032064542174339294
2005-03-22,forward_guidance_strength,2005-02-25,-16,0.02972680702805519
2005-03-22,forward_guidance_strength,2005-02-28,-15,0.03150458633899689
2005-03-22,forward_guidance_strength,2005-03-01,-14,0.028509322553873062
2005-03-22,forward_guidance_strength,2005-03-02,-13,0.030153095722198486
2005-03-22,forward_guidance_strength,2005-03-03,-12,0.030937641859054565
2005-03-22,forward_guidance_strength,2005-03-04,-11,0.03012596257030964
2005-03-22,forward_guidance_strength,2005-03-07,-10,0.029776597395539284
2005-03-22,forward_guidance_strength,2005-03-08,-9,0.028243567794561386
2005-03-22,forward_guidance_strength,2005-03-09,-8,0.03495638817548752
2005-03-22,forward_guidance_strength,2005-03-10,-7,0.028789889067411423
2005-03-22,forward_guidance_strength,2005-03-11,-6,0.03154387325048447
2005-03-22,forward_guidance_strength,2005-03-14,-5,0.029380470514297485
2005-03-22,forward_guidance_strength,2005-03-15,-4,0.029644891619682312
2005-03-22,forward_guidance_strength,2005-03-16,-3,0.029218969866633415
2005-03-22,forward_guidance_strength,2005-03-17,-2,0.028474073857069016
2005-03-22,forward_guidance_strength,2005-03-18,-1,0.025702187791466713
2005-03-22,forward_guidance_strength,2005-03-21,0,0.03019283153116703
2005-05-03,rate_decision,2005-03-23,-27,0.0377521887421608
2005-05-03,rate_decision,2005-03-24,-26,0.034144192934036255
2005-05-03,rate_decision,2005-03-28,-25,0.03252163156867027
2005-05-03,rate_decision,2005-03-29,-24,0.03290518745779991
2005-05-03,rate_decision,2005-03-30,-23,0.03363236039876938
2005-05-03,rate_decision,2005-03-31,-22,0.03666874021291733
2005-05-03,rate_decision,2005-04-01,-21,0.0364314503967762
2005-05-03,rate_decision,2005-04-04,-20,0.037813667207956314
2005-05-03,rate_decision,2005-04-05,-19,0.0413932278752327
2005-05-03,rate_decision,2005-04-06,-18,0.04223348945379257
2005-05-03,rate_decision,2005-04-07,-17,0.035844262689352036
2005-05-03,rate_decision,2005-04-08,-16,0.031536661088466644
2005-05-03,rate_decision,2005-04-11,-15,0.03292099013924599
2005-05-03,rate_decision,2005-04-12,-14,0.032408107072114944
2005-05-03,rate_decision,2005-04-13,-13,0.03184698149561882
2005-05-03,rate_decision,2005-04-14,-12,0.03330733999609947
2005-05-03,rate_decision,2005-04-15,-11,0.033281680196523666
2005-05-03,rate_decision,2005-04-18,-10,0.03302230313420296
2005-05-03,rate_decision,2005-04-19,-9,0.03685892000794411
2005-05-03,rate_decision,2005-04-20,-8,0.03892826288938522
2005-05-03,rate_decision,2005-04-21,-7,0.03553259000182152
2005-05-03,rate_decision,2005-04-22,-6,0.039068032056093216
2005-05-03,rate_decision,2005-04-25,-5,0.03459687903523445
2005-05-03,rate_decision,2005-04-26,-4,0.03327952325344086
2005-05-03,rate_decision,2005-04-27,-3,0.035779718309640884
2005-05-03,rate_decision,2005-04-28,-2,0.03657254949212074
2005-05-03,rate_decision,2005-04-29,-1,0.038793809711933136
2005-05-03,rate_decision,2005-05-02,0,0.040925282984972
2005-05-03,current_policy_stance,2005-03-23,-27,0.03537517413496971
2005-05-03,current_policy_stance,2005-03-24,-26,0.0320357121527195
2005-05-03,current_policy_stance,2005-03-28,-25,0.0313299261033535
2005-05-03,current_policy_stance,2005-03-29,-24,0.029563456773757935
2005-05-03,current_policy_stance,2005-03-30,-23,0.029118087142705917
2005-05-03,current_policy_stance,2005-03-31,-22,0.029767192900180817
2005-05-03,current_policy_stance,2005-04-01,-21,0.033372387290000916
2005-05-03,current_policy_stance,2005-04-04,-20,0.03413489833474159
2005-05-03,current_policy_stance,2005-04-05,-19,0.03963033854961395
2005-05-03,current_policy_stance,2005-04-06,-18,0.041229214519262314
2005-05-03,current_policy_stance,2005-04-07,-17,0.04385266453027725
2005-05-03,current_policy_stance,2005-04-08,-16,0.03615323454141617
2005-05-03,current_policy_stance,2005-04-11,-15,0.03371196612715721
2005-05-03,current_policy_stance,2005-04-12,-14,0.03603441268205643
2005-05-03,current_policy_stance,2005-04-13,-13,0.038065314292907715
2005-05-03,current_policy_stance,2005-04-14,-12,0.03478136658668518
2005-05-03,current_policy_stance,2005-04-15,-11,0.03180336207151413
2005-05-03,current_policy_stance,2005-04-18,-10,0.04041885584592819
2005-05-03,current_policy_stance,2005-04-19,-9,0.044923894107341766
2005-05-03,current_policy_stance,2005-04-20,-8,0.04534353315830231
2005-05-03,current_policy_stance,2005-04-21,-7,0.037637997418642044
2005-05-03,current_policy_stance,2005-04-22,-6,0.036681532859802246
2005-05-03,current_policy_stance,2005-04-25,-5,0.03841448575258255
2005-05-03,current_policy_stance,2005-04-26,-4,0.03190290927886963
2005-05-03,current_policy_stance,2005-04-27,-3,0.030684275552630424
2005-05-03,current_policy_stance,2005-04-28,-2,0.033118780702352524
2005-05-03,current_policy_stance,2005-04-29,-1,0.03601638972759247
2005-05-03,current_policy_stance,2005-05-02,0,0.03489863872528076
2005-05-03,policy_stance_shift,2005-03-23,-27,0.04041137546300888
2005-05-03,policy_stance_shift,2005-03-24,-26,0.03540671989321709
2005-05-03,policy_stance_shift,2005-03-28,-25,0.03198478743433952
2005-05-03,policy_stance_shift,2005-03-29,-24,0.029713407158851624
2005-05-03,policy_stance_shift,2005-03-30,-23,0.028625313192605972
2005-05-03,policy_stance_shift,2005-03-31,-22,0.029947441071271896
2005-05-03,policy_stance_shift,2005-04-01,-21,0.032729823142290115
2005-05-03,policy_stance_shift,2005-04-04,-20,0.034727804362773895
2005-05-03,policy_stance_shift,2005-04-05,-19,0.0399114266037941
2005-05-03,policy_stance_shift,2005-04-06,-18,0.043696947395801544
2005-05-03,policy_stance_shift,2005-04-07,-17,0.04472796246409416
2005-05-03,policy_stance_shift,2005-04-08,-16,0.03336235508322716
2005-05-03,policy_stance_shift,2005-04-11,-15,0.031082645058631897
2005-05-03,policy_stance_shift,2005-04-12,-14,0.03302125260233879
2005-05-03,policy_stance_shift,2005-04-13,-13,0.03264962136745453
2005-05-03,policy_stance_shift,2005-04-14,-12,0.03131784498691559
2005-05-03,policy_stance_shift,2005-04-15,-11,0.028994565829634666
2005-05-03,policy_stance_shift,2005-04-18,-10,0.03698782995343208
2005-05-03,policy_stance_shift,2005-04-19,-9,0.04189077019691467
2005-05-03,policy_stance_shift,2005-04-20,-8,0.047788944095373154
2005-05-03,policy_stance_shift,2005-04-21,-7,0.037094734609127045
2005-05-03,policy_stance_shift,2005-04-22,-6,0.03823075070977211
2005-05-03,policy_stance_shift,2005-04-25,-5,0.04018078371882439
2005-05-03,policy_stance_shift,2005-04-26,-4,0.032246991991996765
2005-05-03,policy_stance_shift,2005-04-27,-3,0.03143825754523277
2005-05-03,policy_stance_shift,2005-04-28,-2,0.03639999032020569
2005-05-03,policy_stance_shift,2005-04-29,-1,0.03896980732679367
2005-05-03,policy_stance_shift,2005-05-02,0,0.036459822207689285
2005-05-03,expected_rate_path_shift,2005-03-23,-27,0.03338020667433739
2005-05-03,expected_rate_path_shift,2005-03-24,-26,0.030724572017788887
2005-05-03,expected_rate_path_shift,2005-03-28,-25,0.030427930876612663
2005-05-03,expected_rate_path_shift,2005-03-29,-24,0.029163755476474762
2005-05-03,expected_rate_path_shift,2005-03-30,-23,0.029693523421883583
2005-05-03,expected_rate_path_shift,2005-03-31,-22,0.03050873801112175
2005-05-03,expected_rate_path_shift,2005-04-01,-21,0.0335964635014534
2005-05-03,expected_rate_path_shift,2005-04-04,-20,0.034684233367443085
2005-05-03,expected_rate_path_shift,2005-04-05,-19,0.039847634732723236
2005-05-03,expected_rate_path_shift,2005-04-06,-18,0.03904808685183525
2005-05-03,expected_rate_path_shift,2005-04-07,-17,0.040405433624982834
2005-05-03,expected_rate_path_shift,2005-04-08,-16,0.0354110449552536
2005-05-03,expected_rate_path_shift,2005-04-11,-15,0.033512502908706665
2005-05-03,expected_rate_path_shift,2005-04-12,-14,0.036174144595861435
2005-05-03,expected_rate_path_shift,2005-04-13,-13,0.039670322090387344
2005-05-03,expected_rate_path_shift,2005-04-14,-12,0.03639133647084236
2005-05-03,expected_rate_path_shift,2005-04-15,-11,0.03279981017112732
2005-05-03,expected_rate_path_shift,2005-04-18,-10,0.04245135933160782
2005-05-03,expected_rate_path_shift,2005-04-19,-9,0.0464804545044899
2005-05-03,expected_rate_path_shift,2005-04-20,-8,0.0444449856877327
2005-05-03,expected_rate_path_shift,2005-04-21,-7,0.03909344971179962
2005-05-03,expected_rate_path_shift,2005-04-22,-6,0.03572797775268555
2005-05-03,expected_rate_path_shift,2005-04-25,-5,0.03701594099402428
2005-05-03,expected_rate_path_shift,2005-04-26,-4,0.03132602199912071
2005-05-03,expected_rate_path_shift,2005-04-27,-3,0.031320229172706604
2005-05-03,expected_rate_path_shift,2005-04-28,-2,0.03351204842329025
2005-05-03,expected_rate_path_shift,2005-04-29,-1,0.03747446835041046
2005-05-03,expected_rate_path_shift,2005-05-02,0,0.035713307559490204
2005-05-03,inflation_assessment_shift,2005-03-23,-27,0.03927835449576378
2005-05-03,inflation_assessment_shift,2005-03-24,-26,0.034820158034563065
2005-05-03,inflation_assessment_shift,2005-03-28,-25,0.031775664538145065
2005-05-03,inflation_assessment_shift,2005-03-29,-24,0.029882116243243217
2005-05-03,inflation_assessment_shift,2005-03-30,-23,0.028232593089342117
2005-05-03,inflation_assessment_shift,2005-03-31,-22,0.029644908383488655
2005-05-03,inflation_assessment_shift,2005-04-01,-21,0.03271646425127983
2005-05-03,inflation_assessment_shift,2005-04-04,-20,0.03427564725279808
2005-05-03,inflation_assessment_shift,2005-04-05,-19,0.0401478111743927
2005-05-03,inflation_assessment_shift,2005-04-06,-18,0.044112127274274826
2005-05-03,inflation_assessment_shift,2005-04-07,-17,0.045315440744161606
2005-05-03,inflation_assessment_shift,2005-04-08,-16,0.035209134221076965
2005-05-03,inflation_assessment_shift,2005-04-11,-15,0.03255677968263626
2005-05-03,inflation_assessment_shift,2005-04-12,-14,0.03356628119945526
2005-05-03,inflation_assessment_shift,2005-04-13,-13,0.03330003097653389
2005-05-03,inflation_assessment_shift,2005-04-14,-12,0.03222574666142464
2005-05-03,inflation_assessment_shift,2005-04-15,-11,0.029812641441822052
2005-05-03,inflation_assessment_shift,2005-04-18,-10,0.037130072712898254
2005-05-03,inflation_assessment_shift,2005-04-19,-9,0.04436405748128891
2005-05-03,inflation_assessment_shift,2005-04-20,-8,0.047902218997478485
2005-05-03,inflation_assessment_shift,2005-04-21,-7,0.03791287913918495
2005-05-03,inflation_assessment_shift,2005-04-22,-6,0.03973358869552612
2005-05-03,inflation_assessment_shift,2005-04-25,-5,0.04031040519475937
2005-05-03,inflation_assessment_shift,2005-04-26,-4,0.0324409194290638
2005-05-03,inflation_assessment_shift,2005-04-27,-3,0.03152689337730408
2005-05-03,inflation_assessment_shift,2005-04-28,-2,0.03384869545698166
2005-05-03,inflation_assessment_shift,2005-04-29,-1,0.03553353622555733
2005-05-03,inflation_assessment_shift,2005-05-02,0,0.032424841076135635
2005-05-03,inflation_risk_shift,2005-03-23,-27,0.03722122684121132
2005-05-03,inflation_risk_shift,2005-03-24,-26,0.03384014964103699
2005-05-03,inflation_risk_shift,2005-03-28,-25,0.0326191782951355
2005-05-03,inflation_risk_shift,2005-03-29,-24,0.030338305979967117
2005-05-03,inflation_risk_shift,2005-03-30,-23,0.030492067337036133
2005-05-03,inflation_risk_shift,2005-03-31,-22,0.031452178955078125
2005-05-03,inflation_risk_shift,2005-04-01,-21,0.03348933905363083
2005-05-03,inflation_risk_shift,2005-04-04,-20,0.03434228152036667
2005-05-03,inflation_risk_shift,2005-04-05,-19,0.039090897887945175
2005-05-03,inflation_risk_shift,2005-04-06,-18,0.03930249065160751
2005-05-03,inflation_risk_shift,2005-04-07,-17,0.040015898644924164
2005-05-03,inflation_risk_shift,2005-04-08,-16,0.03465179353952408
2005-05-03,inflation_risk_shift,2005-04-11,-15,0.03261762112379074
2005-05-03,inflation_risk_shift,2005-04-12,-14,0.03465486317873001
2005-05-03,inflation_risk_shift,2005-04-13,-13,0.03726571798324585
2005-05-03,inflation_risk_shift,2005-04-14,-12,0.03439811244606972
2005-05-03,inflation_risk_shift,2005-04-15,-11,0.03179904818534851
2005-05-03,inflation_risk_shift,2005-04-18,-10,0.0399637296795845
2005-05-03,inflation_risk_shift,2005-04-19,-9,0.04469294100999832
2005-05-03,inflation_risk_shift,2005-04-20,-8,0.04336383938789368
2005-05-03,inflation_risk_shift,2005-04-21,-7,0.03848817199468613
2005-05-03,inflation_risk_shift,2005-04-22,-6,0.03609059751033783
2005-05-03,inflation_risk_shift,2005-04-25,-5,0.03701162710785866
2005-05-03,inflation_risk_shift,2005-04-26,-4,0.03244936466217041
2005-05-03,inflation_risk_shift,2005-04-27,-3,0.032630473375320435
2005-05-03,inflation_risk_shift,2005-04-28,-2,0.035455647855997086
2005-05-03,inflation_risk_shift,2005-04-29,-1,0.03679853677749634
2005-05-03,inflation_risk_shift,2005-05-02,0,0.035463862121105194
2005-05-03,unemployment_assessment_shift,2005-03-23,-27,0.027327753603458405
2005-05-03,unemployment_assessment_shift,2005-03-24,-26,0.027246365323662758
2005-05-03,unemployment_assessment_shift,2005-03-28,-25,0.03166334703564644
2005-05-03,unemployment_assessment_shift,2005-03-29,-24,0.03269145265221596
2005-05-03,unemployment_assessment_shift,2005-03-30,-23,0.03511784225702286
2005-05-03,unemployment_assessment_shift,2005-03-31,-22,0.03453297168016434
2005-05-03,unemployment_assessment_shift,2005-04-01,-21,0.034903548657894135
2005-05-03,unemployment_assessment_shift,2005-04-04,-20,0.033658139407634735
2005-05-03,unemployment_assessment_shift,2005-04-05,-19,0.0362168550491333
2005-05-03,unemployment_assessment_shift,2005-04-06,-18,0.03076305240392685
2005-05-03,unemployment_assessment_shift,2005-04-07,-17,0.03315811604261398
2005-05-03,unemployment_assessment_shift,2005-04-08,-16,0.03893350437283516
2005-05-03,unemployment_assessment_shift,2005-04-11,-15,0.038117654621601105
2005-05-03,unemployment_assessment_shift,2005-04-12,-14,0.03979653865098953
2005-05-03,unemployment_assessment_shift,2005-04-13,-13,0.048456743359565735
2005-05-03,unemployment_assessment_shift,2005-04-14,-12,0.04286994785070419
2005-05-03,unemployment_assessment_shift,2005-04-15,-11,0.0388558954000473
2005-05-03,unemployment_assessment_shift,2005-04-18,-10,0.04691796004772186
2005-05-03,unemployment_assessment_shift,2005-04-19,-9,0.04500126838684082
2005-05-03,unemployment_assessment_shift,2005-04-20,-8,0.035726286470890045
2005-05-03,unemployment_assessment_shift,2005-04-21,-7,0.03889399394392967
2005-05-03,unemployment_assessment_shift,2005-04-22,-6,0.03161178529262543
2005-05-03,unemployment_assessment_shift,2005-04-25,-5,0.03142194077372551
2005-05-03,unemployment_assessment_shift,2005-04-26,-4,0.0326252207159996
2005-05-03,unemployment_assessment_shift,2005-04-27,-3,0.0347667895257473
2005-05-03,unemployment_assessment_shift,2005-04-28,-2,0.031283214688301086
2005-05-03,unemployment_assessment_shift,2005-04-29,-1,0.032847970724105835
2005-05-03,unemployment_assessment_shift,2005-05-02,0,0.03459388390183449
2005-05-03,labor_market_risk_shift,2005-03-23,-27,0.027681076899170876
2005-05-03,labor_market_risk_shift,2005-03-24,-26,0.027574650943279266
2005-05-03,labor_market_risk_shift,2005-03-28,-25,0.03218565508723259
2005-05-03,labor_market_risk_shift,2005-03-29,-24,0.033356551080942154
2005-05-03,labor_market_risk_shift,2005-03-30,-23,0.03554690629243851
2005-05-03,labor_market_risk_shift,2005-03-31,-22,0.03473237529397011
2005-05-03,labor_market_risk_shift,2005-04-01,-21,0.0345388725399971
2005-05-03,labor_market_risk_shift,2005-04-04,-20,0.03339438885450363
2005-05-03,labor_market_risk_shift,2005-04-05,-19,0.035639069974422455
2005-05-03,labor_market_risk_shift,2005-04-06,-18,0.030431009829044342
2005-05-03,labor_market_risk_shift,2005-04-07,-17,0.033417608588933945
2005-05-03,labor_market_risk_shift,2005-04-08,-16,0.04005527123808861
2005-05-03,labor_market_risk_shift,2005-04-11,-15,0.038483962416648865
2005-05-03,labor_market_risk_shift,2005-04-12,-14,0.039499104022979736
2005-05-03,labor_market_risk_shift,2005-04-13,-13,0.04782463610172272
2005-05-03,labor_market_risk_shift,2005-04-14,-12,0.04251452907919884
2005-05-03,labor_market_risk_shift,2005-04-15,-11,0.03862755373120308
2005-05-03,labor_market_risk_shift,2005-04-18,-10,0.0460922047495842
2005-05-03,labor_market_risk_shift,2005-04-19,-9,0.04366043210029602
2005-05-03,labor_market_risk_shift,2005-04-20,-8,0.034793637692928314
2005-05-03,labor_market_risk_shift,2005-04-21,-7,0.039344143122434616
2005-05-03,labor_market_risk_shift,2005-04-22,-6,0.03144112601876259
2005-05-03,labor_market_risk_shift,2005-04-25,-5,0.031068800017237663
2005-05-03,labor_market_risk_shift,2005-04-26,-4,0.033407166600227356
2005-05-03,labor_market_risk_shift,2005-04-27,-3,0.03507620096206665
2005-05-03,labor_market_risk_shift,2005-04-28,-2,0.03131554275751114
2005-05-03,labor_market_risk_shift,2005-04-29,-1,0.03317584469914436
2005-05-03,labor_market_risk_shift,2005-05-02,0,0.03512166440486908
2005-05-03,growth_activity_shift,2005-03-23,-27,0.0289621464908123
2005-05-03,growth_activity_shift,2005-03-24,-26,0.028408734127879143
2005-05-03,growth_activity_shift,2005-03-28,-25,0.0324682779610157
2005-05-03,growth_activity_shift,2005-03-29,-24,0.033114008605480194
2005-05-03,growth_activity_shift,2005-03-30,-23,0.03491358831524849
2005-05-03,growth_activity_shift,2005-03-31,-22,0.03462440147995949
2005-05-03,growth_activity_shift,2005-04-01,-21,0.03473086282610893
2005-05-03,growth_activity_shift,2005-04-04,-20,0.03340401500463486
2005-05-03,growth_activity_shift,2005-04-05,-19,0.03597317636013031
2005-05-03,growth_activity_shift,2005-04-06,-18,0.031212899833917618
2005-05-03,growth_activity_shift,2005-04-07,-17,0.033790215849876404
2005-05-03,growth_activity_shift,2005-04-08,-16,0.039064567536115646
2005-05-03,growth_activity_shift,2005-04-11,-15,0.03775068372488022
2005-05-03,growth_activity_shift,2005-04-12,-14,0.03914538025856018
2005-05-03,growth_activity_shift,2005-04-13,-13,0.04656115174293518
2005-05-03,growth_activity_shift,2005-04-14,-12,0.04167517274618149
2005-05-03,growth_activity_shift,2005-04-15,-11,0.03784980997443199
2005-05-03,growth_activity_shift,2005-04-18,-10,0.04541030898690224
2005-05-03,growth_activity_shift,2005-04-19,-9,0.0445985272526741
2005-05-03,growth_activity_shift,2005-04-20,-8,0.03583168238401413
2005-05-03,growth_activity_shift,2005-04-21,-7,0.03905227407813072
2005-05-03,growth_activity_shift,2005-04-22,-6,0.03229686990380287
2005-05-03,growth_activity_shift,2005-04-25,-5,0.0318581759929657
2005-05-03,growth_activity_shift,2005-04-26,-4,0.03313568979501724
2005-05-03,growth_activity_shift,2005-04-27,-3,0.03476811200380325
2005-05-03,growth_activity_shift,2005-04-28,-2,0.03224526345729828
2005-05-03,growth_activity_shift,2005-04-29,-1,0.03252943232655525
2005-05-03,growth_activity_shift,2005-05-02,0,0.03462451696395874
2005-05-03,financial_conditions_shift,2005-03-23,-27,0.04752563685178757
2005-05-03,financial_conditions_shift,2005-03-24,-26,0.04184391349554062
2005-05-03,financial_conditions_shift,2005-03-28,-25,0.03434032201766968
2005-05-03,financial_conditions_shift,2005-03-29,-24,0.030855361372232437
2005-05-03,financial_conditions_shift,2005-03-30,-23,0.028089813888072968
2005-05-03,financial_conditions_shift,2005-03-31,-22,0.029820552095770836
2005-05-03,financial_conditions_shift,2005-04-01,-21,0.0320914126932621
2005-05-03,financial_conditions_shift,2005-04-04,-20,0.035295452922582626
2005-05-03,financial_conditions_shift,2005-04-05,-19,0.0385068878531456
2005-05-03,financial_conditions_shift,2005-04-06,-18,0.04708945006132126
2005-05-03,financial_conditions_shift,2005-04-07,-17,0.047209419310092926
2005-05-03,financial_conditions_shift,2005-04-08,-16,0.03241350129246712
2005-05-03,financial_conditions_shift,2005-04-11,-15,0.029633929952979088
2005-05-03,financial_conditions_shift,2005-04-12,-14,0.030275482684373856
2005-05-03,financial_conditions_shift,2005-04-13,-13,0.026787126436829567
2005-05-03,financial_conditions_shift,2005-04-14,-12,0.02721010521054268
2005-05-03,financial_conditions_shift,2005-04-15,-11,0.027516990900039673
2005-05-03,financial_conditions_shift,2005-04-18,-10,0.02993842214345932
2005-05-03,financial_conditions_shift,2005-04-19,-9,0.03542444109916687
2005-05-03,financial_conditions_shift,2005-04-20,-8,0.04877505078911781
2005-05-03,financial_conditions_shift,2005-04-21,-7,0.03446139395236969
2005-05-03,financial_conditions_shift,2005-04-22,-6,0.041906021535396576
2005-05-03,financial_conditions_shift,2005-04-25,-5,0.04352160915732384
2005-05-03,financial_conditions_shift,2005-04-26,-4,0.034485314041376114
2005-05-03,financial_conditions_shift,2005-04-27,-3,0.031168844550848007
2005-05-03,financial_conditions_shift,2005-04-28,-2,0.03943975642323494
2005-05-03,financial_conditions_shift,2005-04-29,-1,0.03938208892941475
2005-05-03,financial_conditions_shift,2005-05-02,0,0.03499173745512962
2005-05-03,risk_balance_shift,2005-03-23,-27,0.03380307927727699
2005-05-03,risk_balance_shift,2005-03-24,-26,0.03244476392865181
2005-05-03,risk_balance_shift,2005-03-28,-25,0.03312001749873161
2005-05-03,risk_balance_shift,2005-03-29,-24,0.03166300058364868
2005-05-03,risk_balance_shift,2005-03-30,-23,0.03171461820602417
2005-05-03,risk_balance_shift,2005-03-31,-22,0.03174913674592972
2005-05-03,risk_balance_shift,2005-04-01,-21,0.033460602164268494
2005-05-03,risk_balance_shift,2005-04-04,-20,0.03317401558160782
2005-05-03,risk_balance_shift,2005-04-05,-19,0.03805889934301376
2005-05-03,risk_balance_shift,2005-04-06,-18,0.03649593144655228
2005-05-03,risk_balance_shift,2005-04-07,-17,0.0386783629655838
2005-05-03,risk_balance_shift,2005-04-08,-16,0.03598155453801155
2005-05-03,risk_balance_shift,2005-04-11,-15,0.03448783606290817
2005-05-03,risk_balance_shift,2005-04-12,-14,0.036771807819604874
2005-05-03,risk_balance_shift,2005-04-13,-13,0.04091392457485199
2005-05-03,risk_balance_shift,2005-04-14,-12,0.03694107010960579
2005-05-03,risk_balance_shift,2005-04-15,-11,0.03360758721828461
2005-05-03,risk_balance_shift,2005-04-18,-10,0.04234066233038902
2005-05-03,risk_balance_shift,2005-04-19,-9,0.04420667886734009
2005-05-03,risk_balance_shift,2005-04-20,-8,0.04043429344892502
2005-05-03,risk_balance_shift,2005-04-21,-7,0.0379621721804142
2005-05-03,risk_balance_shift,2005-04-22,-6,0.034741565585136414
2005-05-03,risk_balance_shift,2005-04-25,-5,0.03621883690357208
2005-05-03,risk_balance_shift,2005-04-26,-4,0.032616518437862396
2005-05-03,risk_balance_shift,2005-04-27,-3,0.032815128564834595
2005-05-03,risk_balance_shift,2005-04-28,-2,0.03506838157773018
2005-05-03,risk_balance_shift,2005-04-29,-1,0.03640703856945038
2005-05-03,risk_balance_shift,2005-05-02,0,0.03412250801920891
2005-05-03,committee_dispersion,2005-03-23,-27,0.02999453991651535
2005-05-03,committee_dispersion,2005-03-24,-26,0.029336370527744293
2005-05-03,committee_dispersion,2005-03-28,-25,0.032316502183675766
2005-05-03,committee_dispersion,2005-03-29,-24,0.03238024562597275
2005-05-03,committee_dispersion,2005-03-30,-23,0.03375935181975365
2005-05-03,committee_dispersion,2005-03-31,-22,0.033491723239421844
2005-05-03,committee_dispersion,2005-04-01,-21,0.03404286876320839
2005-05-03,committee_dispersion,2005-04-04,-20,0.03322524204850197
2005-05-03,committee_dispersion,2005-04-05,-19,0.036615632474422455
2005-05-03,committee_dispersion,2005-04-06,-18,0.032827526330947876
2005-05-03,committee_dispersion,2005-04-07,-17,0.03525983542203903
2005-05-03,committee_dispersion,2005-04-08,-16,0.03806527331471443
2005-05-03,committee_dispersion,2005-04-11,-15,0.03608894348144531
2005-05-03,committee_dispersion,2005-04-12,-14,0.03802163526415825
2005-05-03,committee_dispersion,2005-04-13,-13,0.04472195729613304
2005-05-03,committee_dispersion,2005-04-14,-12,0.03979452699422836
2005-05-03,committee_dispersion,2005-04-15,-11,0.03646746277809143
2005-05-03,committee_dispersion,2005-04-18,-10,0.0440201535820961
2005-05-03,committee_dispersion,2005-04-19,-9,0.04468771070241928
2005-05-03,committee_dispersion,2005-04-20,-8,0.037454649806022644
2005-05-03,committee_dispersion,2005-04-21,-7,0.039701834321022034
2005-05-03,committee_dispersion,2005-04-22,-6,0.033487673848867416
2005-05-03,committee_dispersion,2005-04-25,-5,0.033163413405418396
2005-05-03,committee_dispersion,2005-04-26,-4,0.032818932086229324
2005-05-03,committee_dispersion,2005-04-27,-3,0.03399508446455002
2005-05-03,committee_dispersion,2005-04-28,-2,0.03342900425195694
2005-05-03,committee_dispersion,2005-04-29,-1,0.03489305451512337
2005-05-03,committee_dispersion,2005-05-02,0,0.03593884035944939
2005-05-03,policy_uncertainty,2005-03-23,-27,0.036160267889499664
2005-05-03,policy_uncertainty,2005-03-24,-26,0.033299148082733154
2005-05-03,policy_uncertainty,2005-03-28,-25,0.032617196440696716
2005-05-03,policy_uncertainty,2005-03-29,-24,0.03078227862715721
2005-05-03,policy_uncertainty,2005-03-30,-23,0.03021608106791973
2005-05-03,policy_uncertainty,2005-03-31,-22,0.030912205576896667
2005-05-03,policy_uncertainty,2005-04-01,-21,0.03321969881653786
2005-05-03,policy_uncertainty,2005-04-04,-20,0.033961571753025055
2005-05-03,policy_uncertainty,2005-04-05,-19,0.03928007185459137
2005-05-03,policy_uncertainty,2005-04-06,-18,0.039570558816194534
2005-05-03,policy_uncertainty,2005-04-07,-17,0.0409286767244339
2005-05-03,policy_uncertainty,2005-04-08,-16,0.03426997736096382
2005-05-03,policy_uncertainty,2005-04-11,-15,0.03276432305574417
2005-05-03,policy_uncertainty,2005-04-12,-14,0.03517388179898262
2005-05-03,policy_uncertainty,2005-04-13,-13,0.036837268620729446
2005-05-03,policy_uncertainty,2005-04-14,-12,0.034883156418800354
2005-05-03,policy_uncertainty,2005-04-15,-11,0.031211625784635544
2005-05-03,policy_uncertainty,2005-04-18,-10,0.0405675508081913
2005-05-03,policy_uncertainty,2005-04-19,-9,0.04394879192113876
2005-05-03,policy_uncertainty,2005-04-20,-8,0.04378696531057358
2005-05-03,policy_uncertainty,2005-04-21,-7,0.03833694010972977
2005-05-03,policy_uncertainty,2005-04-22,-6,0.0364803671836853
2005-05-03,policy_uncertainty,2005-04-25,-5,0.037987157702445984
2005-05-03,policy_uncertainty,2005-04-26,-4,0.03234931454062462
2005-05-03,policy_uncertainty,2005-04-27,-3,0.032196853309869766
2005-05-03,policy_uncertainty,2005-04-28,-2,0.035771749913692474
2005-05-03,policy_uncertainty,2005-04-29,-1,0.03700042888522148
2005-05-03,policy_uncertainty,2005-05-02,0,0.03548591211438179
2005-05-03,forward_guidance_strength,2005-03-23,-27,0.03523522615432739
2005-05-03,forward_guidance_strength,2005-03-24,-26,0.03279781714081764
2005-05-03,forward_guidance_strength,2005-03-28,-25,0.03224323317408562
2005-05-03,forward_guidance_strength,2005-03-29,-24,0.030529946088790894
2005-05-03,forward_guidance_strength,2005-03-30,-23,0.029902586713433266
2005-05-03,forward_guidance_strength,2005-03-31,-22,0.030977889895439148
2005-05-03,forward_guidance_strength,2005-04-01,-21,0.03315526619553566
2005-05-03,forward_guidance_strength,2005-04-04,-20,0.03339526429772377
2005-05-03,forward_guidance_strength,2005-04-05,-19,0.03946388512849808
2005-05-03,forward_guidance_strength,2005-04-06,-18,0.03873974457383156
2005-05-03,forward_guidance_strength,2005-04-07,-17,0.04093369469046593
2005-05-03,forward_guidance_strength,2005-04-08,-16,0.03587351366877556
2005-05-03,forward_guidance_strength,2005-04-11,-15,0.03355555236339569
2005-05-03,forward_guidance_strength,2005-04-12,-14,0.03524661809206009
2005-05-03,forward_guidance_strength,2005-04-13,-13,0.03780130669474602
2005-05-03,forward_guidance_strength,2005-04-14,-12,0.03551387041807175
2005-05-03,forward_guidance_strength,2005-04-15,-11,0.031872037798166275
2005-05-03,forward_guidance_strength,2005-04-18,-10,0.04131651669740677
2005-05-03,forward_guidance_strength,2005-04-19,-9,0.045808833092451096
2005-05-03,forward_guidance_strength,2005-04-20,-8,0.04411593824625015
2005-05-03,forward_guidance_strength,2005-04-21,-7,0.03961023688316345
2005-05-03,forward_guidance_strength,2005-04-22,-6,0.03625676408410072
2005-05-03,forward_guidance_strength,2005-04-25,-5,0.037088192999362946
2005-05-03,forward_guidance_strength,2005-04-26,-4,0.03218124806880951
2005-05-03,forward_guidance_strength,2005-04-27,-3,0.03234689682722092
2005-05-03,forward_guidance_strength,2005-04-28,-2,0.03337002173066139
2005-05-03,forward_guidance_strength,2005-04-29,-1,0.036110781133174896
2005-05-03,forward_guidance_strength,2005-05-02,0,0.03455713763833046
2005-06-30,rate_decision,2005-05-04,-39,0.029195185750722885
2005-06-30,rate_decision,2005-05-05,-38,0.025706002488732338
2005-06-30,rate_decision,2005-05-06,-37,0.024062354117631912
2005-06-30,rate_decision,2005-05-09,-36,0.02363206259906292
2005-06-30,rate_decision,2005-05-10,-35,0.021723316982388496
2005-06-30,rate_decision,2005-05-11,-34,0.02385304495692253
2005-06-30,rate_decision,2005-05-12,-33,0.024621162563562393
2005-06-30,rate_decision,2005-05-13,-32,0.0230709221214056
2005-06-30,rate_decision,2005-05-16,-31,0.022643055766820908
2005-06-30,rate_decision,2005-05-17,-30,0.025875410065054893
2005-06-30,rate_decision,2005-05-18,-29,0.02305171638727188
2005-06-30,rate_decision,2005-05-19,-28,0.020624076947569847
2005-06-30,rate_decision,2005-05-20,-27,0.022321119904518127
2005-06-30,rate_decision,2005-05-23,-26,0.023913158103823662
2005-06-30,rate_decision,2005-05-24,-25,0.02558206394314766
2005-06-30,rate_decision,2005-05-25,-24,0.023378456011414528
2005-06-30,rate_decision,2005-05-26,-23,0.022799160331487656
2005-06-30,rate_decision,2005-05-27,-22,0.022418396547436714
2005-06-30,rate_decision,2005-05-31,-21,0.024530883878469467
2005-06-30,rate_decision,2005-06-01,-20,0.023862943053245544
2005-06-30,rate_decision,2005-06-02,-19,0.025869600474834442
2005-06-30,rate_decision,2005-06-03,-18,0.025150351226329803
2005-06-30,rate_decision,2005-06-06,-17,0.03128626570105553
2005-06-30,rate_decision,2005-06-07,-16,0.029551468789577484
2005-06-30,rate_decision,2005-06-08,-15,0.02818121761083603
2005-06-30,rate_decision,2005-06-09,-14,0.02799462527036667
2005-06-30,rate_decision,2005-06-10,-13,0.026163332164287567
2005-06-30,rate_decision,2005-06-13,-12,0.02370378002524376
2005-06-30,rate_decision,2005-06-14,-11,0.02311018854379654
2005-06-30,rate_decision,2005-06-15,-10,0.023695986717939377
2005-06-30,rate_decision,2005-06-16,-9,0.02408149279654026
2005-06-30,rate_decision,2005-06-17,-8,0.022933535277843475
2005-06-30,rate_decision,2005-06-20,-7,0.023153206333518028
2005-06-30,rate_decision,2005-06-21,-6,0.02503824234008789
2005-06-30,rate_decision,2005-06-22,-5,0.023550033569335938
2005-06-30,rate_decision,2005-06-23,-4,0.02486560121178627
2005-06-30,rate_decision,2005-06-24,-3,0.027121247723698616
2005-06-30,rate_decision,2005-06-27,-2,0.027380526065826416
2005-06-30,rate_decision,2005-06-28,-1,0.030596643686294556
2005-06-30,rate_decision,2005-06-29,0,0.029708102345466614
2005-06-30,current_policy_stance,2005-05-04,-39,0.043548714369535446
2005-06-30,current_policy_stance,2005-05-05,-38,0.03461558371782303
2005-06-30,current_policy_stance,2005-05-06,-37,0.029415063560009003
2005-06-30,current_policy_stance,2005-05-09,-36,0.02487797476351261
2005-06-30,current_policy_stance,2005-05-10,-35,0.022500697523355484
2005-06-30,current_policy_stance,2005-05-11,-34,0.01975519210100174
2005-06-30,current_policy_stance,2005-05-12,-33,0.019020963460206985
2005-06-30,current_policy_stance,2005-05-13,-32,0.017128925770521164
2005-06-30,current_policy_stance,2005-05-16,-31,0.019591830670833588
2005-06-30,current_policy_stance,2005-05-17,-30,0.024257542565464973
2005-06-30,current_policy_stance,2005-05-18,-29,0.028922148048877716
2005-06-30,current_policy_stance,2005-05-19,-28,0.025205519050359726
2005-06-30,current_policy_stance,2005-05-20,-27,0.020371917635202408
2005-06-30,current_policy_stance,2005-05-23,-26,0.020586363971233368
2005-06-30,current_policy_stance,2005-05-24,-25,0.0261511392891407
2005-06-30,current_policy_stance,2005-05-25,-24,0.02586565911769867
2005-06-30,current_policy_stance,2005-05-26,-23,0.021509898826479912
2005-06-30,current_policy_stance,2005-05-27,-22,0.01983933337032795
2005-06-30,current_policy_stance,2005-05-31,-21,0.020389733836054802
2005-06-30,current_policy_stance,2005-06-01,-20,0.020600933581590652
2005-06-30,current_policy_stance,2005-06-02,-19,0.02441110461950302
2005-06-30,current_policy_stance,2005-06-03,-18,0.02617664821445942
2005-06-30,current_policy_stance,2005-06-06,-17,0.026694465428590775
2005-06-30,current_policy_stance,2005-06-07,-16,0.027526862919330597
2005-06-30,current_policy_stance,2005-06-08,-15,0.029909741133451462
2005-06-30,current_policy_stance,2005-06-09,-14,0.025645606219768524
2005-06-30,current_policy_stance,2005-06-10,-13,0.02773354947566986
2005-06-30,current_policy_stance,2005-06-13,-12,0.029421251267194748
2005-06-30,current_policy_stance,2005-06-14,-11,0.026141457259655
2005-06-30,current_policy_stance,2005-06-15,-10,0.025528177618980408
2005-06-30,current_policy_stance,2005-06-16,-9,0.023625386878848076
2005-06-30,current_policy_stance,2005-06-17,-8,0.023325961083173752
2005-06-30,current_policy_stance,2005-06-20,-7,0.020309828221797943
2005-06-30,current_policy_stance,2005-06-21,-6,0.020186927169561386
2005-06-30,current_policy_stance,2005-06-22,-5,0.020199690014123917
2005-06-30,current_policy_stance,2005-06-23,-4,0.020787212997674942
2005-06-30,current_policy_stance,2005-06-24,-3,0.021730434149503708
2005-06-30,current_policy_stance,2005-06-27,-2,0.03554479777812958
2005-06-30,current_policy_stance,2005-06-28,-1,0.0341554693877697
2005-06-30,current_policy_stance,2005-06-29,0,0.0267903134226799
2005-06-30,policy_stance_shift,2005-05-04,-39,0.04358971491456032
2005-06-30,policy_stance_shift,2005-05-05,-38,0.03691987693309784
2005-06-30,policy_stance_shift,2005-05-06,-37,0.029765736311674118
2005-06-30,policy_stance_shift,2005-05-09,-36,0.024691930040717125
2005-06-30,policy_stance_shift,2005-05-10,-35,0.022499294951558113
2005-06-30,policy_stance_shift,2005-05-11,-34,0.01892038807272911
2005-06-30,policy_stance_shift,2005-05-12,-33,0.018763765692710876
2005-06-30,policy_stance_shift,2005-05-13,-32,0.01682521030306816
2005-06-30,policy_stance_shift,2005-05-16,-31,0.01903090439736843
2005-06-30,policy_stance_shift,2005-05-17,-30,0.023032158613204956
2005-06-30,policy_stance_shift,2005-05-18,-29,0.027763918042182922
2005-06-30,policy_stance_shift,2005-05-19,-28,0.024320092052221298
2005-06-30,policy_stance_shift,2005-05-20,-27,0.019832298159599304
2005-06-30,policy_stance_shift,2005-05-23,-26,0.02020951546728611
2005-06-30,policy_stance_shift,2005-05-24,-25,0.025664614513516426
2005-06-30,policy_stance_shift,2005-05-25,-24,0.02461489662528038
2005-06-30,policy_stance_shift,2005-05-26,-23,0.020338451489806175
2005-06-30,policy_stance_shift,2005-05-27,-22,0.018636170774698257
2005-06-30,policy_stance_shift,2005-05-31,-21,0.01946214772760868
2005-06-30,policy_stance_shift,2005-06-01,-20,0.0196773000061512
2005-06-30,policy_stance_shift,2005-06-02,-19,0.02362753450870514
2005-06-30,policy_stance_shift,2005-06-03,-18,0.026430334895849228
2005-06-30,policy_stance_shift,2005-06-06,-17,0.026649652048945427
2005-06-30,policy_stance_shift,2005-06-07,-16,0.02870628610253334
2005-06-30,policy_stance_shift,2005-06-08,-15,0.03082342818379402
2005-06-30,policy_stance_shift,2005-06-09,-14,0.027170665562152863
2005-06-30,policy_stance_shift,2005-06-10,-13,0.02927533909678459
2005-06-30,policy_stance_shift,2005-06-13,-12,0.031000960618257523
2005-06-30,policy_stance_shift,2005-06-14,-11,0.027005715295672417
2005-06-30,policy_stance_shift,2005-06-15,-10,0.02619590237736702
2005-06-30,policy_stance_shift,2005-06-16,-9,0.02443544566631317
2005-06-30,policy_stance_shift,2005-06-17,-8,0.023025384172797203
2005-06-30,policy_stance_shift,2005-06-20,-7,0.019771859049797058
2005-06-30,policy_stance_shift,2005-06-21,-6,0.01990658976137638
2005-06-30,policy_stance_shift,2005-06-22,-5,0.01999499648809433
2005-06-30,policy_stance_shift,2005-06-23,-4,0.0202559195458889
2005-06-30,policy_stance_shift,2005-06-24,-3,0.0220148004591465
2005-06-30,policy_stance_shift,2005-06-27,-2,0.037047699093818665
2005-06-30,policy_stance_shift,2005-06-28,-1,0.03622706979513168
2005-06-30,policy_stance_shift,2005-06-29,0,0.025876067578792572
2005-06-30,expected_rate_path_shift,2005-05-04,-39,0.04297098517417908
2005-06-30,expected_rate_path_shift,2005-05-05,-38,0.03633290156722069
2005-06-30,expected_rate_path_shift,2005-05-06,-37,0.028574803844094276
2005-06-30,expected_rate_path_shift,2005-05-09,-36,0.024067997932434082
2005-06-30,expected_rate_path_shift,2005-05-10,-35,0.021753696724772453
2005-06-30,expected_rate_path_shift,2005-05-11,-34,0.018328294157981873
2005-06-30,expected_rate_path_shift,2005-05-12,-33,0.018458522856235504
2005-06-30,expected_rate_path_shift,2005-05-13,-32,0.016834773123264313
2005-06-30,expected_rate_path_shift,2005-05-16,-31,0.01901434361934662
2005-06-30,expected_rate_path_shift,2005-05-17,-30,0.02320093847811222
2005-06-30,expected_rate_path_shift,2005-05-18,-29,0.02831963077187538
2005-06-30,expected_rate_path_shift,2005-05-19,-28,0.02454591915011406
2005-06-30,expected_rate_path_shift,2005-05-20,-27,0.020036539062857628
2005-06-30,expected_rate_path_shift,2005-05-23,-26,0.020372701808810234
2005-06-30,expected_rate_path_shift,2005-05-24,-25,0.02625541388988495
2005-06-30,expected_rate_path_shift,2005-05-25,-24,0.02583540603518486
2005-06-30,expected_rate_path_shift,2005-05-26,-23,0.02120782807469368
2005-06-30,expected_rate_path_shift,2005-05-27,-22,0.01893133856356144
2005-06-30,expected_rate_path_shift,2005-05-31,-21,0.019352540373802185
2005-06-30,expected_rate_path_shift,2005-06-01,-20,0.019875459372997284
2005-06-30,expected_rate_path_shift,2005-06-02,-19,0.02388167567551136
2005-06-30,expected_rate_path_shift,2005-06-03,-18,0.025875411927700043
2005-06-30,expected_rate_path_shift,2005-06-06,-17,0.026521382853388786
2005-06-30,expected_rate_path_shift,2005-06-07,-16,0.02880186215043068
2005-06-30,expected_rate_path_shift,2005-06-08,-15,0.031198136508464813
2005-06-30,expected_rate_path_shift,2005-06-09,-14,0.027328630909323692
2005-06-30,expected_rate_path_shift,2005-06-10,-13,0.02948172017931938
2005-06-30,expected_rate_path_shift,2005-06-13,-12,0.03066859394311905
2005-06-30,expected_rate_path_shift,2005-06-14,-11,0.026725316420197487
2005-06-30,expected_rate_path_shift,2005-06-15,-10,0.02566349133849144
2005-06-30,expected_rate_path_shift,2005-06-16,-9,0.02383403852581978
2005-06-30,expected_rate_path_shift,2005-06-17,-8,0.022860350087285042
2005-06-30,expected_rate_path_shift,2005-06-20,-7,0.019588440656661987
2005-06-30,expected_rate_path_shift,2005-06-21,-6,0.019837701693177223
2005-06-30,expected_rate_path_shift,2005-06-22,-5,0.020132839679718018
2005-06-30,expected_rate_path_shift,2005-06-23,-4,0.020615104585886
2005-06-30,expected_rate_path_shift,2005-06-24,-3,0.022283334285020828
2005-06-30,expected_rate_path_shift,2005-06-27,-2,0.03739979863166809
2005-06-30,expected_rate_path_shift,2005-06-28,-1,0.03600204735994339
2005-06-30,expected_rate_path_shift,2005-06-29,0,0.02703007124364376
2005-06-30,inflation_assessment_shift,2005-05-04,-39,0.04355017840862274
2005-06-30,inflation_assessment_shift,2005-05-05,-38,0.0410807840526104
2005-06-30,inflation_assessment_shift,2005-05-06,-37,0.030356239527463913
2005-06-30,inflation_assessment_shift,2005-05-09,-36,0.024806180968880653
2005-06-30,inflation_assessment_shift,2005-05-10,-35,0.022018257528543472
2005-06-30,inflation_assessment_shift,2005-05-11,-34,0.018132872879505157
2005-06-30,inflation_assessment_shift,2005-05-12,-33,0.01804790459573269
2005-06-30,inflation_assessment_shift,2005-05-13,-32,0.01668371632695198
2005-06-30,inflation_assessment_shift,2005-05-16,-31,0.01724516786634922
2005-06-30,inflation_assessment_shift,2005-05-17,-30,0.021731369197368622
2005-06-30,inflation_assessment_shift,2005-05-18,-29,0.026948265731334686
2005-06-30,inflation_assessment_shift,2005-05-19,-28,0.02400778979063034
2005-06-30,inflation_assessment_shift,2005-05-20,-27,0.01943470723927021
2005-06-30,inflation_assessment_shift,2005-05-23,-26,0.020710717886686325
2005-06-30,inflation_assessment_shift,2005-05-24,-25,0.025328664109110832
2005-06-30,inflation_assessment_shift,2005-05-25,-24,0.023999623954296112
2005-06-30,inflation_assessment_shift,2005-05-26,-23,0.020341072231531143
2005-06-30,inflation_assessment_shift,2005-05-27,-22,0.018386121839284897
2005-06-30,inflation_assessment_shift,2005-05-31,-21,0.018971987068653107
2005-06-30,inflation_assessment_shift,2005-06-01,-20,0.018745144829154015
2005-06-30,inflation_assessment_shift,2005-06-02,-19,0.021568946540355682
2005-06-30,inflation_assessment_shift,2005-06-03,-18,0.022334061563014984
2005-06-30,inflation_assessment_shift,2005-06-06,-17,0.027539797127246857
2005-06-30,inflation_assessment_shift,2005-06-07,-16,0.029982298612594604
2005-06-30,inflation_assessment_shift,2005-06-08,-15,0.03281702473759651
2005-06-30,inflation_assessment_shift,2005-06-09,-14,0.029594620689749718
2005-06-30,inflation_assessment_shift,2005-06-10,-13,0.03138664364814758
2005-06-30,inflation_assessment_shift,2005-06-13,-12,0.03132073953747749
2005-06-30,inflation_assessment_shift,2005-06-14,-11,0.02712867595255375
2005-06-30,inflation_assessment_shift,2005-06-15,-10,0.026074353605508804
2005-06-30,inflation_assessment_shift,2005-06-16,-9,0.02375943213701248
2005-06-30,inflation_assessment_shift,2005-06-17,-8,0.021867841482162476
2005-06-30,inflation_assessment_shift,2005-06-20,-7,0.01924258843064308
2005-06-30,inflation_assessment_shift,2005-06-21,-6,0.019671838730573654
2005-06-30,inflation_assessment_shift,2005-06-22,-5,0.019528750330209732
2005-06-30,inflation_assessment_shift,2005-06-23,-4,0.01939454860985279
2005-06-30,inflation_assessment_shift,2005-06-24,-3,0.022427698597311974
2005-06-30,inflation_assessment_shift,2005-06-27,-2,0.0371280200779438
2005-06-30,inflation_assessment_shift,2005-06-28,-1,0.03998725488781929
2005-06-30,inflation_assessment_shift,2005-06-29,0,0.02671809494495392
2005-06-30,inflation_risk_shift,2005-05-04,-39,0.04255058616399765
2005-06-30,inflation_risk_shift,2005-05-05,-38,0.03611580282449722
2005-06-30,inflation_risk_shift,2005-05-06,-37,0.02859458513557911
2005-06-30,inflation_risk_shift,2005-05-09,-36,0.02409776672720909
2005-06-30,inflation_risk_shift,2005-05-10,-35,0.022121557965874672
2005-06-30,inflation_risk_shift,2005-05-11,-34,0.01976347714662552
2005-06-30,inflation_risk_shift,2005-05-12,-33,0.019177408888936043
2005-06-30,inflation_risk_shift,2005-05-13,-32,0.01734752207994461
2005-06-30,inflation_risk_shift,2005-05-16,-31,0.01905788853764534
2005-06-30,inflation_risk_shift,2005-05-17,-30,0.02359469048678875
2005-06-30,inflation_risk_shift,2005-05-18,-29,0.027188558131456375
2005-06-30,inflation_risk_shift,2005-05-19,-28,0.023598596453666687
2005-06-30,inflation_risk_shift,2005-05-20,-27,0.020350735634565353
2005-06-30,inflation_risk_shift,2005-05-23,-26,0.020670894533395767
2005-06-30,inflation_risk_shift,2005-05-24,-25,0.026342667639255524
2005-06-30,inflation_risk_shift,2005-05-25,-24,0.024753523990511894
2005-06-30,inflation_risk_shift,2005-05-26,-23,0.020743457600474358
2005-06-30,inflation_risk_shift,2005-05-27,-22,0.019256986677646637
2005-06-30,inflation_risk_shift,2005-05-31,-21,0.0203507412225008
2005-06-30,inflation_risk_shift,2005-06-01,-20,0.02037164568901062
2005-06-30,inflation_risk_shift,2005-06-02,-19,0.023883849382400513
2005-06-30,inflation_risk_shift,2005-06-03,-18,0.026491891592741013
2005-06-30,inflation_risk_shift,2005-06-06,-17,0.02747923508286476
2005-06-30,inflation_risk_shift,2005-06-07,-16,0.02909591794013977
2005-06-30,inflation_risk_shift,2005-06-08,-15,0.030432019382715225
2005-06-30,inflation_risk_shift,2005-06-09,-14,0.02720576897263527
2005-06-30,inflation_risk_shift,2005-06-10,-13,0.02917785570025444
2005-06-30,inflation_risk_shift,2005-06-13,-12,0.03017769381403923
2005-06-30,inflation_risk_shift,2005-06-14,-11,0.026869626715779305
2005-06-30,inflation_risk_shift,2005-06-15,-10,0.026297584176063538
2005-06-30,inflation_risk_shift,2005-06-16,-9,0.024579212069511414
2005-06-30,inflation_risk_shift,2005-06-17,-8,0.023265883326530457
2005-06-30,inflation_risk_shift,2005-06-20,-7,0.020251929759979248
2005-06-30,inflation_risk_shift,2005-06-21,-6,0.02018083818256855
2005-06-30,inflation_risk_shift,2005-06-22,-5,0.020464131608605385
2005-06-30,inflation_risk_shift,2005-06-23,-4,0.02040095441043377
2005-06-30,inflation_risk_shift,2005-06-24,-3,0.022408435121178627
2005-06-30,inflation_risk_shift,2005-06-27,-2,0.034287258982658386
2005-06-30,inflation_risk_shift,2005-06-28,-1,0.03495209664106369
2005-06-30,inflation_risk_shift,2005-06-29,0,0.026048723608255386
2005-06-30,unemployment_assessment_shift,2005-05-04,-39,0.0419604666531086
2005-06-30,unemployment_assessment_shift,2005-05-05,-38,0.03062058426439762
2005-06-30,unemployment_assessment_shift,2005-05-06,-37,0.026500802487134933
2005-06-30,unemployment_assessment_shift,2005-05-09,-36,0.02370898611843586
2005-06-30,unemployment_assessment_shift,2005-05-10,-35,0.022623389959335327
2005-06-30,unemployment_assessment_shift,2005-05-11,-34,0.020934144034981728
2005-06-30,unemployment_assessment_shift,2005-05-12,-33,0.02068508230149746
2005-06-30,unemployment_assessment_shift,2005-05-13,-32,0.018456684425473213
2005-06-30,unemployment_assessment_shift,2005-05-16,-31,0.021546868607401848
2005-06-30,unemployment_assessment_shift,2005-05-17,-30,0.02642054483294487
2005-06-30,unemployment_assessment_shift,2005-05-18,-29,0.028400825336575508
2005-06-30,unemployment_assessment_shift,2005-05-19,-28,0.02540287747979164
2005-06-30,unemployment_assessment_shift,2005-05-20,-27,0.02163483016192913
2005-06-30,unemployment_assessment_shift,2005-05-23,-26,0.021442782133817673
2005-06-30,unemployment_assessment_shift,2005-05-24,-25,0.02654796838760376
2005-06-30,unemployment_assessment_shift,2005-05-25,-24,0.026309149339795113
2005-06-30,unemployment_assessment_shift,2005-05-26,-23,0.022107210010290146
2005-06-30,unemployment_assessment_shift,2005-05-27,-22,0.021042335778474808
2005-06-30,unemployment_assessment_shift,2005-05-31,-21,0.02217765338718891
2005-06-30,unemployment_assessment_shift,2005-06-01,-20,0.022471701726317406
2005-06-30,unemployment_assessment_shift,2005-06-02,-19,0.026622164994478226
2005-06-30,unemployment_assessment_shift,2005-06-03,-18,0.02901303954422474
2005-06-30,unemployment_assessment_shift,2005-06-06,-17,0.027634935453534126
2005-06-30,unemployment_assessment_shift,2005-06-07,-16,0.02643565833568573
2005-06-30,unemployment_assessment_shift,2005-06-08,-15,0.02810048684477806
2005-06-30,unemployment_assessment_shift,2005-06-09,-14,0.024724621325731277
2005-06-30,unemployment_assessment_shift,2005-06-10,-13,0.026099897921085358
2005-06-30,unemployment_assessment_shift,2005-06-13,-12,0.027647312730550766
2005-06-30,unemployment_assessment_shift,2005-06-14,-11,0.025260869413614273
2005-06-30,unemployment_assessment_shift,2005-06-15,-10,0.025210322812199593
2005-06-30,unemployment_assessment_shift,2005-06-16,-9,0.02371002361178398
2005-06-30,unemployment_assessment_shift,2005-06-17,-8,0.023523271083831787
2005-06-30,unemployment_assessment_shift,2005-06-20,-7,0.020778194069862366
2005-06-30,unemployment_assessment_shift,2005-06-21,-6,0.021000221371650696
2005-06-30,unemployment_assessment_shift,2005-06-22,-5,0.02096480317413807
2005-06-30,unemployment_assessment_shift,2005-06-23,-4,0.021955298259854317
2005-06-30,unemployment_assessment_shift,2005-06-24,-3,0.022097330540418625
2005-06-30,unemployment_assessment_shift,2005-06-27,-2,0.033311087638139725
2005-06-30,unemployment_assessment_shift,2005-06-28,-1,0.03002246469259262
2005-06-30,unemployment_assessment_shift,2005-06-29,0,0.02489311620593071
2005-06-30,labor_market_risk_shift,2005-05-04,-39,0.039367176592350006
2005-06-30,labor_market_risk_shift,2005-05-05,-38,0.02913106232881546
2005-06-30,labor_market_risk_shift,2005-05-06,-37,0.027426674962043762
2005-06-30,labor_market_risk_shift,2005-05-09,-36,0.025190584361553192
2005-06-30,labor_market_risk_shift,2005-05-10,-35,0.023564133793115616
2005-06-30,labor_market_risk_shift,2005-05-11,-34,0.02188829891383648
2005-06-30,labor_market_risk_shift,2005-05-12,-33,0.021511055529117584
2005-06-30,labor_market_risk_shift,2005-05-13,-32,0.018962496891617775
2005-06-30,labor_market_risk_shift,2005-05-16,-31,0.023094499483704567
2005-06-30,labor_market_risk_shift,2005-05-17,-30,0.02694513648748398
2005-06-30,labor_market_risk_shift,2005-05-18,-29,0.028599288314580917
2005-06-30,labor_market_risk_shift,2005-05-19,-28,0.0265880785882473
2005-06-30,labor_market_risk_shift,2005-05-20,-27,0.02299383655190468
2005-06-30,labor_market_risk_shift,2005-05-23,-26,0.021515119820833206
2005-06-30,labor_market_risk_shift,2005-05-24,-25,0.025634683668613434
2005-06-30,labor_market_risk_shift,2005-05-25,-24,0.02610892429947853
2005-06-30,labor_market_risk_shift,2005-05-26,-23,0.02196483127772808
2005-06-30,labor_market_risk_shift,2005-05-27,-22,0.021463043987751007
2005-06-30,labor_market_risk_shift,2005-05-31,-21,0.022587064653635025
2005-06-30,labor_market_risk_shift,2005-06-01,-20,0.02278802916407585
2005-06-30,labor_market_risk_shift,2005-06-02,-19,0.026672018691897392
2005-06-30,labor_market_risk_shift,2005-06-03,-18,0.030879303812980652
2005-06-30,labor_market_risk_shift,2005-06-06,-17,0.026464417576789856
2005-06-30,labor_market_risk_shift,2005-06-07,-16,0.024989493191242218
2005-06-30,labor_market_risk_shift,2005-06-08,-15,0.027271131053566933
2005-06-30,labor_market_risk_shift,2005-06-09,-14,0.024142544716596603
2005-06-30,labor_market_risk_shift,2005-06-10,-13,0.025412963703274727
2005-06-30,labor_market_risk_shift,2005-06-13,-12,0.02740747481584549
2005-06-30,labor_market_risk_shift,2005-06-14,-11,0.025230705738067627
2005-06-30,labor_market_risk_shift,2005-06-15,-10,0.024925347417593002
2005-06-30,labor_market_risk_shift,2005-06-16,-9,0.02373374253511429
2005-06-30,labor_market_risk_shift,2005-06-17,-8,0.023783011361956596
2005-06-30,labor_market_risk_shift,2005-06-20,-7,0.021441960707306862
2005-06-30,labor_market_risk_shift,2005-06-21,-6,0.021101368591189384
2005-06-30,labor_market_risk_shift,2005-06-22,-5,0.020611997693777084
2005-06-30,labor_market_risk_shift,2005-06-23,-4,0.021941864863038063
2005-06-30,labor_market_risk_shift,2005-06-24,-3,0.02132447250187397
2005-06-30,labor_market_risk_shift,2005-06-27,-2,0.03190990909934044
2005-06-30,labor_market_risk_shift,2005-06-28,-1,0.028559889644384384
2005-06-30,labor_market_risk_shift,2005-06-29,0,0.024872388690710068
2005-06-30,growth_activity_shift,2005-05-04,-39,0.04168117791414261
2005-06-30,growth_activity_shift,2005-05-05,-38,0.039007000625133514
2005-06-30,growth_activity_shift,2005-05-06,-37,0.02917204052209854
2005-06-30,growth_activity_shift,2005-05-09,-36,0.024608410894870758
2005-06-30,growth_activity_shift,2005-05-10,-35,0.02258867770433426
2005-06-30,growth_activity_shift,2005-05-11,-34,0.018537845462560654
2005-06-30,growth_activity_shift,2005-05-12,-33,0.018648596480488777
2005-06-30,growth_activity_shift,2005-05-13,-32,0.01742416061460972
2005-06-30,growth_activity_shift,2005-05-16,-31,0.018163740634918213
2005-06-30,growth_activity_shift,2005-05-17,-30,0.022097386419773102
2005-06-30,growth_activity_shift,2005-05-18,-29,0.026953890919685364
2005-06-30,growth_activity_shift,2005-05-19,-28,0.02366650104522705
2005-06-30,growth_activity_shift,2005-05-20,-27,0.019789215177297592
2005-06-30,growth_activity_shift,2005-05-23,-26,0.020838463678956032
2005-06-30,growth_activity_shift,2005-05-24,-25,0.025576584041118622
2005-06-30,growth_activity_shift,2005-05-25,-24,0.023868484422564507
2005-06-30,growth_activity_shift,2005-05-26,-23,0.02061503566801548
2005-06-30,growth_activity_shift,2005-05-27,-22,0.018673859536647797
2005-06-30,growth_activity_shift,2005-05-31,-21,0.019232433289289474
2005-06-30,growth_activity_shift,2005-06-01,-20,0.019547274336218834
2005-06-30,growth_activity_shift,2005-06-02,-19,0.02200891636312008
2005-06-30,growth_activity_shift,2005-06-03,-18,0.023938212543725967
2005-06-30,growth_activity_shift,2005-06-06,-17,0.02674805000424385
2005-06-30,growth_activity_shift,2005-06-07,-16,0.02976759895682335
2005-06-30,growth_activity_shift,2005-06-08,-15,0.03189067170023918
2005-06-30,growth_activity_shift,2005-06-09,-14,0.028753187507390976
2005-06-30,growth_activity_shift,2005-06-10,-13,0.030095163732767105
2005-06-30,growth_activity_shift,2005-06-13,-12,0.030530115589499474
2005-06-30,growth_activity_shift,2005-06-14,-11,0.02690841443836689
2005-06-30,growth_activity_shift,2005-06-15,-10,0.026046015322208405
2005-06-30,growth_activity_shift,2005-06-16,-9,0.02411458268761635
2005-06-30,growth_activity_shift,2005-06-17,-8,0.0226784385740757
2005-06-30,growth_activity_shift,2005-06-20,-7,0.019824178889393806
2005-06-30,growth_activity_shift,2005-06-21,-6,0.0200018510222435
2005-06-30,growth_activity_shift,2005-06-22,-5,0.020398663356900215
2005-06-30,growth_activity_shift,2005-06-23,-4,0.020060446113348007
2005-06-30,growth_activity_shift,2005-06-24,-3,0.02272157557308674
2005-06-30,growth_activity_shift,2005-06-27,-2,0.037733692675828934
2005-06-30,growth_activity_shift,2005-06-28,-1,0.03864586353302002
2005-06-30,growth_activity_shift,2005-06-29,0,0.026443583890795708
2005-06-30,financial_conditions_shift,2005-05-04,-39,0.0367596261203289
2005-06-30,financial_conditions_shift,2005-05-05,-38,0.027905523777008057
2005-06-30,financial_conditions_shift,2005-05-06,-37,0.026201166212558746
2005-06-30,financial_conditions_shift,2005-05-09,-36,0.024496203288435936
2005-06-30,financial_conditions_shift,2005-05-10,-35,0.022920211777091026
2005-06-30,financial_conditions_shift,2005-05-11,-34,0.023221783339977264
2005-06-30,financial_conditions_shift,2005-05-12,-33,0.022510427981615067
2005-06-30,financial_conditions_shift,2005-05-13,-32,0.019989892840385437
2005-06-30,financial_conditions_shift,2005-05-16,-31,0.02350624091923237
2005-06-30,financial_conditions_shift,2005-05-17,-30,0.027228018268942833
2005-06-30,financial_conditions_shift,2005-05-18,-29,0.02933591976761818
2005-06-30,financial_conditions_shift,2005-05-19,-28,0.027463871985673904
2005-06-30,financial_conditions_shift,2005-05-20,-27,0.023619946092367172
2005-06-30,financial_conditions_shift,2005-05-23,-26,0.0217953659594059
2005-06-30,financial_conditions_shift,2005-05-24,-25,0.02624865248799324
2005-06-30,financial_conditions_shift,2005-05-25,-24,0.02677639201283455
2005-06-30,financial_conditions_shift,2005-05-26,-23,0.022455835714936256
2005-06-30,financial_conditions_shift,2005-05-27,-22,0.02198662795126438
2005-06-30,financial_conditions_shift,2005-05-31,-21,0.023280587047338486
2005-06-30,financial_conditions_shift,2005-06-01,-20,0.02390178292989731
2005-06-30,financial_conditions_shift,2005-06-02,-19,0.027681659907102585
2005-06-30,financial_conditions_shift,2005-06-03,-18,0.031050387769937515
2005-06-30,financial_conditions_shift,2005-06-06,-17,0.02582991123199463
2005-06-30,financial_conditions_shift,2005-06-07,-16,0.024321703240275383
2005-06-30,financial_conditions_shift,2005-06-08,-15,0.026315540075302124
2005-06-30,financial_conditions_shift,2005-06-09,-14,0.023024097084999084
2005-06-30,financial_conditions_shift,2005-06-10,-13,0.024483870714902878
2005-06-30,financial_conditions_shift,2005-06-13,-12,0.02627379447221756
2005-06-30,financial_conditions_shift,2005-06-14,-11,0.02450554445385933
2005-06-30,financial_conditions_shift,2005-06-15,-10,0.02475486882030964
2005-06-30,financial_conditions_shift,2005-06-16,-9,0.02377459593117237
2005-06-30,financial_conditions_shift,2005-06-17,-8,0.024175230413675308
2005-06-30,financial_conditions_shift,2005-06-20,-7,0.022319016978144646
2005-06-30,financial_conditions_shift,2005-06-21,-6,0.021282872185111046
2005-06-30,financial_conditions_shift,2005-06-22,-5,0.0215881559997797
2005-06-30,financial_conditions_shift,2005-06-23,-4,0.023014601320028305
2005-06-30,financial_conditions_shift,2005-06-24,-3,0.02219899371266365
2005-06-30,financial_conditions_shift,2005-06-27,-2,0.031617894768714905
2005-06-30,financial_conditions_shift,2005-06-28,-1,0.026084406301379204
2005-06-30,financial_conditions_shift,2005-06-29,0,0.02409878745675087
2005-06-30,risk_balance_shift,2005-05-04,-39,0.0351204015314579
2005-06-30,risk_balance_shift,2005-05-05,-38,0.026329832151532173
2005-06-30,risk_balance_shift,2005-05-06,-37,0.025632809847593307
2005-06-30,risk_balance_shift,2005-05-09,-36,0.02443264238536358
2005-06-30,risk_balance_shift,2005-05-10,-35,0.023876164108514786
2005-06-30,risk_balance_shift,2005-05-11,-34,0.024281106889247894
2005-06-30,risk_balance_shift,2005-05-12,-33,0.0233195498585701
2005-06-30,risk_balance_shift,2005-05-13,-32,0.020775100216269493
2005-06-30,risk_balance_shift,2005-05-16,-31,0.023992354050278664
2005-06-30,risk_balance_shift,2005-05-17,-30,0.027462780475616455
2005-06-30,risk_balance_shift,2005-05-18,-29,0.027631450444459915
2005-06-30,risk_balance_shift,2005-05-19,-28,0.025592554360628128
2005-06-30,risk_balance_shift,2005-05-20,-27,0.02355211414396763
2005-06-30,risk_balance_shift,2005-05-23,-26,0.022460682317614555
2005-06-30,risk_balance_shift,2005-05-24,-25,0.02626923844218254
2005-06-30,risk_balance_shift,2005-05-25,-24,0.026604481041431427
2005-06-30,risk_balance_shift,2005-05-26,-23,0.023242419585585594
2005-06-30,risk_balance_shift,2005-05-27,-22,0.02304619923233986
2005-06-30,risk_balance_shift,2005-05-31,-21,0.02444963902235031
2005-06-30,risk_balance_shift,2005-06-01,-20,0.02472897432744503
2005-06-30,risk_balance_shift,2005-06-02,-19,0.02772844210267067
2005-06-30,risk_balance_shift,2005-06-03,-18,0.030030306428670883
2005-06-30,risk_balance_shift,2005-06-06,-17,0.026146162301301956
2005-06-30,risk_balance_shift,2005-06-07,-16,0.02375928871333599
2005-06-30,risk_balance_shift,2005-06-08,-15,0.025223206728696823
2005-06-30,risk_balance_shift,2005-06-09,-14,0.02240382693707943
2005-06-30,risk_balance_shift,2005-06-10,-13,0.023834021762013435
2005-06-30,risk_balance_shift,2005-06-13,-12,0.025951288640499115
2005-06-30,risk_balance_shift,2005-06-14,-11,0.024541474878787994
2005-06-30,risk_balance_shift,2005-06-15,-10,0.025080503895878792
2005-06-30,risk_balance_shift,2005-06-16,-9,0.024396976456046104
2005-06-30,risk_balance_shift,2005-06-17,-8,0.025438493117690086
2005-06-30,risk_balance_shift,2005-06-20,-7,0.023003574460744858
2005-06-30,risk_balance_shift,2005-06-21,-6,0.02232302352786064
2005-06-30,risk_balance_shift,2005-06-22,-5,0.022414881736040115
2005-06-30,risk_balance_shift,2005-06-23,-4,0.023154081776738167
2005-06-30,risk_balance_shift,2005-06-24,-3,0.022104689851403236
2005-06-30,risk_balance_shift,2005-06-27,-2,0.029851213097572327
2005-06-30,risk_balance_shift,2005-06-28,-1,0.025482643395662308
2005-06-30,risk_balance_shift,2005-06-29,0,0.024331390857696533
2005-06-30,committee_dispersion,2005-05-04,-39,0.04086894169449806
2005-06-30,committee_dispersion,2005-05-05,-38,0.043288297951221466
2005-06-30,committee_dispersion,2005-05-06,-37,0.031005162745714188
2005-06-30,committee_dispersion,2005-05-09,-36,0.02410978451371193
2005-06-30,committee_dispersion,2005-05-10,-35,0.021672887727618217
2005-06-30,committee_dispersion,2005-05-11,-34,0.01732690818607807
2005-06-30,committee_dispersion,2005-05-12,-33,0.017739862203598022
2005-06-30,committee_dispersion,2005-05-13,-32,0.017295176163315773
2005-06-30,committee_dispersion,2005-05-16,-31,0.017407409846782684
2005-06-30,committee_dispersion,2005-05-17,-30,0.020131269469857216
2005-06-30,committee_dispersion,2005-05-18,-29,0.026522599160671234
2005-06-30,committee_dispersion,2005-05-19,-28,0.023479733616113663
2005-06-30,committee_dispersion,2005-05-20,-27,0.01889415644109249
2005-06-30,committee_dispersion,2005-05-23,-26,0.020516742020845413
2005-06-30,committee_dispersion,2005-05-24,-25,0.0252391267567873
2005-06-30,committee_dispersion,2005-05-25,-24,0.0234731063246727
2005-06-30,committee_dispersion,2005-05-26,-23,0.020407410338521004
2005-06-30,committee_dispersion,2005-05-27,-22,0.0178770013153553
2005-06-30,committee_dispersion,2005-05-31,-21,0.01787380874156952
2005-06-30,committee_dispersion,2005-06-01,-20,0.018224040046334267
2005-06-30,committee_dispersion,2005-06-02,-19,0.020814351737499237
2005-06-30,committee_dispersion,2005-06-03,-18,0.021160267293453217
2005-06-30,committee_dispersion,2005-06-06,-17,0.026701726019382477
2005-06-30,committee_dispersion,2005-06-07,-16,0.031490348279476166
2005-06-30,committee_dispersion,2005-06-08,-15,0.03364760801196098
2005-06-30,committee_dispersion,2005-06-09,-14,0.030787374824285507
2005-06-30,committee_dispersion,2005-06-10,-13,0.032411690801382065
2005-06-30,committee_dispersion,2005-06-13,-12,0.031792331486940384
2005-06-30,committee_dispersion,2005-06-14,-11,0.02766304835677147
2005-06-30,committee_dispersion,2005-06-15,-10,0.026091288775205612
2005-06-30,committee_dispersion,2005-06-16,-9,0.02410104125738144
2005-06-30,committee_dispersion,2005-06-17,-8,0.02218351699411869
2005-06-30,committee_dispersion,2005-06-20,-7,0.0193646140396595
2005-06-30,committee_dispersion,2005-06-21,-6,0.01935470663011074
2005-06-30,committee_dispersion,2005-06-22,-5,0.020097024738788605
2005-06-30,committee_dispersion,2005-06-23,-4,0.019280433654785156
2005-06-30,committee_dispersion,2005-06-24,-3,0.022884909063577652
2005-06-30,committee_dispersion,2005-06-27,-2,0.038781482726335526
2005-06-30,committee_dispersion,2005-06-28,-1,0.04085925966501236
2005-06-30,committee_dispersion,2005-06-29,0,0.027179548516869545
2005-06-30,policy_uncertainty,2005-05-04,-39,0.04273011162877083
2005-06-30,policy_uncertainty,2005-05-05,-38,0.03378117084503174
2005-06-30,policy_uncertainty,2005-05-06,-37,0.02687060832977295
2005-06-30,policy_uncertainty,2005-05-09,-36,0.02457931824028492
2005-06-30,policy_uncertainty,2005-05-10,-35,0.023376531898975372
2005-06-30,policy_uncertainty,2005-05-11,-34,0.01992826536297798
2005-06-30,policy_uncertainty,2005-05-12,-33,0.020194729790091515
2005-06-30,policy_uncertainty,2005-05-13,-32,0.018141577020287514
2005-06-30,policy_uncertainty,2005-05-16,-31,0.020557021722197533
2005-06-30,policy_uncertainty,2005-05-17,-30,0.02467624843120575
2005-06-30,policy_uncertainty,2005-05-18,-29,0.027881190180778503
2005-06-30,policy_uncertainty,2005-05-19,-28,0.02449137344956398
2005-06-30,policy_uncertainty,2005-05-20,-27,0.02070220187306404
2005-06-30,policy_uncertainty,2005-05-23,-26,0.021134836599230766
2005-06-30,policy_uncertainty,2005-05-24,-25,0.026422688737511635
2005-06-30,policy_uncertainty,2005-05-25,-24,0.025706244632601738
2005-06-30,policy_uncertainty,2005-05-26,-23,0.021609706804156303
2005-06-30,policy_uncertainty,2005-05-27,-22,0.020031291991472244
2005-06-30,policy_uncertainty,2005-05-31,-21,0.02082865498960018
2005-06-30,policy_uncertainty,2005-06-01,-20,0.021009905263781548
2005-06-30,policy_uncertainty,2005-06-02,-19,0.02443748340010643
2005-06-30,policy_uncertainty,2005-06-03,-18,0.027878757566213608
2005-06-30,policy_uncertainty,2005-06-06,-17,0.026683742180466652
2005-06-30,policy_uncertainty,2005-06-07,-16,0.027124926447868347
2005-06-30,policy_uncertainty,2005-06-08,-15,0.029275450855493546
2005-06-30,policy_uncertainty,2005-06-09,-14,0.025815697386860847
2005-06-30,policy_uncertainty,2005-06-10,-13,0.028032580390572548
2005-06-30,policy_uncertainty,2005-06-13,-12,0.030207037925720215
2005-06-30,policy_uncertainty,2005-06-14,-11,0.026686742901802063
2005-06-30,policy_uncertainty,2005-06-15,-10,0.026013631373643875
2005-06-30,policy_uncertainty,2005-06-16,-9,0.02477654442191124
2005-06-30,policy_uncertainty,2005-06-17,-8,0.023696374148130417
2005-06-30,policy_uncertainty,2005-06-20,-7,0.020706631243228912
2005-06-30,policy_uncertainty,2005-06-21,-6,0.020673932507634163
2005-06-30,policy_uncertainty,2005-06-22,-5,0.02063385210931301
2005-06-30,policy_uncertainty,2005-06-23,-4,0.020821454003453255
2005-06-30,policy_uncertainty,2005-06-24,-3,0.021906070411205292
2005-06-30,policy_uncertainty,2005-06-27,-2,0.0336473174393177
2005-06-30,policy_uncertainty,2005-06-28,-1,0.03163498267531395
2005-06-30,policy_uncertainty,2005-06-29,0,0.024693116545677185
2005-06-30,forward_guidance_strength,2005-05-04,-39,0.04355021193623543
2005-06-30,forward_guidance_strength,2005-05-05,-38,0.04184539616107941
2005-06-30,forward_guidance_strength,2005-05-06,-37,0.030553631484508514
2005-06-30,forward_guidance_strength,2005-05-09,-36,0.02409244515001774
2005-06-30,forward_guidance_strength,2005-05-10,-35,0.02164071798324585
2005-06-30,forward_guidance_strength,2005-05-11,-34,0.017306290566921234
2005-06-30,forward_guidance_strength,2005-05-12,-33,0.01779872551560402
2005-06-30,forward_guidance_strength,2005-05-13,-32,0.016907233744859695
2005-06-30,forward_guidance_strength,2005-05-16,-31,0.01759118214249611
2005-06-30,forward_guidance_strength,2005-05-17,-30,0.02135789766907692
2005-06-30,forward_guidance_strength,2005-05-18,-29,0.027306469157338142
2005-06-30,forward_guidance_strength,2005-05-19,-28,0.024124890565872192
2005-06-30,forward_guidance_strength,2005-05-20,-27,0.019029999151825905
2005-06-30,forward_guidance_strength,2005-05-23,-26,0.020271923393011093
2005-06-30,forward_guidance_strength,2005-05-24,-25,0.025034960359334946
2005-06-30,forward_guidance_strength,2005-05-25,-24,0.023511257022619247
2005-06-30,forward_guidance_strength,2005-05-26,-23,0.01998032070696354
2005-06-30,forward_guidance_strength,2005-05-27,-22,0.01797117292881012
2005-06-30,forward_guidance_strength,2005-05-31,-21,0.018221527338027954
2005-06-30,forward_guidance_strength,2005-06-01,-20,0.018657147884368896
2005-06-30,forward_guidance_strength,2005-06-02,-19,0.02153354324400425
2005-06-30,forward_guidance_strength,2005-06-03,-18,0.022706976160407066
2005-06-30,forward_guidance_strength,2005-06-06,-17,0.026984984055161476
2005-06-30,forward_guidance_strength,2005-06-07,-16,0.03042253479361534
2005-06-30,forward_guidance_strength,2005-06-08,-15,0.0334000401198864
2005-06-30,forward_guidance_strength,2005-06-09,-14,0.030013449490070343
2005-06-30,forward_guidance_strength,2005-06-10,-13,0.03163781389594078
2005-06-30,forward_guidance_strength,2005-06-13,-12,0.03146376833319664
2005-06-30,forward_guidance_strength,2005-06-14,-11,0.027176452800631523
2005-06-30,forward_guidance_strength,2005-06-15,-10,0.025812771171331406
2005-06-30,forward_guidance_strength,2005-06-16,-9,0.02378639206290245
2005-06-30,forward_guidance_strength,2005-06-17,-8,0.021649448201060295
2005-06-30,forward_guidance_strength,2005-06-20,-7,0.01888851262629032
2005-06-30,forward_guidance_strength,2005-06-21,-6,0.019211843609809875
2005-06-30,forward_guidance_strength,2005-06-22,-5,0.01960720494389534
2005-06-30,forward_guidance_strength,2005-06-23,-4,0.01962452381849289
2005-06-30,forward_guidance_strength,2005-06-24,-3,0.022617796435952187
2005-06-30,forward_guidance_strength,2005-06-27,-2,0.03931339085102081
2005-06-30,forward_guidance_strength,2005-06-28,-1,0.04053430259227753
2005-06-30,forward_guidance_strength,2005-06-29,0,0.02686084434390068
2005-08-09,rate_decision,2005-07-01,-25,0.04099641367793083
2005-08-09,rate_decision,2005-07-05,-24,0.036917172372341156
2005-08-09,rate_decision,2005-07-06,-23,0.03906802460551262
2005-08-09,rate_decision,2005-07-07,-22,0.040082864463329315
2005-08-09,rate_decision,2005-07-08,-21,0.04023157060146332
2005-08-09,rate_decision,2005-07-11,-20,0.04277016222476959
2005-08-09,rate_decision,2005-07-12,-19,0.042104631662368774
2005-08-09,rate_decision,2005-07-13,-18,0.0399344377219677
2005-08-09,rate_decision,2005-07-14,-17,0.038907844573259354
2005-08-09,rate_decision,2005-07-15,-16,0.037043437361717224
2005-08-09,rate_decision,2005-07-18,-15,0.0375947505235672
2005-08-09,rate_decision,2005-07-19,-14,0.039084792137145996
2005-08-09,rate_decision,2005-07-20,-13,0.038904741406440735
2005-08-09,rate_decision,2005-07-21,-12,0.037119679152965546
2005-08-09,rate_decision,2005-07-22,-11,0.0379730649292469
2005-08-09,rate_decision,2005-07-25,-10,0.037002429366111755
2005-08-09,rate_decision,2005-07-26,-9,0.036861129105091095
2005-08-09,rate_decision,2005-07-27,-8,0.04049014300107956
2005-08-09,rate_decision,2005-07-28,-7,0.039736922830343246
2005-08-09,rate_decision,2005-07-29,-6,0.03951939195394516
2005-08-09,rate_decision,2005-08-01,-5,0.03547048941254616
2005-08-09,rate_decision,2005-08-02,-4,0.03700108826160431
2005-08-09,rate_decision,2005-08-03,-3,0.03682270646095276
2005-08-09,rate_decision,2005-08-04,-2,0.037241511046886444
2005-08-09,rate_decision,2005-08-05,-1,0.034949056804180145
2005-08-09,rate_decision,2005-08-08,0,0.03617154061794281
2005-08-09,current_policy_stance,2005-07-01,-25,0.05972723290324211
2005-08-09,current_policy_stance,2005-07-05,-24,0.03742729499936104
2005-08-09,current_policy_stance,2005-07-06,-23,0.0374189130961895
2005-08-09,current_policy_stance,2005-07-07,-22,0.043483585119247437
2005-08-09,current_policy_stance,2005-07-08,-21,0.04070126265287399
2005-08-09,current_policy_stance,2005-07-11,-20,0.04021664708852768
2005-08-09,current_policy_stance,2005-07-12,-19,0.048101648688316345
2005-08-09,current_policy_stance,2005-07-13,-18,0.04351920634508133
2005-08-09,current_policy_stance,2005-07-14,-17,0.03745264187455177
2005-08-09,current_policy_stance,2005-07-15,-16,0.038542404770851135
2005-08-09,current_policy_stance,2005-07-18,-15,0.03638166934251785
2005-08-09,current_policy_stance,2005-07-19,-14,0.03771156817674637
2005-08-09,current_policy_stance,2005-07-20,-13,0.04137102887034416
2005-08-09,current_policy_stance,2005-07-21,-12,0.03493604436516762
2005-08-09,current_policy_stance,2005-07-22,-11,0.03226016089320183
2005-08-09,current_policy_stance,2005-07-25,-10,0.03719504922628403
2005-08-09,current_policy_stance,2005-07-26,-9,0.031625572592020035
2005-08-09,current_policy_stance,2005-07-27,-8,0.03240777552127838
2005-08-09,current_policy_stance,2005-07-28,-7,0.0380726084113121
2005-08-09,current_policy_stance,2005-07-29,-6,0.040131859481334686
2005-08-09,current_policy_stance,2005-08-01,-5,0.03555438667535782
2005-08-09,current_policy_stance,2005-08-02,-4,0.033983632922172546
2005-08-09,current_policy_stance,2005-08-03,-3,0.03641820326447487
2005-08-09,current_policy_stance,2005-08-04,-2,0.03717181086540222
2005-08-09,current_policy_stance,2005-08-05,-1,0.036913640797138214
2005-08-09,current_policy_stance,2005-08-08,0,0.03127415478229523
2005-08-09,policy_stance_shift,2005-07-01,-25,0.05348828062415123
2005-08-09,policy_stance_shift,2005-07-05,-24,0.036834124475717545
2005-08-09,policy_stance_shift,2005-07-06,-23,0.03691866248846054
2005-08-09,policy_stance_shift,2005-07-07,-22,0.043116964399814606
2005-08-09,policy_stance_shift,2005-07-08,-21,0.04213664308190346
2005-08-09,policy_stance_shift,2005-07-11,-20,0.04111851006746292
2005-08-09,policy_stance_shift,2005-07-12,-19,0.0469827800989151
2005-08-09,policy_stance_shift,2005-07-13,-18,0.04273824021220207
2005-08-09,policy_stance_shift,2005-07-14,-17,0.037526022642850876
2005-08-09,policy_stance_shift,2005-07-15,-16,0.038097821176052094
2005-08-09,policy_stance_shift,2005-07-18,-15,0.038271255791187286
2005-08-09,policy_stance_shift,2005-07-19,-14,0.03864862024784088
2005-08-09,policy_stance_shift,2005-07-20,-13,0.041468966752290726
2005-08-09,policy_stance_shift,2005-07-21,-12,0.03690898045897484
2005-08-09,policy_stance_shift,2005-07-22,-11,0.03228802606463432
2005-08-09,policy_stance_shift,2005-07-25,-10,0.03767676651477814
2005-08-09,policy_stance_shift,2005-07-26,-9,0.032229796051979065
2005-08-09,policy_stance_shift,2005-07-27,-8,0.033751167356967926
2005-08-09,policy_stance_shift,2005-07-28,-7,0.03764553740620613
2005-08-09,policy_stance_shift,2005-07-29,-6,0.038452766835689545
2005-08-09,policy_stance_shift,2005-08-01,-5,0.035025738179683685
2005-08-09,policy_stance_shift,2005-08-02,-4,0.03439176827669144
2005-08-09,policy_stance_shift,2005-08-03,-3,0.03680315986275673
2005-08-09,policy_stance_shift,2005-08-04,-2,0.03736603632569313
2005-08-09,policy_stance_shift,2005-08-05,-1,0.036481041461229324
2005-08-09,policy_stance_shift,2005-08-08,0,0.0336323119699955
2005-08-09,expected_rate_path_shift,2005-07-01,-25,0.05449461191892624
2005-08-09,expected_rate_path_shift,2005-07-05,-24,0.03659268468618393
2005-08-09,expected_rate_path_shift,2005-07-06,-23,0.0365600548684597
2005-08-09,expected_rate_path_shift,2005-07-07,-22,0.04317152500152588
2005-08-09,expected_rate_path_shift,2005-07-08,-21,0.04154253378510475
2005-08-09,expected_rate_path_shift,2005-07-11,-20,0.04064951837062836
2005-08-09,expected_rate_path_shift,2005-07-12,-19,0.04781017452478409
2005-08-09,expected_rate_path_shift,2005-07-13,-18,0.04304469749331474
2005-08-09,expected_rate_path_shift,2005-07-14,-17,0.03723754361271858
2005-08-09,expected_rate_path_shift,2005-07-15,-16,0.03791847079992294
2005-08-09,expected_rate_path_shift,2005-07-18,-15,0.03744121268391609
2005-08-09,expected_rate_path_shift,2005-07-19,-14,0.03807481378316879
2005-08-09,expected_rate_path_shift,2005-07-20,-13,0.042166635394096375
2005-08-09,expected_rate_path_shift,2005-07-21,-12,0.03611228987574577
2005-08-09,expected_rate_path_shift,2005-07-22,-11,0.03244011104106903
2005-08-09,expected_rate_path_shift,2005-07-25,-10,0.03776265308260918
2005-08-09,expected_rate_path_shift,2005-07-26,-9,0.03184331953525543
2005-08-09,expected_rate_path_shift,2005-07-27,-8,0.033074893057346344
2005-08-09,expected_rate_path_shift,2005-07-28,-7,0.03800603747367859
2005-08-09,expected_rate_path_shift,2005-07-29,-6,0.039655428379774094
2005-08-09,expected_rate_path_shift,2005-08-01,-5,0.03542555123567581
2005-08-09,expected_rate_path_shift,2005-08-02,-4,0.034604765474796295
2005-08-09,expected_rate_path_shift,2005-08-03,-3,0.03705529496073723
2005-08-09,expected_rate_path_shift,2005-08-04,-2,0.03811788558959961
2005-08-09,expected_rate_path_shift,2005-08-05,-1,0.03669227659702301
2005-08-09,expected_rate_path_shift,2005-08-08,0,0.03250502422451973
2005-08-09,inflation_assessment_shift,2005-07-01,-25,0.05694422125816345
2005-08-09,inflation_assessment_shift,2005-07-05,-24,0.038186706602573395
2005-08-09,inflation_assessment_shift,2005-07-06,-23,0.038114555180072784
2005-08-09,inflation_assessment_shift,2005-07-07,-22,0.043163854628801346
2005-08-09,inflation_assessment_shift,2005-07-08,-21,0.04158090427517891
2005-08-09,inflation_assessment_shift,2005-07-11,-20,0.04140405356884003
2005-08-09,inflation_assessment_shift,2005-07-12,-19,0.04738062247633934
2005-08-09,inflation_assessment_shift,2005-07-13,-18,0.04313209652900696
2005-08-09,inflation_assessment_shift,2005-07-14,-17,0.03778395056724548
2005-08-09,inflation_assessment_shift,2005-07-15,-16,0.03850319981575012
2005-08-09,inflation_assessment_shift,2005-07-18,-15,0.03712262213230133
2005-08-09,inflation_assessment_shift,2005-07-19,-14,0.038605932146310806
2005-08-09,inflation_assessment_shift,2005-07-20,-13,0.04052775725722313
2005-08-09,inflation_assessment_shift,2005-07-21,-12,0.035288915038108826
2005-08-09,inflation_assessment_shift,2005-07-22,-11,0.03251536935567856
2005-08-09,inflation_assessment_shift,2005-07-25,-10,0.03654687479138374
2005-08-09,inflation_assessment_shift,2005-07-26,-9,0.0316707082092762
2005-08-09,inflation_assessment_shift,2005-07-27,-8,0.033343568444252014
2005-08-09,inflation_assessment_shift,2005-07-28,-7,0.03780420124530792
2005-08-09,inflation_assessment_shift,2005-07-29,-6,0.0390181802213192
2005-08-09,inflation_assessment_shift,2005-08-01,-5,0.03533119708299637
2005-08-09,inflation_assessment_shift,2005-08-02,-4,0.03445037826895714
2005-08-09,inflation_assessment_shift,2005-08-03,-3,0.036417342722415924
2005-08-09,inflation_assessment_shift,2005-08-04,-2,0.03646804019808769
2005-08-09,inflation_assessment_shift,2005-08-05,-1,0.03649146854877472
2005-08-09,inflation_assessment_shift,2005-08-08,0,0.032203301787376404
2005-08-09,inflation_risk_shift,2005-07-01,-25,0.05699983239173889
2005-08-09,inflation_risk_shift,2005-07-05,-24,0.03726394101977348
2005-08-09,inflation_risk_shift,2005-07-06,-23,0.03725697845220566
2005-08-09,inflation_risk_shift,2005-07-07,-22,0.0438842847943306
2005-08-09,inflation_risk_shift,2005-07-08,-21,0.04160083830356598
2005-08-09,inflation_risk_shift,2005-07-11,-20,0.04104906693100929
2005-08-09,inflation_risk_shift,2005-07-12,-19,0.04789993539452553
2005-08-09,inflation_risk_shift,2005-07-13,-18,0.04326915740966797
2005-08-09,inflation_risk_shift,2005-07-14,-17,0.03741510212421417
2005-08-09,inflation_risk_shift,2005-07-15,-16,0.038557980209589005
2005-08-09,inflation_risk_shift,2005-07-18,-15,0.03715018182992935
2005-08-09,inflation_risk_shift,2005-07-19,-14,0.03792623057961464
2005-08-09,inflation_risk_shift,2005-07-20,-13,0.041832663118839264
2005-08-09,inflation_risk_shift,2005-07-21,-12,0.03525367006659508
2005-08-09,inflation_risk_shift,2005-07-22,-11,0.03256703540682793
2005-08-09,inflation_risk_shift,2005-07-25,-10,0.03674876317381859
2005-08-09,inflation_risk_shift,2005-07-26,-9,0.03210846334695816
2005-08-09,inflation_risk_shift,2005-07-27,-8,0.033330563455820084
2005-08-09,inflation_risk_shift,2005-07-28,-7,0.03810470551252365
2005-08-09,inflation_risk_shift,2005-07-29,-6,0.03892378881573677
2005-08-09,inflation_risk_shift,2005-08-01,-5,0.03519079461693764
2005-08-09,inflation_risk_shift,2005-08-02,-4,0.034147270023822784
2005-08-09,inflation_risk_shift,2005-08-03,-3,0.03651472181081772
2005-08-09,inflation_risk_shift,2005-08-04,-2,0.03713003918528557
2005-08-09,inflation_risk_shift,2005-08-05,-1,0.03628012537956238
2005-08-09,inflation_risk_shift,2005-08-08,0,0.031593821942806244
2005-08-09,unemployment_assessment_shift,2005-07-01,-25,0.05103708803653717
2005-08-09,unemployment_assessment_shift,2005-07-05,-24,0.03645559772849083
2005-08-09,unemployment_assessment_shift,2005-07-06,-23,0.037647951394319534
2005-08-09,unemployment_assessment_shift,2005-07-07,-22,0.04269833117723465
2005-08-09,unemployment_assessment_shift,2005-07-08,-21,0.041445665061473846
2005-08-09,unemployment_assessment_shift,2005-07-11,-20,0.040646377950906754
2005-08-09,unemployment_assessment_shift,2005-07-12,-19,0.04674925282597542
2005-08-09,unemployment_assessment_shift,2005-07-13,-18,0.04200941324234009
2005-08-09,unemployment_assessment_shift,2005-07-14,-17,0.03773479908704758
2005-08-09,unemployment_assessment_shift,2005-07-15,-16,0.0383196696639061
2005-08-09,unemployment_assessment_shift,2005-07-18,-15,0.03817707672715187
2005-08-09,unemployment_assessment_shift,2005-07-19,-14,0.03895276412367821
2005-08-09,unemployment_assessment_shift,2005-07-20,-13,0.04108747839927673
2005-08-09,unemployment_assessment_shift,2005-07-21,-12,0.036721520125865936
2005-08-09,unemployment_assessment_shift,2005-07-22,-11,0.032192207872867584
2005-08-09,unemployment_assessment_shift,2005-07-25,-10,0.038444634526968
2005-08-09,unemployment_assessment_shift,2005-07-26,-9,0.032180216163396835
2005-08-09,unemployment_assessment_shift,2005-07-27,-8,0.03453143686056137
2005-08-09,unemployment_assessment_shift,2005-07-28,-7,0.037652719765901566
2005-08-09,unemployment_assessment_shift,2005-07-29,-6,0.03861584514379501
2005-08-09,unemployment_assessment_shift,2005-08-01,-5,0.03492572903633118
2005-08-09,unemployment_assessment_shift,2005-08-02,-4,0.035199135541915894
2005-08-09,unemployment_assessment_shift,2005-08-03,-3,0.0374254509806633
2005-08-09,unemployment_assessment_shift,2005-08-04,-2,0.03802435100078583
2005-08-09,unemployment_assessment_shift,2005-08-05,-1,0.036468490958213806
2005-08-09,unemployment_assessment_shift,2005-08-08,0,0.034656792879104614
2005-08-09,labor_market_risk_shift,2005-07-01,-25,0.03667326271533966
2005-08-09,labor_market_risk_shift,2005-07-05,-24,0.037740714848041534
2005-08-09,labor_market_risk_shift,2005-07-06,-23,0.037414614111185074
2005-08-09,labor_market_risk_shift,2005-07-07,-22,0.03773799538612366
2005-08-09,labor_market_risk_shift,2005-07-08,-21,0.03999405354261398
2005-08-09,labor_market_risk_shift,2005-07-11,-20,0.038835108280181885
2005-08-09,labor_market_risk_shift,2005-07-12,-19,0.039207786321640015
2005-08-09,labor_market_risk_shift,2005-07-13,-18,0.037528783082962036
2005-08-09,labor_market_risk_shift,2005-07-14,-17,0.03804225102066994
2005-08-09,labor_market_risk_shift,2005-07-15,-16,0.03712473437190056
2005-08-09,labor_market_risk_shift,2005-07-18,-15,0.04098740965127945
2005-08-09,labor_market_risk_shift,2005-07-19,-14,0.03946246579289436
2005-08-09,labor_market_risk_shift,2005-07-20,-13,0.038661129772663116
2005-08-09,labor_market_risk_shift,2005-07-21,-12,0.04029356315732002
2005-08-09,labor_market_risk_shift,2005-07-22,-11,0.034987080842256546
2005-08-09,labor_market_risk_shift,2005-07-25,-10,0.03965570405125618
2005-08-09,labor_market_risk_shift,2005-07-26,-9,0.03638136759400368
2005-08-09,labor_market_risk_shift,2005-07-27,-8,0.03811874985694885
2005-08-09,labor_market_risk_shift,2005-07-28,-7,0.03624316304922104
2005-08-09,labor_market_risk_shift,2005-07-29,-6,0.03675955906510353
2005-08-09,labor_market_risk_shift,2005-08-01,-5,0.037354301661252975
2005-08-09,labor_market_risk_shift,2005-08-02,-4,0.03875192999839783
2005-08-09,labor_market_risk_shift,2005-08-03,-3,0.03973226249217987
2005-08-09,labor_market_risk_shift,2005-08-04,-2,0.040430016815662384
2005-08-09,labor_market_risk_shift,2005-08-05,-1,0.03847415745258331
2005-08-09,labor_market_risk_shift,2005-08-08,0,0.043407853692770004
2005-08-09,growth_activity_shift,2005-07-01,-25,0.05787359178066254
2005-08-09,growth_activity_shift,2005-07-05,-24,0.03771310672163963
2005-08-09,growth_activity_shift,2005-07-06,-23,0.037830449640750885
2005-08-09,growth_activity_shift,2005-07-07,-22,0.04382896423339844
2005-08-09,growth_activity_shift,2005-07-08,-21,0.04105954244732857
2005-08-09,growth_activity_shift,2005-07-11,-20,0.04038934037089348
2005-08-09,growth_activity_shift,2005-07-12,-19,0.04695802181959152
2005-08-09,growth_activity_shift,2005-07-13,-18,0.043096594512462616
2005-08-09,growth_activity_shift,2005-07-14,-17,0.037514060735702515
2005-08-09,growth_activity_shift,2005-07-15,-16,0.03866199031472206
2005-08-09,growth_activity_shift,2005-07-18,-15,0.036685504019260406
2005-08-09,growth_activity_shift,2005-07-19,-14,0.03801966458559036
2005-08-09,growth_activity_shift,2005-07-20,-13,0.04156218096613884
2005-08-09,growth_activity_shift,2005-07-21,-12,0.03507868945598602
2005-08-09,growth_activity_shift,2005-07-22,-11,0.03286141902208328
2005-08-09,growth_activity_shift,2005-07-25,-10,0.03693603724241257
2005-08-09,growth_activity_shift,2005-07-26,-9,0.03240911290049553
2005-08-09,growth_activity_shift,2005-07-27,-8,0.03328530490398407
2005-08-09,growth_activity_shift,2005-07-28,-7,0.03832024708390236
2005-08-09,growth_activity_shift,2005-07-29,-6,0.0390981063246727
2005-08-09,growth_activity_shift,2005-08-01,-5,0.035476572811603546
2005-08-09,growth_activity_shift,2005-08-02,-4,0.034215301275253296
2005-08-09,growth_activity_shift,2005-08-03,-3,0.036459241062402725
2005-08-09,growth_activity_shift,2005-08-04,-2,0.036827780306339264
2005-08-09,growth_activity_shift,2005-08-05,-1,0.03652253374457359
2005-08-09,growth_activity_shift,2005-08-08,0,0.03131663799285889
2005-08-09,financial_conditions_shift,2005-07-01,-25,0.0609864704310894
2005-08-09,financial_conditions_shift,2005-07-05,-24,0.037836309522390366
2005-08-09,financial_conditions_shift,2005-07-06,-23,0.037481639534235
2005-08-09,financial_conditions_shift,2005-07-07,-22,0.0441763699054718
2005-08-09,financial_conditions_shift,2005-07-08,-21,0.04104963690042496
2005-08-09,financial_conditions_shift,2005-07-11,-20,0.04019704461097717
2005-08-09,financial_conditions_shift,2005-07-12,-19,0.04728531837463379
2005-08-09,financial_conditions_shift,2005-07-13,-18,0.0438530258834362
2005-08-09,financial_conditions_shift,2005-07-14,-17,0.03743722289800644
2005-08-09,financial_conditions_shift,2005-07-15,-16,0.03887515887618065
2005-08-09,financial_conditions_shift,2005-07-18,-15,0.03623291850090027
2005-08-09,financial_conditions_shift,2005-07-19,-14,0.03733275085687637
2005-08-09,financial_conditions_shift,2005-07-20,-13,0.041770778596401215
2005-08-09,financial_conditions_shift,2005-07-21,-12,0.03494363650679588
2005-08-09,financial_conditions_shift,2005-07-22,-11,0.03278983384370804
2005-08-09,financial_conditions_shift,2005-07-25,-10,0.03626976162195206
2005-08-09,financial_conditions_shift,2005-07-26,-9,0.03213692456483841
2005-08-09,financial_conditions_shift,2005-07-27,-8,0.03253832459449768
2005-08-09,financial_conditions_shift,2005-07-28,-7,0.03827953338623047
2005-08-09,financial_conditions_shift,2005-07-29,-6,0.03967347741127014
2005-08-09,financial_conditions_shift,2005-08-01,-5,0.0356830395758152
2005-08-09,financial_conditions_shift,2005-08-02,-4,0.033789973706007004
2005-08-09,financial_conditions_shift,2005-08-03,-3,0.03615343198180199
2005-08-09,financial_conditions_shift,2005-08-04,-2,0.03662620484828949
2005-08-09,financial_conditions_shift,2005-08-05,-1,0.03679089993238449
2005-08-09,financial_conditions_shift,2005-08-08,0,0.029810305684804916
2005-08-09,risk_balance_shift,2005-07-01,-25,0.04218851029872894
2005-08-09,risk_balance_shift,2005-07-05,-24,0.036980289965867996
2005-08-09,risk_balance_shift,2005-07-06,-23,0.03762403503060341
2005-08-09,risk_balance_shift,2005-07-07,-22,0.040041595697402954
2005-08-09,risk_balance_shift,2005-07-08,-21,0.04033426195383072
2005-08-09,risk_balance_shift,2005-07-11,-20,0.03939147666096687
2005-08-09,risk_balance_shift,2005-07-12,-19,0.04230270907282829
2005-08-09,risk_balance_shift,2005-07-13,-18,0.0394926443696022
2005-08-09,risk_balance_shift,2005-07-14,-17,0.03798503428697586
2005-08-09,risk_balance_shift,2005-07-15,-16,0.0382683202624321
2005-08-09,risk_balance_shift,2005-07-18,-15,0.03925687074661255
2005-08-09,risk_balance_shift,2005-07-19,-14,0.039434973150491714
2005-08-09,risk_balance_shift,2005-07-20,-13,0.04027934372425079
2005-08-09,risk_balance_shift,2005-07-21,-12,0.0397200882434845
2005-08-09,risk_balance_shift,2005-07-22,-11,0.034099169075489044
2005-08-09,risk_balance_shift,2005-07-25,-10,0.039626847952604294
2005-08-09,risk_balance_shift,2005-07-26,-9,0.03426090255379677
2005-08-09,risk_balance_shift,2005-07-27,-8,0.03621259331703186
2005-08-09,risk_balance_shift,2005-07-28,-7,0.037370700389146805
2005-08-09,risk_balance_shift,2005-07-29,-6,0.03705992549657822
2005-08-09,risk_balance_shift,2005-08-01,-5,0.03582777827978134
2005-08-09,risk_balance_shift,2005-08-02,-4,0.03674233704805374
2005-08-09,risk_balance_shift,2005-08-03,-3,0.03885233402252197
2005-08-09,risk_balance_shift,2005-08-04,-2,0.039590124040842056
2005-08-09,risk_balance_shift,2005-08-05,-1,0.03804551064968109
2005-08-09,risk_balance_shift,2005-08-08,0,0.03901161998510361
2005-08-09,committee_dispersion,2005-07-01,-25,0.030879201367497444
2005-08-09,committee_dispersion,2005-07-05,-24,0.038058698177337646
2005-08-09,committee_dispersion,2005-07-06,-23,0.03731323778629303
2005-08-09,committee_dispersion,2005-07-07,-22,0.036264318972826004
2005-08-09,committee_dispersion,2005-07-08,-21,0.038971953094005585
2005-08-09,committee_dispersion,2005-07-11,-20,0.03811025992035866
2005-08-09,committee_dispersion,2005-07-12,-19,0.035660240799188614
2005-08-09,committee_dispersion,2005-07-13,-18,0.03554656729102135
2005-08-09,committee_dispersion,2005-07-14,-17,0.03784416243433952
2005-08-09,committee_dispersion,2005-07-15,-16,0.036848071962594986
2005-08-09,committee_dispersion,2005-07-18,-15,0.041293513029813766
2005-08-09,committee_dispersion,2005-07-19,-14,0.03917931765317917
2005-08-09,committee_dispersion,2005-07-20,-13,0.03750569000840187
2005-08-09,committee_dispersion,2005-07-21,-12,0.04130687192082405
2005-08-09,committee_dispersion,2005-07-22,-11,0.037583041936159134
2005-08-09,committee_dispersion,2005-07-25,-10,0.04007662460207939
2005-08-09,committee_dispersion,2005-07-26,-9,0.038967642933130264
2005-08-09,committee_dispersion,2005-07-27,-8,0.04045509919524193
2005-08-09,committee_dispersion,2005-07-28,-7,0.03676231577992439
2005-08-09,committee_dispersion,2005-07-29,-6,0.03615083545446396
2005-08-09,committee_dispersion,2005-08-01,-5,0.03843417763710022
2005-08-09,committee_dispersion,2005-08-02,-4,0.0399780198931694
2005-08-09,committee_dispersion,2005-08-03,-3,0.04034949094057083
2005-08-09,committee_dispersion,2005-08-04,-2,0.04092954844236374
2005-08-09,committee_dispersion,2005-08-05,-1,0.03880232200026512
2005-08-09,committee_dispersion,2005-08-08,0,0.04672876372933388
2005-08-09,policy_uncertainty,2005-07-01,-25,0.02966984733939171
2005-08-09,policy_uncertainty,2005-07-05,-24,0.03763623535633087
2005-08-09,policy_uncertainty,2005-07-06,-23,0.037534940987825394
2005-08-09,policy_uncertainty,2005-07-07,-22,0.03612525388598442
2005-08-09,policy_uncertainty,2005-07-08,-21,0.03887389972805977
2005-08-09,policy_uncertainty,2005-07-11,-20,0.03818719461560249
2005-08-09,policy_uncertainty,2005-07-12,-19,0.035934630781412125
2005-08-09,policy_uncertainty,2005-07-13,-18,0.03574708104133606
2005-08-09,policy_uncertainty,2005-07-14,-17,0.03789495304226875
2005-08-09,policy_uncertainty,2005-07-15,-16,0.036871347576379776
2005-08-09,policy_uncertainty,2005-07-18,-15,0.041382767260074615
2005-08-09,policy_uncertainty,2005-07-19,-14,0.0396290123462677
2005-08-09,policy_uncertainty,2005-07-20,-13,0.03721078112721443
2005-08-09,policy_uncertainty,2005-07-21,-12,0.04151647165417671
2005-08-09,policy_uncertainty,2005-07-22,-11,0.03775644302368164
2005-08-09,policy_uncertainty,2005-07-25,-10,0.040073275566101074
2005-08-09,policy_uncertainty,2005-07-26,-9,0.0389532744884491
2005-08-09,policy_uncertainty,2005-07-27,-8,0.04037008434534073
2005-08-09,policy_uncertainty,2005-07-28,-7,0.03682911396026611
2005-08-09,policy_uncertainty,2005-07-29,-6,0.036038048565387726
2005-08-09,policy_uncertainty,2005-08-01,-5,0.03845948725938797
2005-08-09,policy_uncertainty,2005-08-02,-4,0.040302857756614685
2005-08-09,policy_uncertainty,2005-08-03,-3,0.040899451822042465
2005-08-09,policy_uncertainty,2005-08-04,-2,0.040666528046131134
2005-08-09,policy_uncertainty,2005-08-05,-1,0.038516562432050705
2005-08-09,policy_uncertainty,2005-08-08,0,0.04692043364048004
2005-08-09,forward_guidance_strength,2005-07-01,-25,0.05426021292805672
2005-08-09,forward_guidance_strength,2005-07-05,-24,0.03773320093750954
2005-08-09,forward_guidance_strength,2005-07-06,-23,0.03755065053701401
2005-08-09,forward_guidance_strength,2005-07-07,-22,0.042897071689367294
2005-08-09,forward_guidance_strength,2005-07-08,-21,0.041725412011146545
2005-08-09,forward_guidance_strength,2005-07-11,-20,0.04055321216583252
2005-08-09,forward_guidance_strength,2005-07-12,-19,0.046232759952545166
2005-08-09,forward_guidance_strength,2005-07-13,-18,0.042028799653053284
2005-08-09,forward_guidance_strength,2005-07-14,-17,0.03763370215892792
2005-08-09,forward_guidance_strength,2005-07-15,-16,0.03837376460433006
2005-08-09,forward_guidance_strength,2005-07-18,-15,0.0379808135330677
2005-08-09,forward_guidance_strength,2005-07-19,-14,0.038646597415208817
2005-08-09,forward_guidance_strength,2005-07-20,-13,0.04086938127875328
2005-08-09,forward_guidance_strength,2005-07-21,-12,0.0362151637673378
2005-08-09,forward_guidance_strength,2005-07-22,-11,0.032383039593696594
2005-08-09,forward_guidance_strength,2005-07-25,-10,0.03746002912521362
2005-08-09,forward_guidance_strength,2005-07-26,-9,0.032288696616888046
2005-08-09,forward_guidance_strength,2005-07-27,-8,0.03384988754987717
2005-08-09,forward_guidance_strength,2005-07-28,-7,0.0372186079621315
2005-08-09,forward_guidance_strength,2005-07-29,-6,0.03854655474424362
2005-08-09,forward_guidance_strength,2005-08-01,-5,0.035097911953926086
2005-08-09,forward_guidance_strength,2005-08-02,-4,0.03491482138633728
2005-08-09,forward_guidance_strength,2005-08-03,-3,0.03726211562752724
2005-08-09,forward_guidance_strength,2005-08-04,-2,0.03789368271827698
2005-08-09,forward_guidance_strength,2005-08-05,-1,0.03675241768360138
2005-08-09,forward_guidance_strength,2005-08-08,0,0.03363147750496864
2005-09-20,rate_decision,2005-08-10,-27,0.03080686554312706
2005-09-20,rate_decision,2005-08-11,-26,0.03241594135761261
2005-09-20,rate_decision,2005-08-12,-25,0.0337408073246479
2005-09-20,rate_decision,2005-08-15,-24,0.033824171870946884
2005-09-20,rate_decision,2005-08-16,-23,0.0370708703994751
2005-09-20,rate_decision,2005-08-17,-22,0.03615277633070946
2005-09-20,rate_decision,2005-08-18,-21,0.03700399771332741
2005-09-20,rate_decision,2005-08-19,-20,0.03560303896665573
2005-09-20,rate_decision,2005-08-22,-19,0.035378411412239075
2005-09-20,rate_decision,2005-08-23,-18,0.037345968186855316
2005-09-20,rate_decision,2005-08-24,-17,0.03604770079255104
2005-09-20,rate_decision,2005-08-25,-16,0.03380122780799866
2005-09-20,rate_decision,2005-08-26,-15,0.03209324926137924
2005-09-20,rate_decision,2005-08-29,-14,0.031979747116565704
2005-09-20,rate_decision,2005-08-30,-13,0.03347095102071762
2005-09-20,rate_decision,2005-08-31,-12,0.03480501472949982
2005-09-20,rate_decision,2005-09-01,-11,0.03694097697734833
2005-09-20,rate_decision,2005-09-02,-10,0.041090164333581924
2005-09-20,rate_decision,2005-09-06,-9,0.042870860546827316
2005-09-20,rate_decision,2005-09-07,-8,0.04000965133309364
2005-09-20,rate_decision,2005-09-08,-7,0.03765587508678436
2005-09-20,rate_decision,2005-09-09,-6,0.03321683779358864
2005-09-20,rate_decision,2005-09-12,-5,0.03475015237927437
2005-09-20,rate_decision,2005-09-13,-4,0.03875744715332985
2005-09-20,rate_decision,2005-09-14,-3,0.03746721148490906
2005-09-20,rate_decision,2005-09-15,-2,0.03612491115927696
2005-09-20,rate_decision,2005-09-16,-1,0.03477580472826958
2005-09-20,rate_decision,2005-09-19,0,0.03479935601353645
2005-09-20,current_policy_stance,2005-08-10,-27,0.024478677660226822
2005-09-20,current_policy_stance,2005-08-11,-26,0.025851299986243248
2005-09-20,current_policy_stance,2005-08-12,-25,0.027257952839136124
2005-09-20,current_policy_stance,2005-08-15,-24,0.027387866750359535
2005-09-20,current_policy_stance,2005-08-16,-23,0.030757952481508255
2005-09-20,current_policy_stance,2005-08-17,-22,0.030602453276515007
2005-09-20,current_policy_stance,2005-08-18,-21,0.03356940299272537
2005-09-20,current_policy_stance,2005-08-19,-20,0.0331270694732666
2005-09-20,current_policy_stance,2005-08-22,-19,0.03274134173989296
2005-09-20,current_policy_stance,2005-08-23,-18,0.03060184232890606
2005-09-20,current_policy_stance,2005-08-24,-17,0.033312954008579254
2005-09-20,current_policy_stance,2005-08-25,-16,0.0341094434261322
2005-09-20,current_policy_stance,2005-08-26,-15,0.030973339453339577
2005-09-20,current_policy_stance,2005-08-29,-14,0.02668801322579384
2005-09-20,current_policy_stance,2005-08-30,-13,0.026909857988357544
2005-09-20,current_policy_stance,2005-08-31,-12,0.028330009430646896
2005-09-20,current_policy_stance,2005-09-01,-11,0.034213658422231674
2005-09-20,current_policy_stance,2005-09-02,-10,0.04625978320837021
2005-09-20,current_policy_stance,2005-09-06,-9,0.05810368433594704
2005-09-20,current_policy_stance,2005-09-07,-8,0.05898337438702583
2005-09-20,current_policy_stance,2005-09-08,-7,0.048048533499240875
2005-09-20,current_policy_stance,2005-09-09,-6,0.0421992763876915
2005-09-20,current_policy_stance,2005-09-12,-5,0.038704000413417816
2005-09-20,current_policy_stance,2005-09-13,-4,0.038189757615327835
2005-09-20,current_policy_stance,2005-09-14,-3,0.0442725270986557
2005-09-20,current_policy_stance,2005-09-15,-2,0.04855905845761299
2005-09-20,current_policy_stance,2005-09-16,-1,0.03447243198752403
2005-09-20,current_policy_stance,2005-09-19,0,0.03129443898797035
2005-09-20,policy_stance_shift,2005-08-10,-27,0.025271549820899963
2005-09-20,policy_stance_shift,2005-08-11,-26,0.02603277564048767
2005-09-20,policy_stance_shift,2005-08-12,-25,0.027679022401571274
2005-09-20,policy_stance_shift,2005-08-15,-24,0.03043907694518566
2005-09-20,policy_stance_shift,2005-08-16,-23,0.02947220206260681
2005-09-20,policy_stance_shift,2005-08-17,-22,0.03059373050928116
2005-09-20,policy_stance_shift,2005-08-18,-21,0.029959362000226974
2005-09-20,policy_stance_shift,2005-08-19,-20,0.03108992613852024
2005-09-20,policy_stance_shift,2005-08-22,-19,0.031390231102705
2005-09-20,policy_stance_shift,2005-08-23,-18,0.029925938695669174
2005-09-20,policy_stance_shift,2005-08-24,-17,0.03195755556225777
2005-09-20,policy_stance_shift,2005-08-25,-16,0.032032813876867294
2005-09-20,policy_stance_shift,2005-08-26,-15,0.03067672811448574
2005-09-20,policy_stance_shift,2005-08-29,-14,0.027601420879364014
2005-09-20,policy_stance_shift,2005-08-30,-13,0.029401101171970367
2005-09-20,policy_stance_shift,2005-08-31,-12,0.030023280531167984
2005-09-20,policy_stance_shift,2005-09-01,-11,0.03539646416902542
2005-09-20,policy_stance_shift,2005-09-02,-10,0.04452494531869888
2005-09-20,policy_stance_shift,2005-09-06,-9,0.05935198813676834
2005-09-20,policy_stance_shift,2005-09-07,-8,0.05938299000263214
2005-09-20,policy_stance_shift,2005-09-08,-7,0.047704197466373444
2005-09-20,policy_stance_shift,2005-09-09,-6,0.040777068585157394
2005-09-20,policy_stance_shift,2005-09-12,-5,0.04035353288054466
2005-09-20,policy_stance_shift,2005-09-13,-4,0.03554810583591461
2005-09-20,policy_stance_shift,2005-09-14,-3,0.044517882168293
2005-09-20,policy_stance_shift,2005-09-15,-2,0.04557619243860245
2005-09-20,policy_stance_shift,2005-09-16,-1,0.03677783161401749
2005-09-20,policy_stance_shift,2005-09-19,0,0.03654209524393082
2005-09-20,expected_rate_path_shift,2005-08-10,-27,0.023405801504850388
2005-09-20,expected_rate_path_shift,2005-08-11,-26,0.02492891624569893
2005-09-20,expected_rate_path_shift,2005-08-12,-25,0.02663346193730831
2005-09-20,expected_rate_path_shift,2005-08-15,-24,0.028162909671664238
2005-09-20,expected_rate_path_shift,2005-08-16,-23,0.03011428564786911
2005-09-20,expected_rate_path_shift,2005-08-17,-22,0.030552081763744354
2005-09-20,expected_rate_path_shift,2005-08-18,-21,0.032006993889808655
2005-09-20,expected_rate_path_shift,2005-08-19,-20,0.03256278112530708
2005-09-20,expected_rate_path_shift,2005-08-22,-19,0.032098229974508286
2005-09-20,expected_rate_path_shift,2005-08-23,-18,0.030197352170944214
2005-09-20,expected_rate_path_shift,2005-08-24,-17,0.032709814608097076
2005-09-20,expected_rate_path_shift,2005-08-25,-16,0.03318438678979874
2005-09-20,expected_rate_path_shift,2005-08-26,-15,0.030380841344594955
2005-09-20,expected_rate_path_shift,2005-08-29,-14,0.02610543929040432
2005-09-20,expected_rate_path_shift,2005-08-30,-13,0.027096420526504517
2005-09-20,expected_rate_path_shift,2005-08-31,-12,0.028526559472084045
2005-09-20,expected_rate_path_shift,2005-09-01,-11,0.03507860749959946
2005-09-20,expected_rate_path_shift,2005-09-02,-10,0.04667864739894867
2005-09-20,expected_rate_path_shift,2005-09-06,-9,0.06082991510629654
2005-09-20,expected_rate_path_shift,2005-09-07,-8,0.05951715260744095
2005-09-20,expected_rate_path_shift,2005-09-08,-7,0.04800324887037277
2005-09-20,expected_rate_path_shift,2005-09-09,-6,0.04151689261198044
2005-09-20,expected_rate_path_shift,2005-09-12,-5,0.03912268951535225
2005-09-20,expected_rate_path_shift,2005-09-13,-4,0.0371754914522171
2005-09-20,expected_rate_path_shift,2005-09-14,-3,0.045928485691547394
2005-09-20,expected_rate_path_shift,2005-09-15,-2,0.04995587840676308
2005-09-20,expected_rate_path_shift,2005-09-16,-1,0.035073891282081604
2005-09-20,expected_rate_path_shift,2005-09-19,0,0.03245279937982559
2005-09-20,inflation_assessment_shift,2005-08-10,-27,0.02546105720102787
2005-09-20,inflation_assessment_shift,2005-08-11,-26,0.025798428803682327
2005-09-20,inflation_assessment_shift,2005-08-12,-25,0.026788681745529175
2005-09-20,inflation_assessment_shift,2005-08-15,-24,0.029178867116570473
2005-09-20,inflation_assessment_shift,2005-08-16,-23,0.029593687504529953
2005-09-20,inflation_assessment_shift,2005-08-17,-22,0.030270511284470558
2005-09-20,inflation_assessment_shift,2005-08-18,-21,0.031513310968875885
2005-09-20,inflation_assessment_shift,2005-08-19,-20,0.03128822147846222
2005-09-20,inflation_assessment_shift,2005-08-22,-19,0.03192918375134468
2005-09-20,inflation_assessment_shift,2005-08-23,-18,0.030054308474063873
2005-09-20,inflation_assessment_shift,2005-08-24,-17,0.03201635926961899
2005-09-20,inflation_assessment_shift,2005-08-25,-16,0.032262980937957764
2005-09-20,inflation_assessment_shift,2005-08-26,-15,0.030813932418823242
2005-09-20,inflation_assessment_shift,2005-08-29,-14,0.02790207788348198
2005-09-20,inflation_assessment_shift,2005-08-30,-13,0.029477231204509735
2005-09-20,inflation_assessment_shift,2005-08-31,-12,0.030415859073400497
2005-09-20,inflation_assessment_shift,2005-09-01,-11,0.036267444491386414
2005-09-20,inflation_assessment_shift,2005-09-02,-10,0.046967893838882446
2005-09-20,inflation_assessment_shift,2005-09-06,-9,0.059521839022636414
2005-09-20,inflation_assessment_shift,2005-09-07,-8,0.06001541018486023
2005-09-20,inflation_assessment_shift,2005-09-08,-7,0.04886648431420326
2005-09-20,inflation_assessment_shift,2005-09-09,-6,0.041230928152799606
2005-09-20,inflation_assessment_shift,2005-09-12,-5,0.03999931365251541
2005-09-20,inflation_assessment_shift,2005-09-13,-4,0.03531528264284134
2005-09-20,inflation_assessment_shift,2005-09-14,-3,0.04282326251268387
2005-09-20,inflation_assessment_shift,2005-09-15,-2,0.044431816786527634
2005-09-20,inflation_assessment_shift,2005-09-16,-1,0.035606395453214645
2005-09-20,inflation_assessment_shift,2005-09-19,0,0.03418924659490585
2005-09-20,inflation_risk_shift,2005-08-10,-27,0.02405683510005474
2005-09-20,inflation_risk_shift,2005-08-11,-26,0.02576177753508091
2005-09-20,inflation_risk_shift,2005-08-12,-25,0.027677886188030243
2005-09-20,inflation_risk_shift,2005-08-15,-24,0.0276795644313097
2005-09-20,inflation_risk_shift,2005-08-16,-23,0.03029865026473999
2005-09-20,inflation_risk_shift,2005-08-17,-22,0.029863128438591957
2005-09-20,inflation_risk_shift,2005-08-18,-21,0.03237044811248779
2005-09-20,inflation_risk_shift,2005-08-19,-20,0.03173025697469711
2005-09-20,inflation_risk_shift,2005-08-22,-19,0.0321543924510479
2005-09-20,inflation_risk_shift,2005-08-23,-18,0.030290186405181885
2005-09-20,inflation_risk_shift,2005-08-24,-17,0.03280876949429512
2005-09-20,inflation_risk_shift,2005-08-25,-16,0.03258506953716278
2005-09-20,inflation_risk_shift,2005-08-26,-15,0.029465168714523315
2005-09-20,inflation_risk_shift,2005-08-29,-14,0.025815440341830254
2005-09-20,inflation_risk_shift,2005-08-30,-13,0.02685471996665001
2005-09-20,inflation_risk_shift,2005-08-31,-12,0.028418513014912605
2005-09-20,inflation_risk_shift,2005-09-01,-11,0.03414767608046532
2005-09-20,inflation_risk_shift,2005-09-02,-10,0.046121083199977875
2005-09-20,inflation_risk_shift,2005-09-06,-9,0.05920477584004402
2005-09-20,inflation_risk_shift,2005-09-07,-8,0.05938214063644409
2005-09-20,inflation_risk_shift,2005-09-08,-7,0.04774880409240723
2005-09-20,inflation_risk_shift,2005-09-09,-6,0.042684510350227356
2005-09-20,inflation_risk_shift,2005-09-12,-5,0.03999808430671692
2005-09-20,inflation_risk_shift,2005-09-13,-4,0.03949546813964844
2005-09-20,inflation_risk_shift,2005-09-14,-3,0.04620081186294556
2005-09-20,inflation_risk_shift,2005-09-15,-2,0.05012219026684761
2005-09-20,inflation_risk_shift,2005-09-16,-1,0.03487294167280197
2005-09-20,inflation_risk_shift,2005-09-19,0,0.032190725207328796
2005-09-20,unemployment_assessment_shift,2005-08-10,-27,0.0243076179176569
2005-09-20,unemployment_assessment_shift,2005-08-11,-26,0.025760356336832047
2005-09-20,unemployment_assessment_shift,2005-08-12,-25,0.027262002229690552
2005-09-20,unemployment_assessment_shift,2005-08-15,-24,0.02875017188489437
2005-09-20,unemployment_assessment_shift,2005-08-16,-23,0.029999349266290665
2005-09-20,unemployment_assessment_shift,2005-08-17,-22,0.030542731285095215
2005-09-20,unemployment_assessment_shift,2005-08-18,-21,0.03190869092941284
2005-09-20,unemployment_assessment_shift,2005-08-19,-20,0.03181779384613037
2005-09-20,unemployment_assessment_shift,2005-08-22,-19,0.031896356493234634
2005-09-20,unemployment_assessment_shift,2005-08-23,-18,0.030089452862739563
2005-09-20,unemployment_assessment_shift,2005-08-24,-17,0.03251906856894493
2005-09-20,unemployment_assessment_shift,2005-08-25,-16,0.03222031891345978
2005-09-20,unemployment_assessment_shift,2005-08-26,-15,0.03013029508292675
2005-09-20,unemployment_assessment_shift,2005-08-29,-14,0.026536207646131516
2005-09-20,unemployment_assessment_shift,2005-08-30,-13,0.028132323175668716
2005-09-20,unemployment_assessment_shift,2005-08-31,-12,0.029452865943312645
2005-09-20,unemployment_assessment_shift,2005-09-01,-11,0.035895705223083496
2005-09-20,unemployment_assessment_shift,2005-09-02,-10,0.0470958910882473
2005-09-20,unemployment_assessment_shift,2005-09-06,-9,0.06072431430220604
2005-09-20,unemployment_assessment_shift,2005-09-07,-8,0.0601511113345623
2005-09-20,unemployment_assessment_shift,2005-09-08,-7,0.04786379635334015
2005-09-20,unemployment_assessment_shift,2005-09-09,-6,0.04095502942800522
2005-09-20,unemployment_assessment_shift,2005-09-12,-5,0.03942926600575447
2005-09-20,unemployment_assessment_shift,2005-09-13,-4,0.03717795014381409
2005-09-20,unemployment_assessment_shift,2005-09-14,-3,0.04456143453717232
2005-09-20,unemployment_assessment_shift,2005-09-15,-2,0.04696834832429886
2005-09-20,unemployment_assessment_shift,2005-09-16,-1,0.03481494262814522
2005-09-20,unemployment_assessment_shift,2005-09-19,0,0.03303662687540054
2005-09-20,labor_market_risk_shift,2005-08-10,-27,0.024596769362688065
2005-09-20,labor_market_risk_shift,2005-08-11,-26,0.025668296962976456
2005-09-20,labor_market_risk_shift,2005-08-12,-25,0.02652670629322529
2005-09-20,labor_market_risk_shift,2005-08-15,-24,0.027009759098291397
2005-09-20,labor_market_risk_shift,2005-08-16,-23,0.029355891048908234
2005-09-20,labor_market_risk_shift,2005-08-17,-22,0.030133694410324097
2005-09-20,labor_market_risk_shift,2005-08-18,-21,0.03201942890882492
2005-09-20,labor_market_risk_shift,2005-08-19,-20,0.032067183405160904
2005-09-20,labor_market_risk_shift,2005-08-22,-19,0.03185069561004639
2005-09-20,labor_market_risk_shift,2005-08-23,-18,0.029644567519426346
2005-09-20,labor_market_risk_shift,2005-08-24,-17,0.03206087648868561
2005-09-20,labor_market_risk_shift,2005-08-25,-16,0.03292837738990784
2005-09-20,labor_market_risk_shift,2005-08-26,-15,0.030317626893520355
2005-09-20,labor_market_risk_shift,2005-08-29,-14,0.02623712457716465
2005-09-20,labor_market_risk_shift,2005-08-30,-13,0.026829907670617104
2005-09-20,labor_market_risk_shift,2005-08-31,-12,0.02808237262070179
2005-09-20,labor_market_risk_shift,2005-09-01,-11,0.03445225954055786
2005-09-20,labor_market_risk_shift,2005-09-02,-10,0.04684727266430855
2005-09-20,labor_market_risk_shift,2005-09-06,-9,0.06121530756354332
2005-09-20,labor_market_risk_shift,2005-09-07,-8,0.06133275479078293
2005-09-20,labor_market_risk_shift,2005-09-08,-7,0.04886673763394356
2005-09-20,labor_market_risk_shift,2005-09-09,-6,0.04292687773704529
2005-09-20,labor_market_risk_shift,2005-09-12,-5,0.039825744926929474
2005-09-20,labor_market_risk_shift,2005-09-13,-4,0.038754165172576904
2005-09-20,labor_market_risk_shift,2005-09-14,-3,0.04433967173099518
2005-09-20,labor_market_risk_shift,2005-09-15,-2,0.049417223781347275
2005-09-20,labor_market_risk_shift,2005-09-16,-1,0.034891098737716675
2005-09-20,labor_market_risk_shift,2005-09-19,0,0.03180164471268654
2005-09-20,growth_activity_shift,2005-08-10,-27,0.03669453412294388
2005-09-20,growth_activity_shift,2005-08-11,-26,0.03439901024103165
2005-09-20,growth_activity_shift,2005-08-12,-25,0.034742921590805054
2005-09-20,growth_activity_shift,2005-08-15,-24,0.037595994770526886
2005-09-20,growth_activity_shift,2005-08-16,-23,0.033338554203510284
2005-09-20,growth_activity_shift,2005-08-17,-22,0.03469616547226906
2005-09-20,growth_activity_shift,2005-08-18,-21,0.0314931683242321
2005-09-20,growth_activity_shift,2005-08-19,-20,0.0340646393597126
2005-09-20,growth_activity_shift,2005-08-22,-19,0.03407283499836922
2005-09-20,growth_activity_shift,2005-08-23,-18,0.033840764313936234
2005-09-20,growth_activity_shift,2005-08-24,-17,0.0338696613907814
2005-09-20,growth_activity_shift,2005-08-25,-16,0.03433996066451073
2005-09-20,growth_activity_shift,2005-08-26,-15,0.03675725311040878
2005-09-20,growth_activity_shift,2005-08-29,-14,0.03662519156932831
2005-09-20,growth_activity_shift,2005-08-30,-13,0.03745906427502632
2005-09-20,growth_activity_shift,2005-08-31,-12,0.03734714537858963
2005-09-20,growth_activity_shift,2005-09-01,-11,0.03767751157283783
2005-09-20,growth_activity_shift,2005-09-02,-10,0.03512318432331085
2005-09-20,growth_activity_shift,2005-09-06,-9,0.03826788812875748
2005-09-20,growth_activity_shift,2005-09-07,-8,0.04017500579357147
2005-09-20,growth_activity_shift,2005-09-08,-7,0.038807403296232224
2005-09-20,growth_activity_shift,2005-09-09,-6,0.03593282401561737
2005-09-20,growth_activity_shift,2005-09-12,-5,0.037162527441978455
2005-09-20,growth_activity_shift,2005-09-13,-4,0.032249100506305695
2005-09-20,growth_activity_shift,2005-09-14,-3,0.03499551862478256
2005-09-20,growth_activity_shift,2005-09-15,-2,0.03283055126667023
2005-09-20,growth_activity_shift,2005-09-16,-1,0.036110229790210724
2005-09-20,growth_activity_shift,2005-09-19,0,0.039331428706645966
2005-09-20,financial_conditions_shift,2005-08-10,-27,0.04024292156100273
2005-09-20,financial_conditions_shift,2005-08-11,-26,0.03679375723004341
2005-09-20,financial_conditions_shift,2005-08-12,-25,0.036932699382305145
2005-09-20,financial_conditions_shift,2005-08-15,-24,0.03955058753490448
2005-09-20,financial_conditions_shift,2005-08-16,-23,0.03446260467171669
2005-09-20,financial_conditions_shift,2005-08-17,-22,0.036209817975759506
2005-09-20,financial_conditions_shift,2005-08-18,-21,0.032070718705654144
2005-09-20,financial_conditions_shift,2005-08-19,-20,0.03511667251586914
2005-09-20,financial_conditions_shift,2005-08-22,-19,0.034520041197538376
2005-09-20,financial_conditions_shift,2005-08-23,-18,0.03464699164032936
2005-09-20,financial_conditions_shift,2005-08-24,-17,0.03421910107135773
2005-09-20,financial_conditions_shift,2005-08-25,-16,0.03495725989341736
2005-09-20,financial_conditions_shift,2005-08-26,-15,0.038402363657951355
2005-09-20,financial_conditions_shift,2005-08-29,-14,0.039198629558086395
2005-09-20,financial_conditions_shift,2005-08-30,-13,0.03932935371994972
2005-09-20,financial_conditions_shift,2005-08-31,-12,0.03860170394182205
2005-09-20,financial_conditions_shift,2005-09-01,-11,0.03762187063694
2005-09-20,financial_conditions_shift,2005-09-02,-10,0.03281303122639656
2005-09-20,financial_conditions_shift,2005-09-06,-9,0.03316682577133179
2005-09-20,financial_conditions_shift,2005-09-07,-8,0.0347510427236557
2005-09-20,financial_conditions_shift,2005-09-08,-7,0.03527040407061577
2005-09-20,financial_conditions_shift,2005-09-09,-6,0.03388037905097008
2005-09-20,financial_conditions_shift,2005-09-12,-5,0.035831477493047714
2005-09-20,financial_conditions_shift,2005-09-13,-4,0.031990643590688705
2005-09-20,financial_conditions_shift,2005-09-14,-3,0.03335924446582794
2005-09-20,financial_conditions_shift,2005-09-15,-2,0.03119717910885811
2005-09-20,financial_conditions_shift,2005-09-16,-1,0.03598276525735855
2005-09-20,financial_conditions_shift,2005-09-19,0,0.03887990117073059
2005-09-20,risk_balance_shift,2005-08-10,-27,0.030833764001727104
2005-09-20,risk_balance_shift,2005-08-11,-26,0.030241042375564575
2005-09-20,risk_balance_shift,2005-08-12,-25,0.03164589777588844
2005-09-20,risk_balance_shift,2005-08-15,-24,0.033936116844415665
2005-09-20,risk_balance_shift,2005-08-16,-23,0.031189685687422752
2005-09-20,risk_balance_shift,2005-08-17,-22,0.03247809782624245
2005-09-20,risk_balance_shift,2005-08-18,-21,0.030665475875139236
2005-09-20,risk_balance_shift,2005-08-19,-20,0.032528653740882874
2005-09-20,risk_balance_shift,2005-08-22,-19,0.03234471380710602
2005-09-20,risk_balance_shift,2005-08-23,-18,0.03172243386507034
2005-09-20,risk_balance_shift,2005-08-24,-17,0.03314293920993805
2005-09-20,risk_balance_shift,2005-08-25,-16,0.03282969444990158
2005-09-20,risk_balance_shift,2005-08-26,-15,0.03306874260306358
2005-09-20,risk_balance_shift,2005-08-29,-14,0.031141281127929688
2005-09-20,risk_balance_shift,2005-08-30,-13,0.033079467713832855
2005-09-20,risk_balance_shift,2005-08-31,-12,0.03312018886208534
2005-09-20,risk_balance_shift,2005-09-01,-11,0.036672443151474
2005-09-20,risk_balance_shift,2005-09-02,-10,0.040241144597530365
2005-09-20,risk_balance_shift,2005-09-06,-9,0.04881351441144943
2005-09-20,risk_balance_shift,2005-09-07,-8,0.05006280541419983
2005-09-20,risk_balance_shift,2005-09-08,-7,0.044327352195978165
2005-09-20,risk_balance_shift,2005-09-09,-6,0.03841659054160118
2005-09-20,risk_balance_shift,2005-09-12,-5,0.039154451340436935
2005-09-20,risk_balance_shift,2005-09-13,-4,0.03331244736909866
2005-09-20,risk_balance_shift,2005-09-14,-3,0.04070174694061279
2005-09-20,risk_balance_shift,2005-09-15,-2,0.040631696581840515
2005-09-20,risk_balance_shift,2005-09-16,-1,0.03641912341117859
2005-09-20,risk_balance_shift,2005-09-19,0,0.03727845847606659
2005-09-20,committee_dispersion,2005-08-10,-27,0.03585871309041977
2005-09-20,committee_dispersion,2005-08-11,-26,0.033439889550209045
2005-09-20,committee_dispersion,2005-08-12,-25,0.034393683075904846
2005-09-20,committee_dispersion,2005-08-15,-24,0.03711533173918724
2005-09-20,committee_dispersion,2005-08-16,-23,0.03319200128316879
2005-09-20,committee_dispersion,2005-08-17,-22,0.03427860140800476
2005-09-20,committee_dispersion,2005-08-18,-21,0.0313408188521862
2005-09-20,committee_dispersion,2005-08-19,-20,0.033931393176317215
2005-09-20,committee_dispersion,2005-08-22,-19,0.03361179679632187
2005-09-20,committee_dispersion,2005-08-23,-18,0.03348706290125847
2005-09-20,committee_dispersion,2005-08-24,-17,0.033671826124191284
2005-09-20,committee_dispersion,2005-08-25,-16,0.03422587737441063
2005-09-20,committee_dispersion,2005-08-26,-15,0.03626030310988426
2005-09-20,committee_dispersion,2005-08-29,-14,0.035706181079149246
2005-09-20,committee_dispersion,2005-08-30,-13,0.036450743675231934
2005-09-20,committee_dispersion,2005-08-31,-12,0.03631149232387543
2005-09-20,committee_dispersion,2005-09-01,-11,0.03710245341062546
2005-09-20,committee_dispersion,2005-09-02,-10,0.035760704427957535
2005-09-20,committee_dispersion,2005-09-06,-9,0.04012148082256317
2005-09-20,committee_dispersion,2005-09-07,-8,0.042166147381067276
2005-09-20,committee_dispersion,2005-09-08,-7,0.03948182985186577
2005-09-20,committee_dispersion,2005-09-09,-6,0.035985369235277176
2005-09-20,committee_dispersion,2005-09-12,-5,0.037008512765169144
2005-09-20,committee_dispersion,2005-09-13,-4,0.032402850687503815
2005-09-20,committee_dispersion,2005-09-14,-3,0.03643733635544777
2005-09-20,committee_dispersion,2005-09-15,-2,0.03464375436306
2005-09-20,committee_dispersion,2005-09-16,-1,0.036701932549476624
2005-09-20,committee_dispersion,2005-09-19,0,0.03891192004084587
2005-09-20,policy_uncertainty,2005-08-10,-27,0.02429393120110035
2005-09-20,policy_uncertainty,2005-08-11,-26,0.02601158432662487
2005-09-20,policy_uncertainty,2005-08-12,-25,0.0273208636790514
2005-09-20,policy_uncertainty,2005-08-15,-24,0.028875771909952164
2005-09-20,policy_uncertainty,2005-08-16,-23,0.030018530786037445
2005-09-20,policy_uncertainty,2005-08-17,-22,0.03046320378780365
2005-09-20,policy_uncertainty,2005-08-18,-21,0.03175890073180199
2005-09-20,policy_uncertainty,2005-08-19,-20,0.031616970896720886
2005-09-20,policy_uncertainty,2005-08-22,-19,0.03186948597431183
2005-09-20,policy_uncertainty,2005-08-23,-18,0.029849737882614136
2005-09-20,policy_uncertainty,2005-08-24,-17,0.03245079144835472
2005-09-20,policy_uncertainty,2005-08-25,-16,0.032578133046627045
2005-09-20,policy_uncertainty,2005-08-26,-15,0.030137907713651657
2005-09-20,policy_uncertainty,2005-08-29,-14,0.026315120980143547
2005-09-20,policy_uncertainty,2005-08-30,-13,0.02791404537856579
2005-09-20,policy_uncertainty,2005-08-31,-12,0.02897804044187069
2005-09-20,policy_uncertainty,2005-09-01,-11,0.035182222723960876
2005-09-20,policy_uncertainty,2005-09-02,-10,0.04572546109557152
2005-09-20,policy_uncertainty,2005-09-06,-9,0.059074766933918
2005-09-20,policy_uncertainty,2005-09-07,-8,0.05857665091753006
2005-09-20,policy_uncertainty,2005-09-08,-7,0.04728436842560768
2005-09-20,policy_uncertainty,2005-09-09,-6,0.04108026996254921
2005-09-20,policy_uncertainty,2005-09-12,-5,0.04002443701028824
2005-09-20,policy_uncertainty,2005-09-13,-4,0.038071781396865845
2005-09-20,policy_uncertainty,2005-09-14,-3,0.04589229077100754
2005-09-20,policy_uncertainty,2005-09-15,-2,0.04984625428915024
2005-09-20,policy_uncertainty,2005-09-16,-1,0.034941356629133224
2005-09-20,policy_uncertainty,2005-09-19,0,0.033847108483314514
2005-09-20,forward_guidance_strength,2005-08-10,-27,0.029356099665164948
2005-09-20,forward_guidance_strength,2005-08-11,-26,0.028551766648888588
2005-09-20,forward_guidance_strength,2005-08-12,-25,0.029309749603271484
2005-09-20,forward_guidance_strength,2005-08-15,-24,0.03219284117221832
2005-09-20,forward_guidance_strength,2005-08-16,-23,0.03039219230413437
2005-09-20,forward_guidance_strength,2005-08-17,-22,0.031945861876010895
2005-09-20,forward_guidance_strength,2005-08-18,-21,0.030755365267395973
2005-09-20,forward_guidance_strength,2005-08-19,-20,0.03185972943902016
2005-09-20,forward_guidance_strength,2005-08-22,-19,0.03209090232849121
2005-09-20,forward_guidance_strength,2005-08-23,-18,0.03079405054450035
2005-09-20,forward_guidance_strength,2005-08-24,-17,0.0321870893239975
2005-09-20,forward_guidance_strength,2005-08-25,-16,0.03253183513879776
2005-09-20,forward_guidance_strength,2005-08-26,-15,0.032671403139829636
2005-09-20,forward_guidance_strength,2005-08-29,-14,0.03020101599395275
2005-09-20,forward_guidance_strength,2005-08-30,-13,0.03178618848323822
2005-09-20,forward_guidance_strength,2005-08-31,-12,0.03235438093543053
2005-09-20,forward_guidance_strength,2005-09-01,-11,0.03737561032176018
2005-09-20,forward_guidance_strength,2005-09-02,-10,0.042876049876213074
2005-09-20,forward_guidance_strength,2005-09-06,-9,0.054239604622125626
2005-09-20,forward_guidance_strength,2005-09-07,-8,0.055318351835012436
2005-09-20,forward_guidance_strength,2005-09-08,-7,0.04662171006202698
2005-09-20,forward_guidance_strength,2005-09-09,-6,0.039555102586746216
2005-09-20,forward_guidance_strength,2005-09-12,-5,0.03907772898674011
2005-09-20,forward_guidance_strength,2005-09-13,-4,0.03364148736000061
2005-09-20,forward_guidance_strength,2005-09-14,-3,0.04015802592039108
2005-09-20,forward_guidance_strength,2005-09-15,-2,0.04037587344646454
2005-09-20,forward_guidance_strength,2005-09-16,-1,0.035914044827222824
2005-09-20,forward_guidance_strength,2005-09-19,0,0.03586594760417938
2005-11-01,rate_decision,2005-09-21,-27,0.04229982569813728
2005-11-01,rate_decision,2005-09-22,-26,0.04406372085213661
2005-11-01,rate_decision,2005-09-23,-25,0.04257652908563614
2005-11-01,rate_decision,2005-09-26,-24,0.03855741769075394
2005-11-01,rate_decision,2005-09-27,-23,0.038283560425043106
2005-11-01,rate_decision,2005-09-28,-22,0.038747381418943405
2005-11-01,rate_decision,2005-09-29,-21,0.03823314607143402
2005-11-01,rate_decision,2005-09-30,-20,0.03467276692390442
2005-11-01,rate_decision,2005-10-03,-19,0.033756788820028305
2005-11-01,rate_decision,2005-10-04,-18,0.0349908247590065
2005-11-01,rate_decision,2005-10-05,-17,0.03495510667562485
2005-11-01,rate_decision,2005-10-06,-16,0.03603130578994751
2005-11-01,rate_decision,2005-10-07,-15,0.03611511364579201
2005-11-01,rate_decision,2005-10-11,-14,0.03601830452680588
2005-11-01,rate_decision,2005-10-12,-13,0.03426511958241463
2005-11-01,rate_decision,2005-10-13,-12,0.032913558185100555
2005-11-01,rate_decision,2005-10-14,-11,0.03131669759750366
2005-11-01,rate_decision,2005-10-17,-10,0.03207124024629593
2005-11-01,rate_decision,2005-10-18,-9,0.03239986300468445
2005-11-01,rate_decision,2005-10-19,-8,0.03218529000878334
2005-11-01,rate_decision,2005-10-20,-7,0.035670433193445206
2005-11-01,rate_decision,2005-10-21,-6,0.03721768409013748
2005-11-01,rate_decision,2005-10-24,-5,0.03677653148770332
2005-11-01,rate_decision,2005-10-25,-4,0.03438332676887512
2005-11-01,rate_decision,2005-10-26,-3,0.0347561314702034
2005-11-01,rate_decision,2005-10-27,-2,0.03194231912493706
2005-11-01,rate_decision,2005-10-28,-1,0.030801504850387573
2005-11-01,rate_decision,2005-10-31,0,0.033998504281044006
2005-11-01,current_policy_stance,2005-09-21,-27,0.04583505541086197
2005-11-01,current_policy_stance,2005-09-22,-26,0.055224038660526276
2005-11-01,current_policy_stance,2005-09-23,-25,0.05627913028001785
2005-11-01,current_policy_stance,2005-09-26,-24,0.04725602641701698
2005-11-01,current_policy_stance,2005-09-27,-23,0.039972975850105286
2005-11-01,current_policy_stance,2005-09-28,-22,0.03683607280254364
2005-11-01,current_policy_stance,2005-09-29,-21,0.03703996539115906
2005-11-01,current_policy_stance,2005-09-30,-20,0.0337558314204216
2005-11-01,current_policy_stance,2005-10-03,-19,0.03183804824948311
2005-11-01,current_policy_stance,2005-10-04,-18,0.03270334005355835
2005-11-01,current_policy_stance,2005-10-05,-17,0.029923679307103157
2005-11-01,current_policy_stance,2005-10-06,-16,0.028525670990347862
2005-11-01,current_policy_stance,2005-10-07,-15,0.03066413849592209
2005-11-01,current_policy_stance,2005-10-11,-14,0.03550396114587784
2005-11-01,current_policy_stance,2005-10-12,-13,0.033116742968559265
2005-11-01,current_policy_stance,2005-10-13,-12,0.03397570177912712
2005-11-01,current_policy_stance,2005-10-14,-11,0.03203003108501434
2005-11-01,current_policy_stance,2005-10-17,-10,0.031864091753959656
2005-11-01,current_policy_stance,2005-10-18,-9,0.02803690917789936
2005-11-01,current_policy_stance,2005-10-19,-8,0.027214519679546356
2005-11-01,current_policy_stance,2005-10-20,-7,0.026481546461582184
2005-11-01,current_policy_stance,2005-10-21,-6,0.03252881392836571
2005-11-01,current_policy_stance,2005-10-24,-5,0.04133618623018265
2005-11-01,current_policy_stance,2005-10-25,-4,0.03742050379514694
2005-11-01,current_policy_stance,2005-10-26,-3,0.03637446463108063
2005-11-01,current_policy_stance,2005-10-27,-2,0.0352170467376709
2005-11-01,current_policy_stance,2005-10-28,-1,0.032595448195934296
2005-11-01,current_policy_stance,2005-10-31,0,0.030450070276856422
2005-11-01,policy_stance_shift,2005-09-21,-27,0.04676298052072525
2005-11-01,policy_stance_shift,2005-09-22,-26,0.0595959909260273
2005-11-01,policy_stance_shift,2005-09-23,-25,0.05823161453008652
2005-11-01,policy_stance_shift,2005-09-26,-24,0.04652269929647446
2005-11-01,policy_stance_shift,2005-09-27,-23,0.039987873286008835
2005-11-01,policy_stance_shift,2005-09-28,-22,0.03718903660774231
2005-11-01,policy_stance_shift,2005-09-29,-21,0.037796203047037125
2005-11-01,policy_stance_shift,2005-09-30,-20,0.03480041027069092
2005-11-01,policy_stance_shift,2005-10-03,-19,0.03205183148384094
2005-11-01,policy_stance_shift,2005-10-04,-18,0.03287893533706665
2005-11-01,policy_stance_shift,2005-10-05,-17,0.029939040541648865
2005-11-01,policy_stance_shift,2005-10-06,-16,0.02879980579018593
2005-11-01,policy_stance_shift,2005-10-07,-15,0.031206082552671432
2005-11-01,policy_stance_shift,2005-10-11,-14,0.035050660371780396
2005-11-01,policy_stance_shift,2005-10-12,-13,0.03251266852021217
2005-11-01,policy_stance_shift,2005-10-13,-12,0.03330392390489578
2005-11-01,policy_stance_shift,2005-10-14,-11,0.03144218772649765
2005-11-01,policy_stance_shift,2005-10-17,-10,0.030804716050624847
2005-11-01,policy_stance_shift,2005-10-18,-9,0.027589600533246994
2005-11-01,policy_stance_shift,2005-10-19,-8,0.026661613956093788
2005-11-01,policy_stance_shift,2005-10-20,-7,0.026206735521554947
2005-11-01,policy_stance_shift,2005-10-21,-6,0.03211784362792969
2005-11-01,policy_stance_shift,2005-10-24,-5,0.039989396929740906
2005-11-01,policy_stance_shift,2005-10-25,-4,0.0370381623506546
2005-11-01,policy_stance_shift,2005-10-26,-3,0.03553163632750511
2005-11-01,policy_stance_shift,2005-10-27,-2,0.034222204238176346
2005-11-01,policy_stance_shift,2005-10-28,-1,0.03171973675489426
2005-11-01,policy_stance_shift,2005-10-31,0,0.030046384781599045
2005-11-01,expected_rate_path_shift,2005-09-21,-27,0.04513033479452133
2005-11-01,expected_rate_path_shift,2005-09-22,-26,0.0607854425907135
2005-11-01,expected_rate_path_shift,2005-09-23,-25,0.05823599547147751
2005-11-01,expected_rate_path_shift,2005-09-26,-24,0.044932715594768524
2005-11-01,expected_rate_path_shift,2005-09-27,-23,0.038950707763433456
2005-11-01,expected_rate_path_shift,2005-09-28,-22,0.03649339824914932
2005-11-01,expected_rate_path_shift,2005-09-29,-21,0.03760368376970291
2005-11-01,expected_rate_path_shift,2005-09-30,-20,0.035043865442276
2005-11-01,expected_rate_path_shift,2005-10-03,-19,0.032103292644023895
2005-11-01,expected_rate_path_shift,2005-10-04,-18,0.03329562768340111
2005-11-01,expected_rate_path_shift,2005-10-05,-17,0.03020712547004223
2005-11-01,expected_rate_path_shift,2005-10-06,-16,0.02894439920783043
2005-11-01,expected_rate_path_shift,2005-10-07,-15,0.03146311640739441
2005-11-01,expected_rate_path_shift,2005-10-11,-14,0.03462965041399002
2005-11-01,expected_rate_path_shift,2005-10-12,-13,0.03242889791727066
2005-11-01,expected_rate_path_shift,2005-10-13,-12,0.03346647322177887
2005-11-01,expected_rate_path_shift,2005-10-14,-11,0.03185602277517319
2005-11-01,expected_rate_path_shift,2005-10-17,-10,0.030499838292598724
2005-11-01,expected_rate_path_shift,2005-10-18,-9,0.027883607894182205
2005-11-01,expected_rate_path_shift,2005-10-19,-8,0.027026234194636345
2005-11-01,expected_rate_path_shift,2005-10-20,-7,0.026503384113311768
2005-11-01,expected_rate_path_shift,2005-10-21,-6,0.03253839537501335
2005-11-01,expected_rate_path_shift,2005-10-24,-5,0.04013088345527649
2005-11-01,expected_rate_path_shift,2005-10-25,-4,0.03815469890832901
2005-11-01,expected_rate_path_shift,2005-10-26,-3,0.03610461205244064
2005-11-01,expected_rate_path_shift,2005-10-27,-2,0.03466334193944931
2005-11-01,expected_rate_path_shift,2005-10-28,-1,0.03187334164977074
2005-11-01,expected_rate_path_shift,2005-10-31,0,0.0290509145706892
2005-11-01,inflation_assessment_shift,2005-09-21,-27,0.039618734270334244
2005-11-01,inflation_assessment_shift,2005-09-22,-26,0.031311601400375366
2005-11-01,inflation_assessment_shift,2005-09-23,-25,0.034073203802108765
2005-11-01,inflation_assessment_shift,2005-09-26,-24,0.045423030853271484
2005-11-01,inflation_assessment_shift,2005-09-27,-23,0.039794277399778366
2005-11-01,inflation_assessment_shift,2005-09-28,-22,0.0379381962120533
2005-11-01,inflation_assessment_shift,2005-09-29,-21,0.034656643867492676
2005-11-01,inflation_assessment_shift,2005-09-30,-20,0.03231149539351463
2005-11-01,inflation_assessment_shift,2005-10-03,-19,0.033769916743040085
2005-11-01,inflation_assessment_shift,2005-10-04,-18,0.032312922179698944
2005-11-01,inflation_assessment_shift,2005-10-05,-17,0.03350680321455002
2005-11-01,inflation_assessment_shift,2005-10-06,-16,0.033932048827409744
2005-11-01,inflation_assessment_shift,2005-10-07,-15,0.03395594283938408
2005-11-01,inflation_assessment_shift,2005-10-11,-14,0.03682687133550644
2005-11-01,inflation_assessment_shift,2005-10-12,-13,0.03658069670200348
2005-11-01,inflation_assessment_shift,2005-10-13,-12,0.035515062510967255
2005-11-01,inflation_assessment_shift,2005-10-14,-11,0.03513706475496292
2005-11-01,inflation_assessment_shift,2005-10-17,-10,0.03783824294805527
2005-11-01,inflation_assessment_shift,2005-10-18,-9,0.03494713082909584
2005-11-01,inflation_assessment_shift,2005-10-19,-8,0.035661060363054276
2005-11-01,inflation_assessment_shift,2005-10-20,-7,0.035108305513858795
2005-11-01,inflation_assessment_shift,2005-10-21,-6,0.03452305495738983
2005-11-01,inflation_assessment_shift,2005-10-24,-5,0.036379680037498474
2005-11-01,inflation_assessment_shift,2005-10-25,-4,0.034047290682792664
2005-11-01,inflation_assessment_shift,2005-10-26,-3,0.0356006994843483
2005-11-01,inflation_assessment_shift,2005-10-27,-2,0.03460889682173729
2005-11-01,inflation_assessment_shift,2005-10-28,-1,0.03646751493215561
2005-11-01,inflation_assessment_shift,2005-10-31,0,0.03815364092588425
2005-11-01,inflation_risk_shift,2005-09-21,-27,0.040567975491285324
2005-11-01,inflation_risk_shift,2005-09-22,-26,0.03434278443455696
2005-11-01,inflation_risk_shift,2005-09-23,-25,0.03617633879184723
2005-11-01,inflation_risk_shift,2005-09-26,-24,0.04604210704565048
2005-11-01,inflation_risk_shift,2005-09-27,-23,0.040418319404125214
2005-11-01,inflation_risk_shift,2005-09-28,-22,0.03949284926056862
2005-11-01,inflation_risk_shift,2005-09-29,-21,0.035646118223667145
2005-11-01,inflation_risk_shift,2005-09-30,-20,0.03264835476875305
2005-11-01,inflation_risk_shift,2005-10-03,-19,0.03362796828150749
2005-11-01,inflation_risk_shift,2005-10-04,-18,0.0320829413831234
2005-11-01,inflation_risk_shift,2005-10-05,-17,0.03338786959648132
2005-11-01,inflation_risk_shift,2005-10-06,-16,0.0337551087141037
2005-11-01,inflation_risk_shift,2005-10-07,-15,0.03423057496547699
2005-11-01,inflation_risk_shift,2005-10-11,-14,0.0375077947974205
2005-11-01,inflation_risk_shift,2005-10-12,-13,0.03667472302913666
2005-11-01,inflation_risk_shift,2005-10-13,-12,0.03485693037509918
2005-11-01,inflation_risk_shift,2005-10-14,-11,0.03406553715467453
2005-11-01,inflation_risk_shift,2005-10-17,-10,0.03617899492383003
2005-11-01,inflation_risk_shift,2005-10-18,-9,0.03357304632663727
2005-11-01,inflation_risk_shift,2005-10-19,-8,0.03404705971479416
2005-11-01,inflation_risk_shift,2005-10-20,-7,0.03391135483980179
2005-11-01,inflation_risk_shift,2005-10-21,-6,0.03485383838415146
2005-11-01,inflation_risk_shift,2005-10-24,-5,0.03761916980147362
2005-11-01,inflation_risk_shift,2005-10-25,-4,0.03351809084415436
2005-11-01,inflation_risk_shift,2005-10-26,-3,0.03461671620607376
2005-11-01,inflation_risk_shift,2005-10-27,-2,0.03348451480269432
2005-11-01,inflation_risk_shift,2005-10-28,-1,0.0354301743209362
2005-11-01,inflation_risk_shift,2005-10-31,0,0.03724275901913643
2005-11-01,unemployment_assessment_shift,2005-09-21,-27,0.03731366991996765
2005-11-01,unemployment_assessment_shift,2005-09-22,-26,0.02903921529650688
2005-11-01,unemployment_assessment_shift,2005-09-23,-25,0.02967226319015026
2005-11-01,unemployment_assessment_shift,2005-09-26,-24,0.04236975312232971
2005-11-01,unemployment_assessment_shift,2005-09-27,-23,0.03804634511470795
2005-11-01,unemployment_assessment_shift,2005-09-28,-22,0.03733513504266739
2005-11-01,unemployment_assessment_shift,2005-09-29,-21,0.03383154422044754
2005-11-01,unemployment_assessment_shift,2005-09-30,-20,0.03180575743317604
2005-11-01,unemployment_assessment_shift,2005-10-03,-19,0.03413069620728493
2005-11-01,unemployment_assessment_shift,2005-10-04,-18,0.03235180675983429
2005-11-01,unemployment_assessment_shift,2005-10-05,-17,0.03468915820121765
2005-11-01,unemployment_assessment_shift,2005-10-06,-16,0.03600192442536354
2005-11-01,unemployment_assessment_shift,2005-10-07,-15,0.03541538491845131
2005-11-01,unemployment_assessment_shift,2005-10-11,-14,0.03766018897294998
2005-11-01,unemployment_assessment_shift,2005-10-12,-13,0.03740907832980156
2005-11-01,unemployment_assessment_shift,2005-10-13,-12,0.03546944260597229
2005-11-01,unemployment_assessment_shift,2005-10-14,-11,0.03554251790046692
2005-11-01,unemployment_assessment_shift,2005-10-17,-10,0.038409583270549774
2005-11-01,unemployment_assessment_shift,2005-10-18,-9,0.03704360872507095
2005-11-01,unemployment_assessment_shift,2005-10-19,-8,0.03815712779760361
2005-11-01,unemployment_assessment_shift,2005-10-20,-7,0.03787222132086754
2005-11-01,unemployment_assessment_shift,2005-10-21,-6,0.03558233752846718
2005-11-01,unemployment_assessment_shift,2005-10-24,-5,0.0359046570956707
2005-11-01,unemployment_assessment_shift,2005-10-25,-4,0.03335987403988838
2005-11-01,unemployment_assessment_shift,2005-10-26,-3,0.03497521951794624
2005-11-01,unemployment_assessment_shift,2005-10-27,-2,0.034057606011629105
2005-11-01,unemployment_assessment_shift,2005-10-28,-1,0.037005748599767685
2005-11-01,unemployment_assessment_shift,2005-10-31,0,0.0395481176674366
2005-11-01,labor_market_risk_shift,2005-09-21,-27,0.04776686057448387
2005-11-01,labor_market_risk_shift,2005-09-22,-26,0.06005772948265076
2005-11-01,labor_market_risk_shift,2005-09-23,-25,0.05906406417489052
2005-11-01,labor_market_risk_shift,2005-09-26,-24,0.04689154028892517
2005-11-01,labor_market_risk_shift,2005-09-27,-23,0.03970534726977348
2005-11-01,labor_market_risk_shift,2005-09-28,-22,0.036765433847904205
2005-11-01,labor_market_risk_shift,2005-09-29,-21,0.037714358419179916
2005-11-01,labor_market_risk_shift,2005-09-30,-20,0.0351068377494812
2005-11-01,labor_market_risk_shift,2005-10-03,-19,0.03200861066579819
2005-11-01,labor_market_risk_shift,2005-10-04,-18,0.03296263888478279
2005-11-01,labor_market_risk_shift,2005-10-05,-17,0.029894033446907997
2005-11-01,labor_market_risk_shift,2005-10-06,-16,0.028412126004695892
2005-11-01,labor_market_risk_shift,2005-10-07,-15,0.030807267874479294
2005-11-01,labor_market_risk_shift,2005-10-11,-14,0.03464625030755997
2005-11-01,labor_market_risk_shift,2005-10-12,-13,0.03254749998450279
2005-11-01,labor_market_risk_shift,2005-10-13,-12,0.033047646284103394
2005-11-01,labor_market_risk_shift,2005-10-14,-11,0.03143574669957161
2005-11-01,labor_market_risk_shift,2005-10-17,-10,0.0305064395070076
2005-11-01,labor_market_risk_shift,2005-10-18,-9,0.027480553835630417
2005-11-01,labor_market_risk_shift,2005-10-19,-8,0.026427391916513443
2005-11-01,labor_market_risk_shift,2005-10-20,-7,0.02597840502858162
2005-11-01,labor_market_risk_shift,2005-10-21,-6,0.0315970741212368
2005-11-01,labor_market_risk_shift,2005-10-24,-5,0.03967944532632828
2005-11-01,labor_market_risk_shift,2005-10-25,-4,0.037851739674806595
2005-11-01,labor_market_risk_shift,2005-10-26,-3,0.035922516137361526
2005-11-01,labor_market_risk_shift,2005-10-27,-2,0.034445442259311676
2005-11-01,labor_market_risk_shift,2005-10-28,-1,0.03188347816467285
2005-11-01,labor_market_risk_shift,2005-10-31,0,0.0293935127556324
2005-11-01,growth_activity_shift,2005-09-21,-27,0.04872524365782738
2005-11-01,growth_activity_shift,2005-09-22,-26,0.0574142262339592
2005-11-01,growth_activity_shift,2005-09-23,-25,0.05589143559336662
2005-11-01,growth_activity_shift,2005-09-26,-24,0.046390410512685776
2005-11-01,growth_activity_shift,2005-09-27,-23,0.04001087322831154
2005-11-01,growth_activity_shift,2005-09-28,-22,0.03747200965881348
2005-11-01,growth_activity_shift,2005-09-29,-21,0.03774606063961983
2005-11-01,growth_activity_shift,2005-09-30,-20,0.03505047410726547
2005-11-01,growth_activity_shift,2005-10-03,-19,0.032206401228904724
2005-11-01,growth_activity_shift,2005-10-04,-18,0.03310044854879379
2005-11-01,growth_activity_shift,2005-10-05,-17,0.030372722074389458
2005-11-01,growth_activity_shift,2005-10-06,-16,0.028871707618236542
2005-11-01,growth_activity_shift,2005-10-07,-15,0.0312275979667902
2005-11-01,growth_activity_shift,2005-10-11,-14,0.034460991621017456
2005-11-01,growth_activity_shift,2005-10-12,-13,0.03248314559459686
2005-11-01,growth_activity_shift,2005-10-13,-12,0.03332635015249252
2005-11-01,growth_activity_shift,2005-10-14,-11,0.03160307928919792
2005-11-01,growth_activity_shift,2005-10-17,-10,0.031195642426609993
2005-11-01,growth_activity_shift,2005-10-18,-9,0.028162017464637756
2005-11-01,growth_activity_shift,2005-10-19,-8,0.027175676077604294
2005-11-01,growth_activity_shift,2005-10-20,-7,0.026602543890476227
2005-11-01,growth_activity_shift,2005-10-21,-6,0.032193686813116074
2005-11-01,growth_activity_shift,2005-10-24,-5,0.039128951728343964
2005-11-01,growth_activity_shift,2005-10-25,-4,0.03656606748700142
2005-11-01,growth_activity_shift,2005-10-26,-3,0.03555647283792496
2005-11-01,growth_activity_shift,2005-10-27,-2,0.034629762172698975
2005-11-01,growth_activity_shift,2005-10-28,-1,0.032074443995952606
2005-11-01,growth_activity_shift,2005-10-31,0,0.03036154806613922
2005-11-01,financial_conditions_shift,2005-09-21,-27,0.04727265238761902
2005-11-01,financial_conditions_shift,2005-09-22,-26,0.061482593417167664
2005-11-01,financial_conditions_shift,2005-09-23,-25,0.058602701872587204
2005-11-01,financial_conditions_shift,2005-09-26,-24,0.04538111388683319
2005-11-01,financial_conditions_shift,2005-09-27,-23,0.03937084972858429
2005-11-01,financial_conditions_shift,2005-09-28,-22,0.03679518401622772
2005-11-01,financial_conditions_shift,2005-09-29,-21,0.0378255732357502
2005-11-01,financial_conditions_shift,2005-09-30,-20,0.035486508160829544
2005-11-01,financial_conditions_shift,2005-10-03,-19,0.032272785902023315
2005-11-01,financial_conditions_shift,2005-10-04,-18,0.03336840122938156
2005-11-01,financial_conditions_shift,2005-10-05,-17,0.030472004786133766
2005-11-01,financial_conditions_shift,2005-10-06,-16,0.029000863432884216
2005-11-01,financial_conditions_shift,2005-10-07,-15,0.0313134528696537
2005-11-01,financial_conditions_shift,2005-10-11,-14,0.03385457769036293
2005-11-01,financial_conditions_shift,2005-10-12,-13,0.03192679584026337
2005-11-01,financial_conditions_shift,2005-10-13,-12,0.03300987929105759
2005-11-01,financial_conditions_shift,2005-10-14,-11,0.03155910223722458
2005-11-01,financial_conditions_shift,2005-10-17,-10,0.030246101319789886
2005-11-01,financial_conditions_shift,2005-10-18,-9,0.027710163965821266
2005-11-01,financial_conditions_shift,2005-10-19,-8,0.02689189463853836
2005-11-01,financial_conditions_shift,2005-10-20,-7,0.026400167495012283
2005-11-01,financial_conditions_shift,2005-10-21,-6,0.03204231336712837
2005-11-01,financial_conditions_shift,2005-10-24,-5,0.03873968869447708
2005-11-01,financial_conditions_shift,2005-10-25,-4,0.037630125880241394
2005-11-01,financial_conditions_shift,2005-10-26,-3,0.03577396646142006
2005-11-01,financial_conditions_shift,2005-10-27,-2,0.0346142053604126
2005-11-01,financial_conditions_shift,2005-10-28,-1,0.03212396055459976
2005-11-01,financial_conditions_shift,2005-10-31,0,0.02883235365152359
2005-11-01,risk_balance_shift,2005-09-21,-27,0.04194650053977966
2005-11-01,risk_balance_shift,2005-09-22,-26,0.03616303950548172
2005-11-01,risk_balance_shift,2005-09-23,-25,0.03761032223701477
2005-11-01,risk_balance_shift,2005-09-26,-24,0.04496145248413086
2005-11-01,risk_balance_shift,2005-09-27,-23,0.03970217704772949
2005-11-01,risk_balance_shift,2005-09-28,-22,0.038407422602176666
2005-11-01,risk_balance_shift,2005-09-29,-21,0.03559955582022667
2005-11-01,risk_balance_shift,2005-09-30,-20,0.032691795378923416
2005-11-01,risk_balance_shift,2005-10-03,-19,0.03331620246171951
2005-11-01,risk_balance_shift,2005-10-04,-18,0.03229517862200737
2005-11-01,risk_balance_shift,2005-10-05,-17,0.032834410667419434
2005-11-01,risk_balance_shift,2005-10-06,-16,0.033003222197294235
2005-11-01,risk_balance_shift,2005-10-07,-15,0.03362137824296951
2005-11-01,risk_balance_shift,2005-10-11,-14,0.03731784224510193
2005-11-01,risk_balance_shift,2005-10-12,-13,0.0358879528939724
2005-11-01,risk_balance_shift,2005-10-13,-12,0.03508450835943222
2005-11-01,risk_balance_shift,2005-10-14,-11,0.03432629629969597
2005-11-01,risk_balance_shift,2005-10-17,-10,0.03638873249292374
2005-11-01,risk_balance_shift,2005-10-18,-9,0.033346906304359436
2005-11-01,risk_balance_shift,2005-10-19,-8,0.03353291004896164
2005-11-01,risk_balance_shift,2005-10-20,-7,0.03279898688197136
2005-11-01,risk_balance_shift,2005-10-21,-6,0.03429247438907623
2005-11-01,risk_balance_shift,2005-10-24,-5,0.038366012275218964
2005-11-01,risk_balance_shift,2005-10-25,-4,0.033481672406196594
2005-11-01,risk_balance_shift,2005-10-26,-3,0.03499415144324303
2005-11-01,risk_balance_shift,2005-10-27,-2,0.03448212891817093
2005-11-01,risk_balance_shift,2005-10-28,-1,0.03620527684688568
2005-11-01,risk_balance_shift,2005-10-31,0,0.03734153136610985
2005-11-01,committee_dispersion,2005-09-21,-27,0.03572063893079758
2005-11-01,committee_dispersion,2005-09-22,-26,0.026477128267288208
2005-11-01,committee_dispersion,2005-09-23,-25,0.0275308545678854
2005-11-01,committee_dispersion,2005-09-26,-24,0.03916194662451744
2005-11-01,committee_dispersion,2005-09-27,-23,0.03640427067875862
2005-11-01,committee_dispersion,2005-09-28,-22,0.03663788363337517
2005-11-01,committee_dispersion,2005-09-29,-21,0.03321794047951698
2005-11-01,committee_dispersion,2005-09-30,-20,0.032594069838523865
2005-11-01,committee_dispersion,2005-10-03,-19,0.03492128849029541
2005-11-01,committee_dispersion,2005-10-04,-18,0.03286558389663696
2005-11-01,committee_dispersion,2005-10-05,-17,0.035618629306554794
2005-11-01,committee_dispersion,2005-10-06,-16,0.03730187565088272
2005-11-01,committee_dispersion,2005-10-07,-15,0.0365619994699955
2005-11-01,committee_dispersion,2005-10-11,-14,0.0369776152074337
2005-11-01,committee_dispersion,2005-10-12,-13,0.03762325271964073
2005-11-01,committee_dispersion,2005-10-13,-12,0.03568364679813385
2005-11-01,committee_dispersion,2005-10-14,-11,0.03665374219417572
2005-11-01,committee_dispersion,2005-10-17,-10,0.038953106850385666
2005-11-01,committee_dispersion,2005-10-18,-9,0.03855001926422119
2005-11-01,committee_dispersion,2005-10-19,-8,0.03995796665549278
2005-11-01,committee_dispersion,2005-10-20,-7,0.039671361446380615
2005-11-01,committee_dispersion,2005-10-21,-6,0.03590314835309982
2005-11-01,committee_dispersion,2005-10-24,-5,0.0342060886323452
2005-11-01,committee_dispersion,2005-10-25,-4,0.03384662792086601
2005-11-01,committee_dispersion,2005-10-26,-3,0.03475207835435867
2005-11-01,committee_dispersion,2005-10-27,-2,0.03437188267707825
2005-11-01,committee_dispersion,2005-10-28,-1,0.037630923092365265
2005-11-01,committee_dispersion,2005-10-31,0,0.04020445793867111
2005-11-01,policy_uncertainty,2005-09-21,-27,0.040991105139255524
2005-11-01,policy_uncertainty,2005-09-22,-26,0.03960251063108444
2005-11-01,policy_uncertainty,2005-09-23,-25,0.04195652902126312
2005-11-01,policy_uncertainty,2005-09-26,-24,0.046788230538368225
2005-11-01,policy_uncertainty,2005-09-27,-23,0.04048830643296242
2005-11-01,policy_uncertainty,2005-09-28,-22,0.03889875486493111
2005-11-01,policy_uncertainty,2005-09-29,-21,0.03609643131494522
2005-11-01,policy_uncertainty,2005-09-30,-20,0.03340747207403183
2005-11-01,policy_uncertainty,2005-10-03,-19,0.03300654515624046
2005-11-01,policy_uncertainty,2005-10-04,-18,0.03231646865606308
2005-11-01,policy_uncertainty,2005-10-05,-17,0.031848758459091187
2005-11-01,policy_uncertainty,2005-10-06,-16,0.031773701310157776
2005-11-01,policy_uncertainty,2005-10-07,-15,0.03323202580213547
2005-11-01,policy_uncertainty,2005-10-11,-14,0.037456728518009186
2005-11-01,policy_uncertainty,2005-10-12,-13,0.035793792456388474
2005-11-01,policy_uncertainty,2005-10-13,-12,0.03533150255680084
2005-11-01,policy_uncertainty,2005-10-14,-11,0.03366924822330475
2005-11-01,policy_uncertainty,2005-10-17,-10,0.03525753691792488
2005-11-01,policy_uncertainty,2005-10-18,-9,0.03183797746896744
2005-11-01,policy_uncertainty,2005-10-19,-8,0.0314909964799881
2005-11-01,policy_uncertainty,2005-10-20,-7,0.030661001801490784
2005-11-01,policy_uncertainty,2005-10-21,-6,0.03386792913079262
2005-11-01,policy_uncertainty,2005-10-24,-5,0.039486393332481384
2005-11-01,policy_uncertainty,2005-10-25,-4,0.03404157981276512
2005-11-01,policy_uncertainty,2005-10-26,-3,0.03514169901609421
2005-11-01,policy_uncertainty,2005-10-27,-2,0.03468342497944832
2005-11-01,policy_uncertainty,2005-10-28,-1,0.03451633080840111
2005-11-01,policy_uncertainty,2005-10-31,0,0.03635704144835472
2005-11-01,forward_guidance_strength,2005-09-21,-27,0.04897113889455795
2005-11-01,forward_guidance_strength,2005-09-22,-26,0.05811840295791626
2005-11-01,forward_guidance_strength,2005-09-23,-25,0.0573321171104908
2005-11-01,forward_guidance_strength,2005-09-26,-24,0.04727603867650032
2005-11-01,forward_guidance_strength,2005-09-27,-23,0.040024273097515106
2005-11-01,forward_guidance_strength,2005-09-28,-22,0.037347741425037384
2005-11-01,forward_guidance_strength,2005-09-29,-21,0.037671081721782684
2005-11-01,forward_guidance_strength,2005-09-30,-20,0.034556202590465546
2005-11-01,forward_guidance_strength,2005-10-03,-19,0.03182356059551239
2005-11-01,forward_guidance_strength,2005-10-04,-18,0.032628629356622696
2005-11-01,forward_guidance_strength,2005-10-05,-17,0.030017828568816185
2005-11-01,forward_guidance_strength,2005-10-06,-16,0.028742007911205292
2005-11-01,forward_guidance_strength,2005-10-07,-15,0.030920861288905144
2005-11-01,forward_guidance_strength,2005-10-11,-14,0.03487766534090042
2005-11-01,forward_guidance_strength,2005-10-12,-13,0.0326453298330307
2005-11-01,forward_guidance_strength,2005-10-13,-12,0.03336995840072632
2005-11-01,forward_guidance_strength,2005-10-14,-11,0.03115709498524666
2005-11-01,forward_guidance_strength,2005-10-17,-10,0.031056929379701614
2005-11-01,forward_guidance_strength,2005-10-18,-9,0.02774084359407425
2005-11-01,forward_guidance_strength,2005-10-19,-8,0.026671476662158966
2005-11-01,forward_guidance_strength,2005-10-20,-7,0.02619536593556404
2005-11-01,forward_guidance_strength,2005-10-21,-6,0.03189951553940773
2005-11-01,forward_guidance_strength,2005-10-24,-5,0.03985416516661644
2005-11-01,forward_guidance_strength,2005-10-25,-4,0.03674327954649925
2005-11-01,forward_guidance_strength,2005-10-26,-3,0.03584423288702965
2005-11-01,forward_guidance_strength,2005-10-27,-2,0.03448517620563507
2005-11-01,forward_guidance_strength,2005-10-28,-1,0.03182869032025337
2005-11-01,forward_guidance_strength,2005-10-31,0,0.030200403183698654
2005-12-13,rate_decision,2005-11-02,-26,0.03867798671126366
2005-12-13,rate_decision,2005-11-03,-25,0.032650988548994064
2005-12-13,rate_decision,2005-11-04,-24,0.03354769945144653
2005-12-13,rate_decision,2005-11-07,-23,0.034771475940942764
2005-12-13,rate_decision,2005-11-08,-22,0.03466104716062546
2005-12-13,rate_decision,2005-11-09,-21,0.036009982228279114
2005-12-13,rate_decision,2005-11-10,-20,0.03494822978973389
2005-12-13,rate_decision,2005-11-14,-19,0.03441811352968216
2005-12-13,rate_decision,2005-11-15,-18,0.03613915666937828
2005-12-13,rate_decision,2005-11-16,-17,0.0370287224650383
2005-12-13,rate_decision,2005-11-17,-16,0.03723154962062836
2005-12-13,rate_decision,2005-11-18,-15,0.038840584456920624
2005-12-13,rate_decision,2005-11-21,-14,0.04111702740192413
2005-12-13,rate_decision,2005-11-22,-13,0.03855535387992859
2005-12-13,rate_decision,2005-11-23,-12,0.035858333110809326
2005-12-13,rate_decision,2005-11-25,-11,0.03934849053621292
2005-12-13,rate_decision,2005-11-28,-10,0.03822119161486626
2005-12-13,rate_decision,2005-11-29,-9,0.035133495926856995
2005-12-13,rate_decision,2005-11-30,-8,0.039416030049324036
2005-12-13,rate_decision,2005-12-01,-7,0.03657396882772446
2005-12-13,rate_decision,2005-12-02,-6,0.03480318561196327
2005-12-13,rate_decision,2005-12-05,-5,0.036238569766283035
2005-12-13,rate_decision,2005-12-06,-4,0.03688093274831772
2005-12-13,rate_decision,2005-12-07,-3,0.04070272296667099
2005-12-13,rate_decision,2005-12-08,-2,0.041212327778339386
2005-12-13,rate_decision,2005-12-09,-1,0.03933976590633392
2005-12-13,rate_decision,2005-12-12,0,0.03767307102680206
2005-12-13,current_policy_stance,2005-11-02,-26,0.04287726432085037
2005-12-13,current_policy_stance,2005-11-03,-25,0.036079857498407364
2005-12-13,current_policy_stance,2005-11-04,-24,0.03355785459280014
2005-12-13,current_policy_stance,2005-11-07,-23,0.03332354500889778
2005-12-13,current_policy_stance,2005-11-08,-22,0.03355396166443825
2005-12-13,current_policy_stance,2005-11-09,-21,0.03258906304836273
2005-12-13,current_policy_stance,2005-11-10,-20,0.03478636592626572
2005-12-13,current_policy_stance,2005-11-14,-19,0.030128436163067818
2005-12-13,current_policy_stance,2005-11-15,-18,0.03133288025856018
2005-12-13,current_policy_stance,2005-11-16,-17,0.03108232095837593
2005-12-13,current_policy_stance,2005-11-17,-16,0.035261280834674835
2005-12-13,current_policy_stance,2005-11-18,-15,0.03464779257774353
2005-12-13,current_policy_stance,2005-11-21,-14,0.03849546238780022
2005-12-13,current_policy_stance,2005-11-22,-13,0.04042672738432884
2005-12-13,current_policy_stance,2005-11-23,-12,0.03695085272192955
2005-12-13,current_policy_stance,2005-11-25,-11,0.03791872784495354
2005-12-13,current_policy_stance,2005-11-28,-10,0.0454135425388813
2005-12-13,current_policy_stance,2005-11-29,-9,0.04047698527574539
2005-12-13,current_policy_stance,2005-11-30,-8,0.038821037858724594
2005-12-13,current_policy_stance,2005-12-01,-7,0.040010713040828705
2005-12-13,current_policy_stance,2005-12-02,-6,0.04150394722819328
2005-12-13,current_policy_stance,2005-12-05,-5,0.036108940839767456
2005-12-13,current_policy_stance,2005-12-06,-4,0.03595637157559395
2005-12-13,current_policy_stance,2005-12-07,-3,0.03683862462639809
2005-12-13,current_policy_stance,2005-12-08,-2,0.0402335524559021
2005-12-13,current_policy_stance,2005-12-09,-1,0.045342668890953064
2005-12-13,current_policy_stance,2005-12-12,0,0.03628120198845863
2005-12-13,policy_stance_shift,2005-11-02,-26,0.040770187973976135
2005-12-13,policy_stance_shift,2005-11-03,-25,0.03512883186340332
2005-12-13,policy_stance_shift,2005-11-04,-24,0.03343772143125534
2005-12-13,policy_stance_shift,2005-11-07,-23,0.033912040293216705
2005-12-13,policy_stance_shift,2005-11-08,-22,0.034147247672080994
2005-12-13,policy_stance_shift,2005-11-09,-21,0.03372550383210182
2005-12-13,policy_stance_shift,2005-11-10,-20,0.035019710659980774
2005-12-13,policy_stance_shift,2005-11-14,-19,0.030392194166779518
2005-12-13,policy_stance_shift,2005-11-15,-18,0.03137630224227905
2005-12-13,policy_stance_shift,2005-11-16,-17,0.03066990338265896
2005-12-13,policy_stance_shift,2005-11-17,-16,0.03478894755244255
2005-12-13,policy_stance_shift,2005-11-18,-15,0.03516882285475731
2005-12-13,policy_stance_shift,2005-11-21,-14,0.037935949862003326
2005-12-13,policy_stance_shift,2005-11-22,-13,0.03975497931241989
2005-12-13,policy_stance_shift,2005-11-23,-12,0.03736376762390137
2005-12-13,policy_stance_shift,2005-11-25,-11,0.038948800414800644
2005-12-13,policy_stance_shift,2005-11-28,-10,0.04645449295639992
2005-12-13,policy_stance_shift,2005-11-29,-9,0.04144693911075592
2005-12-13,policy_stance_shift,2005-11-30,-8,0.0372806191444397
2005-12-13,policy_stance_shift,2005-12-01,-7,0.038567859679460526
2005-12-13,policy_stance_shift,2005-12-02,-6,0.04116178676486015
2005-12-13,policy_stance_shift,2005-12-05,-5,0.03664037212729454
2005-12-13,policy_stance_shift,2005-12-06,-4,0.0367676243185997
2005-12-13,policy_stance_shift,2005-12-07,-3,0.038074906915426254
2005-12-13,policy_stance_shift,2005-12-08,-2,0.04033399000763893
2005-12-13,policy_stance_shift,2005-12-09,-1,0.04497067630290985
2005-12-13,policy_stance_shift,2005-12-12,0,0.03575978800654411
2005-12-13,expected_rate_path_shift,2005-11-02,-26,0.038774941116571426
2005-12-13,expected_rate_path_shift,2005-11-03,-25,0.034642018377780914
2005-12-13,expected_rate_path_shift,2005-11-04,-24,0.03352922201156616
2005-12-13,expected_rate_path_shift,2005-11-07,-23,0.03420928865671158
2005-12-13,expected_rate_path_shift,2005-11-08,-22,0.034685488790273666
2005-12-13,expected_rate_path_shift,2005-11-09,-21,0.034469034522771835
2005-12-13,expected_rate_path_shift,2005-11-10,-20,0.03467328101396561
2005-12-13,expected_rate_path_shift,2005-11-14,-19,0.031491003930568695
2005-12-13,expected_rate_path_shift,2005-11-15,-18,0.031207717955112457
2005-12-13,expected_rate_path_shift,2005-11-16,-17,0.031162483617663383
2005-12-13,expected_rate_path_shift,2005-11-17,-16,0.03505275771021843
2005-12-13,expected_rate_path_shift,2005-11-18,-15,0.03643057867884636
2005-12-13,expected_rate_path_shift,2005-11-21,-14,0.038325581699609756
2005-12-13,expected_rate_path_shift,2005-11-22,-13,0.04041367769241333
2005-12-13,expected_rate_path_shift,2005-11-23,-12,0.03860454261302948
2005-12-13,expected_rate_path_shift,2005-11-25,-11,0.040701888501644135
2005-12-13,expected_rate_path_shift,2005-11-28,-10,0.04770250990986824
2005-12-13,expected_rate_path_shift,2005-11-29,-9,0.042005348950624466
2005-12-13,expected_rate_path_shift,2005-11-30,-8,0.03611316159367561
2005-12-13,expected_rate_path_shift,2005-12-01,-7,0.037425898015499115
2005-12-13,expected_rate_path_shift,2005-12-02,-6,0.03962685167789459
2005-12-13,expected_rate_path_shift,2005-12-05,-5,0.03566507622599602
2005-12-13,expected_rate_path_shift,2005-12-06,-4,0.035460829734802246
2005-12-13,expected_rate_path_shift,2005-12-07,-3,0.037793464958667755
2005-12-13,expected_rate_path_shift,2005-12-08,-2,0.03941219672560692
2005-12-13,expected_rate_path_shift,2005-12-09,-1,0.04513153061270714
2005-12-13,expected_rate_path_shift,2005-12-12,0,0.03528963774442673
2005-12-13,inflation_assessment_shift,2005-11-02,-26,0.03327937051653862
2005-12-13,inflation_assessment_shift,2005-11-03,-25,0.03612716123461723
2005-12-13,inflation_assessment_shift,2005-11-04,-24,0.03800133988261223
2005-12-13,inflation_assessment_shift,2005-11-07,-23,0.03860846906900406
2005-12-13,inflation_assessment_shift,2005-11-08,-22,0.03905798867344856
2005-12-13,inflation_assessment_shift,2005-11-09,-21,0.039208441972732544
2005-12-13,inflation_assessment_shift,2005-11-10,-20,0.03554844111204147
2005-12-13,inflation_assessment_shift,2005-11-14,-19,0.03942777216434479
2005-12-13,inflation_assessment_shift,2005-11-15,-18,0.037203844636678696
2005-12-13,inflation_assessment_shift,2005-11-16,-17,0.03734709694981575
2005-12-13,inflation_assessment_shift,2005-11-17,-16,0.03712909296154976
2005-12-13,inflation_assessment_shift,2005-11-18,-15,0.039530083537101746
2005-12-13,inflation_assessment_shift,2005-11-21,-14,0.03720425069332123
2005-12-13,inflation_assessment_shift,2005-11-22,-13,0.03728516399860382
2005-12-13,inflation_assessment_shift,2005-11-23,-12,0.039290651679039
2005-12-13,inflation_assessment_shift,2005-11-25,-11,0.04057960957288742
2005-12-13,inflation_assessment_shift,2005-11-28,-10,0.0394594669342041
2005-12-13,inflation_assessment_shift,2005-11-29,-9,0.03831714019179344
2005-12-13,inflation_assessment_shift,2005-11-30,-8,0.03283383697271347
2005-12-13,inflation_assessment_shift,2005-12-01,-7,0.0339060015976429
2005-12-13,inflation_assessment_shift,2005-12-02,-6,0.03406080603599548
2005-12-13,inflation_assessment_shift,2005-12-05,-5,0.036246512085199356
2005-12-13,inflation_assessment_shift,2005-12-06,-4,0.036014340817928314
2005-12-13,inflation_assessment_shift,2005-12-07,-3,0.03788617253303528
2005-12-13,inflation_assessment_shift,2005-12-08,-2,0.03410877287387848
2005-12-13,inflation_assessment_shift,2005-12-09,-1,0.035667791962623596
2005-12-13,inflation_assessment_shift,2005-12-12,0,0.03667043522000313
2005-12-13,inflation_risk_shift,2005-11-02,-26,0.03313438594341278
2005-12-13,inflation_risk_shift,2005-11-03,-25,0.036018338054418564
2005-12-13,inflation_risk_shift,2005-11-04,-24,0.037960778921842575
2005-12-13,inflation_risk_shift,2005-11-07,-23,0.03865042328834534
2005-12-13,inflation_risk_shift,2005-11-08,-22,0.03965131565928459
2005-12-13,inflation_risk_shift,2005-11-09,-21,0.03946879506111145
2005-12-13,inflation_risk_shift,2005-11-10,-20,0.035686030983924866
2005-12-13,inflation_risk_shift,2005-11-14,-19,0.0391981340944767
2005-12-13,inflation_risk_shift,2005-11-15,-18,0.036814555525779724
2005-12-13,inflation_risk_shift,2005-11-16,-17,0.03699376806616783
2005-12-13,inflation_risk_shift,2005-11-17,-16,0.03688063099980354
2005-12-13,inflation_risk_shift,2005-11-18,-15,0.038947395980358124
2005-12-13,inflation_risk_shift,2005-11-21,-14,0.036826640367507935
2005-12-13,inflation_risk_shift,2005-11-22,-13,0.037089813500642776
2005-12-13,inflation_risk_shift,2005-11-23,-12,0.03871545195579529
2005-12-13,inflation_risk_shift,2005-11-25,-11,0.04054185375571251
2005-12-13,inflation_risk_shift,2005-11-28,-10,0.040290627628564835
2005-12-13,inflation_risk_shift,2005-11-29,-9,0.03839036449790001
2005-12-13,inflation_risk_shift,2005-11-30,-8,0.03279566019773483
2005-12-13,inflation_risk_shift,2005-12-01,-7,0.03372916206717491
2005-12-13,inflation_risk_shift,2005-12-02,-6,0.03430694341659546
2005-12-13,inflation_risk_shift,2005-12-05,-5,0.03629586473107338
2005-12-13,inflation_risk_shift,2005-12-06,-4,0.03619622439146042
2005-12-13,inflation_risk_shift,2005-12-07,-3,0.038408808410167694
2005-12-13,inflation_risk_shift,2005-12-08,-2,0.0347752571105957
2005-12-13,inflation_risk_shift,2005-12-09,-1,0.03570091724395752
2005-12-13,inflation_risk_shift,2005-12-12,0,0.036531854420900345
2005-12-13,unemployment_assessment_shift,2005-11-02,-26,0.042694028466939926
2005-12-13,unemployment_assessment_shift,2005-11-03,-25,0.03608722239732742
2005-12-13,unemployment_assessment_shift,2005-11-04,-24,0.03391045704483986
2005-12-13,unemployment_assessment_shift,2005-11-07,-23,0.03381390497088432
2005-12-13,unemployment_assessment_shift,2005-11-08,-22,0.03391730785369873
2005-12-13,unemployment_assessment_shift,2005-11-09,-21,0.03312709555029869
2005-12-13,unemployment_assessment_shift,2005-11-10,-20,0.03522228077054024
2005-12-13,unemployment_assessment_shift,2005-11-14,-19,0.03055310994386673
2005-12-13,unemployment_assessment_shift,2005-11-15,-18,0.0320928655564785
2005-12-13,unemployment_assessment_shift,2005-11-16,-17,0.03189944475889206
2005-12-13,unemployment_assessment_shift,2005-11-17,-16,0.03548015281558037
2005-12-13,unemployment_assessment_shift,2005-11-18,-15,0.03499382361769676
2005-12-13,unemployment_assessment_shift,2005-11-21,-14,0.03864586353302002
2005-12-13,unemployment_assessment_shift,2005-11-22,-13,0.03971164673566818
2005-12-13,unemployment_assessment_shift,2005-11-23,-12,0.036544069647789
2005-12-13,unemployment_assessment_shift,2005-11-25,-11,0.0377938374876976
2005-12-13,unemployment_assessment_shift,2005-11-28,-10,0.04436600208282471
2005-12-13,unemployment_assessment_shift,2005-11-29,-9,0.03961002826690674
2005-12-13,unemployment_assessment_shift,2005-11-30,-8,0.038836076855659485
2005-12-13,unemployment_assessment_shift,2005-12-01,-7,0.03971255570650101
2005-12-13,unemployment_assessment_shift,2005-12-02,-6,0.040751732885837555
2005-12-13,unemployment_assessment_shift,2005-12-05,-5,0.03627879172563553
2005-12-13,unemployment_assessment_shift,2005-12-06,-4,0.036421120166778564
2005-12-13,unemployment_assessment_shift,2005-12-07,-3,0.037254706025123596
2005-12-13,unemployment_assessment_shift,2005-12-08,-2,0.04030192270874977
2005-12-13,unemployment_assessment_shift,2005-12-09,-1,0.04407471418380737
2005-12-13,unemployment_assessment_shift,2005-12-12,0,0.03590526431798935
2005-12-13,labor_market_risk_shift,2005-11-02,-26,0.044148024171590805
2005-12-13,labor_market_risk_shift,2005-11-03,-25,0.036943498998880386
2005-12-13,labor_market_risk_shift,2005-11-04,-24,0.034150343388319016
2005-12-13,labor_market_risk_shift,2005-11-07,-23,0.03352183476090431
2005-12-13,labor_market_risk_shift,2005-11-08,-22,0.03361397236585617
2005-12-13,labor_market_risk_shift,2005-11-09,-21,0.03257438540458679
2005-12-13,labor_market_risk_shift,2005-11-10,-20,0.03520648181438446
2005-12-13,labor_market_risk_shift,2005-11-14,-19,0.030095450580120087
2005-12-13,labor_market_risk_shift,2005-11-15,-18,0.03173365816473961
2005-12-13,labor_market_risk_shift,2005-11-16,-17,0.031190235167741776
2005-12-13,labor_market_risk_shift,2005-11-17,-16,0.03476077318191528
2005-12-13,labor_market_risk_shift,2005-11-18,-15,0.03455871716141701
2005-12-13,labor_market_risk_shift,2005-11-21,-14,0.03815515339374542
2005-12-13,labor_market_risk_shift,2005-11-22,-13,0.03926575556397438
2005-12-13,labor_market_risk_shift,2005-11-23,-12,0.036559272557497025
2005-12-13,labor_market_risk_shift,2005-11-25,-11,0.03750412166118622
2005-12-13,labor_market_risk_shift,2005-11-28,-10,0.043871164321899414
2005-12-13,labor_market_risk_shift,2005-11-29,-9,0.040297068655490875
2005-12-13,labor_market_risk_shift,2005-11-30,-8,0.0394531786441803
2005-12-13,labor_market_risk_shift,2005-12-01,-7,0.04000036045908928
2005-12-13,labor_market_risk_shift,2005-12-02,-6,0.04170284792780876
2005-12-13,labor_market_risk_shift,2005-12-05,-5,0.03636682406067848
2005-12-13,labor_market_risk_shift,2005-12-06,-4,0.036619048565626144
2005-12-13,labor_market_risk_shift,2005-12-07,-3,0.03654630854725838
2005-12-13,labor_market_risk_shift,2005-12-08,-2,0.04010916128754616
2005-12-13,labor_market_risk_shift,2005-12-09,-1,0.04492370784282684
2005-12-13,labor_market_risk_shift,2005-12-12,0,0.036128632724285126
2005-12-13,growth_activity_shift,2005-11-02,-26,0.04207700490951538
2005-12-13,growth_activity_shift,2005-11-03,-25,0.03627617657184601
2005-12-13,growth_activity_shift,2005-11-04,-24,0.03408632427453995
2005-12-13,growth_activity_shift,2005-11-07,-23,0.034006234258413315
2005-12-13,growth_activity_shift,2005-11-08,-22,0.03406751900911331
2005-12-13,growth_activity_shift,2005-11-09,-21,0.03300051763653755
2005-12-13,growth_activity_shift,2005-11-10,-20,0.03561200201511383
2005-12-13,growth_activity_shift,2005-11-14,-19,0.03016963228583336
2005-12-13,growth_activity_shift,2005-11-15,-18,0.03208007290959358
2005-12-13,growth_activity_shift,2005-11-16,-17,0.031362682580947876
2005-12-13,growth_activity_shift,2005-11-17,-16,0.03493024408817291
2005-12-13,growth_activity_shift,2005-11-18,-15,0.03454342111945152
2005-12-13,growth_activity_shift,2005-11-21,-14,0.03776347264647484
2005-12-13,growth_activity_shift,2005-11-22,-13,0.03922867774963379
2005-12-13,growth_activity_shift,2005-11-23,-12,0.036341242492198944
2005-12-13,growth_activity_shift,2005-11-25,-11,0.038237862288951874
2005-12-13,growth_activity_shift,2005-11-28,-10,0.0451749712228775
2005-12-13,growth_activity_shift,2005-11-29,-9,0.040440842509269714
2005-12-13,growth_activity_shift,2005-11-30,-8,0.03874165937304497
2005-12-13,growth_activity_shift,2005-12-01,-7,0.03956202045083046
2005-12-13,growth_activity_shift,2005-12-02,-6,0.04169576242566109
2005-12-13,growth_activity_shift,2005-12-05,-5,0.03672371059656143
2005-12-13,growth_activity_shift,2005-12-06,-4,0.03703836724162102
2005-12-13,growth_activity_shift,2005-12-07,-3,0.0370103120803833
2005-12-13,growth_activity_shift,2005-12-08,-2,0.04027001932263374
2005-12-13,growth_activity_shift,2005-12-09,-1,0.043764878064394
2005-12-13,growth_activity_shift,2005-12-12,0,0.03579435870051384
2005-12-13,financial_conditions_shift,2005-11-02,-26,0.03286769613623619
2005-12-13,financial_conditions_shift,2005-11-03,-25,0.0365569144487381
2005-12-13,financial_conditions_shift,2005-11-04,-24,0.038671836256980896
2005-12-13,financial_conditions_shift,2005-11-07,-23,0.03904353082180023
2005-12-13,financial_conditions_shift,2005-11-08,-22,0.03997515141963959
2005-12-13,financial_conditions_shift,2005-11-09,-21,0.03986702486872673
2005-12-13,financial_conditions_shift,2005-11-10,-20,0.03603364899754524
2005-12-13,financial_conditions_shift,2005-11-14,-19,0.040144145488739014
2005-12-13,financial_conditions_shift,2005-11-15,-18,0.03751397505402565
2005-12-13,financial_conditions_shift,2005-11-16,-17,0.03764374554157257
2005-12-13,financial_conditions_shift,2005-11-17,-16,0.03694673627614975
2005-12-13,financial_conditions_shift,2005-11-18,-15,0.03950994461774826
2005-12-13,financial_conditions_shift,2005-11-21,-14,0.03635910898447037
2005-12-13,financial_conditions_shift,2005-11-22,-13,0.03679296374320984
2005-12-13,financial_conditions_shift,2005-11-23,-12,0.039405375719070435
2005-12-13,financial_conditions_shift,2005-11-25,-11,0.03981092944741249
2005-12-13,financial_conditions_shift,2005-11-28,-10,0.03870416432619095
2005-12-13,financial_conditions_shift,2005-11-29,-9,0.03832829371094704
2005-12-13,financial_conditions_shift,2005-11-30,-8,0.03273969143629074
2005-12-13,financial_conditions_shift,2005-12-01,-7,0.0336201936006546
2005-12-13,financial_conditions_shift,2005-12-02,-6,0.03413590043783188
2005-12-13,financial_conditions_shift,2005-12-05,-5,0.036265112459659576
2005-12-13,financial_conditions_shift,2005-12-06,-4,0.03600180894136429
2005-12-13,financial_conditions_shift,2005-12-07,-3,0.03751485422253609
2005-12-13,financial_conditions_shift,2005-12-08,-2,0.03401118516921997
2005-12-13,financial_conditions_shift,2005-12-09,-1,0.03531890735030174
2005-12-13,financial_conditions_shift,2005-12-12,0,0.03621717169880867
2005-12-13,risk_balance_shift,2005-11-02,-26,0.03643229603767395
2005-12-13,risk_balance_shift,2005-11-03,-25,0.035733483731746674
2005-12-13,risk_balance_shift,2005-11-04,-24,0.03598883002996445
2005-12-13,risk_balance_shift,2005-11-07,-23,0.0368020161986351
2005-12-13,risk_balance_shift,2005-11-08,-22,0.03725588694214821
2005-12-13,risk_balance_shift,2005-11-09,-21,0.03691508620977402
2005-12-13,risk_balance_shift,2005-11-10,-20,0.03529052063822746
2005-12-13,risk_balance_shift,2005-11-14,-19,0.0348847322165966
2005-12-13,risk_balance_shift,2005-11-15,-18,0.03366263955831528
2005-12-13,risk_balance_shift,2005-11-16,-17,0.0337543785572052
2005-12-13,risk_balance_shift,2005-11-17,-16,0.03548424318432808
2005-12-13,risk_balance_shift,2005-11-18,-15,0.03742143511772156
2005-12-13,risk_balance_shift,2005-11-21,-14,0.03726800158619881
2005-12-13,risk_balance_shift,2005-11-22,-13,0.03873779997229576
2005-12-13,risk_balance_shift,2005-11-23,-12,0.03891000151634216
2005-12-13,risk_balance_shift,2005-11-25,-11,0.04069510102272034
2005-12-13,risk_balance_shift,2005-11-28,-10,0.04503840208053589
2005-12-13,risk_balance_shift,2005-11-29,-9,0.04023808613419533
2005-12-13,risk_balance_shift,2005-11-30,-8,0.03344036266207695
2005-12-13,risk_balance_shift,2005-12-01,-7,0.03578828647732735
2005-12-13,risk_balance_shift,2005-12-02,-6,0.03756977990269661
2005-12-13,risk_balance_shift,2005-12-05,-5,0.03675386309623718
2005-12-13,risk_balance_shift,2005-12-06,-4,0.03578610718250275
2005-12-13,risk_balance_shift,2005-12-07,-3,0.03821583837270737
2005-12-13,risk_balance_shift,2005-12-08,-2,0.03630440682172775
2005-12-13,risk_balance_shift,2005-12-09,-1,0.04028810188174248
2005-12-13,risk_balance_shift,2005-12-12,0,0.035340309143066406
2005-12-13,committee_dispersion,2005-11-02,-26,0.04217250645160675
2005-12-13,committee_dispersion,2005-11-03,-25,0.03603629767894745
2005-12-13,committee_dispersion,2005-11-04,-24,0.03393533080816269
2005-12-13,committee_dispersion,2005-11-07,-23,0.034080155193805695
2005-12-13,committee_dispersion,2005-11-08,-22,0.034402549266815186
2005-12-13,committee_dispersion,2005-11-09,-21,0.03339388594031334
2005-12-13,committee_dispersion,2005-11-10,-20,0.03508881479501724
2005-12-13,committee_dispersion,2005-11-14,-19,0.030330929905176163
2005-12-13,committee_dispersion,2005-11-15,-18,0.03133542463183403
2005-12-13,committee_dispersion,2005-11-16,-17,0.030933108180761337
2005-12-13,committee_dispersion,2005-11-17,-16,0.0345265194773674
2005-12-13,committee_dispersion,2005-11-18,-15,0.034706566482782364
2005-12-13,committee_dispersion,2005-11-21,-14,0.03736933320760727
2005-12-13,committee_dispersion,2005-11-22,-13,0.03951989859342575
2005-12-13,committee_dispersion,2005-11-23,-12,0.03748873248696327
2005-12-13,committee_dispersion,2005-11-25,-11,0.03877429664134979
2005-12-13,committee_dispersion,2005-11-28,-10,0.04670367017388344
2005-12-13,committee_dispersion,2005-11-29,-9,0.04075724631547928
2005-12-13,committee_dispersion,2005-11-30,-8,0.03769238293170929
2005-12-13,committee_dispersion,2005-12-01,-7,0.038615256547927856
2005-12-13,committee_dispersion,2005-12-02,-6,0.04156939685344696
2005-12-13,committee_dispersion,2005-12-05,-5,0.03646472468972206
2005-12-13,committee_dispersion,2005-12-06,-4,0.03648244962096214
2005-12-13,committee_dispersion,2005-12-07,-3,0.03723293915390968
2005-12-13,committee_dispersion,2005-12-08,-2,0.04001221805810928
2005-12-13,committee_dispersion,2005-12-09,-1,0.04454326629638672
2005-12-13,committee_dispersion,2005-12-12,0,0.035832103341817856
2005-12-13,policy_uncertainty,2005-11-02,-26,0.042603686451911926
2005-12-13,policy_uncertainty,2005-11-03,-25,0.036415956914424896
2005-12-13,policy_uncertainty,2005-11-04,-24,0.034199442714452744
2005-12-13,policy_uncertainty,2005-11-07,-23,0.03412080556154251
2005-12-13,policy_uncertainty,2005-11-08,-22,0.03411011025309563
2005-12-13,policy_uncertainty,2005-11-09,-21,0.033282436430454254
2005-12-13,policy_uncertainty,2005-11-10,-20,0.03564611077308655
2005-12-13,policy_uncertainty,2005-11-14,-19,0.030300987884402275
2005-12-13,policy_uncertainty,2005-11-15,-18,0.031964998692274094
2005-12-13,policy_uncertainty,2005-11-16,-17,0.031283359974622726
2005-12-13,policy_uncertainty,2005-11-17,-16,0.03490641713142395
2005-12-13,policy_uncertainty,2005-11-18,-15,0.03447048366069794
2005-12-13,policy_uncertainty,2005-11-21,-14,0.03789633885025978
2005-12-13,policy_uncertainty,2005-11-22,-13,0.0393202006816864
2005-12-13,policy_uncertainty,2005-11-23,-12,0.036417603492736816
2005-12-13,policy_uncertainty,2005-11-25,-11,0.03773468732833862
2005-12-13,policy_uncertainty,2005-11-28,-10,0.04443397372961044
2005-12-13,policy_uncertainty,2005-11-29,-9,0.0401325561106205
2005-12-13,policy_uncertainty,2005-11-30,-8,0.038724999874830246
2005-12-13,policy_uncertainty,2005-12-01,-7,0.03956346586346626
2005-12-13,policy_uncertainty,2005-12-02,-6,0.041639022529125214
2005-12-13,policy_uncertainty,2005-12-05,-5,0.03648686408996582
2005-12-13,policy_uncertainty,2005-12-06,-4,0.036931369453668594
2005-12-13,policy_uncertainty,2005-12-07,-3,0.037255216389894485
2005-12-13,policy_uncertainty,2005-12-08,-2,0.04027945175766945
2005-12-13,policy_uncertainty,2005-12-09,-1,0.04393645003437996
2005-12-13,policy_uncertainty,2005-12-12,0,0.03594300150871277
2005-12-13,forward_guidance_strength,2005-11-02,-26,0.042833272367715836
2005-12-13,forward_guidance_strength,2005-11-03,-25,0.03626974672079086
2005-12-13,forward_guidance_strength,2005-11-04,-24,0.03376869112253189
2005-12-13,forward_guidance_strength,2005-11-07,-23,0.033810947090387344
2005-12-13,forward_guidance_strength,2005-11-08,-22,0.033540815114974976
2005-12-13,forward_guidance_strength,2005-11-09,-21,0.03283955529332161
2005-12-13,forward_guidance_strength,2005-11-10,-20,0.03495188429951668
2005-12-13,forward_guidance_strength,2005-11-14,-19,0.02994539588689804
2005-12-13,forward_guidance_strength,2005-11-15,-18,0.031526919454336166
2005-12-13,forward_guidance_strength,2005-11-16,-17,0.03131235018372536
2005-12-13,forward_guidance_strength,2005-11-17,-16,0.034873995929956436
2005-12-13,forward_guidance_strength,2005-11-18,-15,0.03492998331785202
2005-12-13,forward_guidance_strength,2005-11-21,-14,0.03828340023756027
2005-12-13,forward_guidance_strength,2005-11-22,-13,0.03971410170197487
2005-12-13,forward_guidance_strength,2005-11-23,-12,0.03711617738008499
2005-12-13,forward_guidance_strength,2005-11-25,-11,0.03831053152680397
2005-12-13,forward_guidance_strength,2005-11-28,-10,0.04513377696275711
2005-12-13,forward_guidance_strength,2005-11-29,-9,0.04055581986904144
2005-12-13,forward_guidance_strength,2005-11-30,-8,0.03858112543821335
2005-12-13,forward_guidance_strength,2005-12-01,-7,0.039340607821941376
2005-12-13,forward_guidance_strength,2005-12-02,-6,0.041152529418468475
2005-12-13,forward_guidance_strength,2005-12-05,-5,0.03630073368549347
2005-12-13,forward_guidance_strength,2005-12-06,-4,0.036436527967453
2005-12-13,forward_guidance_strength,2005-12-07,-3,0.03702789172530174
2005-12-13,forward_guidance_strength,2005-12-08,-2,0.04029736667871475
2005-12-13,forward_guidance_strength,2005-12-09,-1,0.0451434850692749
2005-12-13,forward_guidance_strength,2005-12-12,0,0.03600236028432846
2006-01-31,rate_decision,2005-12-14,-30,0.03390643373131752
2006-01-31,rate_decision,2005-12-15,-29,0.031378328800201416
2006-01-31,rate_decision,2005-12-16,-28,0.03062622994184494
2006-01-31,rate_decision,2005-12-19,-27,0.03147122263908386
2006-01-31,rate_decision,2005-12-20,-26,0.03009212017059326
2006-01-31,rate_decision,2005-12-21,-25,0.030620960518717766
2006-01-31,rate_decision,2005-12-22,-24,0.030851006507873535
2006-01-31,rate_decision,2005-12-23,-23,0.031345635652542114
2006-01-31,rate_decision,2005-12-27,-22,0.032418861985206604
2006-01-31,rate_decision,2005-12-28,-21,0.03344648331403732
2006-01-31,rate_decision,2005-12-29,-20,0.03392494469881058
2006-01-31,rate_decision,2005-12-30,-19,0.03392308950424194
2006-01-31,rate_decision,2006-01-03,-18,0.03256210684776306
2006-01-31,rate_decision,2006-01-04,-17,0.0335143506526947
2006-01-31,rate_decision,2006-01-05,-16,0.03380879759788513
2006-01-31,rate_decision,2006-01-06,-15,0.03440776839852333
2006-01-31,rate_decision,2006-01-09,-14,0.0317082405090332
2006-01-31,rate_decision,2006-01-10,-13,0.028991326689720154
2006-01-31,rate_decision,2006-01-11,-12,0.029871255159378052
2006-01-31,rate_decision,2006-01-12,-11,0.03070937842130661
2006-01-31,rate_decision,2006-01-13,-10,0.03151223063468933
2006-01-31,rate_decision,2006-01-17,-9,0.032727211713790894
2006-01-31,rate_decision,2006-01-18,-8,0.03413069620728493
2006-01-31,rate_decision,2006-01-19,-7,0.03357966989278793
2006-01-31,rate_decision,2006-01-20,-6,0.03315483033657074
2006-01-31,rate_decision,2006-01-23,-5,0.033848006278276443
2006-01-31,rate_decision,2006-01-24,-4,0.03327805921435356
2006-01-31,rate_decision,2006-01-25,-3,0.03092620149254799
2006-01-31,rate_decision,2006-01-26,-2,0.03184029459953308
2006-01-31,rate_decision,2006-01-27,-1,0.031408168375492096
2006-01-31,rate_decision,2006-01-30,0,0.03401608765125275
2006-01-31,current_policy_stance,2005-12-14,-30,0.024638380855321884
2006-01-31,current_policy_stance,2005-12-15,-29,0.025866838172078133
2006-01-31,current_policy_stance,2005-12-16,-28,0.02680087834596634
2006-01-31,current_policy_stance,2005-12-19,-27,0.033951014280319214
2006-01-31,current_policy_stance,2005-12-20,-26,0.03254861384630203
2006-01-31,current_policy_stance,2005-12-21,-25,0.028034484013915062
2006-01-31,current_policy_stance,2005-12-22,-24,0.026409290730953217
2006-01-31,current_policy_stance,2005-12-23,-23,0.026320012286305428
2006-01-31,current_policy_stance,2005-12-27,-22,0.02762780897319317
2006-01-31,current_policy_stance,2005-12-28,-21,0.03072209656238556
2006-01-31,current_policy_stance,2005-12-29,-20,0.03499980270862579
2006-01-31,current_policy_stance,2005-12-30,-19,0.03548258915543556
2006-01-31,current_policy_stance,2006-01-03,-18,0.035670891404151917
2006-01-31,current_policy_stance,2006-01-04,-17,0.033899158239364624
2006-01-31,current_policy_stance,2006-01-05,-16,0.032188910990953445
2006-01-31,current_policy_stance,2006-01-06,-15,0.03398291394114494
2006-01-31,current_policy_stance,2006-01-09,-14,0.03707079589366913
2006-01-31,current_policy_stance,2006-01-10,-13,0.03418273478746414
2006-01-31,current_policy_stance,2006-01-11,-12,0.028649820014834404
2006-01-31,current_policy_stance,2006-01-12,-11,0.028733734041452408
2006-01-31,current_policy_stance,2006-01-13,-10,0.02891589142382145
2006-01-31,current_policy_stance,2006-01-17,-9,0.029095428064465523
2006-01-31,current_policy_stance,2006-01-18,-8,0.029670080170035362
2006-01-31,current_policy_stance,2006-01-19,-7,0.03347102180123329
2006-01-31,current_policy_stance,2006-01-20,-6,0.035015128552913666
2006-01-31,current_policy_stance,2006-01-23,-5,0.04093353822827339
2006-01-31,current_policy_stance,2006-01-24,-4,0.04135487601161003
2006-01-31,current_policy_stance,2006-01-25,-3,0.0390109084546566
2006-01-31,current_policy_stance,2006-01-26,-2,0.03654913604259491
2006-01-31,current_policy_stance,2006-01-27,-1,0.036408618092536926
2006-01-31,current_policy_stance,2006-01-30,0,0.03179461881518364
2006-01-31,policy_stance_shift,2005-12-14,-30,0.025531668215990067
2006-01-31,policy_stance_shift,2005-12-15,-29,0.028876638039946556
2006-01-31,policy_stance_shift,2005-12-16,-28,0.02845410257577896
2006-01-31,policy_stance_shift,2005-12-19,-27,0.03492633253335953
2006-01-31,policy_stance_shift,2005-12-20,-26,0.030482640489935875
2006-01-31,policy_stance_shift,2005-12-21,-25,0.029009617865085602
2006-01-31,policy_stance_shift,2005-12-22,-24,0.028440913185477257
2006-01-31,policy_stance_shift,2005-12-23,-23,0.029877718538045883
2006-01-31,policy_stance_shift,2005-12-27,-22,0.03077610954642296
2006-01-31,policy_stance_shift,2005-12-28,-21,0.030137836933135986
2006-01-31,policy_stance_shift,2005-12-29,-20,0.029109865427017212
2006-01-31,policy_stance_shift,2005-12-30,-19,0.03122665360569954
2006-01-31,policy_stance_shift,2006-01-03,-18,0.03263642638921738
2006-01-31,policy_stance_shift,2006-01-04,-17,0.031923774629831314
2006-01-31,policy_stance_shift,2006-01-05,-16,0.03149602934718132
2006-01-31,policy_stance_shift,2006-01-06,-15,0.0346454381942749
2006-01-31,policy_stance_shift,2006-01-09,-14,0.03572110831737518
2006-01-31,policy_stance_shift,2006-01-10,-13,0.035381611436605453
2006-01-31,policy_stance_shift,2006-01-11,-12,0.0309545136988163
2006-01-31,policy_stance_shift,2006-01-12,-11,0.031509287655353546
2006-01-31,policy_stance_shift,2006-01-13,-10,0.03155345842242241
2006-01-31,policy_stance_shift,2006-01-17,-9,0.03309183940291405
2006-01-31,policy_stance_shift,2006-01-18,-8,0.031511224806308746
2006-01-31,policy_stance_shift,2006-01-19,-7,0.032778482884168625
2006-01-31,policy_stance_shift,2006-01-20,-6,0.03317297250032425
2006-01-31,policy_stance_shift,2006-01-23,-5,0.03635953366756439
2006-01-31,policy_stance_shift,2006-01-24,-4,0.03647729754447937
2006-01-31,policy_stance_shift,2006-01-25,-3,0.037843793630599976
2006-01-31,policy_stance_shift,2006-01-26,-2,0.03448905423283577
2006-01-31,policy_stance_shift,2006-01-27,-1,0.035671573132276535
2006-01-31,policy_stance_shift,2006-01-30,0,0.03593248501420021
2006-01-31,expected_rate_path_shift,2005-12-14,-30,0.03152380883693695
2006-01-31,expected_rate_path_shift,2005-12-15,-29,0.03352964296936989
2006-01-31,expected_rate_path_shift,2005-12-16,-28,0.03220854699611664
2006-01-31,expected_rate_path_shift,2005-12-19,-27,0.03352837637066841
2006-01-31,expected_rate_path_shift,2005-12-20,-26,0.030753381550312042
2006-01-31,expected_rate_path_shift,2005-12-21,-25,0.03230724856257439
2006-01-31,expected_rate_path_shift,2005-12-22,-24,0.03287060558795929
2006-01-31,expected_rate_path_shift,2005-12-23,-23,0.03469168394804001
2006-01-31,expected_rate_path_shift,2005-12-27,-22,0.034645386040210724
2006-01-31,expected_rate_path_shift,2005-12-28,-21,0.031115863472223282
2006-01-31,expected_rate_path_shift,2005-12-29,-20,0.027300521731376648
2006-01-31,expected_rate_path_shift,2005-12-30,-19,0.029304802417755127
2006-01-31,expected_rate_path_shift,2006-01-03,-18,0.030349142849445343
2006-01-31,expected_rate_path_shift,2006-01-04,-17,0.030930474400520325
2006-01-31,expected_rate_path_shift,2006-01-05,-16,0.03138250112533569
2006-01-31,expected_rate_path_shift,2006-01-06,-15,0.033032871782779694
2006-01-31,expected_rate_path_shift,2006-01-09,-14,0.03208690509200096
2006-01-31,expected_rate_path_shift,2006-01-10,-13,0.03445035591721535
2006-01-31,expected_rate_path_shift,2006-01-11,-12,0.03375103697180748
2006-01-31,expected_rate_path_shift,2006-01-12,-11,0.033978842198848724
2006-01-31,expected_rate_path_shift,2006-01-13,-10,0.033995915204286575
2006-01-31,expected_rate_path_shift,2006-01-17,-9,0.03584315627813339
2006-01-31,expected_rate_path_shift,2006-01-18,-8,0.033761195838451385
2006-01-31,expected_rate_path_shift,2006-01-19,-7,0.03214273601770401
2006-01-31,expected_rate_path_shift,2006-01-20,-6,0.031118543818593025
2006-01-31,expected_rate_path_shift,2006-01-23,-5,0.030043812468647957
2006-01-31,expected_rate_path_shift,2006-01-24,-4,0.02966592274606228
2006-01-31,expected_rate_path_shift,2006-01-25,-3,0.03253041207790375
2006-01-31,expected_rate_path_shift,2006-01-26,-2,0.0308169387280941
2006-01-31,expected_rate_path_shift,2006-01-27,-1,0.03183922916650772
2006-01-31,expected_rate_path_shift,2006-01-30,0,0.03450017422437668
2006-01-31,inflation_assessment_shift,2005-12-14,-30,0.025200722739100456
2006-01-31,inflation_assessment_shift,2005-12-15,-29,0.02636161632835865
2006-01-31,inflation_assessment_shift,2005-12-16,-28,0.027201799675822258
2006-01-31,inflation_assessment_shift,2005-12-19,-27,0.03305709734559059
2006-01-31,inflation_assessment_shift,2005-12-20,-26,0.03225218504667282
2006-01-31,inflation_assessment_shift,2005-12-21,-25,0.028462719172239304
2006-01-31,inflation_assessment_shift,2005-12-22,-24,0.027033289894461632
2006-01-31,inflation_assessment_shift,2005-12-23,-23,0.02659706398844719
2006-01-31,inflation_assessment_shift,2005-12-27,-22,0.027584102004766464
2006-01-31,inflation_assessment_shift,2005-12-28,-21,0.030826058238744736
2006-01-31,inflation_assessment_shift,2005-12-29,-20,0.035052813589572906
2006-01-31,inflation_assessment_shift,2005-12-30,-19,0.035464875400066376
2006-01-31,inflation_assessment_shift,2006-01-03,-18,0.035956330597400665
2006-01-31,inflation_assessment_shift,2006-01-04,-17,0.03410463035106659
2006-01-31,inflation_assessment_shift,2006-01-05,-16,0.032330237329006195
2006-01-31,inflation_assessment_shift,2006-01-06,-15,0.03397538885474205
2006-01-31,inflation_assessment_shift,2006-01-09,-14,0.03659740090370178
2006-01-31,inflation_assessment_shift,2006-01-10,-13,0.03359130769968033
2006-01-31,inflation_assessment_shift,2006-01-11,-12,0.028912346810102463
2006-01-31,inflation_assessment_shift,2006-01-12,-11,0.029073908925056458
2006-01-31,inflation_assessment_shift,2006-01-13,-10,0.029079454019665718
2006-01-31,inflation_assessment_shift,2006-01-17,-9,0.02903703786432743
2006-01-31,inflation_assessment_shift,2006-01-18,-8,0.02955283597111702
2006-01-31,inflation_assessment_shift,2006-01-19,-7,0.03311523050069809
2006-01-31,inflation_assessment_shift,2006-01-20,-6,0.03473629057407379
2006-01-31,inflation_assessment_shift,2006-01-23,-5,0.0406532883644104
2006-01-31,inflation_assessment_shift,2006-01-24,-4,0.04103737324476242
2006-01-31,inflation_assessment_shift,2006-01-25,-3,0.03866787627339363
2006-01-31,inflation_assessment_shift,2006-01-26,-2,0.03638403117656708
2006-01-31,inflation_assessment_shift,2006-01-27,-1,0.03621791675686836
2006-01-31,inflation_assessment_shift,2006-01-30,0,0.03188272938132286
2006-01-31,inflation_risk_shift,2005-12-14,-30,0.02830788865685463
2006-01-31,inflation_risk_shift,2005-12-15,-29,0.03084724396467209
2006-01-31,inflation_risk_shift,2005-12-16,-28,0.030079979449510574
2006-01-31,inflation_risk_shift,2005-12-19,-27,0.03374461084604263
2006-01-31,inflation_risk_shift,2005-12-20,-26,0.03019505925476551
2006-01-31,inflation_risk_shift,2005-12-21,-25,0.03038737177848816
2006-01-31,inflation_risk_shift,2005-12-22,-24,0.03045518696308136
2006-01-31,inflation_risk_shift,2005-12-23,-23,0.03199668228626251
2006-01-31,inflation_risk_shift,2005-12-27,-22,0.032472822815179825
2006-01-31,inflation_risk_shift,2005-12-28,-21,0.030416585505008698
2006-01-31,inflation_risk_shift,2005-12-29,-20,0.027996458113193512
2006-01-31,inflation_risk_shift,2005-12-30,-19,0.029657017439603806
2006-01-31,inflation_risk_shift,2006-01-03,-18,0.0316452793776989
2006-01-31,inflation_risk_shift,2006-01-04,-17,0.03168240189552307
2006-01-31,inflation_risk_shift,2006-01-05,-16,0.03166326507925987
2006-01-31,inflation_risk_shift,2006-01-06,-15,0.033923521637916565
2006-01-31,inflation_risk_shift,2006-01-09,-14,0.03397397696971893
2006-01-31,inflation_risk_shift,2006-01-10,-13,0.03446893021464348
2006-01-31,inflation_risk_shift,2006-01-11,-12,0.03209122642874718
2006-01-31,inflation_risk_shift,2006-01-12,-11,0.03252723067998886
2006-01-31,inflation_risk_shift,2006-01-13,-10,0.03289033845067024
2006-01-31,inflation_risk_shift,2006-01-17,-9,0.03426986560225487
2006-01-31,inflation_risk_shift,2006-01-18,-8,0.03273904323577881
2006-01-31,inflation_risk_shift,2006-01-19,-7,0.032666295766830444
2006-01-31,inflation_risk_shift,2006-01-20,-6,0.032335568219423294
2006-01-31,inflation_risk_shift,2006-01-23,-5,0.03411372750997543
2006-01-31,inflation_risk_shift,2006-01-24,-4,0.033915698528289795
2006-01-31,inflation_risk_shift,2006-01-25,-3,0.035470277070999146
2006-01-31,inflation_risk_shift,2006-01-26,-2,0.032918401062488556
2006-01-31,inflation_risk_shift,2006-01-27,-1,0.03466238081455231
2006-01-31,inflation_risk_shift,2006-01-30,0,0.03548567369580269
2006-01-31,unemployment_assessment_shift,2005-12-14,-30,0.024790357798337936
2006-01-31,unemployment_assessment_shift,2005-12-15,-29,0.027326159179210663
2006-01-31,unemployment_assessment_shift,2005-12-16,-28,0.027104657143354416
2006-01-31,unemployment_assessment_shift,2005-12-19,-27,0.03408234193921089
2006-01-31,unemployment_assessment_shift,2005-12-20,-26,0.031134532764554024
2006-01-31,unemployment_assessment_shift,2005-12-21,-25,0.028519509360194206
2006-01-31,unemployment_assessment_shift,2005-12-22,-24,0.02719130367040634
2006-01-31,unemployment_assessment_shift,2005-12-23,-23,0.027827898040413857
2006-01-31,unemployment_assessment_shift,2005-12-27,-22,0.028951819986104965
2006-01-31,unemployment_assessment_shift,2005-12-28,-21,0.030942123383283615
2006-01-31,unemployment_assessment_shift,2005-12-29,-20,0.03255733475089073
2006-01-31,unemployment_assessment_shift,2005-12-30,-19,0.033985208719968796
2006-01-31,unemployment_assessment_shift,2006-01-03,-18,0.03502115234732628
2006-01-31,unemployment_assessment_shift,2006-01-04,-17,0.03380140662193298
2006-01-31,unemployment_assessment_shift,2006-01-05,-16,0.03216668963432312
2006-01-31,unemployment_assessment_shift,2006-01-06,-15,0.03446902334690094
2006-01-31,unemployment_assessment_shift,2006-01-09,-14,0.03646518290042877
2006-01-31,unemployment_assessment_shift,2006-01-10,-13,0.03428983688354492
2006-01-31,unemployment_assessment_shift,2006-01-11,-12,0.029207278043031693
2006-01-31,unemployment_assessment_shift,2006-01-12,-11,0.029666628688573837
2006-01-31,unemployment_assessment_shift,2006-01-13,-10,0.030106551945209503
2006-01-31,unemployment_assessment_shift,2006-01-17,-9,0.030699878931045532
2006-01-31,unemployment_assessment_shift,2006-01-18,-8,0.030376818031072617
2006-01-31,unemployment_assessment_shift,2006-01-19,-7,0.0331570990383625
2006-01-31,unemployment_assessment_shift,2006-01-20,-6,0.03407265245914459
2006-01-31,unemployment_assessment_shift,2006-01-23,-5,0.03962318226695061
2006-01-31,unemployment_assessment_shift,2006-01-24,-4,0.0398004949092865
2006-01-31,unemployment_assessment_shift,2006-01-25,-3,0.03808719664812088
2006-01-31,unemployment_assessment_shift,2006-01-26,-2,0.03535768389701843
2006-01-31,unemployment_assessment_shift,2006-01-27,-1,0.036009710282087326
2006-01-31,unemployment_assessment_shift,2006-01-30,0,0.03320828080177307
2006-01-31,labor_market_risk_shift,2005-12-14,-30,0.03272715210914612
2006-01-31,labor_market_risk_shift,2005-12-15,-29,0.0342898815870285
2006-01-31,labor_market_risk_shift,2005-12-16,-28,0.03257107734680176
2006-01-31,labor_market_risk_shift,2005-12-19,-27,0.03344932943582535
2006-01-31,labor_market_risk_shift,2005-12-20,-26,0.03123648092150688
2006-01-31,labor_market_risk_shift,2005-12-21,-25,0.03297601267695427
2006-01-31,labor_market_risk_shift,2005-12-22,-24,0.03360406681895256
2006-01-31,labor_market_risk_shift,2005-12-23,-23,0.035062119364738464
2006-01-31,labor_market_risk_shift,2005-12-27,-22,0.03445250540971756
2006-01-31,labor_market_risk_shift,2005-12-28,-21,0.030924633145332336
2006-01-31,labor_market_risk_shift,2005-12-29,-20,0.02699122577905655
2006-01-31,labor_market_risk_shift,2005-12-30,-19,0.028995856642723083
2006-01-31,labor_market_risk_shift,2006-01-03,-18,0.030045365914702415
2006-01-31,labor_market_risk_shift,2006-01-04,-17,0.03063185140490532
2006-01-31,labor_market_risk_shift,2006-01-05,-16,0.031190982088446617
2006-01-31,labor_market_risk_shift,2006-01-06,-15,0.0325385183095932
2006-01-31,labor_market_risk_shift,2006-01-09,-14,0.03137272596359253
2006-01-31,labor_market_risk_shift,2006-01-10,-13,0.03434379771351814
2006-01-31,labor_market_risk_shift,2006-01-11,-12,0.0342719592154026
2006-01-31,labor_market_risk_shift,2006-01-12,-11,0.03420267254114151
2006-01-31,labor_market_risk_shift,2006-01-13,-10,0.033723197877407074
2006-01-31,labor_market_risk_shift,2006-01-17,-9,0.03527171537280083
2006-01-31,labor_market_risk_shift,2006-01-18,-8,0.033420857042074203
2006-01-31,labor_market_risk_shift,2006-01-19,-7,0.031619176268577576
2006-01-31,labor_market_risk_shift,2006-01-20,-6,0.030698329210281372
2006-01-31,labor_market_risk_shift,2006-01-23,-5,0.029686210677027702
2006-01-31,labor_market_risk_shift,2006-01-24,-4,0.029392026364803314
2006-01-31,labor_market_risk_shift,2006-01-25,-3,0.032546043395996094
2006-01-31,labor_market_risk_shift,2006-01-26,-2,0.03098161891102791
2006-01-31,labor_market_risk_shift,2006-01-27,-1,0.0322372131049633
2006-01-31,labor_market_risk_shift,2006-01-30,0,0.034545402973890305
2006-01-31,growth_activity_shift,2005-12-14,-30,0.028776880353689194
2006-01-31,growth_activity_shift,2005-12-15,-29,0.031222211197018623
2006-01-31,growth_activity_shift,2005-12-16,-28,0.030925195664167404
2006-01-31,growth_activity_shift,2005-12-19,-27,0.03404507786035538
2006-01-31,growth_activity_shift,2005-12-20,-26,0.030545569956302643
2006-01-31,growth_activity_shift,2005-12-21,-25,0.03100467473268509
2006-01-31,growth_activity_shift,2005-12-22,-24,0.03125863894820213
2006-01-31,growth_activity_shift,2005-12-23,-23,0.03262939676642418
2006-01-31,growth_activity_shift,2005-12-27,-22,0.03253098949790001
2006-01-31,growth_activity_shift,2005-12-28,-21,0.03027801588177681
2006-01-31,growth_activity_shift,2005-12-29,-20,0.027605600655078888
2006-01-31,growth_activity_shift,2005-12-30,-19,0.029795236885547638
2006-01-31,growth_activity_shift,2006-01-03,-18,0.031987376511096954
2006-01-31,growth_activity_shift,2006-01-04,-17,0.031789664179086685
2006-01-31,growth_activity_shift,2006-01-05,-16,0.031069360673427582
2006-01-31,growth_activity_shift,2006-01-06,-15,0.033267464488744736
2006-01-31,growth_activity_shift,2006-01-09,-14,0.03349519520998001
2006-01-31,growth_activity_shift,2006-01-10,-13,0.0345158614218235
2006-01-31,growth_activity_shift,2006-01-11,-12,0.03235534206032753
2006-01-31,growth_activity_shift,2006-01-12,-11,0.0330512598156929
2006-01-31,growth_activity_shift,2006-01-13,-10,0.032566558569669724
2006-01-31,growth_activity_shift,2006-01-17,-9,0.033838510513305664
2006-01-31,growth_activity_shift,2006-01-18,-8,0.03230491280555725
2006-01-31,growth_activity_shift,2006-01-19,-7,0.03191496059298515
2006-01-31,growth_activity_shift,2006-01-20,-6,0.03187870606780052
2006-01-31,growth_activity_shift,2006-01-23,-5,0.033744316548109055
2006-01-31,growth_activity_shift,2006-01-24,-4,0.03353198990225792
2006-01-31,growth_activity_shift,2006-01-25,-3,0.03545646369457245
2006-01-31,growth_activity_shift,2006-01-26,-2,0.03291812166571617
2006-01-31,growth_activity_shift,2006-01-27,-1,0.034576255828142166
2006-01-31,growth_activity_shift,2006-01-30,0,0.03512018918991089
2006-01-31,financial_conditions_shift,2005-12-14,-30,0.02746843919157982
2006-01-31,financial_conditions_shift,2005-12-15,-29,0.030827544629573822
2006-01-31,financial_conditions_shift,2005-12-16,-28,0.030129235237836838
2006-01-31,financial_conditions_shift,2005-12-19,-27,0.03399468585848808
2006-01-31,financial_conditions_shift,2005-12-20,-26,0.031066782772541046
2006-01-31,financial_conditions_shift,2005-12-21,-25,0.03058805875480175
2006-01-31,financial_conditions_shift,2005-12-22,-24,0.029875926673412323
2006-01-31,financial_conditions_shift,2005-12-23,-23,0.03130939602851868
2006-01-31,financial_conditions_shift,2005-12-27,-22,0.03184053301811218
2006-01-31,financial_conditions_shift,2005-12-28,-21,0.03047236055135727
2006-01-31,financial_conditions_shift,2005-12-29,-20,0.028847333043813705
2006-01-31,financial_conditions_shift,2005-12-30,-19,0.030581723898649216
2006-01-31,financial_conditions_shift,2006-01-03,-18,0.032367631793022156
2006-01-31,financial_conditions_shift,2006-01-04,-17,0.03152924031019211
2006-01-31,financial_conditions_shift,2006-01-05,-16,0.031127367168664932
2006-01-31,financial_conditions_shift,2006-01-06,-15,0.03348008915781975
2006-01-31,financial_conditions_shift,2006-01-09,-14,0.0342385396361351
2006-01-31,financial_conditions_shift,2006-01-10,-13,0.03497256711125374
2006-01-31,financial_conditions_shift,2006-01-11,-12,0.031902946531772614
2006-01-31,financial_conditions_shift,2006-01-12,-11,0.03172392398118973
2006-01-31,financial_conditions_shift,2006-01-13,-10,0.0317050963640213
2006-01-31,financial_conditions_shift,2006-01-17,-9,0.03296085447072983
2006-01-31,financial_conditions_shift,2006-01-18,-8,0.03107367642223835
2006-01-31,financial_conditions_shift,2006-01-19,-7,0.03201232850551605
2006-01-31,financial_conditions_shift,2006-01-20,-6,0.032718680799007416
2006-01-31,financial_conditions_shift,2006-01-23,-5,0.03522549569606781
2006-01-31,financial_conditions_shift,2006-01-24,-4,0.03508177772164345
2006-01-31,financial_conditions_shift,2006-01-25,-3,0.03726033866405487
2006-01-31,financial_conditions_shift,2006-01-26,-2,0.033762216567993164
2006-01-31,financial_conditions_shift,2006-01-27,-1,0.035429611802101135
2006-01-31,financial_conditions_shift,2006-01-30,0,0.03442557901144028
2006-01-31,risk_balance_shift,2005-12-14,-30,0.028721919283270836
2006-01-31,risk_balance_shift,2005-12-15,-29,0.031709201633930206
2006-01-31,risk_balance_shift,2005-12-16,-28,0.030006326735019684
2006-01-31,risk_balance_shift,2005-12-19,-27,0.033809877932071686
2006-01-31,risk_balance_shift,2005-12-20,-26,0.030473768711090088
2006-01-31,risk_balance_shift,2005-12-21,-25,0.030821528285741806
2006-01-31,risk_balance_shift,2005-12-22,-24,0.030518433079123497
2006-01-31,risk_balance_shift,2005-12-23,-23,0.032182060182094574
2006-01-31,risk_balance_shift,2005-12-27,-22,0.032056085765361786
2006-01-31,risk_balance_shift,2005-12-28,-21,0.029981043189764023
2006-01-31,risk_balance_shift,2005-12-29,-20,0.02833206206560135
2006-01-31,risk_balance_shift,2005-12-30,-19,0.03026212565600872
2006-01-31,risk_balance_shift,2006-01-03,-18,0.03189171850681305
2006-01-31,risk_balance_shift,2006-01-04,-17,0.03155902028083801
2006-01-31,risk_balance_shift,2006-01-05,-16,0.030900586396455765
2006-01-31,risk_balance_shift,2006-01-06,-15,0.03320464864373207
2006-01-31,risk_balance_shift,2006-01-09,-14,0.033732783049345016
2006-01-31,risk_balance_shift,2006-01-10,-13,0.03519439697265625
2006-01-31,risk_balance_shift,2006-01-11,-12,0.03248176351189613
2006-01-31,risk_balance_shift,2006-01-12,-11,0.03267420828342438
2006-01-31,risk_balance_shift,2006-01-13,-10,0.032881323248147964
2006-01-31,risk_balance_shift,2006-01-17,-9,0.034261081367731094
2006-01-31,risk_balance_shift,2006-01-18,-8,0.031690869480371475
2006-01-31,risk_balance_shift,2006-01-19,-7,0.031902994960546494
2006-01-31,risk_balance_shift,2006-01-20,-6,0.03203238919377327
2006-01-31,risk_balance_shift,2006-01-23,-5,0.03393460810184479
2006-01-31,risk_balance_shift,2006-01-24,-4,0.033820729702711105
2006-01-31,risk_balance_shift,2006-01-25,-3,0.03529864549636841
2006-01-31,risk_balance_shift,2006-01-26,-2,0.033121462911367416
2006-01-31,risk_balance_shift,2006-01-27,-1,0.035041775554418564
2006-01-31,risk_balance_shift,2006-01-30,0,0.035500600934028625
2006-01-31,committee_dispersion,2005-12-14,-30,0.03362538665533066
2006-01-31,committee_dispersion,2005-12-15,-29,0.0344931036233902
2006-01-31,committee_dispersion,2005-12-16,-28,0.03300825506448746
2006-01-31,committee_dispersion,2005-12-19,-27,0.03317442536354065
2006-01-31,committee_dispersion,2005-12-20,-26,0.031013155356049538
2006-01-31,committee_dispersion,2005-12-21,-25,0.03316346928477287
2006-01-31,committee_dispersion,2005-12-22,-24,0.03396178409457207
2006-01-31,committee_dispersion,2005-12-23,-23,0.03561774268746376
2006-01-31,committee_dispersion,2005-12-27,-22,0.03502006456255913
2006-01-31,committee_dispersion,2005-12-28,-21,0.03092026337981224
2006-01-31,committee_dispersion,2005-12-29,-20,0.02715134620666504
2006-01-31,committee_dispersion,2005-12-30,-19,0.028842289000749588
2006-01-31,committee_dispersion,2006-01-03,-18,0.030021581798791885
2006-01-31,committee_dispersion,2006-01-04,-17,0.030621174722909927
2006-01-31,committee_dispersion,2006-01-05,-16,0.03122541308403015
2006-01-31,committee_dispersion,2006-01-06,-15,0.03225506469607353
2006-01-31,committee_dispersion,2006-01-09,-14,0.031052585691213608
2006-01-31,committee_dispersion,2006-01-10,-13,0.03378415107727051
2006-01-31,committee_dispersion,2006-01-11,-12,0.03429284319281578
2006-01-31,committee_dispersion,2006-01-12,-11,0.03445316106081009
2006-01-31,committee_dispersion,2006-01-13,-10,0.03435784578323364
2006-01-31,committee_dispersion,2006-01-17,-9,0.03576645627617836
2006-01-31,committee_dispersion,2006-01-18,-8,0.03358728438615799
2006-01-31,committee_dispersion,2006-01-19,-7,0.0315706692636013
2006-01-31,committee_dispersion,2006-01-20,-6,0.030457332730293274
2006-01-31,committee_dispersion,2006-01-23,-5,0.029098588973283768
2006-01-31,committee_dispersion,2006-01-24,-4,0.028718208894133568
2006-01-31,committee_dispersion,2006-01-25,-3,0.03162187710404396
2006-01-31,committee_dispersion,2006-01-26,-2,0.030550528317689896
2006-01-31,committee_dispersion,2006-01-27,-1,0.03175746276974678
2006-01-31,committee_dispersion,2006-01-30,0,0.034816525876522064
2006-01-31,policy_uncertainty,2005-12-14,-30,0.0251751821488142
2006-01-31,policy_uncertainty,2005-12-15,-29,0.02801486849784851
2006-01-31,policy_uncertainty,2005-12-16,-28,0.028139572590589523
2006-01-31,policy_uncertainty,2005-12-19,-27,0.03467012569308281
2006-01-31,policy_uncertainty,2005-12-20,-26,0.030879825353622437
2006-01-31,policy_uncertainty,2005-12-21,-25,0.028725866228342056
2006-01-31,policy_uncertainty,2005-12-22,-24,0.028008125722408295
2006-01-31,policy_uncertainty,2005-12-23,-23,0.02888679690659046
2006-01-31,policy_uncertainty,2005-12-27,-22,0.029831210151314735
2006-01-31,policy_uncertainty,2005-12-28,-21,0.030482374131679535
2006-01-31,policy_uncertainty,2005-12-29,-20,0.030775848776102066
2006-01-31,policy_uncertainty,2005-12-30,-19,0.0323190875351429
2006-01-31,policy_uncertainty,2006-01-03,-18,0.033711858093738556
2006-01-31,policy_uncertainty,2006-01-04,-17,0.03256499767303467
2006-01-31,policy_uncertainty,2006-01-05,-16,0.03129446506500244
2006-01-31,policy_uncertainty,2006-01-06,-15,0.034217141568660736
2006-01-31,policy_uncertainty,2006-01-09,-14,0.036429598927497864
2006-01-31,policy_uncertainty,2006-01-10,-13,0.03496833145618439
2006-01-31,policy_uncertainty,2006-01-11,-12,0.030352262780070305
2006-01-31,policy_uncertainty,2006-01-12,-11,0.030766520649194717
2006-01-31,policy_uncertainty,2006-01-13,-10,0.030832044780254364
2006-01-31,policy_uncertainty,2006-01-17,-9,0.03167534992098808
2006-01-31,policy_uncertainty,2006-01-18,-8,0.030613195151090622
2006-01-31,policy_uncertainty,2006-01-19,-7,0.03254785016179085
2006-01-31,policy_uncertainty,2006-01-20,-6,0.03358873724937439
2006-01-31,policy_uncertainty,2006-01-23,-5,0.03799563646316528
2006-01-31,policy_uncertainty,2006-01-24,-4,0.03828037902712822
2006-01-31,policy_uncertainty,2006-01-25,-3,0.03820463642477989
2006-01-31,policy_uncertainty,2006-01-26,-2,0.0351310670375824
2006-01-31,policy_uncertainty,2006-01-27,-1,0.036069441586732864
2006-01-31,policy_uncertainty,2006-01-30,0,0.03484763950109482
2006-01-31,forward_guidance_strength,2005-12-14,-30,0.031167414039373398
2006-01-31,forward_guidance_strength,2005-12-15,-29,0.033086374402046204
2006-01-31,forward_guidance_strength,2005-12-16,-28,0.03142515942454338
2006-01-31,forward_guidance_strength,2005-12-19,-27,0.03388139605522156
2006-01-31,forward_guidance_strength,2005-12-20,-26,0.030592570081353188
2006-01-31,forward_guidance_strength,2005-12-21,-25,0.03207165747880936
2006-01-31,forward_guidance_strength,2005-12-22,-24,0.03235733136534691
2006-01-31,forward_guidance_strength,2005-12-23,-23,0.034090157598257065
2006-01-31,forward_guidance_strength,2005-12-27,-22,0.033672161400318146
2006-01-31,forward_guidance_strength,2005-12-28,-21,0.03064882382750511
2006-01-31,forward_guidance_strength,2005-12-29,-20,0.027297036722302437
2006-01-31,forward_guidance_strength,2005-12-30,-19,0.02938339114189148
2006-01-31,forward_guidance_strength,2006-01-03,-18,0.030946193262934685
2006-01-31,forward_guidance_strength,2006-01-04,-17,0.03119003027677536
2006-01-31,forward_guidance_strength,2006-01-05,-16,0.03118310123682022
2006-01-31,forward_guidance_strength,2006-01-06,-15,0.03308727592229843
2006-01-31,forward_guidance_strength,2006-01-09,-14,0.0323944017291069
2006-01-31,forward_guidance_strength,2006-01-10,-13,0.0343913771212101
2006-01-31,forward_guidance_strength,2006-01-11,-12,0.03340831398963928
2006-01-31,forward_guidance_strength,2006-01-12,-11,0.033608537167310715
2006-01-31,forward_guidance_strength,2006-01-13,-10,0.03327766805887222
2006-01-31,forward_guidance_strength,2006-01-17,-9,0.0346820242702961
2006-01-31,forward_guidance_strength,2006-01-18,-8,0.032828643918037415
2006-01-31,forward_guidance_strength,2006-01-19,-7,0.031782202422618866
2006-01-31,forward_guidance_strength,2006-01-20,-6,0.031219182536005974
2006-01-31,forward_guidance_strength,2006-01-23,-5,0.031440574675798416
2006-01-31,forward_guidance_strength,2006-01-24,-4,0.031087661162018776
2006-01-31,forward_guidance_strength,2006-01-25,-3,0.033943213522434235
2006-01-31,forward_guidance_strength,2006-01-26,-2,0.03191196173429489
2006-01-31,forward_guidance_strength,2006-01-27,-1,0.03318040817975998
2006-01-31,forward_guidance_strength,2006-01-30,0,0.03476376459002495
2006-03-28,rate_decision,2006-02-01,-37,0.030139917507767677
2006-03-28,rate_decision,2006-02-02,-36,0.025188788771629333
2006-03-28,rate_decision,2006-02-03,-35,0.02539937011897564
2006-03-28,rate_decision,2006-02-06,-34,0.025625232607126236
2006-03-28,rate_decision,2006-02-07,-33,0.024836143478751183
2006-03-28,rate_decision,2006-02-08,-32,0.026195310056209564
2006-03-28,rate_decision,2006-02-09,-31,0.026018626987934113
2006-03-28,rate_decision,2006-02-10,-30,0.025035858154296875
2006-03-28,rate_decision,2006-02-13,-29,0.025044597685337067
2006-03-28,rate_decision,2006-02-14,-28,0.02504107356071472
2006-03-28,rate_decision,2006-02-15,-27,0.025029093027114868
2006-03-28,rate_decision,2006-02-16,-26,0.026550453156232834
2006-03-28,rate_decision,2006-02-17,-25,0.025935709476470947
2006-03-28,rate_decision,2006-02-21,-24,0.025889402255415916
2006-03-28,rate_decision,2006-02-22,-23,0.02620273269712925
2006-03-28,rate_decision,2006-02-23,-22,0.02527206391096115
2006-03-28,rate_decision,2006-02-24,-21,0.025356829166412354
2006-03-28,rate_decision,2006-02-27,-20,0.027188360691070557
2006-03-28,rate_decision,2006-02-28,-19,0.028223054483532906
2006-03-28,rate_decision,2006-03-01,-18,0.02812296524643898
2006-03-28,rate_decision,2006-03-02,-17,0.0287800095975399
2006-03-28,rate_decision,2006-03-03,-16,0.027670735493302345
2006-03-28,rate_decision,2006-03-06,-15,0.02662177011370659
2006-03-28,rate_decision,2006-03-07,-14,0.026771048083901405
2006-03-28,rate_decision,2006-03-08,-13,0.02702687308192253
2006-03-28,rate_decision,2006-03-09,-12,0.025489475578069687
2006-03-28,rate_decision,2006-03-10,-11,0.025264183059334755
2006-03-28,rate_decision,2006-03-13,-10,0.026462776586413383
2006-03-28,rate_decision,2006-03-14,-9,0.026045115664601326
2006-03-28,rate_decision,2006-03-15,-8,0.026754159480333328
2006-03-28,rate_decision,2006-03-16,-7,0.02698841318488121
2006-03-28,rate_decision,2006-03-17,-6,0.027857840061187744
2006-03-28,rate_decision,2006-03-20,-5,0.025979893282055855
2006-03-28,rate_decision,2006-03-21,-4,0.027352388948202133
2006-03-28,rate_decision,2006-03-22,-3,0.024461787194013596
2006-03-28,rate_decision,2006-03-23,-2,0.025424424558877945
2006-03-28,rate_decision,2006-03-24,-1,0.025902636349201202
2006-03-28,rate_decision,2006-03-27,0,0.026850862428545952
2006-03-28,current_policy_stance,2006-02-01,-37,0.027919506654143333
2006-03-28,current_policy_stance,2006-02-02,-36,0.022838374599814415
2006-03-28,current_policy_stance,2006-02-03,-35,0.023578321561217308
2006-03-28,current_policy_stance,2006-02-06,-34,0.02277293987572193
2006-03-28,current_policy_stance,2006-02-07,-33,0.023186378180980682
2006-03-28,current_policy_stance,2006-02-08,-32,0.025602087378501892
2006-03-28,current_policy_stance,2006-02-09,-31,0.023945258930325508
2006-03-28,current_policy_stance,2006-02-10,-30,0.024254482239484787
2006-03-28,current_policy_stance,2006-02-13,-29,0.0251920185983181
2006-03-28,current_policy_stance,2006-02-14,-28,0.023196257650852203
2006-03-28,current_policy_stance,2006-02-15,-27,0.022403009235858917
2006-03-28,current_policy_stance,2006-02-16,-26,0.023057036101818085
2006-03-28,current_policy_stance,2006-02-17,-25,0.023298634216189384
2006-03-28,current_policy_stance,2006-02-21,-24,0.022774018347263336
2006-03-28,current_policy_stance,2006-02-22,-23,0.025197869166731834
2006-03-28,current_policy_stance,2006-02-23,-22,0.026298703625798225
2006-03-28,current_policy_stance,2006-02-24,-21,0.026060255244374275
2006-03-28,current_policy_stance,2006-02-27,-20,0.02641800232231617
2006-03-28,current_policy_stance,2006-02-28,-19,0.02838580682873726
2006-03-28,current_policy_stance,2006-03-01,-18,0.029947984963655472
2006-03-28,current_policy_stance,2006-03-02,-17,0.03157523274421692
2006-03-28,current_policy_stance,2006-03-03,-16,0.030525250360369682
2006-03-28,current_policy_stance,2006-03-06,-15,0.029849600046873093
2006-03-28,current_policy_stance,2006-03-07,-14,0.02780902199447155
2006-03-28,current_policy_stance,2006-03-08,-13,0.02660573460161686
2006-03-28,current_policy_stance,2006-03-09,-12,0.027575122192502022
2006-03-28,current_policy_stance,2006-03-10,-11,0.025658462196588516
2006-03-28,current_policy_stance,2006-03-13,-10,0.025434713810682297
2006-03-28,current_policy_stance,2006-03-14,-9,0.02423509582877159
2006-03-28,current_policy_stance,2006-03-15,-8,0.024195842444896698
2006-03-28,current_policy_stance,2006-03-16,-7,0.02489463798701763
2006-03-28,current_policy_stance,2006-03-17,-6,0.029399331659078598
2006-03-28,current_policy_stance,2006-03-20,-5,0.03438364341855049
2006-03-28,current_policy_stance,2006-03-21,-4,0.034912530332803726
2006-03-28,current_policy_stance,2006-03-22,-3,0.030530204996466637
2006-03-28,current_policy_stance,2006-03-23,-2,0.0251733660697937
2006-03-28,current_policy_stance,2006-03-24,-1,0.02775888331234455
2006-03-28,current_policy_stance,2006-03-27,0,0.023156389594078064
2006-03-28,policy_stance_shift,2006-02-01,-37,0.025962000712752342
2006-03-28,policy_stance_shift,2006-02-02,-36,0.022699184715747833
2006-03-28,policy_stance_shift,2006-02-03,-35,0.02288408763706684
2006-03-28,policy_stance_shift,2006-02-06,-34,0.02365656942129135
2006-03-28,policy_stance_shift,2006-02-07,-33,0.023925606161355972
2006-03-28,policy_stance_shift,2006-02-08,-32,0.024886080995202065
2006-03-28,policy_stance_shift,2006-02-09,-31,0.024176765233278275
2006-03-28,policy_stance_shift,2006-02-10,-30,0.024365901947021484
2006-03-28,policy_stance_shift,2006-02-13,-29,0.02380850911140442
2006-03-28,policy_stance_shift,2006-02-14,-28,0.02363578975200653
2006-03-28,policy_stance_shift,2006-02-15,-27,0.0233034435659647
2006-03-28,policy_stance_shift,2006-02-16,-26,0.024120289832353592
2006-03-28,policy_stance_shift,2006-02-17,-25,0.023935403674840927
2006-03-28,policy_stance_shift,2006-02-21,-24,0.025218548253178596
2006-03-28,policy_stance_shift,2006-02-22,-23,0.0245366208255291
2006-03-28,policy_stance_shift,2006-02-23,-22,0.026237264275550842
2006-03-28,policy_stance_shift,2006-02-24,-21,0.024028230458498
2006-03-28,policy_stance_shift,2006-02-27,-20,0.02529188245534897
2006-03-28,policy_stance_shift,2006-02-28,-19,0.02626783400774002
2006-03-28,policy_stance_shift,2006-03-01,-18,0.02782536670565605
2006-03-28,policy_stance_shift,2006-03-02,-17,0.02890397608280182
2006-03-28,policy_stance_shift,2006-03-03,-16,0.028603214770555496
2006-03-28,policy_stance_shift,2006-03-06,-15,0.028916995972394943
2006-03-28,policy_stance_shift,2006-03-07,-14,0.027695029973983765
2006-03-28,policy_stance_shift,2006-03-08,-13,0.02817234769463539
2006-03-28,policy_stance_shift,2006-03-09,-12,0.02903408370912075
2006-03-28,policy_stance_shift,2006-03-10,-11,0.027946362271904945
2006-03-28,policy_stance_shift,2006-03-13,-10,0.027632519602775574
2006-03-28,policy_stance_shift,2006-03-14,-9,0.025137292221188545
2006-03-28,policy_stance_shift,2006-03-15,-8,0.027517450973391533
2006-03-28,policy_stance_shift,2006-03-16,-7,0.0255558043718338
2006-03-28,policy_stance_shift,2006-03-17,-6,0.030074644833803177
2006-03-28,policy_stance_shift,2006-03-20,-5,0.031247269362211227
2006-03-28,policy_stance_shift,2006-03-21,-4,0.03412032499909401
2006-03-28,policy_stance_shift,2006-03-22,-3,0.02780914306640625
2006-03-28,policy_stance_shift,2006-03-23,-2,0.02735835500061512
2006-03-28,policy_stance_shift,2006-03-24,-1,0.02523135207593441
2006-03-28,policy_stance_shift,2006-03-27,0,0.02827846258878708
2006-03-28,expected_rate_path_shift,2006-02-01,-37,0.025527482852339745
2006-03-28,expected_rate_path_shift,2006-02-02,-36,0.024741461500525475
2006-03-28,expected_rate_path_shift,2006-02-03,-35,0.02428070828318596
2006-03-28,expected_rate_path_shift,2006-02-06,-34,0.025913670659065247
2006-03-28,expected_rate_path_shift,2006-02-07,-33,0.025609061121940613
2006-03-28,expected_rate_path_shift,2006-02-08,-32,0.024501660838723183
2006-03-28,expected_rate_path_shift,2006-02-09,-31,0.025040559470653534
2006-03-28,expected_rate_path_shift,2006-02-10,-30,0.025317465886473656
2006-03-28,expected_rate_path_shift,2006-02-13,-29,0.023932840675115585
2006-03-28,expected_rate_path_shift,2006-02-14,-28,0.02560967579483986
2006-03-28,expected_rate_path_shift,2006-02-15,-27,0.026039931923151016
2006-03-28,expected_rate_path_shift,2006-02-16,-26,0.02625865489244461
2006-03-28,expected_rate_path_shift,2006-02-17,-25,0.026098618283867836
2006-03-28,expected_rate_path_shift,2006-02-21,-24,0.027959225699305534
2006-03-28,expected_rate_path_shift,2006-02-22,-23,0.025202551856637
2006-03-28,expected_rate_path_shift,2006-02-23,-22,0.026652343571186066
2006-03-28,expected_rate_path_shift,2006-02-24,-21,0.024043463170528412
2006-03-28,expected_rate_path_shift,2006-02-27,-20,0.025068258866667747
2006-03-28,expected_rate_path_shift,2006-02-28,-19,0.024670567363500595
2006-03-28,expected_rate_path_shift,2006-03-01,-18,0.02539171278476715
2006-03-28,expected_rate_path_shift,2006-03-02,-17,0.024981247261166573
2006-03-28,expected_rate_path_shift,2006-03-03,-16,0.02583768591284752
2006-03-28,expected_rate_path_shift,2006-03-06,-15,0.02643347531557083
2006-03-28,expected_rate_path_shift,2006-03-07,-14,0.02654721401631832
2006-03-28,expected_rate_path_shift,2006-03-08,-13,0.02760985866189003
2006-03-28,expected_rate_path_shift,2006-03-09,-12,0.027756592258810997
2006-03-28,expected_rate_path_shift,2006-03-10,-11,0.028447991237044334
2006-03-28,expected_rate_path_shift,2006-03-13,-10,0.02811454050242901
2006-03-28,expected_rate_path_shift,2006-03-14,-9,0.027015510946512222
2006-03-28,expected_rate_path_shift,2006-03-15,-8,0.02986818738281727
2006-03-28,expected_rate_path_shift,2006-03-16,-7,0.027583472430706024
2006-03-28,expected_rate_path_shift,2006-03-17,-6,0.028605181723833084
2006-03-28,expected_rate_path_shift,2006-03-20,-5,0.026211494579911232
2006-03-28,expected_rate_path_shift,2006-03-21,-4,0.028820490464568138
2006-03-28,expected_rate_path_shift,2006-03-22,-3,0.025310643017292023
2006-03-28,expected_rate_path_shift,2006-03-23,-2,0.02848738618195057
2006-03-28,expected_rate_path_shift,2006-03-24,-1,0.023632097989320755
2006-03-28,expected_rate_path_shift,2006-03-27,0,0.030876994132995605
2006-03-28,inflation_assessment_shift,2006-02-01,-37,0.027131404727697372
2006-03-28,inflation_assessment_shift,2006-02-02,-36,0.02601548470556736
2006-03-28,inflation_assessment_shift,2006-02-03,-35,0.02493821643292904
2006-03-28,inflation_assessment_shift,2006-02-06,-34,0.02633713372051716
2006-03-28,inflation_assessment_shift,2006-02-07,-33,0.026006491854786873
2006-03-28,inflation_assessment_shift,2006-02-08,-32,0.024832919239997864
2006-03-28,inflation_assessment_shift,2006-02-09,-31,0.02545594424009323
2006-03-28,inflation_assessment_shift,2006-02-10,-30,0.02559117041528225
2006-03-28,inflation_assessment_shift,2006-02-13,-29,0.02422967180609703
2006-03-28,inflation_assessment_shift,2006-02-14,-28,0.026195235550403595
2006-03-28,inflation_assessment_shift,2006-02-15,-27,0.026846257969737053
2006-03-28,inflation_assessment_shift,2006-02-16,-26,0.026878442615270615
2006-03-28,inflation_assessment_shift,2006-02-17,-25,0.026533637195825577
2006-03-28,inflation_assessment_shift,2006-02-21,-24,0.02826067991554737
2006-03-28,inflation_assessment_shift,2006-02-22,-23,0.02528461441397667
2006-03-28,inflation_assessment_shift,2006-02-23,-22,0.026273511350154877
2006-03-28,inflation_assessment_shift,2006-02-24,-21,0.024208074435591698
2006-03-28,inflation_assessment_shift,2006-02-27,-20,0.02507212571799755
2006-03-28,inflation_assessment_shift,2006-02-28,-19,0.024294568225741386
2006-03-28,inflation_assessment_shift,2006-03-01,-18,0.024511629715561867
2006-03-28,inflation_assessment_shift,2006-03-02,-17,0.0240470040589571
2006-03-28,inflation_assessment_shift,2006-03-03,-16,0.025058351457118988
2006-03-28,inflation_assessment_shift,2006-03-06,-15,0.025989901274442673
2006-03-28,inflation_assessment_shift,2006-03-07,-14,0.026460886001586914
2006-03-28,inflation_assessment_shift,2006-03-08,-13,0.027522949501872063
2006-03-28,inflation_assessment_shift,2006-03-09,-12,0.027447666972875595
2006-03-28,inflation_assessment_shift,2006-03-10,-11,0.028379887342453003
2006-03-28,inflation_assessment_shift,2006-03-13,-10,0.028050893917679787
2006-03-28,inflation_assessment_shift,2006-03-14,-9,0.02735907770693302
2006-03-28,inflation_assessment_shift,2006-03-15,-8,0.029736626893281937
2006-03-28,inflation_assessment_shift,2006-03-16,-7,0.027712468057870865
2006-03-28,inflation_assessment_shift,2006-03-17,-6,0.027493473142385483
2006-03-28,inflation_assessment_shift,2006-03-20,-5,0.02484024316072464
2006-03-28,inflation_assessment_shift,2006-03-21,-4,0.02690822072327137
2006-03-28,inflation_assessment_shift,2006-03-22,-3,0.02518710307776928
2006-03-28,inflation_assessment_shift,2006-03-23,-2,0.028727496042847633
2006-03-28,inflation_assessment_shift,2006-03-24,-1,0.02389104664325714
2006-03-28,inflation_assessment_shift,2006-03-27,0,0.030289484187960625
2006-03-28,inflation_risk_shift,2006-02-01,-37,0.02733479253947735
2006-03-28,inflation_risk_shift,2006-02-02,-36,0.024323148652911186
2006-03-28,inflation_risk_shift,2006-02-03,-35,0.023972557857632637
2006-03-28,inflation_risk_shift,2006-02-06,-34,0.025179294869303703
2006-03-28,inflation_risk_shift,2006-02-07,-33,0.025220535695552826
2006-03-28,inflation_risk_shift,2006-02-08,-32,0.024818873032927513
2006-03-28,inflation_risk_shift,2006-02-09,-31,0.02523224800825119
2006-03-28,inflation_risk_shift,2006-02-10,-30,0.025029506534337997
2006-03-28,inflation_risk_shift,2006-02-13,-29,0.023882780224084854
2006-03-28,inflation_risk_shift,2006-02-14,-28,0.02502313442528248
2006-03-28,inflation_risk_shift,2006-02-15,-27,0.02519562654197216
2006-03-28,inflation_risk_shift,2006-02-16,-26,0.025719191879034042
2006-03-28,inflation_risk_shift,2006-02-17,-25,0.02551158331334591
2006-03-28,inflation_risk_shift,2006-02-21,-24,0.02685440517961979
2006-03-28,inflation_risk_shift,2006-02-22,-23,0.024935603141784668
2006-03-28,inflation_risk_shift,2006-02-23,-22,0.026109613478183746
2006-03-28,inflation_risk_shift,2006-02-24,-21,0.023946717381477356
2006-03-28,inflation_risk_shift,2006-02-27,-20,0.025171734392642975
2006-03-28,inflation_risk_shift,2006-02-28,-19,0.025438716635107994
2006-03-28,inflation_risk_shift,2006-03-01,-18,0.02630217932164669
2006-03-28,inflation_risk_shift,2006-03-02,-17,0.02643931843340397
2006-03-28,inflation_risk_shift,2006-03-03,-16,0.026729118078947067
2006-03-28,inflation_risk_shift,2006-03-06,-15,0.027347764000296593
2006-03-28,inflation_risk_shift,2006-03-07,-14,0.027010902762413025
2006-03-28,inflation_risk_shift,2006-03-08,-13,0.027984097599983215
2006-03-28,inflation_risk_shift,2006-03-09,-12,0.028234831988811493
2006-03-28,inflation_risk_shift,2006-03-10,-11,0.028168773278594017
2006-03-28,inflation_risk_shift,2006-03-13,-10,0.02765931561589241
2006-03-28,inflation_risk_shift,2006-03-14,-9,0.026409965008497238
2006-03-28,inflation_risk_shift,2006-03-15,-8,0.028579704463481903
2006-03-28,inflation_risk_shift,2006-03-16,-7,0.026746001094579697
2006-03-28,inflation_risk_shift,2006-03-17,-6,0.028375420719385147
2006-03-28,inflation_risk_shift,2006-03-20,-5,0.027278922498226166
2006-03-28,inflation_risk_shift,2006-03-21,-4,0.02930615097284317
2006-03-28,inflation_risk_shift,2006-03-22,-3,0.025663716718554497
2006-03-28,inflation_risk_shift,2006-03-23,-2,0.027835138142108917
2006-03-28,inflation_risk_shift,2006-03-24,-1,0.024431271478533745
2006-03-28,inflation_risk_shift,2006-03-27,0,0.030597304925322533
2006-03-28,unemployment_assessment_shift,2006-02-01,-37,0.028158320114016533
2006-03-28,unemployment_assessment_shift,2006-02-02,-36,0.023463428020477295
2006-03-28,unemployment_assessment_shift,2006-02-03,-35,0.0242459736764431
2006-03-28,unemployment_assessment_shift,2006-02-06,-34,0.023177877068519592
2006-03-28,unemployment_assessment_shift,2006-02-07,-33,0.02365580014884472
2006-03-28,unemployment_assessment_shift,2006-02-08,-32,0.026293929666280746
2006-03-28,unemployment_assessment_shift,2006-02-09,-31,0.024337567389011383
2006-03-28,unemployment_assessment_shift,2006-02-10,-30,0.024401899427175522
2006-03-28,unemployment_assessment_shift,2006-02-13,-29,0.025667890906333923
2006-03-28,unemployment_assessment_shift,2006-02-14,-28,0.023553626611828804
2006-03-28,unemployment_assessment_shift,2006-02-15,-27,0.02280564047396183
2006-03-28,unemployment_assessment_shift,2006-02-16,-26,0.023551106452941895
2006-03-28,unemployment_assessment_shift,2006-02-17,-25,0.023836219683289528
2006-03-28,unemployment_assessment_shift,2006-02-21,-24,0.023129228502511978
2006-03-28,unemployment_assessment_shift,2006-02-22,-23,0.02549983561038971
2006-03-28,unemployment_assessment_shift,2006-02-23,-22,0.026138057932257652
2006-03-28,unemployment_assessment_shift,2006-02-24,-21,0.02633737027645111
2006-03-28,unemployment_assessment_shift,2006-02-27,-20,0.02670174278318882
2006-03-28,unemployment_assessment_shift,2006-02-28,-19,0.02862243354320526
2006-03-28,unemployment_assessment_shift,2006-03-01,-18,0.029915330931544304
2006-03-28,unemployment_assessment_shift,2006-03-02,-17,0.031208520755171776
2006-03-28,unemployment_assessment_shift,2006-03-03,-16,0.029930276796221733
2006-03-28,unemployment_assessment_shift,2006-03-06,-15,0.029017657041549683
2006-03-28,unemployment_assessment_shift,2006-03-07,-14,0.02738363668322563
2006-03-28,unemployment_assessment_shift,2006-03-08,-13,0.026356838643550873
2006-03-28,unemployment_assessment_shift,2006-03-09,-12,0.02692553773522377
2006-03-28,unemployment_assessment_shift,2006-03-10,-11,0.024978552013635635
2006-03-28,unemployment_assessment_shift,2006-03-13,-10,0.025258371606469154
2006-03-28,unemployment_assessment_shift,2006-03-14,-9,0.02440544404089451
2006-03-28,unemployment_assessment_shift,2006-03-15,-8,0.024284768849611282
2006-03-28,unemployment_assessment_shift,2006-03-16,-7,0.025194775313138962
2006-03-28,unemployment_assessment_shift,2006-03-17,-6,0.029109962284564972
2006-03-28,unemployment_assessment_shift,2006-03-20,-5,0.03278816491365433
2006-03-28,unemployment_assessment_shift,2006-03-21,-4,0.03356672450900078
2006-03-28,unemployment_assessment_shift,2006-03-22,-3,0.029589738696813583
2006-03-28,unemployment_assessment_shift,2006-03-23,-2,0.02483612671494484
2006-03-28,unemployment_assessment_shift,2006-03-24,-1,0.0280194953083992
2006-03-28,unemployment_assessment_shift,2006-03-27,0,0.023652171716094017
2006-03-28,labor_market_risk_shift,2006-02-01,-37,0.02953793667256832
2006-03-28,labor_market_risk_shift,2006-02-02,-36,0.023630034178495407
2006-03-28,labor_market_risk_shift,2006-02-03,-35,0.024262303486466408
2006-03-28,labor_market_risk_shift,2006-02-06,-34,0.023095548152923584
2006-03-28,labor_market_risk_shift,2006-02-07,-33,0.023680169135332108
2006-03-28,labor_market_risk_shift,2006-02-08,-32,0.026123832911252975
2006-03-28,labor_market_risk_shift,2006-02-09,-31,0.024299252778291702
2006-03-28,labor_market_risk_shift,2006-02-10,-30,0.02446090430021286
2006-03-28,labor_market_risk_shift,2006-02-13,-29,0.02565830573439598
2006-03-28,labor_market_risk_shift,2006-02-14,-28,0.023374533280730247
2006-03-28,labor_market_risk_shift,2006-02-15,-27,0.02264137752354145
2006-03-28,labor_market_risk_shift,2006-02-16,-26,0.023119622841477394
2006-03-28,labor_market_risk_shift,2006-02-17,-25,0.023384109139442444
2006-03-28,labor_market_risk_shift,2006-02-21,-24,0.022757992148399353
2006-03-28,labor_market_risk_shift,2006-02-22,-23,0.025180967524647713
2006-03-28,labor_market_risk_shift,2006-02-23,-22,0.0258939266204834
2006-03-28,labor_market_risk_shift,2006-02-24,-21,0.026180412620306015
2006-03-28,labor_market_risk_shift,2006-02-27,-20,0.026403941214084625
2006-03-28,labor_market_risk_shift,2006-02-28,-19,0.028271760791540146
2006-03-28,labor_market_risk_shift,2006-03-01,-18,0.02975304424762726
2006-03-28,labor_market_risk_shift,2006-03-02,-17,0.03133125603199005
2006-03-28,labor_market_risk_shift,2006-03-03,-16,0.030125953257083893
2006-03-28,labor_market_risk_shift,2006-03-06,-15,0.029299182817339897
2006-03-28,labor_market_risk_shift,2006-03-07,-14,0.02746916562318802
2006-03-28,labor_market_risk_shift,2006-03-08,-13,0.026323482394218445
2006-03-28,labor_market_risk_shift,2006-03-09,-12,0.027016418054699898
2006-03-28,labor_market_risk_shift,2006-03-10,-11,0.025138646364212036
2006-03-28,labor_market_risk_shift,2006-03-13,-10,0.025034327059984207
2006-03-28,labor_market_risk_shift,2006-03-14,-9,0.02393348142504692
2006-03-28,labor_market_risk_shift,2006-03-15,-8,0.02380973845720291
2006-03-28,labor_market_risk_shift,2006-03-16,-7,0.024774933233857155
2006-03-28,labor_market_risk_shift,2006-03-17,-6,0.029272062703967094
2006-03-28,labor_market_risk_shift,2006-03-20,-5,0.033559128642082214
2006-03-28,labor_market_risk_shift,2006-03-21,-4,0.03466586768627167
2006-03-28,labor_market_risk_shift,2006-03-22,-3,0.03041199967265129
2006-03-28,labor_market_risk_shift,2006-03-23,-2,0.024944912642240524
2006-03-28,labor_market_risk_shift,2006-03-24,-1,0.02787088043987751
2006-03-28,labor_market_risk_shift,2006-03-27,0,0.02330859936773777
2006-03-28,growth_activity_shift,2006-02-01,-37,0.027826767414808273
2006-03-28,growth_activity_shift,2006-02-02,-36,0.023425081744790077
2006-03-28,growth_activity_shift,2006-02-03,-35,0.023969653993844986
2006-03-28,growth_activity_shift,2006-02-06,-34,0.022867374122142792
2006-03-28,growth_activity_shift,2006-02-07,-33,0.023628922179341316
2006-03-28,growth_activity_shift,2006-02-08,-32,0.026096433401107788
2006-03-28,growth_activity_shift,2006-02-09,-31,0.02454487979412079
2006-03-28,growth_activity_shift,2006-02-10,-30,0.02454885095357895
2006-03-28,growth_activity_shift,2006-02-13,-29,0.02553870528936386
2006-03-28,growth_activity_shift,2006-02-14,-28,0.02359810657799244
2006-03-28,growth_activity_shift,2006-02-15,-27,0.022938810288906097
2006-03-28,growth_activity_shift,2006-02-16,-26,0.02372199296951294
2006-03-28,growth_activity_shift,2006-02-17,-25,0.023711754009127617
2006-03-28,growth_activity_shift,2006-02-21,-24,0.023278407752513885
2006-03-28,growth_activity_shift,2006-02-22,-23,0.025294926017522812
2006-03-28,growth_activity_shift,2006-02-23,-22,0.02606232650578022
2006-03-28,growth_activity_shift,2006-02-24,-21,0.025848841294646263
2006-03-28,growth_activity_shift,2006-02-27,-20,0.026294618844985962
2006-03-28,growth_activity_shift,2006-02-28,-19,0.0281045101583004
2006-03-28,growth_activity_shift,2006-03-01,-18,0.029398247599601746
2006-03-28,growth_activity_shift,2006-03-02,-17,0.030746547505259514
2006-03-28,growth_activity_shift,2006-03-03,-16,0.029772832989692688
2006-03-28,growth_activity_shift,2006-03-06,-15,0.02928200364112854
2006-03-28,growth_activity_shift,2006-03-07,-14,0.02766832895576954
2006-03-28,growth_activity_shift,2006-03-08,-13,0.02693847566843033
2006-03-28,growth_activity_shift,2006-03-09,-12,0.027796098962426186
2006-03-28,growth_activity_shift,2006-03-10,-11,0.0256202295422554
2006-03-28,growth_activity_shift,2006-03-13,-10,0.02559962496161461
2006-03-28,growth_activity_shift,2006-03-14,-9,0.024253707379102707
2006-03-28,growth_activity_shift,2006-03-15,-8,0.024359501898288727
2006-03-28,growth_activity_shift,2006-03-16,-7,0.024979092180728912
2006-03-28,growth_activity_shift,2006-03-17,-6,0.028995050117373466
2006-03-28,growth_activity_shift,2006-03-20,-5,0.03272698074579239
2006-03-28,growth_activity_shift,2006-03-21,-4,0.033855684101581573
2006-03-28,growth_activity_shift,2006-03-22,-3,0.02982540801167488
2006-03-28,growth_activity_shift,2006-03-23,-2,0.025255413725972176
2006-03-28,growth_activity_shift,2006-03-24,-1,0.027626706287264824
2006-03-28,growth_activity_shift,2006-03-27,0,0.02399909496307373
2006-03-28,financial_conditions_shift,2006-02-01,-37,0.0284910686314106
2006-03-28,financial_conditions_shift,2006-02-02,-36,0.02383243665099144
2006-03-28,financial_conditions_shift,2006-02-03,-35,0.023898040875792503
2006-03-28,financial_conditions_shift,2006-02-06,-34,0.024182278662919998
2006-03-28,financial_conditions_shift,2006-02-07,-33,0.024979738518595695
2006-03-28,financial_conditions_shift,2006-02-08,-32,0.0251491479575634
2006-03-28,financial_conditions_shift,2006-02-09,-31,0.02496248669922352
2006-03-28,financial_conditions_shift,2006-02-10,-30,0.024844396859407425
2006-03-28,financial_conditions_shift,2006-02-13,-29,0.024488888680934906
2006-03-28,financial_conditions_shift,2006-02-14,-28,0.024396385997533798
2006-03-28,financial_conditions_shift,2006-02-15,-27,0.024510812014341354
2006-03-28,financial_conditions_shift,2006-02-16,-26,0.024689074605703354
2006-03-28,financial_conditions_shift,2006-02-17,-25,0.024817099794745445
2006-03-28,financial_conditions_shift,2006-02-21,-24,0.025502247735857964
2006-03-28,financial_conditions_shift,2006-02-22,-23,0.024949675425887108
2006-03-28,financial_conditions_shift,2006-02-23,-22,0.026061272248625755
2006-03-28,financial_conditions_shift,2006-02-24,-21,0.02437639608979225
2006-03-28,financial_conditions_shift,2006-02-27,-20,0.025102203711867332
2006-03-28,financial_conditions_shift,2006-02-28,-19,0.02564096823334694
2006-03-28,financial_conditions_shift,2006-03-01,-18,0.02699633315205574
2006-03-28,financial_conditions_shift,2006-03-02,-17,0.02757374756038189
2006-03-28,financial_conditions_shift,2006-03-03,-16,0.027520935982465744
2006-03-28,financial_conditions_shift,2006-03-06,-15,0.02826501801609993
2006-03-28,financial_conditions_shift,2006-03-07,-14,0.02737898752093315
2006-03-28,financial_conditions_shift,2006-03-08,-13,0.02771325409412384
2006-03-28,financial_conditions_shift,2006-03-09,-12,0.02804793044924736
2006-03-28,financial_conditions_shift,2006-03-10,-11,0.027480686083436012
2006-03-28,financial_conditions_shift,2006-03-13,-10,0.026400595903396606
2006-03-28,financial_conditions_shift,2006-03-14,-9,0.025123536586761475
2006-03-28,financial_conditions_shift,2006-03-15,-8,0.02679305151104927
2006-03-28,financial_conditions_shift,2006-03-16,-7,0.025477489456534386
2006-03-28,financial_conditions_shift,2006-03-17,-6,0.028738658875226974
2006-03-28,financial_conditions_shift,2006-03-20,-5,0.029842732474207878
2006-03-28,financial_conditions_shift,2006-03-21,-4,0.03237505257129669
2006-03-28,financial_conditions_shift,2006-03-22,-3,0.027729405090212822
2006-03-28,financial_conditions_shift,2006-03-23,-2,0.027109740301966667
2006-03-28,financial_conditions_shift,2006-03-24,-1,0.0253553818911314
2006-03-28,financial_conditions_shift,2006-03-27,0,0.02920285053551197
2006-03-28,risk_balance_shift,2006-02-01,-37,0.026780102401971817
2006-03-28,risk_balance_shift,2006-02-02,-36,0.024074897170066833
2006-03-28,risk_balance_shift,2006-02-03,-35,0.023902134969830513
2006-03-28,risk_balance_shift,2006-02-06,-34,0.02481798082590103
2006-03-28,risk_balance_shift,2006-02-07,-33,0.024709291756153107
2006-03-28,risk_balance_shift,2006-02-08,-32,0.024982478469610214
2006-03-28,risk_balance_shift,2006-02-09,-31,0.02470003068447113
2006-03-28,risk_balance_shift,2006-02-10,-30,0.024782253429293633
2006-03-28,risk_balance_shift,2006-02-13,-29,0.024104924872517586
2006-03-28,risk_balance_shift,2006-02-14,-28,0.024813318625092506
2006-03-28,risk_balance_shift,2006-02-15,-27,0.024570956826210022
2006-03-28,risk_balance_shift,2006-02-16,-26,0.025218511000275612
2006-03-28,risk_balance_shift,2006-02-17,-25,0.024989750236272812
2006-03-28,risk_balance_shift,2006-02-21,-24,0.026011517271399498
2006-03-28,risk_balance_shift,2006-02-22,-23,0.0246107317507267
2006-03-28,risk_balance_shift,2006-02-23,-22,0.026169665157794952
2006-03-28,risk_balance_shift,2006-02-24,-21,0.0240279920399189
2006-03-28,risk_balance_shift,2006-02-27,-20,0.025251902639865875
2006-03-28,risk_balance_shift,2006-02-28,-19,0.025633089244365692
2006-03-28,risk_balance_shift,2006-03-01,-18,0.026656733825802803
2006-03-28,risk_balance_shift,2006-03-02,-17,0.027116594836115837
2006-03-28,risk_balance_shift,2006-03-03,-16,0.02729029953479767
2006-03-28,risk_balance_shift,2006-03-06,-15,0.027931515127420425
2006-03-28,risk_balance_shift,2006-03-07,-14,0.027294769883155823
2006-03-28,risk_balance_shift,2006-03-08,-13,0.027972115203738213
2006-03-28,risk_balance_shift,2006-03-09,-12,0.028508570045232773
2006-03-28,risk_balance_shift,2006-03-10,-11,0.027839867398142815
2006-03-28,risk_balance_shift,2006-03-13,-10,0.02748255431652069
2006-03-28,risk_balance_shift,2006-03-14,-9,0.025937538594007492
2006-03-28,risk_balance_shift,2006-03-15,-8,0.02817463129758835
2006-03-28,risk_balance_shift,2006-03-16,-7,0.025841128081083298
2006-03-28,risk_balance_shift,2006-03-17,-6,0.028936363756656647
2006-03-28,risk_balance_shift,2006-03-20,-5,0.028228498995304108
2006-03-28,risk_balance_shift,2006-03-21,-4,0.031313054263591766
2006-03-28,risk_balance_shift,2006-03-22,-3,0.02632562629878521
2006-03-28,risk_balance_shift,2006-03-23,-2,0.027783717960119247
2006-03-28,risk_balance_shift,2006-03-24,-1,0.02500934712588787
2006-03-28,risk_balance_shift,2006-03-27,0,0.030205510556697845
2006-03-28,committee_dispersion,2006-02-01,-37,0.028101343661546707
2006-03-28,committee_dispersion,2006-02-02,-36,0.02464408427476883
2006-03-28,committee_dispersion,2006-02-03,-35,0.024136612191796303
2006-03-28,committee_dispersion,2006-02-06,-34,0.02544241212308407
2006-03-28,committee_dispersion,2006-02-07,-33,0.025267228484153748
2006-03-28,committee_dispersion,2006-02-08,-32,0.024721194058656693
2006-03-28,committee_dispersion,2006-02-09,-31,0.02530967816710472
2006-03-28,committee_dispersion,2006-02-10,-30,0.025095144286751747
2006-03-28,committee_dispersion,2006-02-13,-29,0.024130886420607567
2006-03-28,committee_dispersion,2006-02-14,-28,0.025363804772496223
2006-03-28,committee_dispersion,2006-02-15,-27,0.02555171214044094
2006-03-28,committee_dispersion,2006-02-16,-26,0.025811854749917984
2006-03-28,committee_dispersion,2006-02-17,-25,0.025689616799354553
2006-03-28,committee_dispersion,2006-02-21,-24,0.026980215683579445
2006-03-28,committee_dispersion,2006-02-22,-23,0.024969033896923065
2006-03-28,committee_dispersion,2006-02-23,-22,0.0263082105666399
2006-03-28,committee_dispersion,2006-02-24,-21,0.02408713847398758
2006-03-28,committee_dispersion,2006-02-27,-20,0.024984072893857956
2006-03-28,committee_dispersion,2006-02-28,-19,0.0249871127307415
2006-03-28,committee_dispersion,2006-03-01,-18,0.025754310190677643
2006-03-28,committee_dispersion,2006-03-02,-17,0.025850290432572365
2006-03-28,committee_dispersion,2006-03-03,-16,0.02649029530584812
2006-03-28,committee_dispersion,2006-03-06,-15,0.02713056094944477
2006-03-28,committee_dispersion,2006-03-07,-14,0.026872733607888222
2006-03-28,committee_dispersion,2006-03-08,-13,0.02768581546843052
2006-03-28,committee_dispersion,2006-03-09,-12,0.028221208602190018
2006-03-28,committee_dispersion,2006-03-10,-11,0.028185583651065826
2006-03-28,committee_dispersion,2006-03-13,-10,0.02759605646133423
2006-03-28,committee_dispersion,2006-03-14,-9,0.02642275020480156
2006-03-28,committee_dispersion,2006-03-15,-8,0.028498880565166473
2006-03-28,committee_dispersion,2006-03-16,-7,0.026519961655139923
2006-03-28,committee_dispersion,2006-03-17,-6,0.02803575061261654
2006-03-28,committee_dispersion,2006-03-20,-5,0.026947826147079468
2006-03-28,committee_dispersion,2006-03-21,-4,0.029728975147008896
2006-03-28,committee_dispersion,2006-03-22,-3,0.02573651261627674
2006-03-28,committee_dispersion,2006-03-23,-2,0.02780637890100479
2006-03-28,committee_dispersion,2006-03-24,-1,0.024156637489795685
2006-03-28,committee_dispersion,2006-03-27,0,0.03077811375260353
2006-03-28,policy_uncertainty,2006-02-01,-37,0.026169687509536743
2006-03-28,policy_uncertainty,2006-02-02,-36,0.025522079318761826
2006-03-28,policy_uncertainty,2006-02-03,-35,0.02495977282524109
2006-03-28,policy_uncertainty,2006-02-06,-34,0.026291852816939354
2006-03-28,policy_uncertainty,2006-02-07,-33,0.02606258913874626
2006-03-28,policy_uncertainty,2006-02-08,-32,0.025028157979249954
2006-03-28,policy_uncertainty,2006-02-09,-31,0.0254722498357296
2006-03-28,policy_uncertainty,2006-02-10,-30,0.025452014058828354
2006-03-28,policy_uncertainty,2006-02-13,-29,0.024280251935124397
2006-03-28,policy_uncertainty,2006-02-14,-28,0.026003656908869743
2006-03-28,policy_uncertainty,2006-02-15,-27,0.026495447382330894
2006-03-28,policy_uncertainty,2006-02-16,-26,0.026636311784386635
2006-03-28,policy_uncertainty,2006-02-17,-25,0.026400551199913025
2006-03-28,policy_uncertainty,2006-02-21,-24,0.028067272156476974
2006-03-28,policy_uncertainty,2006-02-22,-23,0.025304781273007393
2006-03-28,policy_uncertainty,2006-02-23,-22,0.02626393735408783
2006-03-28,policy_uncertainty,2006-02-24,-21,0.024012316018342972
2006-03-28,policy_uncertainty,2006-02-27,-20,0.024906884878873825
2006-03-28,policy_uncertainty,2006-02-28,-19,0.024528972804546356
2006-03-28,policy_uncertainty,2006-03-01,-18,0.024843648076057434
2006-03-28,policy_uncertainty,2006-03-02,-17,0.024489229544997215
2006-03-28,policy_uncertainty,2006-03-03,-16,0.025350194424390793
2006-03-28,policy_uncertainty,2006-03-06,-15,0.026070071384310722
2006-03-28,policy_uncertainty,2006-03-07,-14,0.02640528604388237
2006-03-28,policy_uncertainty,2006-03-08,-13,0.0276254303753376
2006-03-28,policy_uncertainty,2006-03-09,-12,0.02765810489654541
2006-03-28,policy_uncertainty,2006-03-10,-11,0.02829767018556595
2006-03-28,policy_uncertainty,2006-03-13,-10,0.028009284287691116
2006-03-28,policy_uncertainty,2006-03-14,-9,0.0270489864051342
2006-03-28,policy_uncertainty,2006-03-15,-8,0.029538828879594803
2006-03-28,policy_uncertainty,2006-03-16,-7,0.027332419529557228
2006-03-28,policy_uncertainty,2006-03-17,-6,0.027820436283946037
2006-03-28,policy_uncertainty,2006-03-20,-5,0.025306925177574158
2006-03-28,policy_uncertainty,2006-03-21,-4,0.02787976711988449
2006-03-28,policy_uncertainty,2006-03-22,-3,0.025136863812804222
2006-03-28,policy_uncertainty,2006-03-23,-2,0.02832520380616188
2006-03-28,policy_uncertainty,2006-03-24,-1,0.02381042204797268
2006-03-28,policy_uncertainty,2006-03-27,0,0.031192461028695107
2006-03-28,forward_guidance_strength,2006-02-01,-37,0.02738688886165619
2006-03-28,forward_guidance_strength,2006-02-02,-36,0.024799618870019913
2006-03-28,forward_guidance_strength,2006-02-03,-35,0.024112273007631302
2006-03-28,forward_guidance_strength,2006-02-06,-34,0.025336844846606255
2006-03-28,forward_guidance_strength,2006-02-07,-33,0.02504718117415905
2006-03-28,forward_guidance_strength,2006-02-08,-32,0.024702006950974464
2006-03-28,forward_guidance_strength,2006-02-09,-31,0.024740232154726982
2006-03-28,forward_guidance_strength,2006-02-10,-30,0.025006571784615517
2006-03-28,forward_guidance_strength,2006-02-13,-29,0.023843318223953247
2006-03-28,forward_guidance_strength,2006-02-14,-28,0.02527618780732155
2006-03-28,forward_guidance_strength,2006-02-15,-27,0.02543269656598568
2006-03-28,forward_guidance_strength,2006-02-16,-26,0.025794070214033127
2006-03-28,forward_guidance_strength,2006-02-17,-25,0.0253559872508049
2006-03-28,forward_guidance_strength,2006-02-21,-24,0.02696276642382145
2006-03-28,forward_guidance_strength,2006-02-22,-23,0.02476295456290245
2006-03-28,forward_guidance_strength,2006-02-23,-22,0.026337111368775368
2006-03-28,forward_guidance_strength,2006-02-24,-21,0.02391451969742775
2006-03-28,forward_guidance_strength,2006-02-27,-20,0.02505430206656456
2006-03-28,forward_guidance_strength,2006-02-28,-19,0.024825870990753174
2006-03-28,forward_guidance_strength,2006-03-01,-18,0.025687700137495995
2006-03-28,forward_guidance_strength,2006-03-02,-17,0.025729740038514137
2006-03-28,forward_guidance_strength,2006-03-03,-16,0.026533516123890877
2006-03-28,forward_guidance_strength,2006-03-06,-15,0.027114562690258026
2006-03-28,forward_guidance_strength,2006-03-07,-14,0.026937143877148628
2006-03-28,forward_guidance_strength,2006-03-08,-13,0.02768649347126484
2006-03-28,forward_guidance_strength,2006-03-09,-12,0.027911512181162834
2006-03-28,forward_guidance_strength,2006-03-10,-11,0.027831483632326126
2006-03-28,forward_guidance_strength,2006-03-13,-10,0.027828779071569443
2006-03-28,forward_guidance_strength,2006-03-14,-9,0.026384416967630386
2006-03-28,forward_guidance_strength,2006-03-15,-8,0.02892310544848442
2006-03-28,forward_guidance_strength,2006-03-16,-7,0.026761259883642197
2006-03-28,forward_guidance_strength,2006-03-17,-6,0.028600182384252548
2006-03-28,forward_guidance_strength,2006-03-20,-5,0.02683747559785843
2006-03-28,forward_guidance_strength,2006-03-21,-4,0.030513344332575798
2006-03-28,forward_guidance_strength,2006-03-22,-3,0.02616080828011036
2006-03-28,forward_guidance_strength,2006-03-23,-2,0.028542719781398773
2006-03-28,forward_guidance_strength,2006-03-24,-1,0.024541517719626427
2006-03-28,forward_guidance_strength,2006-03-27,0,0.030782869085669518
2006-05-10,rate_decision,2006-03-29,-28,0.042738139629364014
2006-05-10,rate_decision,2006-03-30,-27,0.03511130064725876
2006-05-10,rate_decision,2006-03-31,-26,0.03517647460103035
2006-05-10,rate_decision,2006-04-03,-25,0.035289306193590164
2006-05-10,rate_decision,2006-04-04,-24,0.03688795492053032
2006-05-10,rate_decision,2006-04-05,-23,0.036699943244457245
2006-05-10,rate_decision,2006-04-06,-22,0.03554107993841171
2006-05-10,rate_decision,2006-04-07,-21,0.035059988498687744
2006-05-10,rate_decision,2006-04-10,-20,0.03735522925853729
2006-05-10,rate_decision,2006-04-11,-19,0.03450576215982437
2006-05-10,rate_decision,2006-04-12,-18,0.032960496842861176
2006-05-10,rate_decision,2006-04-13,-17,0.034589871764183044
2006-05-10,rate_decision,2006-04-17,-16,0.03556640446186066
2006-05-10,rate_decision,2006-04-18,-15,0.03384540230035782
2006-05-10,rate_decision,2006-04-19,-14,0.032619375735521317
2006-05-10,rate_decision,2006-04-20,-13,0.035637229681015015
2006-05-10,rate_decision,2006-04-21,-12,0.03512056916952133
2006-05-10,rate_decision,2006-04-24,-11,0.031546469777822495
2006-05-10,rate_decision,2006-04-25,-10,0.03116237372159958
2006-05-10,rate_decision,2006-04-26,-9,0.034343354403972626
2006-05-10,rate_decision,2006-04-27,-8,0.0348355695605278
2006-05-10,rate_decision,2006-04-28,-7,0.033289797604084015
2006-05-10,rate_decision,2006-05-01,-6,0.03391105309128761
2006-05-10,rate_decision,2006-05-02,-5,0.035440973937511444
2006-05-10,rate_decision,2006-05-03,-4,0.032031528651714325
2006-05-10,rate_decision,2006-05-04,-3,0.03200686350464821
2006-05-10,rate_decision,2006-05-05,-2,0.03257497772574425
2006-05-10,rate_decision,2006-05-08,-1,0.03133133053779602
2006-05-10,rate_decision,2006-05-09,0,0.0328211784362793
2006-05-10,current_policy_stance,2006-03-29,-28,0.053652070462703705
2006-05-10,current_policy_stance,2006-03-30,-27,0.03925132006406784
2006-05-10,current_policy_stance,2006-03-31,-26,0.03416867554187775
2006-05-10,current_policy_stance,2006-04-03,-25,0.03241003304719925
2006-05-10,current_policy_stance,2006-04-04,-24,0.03396150469779968
2006-05-10,current_policy_stance,2006-04-05,-23,0.039178237318992615
2006-05-10,current_policy_stance,2006-04-06,-22,0.04231517016887665
2006-05-10,current_policy_stance,2006-04-07,-21,0.03810637444257736
2006-05-10,current_policy_stance,2006-04-10,-20,0.038831762969493866
2006-05-10,current_policy_stance,2006-04-11,-19,0.04028738662600517
2006-05-10,current_policy_stance,2006-04-12,-18,0.035940274596214294
2006-05-10,current_policy_stance,2006-04-13,-17,0.03110329620540142
2006-05-10,current_policy_stance,2006-04-17,-16,0.03138134628534317
2006-05-10,current_policy_stance,2006-04-18,-15,0.033668339252471924
2006-05-10,current_policy_stance,2006-04-19,-14,0.03130478039383888
2006-05-10,current_policy_stance,2006-04-20,-13,0.02999587543308735
2006-05-10,current_policy_stance,2006-04-21,-12,0.034710124135017395
2006-05-10,current_policy_stance,2006-04-24,-11,0.03630847856402397
2006-05-10,current_policy_stance,2006-04-25,-10,0.03439778462052345
2006-05-10,current_policy_stance,2006-04-26,-9,0.029228948056697845
2006-05-10,current_policy_stance,2006-04-27,-8,0.03132530301809311
2006-05-10,current_policy_stance,2006-04-28,-7,0.036324355751276016
2006-05-10,current_policy_stance,2006-05-01,-6,0.03300119936466217
2006-05-10,current_policy_stance,2006-05-02,-5,0.03556492179632187
2006-05-10,current_policy_stance,2006-05-03,-4,0.033926740288734436
2006-05-10,current_policy_stance,2006-05-04,-3,0.027974732220172882
2006-05-10,current_policy_stance,2006-05-05,-2,0.028020327910780907
2006-05-10,current_policy_stance,2006-05-08,-1,0.030082281678915024
2006-05-10,current_policy_stance,2006-05-09,0,0.023578369989991188
2006-05-10,policy_stance_shift,2006-03-29,-28,0.05002160742878914
2006-05-10,policy_stance_shift,2006-03-30,-27,0.037367336452007294
2006-05-10,policy_stance_shift,2006-03-31,-26,0.03323362395167351
2006-05-10,policy_stance_shift,2006-04-03,-25,0.03310434892773628
2006-05-10,policy_stance_shift,2006-04-04,-24,0.03504669666290283
2006-05-10,policy_stance_shift,2006-04-05,-23,0.039394717663526535
2006-05-10,policy_stance_shift,2006-04-06,-22,0.04252145439386368
2006-05-10,policy_stance_shift,2006-04-07,-21,0.03756685182452202
2006-05-10,policy_stance_shift,2006-04-10,-20,0.03789408877491951
2006-05-10,policy_stance_shift,2006-04-11,-19,0.040042486041784286
2006-05-10,policy_stance_shift,2006-04-12,-18,0.03580031916499138
2006-05-10,policy_stance_shift,2006-04-13,-17,0.03082863613963127
2006-05-10,policy_stance_shift,2006-04-17,-16,0.03118174895644188
2006-05-10,policy_stance_shift,2006-04-18,-15,0.03437037020921707
2006-05-10,policy_stance_shift,2006-04-19,-14,0.0329631008207798
2006-05-10,policy_stance_shift,2006-04-20,-13,0.031192630529403687
2006-05-10,policy_stance_shift,2006-04-21,-12,0.0350552573800087
2006-05-10,policy_stance_shift,2006-04-24,-11,0.036645159125328064
2006-05-10,policy_stance_shift,2006-04-25,-10,0.0335242934525013
2006-05-10,policy_stance_shift,2006-04-26,-9,0.02856108732521534
2006-05-10,policy_stance_shift,2006-04-27,-8,0.030996521934866905
2006-05-10,policy_stance_shift,2006-04-28,-7,0.03589022904634476
2006-05-10,policy_stance_shift,2006-05-01,-6,0.03393739461898804
2006-05-10,policy_stance_shift,2006-05-02,-5,0.035805415362119675
2006-05-10,policy_stance_shift,2006-05-03,-4,0.03429470211267471
2006-05-10,policy_stance_shift,2006-05-04,-3,0.02787681482732296
2006-05-10,policy_stance_shift,2006-05-05,-2,0.028588728979229927
2006-05-10,policy_stance_shift,2006-05-08,-1,0.030676551163196564
2006-05-10,policy_stance_shift,2006-05-09,0,0.0256178081035614
2006-05-10,expected_rate_path_shift,2006-03-29,-28,0.04816702380776405
2006-05-10,expected_rate_path_shift,2006-03-30,-27,0.03631012141704559
2006-05-10,expected_rate_path_shift,2006-03-31,-26,0.03250466659665108
2006-05-10,expected_rate_path_shift,2006-04-03,-25,0.03250635787844658
2006-05-10,expected_rate_path_shift,2006-04-04,-24,0.034241653978824615
2006-05-10,expected_rate_path_shift,2006-04-05,-23,0.03902466222643852
2006-05-10,expected_rate_path_shift,2006-04-06,-22,0.042549148201942444
2006-05-10,expected_rate_path_shift,2006-04-07,-21,0.037117935717105865
2006-05-10,expected_rate_path_shift,2006-04-10,-20,0.037312719970941544
2006-05-10,expected_rate_path_shift,2006-04-11,-19,0.03986390680074692
2006-05-10,expected_rate_path_shift,2006-04-12,-18,0.03534691035747528
2006-05-10,expected_rate_path_shift,2006-04-13,-17,0.030251480638980865
2006-05-10,expected_rate_path_shift,2006-04-17,-16,0.031082982197403908
2006-05-10,expected_rate_path_shift,2006-04-18,-15,0.03525547310709953
2006-05-10,expected_rate_path_shift,2006-04-19,-14,0.03408711403608322
2006-05-10,expected_rate_path_shift,2006-04-20,-13,0.03180106356739998
2006-05-10,expected_rate_path_shift,2006-04-21,-12,0.035213250666856766
2006-05-10,expected_rate_path_shift,2006-04-24,-11,0.03765507787466049
2006-05-10,expected_rate_path_shift,2006-04-25,-10,0.0336066372692585
2006-05-10,expected_rate_path_shift,2006-04-26,-9,0.028577858582139015
2006-05-10,expected_rate_path_shift,2006-04-27,-8,0.03112064301967621
2006-05-10,expected_rate_path_shift,2006-04-28,-7,0.036592092365026474
2006-05-10,expected_rate_path_shift,2006-05-01,-6,0.03448810800909996
2006-05-10,expected_rate_path_shift,2006-05-02,-5,0.0362640917301178
2006-05-10,expected_rate_path_shift,2006-05-03,-4,0.03494102507829666
2006-05-10,expected_rate_path_shift,2006-05-04,-3,0.028015408664941788
2006-05-10,expected_rate_path_shift,2006-05-05,-2,0.02908266894519329
2006-05-10,expected_rate_path_shift,2006-05-08,-1,0.030975280329585075
2006-05-10,expected_rate_path_shift,2006-05-09,0,0.02604467049241066
2006-05-10,inflation_assessment_shift,2006-03-29,-28,0.0546514168381691
2006-05-10,inflation_assessment_shift,2006-03-30,-27,0.03996565192937851
2006-05-10,inflation_assessment_shift,2006-03-31,-26,0.03518393263220787
2006-05-10,inflation_assessment_shift,2006-04-03,-25,0.03289160877466202
2006-05-10,inflation_assessment_shift,2006-04-04,-24,0.03434837609529495
2006-05-10,inflation_assessment_shift,2006-04-05,-23,0.038950562477111816
2006-05-10,inflation_assessment_shift,2006-04-06,-22,0.04087718203663826
2006-05-10,inflation_assessment_shift,2006-04-07,-21,0.03825496509671211
2006-05-10,inflation_assessment_shift,2006-04-10,-20,0.03943353146314621
2006-05-10,inflation_assessment_shift,2006-04-11,-19,0.03934916853904724
2006-05-10,inflation_assessment_shift,2006-04-12,-18,0.03579067811369896
2006-05-10,inflation_assessment_shift,2006-04-13,-17,0.032165925949811935
2006-05-10,inflation_assessment_shift,2006-04-17,-16,0.03198167309165001
2006-05-10,inflation_assessment_shift,2006-04-18,-15,0.032740749418735504
2006-05-10,inflation_assessment_shift,2006-04-19,-14,0.0302739255130291
2006-05-10,inflation_assessment_shift,2006-04-20,-13,0.029995840042829514
2006-05-10,inflation_assessment_shift,2006-04-21,-12,0.03436434268951416
2006-05-10,inflation_assessment_shift,2006-04-24,-11,0.03494049608707428
2006-05-10,inflation_assessment_shift,2006-04-25,-10,0.03445829451084137
2006-05-10,inflation_assessment_shift,2006-04-26,-9,0.03035120666027069
2006-05-10,inflation_assessment_shift,2006-04-27,-8,0.03180056810379028
2006-05-10,inflation_assessment_shift,2006-04-28,-7,0.03600652143359184
2006-05-10,inflation_assessment_shift,2006-05-01,-6,0.03240096941590309
2006-05-10,inflation_assessment_shift,2006-05-02,-5,0.035111892968416214
2006-05-10,inflation_assessment_shift,2006-05-03,-4,0.032923951745033264
2006-05-10,inflation_assessment_shift,2006-05-04,-3,0.028791312128305435
2006-05-10,inflation_assessment_shift,2006-05-05,-2,0.028431402519345284
2006-05-10,inflation_assessment_shift,2006-05-08,-1,0.02984178438782692
2006-05-10,inflation_assessment_shift,2006-05-09,0,0.023722046986222267
2006-05-10,inflation_risk_shift,2006-03-29,-28,0.05366142839193344
2006-05-10,inflation_risk_shift,2006-03-30,-27,0.0392456017434597
2006-05-10,inflation_risk_shift,2006-03-31,-26,0.034572336822748184
2006-05-10,inflation_risk_shift,2006-04-03,-25,0.032948195934295654
2006-05-10,inflation_risk_shift,2006-04-04,-24,0.03474747762084007
2006-05-10,inflation_risk_shift,2006-04-05,-23,0.039652444422245026
2006-05-10,inflation_risk_shift,2006-04-06,-22,0.04193929582834244
2006-05-10,inflation_risk_shift,2006-04-07,-21,0.03822316229343414
2006-05-10,inflation_risk_shift,2006-04-10,-20,0.03904262185096741
2006-05-10,inflation_risk_shift,2006-04-11,-19,0.039740435779094696
2006-05-10,inflation_risk_shift,2006-04-12,-18,0.03576265275478363
2006-05-10,inflation_risk_shift,2006-04-13,-17,0.03155510872602463
2006-05-10,inflation_risk_shift,2006-04-17,-16,0.031583938747644424
2006-05-10,inflation_risk_shift,2006-04-18,-15,0.03330559656023979
2006-05-10,inflation_risk_shift,2006-04-19,-14,0.03099704161286354
2006-05-10,inflation_risk_shift,2006-04-20,-13,0.030328622087836266
2006-05-10,inflation_risk_shift,2006-04-21,-12,0.03457469865679741
2006-05-10,inflation_risk_shift,2006-04-24,-11,0.03527488559484482
2006-05-10,inflation_risk_shift,2006-04-25,-10,0.033861298114061356
2006-05-10,inflation_risk_shift,2006-04-26,-9,0.029541589319705963
2006-05-10,inflation_risk_shift,2006-04-27,-8,0.03148530423641205
2006-05-10,inflation_risk_shift,2006-04-28,-7,0.03625050187110901
2006-05-10,inflation_risk_shift,2006-05-01,-6,0.03275783360004425
2006-05-10,inflation_risk_shift,2006-05-02,-5,0.03546728938817978
2006-05-10,inflation_risk_shift,2006-05-03,-4,0.0332932211458683
2006-05-10,inflation_risk_shift,2006-05-04,-3,0.028049420565366745
2006-05-10,inflation_risk_shift,2006-05-05,-2,0.028174029663205147
2006-05-10,inflation_risk_shift,2006-05-08,-1,0.029840856790542603
2006-05-10,inflation_risk_shift,2006-05-09,0,0.02412313222885132
2006-05-10,unemployment_assessment_shift,2006-03-29,-28,0.03074408695101738
2006-05-10,unemployment_assessment_shift,2006-03-30,-27,0.03050023317337036
2006-05-10,unemployment_assessment_shift,2006-03-31,-26,0.03217765688896179
2006-05-10,unemployment_assessment_shift,2006-04-03,-25,0.035017743706703186
2006-05-10,unemployment_assessment_shift,2006-04-04,-24,0.03501615673303604
2006-05-10,unemployment_assessment_shift,2006-04-05,-23,0.03317698836326599
2006-05-10,unemployment_assessment_shift,2006-04-06,-22,0.03309105709195137
2006-05-10,unemployment_assessment_shift,2006-04-07,-21,0.0321950726211071
2006-05-10,unemployment_assessment_shift,2006-04-10,-20,0.031699635088443756
2006-05-10,unemployment_assessment_shift,2006-04-11,-19,0.03329342603683472
2006-05-10,unemployment_assessment_shift,2006-04-12,-18,0.032949842512607574
2006-05-10,unemployment_assessment_shift,2006-04-13,-17,0.032761961221694946
2006-05-10,unemployment_assessment_shift,2006-04-17,-16,0.034070421010255814
2006-05-10,unemployment_assessment_shift,2006-04-18,-15,0.037040699273347855
2006-05-10,unemployment_assessment_shift,2006-04-19,-14,0.039115048944950104
2006-05-10,unemployment_assessment_shift,2006-04-20,-13,0.03671454265713692
2006-05-10,unemployment_assessment_shift,2006-04-21,-12,0.034597817808389664
2006-05-10,unemployment_assessment_shift,2006-04-24,-11,0.03512261062860489
2006-05-10,unemployment_assessment_shift,2006-04-25,-10,0.03290088102221489
2006-05-10,unemployment_assessment_shift,2006-04-26,-9,0.03318392485380173
2006-05-10,unemployment_assessment_shift,2006-04-27,-8,0.03442167490720749
2006-05-10,unemployment_assessment_shift,2006-04-28,-7,0.033879898488521576
2006-05-10,unemployment_assessment_shift,2006-05-01,-6,0.036300886422395706
2006-05-10,unemployment_assessment_shift,2006-05-02,-5,0.034733422100543976
2006-05-10,unemployment_assessment_shift,2006-05-03,-4,0.036216434091329575
2006-05-10,unemployment_assessment_shift,2006-05-04,-3,0.03493118658661842
2006-05-10,unemployment_assessment_shift,2006-05-05,-2,0.03647826611995697
2006-05-10,unemployment_assessment_shift,2006-05-08,-1,0.03703319653868675
2006-05-10,unemployment_assessment_shift,2006-05-09,0,0.040635231882333755
2006-05-10,labor_market_risk_shift,2006-03-29,-28,0.029423236846923828
2006-05-10,labor_market_risk_shift,2006-03-30,-27,0.030276689678430557
2006-05-10,labor_market_risk_shift,2006-03-31,-26,0.03240037336945534
2006-05-10,labor_market_risk_shift,2006-04-03,-25,0.035090625286102295
2006-05-10,labor_market_risk_shift,2006-04-04,-24,0.03466206416487694
2006-05-10,labor_market_risk_shift,2006-04-05,-23,0.03226234391331673
2006-05-10,labor_market_risk_shift,2006-04-06,-22,0.03216194361448288
2006-05-10,labor_market_risk_shift,2006-04-07,-21,0.0319061242043972
2006-05-10,labor_market_risk_shift,2006-04-10,-20,0.03096737712621689
2006-05-10,labor_market_risk_shift,2006-04-11,-19,0.03259243071079254
2006-05-10,labor_market_risk_shift,2006-04-12,-18,0.03317609801888466
2006-05-10,labor_market_risk_shift,2006-04-13,-17,0.03329988569021225
2006-05-10,labor_market_risk_shift,2006-04-17,-16,0.03400154784321785
2006-05-10,labor_market_risk_shift,2006-04-18,-15,0.036412037909030914
2006-05-10,labor_market_risk_shift,2006-04-19,-14,0.039096493273973465
2006-05-10,labor_market_risk_shift,2006-04-20,-13,0.03705013170838356
2006-05-10,labor_market_risk_shift,2006-04-21,-12,0.0342555046081543
2006-05-10,labor_market_risk_shift,2006-04-24,-11,0.035324808210134506
2006-05-10,labor_market_risk_shift,2006-04-25,-10,0.03355284035205841
2006-05-10,labor_market_risk_shift,2006-04-26,-9,0.033997051417827606
2006-05-10,labor_market_risk_shift,2006-04-27,-8,0.03430144488811493
2006-05-10,labor_market_risk_shift,2006-04-28,-7,0.03324281424283981
2006-05-10,labor_market_risk_shift,2006-05-01,-6,0.036445751786231995
2006-05-10,labor_market_risk_shift,2006-05-02,-5,0.034564059227705
2006-05-10,labor_market_risk_shift,2006-05-03,-4,0.03654060885310173
2006-05-10,labor_market_risk_shift,2006-05-04,-3,0.03624250739812851
2006-05-10,labor_market_risk_shift,2006-05-05,-2,0.03710357844829559
2006-05-10,labor_market_risk_shift,2006-05-08,-1,0.03752865269780159
2006-05-10,labor_market_risk_shift,2006-05-09,0,0.04212097451090813
2006-05-10,growth_activity_shift,2006-03-29,-28,0.044423721730709076
2006-05-10,growth_activity_shift,2006-03-30,-27,0.03511308878660202
2006-05-10,growth_activity_shift,2006-03-31,-26,0.033180199563503265
2006-05-10,growth_activity_shift,2006-04-03,-25,0.03377099335193634
2006-05-10,growth_activity_shift,2006-04-04,-24,0.03486877307295799
2006-05-10,growth_activity_shift,2006-04-05,-23,0.037118058651685715
2006-05-10,growth_activity_shift,2006-04-06,-22,0.03896275907754898
2006-05-10,growth_activity_shift,2006-04-07,-21,0.03581161051988602
2006-05-10,growth_activity_shift,2006-04-10,-20,0.03548531234264374
2006-05-10,growth_activity_shift,2006-04-11,-19,0.038424886763095856
2006-05-10,growth_activity_shift,2006-04-12,-18,0.035178933292627335
2006-05-10,growth_activity_shift,2006-04-13,-17,0.030963357537984848
2006-05-10,growth_activity_shift,2006-04-17,-16,0.031657882034778595
2006-05-10,growth_activity_shift,2006-04-18,-15,0.035365909337997437
2006-05-10,growth_activity_shift,2006-04-19,-14,0.03486335277557373
2006-05-10,growth_activity_shift,2006-04-20,-13,0.03271688148379326
2006-05-10,growth_activity_shift,2006-04-21,-12,0.0349213182926178
2006-05-10,growth_activity_shift,2006-04-24,-11,0.036932386457920074
2006-05-10,growth_activity_shift,2006-04-25,-10,0.033370085060596466
2006-05-10,growth_activity_shift,2006-04-26,-9,0.02951926924288273
2006-05-10,growth_activity_shift,2006-04-27,-8,0.032304491847753525
2006-05-10,growth_activity_shift,2006-04-28,-7,0.03606853261590004
2006-05-10,growth_activity_shift,2006-05-01,-6,0.034631792455911636
2006-05-10,growth_activity_shift,2006-05-02,-5,0.03606443479657173
2006-05-10,growth_activity_shift,2006-05-03,-4,0.03504081815481186
2006-05-10,growth_activity_shift,2006-05-04,-3,0.02959691546857357
2006-05-10,growth_activity_shift,2006-05-05,-2,0.031037800014019012
2006-05-10,growth_activity_shift,2006-05-08,-1,0.03271668776869774
2006-05-10,growth_activity_shift,2006-05-09,0,0.029889719560742378
2006-05-10,financial_conditions_shift,2006-03-29,-28,0.05464469641447067
2006-05-10,financial_conditions_shift,2006-03-30,-27,0.039963312447071075
2006-05-10,financial_conditions_shift,2006-03-31,-26,0.0351550355553627
2006-05-10,financial_conditions_shift,2006-04-03,-25,0.03303825855255127
2006-05-10,financial_conditions_shift,2006-04-04,-24,0.034496206790208817
2006-05-10,financial_conditions_shift,2006-04-05,-23,0.03920099511742592
2006-05-10,financial_conditions_shift,2006-04-06,-22,0.041348621249198914
2006-05-10,financial_conditions_shift,2006-04-07,-21,0.03831339627504349
2006-05-10,financial_conditions_shift,2006-04-10,-20,0.0389590747654438
2006-05-10,financial_conditions_shift,2006-04-11,-19,0.039564382284879684
2006-05-10,financial_conditions_shift,2006-04-12,-18,0.03609210252761841
2006-05-10,financial_conditions_shift,2006-04-13,-17,0.03168356791138649
2006-05-10,financial_conditions_shift,2006-04-17,-16,0.031353093683719635
2006-05-10,financial_conditions_shift,2006-04-18,-15,0.03291303664445877
2006-05-10,financial_conditions_shift,2006-04-19,-14,0.030936196446418762
2006-05-10,financial_conditions_shift,2006-04-20,-13,0.030058834701776505
2006-05-10,financial_conditions_shift,2006-04-21,-12,0.034306056797504425
2006-05-10,financial_conditions_shift,2006-04-24,-11,0.03526945412158966
2006-05-10,financial_conditions_shift,2006-04-25,-10,0.03417853266000748
2006-05-10,financial_conditions_shift,2006-04-26,-9,0.029597407206892967
2006-05-10,financial_conditions_shift,2006-04-27,-8,0.03130217269062996
2006-05-10,financial_conditions_shift,2006-04-28,-7,0.036279283463954926
2006-05-10,financial_conditions_shift,2006-05-01,-6,0.032665953040122986
2006-05-10,financial_conditions_shift,2006-05-02,-5,0.03475450351834297
2006-05-10,financial_conditions_shift,2006-05-03,-4,0.033285073935985565
2006-05-10,financial_conditions_shift,2006-05-04,-3,0.028524216264486313
2006-05-10,financial_conditions_shift,2006-05-05,-2,0.02831071987748146
2006-05-10,financial_conditions_shift,2006-05-08,-1,0.02997163124382496
2006-05-10,financial_conditions_shift,2006-05-09,0,0.023834187537431717
2006-05-10,risk_balance_shift,2006-03-29,-28,0.042761534452438354
2006-05-10,risk_balance_shift,2006-03-30,-27,0.03525184094905853
2006-05-10,risk_balance_shift,2006-03-31,-26,0.03334079310297966
2006-05-10,risk_balance_shift,2006-04-03,-25,0.03399823233485222
2006-05-10,risk_balance_shift,2006-04-04,-24,0.035150013864040375
2006-05-10,risk_balance_shift,2006-04-05,-23,0.03752968832850456
2006-05-10,risk_balance_shift,2006-04-06,-22,0.03954273462295532
2006-05-10,risk_balance_shift,2006-04-07,-21,0.03526398539543152
2006-05-10,risk_balance_shift,2006-04-10,-20,0.03568520396947861
2006-05-10,risk_balance_shift,2006-04-11,-19,0.03828956559300423
2006-05-10,risk_balance_shift,2006-04-12,-18,0.03563464432954788
2006-05-10,risk_balance_shift,2006-04-13,-17,0.031180286779999733
2006-05-10,risk_balance_shift,2006-04-17,-16,0.03199456259608269
2006-05-10,risk_balance_shift,2006-04-18,-15,0.03569241613149643
2006-05-10,risk_balance_shift,2006-04-19,-14,0.03562302142381668
2006-05-10,risk_balance_shift,2006-04-20,-13,0.03273125737905502
2006-05-10,risk_balance_shift,2006-04-21,-12,0.034883201122283936
2006-05-10,risk_balance_shift,2006-04-24,-11,0.036086589097976685
2006-05-10,risk_balance_shift,2006-04-25,-10,0.03296266496181488
2006-05-10,risk_balance_shift,2006-04-26,-9,0.02944813296198845
2006-05-10,risk_balance_shift,2006-04-27,-8,0.03198404237627983
2006-05-10,risk_balance_shift,2006-04-28,-7,0.03624546155333519
2006-05-10,risk_balance_shift,2006-05-01,-6,0.03512541949748993
2006-05-10,risk_balance_shift,2006-05-02,-5,0.03532243147492409
2006-05-10,risk_balance_shift,2006-05-03,-4,0.035576481372117996
2006-05-10,risk_balance_shift,2006-05-04,-3,0.029842648655176163
2006-05-10,risk_balance_shift,2006-05-05,-2,0.0309574194252491
2006-05-10,risk_balance_shift,2006-05-08,-1,0.03248642757534981
2006-05-10,risk_balance_shift,2006-05-09,0,0.02940927818417549
2006-05-10,committee_dispersion,2006-03-29,-28,0.03803880512714386
2006-05-10,committee_dispersion,2006-03-30,-27,0.032501138746738434
2006-05-10,committee_dispersion,2006-03-31,-26,0.032586436718702316
2006-05-10,committee_dispersion,2006-04-03,-25,0.0344097763299942
2006-05-10,committee_dispersion,2006-04-04,-24,0.03465951234102249
2006-05-10,committee_dispersion,2006-04-05,-23,0.03475490212440491
2006-05-10,committee_dispersion,2006-04-06,-22,0.03588348254561424
2006-05-10,committee_dispersion,2006-04-07,-21,0.03371628373861313
2006-05-10,committee_dispersion,2006-04-10,-20,0.03308398649096489
2006-05-10,committee_dispersion,2006-04-11,-19,0.03554810583591461
2006-05-10,committee_dispersion,2006-04-12,-18,0.034323252737522125
2006-05-10,committee_dispersion,2006-04-13,-17,0.03176892176270485
2006-05-10,committee_dispersion,2006-04-17,-16,0.03259127587080002
2006-05-10,committee_dispersion,2006-04-18,-15,0.03635471686720848
2006-05-10,committee_dispersion,2006-04-19,-14,0.037695128470659256
2006-05-10,committee_dispersion,2006-04-20,-13,0.03470335528254509
2006-05-10,committee_dispersion,2006-04-21,-12,0.03440112620592117
2006-05-10,committee_dispersion,2006-04-24,-11,0.03651369735598564
2006-05-10,committee_dispersion,2006-04-25,-10,0.03315204381942749
2006-05-10,committee_dispersion,2006-04-26,-9,0.031141990795731544
2006-05-10,committee_dispersion,2006-04-27,-8,0.033059120178222656
2006-05-10,committee_dispersion,2006-04-28,-7,0.03514702618122101
2006-05-10,committee_dispersion,2006-05-01,-6,0.036095838993787766
2006-05-10,committee_dispersion,2006-05-02,-5,0.03530667722225189
2006-05-10,committee_dispersion,2006-05-03,-4,0.03614029660820961
2006-05-10,committee_dispersion,2006-05-04,-3,0.03243641555309296
2006-05-10,committee_dispersion,2006-05-05,-2,0.03386758640408516
2006-05-10,committee_dispersion,2006-05-08,-1,0.034413546323776245
2006-05-10,committee_dispersion,2006-05-09,0,0.03570554405450821
2006-05-10,policy_uncertainty,2006-03-29,-28,0.03877411037683487
2006-05-10,policy_uncertainty,2006-03-30,-27,0.03328241780400276
2006-05-10,policy_uncertainty,2006-03-31,-26,0.03261911869049072
2006-05-10,policy_uncertainty,2006-04-03,-25,0.034327104687690735
2006-05-10,policy_uncertainty,2006-04-04,-24,0.03551890328526497
2006-05-10,policy_uncertainty,2006-04-05,-23,0.036295272409915924
2006-05-10,policy_uncertainty,2006-04-06,-22,0.03734415024518967
2006-05-10,policy_uncertainty,2006-04-07,-21,0.03434571623802185
2006-05-10,policy_uncertainty,2006-04-10,-20,0.03416585177183151
2006-05-10,policy_uncertainty,2006-04-11,-19,0.03681284934282303
2006-05-10,policy_uncertainty,2006-04-12,-18,0.034291207790374756
2006-05-10,policy_uncertainty,2006-04-13,-17,0.03137574717402458
2006-05-10,policy_uncertainty,2006-04-17,-16,0.032561734318733215
2006-05-10,policy_uncertainty,2006-04-18,-15,0.03642532229423523
2006-05-10,policy_uncertainty,2006-04-19,-14,0.03674394637346268
2006-05-10,policy_uncertainty,2006-04-20,-13,0.034390538930892944
2006-05-10,policy_uncertainty,2006-04-21,-12,0.035073570907115936
2006-05-10,policy_uncertainty,2006-04-24,-11,0.03644826263189316
2006-05-10,policy_uncertainty,2006-04-25,-10,0.03246580809354782
2006-05-10,policy_uncertainty,2006-04-26,-9,0.030207406729459763
2006-05-10,policy_uncertainty,2006-04-27,-8,0.03258783370256424
2006-05-10,policy_uncertainty,2006-04-28,-7,0.03524881601333618
2006-05-10,policy_uncertainty,2006-05-01,-6,0.03527767211198807
2006-05-10,policy_uncertainty,2006-05-02,-5,0.03572365641593933
2006-05-10,policy_uncertainty,2006-05-03,-4,0.03578503429889679
2006-05-10,policy_uncertainty,2006-05-04,-3,0.0316692553460598
2006-05-10,policy_uncertainty,2006-05-05,-2,0.03273981064558029
2006-05-10,policy_uncertainty,2006-05-08,-1,0.033981770277023315
2006-05-10,policy_uncertainty,2006-05-09,0,0.03351711109280586
2006-05-10,forward_guidance_strength,2006-03-29,-28,0.05321507900953293
2006-05-10,forward_guidance_strength,2006-03-30,-27,0.03859579190611839
2006-05-10,forward_guidance_strength,2006-03-31,-26,0.03405462205410004
2006-05-10,forward_guidance_strength,2006-04-03,-25,0.032961536198854446
2006-05-10,forward_guidance_strength,2006-04-04,-24,0.03448090702295303
2006-05-10,forward_guidance_strength,2006-04-05,-23,0.03908539563417435
2006-05-10,forward_guidance_strength,2006-04-06,-22,0.04158174619078636
2006-05-10,forward_guidance_strength,2006-04-07,-21,0.0379062294960022
2006-05-10,forward_guidance_strength,2006-04-10,-20,0.03840230405330658
2006-05-10,forward_guidance_strength,2006-04-11,-19,0.03995212912559509
2006-05-10,forward_guidance_strength,2006-04-12,-18,0.03585244342684746
2006-05-10,forward_guidance_strength,2006-04-13,-17,0.031046967953443527
2006-05-10,forward_guidance_strength,2006-04-17,-16,0.031351394951343536
2006-05-10,forward_guidance_strength,2006-04-18,-15,0.03381017968058586
2006-05-10,forward_guidance_strength,2006-04-19,-14,0.03199763596057892
2006-05-10,forward_guidance_strength,2006-04-20,-13,0.030637899413704872
2006-05-10,forward_guidance_strength,2006-04-21,-12,0.03468354418873787
2006-05-10,forward_guidance_strength,2006-04-24,-11,0.03609362989664078
2006-05-10,forward_guidance_strength,2006-04-25,-10,0.03385128825902939
2006-05-10,forward_guidance_strength,2006-04-26,-9,0.028996624052524567
2006-05-10,forward_guidance_strength,2006-04-27,-8,0.03136442229151726
2006-05-10,forward_guidance_strength,2006-04-28,-7,0.03600820153951645
2006-05-10,forward_guidance_strength,2006-05-01,-6,0.03321342170238495
2006-05-10,forward_guidance_strength,2006-05-02,-5,0.03554529324173927
2006-05-10,forward_guidance_strength,2006-05-03,-4,0.033432286232709885
2006-05-10,forward_guidance_strength,2006-05-04,-3,0.027821702882647514
2006-05-10,forward_guidance_strength,2006-05-05,-2,0.02872501313686371
2006-05-10,forward_guidance_strength,2006-05-08,-1,0.030439071357250214
2006-05-10,forward_guidance_strength,2006-05-09,0,0.02489323727786541
2006-06-29,rate_decision,2006-05-11,-33,0.03228500485420227
2006-06-29,rate_decision,2006-05-12,-32,0.029095495119690895
2006-06-29,rate_decision,2006-05-15,-31,0.030146924778819084
2006-06-29,rate_decision,2006-05-16,-30,0.028263354673981667
2006-06-29,rate_decision,2006-05-17,-29,0.02920914813876152
2006-06-29,rate_decision,2006-05-18,-28,0.029850216582417488
2006-06-29,rate_decision,2006-05-19,-27,0.028600776568055153
2006-06-29,rate_decision,2006-05-22,-26,0.027825303375720978
2006-06-29,rate_decision,2006-05-23,-25,0.029266223311424255
2006-06-29,rate_decision,2006-05-24,-24,0.02868771180510521
2006-06-29,rate_decision,2006-05-25,-23,0.02806352823972702
2006-06-29,rate_decision,2006-05-26,-22,0.02898663468658924
2006-06-29,rate_decision,2006-05-30,-21,0.027982383966445923
2006-06-29,rate_decision,2006-05-31,-20,0.028175989165902138
2006-06-29,rate_decision,2006-06-01,-19,0.029723186045885086
2006-06-29,rate_decision,2006-06-02,-18,0.02930484339594841
2006-06-29,rate_decision,2006-06-05,-17,0.026941772550344467
2006-06-29,rate_decision,2006-06-06,-16,0.028125569224357605
2006-06-29,rate_decision,2006-06-07,-15,0.028193723410367966
2006-06-29,rate_decision,2006-06-08,-14,0.027275225147604942
2006-06-29,rate_decision,2006-06-09,-13,0.027746882289648056
2006-06-29,rate_decision,2006-06-12,-12,0.028305843472480774
2006-06-29,rate_decision,2006-06-13,-11,0.032078079879283905
2006-06-29,rate_decision,2006-06-14,-10,0.03010617569088936
2006-06-29,rate_decision,2006-06-15,-9,0.03068665973842144
2006-06-29,rate_decision,2006-06-16,-8,0.0307561494410038
2006-06-29,rate_decision,2006-06-19,-7,0.030920349061489105
2006-06-29,rate_decision,2006-06-20,-6,0.032132092863321304
2006-06-29,rate_decision,2006-06-21,-5,0.03153998777270317
2006-06-29,rate_decision,2006-06-22,-4,0.03001687303185463
2006-06-29,rate_decision,2006-06-23,-3,0.029543034732341766
2006-06-29,rate_decision,2006-06-26,-2,0.030990108847618103
2006-06-29,rate_decision,2006-06-27,-1,0.029586007818579674
2006-06-29,rate_decision,2006-06-28,0,0.029588747769594193
2006-06-29,current_policy_stance,2006-05-11,-33,0.030353974550962448
2006-06-29,current_policy_stance,2006-05-12,-32,0.029364384710788727
2006-06-29,current_policy_stance,2006-05-15,-31,0.029938414692878723
2006-06-29,current_policy_stance,2006-05-16,-30,0.03131922334432602
2006-06-29,current_policy_stance,2006-05-17,-29,0.03109114244580269
2006-06-29,current_policy_stance,2006-05-18,-28,0.02721918746829033
2006-06-29,current_policy_stance,2006-05-19,-27,0.030490409582853317
2006-06-29,current_policy_stance,2006-05-22,-26,0.029173046350479126
2006-06-29,current_policy_stance,2006-05-23,-25,0.029237501323223114
2006-06-29,current_policy_stance,2006-05-24,-24,0.028647229075431824
2006-06-29,current_policy_stance,2006-05-25,-23,0.03039567358791828
2006-06-29,current_policy_stance,2006-05-26,-22,0.02974219247698784
2006-06-29,current_policy_stance,2006-05-30,-21,0.03160480409860611
2006-06-29,current_policy_stance,2006-05-31,-20,0.02877945639193058
2006-06-29,current_policy_stance,2006-06-01,-19,0.028073273599147797
2006-06-29,current_policy_stance,2006-06-02,-18,0.02801307663321495
2006-06-29,current_policy_stance,2006-06-05,-17,0.02950853854417801
2006-06-29,current_policy_stance,2006-06-06,-16,0.02782931737601757
2006-06-29,current_policy_stance,2006-06-07,-15,0.027204230427742004
2006-06-29,current_policy_stance,2006-06-08,-14,0.026739470660686493
2006-06-29,current_policy_stance,2006-06-09,-13,0.025260603055357933
2006-06-29,current_policy_stance,2006-06-12,-12,0.02907404489815235
2006-06-29,current_policy_stance,2006-06-13,-11,0.029188454151153564
2006-06-29,current_policy_stance,2006-06-14,-10,0.029796158894896507
2006-06-29,current_policy_stance,2006-06-15,-9,0.02687709592282772
2006-06-29,current_policy_stance,2006-06-16,-8,0.02848062478005886
2006-06-29,current_policy_stance,2006-06-19,-7,0.030032919719815254
2006-06-29,current_policy_stance,2006-06-20,-6,0.030245423316955566
2006-06-29,current_policy_stance,2006-06-21,-5,0.03064771182835102
2006-06-29,current_policy_stance,2006-06-22,-4,0.030939524993300438
2006-06-29,current_policy_stance,2006-06-23,-3,0.029631420969963074
2006-06-29,current_policy_stance,2006-06-26,-2,0.031260788440704346
2006-06-29,current_policy_stance,2006-06-27,-1,0.032028455287218094
2006-06-29,current_policy_stance,2006-06-28,0,0.03181222826242447
2006-06-29,policy_stance_shift,2006-05-11,-33,0.03055572509765625
2006-06-29,policy_stance_shift,2006-05-12,-32,0.02873324416577816
2006-06-29,policy_stance_shift,2006-05-15,-31,0.029485326260328293
2006-06-29,policy_stance_shift,2006-05-16,-30,0.029708780348300934
2006-06-29,policy_stance_shift,2006-05-17,-29,0.030726639553904533
2006-06-29,policy_stance_shift,2006-05-18,-28,0.026509370654821396
2006-06-29,policy_stance_shift,2006-05-19,-27,0.029157346114516258
2006-06-29,policy_stance_shift,2006-05-22,-26,0.028020774945616722
2006-06-29,policy_stance_shift,2006-05-23,-25,0.02834596112370491
2006-06-29,policy_stance_shift,2006-05-24,-24,0.027917828410863876
2006-06-29,policy_stance_shift,2006-05-25,-23,0.029389461502432823
2006-06-29,policy_stance_shift,2006-05-26,-22,0.029459862038493156
2006-06-29,policy_stance_shift,2006-05-30,-21,0.03096310794353485
2006-06-29,policy_stance_shift,2006-05-31,-20,0.028259683400392532
2006-06-29,policy_stance_shift,2006-06-01,-19,0.02813531458377838
2006-06-29,policy_stance_shift,2006-06-02,-18,0.02807655930519104
2006-06-29,policy_stance_shift,2006-06-05,-17,0.0280537698417902
2006-06-29,policy_stance_shift,2006-06-06,-16,0.027072254568338394
2006-06-29,policy_stance_shift,2006-06-07,-15,0.02642485499382019
2006-06-29,policy_stance_shift,2006-06-08,-14,0.026045413687825203
2006-06-29,policy_stance_shift,2006-06-09,-13,0.024591024965047836
2006-06-29,policy_stance_shift,2006-06-12,-12,0.02981785498559475
2006-06-29,policy_stance_shift,2006-06-13,-11,0.031080007553100586
2006-06-29,policy_stance_shift,2006-06-14,-10,0.03109334409236908
2006-06-29,policy_stance_shift,2006-06-15,-9,0.028018120676279068
2006-06-29,policy_stance_shift,2006-06-16,-8,0.029488850384950638
2006-06-29,policy_stance_shift,2006-06-19,-7,0.031062588095664978
2006-06-29,policy_stance_shift,2006-06-20,-6,0.031553965061903
2006-06-29,policy_stance_shift,2006-06-21,-5,0.032570187002420425
2006-06-29,policy_stance_shift,2006-06-22,-4,0.03229648247361183
2006-06-29,policy_stance_shift,2006-06-23,-3,0.030441822484135628
2006-06-29,policy_stance_shift,2006-06-26,-2,0.03228273615241051
2006-06-29,policy_stance_shift,2006-06-27,-1,0.03208961337804794
2006-06-29,policy_stance_shift,2006-06-28,0,0.03257212042808533
2006-06-29,expected_rate_path_shift,2006-05-11,-33,0.026247603818774223
2006-06-29,expected_rate_path_shift,2006-05-12,-32,0.029578056186437607
2006-06-29,expected_rate_path_shift,2006-05-15,-31,0.030851159244775772
2006-06-29,expected_rate_path_shift,2006-05-16,-30,0.03256552666425705
2006-06-29,expected_rate_path_shift,2006-05-17,-29,0.03364801034331322
2006-06-29,expected_rate_path_shift,2006-05-18,-28,0.02982936054468155
2006-06-29,expected_rate_path_shift,2006-05-19,-27,0.03289986774325371
2006-06-29,expected_rate_path_shift,2006-05-22,-26,0.030634205788373947
2006-06-29,expected_rate_path_shift,2006-05-23,-25,0.029829733073711395
2006-06-29,expected_rate_path_shift,2006-05-24,-24,0.028311019763350487
2006-06-29,expected_rate_path_shift,2006-05-25,-23,0.03008991666138172
2006-06-29,expected_rate_path_shift,2006-05-26,-22,0.027507826685905457
2006-06-29,expected_rate_path_shift,2006-05-30,-21,0.029185926541686058
2006-06-29,expected_rate_path_shift,2006-05-31,-20,0.028929363936185837
2006-06-29,expected_rate_path_shift,2006-06-01,-19,0.029698729515075684
2006-06-29,expected_rate_path_shift,2006-06-02,-18,0.029442962259054184
2006-06-29,expected_rate_path_shift,2006-06-05,-17,0.03383857011795044
2006-06-29,expected_rate_path_shift,2006-06-06,-16,0.031360235065221786
2006-06-29,expected_rate_path_shift,2006-06-07,-15,0.02921144850552082
2006-06-29,expected_rate_path_shift,2006-06-08,-14,0.02776619791984558
2006-06-29,expected_rate_path_shift,2006-06-09,-13,0.02783956006169319
2006-06-29,expected_rate_path_shift,2006-06-12,-12,0.027341105043888092
2006-06-29,expected_rate_path_shift,2006-06-13,-11,0.02500048279762268
2006-06-29,expected_rate_path_shift,2006-06-14,-10,0.024981532245874405
2006-06-29,expected_rate_path_shift,2006-06-15,-9,0.0242270790040493
2006-06-29,expected_rate_path_shift,2006-06-16,-8,0.025385310873389244
2006-06-29,expected_rate_path_shift,2006-06-19,-7,0.027294933795928955
2006-06-29,expected_rate_path_shift,2006-06-20,-6,0.028826840221881866
2006-06-29,expected_rate_path_shift,2006-06-21,-5,0.0291445255279541
2006-06-29,expected_rate_path_shift,2006-06-22,-4,0.030212800949811935
2006-06-29,expected_rate_path_shift,2006-06-23,-3,0.030012069270014763
2006-06-29,expected_rate_path_shift,2006-06-26,-2,0.031264930963516235
2006-06-29,expected_rate_path_shift,2006-06-27,-1,0.031405627727508545
2006-06-29,expected_rate_path_shift,2006-06-28,0,0.03563747555017471
2006-06-29,inflation_assessment_shift,2006-05-11,-33,0.036945641040802
2006-06-29,inflation_assessment_shift,2006-05-12,-32,0.0283026285469532
2006-06-29,inflation_assessment_shift,2006-05-15,-31,0.02749870903789997
2006-06-29,inflation_assessment_shift,2006-05-16,-30,0.02633681334555149
2006-06-29,inflation_assessment_shift,2006-05-17,-29,0.025268971920013428
2006-06-29,inflation_assessment_shift,2006-05-18,-28,0.02510027587413788
2006-06-29,inflation_assessment_shift,2006-05-19,-27,0.024717029184103012
2006-06-29,inflation_assessment_shift,2006-05-22,-26,0.026328792795538902
2006-06-29,inflation_assessment_shift,2006-05-23,-25,0.02801486849784851
2006-06-29,inflation_assessment_shift,2006-05-24,-24,0.029448963701725006
2006-06-29,inflation_assessment_shift,2006-05-25,-23,0.029545307159423828
2006-06-29,inflation_assessment_shift,2006-05-26,-22,0.03248976543545723
2006-06-29,inflation_assessment_shift,2006-05-30,-21,0.03233490139245987
2006-06-29,inflation_assessment_shift,2006-05-31,-20,0.028424791991710663
2006-06-29,inflation_assessment_shift,2006-06-01,-19,0.026822753250598907
2006-06-29,inflation_assessment_shift,2006-06-02,-18,0.02714427188038826
2006-06-29,inflation_assessment_shift,2006-06-05,-17,0.02288842387497425
2006-06-29,inflation_assessment_shift,2006-06-06,-16,0.0236370787024498
2006-06-29,inflation_assessment_shift,2006-06-07,-15,0.025273296982049942
2006-06-29,inflation_assessment_shift,2006-06-08,-14,0.02673988603055477
2006-06-29,inflation_assessment_shift,2006-06-09,-13,0.025131363421678543
2006-06-29,inflation_assessment_shift,2006-06-12,-12,0.03250227868556976
2006-06-29,inflation_assessment_shift,2006-06-13,-11,0.040240105241537094
2006-06-29,inflation_assessment_shift,2006-06-14,-10,0.039471335709095
2006-06-29,inflation_assessment_shift,2006-06-15,-9,0.03470085188746452
2006-06-29,inflation_assessment_shift,2006-06-16,-8,0.0350557342171669
2006-06-29,inflation_assessment_shift,2006-06-19,-7,0.033896468579769135
2006-06-29,inflation_assessment_shift,2006-06-20,-6,0.031909048557281494
2006-06-29,inflation_assessment_shift,2006-06-21,-5,0.032529011368751526
2006-06-29,inflation_assessment_shift,2006-06-22,-4,0.030119797214865685
2006-06-29,inflation_assessment_shift,2006-06-23,-3,0.028685178607702255
2006-06-29,inflation_assessment_shift,2006-06-26,-2,0.029062464833259583
2006-06-29,inflation_assessment_shift,2006-06-27,-1,0.029397301375865936
2006-06-29,inflation_assessment_shift,2006-06-28,0,0.024035897105932236
2006-06-29,inflation_risk_shift,2006-05-11,-33,0.02966836839914322
2006-06-29,inflation_risk_shift,2006-05-12,-32,0.02905190922319889
2006-06-29,inflation_risk_shift,2006-05-15,-31,0.029539572075009346
2006-06-29,inflation_risk_shift,2006-05-16,-30,0.03046027570962906
2006-06-29,inflation_risk_shift,2006-05-17,-29,0.031225277110934258
2006-06-29,inflation_risk_shift,2006-05-18,-28,0.027331676334142685
2006-06-29,inflation_risk_shift,2006-05-19,-27,0.02943652682006359
2006-06-29,inflation_risk_shift,2006-05-22,-26,0.028658300638198853
2006-06-29,inflation_risk_shift,2006-05-23,-25,0.028756001964211464
2006-06-29,inflation_risk_shift,2006-05-24,-24,0.028374236077070236
2006-06-29,inflation_risk_shift,2006-05-25,-23,0.02930973470211029
2006-06-29,inflation_risk_shift,2006-05-26,-22,0.029170436784625053
2006-06-29,inflation_risk_shift,2006-05-30,-21,0.030464282259345055
2006-06-29,inflation_risk_shift,2006-05-31,-20,0.028430739417672157
2006-06-29,inflation_risk_shift,2006-06-01,-19,0.028622793033719063
2006-06-29,inflation_risk_shift,2006-06-02,-18,0.02884017489850521
2006-06-29,inflation_risk_shift,2006-06-05,-17,0.028807034716010094
2006-06-29,inflation_risk_shift,2006-06-06,-16,0.027941133826971054
2006-06-29,inflation_risk_shift,2006-06-07,-15,0.026760481297969818
2006-06-29,inflation_risk_shift,2006-06-08,-14,0.025993525981903076
2006-06-29,inflation_risk_shift,2006-06-09,-13,0.025168420746922493
2006-06-29,inflation_risk_shift,2006-06-12,-12,0.029046762734651566
2006-06-29,inflation_risk_shift,2006-06-13,-11,0.03013795241713524
2006-06-29,inflation_risk_shift,2006-06-14,-10,0.029285583645105362
2006-06-29,inflation_risk_shift,2006-06-15,-9,0.027304785326123238
2006-06-29,inflation_risk_shift,2006-06-16,-8,0.029003798961639404
2006-06-29,inflation_risk_shift,2006-06-19,-7,0.030269581824541092
2006-06-29,inflation_risk_shift,2006-06-20,-6,0.03134745731949806
2006-06-29,inflation_risk_shift,2006-06-21,-5,0.03222023695707321
2006-06-29,inflation_risk_shift,2006-06-22,-4,0.03175700455904007
2006-06-29,inflation_risk_shift,2006-06-23,-3,0.030106037855148315
2006-06-29,inflation_risk_shift,2006-06-26,-2,0.03169376030564308
2006-06-29,inflation_risk_shift,2006-06-27,-1,0.03227479010820389
2006-06-29,inflation_risk_shift,2006-06-28,0,0.03354130685329437
2006-06-29,unemployment_assessment_shift,2006-05-11,-33,0.03113286755979061
2006-06-29,unemployment_assessment_shift,2006-05-12,-32,0.029035665094852448
2006-06-29,unemployment_assessment_shift,2006-05-15,-31,0.02977677993476391
2006-06-29,unemployment_assessment_shift,2006-05-16,-30,0.030196573585271835
2006-06-29,unemployment_assessment_shift,2006-05-17,-29,0.030628615990281105
2006-06-29,unemployment_assessment_shift,2006-05-18,-28,0.027024274691939354
2006-06-29,unemployment_assessment_shift,2006-05-19,-27,0.02968529611825943
2006-06-29,unemployment_assessment_shift,2006-05-22,-26,0.028662003576755524
2006-06-29,unemployment_assessment_shift,2006-05-23,-25,0.02948872372508049
2006-06-29,unemployment_assessment_shift,2006-05-24,-24,0.028720874339342117
2006-06-29,unemployment_assessment_shift,2006-05-25,-23,0.029865119606256485
2006-06-29,unemployment_assessment_shift,2006-05-26,-22,0.02991548925638199
2006-06-29,unemployment_assessment_shift,2006-05-30,-21,0.03125963732600212
2006-06-29,unemployment_assessment_shift,2006-05-31,-20,0.02800391986966133
2006-06-29,unemployment_assessment_shift,2006-06-01,-19,0.028277188539505005
2006-06-29,unemployment_assessment_shift,2006-06-02,-18,0.028402190655469894
2006-06-29,unemployment_assessment_shift,2006-06-05,-17,0.028599655255675316
2006-06-29,unemployment_assessment_shift,2006-06-06,-16,0.027302335947752
2006-06-29,unemployment_assessment_shift,2006-06-07,-15,0.026924366131424904
2006-06-29,unemployment_assessment_shift,2006-06-08,-14,0.026722609996795654
2006-06-29,unemployment_assessment_shift,2006-06-09,-13,0.024846648797392845
2006-06-29,unemployment_assessment_shift,2006-06-12,-12,0.030331406742334366
2006-06-29,unemployment_assessment_shift,2006-06-13,-11,0.031247485429048538
2006-06-29,unemployment_assessment_shift,2006-06-14,-10,0.030994698405265808
2006-06-29,unemployment_assessment_shift,2006-06-15,-9,0.027752283960580826
2006-06-29,unemployment_assessment_shift,2006-06-16,-8,0.029473531991243362
2006-06-29,unemployment_assessment_shift,2006-06-19,-7,0.030495230108499527
2006-06-29,unemployment_assessment_shift,2006-06-20,-6,0.030660739168524742
2006-06-29,unemployment_assessment_shift,2006-06-21,-5,0.03130972757935524
2006-06-29,unemployment_assessment_shift,2006-06-22,-4,0.030319441109895706
2006-06-29,unemployment_assessment_shift,2006-06-23,-3,0.02885335497558117
2006-06-29,unemployment_assessment_shift,2006-06-26,-2,0.031163502484560013
2006-06-29,unemployment_assessment_shift,2006-06-27,-1,0.03150515630841255
2006-06-29,unemployment_assessment_shift,2006-06-28,0,0.03142262250185013
2006-06-29,labor_market_risk_shift,2006-05-11,-33,0.02955540642142296
2006-06-29,labor_market_risk_shift,2006-05-12,-32,0.029877841472625732
2006-06-29,labor_market_risk_shift,2006-05-15,-31,0.030122622847557068
2006-06-29,labor_market_risk_shift,2006-05-16,-30,0.031198805198073387
2006-06-29,labor_market_risk_shift,2006-05-17,-29,0.03208671137690544
2006-06-29,labor_market_risk_shift,2006-05-18,-28,0.02818378247320652
2006-06-29,labor_market_risk_shift,2006-05-19,-27,0.031158870086073875
2006-06-29,labor_market_risk_shift,2006-05-22,-26,0.02949688769876957
2006-06-29,labor_market_risk_shift,2006-05-23,-25,0.029316965490579605
2006-06-29,labor_market_risk_shift,2006-05-24,-24,0.027910346165299416
2006-06-29,labor_market_risk_shift,2006-05-25,-23,0.029970450326800346
2006-06-29,labor_market_risk_shift,2006-05-26,-22,0.02843753807246685
2006-06-29,labor_market_risk_shift,2006-05-30,-21,0.030446061864495277
2006-06-29,labor_market_risk_shift,2006-05-31,-20,0.029006296768784523
2006-06-29,labor_market_risk_shift,2006-06-01,-19,0.028724372386932373
2006-06-29,labor_market_risk_shift,2006-06-02,-18,0.028123443946242332
2006-06-29,labor_market_risk_shift,2006-06-05,-17,0.03065558895468712
2006-06-29,labor_market_risk_shift,2006-06-06,-16,0.02929988130927086
2006-06-29,labor_market_risk_shift,2006-06-07,-15,0.02779807150363922
2006-06-29,labor_market_risk_shift,2006-06-08,-14,0.0265487227588892
2006-06-29,labor_market_risk_shift,2006-06-09,-13,0.02611297369003296
2006-06-29,labor_market_risk_shift,2006-06-12,-12,0.028402205556631088
2006-06-29,labor_market_risk_shift,2006-06-13,-11,0.027808338403701782
2006-06-29,labor_market_risk_shift,2006-06-14,-10,0.02821848914027214
2006-06-29,labor_market_risk_shift,2006-06-15,-9,0.02616892196238041
2006-06-29,labor_market_risk_shift,2006-06-16,-8,0.027522066608071327
2006-06-29,labor_market_risk_shift,2006-06-19,-7,0.029486719518899918
2006-06-29,labor_market_risk_shift,2006-06-20,-6,0.03025476634502411
2006-06-29,labor_market_risk_shift,2006-06-21,-5,0.03048478625714779
2006-06-29,labor_market_risk_shift,2006-06-22,-4,0.03075958415865898
2006-06-29,labor_market_risk_shift,2006-06-23,-3,0.030138712376356125
2006-06-29,labor_market_risk_shift,2006-06-26,-2,0.0313277393579483
2006-06-29,labor_market_risk_shift,2006-06-27,-1,0.03192063421010971
2006-06-29,labor_market_risk_shift,2006-06-28,0,0.03347538411617279
2006-06-29,growth_activity_shift,2006-05-11,-33,0.02530679851770401
2006-06-29,growth_activity_shift,2006-05-12,-32,0.02981410175561905
2006-06-29,growth_activity_shift,2006-05-15,-31,0.03089865669608116
2006-06-29,growth_activity_shift,2006-05-16,-30,0.03279377147555351
2006-06-29,growth_activity_shift,2006-05-17,-29,0.03416203334927559
2006-06-29,growth_activity_shift,2006-05-18,-28,0.030803002417087555
2006-06-29,growth_activity_shift,2006-05-19,-27,0.03343744948506355
2006-06-29,growth_activity_shift,2006-05-22,-26,0.031151629984378815
2006-06-29,growth_activity_shift,2006-05-23,-25,0.02978147193789482
2006-06-29,growth_activity_shift,2006-05-24,-24,0.028168894350528717
2006-06-29,growth_activity_shift,2006-05-25,-23,0.029655519872903824
2006-06-29,growth_activity_shift,2006-05-26,-22,0.026825938373804092
2006-06-29,growth_activity_shift,2006-05-30,-21,0.028487171977758408
2006-06-29,growth_activity_shift,2006-05-31,-20,0.029354117810726166
2006-06-29,growth_activity_shift,2006-06-01,-19,0.03040482848882675
2006-06-29,growth_activity_shift,2006-06-02,-18,0.030176740139722824
2006-06-29,growth_activity_shift,2006-06-05,-17,0.034591540694236755
2006-06-29,growth_activity_shift,2006-06-06,-16,0.0325106680393219
2006-06-29,growth_activity_shift,2006-06-07,-15,0.029805637896060944
2006-06-29,growth_activity_shift,2006-06-08,-14,0.028164487332105637
2006-06-29,growth_activity_shift,2006-06-09,-13,0.028743859380483627
2006-06-29,growth_activity_shift,2006-06-12,-12,0.026802154257893562
2006-06-29,growth_activity_shift,2006-06-13,-11,0.02388748526573181
2006-06-29,growth_activity_shift,2006-06-14,-10,0.02352941781282425
2006-06-29,growth_activity_shift,2006-06-15,-9,0.02378447912633419
2006-06-29,growth_activity_shift,2006-06-16,-8,0.024996748194098473
2006-06-29,growth_activity_shift,2006-06-19,-7,0.02692045457661152
2006-06-29,growth_activity_shift,2006-06-20,-6,0.028686348348855972
2006-06-29,growth_activity_shift,2006-06-21,-5,0.02859027311205864
2006-06-29,growth_activity_shift,2006-06-22,-4,0.02938193827867508
2006-06-29,growth_activity_shift,2006-06-23,-3,0.029838884249329567
2006-06-29,growth_activity_shift,2006-06-26,-2,0.03097207099199295
2006-06-29,growth_activity_shift,2006-06-27,-1,0.031259529292583466
2006-06-29,growth_activity_shift,2006-06-28,0,0.03631191700696945
2006-06-29,financial_conditions_shift,2006-05-11,-33,0.03693603351712227
2006-06-29,financial_conditions_shift,2006-05-12,-32,0.02801256626844406
2006-06-29,financial_conditions_shift,2006-05-15,-31,0.02704903483390808
2006-06-29,financial_conditions_shift,2006-05-16,-30,0.02599426731467247
2006-06-29,financial_conditions_shift,2006-05-17,-29,0.025037236511707306
2006-06-29,financial_conditions_shift,2006-05-18,-28,0.025264039635658264
2006-06-29,financial_conditions_shift,2006-05-19,-27,0.024549642577767372
2006-06-29,financial_conditions_shift,2006-05-22,-26,0.026262547820806503
2006-06-29,financial_conditions_shift,2006-05-23,-25,0.027684401720762253
2006-06-29,financial_conditions_shift,2006-05-24,-24,0.029415801167488098
2006-06-29,financial_conditions_shift,2006-05-25,-23,0.02963670901954174
2006-06-29,financial_conditions_shift,2006-05-26,-22,0.03234603628516197
2006-06-29,financial_conditions_shift,2006-05-30,-21,0.03181396424770355
2006-06-29,financial_conditions_shift,2006-05-31,-20,0.02840057760477066
2006-06-29,financial_conditions_shift,2006-06-01,-19,0.026661308482289314
2006-06-29,financial_conditions_shift,2006-06-02,-18,0.027245569974184036
2006-06-29,financial_conditions_shift,2006-06-05,-17,0.022906795144081116
2006-06-29,financial_conditions_shift,2006-06-06,-16,0.02367073856294155
2006-06-29,financial_conditions_shift,2006-06-07,-15,0.02554253488779068
2006-06-29,financial_conditions_shift,2006-06-08,-14,0.027060436084866524
2006-06-29,financial_conditions_shift,2006-06-09,-13,0.02617068961262703
2006-06-29,financial_conditions_shift,2006-06-12,-12,0.03234156221151352
2006-06-29,financial_conditions_shift,2006-06-13,-11,0.040594711899757385
2006-06-29,financial_conditions_shift,2006-06-14,-10,0.039641790091991425
2006-06-29,financial_conditions_shift,2006-06-15,-9,0.035218387842178345
2006-06-29,financial_conditions_shift,2006-06-16,-8,0.03516067564487457
2006-06-29,financial_conditions_shift,2006-06-19,-7,0.03385637328028679
2006-06-29,financial_conditions_shift,2006-06-20,-6,0.0317365787923336
2006-06-29,financial_conditions_shift,2006-06-21,-5,0.03245415538549423
2006-06-29,financial_conditions_shift,2006-06-22,-4,0.030498944222927094
2006-06-29,financial_conditions_shift,2006-06-23,-3,0.029110439121723175
2006-06-29,financial_conditions_shift,2006-06-26,-2,0.028672916814684868
2006-06-29,financial_conditions_shift,2006-06-27,-1,0.02902425266802311
2006-06-29,financial_conditions_shift,2006-06-28,0,0.024028338491916656
2006-06-29,risk_balance_shift,2006-05-11,-33,0.032296378165483475
2006-06-29,risk_balance_shift,2006-05-12,-32,0.028765356168150902
2006-06-29,risk_balance_shift,2006-05-15,-31,0.029080860316753387
2006-06-29,risk_balance_shift,2006-05-16,-30,0.02926153503358364
2006-06-29,risk_balance_shift,2006-05-17,-29,0.02972308173775673
2006-06-29,risk_balance_shift,2006-05-18,-28,0.026237282902002335
2006-06-29,risk_balance_shift,2006-05-19,-27,0.0282352976500988
2006-06-29,risk_balance_shift,2006-05-22,-26,0.02790648862719536
2006-06-29,risk_balance_shift,2006-05-23,-25,0.028504617512226105
2006-06-29,risk_balance_shift,2006-05-24,-24,0.028277825564146042
2006-06-29,risk_balance_shift,2006-05-25,-23,0.029647355899214745
2006-06-29,risk_balance_shift,2006-05-26,-22,0.029998689889907837
2006-06-29,risk_balance_shift,2006-05-30,-21,0.031219232827425003
2006-06-29,risk_balance_shift,2006-05-31,-20,0.028180822730064392
2006-06-29,risk_balance_shift,2006-06-01,-19,0.027614613994956017
2006-06-29,risk_balance_shift,2006-06-02,-18,0.02797260694205761
2006-06-29,risk_balance_shift,2006-06-05,-17,0.026770927011966705
2006-06-29,risk_balance_shift,2006-06-06,-16,0.025866486132144928
2006-06-29,risk_balance_shift,2006-06-07,-15,0.025967175140976906
2006-06-29,risk_balance_shift,2006-06-08,-14,0.0263338815420866
2006-06-29,risk_balance_shift,2006-06-09,-13,0.025193100795149803
2006-06-29,risk_balance_shift,2006-06-12,-12,0.030368046835064888
2006-06-29,risk_balance_shift,2006-06-13,-11,0.03207255154848099
2006-06-29,risk_balance_shift,2006-06-14,-10,0.0322703942656517
2006-06-29,risk_balance_shift,2006-06-15,-9,0.029151901602745056
2006-06-29,risk_balance_shift,2006-06-16,-8,0.03107815980911255
2006-06-29,risk_balance_shift,2006-06-19,-7,0.03170284256339073
2006-06-29,risk_balance_shift,2006-06-20,-6,0.03156714141368866
2006-06-29,risk_balance_shift,2006-06-21,-5,0.03251950070261955
2006-06-29,risk_balance_shift,2006-06-22,-4,0.0324227437376976
2006-06-29,risk_balance_shift,2006-06-23,-3,0.03016863949596882
2006-06-29,risk_balance_shift,2006-06-26,-2,0.031649306416511536
2006-06-29,risk_balance_shift,2006-06-27,-1,0.031396154314279556
2006-06-29,risk_balance_shift,2006-06-28,0,0.030578985810279846
2006-06-29,committee_dispersion,2006-05-11,-33,0.03691842406988144
2006-06-29,committee_dispersion,2006-05-12,-32,0.027886999770998955
2006-06-29,committee_dispersion,2006-05-15,-31,0.027364414185285568
2006-06-29,committee_dispersion,2006-05-16,-30,0.02618945762515068
2006-06-29,committee_dispersion,2006-05-17,-29,0.025172514840960503
2006-06-29,committee_dispersion,2006-05-18,-28,0.024967500939965248
2006-06-29,committee_dispersion,2006-05-19,-27,0.024570433422923088
2006-06-29,committee_dispersion,2006-05-22,-26,0.02598659321665764
2006-06-29,committee_dispersion,2006-05-23,-25,0.027501819655299187
2006-06-29,committee_dispersion,2006-05-24,-24,0.02918531373143196
2006-06-29,committee_dispersion,2006-05-25,-23,0.02945888601243496
2006-06-29,committee_dispersion,2006-05-26,-22,0.03239351138472557
2006-06-29,committee_dispersion,2006-05-30,-21,0.032345615327358246
2006-06-29,committee_dispersion,2006-05-31,-20,0.02812468633055687
2006-06-29,committee_dispersion,2006-06-01,-19,0.026561371982097626
2006-06-29,committee_dispersion,2006-06-02,-18,0.027169926092028618
2006-06-29,committee_dispersion,2006-06-05,-17,0.022965218871831894
2006-06-29,committee_dispersion,2006-06-06,-16,0.023536205291748047
2006-06-29,committee_dispersion,2006-06-07,-15,0.02507970482110977
2006-06-29,committee_dispersion,2006-06-08,-14,0.02666812390089035
2006-06-29,committee_dispersion,2006-06-09,-13,0.02540101669728756
2006-06-29,committee_dispersion,2006-06-12,-12,0.03219282999634743
2006-06-29,committee_dispersion,2006-06-13,-11,0.04054597392678261
2006-06-29,committee_dispersion,2006-06-14,-10,0.0397384837269783
2006-06-29,committee_dispersion,2006-06-15,-9,0.03480030596256256
2006-06-29,committee_dispersion,2006-06-16,-8,0.03517494723200798
2006-06-29,committee_dispersion,2006-06-19,-7,0.03392953798174858
2006-06-29,committee_dispersion,2006-06-20,-6,0.031982943415641785
2006-06-29,committee_dispersion,2006-06-21,-5,0.032834120094776154
2006-06-29,committee_dispersion,2006-06-22,-4,0.030842725187540054
2006-06-29,committee_dispersion,2006-06-23,-3,0.029087409377098083
2006-06-29,committee_dispersion,2006-06-26,-2,0.029335808008909225
2006-06-29,committee_dispersion,2006-06-27,-1,0.029363108798861504
2006-06-29,committee_dispersion,2006-06-28,0,0.024724077433347702
2006-06-29,policy_uncertainty,2006-05-11,-33,0.03234623372554779
2006-06-29,policy_uncertainty,2006-05-12,-32,0.028196590021252632
2006-06-29,policy_uncertainty,2006-05-15,-31,0.029152564704418182
2006-06-29,policy_uncertainty,2006-05-16,-30,0.028683915734291077
2006-06-29,policy_uncertainty,2006-05-17,-29,0.028645606711506844
2006-06-29,policy_uncertainty,2006-05-18,-28,0.026066351681947708
2006-06-29,policy_uncertainty,2006-05-19,-27,0.02760828472673893
2006-06-29,policy_uncertainty,2006-05-22,-26,0.027390018105506897
2006-06-29,policy_uncertainty,2006-05-23,-25,0.0281946063041687
2006-06-29,policy_uncertainty,2006-05-24,-24,0.028578639030456543
2006-06-29,policy_uncertainty,2006-05-25,-23,0.029537197202444077
2006-06-29,policy_uncertainty,2006-05-26,-22,0.03067825734615326
2006-06-29,policy_uncertainty,2006-05-30,-21,0.03148326650261879
2006-06-29,policy_uncertainty,2006-05-31,-20,0.027896985411643982
2006-06-29,policy_uncertainty,2006-06-01,-19,0.027323126792907715
2006-06-29,policy_uncertainty,2006-06-02,-18,0.027673617005348206
2006-06-29,policy_uncertainty,2006-06-05,-17,0.026108264923095703
2006-06-29,policy_uncertainty,2006-06-06,-16,0.02583945170044899
2006-06-29,policy_uncertainty,2006-06-07,-15,0.025829382240772247
2006-06-29,policy_uncertainty,2006-06-08,-14,0.02634933404624462
2006-06-29,policy_uncertainty,2006-06-09,-13,0.024317225441336632
2006-06-29,policy_uncertainty,2006-06-12,-12,0.030658580362796783
2006-06-29,policy_uncertainty,2006-06-13,-11,0.03416092321276665
2006-06-29,policy_uncertainty,2006-06-14,-10,0.03340958058834076
2006-06-29,policy_uncertainty,2006-06-15,-9,0.030051618814468384
2006-06-29,policy_uncertainty,2006-06-16,-8,0.03136236593127251
2006-06-29,policy_uncertainty,2006-06-19,-7,0.032403331249952316
2006-06-29,policy_uncertainty,2006-06-20,-6,0.03198878839612007
2006-06-29,policy_uncertainty,2006-06-21,-5,0.03324538469314575
2006-06-29,policy_uncertainty,2006-06-22,-4,0.03217656537890434
2006-06-29,policy_uncertainty,2006-06-23,-3,0.03026801347732544
2006-06-29,policy_uncertainty,2006-06-26,-2,0.03153279796242714
2006-06-29,policy_uncertainty,2006-06-27,-1,0.031236788257956505
2006-06-29,policy_uncertainty,2006-06-28,0,0.029606353491544724
2006-06-29,forward_guidance_strength,2006-05-11,-33,0.0322163924574852
2006-06-29,forward_guidance_strength,2006-05-12,-32,0.028975902125239372
2006-06-29,forward_guidance_strength,2006-05-15,-31,0.029350198805332184
2006-06-29,forward_guidance_strength,2006-05-16,-30,0.029346199706196785
2006-06-29,forward_guidance_strength,2006-05-17,-29,0.029531486332416534
2006-06-29,forward_guidance_strength,2006-05-18,-28,0.02660491317510605
2006-06-29,forward_guidance_strength,2006-05-19,-27,0.028791606426239014
2006-06-29,forward_guidance_strength,2006-05-22,-26,0.02798175811767578
2006-06-29,forward_guidance_strength,2006-05-23,-25,0.028956236317753792
2006-06-29,forward_guidance_strength,2006-05-24,-24,0.02844782918691635
2006-06-29,forward_guidance_strength,2006-05-25,-23,0.029974158853292465
2006-06-29,forward_guidance_strength,2006-05-26,-22,0.0302933007478714
2006-06-29,forward_guidance_strength,2006-05-30,-21,0.03186844289302826
2006-06-29,forward_guidance_strength,2006-05-31,-20,0.028275497257709503
2006-06-29,forward_guidance_strength,2006-06-01,-19,0.027808327227830887
2006-06-29,forward_guidance_strength,2006-06-02,-18,0.027787959203124046
2006-06-29,forward_guidance_strength,2006-06-05,-17,0.027088187634944916
2006-06-29,forward_guidance_strength,2006-06-06,-16,0.02664709836244583
2006-06-29,forward_guidance_strength,2006-06-07,-15,0.02632901445031166
2006-06-29,forward_guidance_strength,2006-06-08,-14,0.026305019855499268
2006-06-29,forward_guidance_strength,2006-06-09,-13,0.025076165795326233
2006-06-29,forward_guidance_strength,2006-06-12,-12,0.030535470694303513
2006-06-29,forward_guidance_strength,2006-06-13,-11,0.03305372595787048
2006-06-29,forward_guidance_strength,2006-06-14,-10,0.03239139914512634
2006-06-29,forward_guidance_strength,2006-06-15,-9,0.02884305827319622
2006-06-29,forward_guidance_strength,2006-06-16,-8,0.030362749472260475
2006-06-29,forward_guidance_strength,2006-06-19,-7,0.03142426162958145
2006-06-29,forward_guidance_strength,2006-06-20,-6,0.03116234578192234
2006-06-29,forward_guidance_strength,2006-06-21,-5,0.03160518780350685
2006-06-29,forward_guidance_strength,2006-06-22,-4,0.03068280965089798
2006-06-29,forward_guidance_strength,2006-06-23,-3,0.029199134558439255
2006-06-29,forward_guidance_strength,2006-06-26,-2,0.030952658504247665
2006-06-29,forward_guidance_strength,2006-06-27,-1,0.03151151165366173
2006-06-29,forward_guidance_strength,2006-06-28,0,0.030619995668530464
2006-08-08,rate_decision,2006-06-30,-25,0.0350334495306015
2006-08-08,rate_decision,2006-07-03,-24,0.038807813078165054
2006-08-08,rate_decision,2006-07-05,-23,0.039173536002635956
2006-08-08,rate_decision,2006-07-06,-22,0.0379287526011467
2006-08-08,rate_decision,2006-07-07,-21,0.039240512996912
2006-08-08,rate_decision,2006-07-10,-20,0.03963592275977135
2006-08-08,rate_decision,2006-07-11,-19,0.039218802005052567
2006-08-08,rate_decision,2006-07-12,-18,0.03702765330672264
2006-08-08,rate_decision,2006-07-13,-17,0.03716197982430458
2006-08-08,rate_decision,2006-07-14,-16,0.03822404891252518
2006-08-08,rate_decision,2006-07-17,-15,0.04041806980967522
2006-08-08,rate_decision,2006-07-18,-14,0.03852556645870209
2006-08-08,rate_decision,2006-07-19,-13,0.03775763884186745
2006-08-08,rate_decision,2006-07-20,-12,0.038496892899274826
2006-08-08,rate_decision,2006-07-21,-11,0.03967474028468132
2006-08-08,rate_decision,2006-07-24,-10,0.03782353177666664
2006-08-08,rate_decision,2006-07-25,-9,0.03749654069542885
2006-08-08,rate_decision,2006-07-26,-8,0.039499808102846146
2006-08-08,rate_decision,2006-07-27,-7,0.03856649994850159
2006-08-08,rate_decision,2006-07-28,-6,0.038957543671131134
2006-08-08,rate_decision,2006-07-31,-5,0.03800135850906372
2006-08-08,rate_decision,2006-08-01,-4,0.03946012631058693
2006-08-08,rate_decision,2006-08-02,-3,0.03987128287553787
2006-08-08,rate_decision,2006-08-03,-2,0.038594841957092285
2006-08-08,rate_decision,2006-08-04,-1,0.03877425193786621
2006-08-08,rate_decision,2006-08-07,0,0.0366288498044014
2006-08-08,current_policy_stance,2006-06-30,-25,0.0405866876244545
2006-08-08,current_policy_stance,2006-07-03,-24,0.04338564723730087
2006-08-08,current_policy_stance,2006-07-05,-23,0.03506993129849434
2006-08-08,current_policy_stance,2006-07-06,-22,0.038053013384342194
2006-08-08,current_policy_stance,2006-07-07,-21,0.03754202648997307
2006-08-08,current_policy_stance,2006-07-10,-20,0.037422992289066315
2006-08-08,current_policy_stance,2006-07-11,-19,0.03443002328276634
2006-08-08,current_policy_stance,2006-07-12,-18,0.03456075116991997
2006-08-08,current_policy_stance,2006-07-13,-17,0.034660112112760544
2006-08-08,current_policy_stance,2006-07-14,-16,0.03831839561462402
2006-08-08,current_policy_stance,2006-07-17,-15,0.0417230948805809
2006-08-08,current_policy_stance,2006-07-18,-14,0.03676745295524597
2006-08-08,current_policy_stance,2006-07-19,-13,0.03799343481659889
2006-08-08,current_policy_stance,2006-07-20,-12,0.036968253552913666
2006-08-08,current_policy_stance,2006-07-21,-11,0.03940720111131668
2006-08-08,current_policy_stance,2006-07-24,-10,0.03921278193593025
2006-08-08,current_policy_stance,2006-07-25,-9,0.042828842997550964
2006-08-08,current_policy_stance,2006-07-26,-8,0.03938688337802887
2006-08-08,current_policy_stance,2006-07-27,-7,0.03752078115940094
2006-08-08,current_policy_stance,2006-07-28,-6,0.039470773190259933
2006-08-08,current_policy_stance,2006-07-31,-5,0.03942889720201492
2006-08-08,current_policy_stance,2006-08-01,-4,0.04109574854373932
2006-08-08,current_policy_stance,2006-08-02,-3,0.037943579256534576
2006-08-08,current_policy_stance,2006-08-03,-2,0.04010072350502014
2006-08-08,current_policy_stance,2006-08-04,-1,0.0399920716881752
2006-08-08,current_policy_stance,2006-08-07,0,0.036129869520664215
2006-08-08,policy_stance_shift,2006-06-30,-25,0.03427821770310402
2006-08-08,policy_stance_shift,2006-07-03,-24,0.038809068500995636
2006-08-08,policy_stance_shift,2006-07-05,-23,0.037127092480659485
2006-08-08,policy_stance_shift,2006-07-06,-22,0.03493420034646988
2006-08-08,policy_stance_shift,2006-07-07,-21,0.03755640983581543
2006-08-08,policy_stance_shift,2006-07-10,-20,0.03760610148310661
2006-08-08,policy_stance_shift,2006-07-11,-19,0.03667997941374779
2006-08-08,policy_stance_shift,2006-07-12,-18,0.035727523267269135
2006-08-08,policy_stance_shift,2006-07-13,-17,0.036050181835889816
2006-08-08,policy_stance_shift,2006-07-14,-16,0.037040479481220245
2006-08-08,policy_stance_shift,2006-07-17,-15,0.039062727242708206
2006-08-08,policy_stance_shift,2006-07-18,-14,0.0400460846722126
2006-08-08,policy_stance_shift,2006-07-19,-13,0.03680282086133957
2006-08-08,policy_stance_shift,2006-07-20,-12,0.04084111377596855
2006-08-08,policy_stance_shift,2006-07-21,-11,0.040083058178424835
2006-08-08,policy_stance_shift,2006-07-24,-10,0.03871963545680046
2006-08-08,policy_stance_shift,2006-07-25,-9,0.036943864077329636
2006-08-08,policy_stance_shift,2006-07-26,-8,0.03726114332675934
2006-08-08,policy_stance_shift,2006-07-27,-7,0.03835650533437729
2006-08-08,policy_stance_shift,2006-07-28,-6,0.03673747554421425
2006-08-08,policy_stance_shift,2006-07-31,-5,0.03978767991065979
2006-08-08,policy_stance_shift,2006-08-01,-4,0.03900216892361641
2006-08-08,policy_stance_shift,2006-08-02,-3,0.040899746119976044
2006-08-08,policy_stance_shift,2006-08-03,-2,0.04211576282978058
2006-08-08,policy_stance_shift,2006-08-04,-1,0.04085753858089447
2006-08-08,policy_stance_shift,2006-08-07,0,0.04667344689369202
2006-08-08,expected_rate_path_shift,2006-06-30,-25,0.03372836858034134
2006-08-08,expected_rate_path_shift,2006-07-03,-24,0.037882667034864426
2006-08-08,expected_rate_path_shift,2006-07-05,-23,0.03755028918385506
2006-08-08,expected_rate_path_shift,2006-07-06,-22,0.034866996109485626
2006-08-08,expected_rate_path_shift,2006-07-07,-21,0.03763692080974579
2006-08-08,expected_rate_path_shift,2006-07-10,-20,0.037573523819446564
2006-08-08,expected_rate_path_shift,2006-07-11,-19,0.037407904863357544
2006-08-08,expected_rate_path_shift,2006-07-12,-18,0.03645361214876175
2006-08-08,expected_rate_path_shift,2006-07-13,-17,0.03701744228601456
2006-08-08,expected_rate_path_shift,2006-07-14,-16,0.037399936467409134
2006-08-08,expected_rate_path_shift,2006-07-17,-15,0.0385405607521534
2006-08-08,expected_rate_path_shift,2006-07-18,-14,0.04013347625732422
2006-08-08,expected_rate_path_shift,2006-07-19,-13,0.03676118701696396
2006-08-08,expected_rate_path_shift,2006-07-20,-12,0.04115302860736847
2006-08-08,expected_rate_path_shift,2006-07-21,-11,0.03969421237707138
2006-08-08,expected_rate_path_shift,2006-07-24,-10,0.038516268134117126
2006-08-08,expected_rate_path_shift,2006-07-25,-9,0.03593916818499565
2006-08-08,expected_rate_path_shift,2006-07-26,-8,0.037062592804431915
2006-08-08,expected_rate_path_shift,2006-07-27,-7,0.0385797843337059
2006-08-08,expected_rate_path_shift,2006-07-28,-6,0.03654903545975685
2006-08-08,expected_rate_path_shift,2006-07-31,-5,0.03983844071626663
2006-08-08,expected_rate_path_shift,2006-08-01,-4,0.03851800411939621
2006-08-08,expected_rate_path_shift,2006-08-02,-3,0.04140734300017357
2006-08-08,expected_rate_path_shift,2006-08-03,-2,0.04163601994514465
2006-08-08,expected_rate_path_shift,2006-08-04,-1,0.040722206234931946
2006-08-08,expected_rate_path_shift,2006-08-07,0,0.047431010752916336
2006-08-08,inflation_assessment_shift,2006-06-30,-25,0.04379613697528839
2006-08-08,inflation_assessment_shift,2006-07-03,-24,0.04196586832404137
2006-08-08,inflation_assessment_shift,2006-07-05,-23,0.036553408950567245
2006-08-08,inflation_assessment_shift,2006-07-06,-22,0.04023340716958046
2006-08-08,inflation_assessment_shift,2006-07-07,-21,0.03805631399154663
2006-08-08,inflation_assessment_shift,2006-07-10,-20,0.038198478519916534
2006-08-08,inflation_assessment_shift,2006-07-11,-19,0.036233335733413696
2006-08-08,inflation_assessment_shift,2006-07-12,-18,0.03658188134431839
2006-08-08,inflation_assessment_shift,2006-07-13,-17,0.03631730005145073
2006-08-08,inflation_assessment_shift,2006-07-14,-16,0.038676634430885315
2006-08-08,inflation_assessment_shift,2006-07-17,-15,0.04038343206048012
2006-08-08,inflation_assessment_shift,2006-07-18,-14,0.03659551590681076
2006-08-08,inflation_assessment_shift,2006-07-19,-13,0.03923092037439346
2006-08-08,inflation_assessment_shift,2006-07-20,-12,0.035975899547338486
2006-08-08,inflation_assessment_shift,2006-07-21,-11,0.038343943655490875
2006-08-08,inflation_assessment_shift,2006-07-24,-10,0.03887755051255226
2006-08-08,inflation_assessment_shift,2006-07-25,-9,0.04289381206035614
2006-08-08,inflation_assessment_shift,2006-07-26,-8,0.03951937332749367
2006-08-08,inflation_assessment_shift,2006-07-27,-7,0.03764232620596886
2006-08-08,inflation_assessment_shift,2006-07-28,-6,0.04024690389633179
2006-08-08,inflation_assessment_shift,2006-07-31,-5,0.038346271961927414
2006-08-08,inflation_assessment_shift,2006-08-01,-4,0.04007690027356148
2006-08-08,inflation_assessment_shift,2006-08-02,-3,0.036474600434303284
2006-08-08,inflation_assessment_shift,2006-08-03,-2,0.03768916428089142
2006-08-08,inflation_assessment_shift,2006-08-04,-1,0.03812948241829872
2006-08-08,inflation_assessment_shift,2006-08-07,0,0.0329611673951149
2006-08-08,inflation_risk_shift,2006-06-30,-25,0.04163830354809761
2006-08-08,inflation_risk_shift,2006-07-03,-24,0.042610250413417816
2006-08-08,inflation_risk_shift,2006-07-05,-23,0.03559698164463043
2006-08-08,inflation_risk_shift,2006-07-06,-22,0.03846515342593193
2006-08-08,inflation_risk_shift,2006-07-07,-21,0.03755883872509003
2006-08-08,inflation_risk_shift,2006-07-10,-20,0.0375630147755146
2006-08-08,inflation_risk_shift,2006-07-11,-19,0.03512634336948395
2006-08-08,inflation_risk_shift,2006-07-12,-18,0.03513338416814804
2006-08-08,inflation_risk_shift,2006-07-13,-17,0.035247791558504105
2006-08-08,inflation_risk_shift,2006-07-14,-16,0.03807273879647255
2006-08-08,inflation_risk_shift,2006-07-17,-15,0.04105737805366516
2006-08-08,inflation_risk_shift,2006-07-18,-14,0.03682464361190796
2006-08-08,inflation_risk_shift,2006-07-19,-13,0.03852470964193344
2006-08-08,inflation_risk_shift,2006-07-20,-12,0.03705597296357155
2006-08-08,inflation_risk_shift,2006-07-21,-11,0.039178404957056046
2006-08-08,inflation_risk_shift,2006-07-24,-10,0.03908193111419678
2006-08-08,inflation_risk_shift,2006-07-25,-9,0.04218560829758644
2006-08-08,inflation_risk_shift,2006-07-26,-8,0.03903668746352196
2006-08-08,inflation_risk_shift,2006-07-27,-7,0.037153054028749466
2006-08-08,inflation_risk_shift,2006-07-28,-6,0.039561569690704346
2006-08-08,inflation_risk_shift,2006-07-31,-5,0.03919269144535065
2006-08-08,inflation_risk_shift,2006-08-01,-4,0.040519654750823975
2006-08-08,inflation_risk_shift,2006-08-02,-3,0.03749330714344978
2006-08-08,inflation_risk_shift,2006-08-03,-2,0.039657220244407654
2006-08-08,inflation_risk_shift,2006-08-04,-1,0.03993923217058182
2006-08-08,inflation_risk_shift,2006-08-07,0,0.03652513772249222
2006-08-08,unemployment_assessment_shift,2006-06-30,-25,0.033897072076797485
2006-08-08,unemployment_assessment_shift,2006-07-03,-24,0.03729385882616043
2006-08-08,unemployment_assessment_shift,2006-07-05,-23,0.037962641566991806
2006-08-08,unemployment_assessment_shift,2006-07-06,-22,0.03505847603082657
2006-08-08,unemployment_assessment_shift,2006-07-07,-21,0.037574950605630875
2006-08-08,unemployment_assessment_shift,2006-07-10,-20,0.03787266090512276
2006-08-08,unemployment_assessment_shift,2006-07-11,-19,0.03786548227071762
2006-08-08,unemployment_assessment_shift,2006-07-12,-18,0.03696934133768082
2006-08-08,unemployment_assessment_shift,2006-07-13,-17,0.03755742684006691
2006-08-08,unemployment_assessment_shift,2006-07-14,-16,0.037368446588516235
2006-08-08,unemployment_assessment_shift,2006-07-17,-15,0.03797068074345589
2006-08-08,unemployment_assessment_shift,2006-07-18,-14,0.040485069155693054
2006-08-08,unemployment_assessment_shift,2006-07-19,-13,0.03699753060936928
2006-08-08,unemployment_assessment_shift,2006-07-20,-12,0.04100946709513664
2006-08-08,unemployment_assessment_shift,2006-07-21,-11,0.039264850318431854
2006-08-08,unemployment_assessment_shift,2006-07-24,-10,0.03826996311545372
2006-08-08,unemployment_assessment_shift,2006-07-25,-9,0.03571067750453949
2006-08-08,unemployment_assessment_shift,2006-07-26,-8,0.037078648805618286
2006-08-08,unemployment_assessment_shift,2006-07-27,-7,0.038826391100883484
2006-08-08,unemployment_assessment_shift,2006-07-28,-6,0.03666063770651817
2006-08-08,unemployment_assessment_shift,2006-07-31,-5,0.03975851833820343
2006-08-08,unemployment_assessment_shift,2006-08-01,-4,0.03827276453375816
2006-08-08,unemployment_assessment_shift,2006-08-02,-3,0.0414370596408844
2006-08-08,unemployment_assessment_shift,2006-08-03,-2,0.041444629430770874
2006-08-08,unemployment_assessment_shift,2006-08-04,-1,0.040506236255168915
2006-08-08,unemployment_assessment_shift,2006-08-07,0,0.04688652604818344
2006-08-08,labor_market_risk_shift,2006-06-30,-25,0.033961404114961624
2006-08-08,labor_market_risk_shift,2006-07-03,-24,0.03786984831094742
2006-08-08,labor_market_risk_shift,2006-07-05,-23,0.03805498033761978
2006-08-08,labor_market_risk_shift,2006-07-06,-22,0.03490118309855461
2006-08-08,labor_market_risk_shift,2006-07-07,-21,0.0375002920627594
2006-08-08,labor_market_risk_shift,2006-07-10,-20,0.03775837644934654
2006-08-08,labor_market_risk_shift,2006-07-11,-19,0.03753011301159859
2006-08-08,labor_market_risk_shift,2006-07-12,-18,0.03643073886632919
2006-08-08,labor_market_risk_shift,2006-07-13,-17,0.03693398833274841
2006-08-08,labor_market_risk_shift,2006-07-14,-16,0.03733813390135765
2006-08-08,labor_market_risk_shift,2006-07-17,-15,0.03855161368846893
2006-08-08,labor_market_risk_shift,2006-07-18,-14,0.04052898287773132
2006-08-08,labor_market_risk_shift,2006-07-19,-13,0.03675379231572151
2006-08-08,labor_market_risk_shift,2006-07-20,-12,0.040754299610853195
2006-08-08,labor_market_risk_shift,2006-07-21,-11,0.03947501629590988
2006-08-08,labor_market_risk_shift,2006-07-24,-10,0.038439396768808365
2006-08-08,labor_market_risk_shift,2006-07-25,-9,0.036046817898750305
2006-08-08,labor_market_risk_shift,2006-07-26,-8,0.037192631512880325
2006-08-08,labor_market_risk_shift,2006-07-27,-7,0.038707584142684937
2006-08-08,labor_market_risk_shift,2006-07-28,-6,0.036556415259838104
2006-08-08,labor_market_risk_shift,2006-07-31,-5,0.039809152483940125
2006-08-08,labor_market_risk_shift,2006-08-01,-4,0.03850105032324791
2006-08-08,labor_market_risk_shift,2006-08-02,-3,0.041510146111249924
2006-08-08,labor_market_risk_shift,2006-08-03,-2,0.041622988879680634
2006-08-08,labor_market_risk_shift,2006-08-04,-1,0.04056144878268242
2006-08-08,labor_market_risk_shift,2006-08-07,0,0.046709608286619186
2006-08-08,growth_activity_shift,2006-06-30,-25,0.03395788371562958
2006-08-08,growth_activity_shift,2006-07-03,-24,0.0375966876745224
2006-08-08,growth_activity_shift,2006-07-05,-23,0.03790989890694618
2006-08-08,growth_activity_shift,2006-07-06,-22,0.03504827618598938
2006-08-08,growth_activity_shift,2006-07-07,-21,0.037612657994031906
2006-08-08,growth_activity_shift,2006-07-10,-20,0.03782398998737335
2006-08-08,growth_activity_shift,2006-07-11,-19,0.03774126246571541
2006-08-08,growth_activity_shift,2006-07-12,-18,0.036553092300891876
2006-08-08,growth_activity_shift,2006-07-13,-17,0.03714633733034134
2006-08-08,growth_activity_shift,2006-07-14,-16,0.03721638768911362
2006-08-08,growth_activity_shift,2006-07-17,-15,0.038319315761327744
2006-08-08,growth_activity_shift,2006-07-18,-14,0.040411144495010376
2006-08-08,growth_activity_shift,2006-07-19,-13,0.037012044340372086
2006-08-08,growth_activity_shift,2006-07-20,-12,0.04095085710287094
2006-08-08,growth_activity_shift,2006-07-21,-11,0.03945254534482956
2006-08-08,growth_activity_shift,2006-07-24,-10,0.038392528891563416
2006-08-08,growth_activity_shift,2006-07-25,-9,0.03592488169670105
2006-08-08,growth_activity_shift,2006-07-26,-8,0.03733263909816742
2006-08-08,growth_activity_shift,2006-07-27,-7,0.03870926797389984
2006-08-08,growth_activity_shift,2006-07-28,-6,0.03679182007908821
2006-08-08,growth_activity_shift,2006-07-31,-5,0.03969670087099075
2006-08-08,growth_activity_shift,2006-08-01,-4,0.03835368901491165
2006-08-08,growth_activity_shift,2006-08-02,-3,0.0412529818713665
2006-08-08,growth_activity_shift,2006-08-03,-2,0.04141436517238617
2006-08-08,growth_activity_shift,2006-08-04,-1,0.04075229912996292
2006-08-08,growth_activity_shift,2006-08-07,0,0.04662648215889931
2006-08-08,financial_conditions_shift,2006-06-30,-25,0.03393521532416344
2006-08-08,financial_conditions_shift,2006-07-03,-24,0.03743024915456772
2006-08-08,financial_conditions_shift,2006-07-05,-23,0.038391198962926865
2006-08-08,financial_conditions_shift,2006-07-06,-22,0.035062339156866074
2006-08-08,financial_conditions_shift,2006-07-07,-21,0.03782573342323303
2006-08-08,financial_conditions_shift,2006-07-10,-20,0.037931181490421295
2006-08-08,financial_conditions_shift,2006-07-11,-19,0.037910059094429016
2006-08-08,financial_conditions_shift,2006-07-12,-18,0.03689448907971382
2006-08-08,financial_conditions_shift,2006-07-13,-17,0.0376855693757534
2006-08-08,financial_conditions_shift,2006-07-14,-16,0.03732987493276596
2006-08-08,financial_conditions_shift,2006-07-17,-15,0.03811873495578766
2006-08-08,financial_conditions_shift,2006-07-18,-14,0.04040813446044922
2006-08-08,financial_conditions_shift,2006-07-19,-13,0.03681202605366707
2006-08-08,financial_conditions_shift,2006-07-20,-12,0.04106627404689789
2006-08-08,financial_conditions_shift,2006-07-21,-11,0.039271727204322815
2006-08-08,financial_conditions_shift,2006-07-24,-10,0.03817867487668991
2006-08-08,financial_conditions_shift,2006-07-25,-9,0.035446129739284515
2006-08-08,financial_conditions_shift,2006-07-26,-8,0.03717866167426109
2006-08-08,financial_conditions_shift,2006-07-27,-7,0.03872542828321457
2006-08-08,financial_conditions_shift,2006-07-28,-6,0.03663836047053337
2006-08-08,financial_conditions_shift,2006-07-31,-5,0.03971186280250549
2006-08-08,financial_conditions_shift,2006-08-01,-4,0.03813818842172623
2006-08-08,financial_conditions_shift,2006-08-02,-3,0.04145626351237297
2006-08-08,financial_conditions_shift,2006-08-03,-2,0.041331175714731216
2006-08-08,financial_conditions_shift,2006-08-04,-1,0.04061564430594444
2006-08-08,financial_conditions_shift,2006-08-07,0,0.04650682955980301
2006-08-08,risk_balance_shift,2006-06-30,-25,0.04213734716176987
2006-08-08,risk_balance_shift,2006-07-03,-24,0.04325725883245468
2006-08-08,risk_balance_shift,2006-07-05,-23,0.03561072796583176
2006-08-08,risk_balance_shift,2006-07-06,-22,0.038664594292640686
2006-08-08,risk_balance_shift,2006-07-07,-21,0.037853021174669266
2006-08-08,risk_balance_shift,2006-07-10,-20,0.037849169224500656
2006-08-08,risk_balance_shift,2006-07-11,-19,0.03491120785474777
2006-08-08,risk_balance_shift,2006-07-12,-18,0.035232290625572205
2006-08-08,risk_balance_shift,2006-07-13,-17,0.03519052267074585
2006-08-08,risk_balance_shift,2006-07-14,-16,0.038114044815301895
2006-08-08,risk_balance_shift,2006-07-17,-15,0.04093319550156593
2006-08-08,risk_balance_shift,2006-07-18,-14,0.03675946593284607
2006-08-08,risk_balance_shift,2006-07-19,-13,0.038528673350811005
2006-08-08,risk_balance_shift,2006-07-20,-12,0.036740198731422424
2006-08-08,risk_balance_shift,2006-07-21,-11,0.038932427763938904
2006-08-08,risk_balance_shift,2006-07-24,-10,0.03877338394522667
2006-08-08,risk_balance_shift,2006-07-25,-9,0.04246130958199501
2006-08-08,risk_balance_shift,2006-07-26,-8,0.03901277855038643
2006-08-08,risk_balance_shift,2006-07-27,-7,0.03721284493803978
2006-08-08,risk_balance_shift,2006-07-28,-6,0.03959999233484268
2006-08-08,risk_balance_shift,2006-07-31,-5,0.03924407809972763
2006-08-08,risk_balance_shift,2006-08-01,-4,0.04073555767536163
2006-08-08,risk_balance_shift,2006-08-02,-3,0.03755223751068115
2006-08-08,risk_balance_shift,2006-08-03,-2,0.03948622941970825
2006-08-08,risk_balance_shift,2006-08-04,-1,0.039615992456674576
2006-08-08,risk_balance_shift,2006-08-07,0,0.03559144586324692
2006-08-08,committee_dispersion,2006-06-30,-25,0.03600609302520752
2006-08-08,committee_dispersion,2006-07-03,-24,0.04098882898688316
2006-08-08,committee_dispersion,2006-07-05,-23,0.036257751286029816
2006-08-08,committee_dispersion,2006-07-06,-22,0.035157300531864166
2006-08-08,committee_dispersion,2006-07-07,-21,0.03730619326233864
2006-08-08,committee_dispersion,2006-07-10,-20,0.037365254014730453
2006-08-08,committee_dispersion,2006-07-11,-19,0.03548305109143257
2006-08-08,committee_dispersion,2006-07-12,-18,0.03452376648783684
2006-08-08,committee_dispersion,2006-07-13,-17,0.035062409937381744
2006-08-08,committee_dispersion,2006-07-14,-16,0.03733224421739578
2006-08-08,committee_dispersion,2006-07-17,-15,0.040386587381362915
2006-08-08,committee_dispersion,2006-07-18,-14,0.038907699286937714
2006-08-08,committee_dispersion,2006-07-19,-13,0.036703649908304214
2006-08-08,committee_dispersion,2006-07-20,-12,0.03984590992331505
2006-08-08,committee_dispersion,2006-07-21,-11,0.04012647643685341
2006-08-08,committee_dispersion,2006-07-24,-10,0.038888685405254364
2006-08-08,committee_dispersion,2006-07-25,-9,0.03815248981118202
2006-08-08,committee_dispersion,2006-07-26,-8,0.037916239351034164
2006-08-08,committee_dispersion,2006-07-27,-7,0.037825774401426315
2006-08-08,committee_dispersion,2006-07-28,-6,0.037498556077480316
2006-08-08,committee_dispersion,2006-07-31,-5,0.04012387990951538
2006-08-08,committee_dispersion,2006-08-01,-4,0.03968360275030136
2006-08-08,committee_dispersion,2006-08-02,-3,0.0405912809073925
2006-08-08,committee_dispersion,2006-08-03,-2,0.041861873120069504
2006-08-08,committee_dispersion,2006-08-04,-1,0.04128189757466316
2006-08-08,committee_dispersion,2006-08-07,0,0.04472249746322632
2006-08-08,policy_uncertainty,2006-06-30,-25,0.04055467247962952
2006-08-08,policy_uncertainty,2006-07-03,-24,0.042807161808013916
2006-08-08,policy_uncertainty,2006-07-05,-23,0.03545769304037094
2006-08-08,policy_uncertainty,2006-07-06,-22,0.037754375487565994
2006-08-08,policy_uncertainty,2006-07-07,-21,0.03771000728011131
2006-08-08,policy_uncertainty,2006-07-10,-20,0.037583742290735245
2006-08-08,policy_uncertainty,2006-07-11,-19,0.03482059761881828
2006-08-08,policy_uncertainty,2006-07-12,-18,0.034490592777729034
2006-08-08,policy_uncertainty,2006-07-13,-17,0.034863539040088654
2006-08-08,policy_uncertainty,2006-07-14,-16,0.03785169497132301
2006-08-08,policy_uncertainty,2006-07-17,-15,0.04078160598874092
2006-08-08,policy_uncertainty,2006-07-18,-14,0.03688335791230202
2006-08-08,policy_uncertainty,2006-07-19,-13,0.038322582840919495
2006-08-08,policy_uncertainty,2006-07-20,-12,0.03727048635482788
2006-08-08,policy_uncertainty,2006-07-21,-11,0.03932395949959755
2006-08-08,policy_uncertainty,2006-07-24,-10,0.0389433354139328
2006-08-08,policy_uncertainty,2006-07-25,-9,0.0417356863617897
2006-08-08,policy_uncertainty,2006-07-26,-8,0.0386924184858799
2006-08-08,policy_uncertainty,2006-07-27,-7,0.037223558872938156
2006-08-08,policy_uncertainty,2006-07-28,-6,0.039356622844934464
2006-08-08,policy_uncertainty,2006-07-31,-5,0.039475150406360626
2006-08-08,policy_uncertainty,2006-08-01,-4,0.041194260120391846
2006-08-08,policy_uncertainty,2006-08-02,-3,0.038450662046670914
2006-08-08,policy_uncertainty,2006-08-03,-2,0.04070712998509407
2006-08-08,policy_uncertainty,2006-08-04,-1,0.04010932147502899
2006-08-08,policy_uncertainty,2006-08-07,0,0.03763578087091446
2006-08-08,forward_guidance_strength,2006-06-30,-25,0.042723316699266434
2006-08-08,forward_guidance_strength,2006-07-03,-24,0.042226266115903854
2006-08-08,forward_guidance_strength,2006-07-05,-23,0.035950660705566406
2006-08-08,forward_guidance_strength,2006-07-06,-22,0.039337918162345886
2006-08-08,forward_guidance_strength,2006-07-07,-21,0.03762204945087433
2006-08-08,forward_guidance_strength,2006-07-10,-20,0.03796502202749252
2006-08-08,forward_guidance_strength,2006-07-11,-19,0.03555857390165329
2006-08-08,forward_guidance_strength,2006-07-12,-18,0.035417355597019196
2006-08-08,forward_guidance_strength,2006-07-13,-17,0.03524968773126602
2006-08-08,forward_guidance_strength,2006-07-14,-16,0.038574352860450745
2006-08-08,forward_guidance_strength,2006-07-17,-15,0.04094216600060463
2006-08-08,forward_guidance_strength,2006-07-18,-14,0.03677421808242798
2006-08-08,forward_guidance_strength,2006-07-19,-13,0.03888215869665146
2006-08-08,forward_guidance_strength,2006-07-20,-12,0.036235056817531586
2006-08-08,forward_guidance_strength,2006-07-21,-11,0.0387188121676445
2006-08-08,forward_guidance_strength,2006-07-24,-10,0.03896085545420647
2006-08-08,forward_guidance_strength,2006-07-25,-9,0.042697805911302567
2006-08-08,forward_guidance_strength,2006-07-26,-8,0.03921821340918541
2006-08-08,forward_guidance_strength,2006-07-27,-7,0.03746136650443077
2006-08-08,forward_guidance_strength,2006-07-28,-6,0.03996763005852699
2006-08-08,forward_guidance_strength,2006-07-31,-5,0.038738273084163666
2006-08-08,forward_guidance_strength,2006-08-01,-4,0.04069330543279648
2006-08-08,forward_guidance_strength,2006-08-02,-3,0.03731141611933708
2006-08-08,forward_guidance_strength,2006-08-03,-2,0.038925282657146454
2006-08-08,forward_guidance_strength,2006-08-04,-1,0.039164260029792786
2006-08-08,forward_guidance_strength,2006-08-07,0,0.034683987498283386
2006-09-20,rate_decision,2006-08-09,-28,0.031230483204126358
2006-09-20,rate_decision,2006-08-10,-27,0.0369642898440361
2006-09-20,rate_decision,2006-08-11,-26,0.03824181854724884
2006-09-20,rate_decision,2006-08-14,-25,0.03577883541584015
2006-09-20,rate_decision,2006-08-15,-24,0.03565295785665512
2006-09-20,rate_decision,2006-08-16,-23,0.036713991314172745
2006-09-20,rate_decision,2006-08-17,-22,0.03411809727549553
2006-09-20,rate_decision,2006-08-18,-21,0.03274640440940857
2006-09-20,rate_decision,2006-08-21,-20,0.03267790004611015
2006-09-20,rate_decision,2006-08-22,-19,0.033625535666942596
2006-09-20,rate_decision,2006-08-23,-18,0.03350238874554634
2006-09-20,rate_decision,2006-08-24,-17,0.03432675078511238
2006-09-20,rate_decision,2006-08-25,-16,0.03543943911790848
2006-09-20,rate_decision,2006-08-28,-15,0.03544912114739418
2006-09-20,rate_decision,2006-08-29,-14,0.034573011100292206
2006-09-20,rate_decision,2006-08-30,-13,0.0331355519592762
2006-09-20,rate_decision,2006-08-31,-12,0.03237135335803032
2006-09-20,rate_decision,2006-09-01,-11,0.03211253881454468
2006-09-20,rate_decision,2006-09-05,-10,0.032546307891607285
2006-09-20,rate_decision,2006-09-06,-9,0.03275085240602493
2006-09-20,rate_decision,2006-09-07,-8,0.03326020762324333
2006-09-20,rate_decision,2006-09-08,-7,0.0361376628279686
2006-09-20,rate_decision,2006-09-11,-6,0.03431698679924011
2006-09-20,rate_decision,2006-09-12,-5,0.03397570550441742
2006-09-20,rate_decision,2006-09-13,-4,0.03564208000898361
2006-09-20,rate_decision,2006-09-14,-3,0.03857392072677612
2006-09-20,rate_decision,2006-09-15,-2,0.036823637783527374
2006-09-20,rate_decision,2006-09-18,-1,0.03391893580555916
2006-09-20,rate_decision,2006-09-19,0,0.03339323028922081
2006-09-20,current_policy_stance,2006-08-09,-28,0.041667792946100235
2006-09-20,current_policy_stance,2006-08-10,-27,0.04024671018123627
2006-09-20,current_policy_stance,2006-08-11,-26,0.03661627322435379
2006-09-20,current_policy_stance,2006-08-14,-25,0.032678935676813126
2006-09-20,current_policy_stance,2006-08-15,-24,0.030208291485905647
2006-09-20,current_policy_stance,2006-08-16,-23,0.029196925461292267
2006-09-20,current_policy_stance,2006-08-17,-22,0.02835504338145256
2006-09-20,current_policy_stance,2006-08-18,-21,0.029555626213550568
2006-09-20,current_policy_stance,2006-08-21,-20,0.03355209529399872
2006-09-20,current_policy_stance,2006-08-22,-19,0.034526973962783813
2006-09-20,current_policy_stance,2006-08-23,-18,0.033751070499420166
2006-09-20,current_policy_stance,2006-08-24,-17,0.033940717577934265
2006-09-20,current_policy_stance,2006-08-25,-16,0.03458549082279205
2006-09-20,current_policy_stance,2006-08-28,-15,0.032633669674396515
2006-09-20,current_policy_stance,2006-08-29,-14,0.031580064445734024
2006-09-20,current_policy_stance,2006-08-30,-13,0.03141799196600914
2006-09-20,current_policy_stance,2006-08-31,-12,0.034746985882520676
2006-09-20,current_policy_stance,2006-09-01,-11,0.03873200714588165
2006-09-20,current_policy_stance,2006-09-05,-10,0.040372334420681
2006-09-20,current_policy_stance,2006-09-06,-9,0.038016434758901596
2006-09-20,current_policy_stance,2006-09-07,-8,0.038179874420166016
2006-09-20,current_policy_stance,2006-09-08,-7,0.03794242814183235
2006-09-20,current_policy_stance,2006-09-11,-6,0.03612559288740158
2006-09-20,current_policy_stance,2006-09-12,-5,0.03565758466720581
2006-09-20,current_policy_stance,2006-09-13,-4,0.03650044649839401
2006-09-20,current_policy_stance,2006-09-14,-3,0.035438720136880875
2006-09-20,current_policy_stance,2006-09-15,-2,0.03190618380904198
2006-09-20,current_policy_stance,2006-09-18,-1,0.030928343534469604
2006-09-20,current_policy_stance,2006-09-19,0,0.030939415097236633
2006-09-20,policy_stance_shift,2006-08-09,-28,0.03660308197140694
2006-09-20,policy_stance_shift,2006-08-10,-27,0.033168449997901917
2006-09-20,policy_stance_shift,2006-08-11,-26,0.03226003795862198
2006-09-20,policy_stance_shift,2006-08-14,-25,0.034202199429273605
2006-09-20,policy_stance_shift,2006-08-15,-24,0.03370402753353119
2006-09-20,policy_stance_shift,2006-08-16,-23,0.036122217774391174
2006-09-20,policy_stance_shift,2006-08-17,-22,0.03679689019918442
2006-09-20,policy_stance_shift,2006-08-18,-21,0.034358855336904526
2006-09-20,policy_stance_shift,2006-08-21,-20,0.03384891152381897
2006-09-20,policy_stance_shift,2006-08-22,-19,0.03496710956096649
2006-09-20,policy_stance_shift,2006-08-23,-18,0.034745052456855774
2006-09-20,policy_stance_shift,2006-08-24,-17,0.033461909741163254
2006-09-20,policy_stance_shift,2006-08-25,-16,0.03527405858039856
2006-09-20,policy_stance_shift,2006-08-28,-15,0.03563728556036949
2006-09-20,policy_stance_shift,2006-08-29,-14,0.03413277864456177
2006-09-20,policy_stance_shift,2006-08-30,-13,0.03420296683907509
2006-09-20,policy_stance_shift,2006-08-31,-12,0.03469349816441536
2006-09-20,policy_stance_shift,2006-09-01,-11,0.03501872345805168
2006-09-20,policy_stance_shift,2006-09-05,-10,0.033492691814899445
2006-09-20,policy_stance_shift,2006-09-06,-9,0.03179558739066124
2006-09-20,policy_stance_shift,2006-09-07,-8,0.032968468964099884
2006-09-20,policy_stance_shift,2006-09-08,-7,0.03335966169834137
2006-09-20,policy_stance_shift,2006-09-11,-6,0.03395982086658478
2006-09-20,policy_stance_shift,2006-09-12,-5,0.033121414482593536
2006-09-20,policy_stance_shift,2006-09-13,-4,0.03375152125954628
2006-09-20,policy_stance_shift,2006-09-14,-3,0.03625771775841713
2006-09-20,policy_stance_shift,2006-09-15,-2,0.03635917231440544
2006-09-20,policy_stance_shift,2006-09-18,-1,0.03494245931506157
2006-09-20,policy_stance_shift,2006-09-19,0,0.03679342940449715
2006-09-20,expected_rate_path_shift,2006-08-09,-28,0.03662576526403427
2006-09-20,expected_rate_path_shift,2006-08-10,-27,0.033463262021541595
2006-09-20,expected_rate_path_shift,2006-08-11,-26,0.03220956772565842
2006-09-20,expected_rate_path_shift,2006-08-14,-25,0.03344833105802536
2006-09-20,expected_rate_path_shift,2006-08-15,-24,0.032980285584926605
2006-09-20,expected_rate_path_shift,2006-08-16,-23,0.03550703078508377
2006-09-20,expected_rate_path_shift,2006-08-17,-22,0.036215439438819885
2006-09-20,expected_rate_path_shift,2006-08-18,-21,0.03423387184739113
2006-09-20,expected_rate_path_shift,2006-08-21,-20,0.03424294665455818
2006-09-20,expected_rate_path_shift,2006-08-22,-19,0.0358157679438591
2006-09-20,expected_rate_path_shift,2006-08-23,-18,0.035454023629426956
2006-09-20,expected_rate_path_shift,2006-08-24,-17,0.03384384140372276
2006-09-20,expected_rate_path_shift,2006-08-25,-16,0.03561808913946152
2006-09-20,expected_rate_path_shift,2006-08-28,-15,0.03571415692567825
2006-09-20,expected_rate_path_shift,2006-08-29,-14,0.03388750180602074
2006-09-20,expected_rate_path_shift,2006-08-30,-13,0.03395796939730644
2006-09-20,expected_rate_path_shift,2006-08-31,-12,0.0348249226808548
2006-09-20,expected_rate_path_shift,2006-09-01,-11,0.03586536645889282
2006-09-20,expected_rate_path_shift,2006-09-05,-10,0.03422132879495621
2006-09-20,expected_rate_path_shift,2006-09-06,-9,0.03207166865468025
2006-09-20,expected_rate_path_shift,2006-09-07,-8,0.03314242139458656
2006-09-20,expected_rate_path_shift,2006-09-08,-7,0.03345216438174248
2006-09-20,expected_rate_path_shift,2006-09-11,-6,0.0337667241692543
2006-09-20,expected_rate_path_shift,2006-09-12,-5,0.032938066869974136
2006-09-20,expected_rate_path_shift,2006-09-13,-4,0.033974047750234604
2006-09-20,expected_rate_path_shift,2006-09-14,-3,0.03633802384138107
2006-09-20,expected_rate_path_shift,2006-09-15,-2,0.03588533774018288
2006-09-20,expected_rate_path_shift,2006-09-18,-1,0.03421540558338165
2006-09-20,expected_rate_path_shift,2006-09-19,0,0.03608670458197594
2006-09-20,inflation_assessment_shift,2006-08-09,-28,0.03602318465709686
2006-09-20,inflation_assessment_shift,2006-08-10,-27,0.032750897109508514
2006-09-20,inflation_assessment_shift,2006-08-11,-26,0.03215935826301575
2006-09-20,inflation_assessment_shift,2006-08-14,-25,0.03450606390833855
2006-09-20,inflation_assessment_shift,2006-08-15,-24,0.034295789897441864
2006-09-20,inflation_assessment_shift,2006-08-16,-23,0.03635889291763306
2006-09-20,inflation_assessment_shift,2006-08-17,-22,0.0370488204061985
2006-09-20,inflation_assessment_shift,2006-08-18,-21,0.03484123572707176
2006-09-20,inflation_assessment_shift,2006-08-21,-20,0.03402578458189964
2006-09-20,inflation_assessment_shift,2006-08-22,-19,0.03533322736620903
2006-09-20,inflation_assessment_shift,2006-08-23,-18,0.035327035933732986
2006-09-20,inflation_assessment_shift,2006-08-24,-17,0.034041114151477814
2006-09-20,inflation_assessment_shift,2006-08-25,-16,0.035609763115644455
2006-09-20,inflation_assessment_shift,2006-08-28,-15,0.03612604737281799
2006-09-20,inflation_assessment_shift,2006-08-29,-14,0.03451577201485634
2006-09-20,inflation_assessment_shift,2006-08-30,-13,0.03444427624344826
2006-09-20,inflation_assessment_shift,2006-08-31,-12,0.03449621796607971
2006-09-20,inflation_assessment_shift,2006-09-01,-11,0.03459068760275841
2006-09-20,inflation_assessment_shift,2006-09-05,-10,0.0329829603433609
2006-09-20,inflation_assessment_shift,2006-09-06,-9,0.03155779838562012
2006-09-20,inflation_assessment_shift,2006-09-07,-8,0.03283153101801872
2006-09-20,inflation_assessment_shift,2006-09-08,-7,0.033258624374866486
2006-09-20,inflation_assessment_shift,2006-09-11,-6,0.03380987420678139
2006-09-20,inflation_assessment_shift,2006-09-12,-5,0.03276281803846359
2006-09-20,inflation_assessment_shift,2006-09-13,-4,0.03337985277175903
2006-09-20,inflation_assessment_shift,2006-09-14,-3,0.03575395420193672
2006-09-20,inflation_assessment_shift,2006-09-15,-2,0.036333758383989334
2006-09-20,inflation_assessment_shift,2006-09-18,-1,0.03502752631902695
2006-09-20,inflation_assessment_shift,2006-09-19,0,0.03580716624855995
2006-09-20,inflation_risk_shift,2006-08-09,-28,0.039023853838443756
2006-09-20,inflation_risk_shift,2006-08-10,-27,0.03418199345469475
2006-09-20,inflation_risk_shift,2006-08-11,-26,0.032703422009944916
2006-09-20,inflation_risk_shift,2006-08-14,-25,0.03381028771400452
2006-09-20,inflation_risk_shift,2006-08-15,-24,0.032957643270492554
2006-09-20,inflation_risk_shift,2006-08-16,-23,0.035026729106903076
2006-09-20,inflation_risk_shift,2006-08-17,-22,0.03526366502046585
2006-09-20,inflation_risk_shift,2006-08-18,-21,0.03359316289424896
2006-09-20,inflation_risk_shift,2006-08-21,-20,0.0337897427380085
2006-09-20,inflation_risk_shift,2006-08-22,-19,0.03488088771700859
2006-09-20,inflation_risk_shift,2006-08-23,-18,0.03466726094484329
2006-09-20,inflation_risk_shift,2006-08-24,-17,0.03362048417329788
2006-09-20,inflation_risk_shift,2006-08-25,-16,0.03514063358306885
2006-09-20,inflation_risk_shift,2006-08-28,-15,0.034823574125766754
2006-09-20,inflation_risk_shift,2006-08-29,-14,0.03346804529428482
2006-09-20,inflation_risk_shift,2006-08-30,-13,0.03369579091668129
2006-09-20,inflation_risk_shift,2006-08-31,-12,0.034598104655742645
2006-09-20,inflation_risk_shift,2006-09-01,-11,0.03556632250547409
2006-09-20,inflation_risk_shift,2006-09-05,-10,0.03404627740383148
2006-09-20,inflation_risk_shift,2006-09-06,-9,0.03259504586458206
2006-09-20,inflation_risk_shift,2006-09-07,-8,0.03353782743215561
2006-09-20,inflation_risk_shift,2006-09-08,-7,0.03399090841412544
2006-09-20,inflation_risk_shift,2006-09-11,-6,0.03442102670669556
2006-09-20,inflation_risk_shift,2006-09-12,-5,0.03382957726716995
2006-09-20,inflation_risk_shift,2006-09-13,-4,0.0344955176115036
2006-09-20,inflation_risk_shift,2006-09-14,-3,0.0355646088719368
2006-09-20,inflation_risk_shift,2006-09-15,-2,0.03570462763309479
2006-09-20,inflation_risk_shift,2006-09-18,-1,0.03440012410283089
2006-09-20,inflation_risk_shift,2006-09-19,0,0.03660288080573082
2006-09-20,unemployment_assessment_shift,2006-08-09,-28,0.04110510274767876
2006-09-20,unemployment_assessment_shift,2006-08-10,-27,0.03658080846071243
2006-09-20,unemployment_assessment_shift,2006-08-11,-26,0.03390293940901756
2006-09-20,unemployment_assessment_shift,2006-08-14,-25,0.03330904245376587
2006-09-20,unemployment_assessment_shift,2006-08-15,-24,0.0317816436290741
2006-09-20,unemployment_assessment_shift,2006-08-16,-23,0.031999535858631134
2006-09-20,unemployment_assessment_shift,2006-08-17,-22,0.031908005475997925
2006-09-20,unemployment_assessment_shift,2006-08-18,-21,0.032102279365062714
2006-09-20,unemployment_assessment_shift,2006-08-21,-20,0.034418001770973206
2006-09-20,unemployment_assessment_shift,2006-08-22,-19,0.03537849336862564
2006-09-20,unemployment_assessment_shift,2006-08-23,-18,0.03494880348443985
2006-09-20,unemployment_assessment_shift,2006-08-24,-17,0.0345267616212368
2006-09-20,unemployment_assessment_shift,2006-08-25,-16,0.035361677408218384
2006-09-20,unemployment_assessment_shift,2006-08-28,-15,0.0339520126581192
2006-09-20,unemployment_assessment_shift,2006-08-29,-14,0.03272503614425659
2006-09-20,unemployment_assessment_shift,2006-08-30,-13,0.03273698687553406
2006-09-20,unemployment_assessment_shift,2006-08-31,-12,0.03497237712144852
2006-09-20,unemployment_assessment_shift,2006-09-01,-11,0.03723518177866936
2006-09-20,unemployment_assessment_shift,2006-09-05,-10,0.037235088646411896
2006-09-20,unemployment_assessment_shift,2006-09-06,-9,0.03498949483036995
2006-09-20,unemployment_assessment_shift,2006-09-07,-8,0.03601294383406639
2006-09-20,unemployment_assessment_shift,2006-09-08,-7,0.035762373358011246
2006-09-20,unemployment_assessment_shift,2006-09-11,-6,0.03518753498792648
2006-09-20,unemployment_assessment_shift,2006-09-12,-5,0.03462336212396622
2006-09-20,unemployment_assessment_shift,2006-09-13,-4,0.03496295213699341
2006-09-20,unemployment_assessment_shift,2006-09-14,-3,0.034423187375068665
2006-09-20,unemployment_assessment_shift,2006-09-15,-2,0.03270553797483444
2006-09-20,unemployment_assessment_shift,2006-09-18,-1,0.03237919881939888
2006-09-20,unemployment_assessment_shift,2006-09-19,0,0.03277362883090973
2006-09-20,labor_market_risk_shift,2006-08-09,-28,0.04204042628407478
2006-09-20,labor_market_risk_shift,2006-08-10,-27,0.040420711040496826
2006-09-20,labor_market_risk_shift,2006-08-11,-26,0.037594981491565704
2006-09-20,labor_market_risk_shift,2006-08-14,-25,0.0334218293428421
2006-09-20,labor_market_risk_shift,2006-08-15,-24,0.031091440469026566
2006-09-20,labor_market_risk_shift,2006-08-16,-23,0.02886151149868965
2006-09-20,labor_market_risk_shift,2006-08-17,-22,0.0280886422842741
2006-09-20,labor_market_risk_shift,2006-08-18,-21,0.029993362724781036
2006-09-20,labor_market_risk_shift,2006-08-21,-20,0.03349607437849045
2006-09-20,labor_market_risk_shift,2006-08-22,-19,0.033938437700271606
2006-09-20,labor_market_risk_shift,2006-08-23,-18,0.03352014720439911
2006-09-20,labor_market_risk_shift,2006-08-24,-17,0.03409240394830704
2006-09-20,labor_market_risk_shift,2006-08-25,-16,0.03372674435377121
2006-09-20,labor_market_risk_shift,2006-08-28,-15,0.03185504674911499
2006-09-20,labor_market_risk_shift,2006-08-29,-14,0.031628578901290894
2006-09-20,labor_market_risk_shift,2006-08-30,-13,0.03141244128346443
2006-09-20,labor_market_risk_shift,2006-08-31,-12,0.034249428659677505
2006-09-20,labor_market_risk_shift,2006-09-01,-11,0.03783995285630226
2006-09-20,labor_market_risk_shift,2006-09-05,-10,0.04036993160843849
2006-09-20,labor_market_risk_shift,2006-09-06,-9,0.03892768919467926
2006-09-20,labor_market_risk_shift,2006-09-07,-8,0.03837033361196518
2006-09-20,labor_market_risk_shift,2006-09-08,-7,0.03791893646121025
2006-09-20,labor_market_risk_shift,2006-09-11,-6,0.03620263189077377
2006-09-20,labor_market_risk_shift,2006-09-12,-5,0.036319755017757416
2006-09-20,labor_market_risk_shift,2006-09-13,-4,0.03662896156311035
2006-09-20,labor_market_risk_shift,2006-09-14,-3,0.03486223518848419
2006-09-20,labor_market_risk_shift,2006-09-15,-2,0.03141878917813301
2006-09-20,labor_market_risk_shift,2006-09-18,-1,0.030795175582170486
2006-09-20,labor_market_risk_shift,2006-09-19,0,0.03091343119740486
2006-09-20,growth_activity_shift,2006-08-09,-28,0.03720201179385185
2006-09-20,growth_activity_shift,2006-08-10,-27,0.03389876335859299
2006-09-20,growth_activity_shift,2006-08-11,-26,0.03285648673772812
2006-09-20,growth_activity_shift,2006-08-14,-25,0.03418790549039841
2006-09-20,growth_activity_shift,2006-08-15,-24,0.033835675567388535
2006-09-20,growth_activity_shift,2006-08-16,-23,0.035687610507011414
2006-09-20,growth_activity_shift,2006-08-17,-22,0.035696759819984436
2006-09-20,growth_activity_shift,2006-08-18,-21,0.03394722193479538
2006-09-20,growth_activity_shift,2006-08-21,-20,0.03364839777350426
2006-09-20,growth_activity_shift,2006-08-22,-19,0.03471633046865463
2006-09-20,growth_activity_shift,2006-08-23,-18,0.03472541645169258
2006-09-20,growth_activity_shift,2006-08-24,-17,0.03370409086346626
2006-09-20,growth_activity_shift,2006-08-25,-16,0.03532655909657478
2006-09-20,growth_activity_shift,2006-08-28,-15,0.035278063267469406
2006-09-20,growth_activity_shift,2006-08-29,-14,0.033872090280056
2006-09-20,growth_activity_shift,2006-08-30,-13,0.03372826427221298
2006-09-20,growth_activity_shift,2006-08-31,-12,0.03425503522157669
2006-09-20,growth_activity_shift,2006-09-01,-11,0.035061951726675034
2006-09-20,growth_activity_shift,2006-09-05,-10,0.03371301293373108
2006-09-20,growth_activity_shift,2006-09-06,-9,0.03212261572480202
2006-09-20,growth_activity_shift,2006-09-07,-8,0.03358270600438118
2006-09-20,growth_activity_shift,2006-09-08,-7,0.034177929162979126
2006-09-20,growth_activity_shift,2006-09-11,-6,0.0341084860265255
2006-09-20,growth_activity_shift,2006-09-12,-5,0.03350585326552391
2006-09-20,growth_activity_shift,2006-09-13,-4,0.033988796174526215
2006-09-20,growth_activity_shift,2006-09-14,-3,0.03589440882205963
2006-09-20,growth_activity_shift,2006-09-15,-2,0.03607099503278732
2006-09-20,growth_activity_shift,2006-09-18,-1,0.03446018323302269
2006-09-20,growth_activity_shift,2006-09-19,0,0.03674635291099548
2006-09-20,financial_conditions_shift,2006-08-09,-28,0.03638913854956627
2006-09-20,financial_conditions_shift,2006-08-10,-27,0.03289451450109482
2006-09-20,financial_conditions_shift,2006-08-11,-26,0.03259781002998352
2006-09-20,financial_conditions_shift,2006-08-14,-25,0.034462109208106995
2006-09-20,financial_conditions_shift,2006-08-15,-24,0.03413733094930649
2006-09-20,financial_conditions_shift,2006-08-16,-23,0.03681609034538269
2006-09-20,financial_conditions_shift,2006-08-17,-22,0.037174928933382034
2006-09-20,financial_conditions_shift,2006-08-18,-21,0.03462645411491394
2006-09-20,financial_conditions_shift,2006-08-21,-20,0.034025732427835464
2006-09-20,financial_conditions_shift,2006-08-22,-19,0.03519390523433685
2006-09-20,financial_conditions_shift,2006-08-23,-18,0.03526778519153595
2006-09-20,financial_conditions_shift,2006-08-24,-17,0.03392164409160614
2006-09-20,financial_conditions_shift,2006-08-25,-16,0.035347066819667816
2006-09-20,financial_conditions_shift,2006-08-28,-15,0.035670600831508636
2006-09-20,financial_conditions_shift,2006-08-29,-14,0.03418842330574989
2006-09-20,financial_conditions_shift,2006-08-30,-13,0.034204091876745224
2006-09-20,financial_conditions_shift,2006-08-31,-12,0.034079715609550476
2006-09-20,financial_conditions_shift,2006-09-01,-11,0.03430040553212166
2006-09-20,financial_conditions_shift,2006-09-05,-10,0.032718222588300705
2006-09-20,financial_conditions_shift,2006-09-06,-9,0.031483329832553864
2006-09-20,financial_conditions_shift,2006-09-07,-8,0.03251346945762634
2006-09-20,financial_conditions_shift,2006-09-08,-7,0.0333360955119133
2006-09-20,financial_conditions_shift,2006-09-11,-6,0.0339081771671772
2006-09-20,financial_conditions_shift,2006-09-12,-5,0.032930389046669006
2006-09-20,financial_conditions_shift,2006-09-13,-4,0.03381732106208801
2006-09-20,financial_conditions_shift,2006-09-14,-3,0.03584698215126991
2006-09-20,financial_conditions_shift,2006-09-15,-2,0.03662433847784996
2006-09-20,financial_conditions_shift,2006-09-18,-1,0.03499402478337288
2006-09-20,financial_conditions_shift,2006-09-19,0,0.03652987256646156
2006-09-20,risk_balance_shift,2006-08-09,-28,0.037066489458084106
2006-09-20,risk_balance_shift,2006-08-10,-27,0.03406496345996857
2006-09-20,risk_balance_shift,2006-08-11,-26,0.03305220231413841
2006-09-20,risk_balance_shift,2006-08-14,-25,0.03436841070652008
2006-09-20,risk_balance_shift,2006-08-15,-24,0.03368804231286049
2006-09-20,risk_balance_shift,2006-08-16,-23,0.035692669451236725
2006-09-20,risk_balance_shift,2006-08-17,-22,0.03571389615535736
2006-09-20,risk_balance_shift,2006-08-18,-21,0.03388466686010361
2006-09-20,risk_balance_shift,2006-08-21,-20,0.034187208861112595
2006-09-20,risk_balance_shift,2006-08-22,-19,0.03497222065925598
2006-09-20,risk_balance_shift,2006-08-23,-18,0.034681182354688644
2006-09-20,risk_balance_shift,2006-08-24,-17,0.03368903696537018
2006-09-20,risk_balance_shift,2006-08-25,-16,0.035298481583595276
2006-09-20,risk_balance_shift,2006-08-28,-15,0.03513573110103607
2006-09-20,risk_balance_shift,2006-08-29,-14,0.03360918536782265
2006-09-20,risk_balance_shift,2006-08-30,-13,0.03393396735191345
2006-09-20,risk_balance_shift,2006-08-31,-12,0.034497134387493134
2006-09-20,risk_balance_shift,2006-09-01,-11,0.034873511642217636
2006-09-20,risk_balance_shift,2006-09-05,-10,0.03360900655388832
2006-09-20,risk_balance_shift,2006-09-06,-9,0.0321049690246582
2006-09-20,risk_balance_shift,2006-09-07,-8,0.03341493010520935
2006-09-20,risk_balance_shift,2006-09-08,-7,0.03374189883470535
2006-09-20,risk_balance_shift,2006-09-11,-6,0.03436483070254326
2006-09-20,risk_balance_shift,2006-09-12,-5,0.033491190522909164
2006-09-20,risk_balance_shift,2006-09-13,-4,0.03452153131365776
2006-09-20,risk_balance_shift,2006-09-14,-3,0.035922639071941376
2006-09-20,risk_balance_shift,2006-09-15,-2,0.03576403111219406
2006-09-20,risk_balance_shift,2006-09-18,-1,0.03481884300708771
2006-09-20,risk_balance_shift,2006-09-19,0,0.03583714738488197
2006-09-20,committee_dispersion,2006-08-09,-28,0.03615478426218033
2006-09-20,committee_dispersion,2006-08-10,-27,0.032958295196294785
2006-09-20,committee_dispersion,2006-08-11,-26,0.03234818950295448
2006-09-20,committee_dispersion,2006-08-14,-25,0.03428225219249725
2006-09-20,committee_dispersion,2006-08-15,-24,0.034132082015275955
2006-09-20,committee_dispersion,2006-08-16,-23,0.0367564894258976
2006-09-20,committee_dispersion,2006-08-17,-22,0.03716766834259033
2006-09-20,committee_dispersion,2006-08-18,-21,0.03480278700590134
2006-09-20,committee_dispersion,2006-08-21,-20,0.03398245573043823
2006-09-20,committee_dispersion,2006-08-22,-19,0.03515270724892616
2006-09-20,committee_dispersion,2006-08-23,-18,0.03504490107297897
2006-09-20,committee_dispersion,2006-08-24,-17,0.03369520232081413
2006-09-20,committee_dispersion,2006-08-25,-16,0.03545380011200905
2006-09-20,committee_dispersion,2006-08-28,-15,0.035835519433021545
2006-09-20,committee_dispersion,2006-08-29,-14,0.03420822322368622
2006-09-20,committee_dispersion,2006-08-30,-13,0.03433544933795929
2006-09-20,committee_dispersion,2006-08-31,-12,0.034434981644153595
2006-09-20,committee_dispersion,2006-09-01,-11,0.03463280200958252
2006-09-20,committee_dispersion,2006-09-05,-10,0.03295435383915901
2006-09-20,committee_dispersion,2006-09-06,-9,0.03148488700389862
2006-09-20,committee_dispersion,2006-09-07,-8,0.03264973685145378
2006-09-20,committee_dispersion,2006-09-08,-7,0.033115893602371216
2006-09-20,committee_dispersion,2006-09-11,-6,0.03364561125636101
2006-09-20,committee_dispersion,2006-09-12,-5,0.03278706595301628
2006-09-20,committee_dispersion,2006-09-13,-4,0.03357061371207237
2006-09-20,committee_dispersion,2006-09-14,-3,0.036010004580020905
2006-09-20,committee_dispersion,2006-09-15,-2,0.03651265799999237
2006-09-20,committee_dispersion,2006-09-18,-1,0.0348668247461319
2006-09-20,committee_dispersion,2006-09-19,0,0.03702374920248985
2006-09-20,policy_uncertainty,2006-08-09,-28,0.04193819686770439
2006-09-20,policy_uncertainty,2006-08-10,-27,0.038711488246917725
2006-09-20,policy_uncertainty,2006-08-11,-26,0.03541058674454689
2006-09-20,policy_uncertainty,2006-08-14,-25,0.03340562433004379
2006-09-20,policy_uncertainty,2006-08-15,-24,0.031670354306697845
2006-09-20,policy_uncertainty,2006-08-16,-23,0.031168172135949135
2006-09-20,policy_uncertainty,2006-08-17,-22,0.03062034398317337
2006-09-20,policy_uncertainty,2006-08-18,-21,0.030914628878235817
2006-09-20,policy_uncertainty,2006-08-21,-20,0.033668167889118195
2006-09-20,policy_uncertainty,2006-08-22,-19,0.0346914604306221
2006-09-20,policy_uncertainty,2006-08-23,-18,0.03396449238061905
2006-09-20,policy_uncertainty,2006-08-24,-17,0.03372129052877426
2006-09-20,policy_uncertainty,2006-08-25,-16,0.03477542847394943
2006-09-20,policy_uncertainty,2006-08-28,-15,0.03291560709476471
2006-09-20,policy_uncertainty,2006-08-29,-14,0.03183018043637276
2006-09-20,policy_uncertainty,2006-08-30,-13,0.031828105449676514
2006-09-20,policy_uncertainty,2006-08-31,-12,0.03462974727153778
2006-09-20,policy_uncertainty,2006-09-01,-11,0.03735474497079849
2006-09-20,policy_uncertainty,2006-09-05,-10,0.037730373442173004
2006-09-20,policy_uncertainty,2006-09-06,-9,0.03566436469554901
2006-09-20,policy_uncertainty,2006-09-07,-8,0.03626362606883049
2006-09-20,policy_uncertainty,2006-09-08,-7,0.036460716277360916
2006-09-20,policy_uncertainty,2006-09-11,-6,0.03544362634420395
2006-09-20,policy_uncertainty,2006-09-12,-5,0.03549816086888313
2006-09-20,policy_uncertainty,2006-09-13,-4,0.03604278340935707
2006-09-20,policy_uncertainty,2006-09-14,-3,0.03560861945152283
2006-09-20,policy_uncertainty,2006-09-15,-2,0.032664597034454346
2006-09-20,policy_uncertainty,2006-09-18,-1,0.03163367882370949
2006-09-20,policy_uncertainty,2006-09-19,0,0.03377081826329231
2006-09-20,forward_guidance_strength,2006-08-09,-28,0.04132479801774025
2006-09-20,forward_guidance_strength,2006-08-10,-27,0.039455391466617584
2006-09-20,forward_guidance_strength,2006-08-11,-26,0.03651135414838791
2006-09-20,forward_guidance_strength,2006-08-14,-25,0.03325392305850983
2006-09-20,forward_guidance_strength,2006-08-15,-24,0.031207390129566193
2006-09-20,forward_guidance_strength,2006-08-16,-23,0.02965329959988594
2006-09-20,forward_guidance_strength,2006-08-17,-22,0.028766490519046783
2006-09-20,forward_guidance_strength,2006-08-18,-21,0.030257990583777428
2006-09-20,forward_guidance_strength,2006-08-21,-20,0.033583421260118484
2006-09-20,forward_guidance_strength,2006-08-22,-19,0.03432776406407356
2006-09-20,forward_guidance_strength,2006-08-23,-18,0.034066349267959595
2006-09-20,forward_guidance_strength,2006-08-24,-17,0.034367360174655914
2006-09-20,forward_guidance_strength,2006-08-25,-16,0.034429728984832764
2006-09-20,forward_guidance_strength,2006-08-28,-15,0.032420333474874496
2006-09-20,forward_guidance_strength,2006-08-29,-14,0.031762562692165375
2006-09-20,forward_guidance_strength,2006-08-30,-13,0.03150034323334694
2006-09-20,forward_guidance_strength,2006-08-31,-12,0.03434164822101593
2006-09-20,forward_guidance_strength,2006-09-01,-11,0.03780907019972801
2006-09-20,forward_guidance_strength,2006-09-05,-10,0.03971462696790695
2006-09-20,forward_guidance_strength,2006-09-06,-9,0.0378413200378418
2006-09-20,forward_guidance_strength,2006-09-07,-8,0.03805416449904442
2006-09-20,forward_guidance_strength,2006-09-08,-7,0.037661463022232056
2006-09-20,forward_guidance_strength,2006-09-11,-6,0.03598618134856224
2006-09-20,forward_guidance_strength,2006-09-12,-5,0.035925231873989105
2006-09-20,forward_guidance_strength,2006-09-13,-4,0.03603413328528404
2006-09-20,forward_guidance_strength,2006-09-14,-3,0.03481457009911537
2006-09-20,forward_guidance_strength,2006-09-15,-2,0.03184805065393448
2006-09-20,forward_guidance_strength,2006-09-18,-1,0.031055359169840813
2006-09-20,forward_guidance_strength,2006-09-19,0,0.03202570229768753
2006-10-25,rate_decision,2006-09-21,-22,0.04259200394153595
2006-10-25,rate_decision,2006-09-22,-21,0.043156735599040985
2006-10-25,rate_decision,2006-09-25,-20,0.042713381350040436
2006-10-25,rate_decision,2006-09-26,-19,0.040176860988140106
2006-10-25,rate_decision,2006-09-27,-18,0.04035722836852074
2006-10-25,rate_decision,2006-09-28,-17,0.04246994107961655
2006-10-25,rate_decision,2006-09-29,-16,0.04610229283571243
2006-10-25,rate_decision,2006-10-02,-15,0.04574292153120041
2006-10-25,rate_decision,2006-10-03,-14,0.044166769832372665
2006-10-25,rate_decision,2006-10-04,-13,0.04245421290397644
2006-10-25,rate_decision,2006-10-05,-12,0.043024010956287384
2006-10-25,rate_decision,2006-10-06,-11,0.04441770166158676
2006-10-25,rate_decision,2006-10-10,-10,0.041987791657447815
2006-10-25,rate_decision,2006-10-11,-9,0.04356357455253601
2006-10-25,rate_decision,2006-10-12,-8,0.04460364207625389
2006-10-25,rate_decision,2006-10-13,-7,0.042664073407649994
2006-10-25,rate_decision,2006-10-16,-6,0.04281800612807274
2006-10-25,rate_decision,2006-10-17,-5,0.04177892953157425
2006-10-25,rate_decision,2006-10-18,-4,0.04418262466788292
2006-10-25,rate_decision,2006-10-19,-3,0.04488344490528107
2006-10-25,rate_decision,2006-10-20,-2,0.04546789079904556
2006-10-25,rate_decision,2006-10-23,-1,0.046906955540180206
2006-10-25,rate_decision,2006-10-24,0,0.04376903921365738
2006-10-25,current_policy_stance,2006-09-21,-22,0.03478994220495224
2006-10-25,current_policy_stance,2006-09-22,-21,0.03795391321182251
2006-10-25,current_policy_stance,2006-09-25,-20,0.03948214650154114
2006-10-25,current_policy_stance,2006-09-26,-19,0.04402392730116844
2006-10-25,current_policy_stance,2006-09-27,-18,0.049010440707206726
2006-10-25,current_policy_stance,2006-09-28,-17,0.0493377149105072
2006-10-25,current_policy_stance,2006-09-29,-16,0.043890610337257385
2006-10-25,current_policy_stance,2006-10-02,-15,0.04196033999323845
2006-10-25,current_policy_stance,2006-10-03,-14,0.041848693042993546
2006-10-25,current_policy_stance,2006-10-04,-13,0.047489795833826065
2006-10-25,current_policy_stance,2006-10-05,-12,0.053698502480983734
2006-10-25,current_policy_stance,2006-10-06,-11,0.05360530689358711
2006-10-25,current_policy_stance,2006-10-10,-10,0.0486428365111351
2006-10-25,current_policy_stance,2006-10-11,-9,0.04590379074215889
2006-10-25,current_policy_stance,2006-10-12,-8,0.04407278820872307
2006-10-25,current_policy_stance,2006-10-13,-7,0.039598703384399414
2006-10-25,current_policy_stance,2006-10-16,-6,0.03981810808181763
2006-10-25,current_policy_stance,2006-10-17,-5,0.041395992040634155
2006-10-25,current_policy_stance,2006-10-18,-4,0.04166322201490402
2006-10-25,current_policy_stance,2006-10-19,-3,0.03970842435956001
2006-10-25,current_policy_stance,2006-10-20,-2,0.042557742446660995
2006-10-25,current_policy_stance,2006-10-23,-1,0.04176488518714905
2006-10-25,current_policy_stance,2006-10-24,0,0.037782199680805206
2006-10-25,policy_stance_shift,2006-09-21,-22,0.03902813419699669
2006-10-25,policy_stance_shift,2006-09-22,-21,0.04209424555301666
2006-10-25,policy_stance_shift,2006-09-25,-20,0.04046647995710373
2006-10-25,policy_stance_shift,2006-09-26,-19,0.04299463331699371
2006-10-25,policy_stance_shift,2006-09-27,-18,0.044606760144233704
2006-10-25,policy_stance_shift,2006-09-28,-17,0.045340679585933685
2006-10-25,policy_stance_shift,2006-09-29,-16,0.042611751705408096
2006-10-25,policy_stance_shift,2006-10-02,-15,0.04335292428731918
2006-10-25,policy_stance_shift,2006-10-03,-14,0.044495902955532074
2006-10-25,policy_stance_shift,2006-10-04,-13,0.04964124411344528
2006-10-25,policy_stance_shift,2006-10-05,-12,0.0514528788626194
2006-10-25,policy_stance_shift,2006-10-06,-11,0.049659363925457
2006-10-25,policy_stance_shift,2006-10-10,-10,0.042361367493867874
2006-10-25,policy_stance_shift,2006-10-11,-9,0.042455676943063736
2006-10-25,policy_stance_shift,2006-10-12,-8,0.04177917167544365
2006-10-25,policy_stance_shift,2006-10-13,-7,0.0401904359459877
2006-10-25,policy_stance_shift,2006-10-16,-6,0.04134183004498482
2006-10-25,policy_stance_shift,2006-10-17,-5,0.04344363138079643
2006-10-25,policy_stance_shift,2006-10-18,-4,0.044282540678977966
2006-10-25,policy_stance_shift,2006-10-19,-3,0.04221285879611969
2006-10-25,policy_stance_shift,2006-10-20,-2,0.04215481877326965
2006-10-25,policy_stance_shift,2006-10-23,-1,0.04216977581381798
2006-10-25,policy_stance_shift,2006-10-24,0,0.041862957179546356
2006-10-25,expected_rate_path_shift,2006-09-21,-22,0.03785435110330582
2006-10-25,expected_rate_path_shift,2006-09-22,-21,0.04167323559522629
2006-10-25,expected_rate_path_shift,2006-09-25,-20,0.04076375812292099
2006-10-25,expected_rate_path_shift,2006-09-26,-19,0.0443095788359642
2006-10-25,expected_rate_path_shift,2006-09-27,-18,0.04581458494067192
2006-10-25,expected_rate_path_shift,2006-09-28,-17,0.04677456617355347
2006-10-25,expected_rate_path_shift,2006-09-29,-16,0.043295878916978836
2006-10-25,expected_rate_path_shift,2006-10-02,-15,0.04338384419679642
2006-10-25,expected_rate_path_shift,2006-10-03,-14,0.044025570154190063
2006-10-25,expected_rate_path_shift,2006-10-04,-13,0.049512121826410294
2006-10-25,expected_rate_path_shift,2006-10-05,-12,0.05325646698474884
2006-10-25,expected_rate_path_shift,2006-10-06,-11,0.04977282136678696
2006-10-25,expected_rate_path_shift,2006-10-10,-10,0.04277569800615311
2006-10-25,expected_rate_path_shift,2006-10-11,-9,0.04184921830892563
2006-10-25,expected_rate_path_shift,2006-10-12,-8,0.04081402346491814
2006-10-25,expected_rate_path_shift,2006-10-13,-7,0.03891219198703766
2006-10-25,expected_rate_path_shift,2006-10-16,-6,0.039982736110687256
2006-10-25,expected_rate_path_shift,2006-10-17,-5,0.04278147220611572
2006-10-25,expected_rate_path_shift,2006-10-18,-4,0.04403587803244591
2006-10-25,expected_rate_path_shift,2006-10-19,-3,0.042356330901384354
2006-10-25,expected_rate_path_shift,2006-10-20,-2,0.04278969019651413
2006-10-25,expected_rate_path_shift,2006-10-23,-1,0.042362648993730545
2006-10-25,expected_rate_path_shift,2006-10-24,0,0.040903281420469284
2006-10-25,inflation_assessment_shift,2006-09-21,-22,0.03905767574906349
2006-10-25,inflation_assessment_shift,2006-09-22,-21,0.041716866195201874
2006-10-25,inflation_assessment_shift,2006-09-25,-20,0.04111763462424278
2006-10-25,inflation_assessment_shift,2006-09-26,-19,0.04422065615653992
2006-10-25,inflation_assessment_shift,2006-09-27,-18,0.0469624325633049
2006-10-25,inflation_assessment_shift,2006-09-28,-17,0.04760657995939255
2006-10-25,inflation_assessment_shift,2006-09-29,-16,0.043724425137043
2006-10-25,inflation_assessment_shift,2006-10-02,-15,0.043833669275045395
2006-10-25,inflation_assessment_shift,2006-10-03,-14,0.044096000492572784
2006-10-25,inflation_assessment_shift,2006-10-04,-13,0.04833279922604561
2006-10-25,inflation_assessment_shift,2006-10-05,-12,0.05089762061834335
2006-10-25,inflation_assessment_shift,2006-10-06,-11,0.04987755045294762
2006-10-25,inflation_assessment_shift,2006-10-10,-10,0.043663088232278824
2006-10-25,inflation_assessment_shift,2006-10-11,-9,0.043246082961559296
2006-10-25,inflation_assessment_shift,2006-10-12,-8,0.042230311781167984
2006-10-25,inflation_assessment_shift,2006-10-13,-7,0.03959246352314949
2006-10-25,inflation_assessment_shift,2006-10-16,-6,0.04047222435474396
2006-10-25,inflation_assessment_shift,2006-10-17,-5,0.04188050329685211
2006-10-25,inflation_assessment_shift,2006-10-18,-4,0.04263344779610634
2006-10-25,inflation_assessment_shift,2006-10-19,-3,0.040613140910863876
2006-10-25,inflation_assessment_shift,2006-10-20,-2,0.04208032414317131
2006-10-25,inflation_assessment_shift,2006-10-23,-1,0.04205290228128433
2006-10-25,inflation_assessment_shift,2006-10-24,0,0.04009157046675682
2006-10-25,inflation_risk_shift,2006-09-21,-22,0.04030179604887962
2006-10-25,inflation_risk_shift,2006-09-22,-21,0.043016090989112854
2006-10-25,inflation_risk_shift,2006-09-25,-20,0.04111609607934952
2006-10-25,inflation_risk_shift,2006-09-26,-19,0.04254669323563576
2006-10-25,inflation_risk_shift,2006-09-27,-18,0.043729983270168304
2006-10-25,inflation_risk_shift,2006-09-28,-17,0.04467463493347168
2006-10-25,inflation_risk_shift,2006-09-29,-16,0.04241195693612099
2006-10-25,inflation_risk_shift,2006-10-02,-15,0.044243477284908295
2006-10-25,inflation_risk_shift,2006-10-03,-14,0.04533722624182701
2006-10-25,inflation_risk_shift,2006-10-04,-13,0.050581831485033035
2006-10-25,inflation_risk_shift,2006-10-05,-12,0.05005580186843872
2006-10-25,inflation_risk_shift,2006-10-06,-11,0.04757287725806236
2006-10-25,inflation_risk_shift,2006-10-10,-10,0.04081845283508301
2006-10-25,inflation_risk_shift,2006-10-11,-9,0.041680000722408295
2006-10-25,inflation_risk_shift,2006-10-12,-8,0.0413966029882431
2006-10-25,inflation_risk_shift,2006-10-13,-7,0.04050598293542862
2006-10-25,inflation_risk_shift,2006-10-16,-6,0.04150262102484703
2006-10-25,inflation_risk_shift,2006-10-17,-5,0.043615423142910004
2006-10-25,inflation_risk_shift,2006-10-18,-4,0.044461071491241455
2006-10-25,inflation_risk_shift,2006-10-19,-3,0.04250580444931984
2006-10-25,inflation_risk_shift,2006-10-20,-2,0.04268193617463112
2006-10-25,inflation_risk_shift,2006-10-23,-1,0.04238848388195038
2006-10-25,inflation_risk_shift,2006-10-24,0,0.042855195701122284
2006-10-25,unemployment_assessment_shift,2006-09-21,-22,0.03860636055469513
2006-10-25,unemployment_assessment_shift,2006-09-22,-21,0.04196914657950401
2006-10-25,unemployment_assessment_shift,2006-09-25,-20,0.041313331574201584
2006-10-25,unemployment_assessment_shift,2006-09-26,-19,0.04440160095691681
2006-10-25,unemployment_assessment_shift,2006-09-27,-18,0.04724127799272537
2006-10-25,unemployment_assessment_shift,2006-09-28,-17,0.047862619161605835
2006-10-25,unemployment_assessment_shift,2006-09-29,-16,0.04361257702112198
2006-10-25,unemployment_assessment_shift,2006-10-02,-15,0.043385207653045654
2006-10-25,unemployment_assessment_shift,2006-10-03,-14,0.04451826587319374
2006-10-25,unemployment_assessment_shift,2006-10-04,-13,0.04912303015589714
2006-10-25,unemployment_assessment_shift,2006-10-05,-12,0.05253718048334122
2006-10-25,unemployment_assessment_shift,2006-10-06,-11,0.049114979803562164
2006-10-25,unemployment_assessment_shift,2006-10-10,-10,0.04386737942695618
2006-10-25,unemployment_assessment_shift,2006-10-11,-9,0.04314889758825302
2006-10-25,unemployment_assessment_shift,2006-10-12,-8,0.042047496885061264
2006-10-25,unemployment_assessment_shift,2006-10-13,-7,0.03952348604798317
2006-10-25,unemployment_assessment_shift,2006-10-16,-6,0.0401928648352623
2006-10-25,unemployment_assessment_shift,2006-10-17,-5,0.042318761348724365
2006-10-25,unemployment_assessment_shift,2006-10-18,-4,0.04228779673576355
2006-10-25,unemployment_assessment_shift,2006-10-19,-3,0.04029518738389015
2006-10-25,unemployment_assessment_shift,2006-10-20,-2,0.04149496927857399
2006-10-25,unemployment_assessment_shift,2006-10-23,-1,0.04088243097066879
2006-10-25,unemployment_assessment_shift,2006-10-24,0,0.040255166590213776
2006-10-25,labor_market_risk_shift,2006-09-21,-22,0.041097596287727356
2006-10-25,labor_market_risk_shift,2006-09-22,-21,0.04406169056892395
2006-10-25,labor_market_risk_shift,2006-09-25,-20,0.04196391999721527
2006-10-25,labor_market_risk_shift,2006-09-26,-19,0.04405062645673752
2006-10-25,labor_market_risk_shift,2006-09-27,-18,0.04441611468791962
2006-10-25,labor_market_risk_shift,2006-09-28,-17,0.045794885605573654
2006-10-25,labor_market_risk_shift,2006-09-29,-16,0.04363806173205376
2006-10-25,labor_market_risk_shift,2006-10-02,-15,0.044533438980579376
2006-10-25,labor_market_risk_shift,2006-10-03,-14,0.04483184963464737
2006-10-25,labor_market_risk_shift,2006-10-04,-13,0.048923805356025696
2006-10-25,labor_market_risk_shift,2006-10-05,-12,0.04965825378894806
2006-10-25,labor_market_risk_shift,2006-10-06,-11,0.04765695706009865
2006-10-25,labor_market_risk_shift,2006-10-10,-10,0.04035787284374237
2006-10-25,labor_market_risk_shift,2006-10-11,-9,0.04131445288658142
2006-10-25,labor_market_risk_shift,2006-10-12,-8,0.041076093912124634
2006-10-25,labor_market_risk_shift,2006-10-13,-7,0.039876021444797516
2006-10-25,labor_market_risk_shift,2006-10-16,-6,0.04060083627700806
2006-10-25,labor_market_risk_shift,2006-10-17,-5,0.04214911162853241
2006-10-25,labor_market_risk_shift,2006-10-18,-4,0.04337812960147858
2006-10-25,labor_market_risk_shift,2006-10-19,-3,0.042546346783638
2006-10-25,labor_market_risk_shift,2006-10-20,-2,0.04241959750652313
2006-10-25,labor_market_risk_shift,2006-10-23,-1,0.04306288808584213
2006-10-25,labor_market_risk_shift,2006-10-24,0,0.04259144142270088
2006-10-25,growth_activity_shift,2006-09-21,-22,0.04095330089330673
2006-10-25,growth_activity_shift,2006-09-22,-21,0.04384493827819824
2006-10-25,growth_activity_shift,2006-09-25,-20,0.04166979342699051
2006-10-25,growth_activity_shift,2006-09-26,-19,0.04262109845876694
2006-10-25,growth_activity_shift,2006-09-27,-18,0.043632496148347855
2006-10-25,growth_activity_shift,2006-09-28,-17,0.044729962944984436
2006-10-25,growth_activity_shift,2006-09-29,-16,0.043044980615377426
2006-10-25,growth_activity_shift,2006-10-02,-15,0.04473254829645157
2006-10-25,growth_activity_shift,2006-10-03,-14,0.044791270047426224
2006-10-25,growth_activity_shift,2006-10-04,-13,0.04968065023422241
2006-10-25,growth_activity_shift,2006-10-05,-12,0.04911030828952789
2006-10-25,growth_activity_shift,2006-10-06,-11,0.04727093130350113
2006-10-25,growth_activity_shift,2006-10-10,-10,0.0409470796585083
2006-10-25,growth_activity_shift,2006-10-11,-9,0.04207511246204376
2006-10-25,growth_activity_shift,2006-10-12,-8,0.04216253012418747
2006-10-25,growth_activity_shift,2006-10-13,-7,0.04067184776067734
2006-10-25,growth_activity_shift,2006-10-16,-6,0.041476842015981674
2006-10-25,growth_activity_shift,2006-10-17,-5,0.04279148951172829
2006-10-25,growth_activity_shift,2006-10-18,-4,0.04361977055668831
2006-10-25,growth_activity_shift,2006-10-19,-3,0.04221916198730469
2006-10-25,growth_activity_shift,2006-10-20,-2,0.04250934347510338
2006-10-25,growth_activity_shift,2006-10-23,-1,0.04238828644156456
2006-10-25,growth_activity_shift,2006-10-24,0,0.04305626079440117
2006-10-25,financial_conditions_shift,2006-09-21,-22,0.038566529750823975
2006-10-25,financial_conditions_shift,2006-09-22,-21,0.041481517255306244
2006-10-25,financial_conditions_shift,2006-09-25,-20,0.04129980504512787
2006-10-25,financial_conditions_shift,2006-09-26,-19,0.04395504295825958
2006-10-25,financial_conditions_shift,2006-09-27,-18,0.04582596197724342
2006-10-25,financial_conditions_shift,2006-09-28,-17,0.04726850241422653
2006-10-25,financial_conditions_shift,2006-09-29,-16,0.04335060343146324
2006-10-25,financial_conditions_shift,2006-10-02,-15,0.04371819645166397
2006-10-25,financial_conditions_shift,2006-10-03,-14,0.04374302923679352
2006-10-25,financial_conditions_shift,2006-10-04,-13,0.048759181052446365
2006-10-25,financial_conditions_shift,2006-10-05,-12,0.05075366795063019
2006-10-25,financial_conditions_shift,2006-10-06,-11,0.04995223134756088
2006-10-25,financial_conditions_shift,2006-10-10,-10,0.04346195235848427
2006-10-25,financial_conditions_shift,2006-10-11,-9,0.043479073792696
2006-10-25,financial_conditions_shift,2006-10-12,-8,0.043329402804374695
2006-10-25,financial_conditions_shift,2006-10-13,-7,0.040650416165590286
2006-10-25,financial_conditions_shift,2006-10-16,-6,0.040855515748262405
2006-10-25,financial_conditions_shift,2006-10-17,-5,0.042165666818618774
2006-10-25,financial_conditions_shift,2006-10-18,-4,0.04301786795258522
2006-10-25,financial_conditions_shift,2006-10-19,-3,0.040688127279281616
2006-10-25,financial_conditions_shift,2006-10-20,-2,0.04197983071208
2006-10-25,financial_conditions_shift,2006-10-23,-1,0.04194893687963486
2006-10-25,financial_conditions_shift,2006-10-24,0,0.03974892199039459
2006-10-25,risk_balance_shift,2006-09-21,-22,0.03637316823005676
2006-10-25,risk_balance_shift,2006-09-22,-21,0.03915508836507797
2006-10-25,risk_balance_shift,2006-09-25,-20,0.03929894044995308
2006-10-25,risk_balance_shift,2006-09-26,-19,0.04302417114377022
2006-10-25,risk_balance_shift,2006-09-27,-18,0.046345748007297516
2006-10-25,risk_balance_shift,2006-09-28,-17,0.04696071520447731
2006-10-25,risk_balance_shift,2006-09-29,-16,0.04262349754571915
2006-10-25,risk_balance_shift,2006-10-02,-15,0.04223468899726868
2006-10-25,risk_balance_shift,2006-10-03,-14,0.043455757200717926
2006-10-25,risk_balance_shift,2006-10-04,-13,0.04907805472612381
2006-10-25,risk_balance_shift,2006-10-05,-12,0.052719369530677795
2006-10-25,risk_balance_shift,2006-10-06,-11,0.05015840008854866
2006-10-25,risk_balance_shift,2006-10-10,-10,0.04596637934446335
2006-10-25,risk_balance_shift,2006-10-11,-9,0.04544828087091446
2006-10-25,risk_balance_shift,2006-10-12,-8,0.0445035882294178
2006-10-25,risk_balance_shift,2006-10-13,-7,0.041432298719882965
2006-10-25,risk_balance_shift,2006-10-16,-6,0.04166761413216591
2006-10-25,risk_balance_shift,2006-10-17,-5,0.04366488754749298
2006-10-25,risk_balance_shift,2006-10-18,-4,0.04283558577299118
2006-10-25,risk_balance_shift,2006-10-19,-3,0.04033131152391434
2006-10-25,risk_balance_shift,2006-10-20,-2,0.04184994846582413
2006-10-25,risk_balance_shift,2006-10-23,-1,0.041685800999403
2006-10-25,risk_balance_shift,2006-10-24,0,0.03918672725558281
2006-10-25,committee_dispersion,2006-09-21,-22,0.0458175465464592
2006-10-25,committee_dispersion,2006-09-22,-21,0.047621868550777435
2006-10-25,committee_dispersion,2006-09-25,-20,0.04385685548186302
2006-10-25,committee_dispersion,2006-09-26,-19,0.04341211915016174
2006-10-25,committee_dispersion,2006-09-27,-18,0.04103709012269974
2006-10-25,committee_dispersion,2006-09-28,-17,0.04272972047328949
2006-10-25,committee_dispersion,2006-09-29,-16,0.043516747653484344
2006-10-25,committee_dispersion,2006-10-02,-15,0.04619051143527031
2006-10-25,committee_dispersion,2006-10-03,-14,0.04619121924042702
2006-10-25,committee_dispersion,2006-10-04,-13,0.048830918967723846
2006-10-25,committee_dispersion,2006-10-05,-12,0.04438956826925278
2006-10-25,committee_dispersion,2006-10-06,-11,0.04229670763015747
2006-10-25,committee_dispersion,2006-10-10,-10,0.03643571212887764
2006-10-25,committee_dispersion,2006-10-11,-9,0.038921575993299484
2006-10-25,committee_dispersion,2006-10-12,-8,0.03992261737585068
2006-10-25,committee_dispersion,2006-10-13,-7,0.04071851819753647
2006-10-25,committee_dispersion,2006-10-16,-6,0.04185585677623749
2006-10-25,committee_dispersion,2006-10-17,-5,0.04268445074558258
2006-10-25,committee_dispersion,2006-10-18,-4,0.04453805088996887
2006-10-25,committee_dispersion,2006-10-19,-3,0.04507406800985336
2006-10-25,committee_dispersion,2006-10-20,-2,0.043050020933151245
2006-10-25,committee_dispersion,2006-10-23,-1,0.04454300180077553
2006-10-25,committee_dispersion,2006-10-24,0,0.04636521637439728
2006-10-25,policy_uncertainty,2006-09-21,-22,0.04611364006996155
2006-10-25,policy_uncertainty,2006-09-22,-21,0.04830922186374664
2006-10-25,policy_uncertainty,2006-09-25,-20,0.044100139290094376
2006-10-25,policy_uncertainty,2006-09-26,-19,0.043404825031757355
2006-10-25,policy_uncertainty,2006-09-27,-18,0.041058607399463654
2006-10-25,policy_uncertainty,2006-09-28,-17,0.042484842240810394
2006-10-25,policy_uncertainty,2006-09-29,-16,0.043574996292591095
2006-10-25,policy_uncertainty,2006-10-02,-15,0.046200208365917206
2006-10-25,policy_uncertainty,2006-10-03,-14,0.046838704496622086
2006-10-25,policy_uncertainty,2006-10-04,-13,0.0490867905318737
2006-10-25,policy_uncertainty,2006-10-05,-12,0.044207144528627396
2006-10-25,policy_uncertainty,2006-10-06,-11,0.041592635214328766
2006-10-25,policy_uncertainty,2006-10-10,-10,0.0356883630156517
2006-10-25,policy_uncertainty,2006-10-11,-9,0.03857897222042084
2006-10-25,policy_uncertainty,2006-10-12,-8,0.03935941308736801
2006-10-25,policy_uncertainty,2006-10-13,-7,0.04042728617787361
2006-10-25,policy_uncertainty,2006-10-16,-6,0.041706036776304245
2006-10-25,policy_uncertainty,2006-10-17,-5,0.04296434298157692
2006-10-25,policy_uncertainty,2006-10-18,-4,0.04473184049129486
2006-10-25,policy_uncertainty,2006-10-19,-3,0.04559741169214249
2006-10-25,policy_uncertainty,2006-10-20,-2,0.04294748231768608
2006-10-25,policy_uncertainty,2006-10-23,-1,0.04438913241028786
2006-10-25,policy_uncertainty,2006-10-24,0,0.04663795977830887
2006-10-25,forward_guidance_strength,2006-09-21,-22,0.03435139358043671
2006-10-25,forward_guidance_strength,2006-09-22,-21,0.03644321486353874
2006-10-25,forward_guidance_strength,2006-09-25,-20,0.03866378590464592
2006-10-25,forward_guidance_strength,2006-09-26,-19,0.04425905644893646
2006-10-25,forward_guidance_strength,2006-09-27,-18,0.04939991608262062
2006-10-25,forward_guidance_strength,2006-09-28,-17,0.04930491745471954
2006-10-25,forward_guidance_strength,2006-09-29,-16,0.04311741888523102
2006-10-25,forward_guidance_strength,2006-10-02,-15,0.04055304080247879
2006-10-25,forward_guidance_strength,2006-10-03,-14,0.04090762510895729
2006-10-25,forward_guidance_strength,2006-10-04,-13,0.047087810933589935
2006-10-25,forward_guidance_strength,2006-10-05,-12,0.0542755201458931
2006-10-25,forward_guidance_strength,2006-10-06,-11,0.05457458645105362
2006-10-25,forward_guidance_strength,2006-10-10,-10,0.052484847605228424
2006-10-25,forward_guidance_strength,2006-10-11,-9,0.047801487147808075
2006-10-25,forward_guidance_strength,2006-10-12,-8,0.04643978923559189
2006-10-25,forward_guidance_strength,2006-10-13,-7,0.0411917120218277
2006-10-25,forward_guidance_strength,2006-10-16,-6,0.04061705619096756
2006-10-25,forward_guidance_strength,2006-10-17,-5,0.0416547916829586
2006-10-25,forward_guidance_strength,2006-10-18,-4,0.04036610573530197
2006-10-25,forward_guidance_strength,2006-10-19,-3,0.03809615969657898
2006-10-25,forward_guidance_strength,2006-10-20,-2,0.04167797416448593
2006-10-25,forward_guidance_strength,2006-10-23,-1,0.04020875319838524
2006-10-25,forward_guidance_strength,2006-10-24,0,0.03652307391166687
2006-12-12,rate_decision,2006-10-26,-31,0.03237426280975342
2006-12-12,rate_decision,2006-10-27,-30,0.0332777164876461
2006-12-12,rate_decision,2006-10-30,-29,0.03157306835055351
2006-12-12,rate_decision,2006-10-31,-28,0.03003063052892685
2006-12-12,rate_decision,2006-11-01,-27,0.02958223968744278
2006-12-12,rate_decision,2006-11-02,-26,0.02894371747970581
2006-12-12,rate_decision,2006-11-03,-25,0.03269127011299133
2006-12-12,rate_decision,2006-11-06,-24,0.031032884493470192
2006-12-12,rate_decision,2006-11-07,-23,0.03420468792319298
2006-12-12,rate_decision,2006-11-08,-22,0.032987017184495926
2006-12-12,rate_decision,2006-11-09,-21,0.030116867274045944
2006-12-12,rate_decision,2006-11-10,-20,0.030270040035247803
2006-12-12,rate_decision,2006-11-13,-19,0.029970824718475342
2006-12-12,rate_decision,2006-11-14,-18,0.02938418835401535
2006-12-12,rate_decision,2006-11-15,-17,0.029881607741117477
2006-12-12,rate_decision,2006-11-16,-16,0.031373124569654465
2006-12-12,rate_decision,2006-11-17,-15,0.03035019338130951
2006-12-12,rate_decision,2006-11-20,-14,0.032372962683439255
2006-12-12,rate_decision,2006-11-21,-13,0.03215758129954338
2006-12-12,rate_decision,2006-11-22,-12,0.03051682934165001
2006-12-12,rate_decision,2006-11-24,-11,0.032185573130846024
2006-12-12,rate_decision,2006-11-27,-10,0.03183877095580101
2006-12-12,rate_decision,2006-11-28,-9,0.03213321790099144
2006-12-12,rate_decision,2006-11-29,-8,0.030850661918520927
2006-12-12,rate_decision,2006-11-30,-7,0.030813444405794144
2006-12-12,rate_decision,2006-12-01,-6,0.030275724828243256
2006-12-12,rate_decision,2006-12-04,-5,0.03021993115544319
2006-12-12,rate_decision,2006-12-05,-4,0.02927829697728157
2006-12-12,rate_decision,2006-12-06,-3,0.031267695128917694
2006-12-12,rate_decision,2006-12-07,-2,0.03144364431500435
2006-12-12,rate_decision,2006-12-08,-1,0.034373845905065536
2006-12-12,rate_decision,2006-12-11,0,0.03222745656967163
2006-12-12,current_policy_stance,2006-10-26,-31,0.023891575634479523
2006-12-12,current_policy_stance,2006-10-27,-30,0.024588769301772118
2006-12-12,current_policy_stance,2006-10-30,-29,0.024352438747882843
2006-12-12,current_policy_stance,2006-10-31,-28,0.023295100778341293
2006-12-12,current_policy_stance,2006-11-01,-27,0.030968077480793
2006-12-12,current_policy_stance,2006-11-02,-26,0.04035304859280586
2006-12-12,current_policy_stance,2006-11-03,-25,0.035276949405670166
2006-12-12,current_policy_stance,2006-11-06,-24,0.030582517385482788
2006-12-12,current_policy_stance,2006-11-07,-23,0.03050931915640831
2006-12-12,current_policy_stance,2006-11-08,-22,0.028612516820430756
2006-12-12,current_policy_stance,2006-11-09,-21,0.025740163400769234
2006-12-12,current_policy_stance,2006-11-10,-20,0.02880041114985943
2006-12-12,current_policy_stance,2006-11-13,-19,0.03170926868915558
2006-12-12,current_policy_stance,2006-11-14,-18,0.03391239047050476
2006-12-12,current_policy_stance,2006-11-15,-17,0.036218490451574326
2006-12-12,current_policy_stance,2006-11-16,-16,0.029189426451921463
2006-12-12,current_policy_stance,2006-11-17,-15,0.03003406710922718
2006-12-12,current_policy_stance,2006-11-20,-14,0.03319839760661125
2006-12-12,current_policy_stance,2006-11-21,-13,0.02963755652308464
2006-12-12,current_policy_stance,2006-11-22,-12,0.028093978762626648
2006-12-12,current_policy_stance,2006-11-24,-11,0.030221283435821533
2006-12-12,current_policy_stance,2006-11-27,-10,0.02949303388595581
2006-12-12,current_policy_stance,2006-11-28,-9,0.029756303876638412
2006-12-12,current_policy_stance,2006-11-29,-8,0.02752377651631832
2006-12-12,current_policy_stance,2006-11-30,-7,0.027958877384662628
2006-12-12,current_policy_stance,2006-12-01,-6,0.031146714463829994
2006-12-12,current_policy_stance,2006-12-04,-5,0.03709365427494049
2006-12-12,current_policy_stance,2006-12-05,-4,0.037279434502124786
2006-12-12,current_policy_stance,2006-12-06,-3,0.04014340415596962
2006-12-12,current_policy_stance,2006-12-07,-2,0.04274321720004082
2006-12-12,current_policy_stance,2006-12-08,-1,0.03731444105505943
2006-12-12,current_policy_stance,2006-12-11,0,0.03036138042807579
2006-12-12,policy_stance_shift,2006-10-26,-31,0.02830842323601246
2006-12-12,policy_stance_shift,2006-10-27,-30,0.029049761593341827
2006-12-12,policy_stance_shift,2006-10-30,-29,0.03062763623893261
2006-12-12,policy_stance_shift,2006-10-31,-28,0.02842085063457489
2006-12-12,policy_stance_shift,2006-11-01,-27,0.030364349484443665
2006-12-12,policy_stance_shift,2006-11-02,-26,0.034158214926719666
2006-12-12,policy_stance_shift,2006-11-03,-25,0.032007452100515366
2006-12-12,policy_stance_shift,2006-11-06,-24,0.02967205084860325
2006-12-12,policy_stance_shift,2006-11-07,-23,0.031057510524988174
2006-12-12,policy_stance_shift,2006-11-08,-22,0.030707573518157005
2006-12-12,policy_stance_shift,2006-11-09,-21,0.02994835376739502
2006-12-12,policy_stance_shift,2006-11-10,-20,0.030047383159399033
2006-12-12,policy_stance_shift,2006-11-13,-19,0.031058920547366142
2006-12-12,policy_stance_shift,2006-11-14,-18,0.029377315193414688
2006-12-12,policy_stance_shift,2006-11-15,-17,0.030594464391469955
2006-12-12,policy_stance_shift,2006-11-16,-16,0.02839750610291958
2006-12-12,policy_stance_shift,2006-11-17,-15,0.028935544192790985
2006-12-12,policy_stance_shift,2006-11-20,-14,0.0331011600792408
2006-12-12,policy_stance_shift,2006-11-21,-13,0.03161483258008957
2006-12-12,policy_stance_shift,2006-11-22,-12,0.02983049675822258
2006-12-12,policy_stance_shift,2006-11-24,-11,0.030723936855793
2006-12-12,policy_stance_shift,2006-11-27,-10,0.031184496358036995
2006-12-12,policy_stance_shift,2006-11-28,-9,0.03083963692188263
2006-12-12,policy_stance_shift,2006-11-29,-8,0.02968513034284115
2006-12-12,policy_stance_shift,2006-11-30,-7,0.028999703004956245
2006-12-12,policy_stance_shift,2006-12-01,-6,0.030595427379012108
2006-12-12,policy_stance_shift,2006-12-04,-5,0.03467546030879021
2006-12-12,policy_stance_shift,2006-12-05,-4,0.03327994793653488
2006-12-12,policy_stance_shift,2006-12-06,-3,0.035960059612989426
2006-12-12,policy_stance_shift,2006-12-07,-2,0.037829961627721786
2006-12-12,policy_stance_shift,2006-12-08,-1,0.0359145849943161
2006-12-12,policy_stance_shift,2006-12-11,0,0.0330318808555603
2006-12-12,expected_rate_path_shift,2006-10-26,-31,0.026425369083881378
2006-12-12,expected_rate_path_shift,2006-10-27,-30,0.027423234656453133
2006-12-12,expected_rate_path_shift,2006-10-30,-29,0.028496891260147095
2006-12-12,expected_rate_path_shift,2006-10-31,-28,0.026518292725086212
2006-12-12,expected_rate_path_shift,2006-11-01,-27,0.030582424253225327
2006-12-12,expected_rate_path_shift,2006-11-02,-26,0.03580199554562569
2006-12-12,expected_rate_path_shift,2006-11-03,-25,0.03274867683649063
2006-12-12,expected_rate_path_shift,2006-11-06,-24,0.029603537172079086
2006-12-12,expected_rate_path_shift,2006-11-07,-23,0.030826540663838387
2006-12-12,expected_rate_path_shift,2006-11-08,-22,0.02997119352221489
2006-12-12,expected_rate_path_shift,2006-11-09,-21,0.028382880613207817
2006-12-12,expected_rate_path_shift,2006-11-10,-20,0.02971578948199749
2006-12-12,expected_rate_path_shift,2006-11-13,-19,0.03148847818374634
2006-12-12,expected_rate_path_shift,2006-11-14,-18,0.030738387256860733
2006-12-12,expected_rate_path_shift,2006-11-15,-17,0.03216060996055603
2006-12-12,expected_rate_path_shift,2006-11-16,-16,0.027897346764802933
2006-12-12,expected_rate_path_shift,2006-11-17,-15,0.028926637023687363
2006-12-12,expected_rate_path_shift,2006-11-20,-14,0.03311936557292938
2006-12-12,expected_rate_path_shift,2006-11-21,-13,0.03076985664665699
2006-12-12,expected_rate_path_shift,2006-11-22,-12,0.029215864837169647
2006-12-12,expected_rate_path_shift,2006-11-24,-11,0.03050580620765686
2006-12-12,expected_rate_path_shift,2006-11-27,-10,0.030776478350162506
2006-12-12,expected_rate_path_shift,2006-11-28,-9,0.030487706884741783
2006-12-12,expected_rate_path_shift,2006-11-29,-8,0.02892628312110901
2006-12-12,expected_rate_path_shift,2006-11-30,-7,0.028682028874754906
2006-12-12,expected_rate_path_shift,2006-12-01,-6,0.03122427687048912
2006-12-12,expected_rate_path_shift,2006-12-04,-5,0.036428965628147125
2006-12-12,expected_rate_path_shift,2006-12-05,-4,0.03542716056108475
2006-12-12,expected_rate_path_shift,2006-12-06,-3,0.03802356496453285
2006-12-12,expected_rate_path_shift,2006-12-07,-2,0.040099017322063446
2006-12-12,expected_rate_path_shift,2006-12-08,-1,0.036581821739673615
2006-12-12,expected_rate_path_shift,2006-12-11,0,0.032023534178733826
2006-12-12,inflation_assessment_shift,2006-10-26,-31,0.026447223499417305
2006-12-12,inflation_assessment_shift,2006-10-27,-30,0.02684955485165119
2006-12-12,inflation_assessment_shift,2006-10-30,-29,0.027593541890382767
2006-12-12,inflation_assessment_shift,2006-10-31,-28,0.026007458567619324
2006-12-12,inflation_assessment_shift,2006-11-01,-27,0.03096528723835945
2006-12-12,inflation_assessment_shift,2006-11-02,-26,0.037531692534685135
2006-12-12,inflation_assessment_shift,2006-11-03,-25,0.034055668860673904
2006-12-12,inflation_assessment_shift,2006-11-06,-24,0.030551191419363022
2006-12-12,inflation_assessment_shift,2006-11-07,-23,0.030874228104948997
2006-12-12,inflation_assessment_shift,2006-11-08,-22,0.029871392995119095
2006-12-12,inflation_assessment_shift,2006-11-09,-21,0.027984965592622757
2006-12-12,inflation_assessment_shift,2006-11-10,-20,0.029510537162423134
2006-12-12,inflation_assessment_shift,2006-11-13,-19,0.03082975000143051
2006-12-12,inflation_assessment_shift,2006-11-14,-18,0.030893124639987946
2006-12-12,inflation_assessment_shift,2006-11-15,-17,0.032339632511138916
2006-12-12,inflation_assessment_shift,2006-11-16,-16,0.02873307093977928
2006-12-12,inflation_assessment_shift,2006-11-17,-15,0.02981456182897091
2006-12-12,inflation_assessment_shift,2006-11-20,-14,0.03305923566222191
2006-12-12,inflation_assessment_shift,2006-11-21,-13,0.03080059215426445
2006-12-12,inflation_assessment_shift,2006-11-22,-12,0.028700152412056923
2006-12-12,inflation_assessment_shift,2006-11-24,-11,0.030202265828847885
2006-12-12,inflation_assessment_shift,2006-11-27,-10,0.03011428564786911
2006-12-12,inflation_assessment_shift,2006-11-28,-9,0.03028932586312294
2006-12-12,inflation_assessment_shift,2006-11-29,-8,0.028927888721227646
2006-12-12,inflation_assessment_shift,2006-11-30,-7,0.02889888361096382
2006-12-12,inflation_assessment_shift,2006-12-01,-6,0.03117569163441658
2006-12-12,inflation_assessment_shift,2006-12-04,-5,0.036081016063690186
2006-12-12,inflation_assessment_shift,2006-12-05,-4,0.0350237712264061
2006-12-12,inflation_assessment_shift,2006-12-06,-3,0.03765048831701279
2006-12-12,inflation_assessment_shift,2006-12-07,-2,0.03963075578212738
2006-12-12,inflation_assessment_shift,2006-12-08,-1,0.036594241857528687
2006-12-12,inflation_assessment_shift,2006-12-11,0,0.03199855983257294
2006-12-12,inflation_risk_shift,2006-10-26,-31,0.028256583958864212
2006-12-12,inflation_risk_shift,2006-10-27,-30,0.02920173853635788
2006-12-12,inflation_risk_shift,2006-10-30,-29,0.030714625492691994
2006-12-12,inflation_risk_shift,2006-10-31,-28,0.0289524644613266
2006-12-12,inflation_risk_shift,2006-11-01,-27,0.030732344835996628
2006-12-12,inflation_risk_shift,2006-11-02,-26,0.03426054120063782
2006-12-12,inflation_risk_shift,2006-11-03,-25,0.03191930800676346
2006-12-12,inflation_risk_shift,2006-11-06,-24,0.0298638716340065
2006-12-12,inflation_risk_shift,2006-11-07,-23,0.031194666400551796
2006-12-12,inflation_risk_shift,2006-11-08,-22,0.030891168862581253
2006-12-12,inflation_risk_shift,2006-11-09,-21,0.030281100422143936
2006-12-12,inflation_risk_shift,2006-11-10,-20,0.030828621238470078
2006-12-12,inflation_risk_shift,2006-11-13,-19,0.030960530042648315
2006-12-12,inflation_risk_shift,2006-11-14,-18,0.029400218278169632
2006-12-12,inflation_risk_shift,2006-11-15,-17,0.030140025541186333
2006-12-12,inflation_risk_shift,2006-11-16,-16,0.028253011405467987
2006-12-12,inflation_risk_shift,2006-11-17,-15,0.029187437146902084
2006-12-12,inflation_risk_shift,2006-11-20,-14,0.03302692249417305
2006-12-12,inflation_risk_shift,2006-11-21,-13,0.031435996294021606
2006-12-12,inflation_risk_shift,2006-11-22,-12,0.029645022004842758
2006-12-12,inflation_risk_shift,2006-11-24,-11,0.030425015836954117
2006-12-12,inflation_risk_shift,2006-11-27,-10,0.030625808984041214
2006-12-12,inflation_risk_shift,2006-11-28,-9,0.03062700852751732
2006-12-12,inflation_risk_shift,2006-11-29,-8,0.029506992548704147
2006-12-12,inflation_risk_shift,2006-11-30,-7,0.029135942459106445
2006-12-12,inflation_risk_shift,2006-12-01,-6,0.030918683856725693
2006-12-12,inflation_risk_shift,2006-12-04,-5,0.03472442552447319
2006-12-12,inflation_risk_shift,2006-12-05,-4,0.033448006957769394
2006-12-12,inflation_risk_shift,2006-12-06,-3,0.03541674464941025
2006-12-12,inflation_risk_shift,2006-12-07,-2,0.03763797506690025
2006-12-12,inflation_risk_shift,2006-12-08,-1,0.03552951663732529
2006-12-12,inflation_risk_shift,2006-12-11,0,0.032857686281204224
2006-12-12,unemployment_assessment_shift,2006-10-26,-31,0.027398772537708282
2006-12-12,unemployment_assessment_shift,2006-10-27,-30,0.028049571439623833
2006-12-12,unemployment_assessment_shift,2006-10-30,-29,0.029154881834983826
2006-12-12,unemployment_assessment_shift,2006-10-31,-28,0.02754436433315277
2006-12-12,unemployment_assessment_shift,2006-11-01,-27,0.03158340975642204
2006-12-12,unemployment_assessment_shift,2006-11-02,-26,0.03625505045056343
2006-12-12,unemployment_assessment_shift,2006-11-03,-25,0.03218679502606392
2006-12-12,unemployment_assessment_shift,2006-11-06,-24,0.029909422621130943
2006-12-12,unemployment_assessment_shift,2006-11-07,-23,0.030956631526350975
2006-12-12,unemployment_assessment_shift,2006-11-08,-22,0.02992904745042324
2006-12-12,unemployment_assessment_shift,2006-11-09,-21,0.028726913034915924
2006-12-12,unemployment_assessment_shift,2006-11-10,-20,0.029705727472901344
2006-12-12,unemployment_assessment_shift,2006-11-13,-19,0.030725250020623207
2006-12-12,unemployment_assessment_shift,2006-11-14,-18,0.03014572151005268
2006-12-12,unemployment_assessment_shift,2006-11-15,-17,0.030900444835424423
2006-12-12,unemployment_assessment_shift,2006-11-16,-16,0.02821369841694832
2006-12-12,unemployment_assessment_shift,2006-11-17,-15,0.02953101508319378
2006-12-12,unemployment_assessment_shift,2006-11-20,-14,0.03313347324728966
2006-12-12,unemployment_assessment_shift,2006-11-21,-13,0.0307089164853096
2006-12-12,unemployment_assessment_shift,2006-11-22,-12,0.029335899278521538
2006-12-12,unemployment_assessment_shift,2006-11-24,-11,0.030404895544052124
2006-12-12,unemployment_assessment_shift,2006-11-27,-10,0.030822068452835083
2006-12-12,unemployment_assessment_shift,2006-11-28,-9,0.030816175043582916
2006-12-12,unemployment_assessment_shift,2006-11-29,-8,0.029515840113162994
2006-12-12,unemployment_assessment_shift,2006-11-30,-7,0.02921537682414055
2006-12-12,unemployment_assessment_shift,2006-12-01,-6,0.03148375451564789
2006-12-12,unemployment_assessment_shift,2006-12-04,-5,0.03604017198085785
2006-12-12,unemployment_assessment_shift,2006-12-05,-4,0.034506216645240784
2006-12-12,unemployment_assessment_shift,2006-12-06,-3,0.0368378609418869
2006-12-12,unemployment_assessment_shift,2006-12-07,-2,0.03832380473613739
2006-12-12,unemployment_assessment_shift,2006-12-08,-1,0.03566580265760422
2006-12-12,unemployment_assessment_shift,2006-12-11,0,0.032272983342409134
2006-12-12,labor_market_risk_shift,2006-10-26,-31,0.028549175709486008
2006-12-12,labor_market_risk_shift,2006-10-27,-30,0.02910979837179184
2006-12-12,labor_market_risk_shift,2006-10-30,-29,0.030401330441236496
2006-12-12,labor_market_risk_shift,2006-10-31,-28,0.028390731662511826
2006-12-12,labor_market_risk_shift,2006-11-01,-27,0.030918827280402184
2006-12-12,labor_market_risk_shift,2006-11-02,-26,0.03479691222310066
2006-12-12,labor_market_risk_shift,2006-11-03,-25,0.03316625952720642
2006-12-12,labor_market_risk_shift,2006-11-06,-24,0.02967633679509163
2006-12-12,labor_market_risk_shift,2006-11-07,-23,0.030877431854605675
2006-12-12,labor_market_risk_shift,2006-11-08,-22,0.030359763652086258
2006-12-12,labor_market_risk_shift,2006-11-09,-21,0.029083332046866417
2006-12-12,labor_market_risk_shift,2006-11-10,-20,0.028965162113308907
2006-12-12,labor_market_risk_shift,2006-11-13,-19,0.030465319752693176
2006-12-12,labor_market_risk_shift,2006-11-14,-18,0.029163813218474388
2006-12-12,labor_market_risk_shift,2006-11-15,-17,0.03100322000682354
2006-12-12,labor_market_risk_shift,2006-11-16,-16,0.028355509042739868
2006-12-12,labor_market_risk_shift,2006-11-17,-15,0.028627460822463036
2006-12-12,labor_market_risk_shift,2006-11-20,-14,0.03270856663584709
2006-12-12,labor_market_risk_shift,2006-11-21,-13,0.031159333884716034
2006-12-12,labor_market_risk_shift,2006-11-22,-12,0.02934793196618557
2006-12-12,labor_market_risk_shift,2006-11-24,-11,0.030346259474754333
2006-12-12,labor_market_risk_shift,2006-11-27,-10,0.03116799145936966
2006-12-12,labor_market_risk_shift,2006-11-28,-9,0.03080965206027031
2006-12-12,labor_market_risk_shift,2006-11-29,-8,0.029703494161367416
2006-12-12,labor_market_risk_shift,2006-11-30,-7,0.028986364603042603
2006-12-12,labor_market_risk_shift,2006-12-01,-6,0.030902322381734848
2006-12-12,labor_market_risk_shift,2006-12-04,-5,0.035197190940380096
2006-12-12,labor_market_risk_shift,2006-12-05,-4,0.03392193838953972
2006-12-12,labor_market_risk_shift,2006-12-06,-3,0.03648976981639862
2006-12-12,labor_market_risk_shift,2006-12-07,-2,0.038326893001794815
2006-12-12,labor_market_risk_shift,2006-12-08,-1,0.03640546277165413
2006-12-12,labor_market_risk_shift,2006-12-11,0,0.032616425305604935
2006-12-12,growth_activity_shift,2006-10-26,-31,0.02987612411379814
2006-12-12,growth_activity_shift,2006-10-27,-30,0.03089200332760811
2006-12-12,growth_activity_shift,2006-10-30,-29,0.03239363804459572
2006-12-12,growth_activity_shift,2006-10-31,-28,0.030373860150575638
2006-12-12,growth_activity_shift,2006-11-01,-27,0.030784547328948975
2006-12-12,growth_activity_shift,2006-11-02,-26,0.03250090777873993
2006-12-12,growth_activity_shift,2006-11-03,-25,0.031227663159370422
2006-12-12,growth_activity_shift,2006-11-06,-24,0.029660575091838837
2006-12-12,growth_activity_shift,2006-11-07,-23,0.031416527926921844
2006-12-12,growth_activity_shift,2006-11-08,-22,0.03119196929037571
2006-12-12,growth_activity_shift,2006-11-09,-21,0.030829112976789474
2006-12-12,growth_activity_shift,2006-11-10,-20,0.030067075043916702
2006-12-12,growth_activity_shift,2006-11-13,-19,0.030216999351978302
2006-12-12,growth_activity_shift,2006-11-14,-18,0.028335168957710266
2006-12-12,growth_activity_shift,2006-11-15,-17,0.02920345775783062
2006-12-12,growth_activity_shift,2006-11-16,-16,0.028301682323217392
2006-12-12,growth_activity_shift,2006-11-17,-15,0.029219992458820343
2006-12-12,growth_activity_shift,2006-11-20,-14,0.03286284953355789
2006-12-12,growth_activity_shift,2006-11-21,-13,0.03188600763678551
2006-12-12,growth_activity_shift,2006-11-22,-12,0.030122701078653336
2006-12-12,growth_activity_shift,2006-11-24,-11,0.03055749088525772
2006-12-12,growth_activity_shift,2006-11-27,-10,0.031517840921878815
2006-12-12,growth_activity_shift,2006-11-28,-9,0.03133708983659744
2006-12-12,growth_activity_shift,2006-11-29,-8,0.030326664447784424
2006-12-12,growth_activity_shift,2006-11-30,-7,0.02972608245909214
2006-12-12,growth_activity_shift,2006-12-01,-6,0.031007803976535797
2006-12-12,growth_activity_shift,2006-12-04,-5,0.03383232653141022
2006-12-12,growth_activity_shift,2006-12-05,-4,0.03209703415632248
2006-12-12,growth_activity_shift,2006-12-06,-3,0.034038010984659195
2006-12-12,growth_activity_shift,2006-12-07,-2,0.036030661314725876
2006-12-12,growth_activity_shift,2006-12-08,-1,0.03482351452112198
2006-12-12,growth_activity_shift,2006-12-11,0,0.0333426259458065
2006-12-12,financial_conditions_shift,2006-10-26,-31,0.02617240510880947
2006-12-12,financial_conditions_shift,2006-10-27,-30,0.02700592577457428
2006-12-12,financial_conditions_shift,2006-10-30,-29,0.027888789772987366
2006-12-12,financial_conditions_shift,2006-10-31,-28,0.02674255333840847
2006-12-12,financial_conditions_shift,2006-11-01,-27,0.03171674907207489
2006-12-12,financial_conditions_shift,2006-11-02,-26,0.037886474281549454
2006-12-12,financial_conditions_shift,2006-11-03,-25,0.03428463265299797
2006-12-12,financial_conditions_shift,2006-11-06,-24,0.02991422638297081
2006-12-12,financial_conditions_shift,2006-11-07,-23,0.03154214844107628
2006-12-12,financial_conditions_shift,2006-11-08,-22,0.03064294531941414
2006-12-12,financial_conditions_shift,2006-11-09,-21,0.028025027364492416
2006-12-12,financial_conditions_shift,2006-11-10,-20,0.02986897900700569
2006-12-12,financial_conditions_shift,2006-11-13,-19,0.0314047709107399
2006-12-12,financial_conditions_shift,2006-11-14,-18,0.030774038285017014
2006-12-12,financial_conditions_shift,2006-11-15,-17,0.03264851123094559
2006-12-12,financial_conditions_shift,2006-11-16,-16,0.028620585799217224
2006-12-12,financial_conditions_shift,2006-11-17,-15,0.029239101335406303
2006-12-12,financial_conditions_shift,2006-11-20,-14,0.032680414617061615
2006-12-12,financial_conditions_shift,2006-11-21,-13,0.03079827129840851
2006-12-12,financial_conditions_shift,2006-11-22,-12,0.02831425331532955
2006-12-12,financial_conditions_shift,2006-11-24,-11,0.030141707509756088
2006-12-12,financial_conditions_shift,2006-11-27,-10,0.029779136180877686
2006-12-12,financial_conditions_shift,2006-11-28,-9,0.029924269765615463
2006-12-12,financial_conditions_shift,2006-11-29,-8,0.028446014970541
2006-12-12,financial_conditions_shift,2006-11-30,-7,0.028153758496046066
2006-12-12,financial_conditions_shift,2006-12-01,-6,0.03051934763789177
2006-12-12,financial_conditions_shift,2006-12-04,-5,0.03532053157687187
2006-12-12,financial_conditions_shift,2006-12-05,-4,0.0354672372341156
2006-12-12,financial_conditions_shift,2006-12-06,-3,0.03742637485265732
2006-12-12,financial_conditions_shift,2006-12-07,-2,0.039957400411367416
2006-12-12,financial_conditions_shift,2006-12-08,-1,0.036792196333408356
2006-12-12,financial_conditions_shift,2006-12-11,0,0.03190120682120323
2006-12-12,risk_balance_shift,2006-10-26,-31,0.031416963785886765
2006-12-12,risk_balance_shift,2006-10-27,-30,0.0319615937769413
2006-12-12,risk_balance_shift,2006-10-30,-29,0.03348705545067787
2006-12-12,risk_balance_shift,2006-10-31,-28,0.03155375272035599
2006-12-12,risk_balance_shift,2006-11-01,-27,0.030902650207281113
2006-12-12,risk_balance_shift,2006-11-02,-26,0.03137022629380226
2006-12-12,risk_balance_shift,2006-11-03,-25,0.030472494661808014
2006-12-12,risk_balance_shift,2006-11-06,-24,0.0295364148914814
2006-12-12,risk_balance_shift,2006-11-07,-23,0.031673092395067215
2006-12-12,risk_balance_shift,2006-11-08,-22,0.031484078615903854
2006-12-12,risk_balance_shift,2006-11-09,-21,0.03135112300515175
2006-12-12,risk_balance_shift,2006-11-10,-20,0.03038753569126129
2006-12-12,risk_balance_shift,2006-11-13,-19,0.030376913025975227
2006-12-12,risk_balance_shift,2006-11-14,-18,0.027796180918812752
2006-12-12,risk_balance_shift,2006-11-15,-17,0.02858002856373787
2006-12-12,risk_balance_shift,2006-11-16,-16,0.028531843796372414
2006-12-12,risk_balance_shift,2006-11-17,-15,0.02891000360250473
2006-12-12,risk_balance_shift,2006-11-20,-14,0.03288836404681206
2006-12-12,risk_balance_shift,2006-11-21,-13,0.032045867294073105
2006-12-12,risk_balance_shift,2006-11-22,-12,0.03060406632721424
2006-12-12,risk_balance_shift,2006-11-24,-11,0.030798569321632385
2006-12-12,risk_balance_shift,2006-11-27,-10,0.03195658698678017
2006-12-12,risk_balance_shift,2006-11-28,-9,0.031500499695539474
2006-12-12,risk_balance_shift,2006-11-29,-8,0.030926089733839035
2006-12-12,risk_balance_shift,2006-11-30,-7,0.029845062643289566
2006-12-12,risk_balance_shift,2006-12-01,-6,0.031013648957014084
2006-12-12,risk_balance_shift,2006-12-04,-5,0.03301679715514183
2006-12-12,risk_balance_shift,2006-12-05,-4,0.03117768093943596
2006-12-12,risk_balance_shift,2006-12-06,-3,0.03290650248527527
2006-12-12,risk_balance_shift,2006-12-07,-2,0.034119803458452225
2006-12-12,risk_balance_shift,2006-12-08,-1,0.03436693549156189
2006-12-12,risk_balance_shift,2006-12-11,0,0.0330415815114975
2006-12-12,committee_dispersion,2006-10-26,-31,0.03321732580661774
2006-12-12,committee_dispersion,2006-10-27,-30,0.033786848187446594
2006-12-12,committee_dispersion,2006-10-30,-29,0.03566848486661911
2006-12-12,committee_dispersion,2006-10-31,-28,0.03355251997709274
2006-12-12,committee_dispersion,2006-11-01,-27,0.03064005821943283
2006-12-12,committee_dispersion,2006-11-02,-26,0.029559427872300148
2006-12-12,committee_dispersion,2006-11-03,-25,0.030222253873944283
2006-12-12,committee_dispersion,2006-11-06,-24,0.029419150203466415
2006-12-12,committee_dispersion,2006-11-07,-23,0.031377699226140976
2006-12-12,committee_dispersion,2006-11-08,-22,0.031727321445941925
2006-12-12,committee_dispersion,2006-11-09,-21,0.03227931261062622
2006-12-12,committee_dispersion,2006-11-10,-20,0.030262591317296028
2006-12-12,committee_dispersion,2006-11-13,-19,0.0296200979501009
2006-12-12,committee_dispersion,2006-11-14,-18,0.026887992396950722
2006-12-12,committee_dispersion,2006-11-15,-17,0.027672452852129936
2006-12-12,committee_dispersion,2006-11-16,-16,0.028403479605913162
2006-12-12,committee_dispersion,2006-11-17,-15,0.028663581237196922
2006-12-12,committee_dispersion,2006-11-20,-14,0.03212863206863403
2006-12-12,committee_dispersion,2006-11-21,-13,0.032223161309957504
2006-12-12,committee_dispersion,2006-11-22,-12,0.030834926292300224
2006-12-12,committee_dispersion,2006-11-24,-11,0.030793337151408195
2006-12-12,committee_dispersion,2006-11-27,-10,0.03248181194067001
2006-12-12,committee_dispersion,2006-11-28,-9,0.03187716379761696
2006-12-12,committee_dispersion,2006-11-29,-8,0.03177189081907272
2006-12-12,committee_dispersion,2006-11-30,-7,0.03060849756002426
2006-12-12,committee_dispersion,2006-12-01,-6,0.03116929717361927
2006-12-12,committee_dispersion,2006-12-04,-5,0.03215981274843216
2006-12-12,committee_dispersion,2006-12-05,-4,0.03026701509952545
2006-12-12,committee_dispersion,2006-12-06,-3,0.0315159447491169
2006-12-12,committee_dispersion,2006-12-07,-2,0.032668594270944595
2006-12-12,committee_dispersion,2006-12-08,-1,0.03320617228746414
2006-12-12,committee_dispersion,2006-12-11,0,0.03333314135670662
2006-12-12,policy_uncertainty,2006-10-26,-31,0.027716800570487976
2006-12-12,policy_uncertainty,2006-10-27,-30,0.028403528034687042
2006-12-12,policy_uncertainty,2006-10-30,-29,0.029432237148284912
2006-12-12,policy_uncertainty,2006-10-31,-28,0.02772338315844536
2006-12-12,policy_uncertainty,2006-11-01,-27,0.030890733003616333
2006-12-12,policy_uncertainty,2006-11-02,-26,0.034934453666210175
2006-12-12,policy_uncertainty,2006-11-03,-25,0.03201746940612793
2006-12-12,policy_uncertainty,2006-11-06,-24,0.030058197677135468
2006-12-12,policy_uncertainty,2006-11-07,-23,0.03176213055849075
2006-12-12,policy_uncertainty,2006-11-08,-22,0.03096943348646164
2006-12-12,policy_uncertainty,2006-11-09,-21,0.029332898557186127
2006-12-12,policy_uncertainty,2006-11-10,-20,0.030343541875481606
2006-12-12,policy_uncertainty,2006-11-13,-19,0.03154728561639786
2006-12-12,policy_uncertainty,2006-11-14,-18,0.03009173274040222
2006-12-12,policy_uncertainty,2006-11-15,-17,0.030721645802259445
2006-12-12,policy_uncertainty,2006-11-16,-16,0.028254127129912376
2006-12-12,policy_uncertainty,2006-11-17,-15,0.029394248500466347
2006-12-12,policy_uncertainty,2006-11-20,-14,0.033081065863370895
2006-12-12,policy_uncertainty,2006-11-21,-13,0.031011678278446198
2006-12-12,policy_uncertainty,2006-11-22,-12,0.029299002140760422
2006-12-12,policy_uncertainty,2006-11-24,-11,0.030500536784529686
2006-12-12,policy_uncertainty,2006-11-27,-10,0.030689336359500885
2006-12-12,policy_uncertainty,2006-11-28,-9,0.030258288607001305
2006-12-12,policy_uncertainty,2006-11-29,-8,0.02890872396528721
2006-12-12,policy_uncertainty,2006-11-30,-7,0.02864714339375496
2006-12-12,policy_uncertainty,2006-12-01,-6,0.03065500035881996
2006-12-12,policy_uncertainty,2006-12-04,-5,0.035251766443252563
2006-12-12,policy_uncertainty,2006-12-05,-4,0.03397900611162186
2006-12-12,policy_uncertainty,2006-12-06,-3,0.03696347400546074
2006-12-12,policy_uncertainty,2006-12-07,-2,0.038559552282094955
2006-12-12,policy_uncertainty,2006-12-08,-1,0.036000143736600876
2006-12-12,policy_uncertainty,2006-12-11,0,0.03260143846273422
2006-12-12,forward_guidance_strength,2006-10-26,-31,0.02345508337020874
2006-12-12,forward_guidance_strength,2006-10-27,-30,0.023560555651783943
2006-12-12,forward_guidance_strength,2006-10-30,-29,0.022770561277866364
2006-12-12,forward_guidance_strength,2006-10-31,-28,0.022856520488858223
2006-12-12,forward_guidance_strength,2006-11-01,-27,0.03160201758146286
2006-12-12,forward_guidance_strength,2006-11-02,-26,0.041815292090177536
2006-12-12,forward_guidance_strength,2006-11-03,-25,0.03728948533535004
2006-12-12,forward_guidance_strength,2006-11-06,-24,0.031974535435438156
2006-12-12,forward_guidance_strength,2006-11-07,-23,0.030594229698181152
2006-12-12,forward_guidance_strength,2006-11-08,-22,0.02892591804265976
2006-12-12,forward_guidance_strength,2006-11-09,-21,0.02612706460058689
2006-12-12,forward_guidance_strength,2006-11-10,-20,0.02983533963561058
2006-12-12,forward_guidance_strength,2006-11-13,-19,0.03210604563355446
2006-12-12,forward_guidance_strength,2006-11-14,-18,0.036949820816516876
2006-12-12,forward_guidance_strength,2006-11-15,-17,0.039038702845573425
2006-12-12,forward_guidance_strength,2006-11-16,-16,0.030827896669507027
2006-12-12,forward_guidance_strength,2006-11-17,-15,0.03169131278991699
2006-12-12,forward_guidance_strength,2006-11-20,-14,0.031702879816293716
2006-12-12,forward_guidance_strength,2006-11-21,-13,0.028829647228121758
2006-12-12,forward_guidance_strength,2006-11-22,-12,0.02798788994550705
2006-12-12,forward_guidance_strength,2006-11-24,-11,0.029819073155522346
2006-12-12,forward_guidance_strength,2006-11-27,-10,0.028199316933751106
2006-12-12,forward_guidance_strength,2006-11-28,-9,0.02882809191942215
2006-12-12,forward_guidance_strength,2006-11-29,-8,0.026835909113287926
2006-12-12,forward_guidance_strength,2006-11-30,-7,0.027920113876461983
2006-12-12,forward_guidance_strength,2006-12-01,-6,0.030437372624874115
2006-12-12,forward_guidance_strength,2006-12-04,-5,0.035261981189250946
2006-12-12,forward_guidance_strength,2006-12-05,-4,0.03744053468108177
2006-12-12,forward_guidance_strength,2006-12-06,-3,0.039051324129104614
2006-12-12,forward_guidance_strength,2006-12-07,-2,0.04086936637759209
2006-12-12,forward_guidance_strength,2006-12-08,-1,0.03576570004224777
2006-12-12,forward_guidance_strength,2006-12-11,0,0.029630407691001892
2007-01-31,rate_decision,2006-12-13,-31,0.028195448219776154
2007-01-31,rate_decision,2006-12-14,-30,0.03134841099381447
2007-01-31,rate_decision,2006-12-15,-29,0.03234471008181572
2007-01-31,rate_decision,2006-12-18,-28,0.03520677983760834
2007-01-31,rate_decision,2006-12-19,-27,0.0325334295630455
2007-01-31,rate_decision,2006-12-20,-26,0.028874976560473442
2007-01-31,rate_decision,2006-12-21,-25,0.030426524579524994
2007-01-31,rate_decision,2006-12-22,-24,0.029581643640995026
2007-01-31,rate_decision,2006-12-26,-23,0.03022821620106697
2007-01-31,rate_decision,2006-12-27,-22,0.03269783407449722
2007-01-31,rate_decision,2006-12-28,-21,0.03417336940765381
2007-01-31,rate_decision,2006-12-29,-20,0.032393619418144226
2007-01-31,rate_decision,2007-01-02,-19,0.03156856447458267
2007-01-31,rate_decision,2007-01-03,-18,0.02940944954752922
2007-01-31,rate_decision,2007-01-04,-17,0.03016977198421955
2007-01-31,rate_decision,2007-01-05,-16,0.03058609738945961
2007-01-31,rate_decision,2007-01-08,-15,0.029751505702733994
2007-01-31,rate_decision,2007-01-09,-14,0.028641261160373688
2007-01-31,rate_decision,2007-01-10,-13,0.03158651292324066
2007-01-31,rate_decision,2007-01-11,-12,0.03242512792348862
2007-01-31,rate_decision,2007-01-12,-11,0.03165869414806366
2007-01-31,rate_decision,2007-01-16,-10,0.03241641819477081
2007-01-31,rate_decision,2007-01-17,-9,0.03145312890410423
2007-01-31,rate_decision,2007-01-18,-8,0.03149213269352913
2007-01-31,rate_decision,2007-01-19,-7,0.030454063788056374
2007-01-31,rate_decision,2007-01-22,-6,0.030559174716472626
2007-01-31,rate_decision,2007-01-23,-5,0.029564939439296722
2007-01-31,rate_decision,2007-01-24,-4,0.031062504276633263
2007-01-31,rate_decision,2007-01-25,-3,0.033276643604040146
2007-01-31,rate_decision,2007-01-26,-2,0.033583421260118484
2007-01-31,rate_decision,2007-01-29,-1,0.03116636350750923
2007-01-31,rate_decision,2007-01-30,0,0.031169265508651733
2007-01-31,current_policy_stance,2006-12-13,-31,0.05111272633075714
2007-01-31,current_policy_stance,2006-12-14,-30,0.03343227505683899
2007-01-31,current_policy_stance,2006-12-15,-29,0.031215036287903786
2007-01-31,current_policy_stance,2006-12-18,-28,0.03149228170514107
2007-01-31,current_policy_stance,2006-12-19,-27,0.026133544743061066
2007-01-31,current_policy_stance,2006-12-20,-26,0.028026491403579712
2007-01-31,current_policy_stance,2006-12-21,-25,0.03227761387825012
2007-01-31,current_policy_stance,2006-12-22,-24,0.03564953804016113
2007-01-31,current_policy_stance,2006-12-26,-23,0.03671357408165932
2007-01-31,current_policy_stance,2006-12-27,-22,0.042768578976392746
2007-01-31,current_policy_stance,2006-12-28,-21,0.033617354929447174
2007-01-31,current_policy_stance,2006-12-29,-20,0.026733817532658577
2007-01-31,current_policy_stance,2007-01-02,-19,0.02678292617201805
2007-01-31,current_policy_stance,2007-01-03,-18,0.02339291386306286
2007-01-31,current_policy_stance,2007-01-04,-17,0.024813048541545868
2007-01-31,current_policy_stance,2007-01-05,-16,0.024733487516641617
2007-01-31,current_policy_stance,2007-01-08,-15,0.02981196902692318
2007-01-31,current_policy_stance,2007-01-09,-14,0.03663019463419914
2007-01-31,current_policy_stance,2007-01-10,-13,0.037729665637016296
2007-01-31,current_policy_stance,2007-01-11,-12,0.0314573235809803
2007-01-31,current_policy_stance,2007-01-12,-11,0.029822025448083878
2007-01-31,current_policy_stance,2007-01-16,-10,0.029878392815589905
2007-01-31,current_policy_stance,2007-01-17,-9,0.027244599536061287
2007-01-31,current_policy_stance,2007-01-18,-8,0.027228794991970062
2007-01-31,current_policy_stance,2007-01-19,-7,0.02947472780942917
2007-01-31,current_policy_stance,2007-01-22,-6,0.03094020113348961
2007-01-31,current_policy_stance,2007-01-23,-5,0.03236650675535202
2007-01-31,current_policy_stance,2007-01-24,-4,0.03264867514371872
2007-01-31,current_policy_stance,2007-01-25,-3,0.03131074458360672
2007-01-31,current_policy_stance,2007-01-26,-2,0.02984239161014557
2007-01-31,current_policy_stance,2007-01-29,-1,0.02819112502038479
2007-01-31,current_policy_stance,2007-01-30,0,0.02652744948863983
2007-01-31,policy_stance_shift,2006-12-13,-31,0.03812868893146515
2007-01-31,policy_stance_shift,2006-12-14,-30,0.030194979161024094
2007-01-31,policy_stance_shift,2006-12-15,-29,0.029759762808680534
2007-01-31,policy_stance_shift,2006-12-18,-28,0.031919971108436584
2007-01-31,policy_stance_shift,2006-12-19,-27,0.03032645955681801
2007-01-31,policy_stance_shift,2006-12-20,-26,0.03067677468061447
2007-01-31,policy_stance_shift,2006-12-21,-25,0.033892299979925156
2007-01-31,policy_stance_shift,2006-12-22,-24,0.04111272096633911
2007-01-31,policy_stance_shift,2006-12-26,-23,0.03802754357457161
2007-01-31,policy_stance_shift,2006-12-27,-22,0.040264762938022614
2007-01-31,policy_stance_shift,2006-12-28,-21,0.03179391473531723
2007-01-31,policy_stance_shift,2006-12-29,-20,0.027887403964996338
2007-01-31,policy_stance_shift,2007-01-02,-19,0.028539124876260757
2007-01-31,policy_stance_shift,2007-01-03,-18,0.02740870974957943
2007-01-31,policy_stance_shift,2007-01-04,-17,0.027409687638282776
2007-01-31,policy_stance_shift,2007-01-05,-16,0.028601450845599174
2007-01-31,policy_stance_shift,2007-01-08,-15,0.03069070540368557
2007-01-31,policy_stance_shift,2007-01-09,-14,0.0320390984416008
2007-01-31,policy_stance_shift,2007-01-10,-13,0.03281379118561745
2007-01-31,policy_stance_shift,2007-01-11,-12,0.029637232422828674
2007-01-31,policy_stance_shift,2007-01-12,-11,0.0291953943669796
2007-01-31,policy_stance_shift,2007-01-16,-10,0.02967369556427002
2007-01-31,policy_stance_shift,2007-01-17,-9,0.02927251160144806
2007-01-31,policy_stance_shift,2007-01-18,-8,0.02777324803173542
2007-01-31,policy_stance_shift,2007-01-19,-7,0.029891453683376312
2007-01-31,policy_stance_shift,2007-01-22,-6,0.029812444001436234
2007-01-31,policy_stance_shift,2007-01-23,-5,0.030520090833306313
2007-01-31,policy_stance_shift,2007-01-24,-4,0.030084136873483658
2007-01-31,policy_stance_shift,2007-01-25,-3,0.031126921996474266
2007-01-31,policy_stance_shift,2007-01-26,-2,0.03030438721179962
2007-01-31,policy_stance_shift,2007-01-29,-1,0.03000536374747753
2007-01-31,policy_stance_shift,2007-01-30,0,0.031215272843837738
2007-01-31,expected_rate_path_shift,2006-12-13,-31,0.05015438795089722
2007-01-31,expected_rate_path_shift,2006-12-14,-30,0.033481065183877945
2007-01-31,expected_rate_path_shift,2006-12-15,-29,0.03123924694955349
2007-01-31,expected_rate_path_shift,2006-12-18,-28,0.031066227704286575
2007-01-31,expected_rate_path_shift,2006-12-19,-27,0.026236142963171005
2007-01-31,expected_rate_path_shift,2006-12-20,-26,0.028199797496199608
2007-01-31,expected_rate_path_shift,2006-12-21,-25,0.032542478293180466
2007-01-31,expected_rate_path_shift,2006-12-22,-24,0.03517400100827217
2007-01-31,expected_rate_path_shift,2006-12-26,-23,0.036435287445783615
2007-01-31,expected_rate_path_shift,2006-12-27,-22,0.04199730604887009
2007-01-31,expected_rate_path_shift,2006-12-28,-21,0.03358522802591324
2007-01-31,expected_rate_path_shift,2006-12-29,-20,0.026954498142004013
2007-01-31,expected_rate_path_shift,2007-01-02,-19,0.026704516261816025
2007-01-31,expected_rate_path_shift,2007-01-03,-18,0.023742228746414185
2007-01-31,expected_rate_path_shift,2007-01-04,-17,0.0253603495657444
2007-01-31,expected_rate_path_shift,2007-01-05,-16,0.02547038160264492
2007-01-31,expected_rate_path_shift,2007-01-08,-15,0.029978450387716293
2007-01-31,expected_rate_path_shift,2007-01-09,-14,0.03697286918759346
2007-01-31,expected_rate_path_shift,2007-01-10,-13,0.03784278780221939
2007-01-31,expected_rate_path_shift,2007-01-11,-12,0.031601738184690475
2007-01-31,expected_rate_path_shift,2007-01-12,-11,0.029953371733427048
2007-01-31,expected_rate_path_shift,2007-01-16,-10,0.029797140508890152
2007-01-31,expected_rate_path_shift,2007-01-17,-9,0.027416124939918518
2007-01-31,expected_rate_path_shift,2007-01-18,-8,0.027552243322134018
2007-01-31,expected_rate_path_shift,2007-01-19,-7,0.029593518003821373
2007-01-31,expected_rate_path_shift,2007-01-22,-6,0.031031444668769836
2007-01-31,expected_rate_path_shift,2007-01-23,-5,0.0325155109167099
2007-01-31,expected_rate_path_shift,2007-01-24,-4,0.032715052366256714
2007-01-31,expected_rate_path_shift,2007-01-25,-3,0.03098239377140999
2007-01-31,expected_rate_path_shift,2007-01-26,-2,0.029493797570466995
2007-01-31,expected_rate_path_shift,2007-01-29,-1,0.02778925932943821
2007-01-31,expected_rate_path_shift,2007-01-30,0,0.026421191170811653
2007-01-31,inflation_assessment_shift,2006-12-13,-31,0.05186717212200165
2007-01-31,inflation_assessment_shift,2006-12-14,-30,0.034012049436569214
2007-01-31,inflation_assessment_shift,2006-12-15,-29,0.03166061267256737
2007-01-31,inflation_assessment_shift,2006-12-18,-28,0.03132110461592674
2007-01-31,inflation_assessment_shift,2006-12-19,-27,0.026570558547973633
2007-01-31,inflation_assessment_shift,2006-12-20,-26,0.028635842725634575
2007-01-31,inflation_assessment_shift,2006-12-21,-25,0.03231682628393173
2007-01-31,inflation_assessment_shift,2006-12-22,-24,0.03471873700618744
2007-01-31,inflation_assessment_shift,2006-12-26,-23,0.03652174770832062
2007-01-31,inflation_assessment_shift,2006-12-27,-22,0.04220125824213028
2007-01-31,inflation_assessment_shift,2006-12-28,-21,0.033853136003017426
2007-01-31,inflation_assessment_shift,2006-12-29,-20,0.027294360101222992
2007-01-31,inflation_assessment_shift,2007-01-02,-19,0.027421314269304276
2007-01-31,inflation_assessment_shift,2007-01-03,-18,0.023883091285824776
2007-01-31,inflation_assessment_shift,2007-01-04,-17,0.024938762187957764
2007-01-31,inflation_assessment_shift,2007-01-05,-16,0.024062056094408035
2007-01-31,inflation_assessment_shift,2007-01-08,-15,0.02938973903656006
2007-01-31,inflation_assessment_shift,2007-01-09,-14,0.03646361827850342
2007-01-31,inflation_assessment_shift,2007-01-10,-13,0.037194497883319855
2007-01-31,inflation_assessment_shift,2007-01-11,-12,0.03147914260625839
2007-01-31,inflation_assessment_shift,2007-01-12,-11,0.03003191202878952
2007-01-31,inflation_assessment_shift,2007-01-16,-10,0.02988738939166069
2007-01-31,inflation_assessment_shift,2007-01-17,-9,0.027288200333714485
2007-01-31,inflation_assessment_shift,2007-01-18,-8,0.027651185169816017
2007-01-31,inflation_assessment_shift,2007-01-19,-7,0.029506422579288483
2007-01-31,inflation_assessment_shift,2007-01-22,-6,0.030840497463941574
2007-01-31,inflation_assessment_shift,2007-01-23,-5,0.031981341540813446
2007-01-31,inflation_assessment_shift,2007-01-24,-4,0.03227414935827255
2007-01-31,inflation_assessment_shift,2007-01-25,-3,0.030659619718790054
2007-01-31,inflation_assessment_shift,2007-01-26,-2,0.029549162834882736
2007-01-31,inflation_assessment_shift,2007-01-29,-1,0.028041651472449303
2007-01-31,inflation_assessment_shift,2007-01-30,0,0.026482855901122093
2007-01-31,inflation_risk_shift,2006-12-13,-31,0.03208574652671814
2007-01-31,inflation_risk_shift,2006-12-14,-30,0.028797656297683716
2007-01-31,inflation_risk_shift,2006-12-15,-29,0.029420457780361176
2007-01-31,inflation_risk_shift,2006-12-18,-28,0.03160792589187622
2007-01-31,inflation_risk_shift,2006-12-19,-27,0.03251807764172554
2007-01-31,inflation_risk_shift,2006-12-20,-26,0.03216639906167984
2007-01-31,inflation_risk_shift,2006-12-21,-25,0.03451818227767944
2007-01-31,inflation_risk_shift,2006-12-22,-24,0.03897535428404808
2007-01-31,inflation_risk_shift,2006-12-26,-23,0.03649505600333214
2007-01-31,inflation_risk_shift,2006-12-27,-22,0.0359988734126091
2007-01-31,inflation_risk_shift,2006-12-28,-21,0.03009697049856186
2007-01-31,inflation_risk_shift,2006-12-29,-20,0.028891917318105698
2007-01-31,inflation_risk_shift,2007-01-02,-19,0.03007255680859089
2007-01-31,inflation_risk_shift,2007-01-03,-18,0.03049529157578945
2007-01-31,inflation_risk_shift,2007-01-04,-17,0.029993033036589622
2007-01-31,inflation_risk_shift,2007-01-05,-16,0.031183568760752678
2007-01-31,inflation_risk_shift,2007-01-08,-15,0.030886255204677582
2007-01-31,inflation_risk_shift,2007-01-09,-14,0.02982526272535324
2007-01-31,inflation_risk_shift,2007-01-10,-13,0.030005870386958122
2007-01-31,inflation_risk_shift,2007-01-11,-12,0.02922283113002777
2007-01-31,inflation_risk_shift,2007-01-12,-11,0.029489293694496155
2007-01-31,inflation_risk_shift,2007-01-16,-10,0.030240816995501518
2007-01-31,inflation_risk_shift,2007-01-17,-9,0.03067353367805481
2007-01-31,inflation_risk_shift,2007-01-18,-8,0.028939787298440933
2007-01-31,inflation_risk_shift,2007-01-19,-7,0.030358148738741875
2007-01-31,inflation_risk_shift,2007-01-22,-6,0.029738638550043106
2007-01-31,inflation_risk_shift,2007-01-23,-5,0.030092839151620865
2007-01-31,inflation_risk_shift,2007-01-24,-4,0.02950529009103775
2007-01-31,inflation_risk_shift,2007-01-25,-3,0.03139815106987953
2007-01-31,inflation_risk_shift,2007-01-26,-2,0.031106382608413696
2007-01-31,inflation_risk_shift,2007-01-29,-1,0.03170948475599289
2007-01-31,inflation_risk_shift,2007-01-30,0,0.03349032253026962
2007-01-31,unemployment_assessment_shift,2006-12-13,-31,0.03962981700897217
2007-01-31,unemployment_assessment_shift,2006-12-14,-30,0.030540326610207558
2007-01-31,unemployment_assessment_shift,2006-12-15,-29,0.030182741582393646
2007-01-31,unemployment_assessment_shift,2006-12-18,-28,0.031562440097332
2007-01-31,unemployment_assessment_shift,2006-12-19,-27,0.029439382255077362
2007-01-31,unemployment_assessment_shift,2006-12-20,-26,0.03106309473514557
2007-01-31,unemployment_assessment_shift,2006-12-21,-25,0.03377743437886238
2007-01-31,unemployment_assessment_shift,2006-12-22,-24,0.039883241057395935
2007-01-31,unemployment_assessment_shift,2006-12-26,-23,0.038052354007959366
2007-01-31,unemployment_assessment_shift,2006-12-27,-22,0.04049450531601906
2007-01-31,unemployment_assessment_shift,2006-12-28,-21,0.031060196459293365
2007-01-31,unemployment_assessment_shift,2006-12-29,-20,0.02766880951821804
2007-01-31,unemployment_assessment_shift,2007-01-02,-19,0.028674470260739326
2007-01-31,unemployment_assessment_shift,2007-01-03,-18,0.027139578014612198
2007-01-31,unemployment_assessment_shift,2007-01-04,-17,0.027737023308873177
2007-01-31,unemployment_assessment_shift,2007-01-05,-16,0.0280076302587986
2007-01-31,unemployment_assessment_shift,2007-01-08,-15,0.030723225325345993
2007-01-31,unemployment_assessment_shift,2007-01-09,-14,0.03345458209514618
2007-01-31,unemployment_assessment_shift,2007-01-10,-13,0.03326405584812164
2007-01-31,unemployment_assessment_shift,2007-01-11,-12,0.02964327484369278
2007-01-31,unemployment_assessment_shift,2007-01-12,-11,0.029399648308753967
2007-01-31,unemployment_assessment_shift,2007-01-16,-10,0.029880080372095108
2007-01-31,unemployment_assessment_shift,2007-01-17,-9,0.028827179223299026
2007-01-31,unemployment_assessment_shift,2007-01-18,-8,0.02761317417025566
2007-01-31,unemployment_assessment_shift,2007-01-19,-7,0.030014483258128166
2007-01-31,unemployment_assessment_shift,2007-01-22,-6,0.029647428542375565
2007-01-31,unemployment_assessment_shift,2007-01-23,-5,0.030812297016382217
2007-01-31,unemployment_assessment_shift,2007-01-24,-4,0.030276162549853325
2007-01-31,unemployment_assessment_shift,2007-01-25,-3,0.030974753201007843
2007-01-31,unemployment_assessment_shift,2007-01-26,-2,0.02996535412967205
2007-01-31,unemployment_assessment_shift,2007-01-29,-1,0.0300513356924057
2007-01-31,unemployment_assessment_shift,2007-01-30,0,0.030539926141500473
2007-01-31,labor_market_risk_shift,2006-12-13,-31,0.042056430131196976
2007-01-31,labor_market_risk_shift,2006-12-14,-30,0.03078382834792137
2007-01-31,labor_market_risk_shift,2006-12-15,-29,0.029987439513206482
2007-01-31,labor_market_risk_shift,2006-12-18,-28,0.03192026540637016
2007-01-31,labor_market_risk_shift,2006-12-19,-27,0.02981353923678398
2007-01-31,labor_market_risk_shift,2006-12-20,-26,0.029797110706567764
2007-01-31,labor_market_risk_shift,2006-12-21,-25,0.03284039348363876
2007-01-31,labor_market_risk_shift,2006-12-22,-24,0.04040692374110222
2007-01-31,labor_market_risk_shift,2006-12-26,-23,0.03809762001037598
2007-01-31,labor_market_risk_shift,2006-12-27,-22,0.04195691645145416
2007-01-31,labor_market_risk_shift,2006-12-28,-21,0.03199349716305733
2007-01-31,labor_market_risk_shift,2006-12-29,-20,0.0276048444211483
2007-01-31,labor_market_risk_shift,2007-01-02,-19,0.028161313384771347
2007-01-31,labor_market_risk_shift,2007-01-03,-18,0.026318121701478958
2007-01-31,labor_market_risk_shift,2007-01-04,-17,0.02617873251438141
2007-01-31,labor_market_risk_shift,2007-01-05,-16,0.027741752564907074
2007-01-31,labor_market_risk_shift,2007-01-08,-15,0.030612763017416
2007-01-31,labor_market_risk_shift,2007-01-09,-14,0.03325003758072853
2007-01-31,labor_market_risk_shift,2007-01-10,-13,0.033927902579307556
2007-01-31,labor_market_risk_shift,2007-01-11,-12,0.03045739233493805
2007-01-31,labor_market_risk_shift,2007-01-12,-11,0.029377399012446404
2007-01-31,labor_market_risk_shift,2007-01-16,-10,0.029630033299326897
2007-01-31,labor_market_risk_shift,2007-01-17,-9,0.028530819341540337
2007-01-31,labor_market_risk_shift,2007-01-18,-8,0.02735583484172821
2007-01-31,labor_market_risk_shift,2007-01-19,-7,0.029300745576620102
2007-01-31,labor_market_risk_shift,2007-01-22,-6,0.02938276156783104
2007-01-31,labor_market_risk_shift,2007-01-23,-5,0.030645273625850677
2007-01-31,labor_market_risk_shift,2007-01-24,-4,0.030384713783860207
2007-01-31,labor_market_risk_shift,2007-01-25,-3,0.03157259523868561
2007-01-31,labor_market_risk_shift,2007-01-26,-2,0.0303785540163517
2007-01-31,labor_market_risk_shift,2007-01-29,-1,0.02964310720562935
2007-01-31,labor_market_risk_shift,2007-01-30,0,0.029891349375247955
2007-01-31,growth_activity_shift,2006-12-13,-31,0.04951458051800728
2007-01-31,growth_activity_shift,2006-12-14,-30,0.03356047719717026
2007-01-31,growth_activity_shift,2006-12-15,-29,0.031622715294361115
2007-01-31,growth_activity_shift,2006-12-18,-28,0.0314054861664772
2007-01-31,growth_activity_shift,2006-12-19,-27,0.026840155944228172
2007-01-31,growth_activity_shift,2006-12-20,-26,0.02884729579091072
2007-01-31,growth_activity_shift,2006-12-21,-25,0.03242646902799606
2007-01-31,growth_activity_shift,2006-12-22,-24,0.03423084691166878
2007-01-31,growth_activity_shift,2006-12-26,-23,0.03590518981218338
2007-01-31,growth_activity_shift,2006-12-27,-22,0.041392527520656586
2007-01-31,growth_activity_shift,2006-12-28,-21,0.0337885245680809
2007-01-31,growth_activity_shift,2006-12-29,-20,0.027669638395309448
2007-01-31,growth_activity_shift,2007-01-02,-19,0.027490904554724693
2007-01-31,growth_activity_shift,2007-01-03,-18,0.02452261932194233
2007-01-31,growth_activity_shift,2007-01-04,-17,0.02577301859855652
2007-01-31,growth_activity_shift,2007-01-05,-16,0.024980731308460236
2007-01-31,growth_activity_shift,2007-01-08,-15,0.0295571181923151
2007-01-31,growth_activity_shift,2007-01-09,-14,0.036201994866132736
2007-01-31,growth_activity_shift,2007-01-10,-13,0.03704708069562912
2007-01-31,growth_activity_shift,2007-01-11,-12,0.03144451975822449
2007-01-31,growth_activity_shift,2007-01-12,-11,0.030170347541570663
2007-01-31,growth_activity_shift,2007-01-16,-10,0.0300368033349514
2007-01-31,growth_activity_shift,2007-01-17,-9,0.02762473188340664
2007-01-31,growth_activity_shift,2007-01-18,-8,0.028005700558423996
2007-01-31,growth_activity_shift,2007-01-19,-7,0.029527829959988594
2007-01-31,growth_activity_shift,2007-01-22,-6,0.030929263681173325
2007-01-31,growth_activity_shift,2007-01-23,-5,0.03188261017203331
2007-01-31,growth_activity_shift,2007-01-24,-4,0.03237108141183853
2007-01-31,growth_activity_shift,2007-01-25,-3,0.0306126419454813
2007-01-31,growth_activity_shift,2007-01-26,-2,0.029603229835629463
2007-01-31,growth_activity_shift,2007-01-29,-1,0.027975209057331085
2007-01-31,growth_activity_shift,2007-01-30,0,0.027038652449846268
2007-01-31,financial_conditions_shift,2006-12-13,-31,0.051250386983156204
2007-01-31,financial_conditions_shift,2006-12-14,-30,0.033287711441516876
2007-01-31,financial_conditions_shift,2006-12-15,-29,0.031568266451358795
2007-01-31,financial_conditions_shift,2006-12-18,-28,0.031904663890600204
2007-01-31,financial_conditions_shift,2006-12-19,-27,0.026971064507961273
2007-01-31,financial_conditions_shift,2006-12-20,-26,0.028414208441972733
2007-01-31,financial_conditions_shift,2006-12-21,-25,0.03253532946109772
2007-01-31,financial_conditions_shift,2006-12-22,-24,0.03511467203497887
2007-01-31,financial_conditions_shift,2006-12-26,-23,0.0359049029648304
2007-01-31,financial_conditions_shift,2006-12-27,-22,0.0415906086564064
2007-01-31,financial_conditions_shift,2006-12-28,-21,0.03390273451805115
2007-01-31,financial_conditions_shift,2006-12-29,-20,0.027136042714118958
2007-01-31,financial_conditions_shift,2007-01-02,-19,0.02729780226945877
2007-01-31,financial_conditions_shift,2007-01-03,-18,0.02413688227534294
2007-01-31,financial_conditions_shift,2007-01-04,-17,0.025332191959023476
2007-01-31,financial_conditions_shift,2007-01-05,-16,0.025312840938568115
2007-01-31,financial_conditions_shift,2007-01-08,-15,0.02964632585644722
2007-01-31,financial_conditions_shift,2007-01-09,-14,0.03590715676546097
2007-01-31,financial_conditions_shift,2007-01-10,-13,0.037073004990816116
2007-01-31,financial_conditions_shift,2007-01-11,-12,0.031830452382564545
2007-01-31,financial_conditions_shift,2007-01-12,-11,0.02994822897017002
2007-01-31,financial_conditions_shift,2007-01-16,-10,0.030148640275001526
2007-01-31,financial_conditions_shift,2007-01-17,-9,0.02759244665503502
2007-01-31,financial_conditions_shift,2007-01-18,-8,0.02787023037672043
2007-01-31,financial_conditions_shift,2007-01-19,-7,0.029209079220891
2007-01-31,financial_conditions_shift,2007-01-22,-6,0.03073108196258545
2007-01-31,financial_conditions_shift,2007-01-23,-5,0.03175174817442894
2007-01-31,financial_conditions_shift,2007-01-24,-4,0.032151609659194946
2007-01-31,financial_conditions_shift,2007-01-25,-3,0.0307295098900795
2007-01-31,financial_conditions_shift,2007-01-26,-2,0.029551859945058823
2007-01-31,financial_conditions_shift,2007-01-29,-1,0.027822483330965042
2007-01-31,financial_conditions_shift,2007-01-30,0,0.02637583017349243
2007-01-31,balance_sheet_policy_shift,2006-12-13,-31,0.05232056975364685
2007-01-31,balance_sheet_policy_shift,2006-12-14,-30,0.033906105905771255
2007-01-31,balance_sheet_policy_shift,2006-12-15,-29,0.03160754591226578
2007-01-31,balance_sheet_policy_shift,2006-12-18,-28,0.03159124404191971
2007-01-31,balance_sheet_policy_shift,2006-12-19,-27,0.02635299041867256
2007-01-31,balance_sheet_policy_shift,2006-12-20,-26,0.02846546657383442
2007-01-31,balance_sheet_policy_shift,2006-12-21,-25,0.03236377239227295
2007-01-31,balance_sheet_policy_shift,2006-12-22,-24,0.033847641199827194
2007-01-31,balance_sheet_policy_shift,2006-12-26,-23,0.03512156009674072
2007-01-31,balance_sheet_policy_shift,2006-12-27,-22,0.040768466889858246
2007-01-31,balance_sheet_policy_shift,2006-12-28,-21,0.03370684012770653
2007-01-31,balance_sheet_policy_shift,2006-12-29,-20,0.027332164347171783
2007-01-31,balance_sheet_policy_shift,2007-01-02,-19,0.027221759781241417
2007-01-31,balance_sheet_policy_shift,2007-01-03,-18,0.024167824536561966
2007-01-31,balance_sheet_policy_shift,2007-01-04,-17,0.025591108947992325
2007-01-31,balance_sheet_policy_shift,2007-01-05,-16,0.025015536695718765
2007-01-31,balance_sheet_policy_shift,2007-01-08,-15,0.029419686645269394
2007-01-31,balance_sheet_policy_shift,2007-01-09,-14,0.036765262484550476
2007-01-31,balance_sheet_policy_shift,2007-01-10,-13,0.03749200701713562
2007-01-31,balance_sheet_policy_shift,2007-01-11,-12,0.031693555414676666
2007-01-31,balance_sheet_policy_shift,2007-01-12,-11,0.030068635940551758
2007-01-31,balance_sheet_policy_shift,2007-01-16,-10,0.030006760731339455
2007-01-31,balance_sheet_policy_shift,2007-01-17,-9,0.027611978352069855
2007-01-31,balance_sheet_policy_shift,2007-01-18,-8,0.027930989861488342
2007-01-31,balance_sheet_policy_shift,2007-01-19,-7,0.029661860316991806
2007-01-31,balance_sheet_policy_shift,2007-01-22,-6,0.031186379492282867
2007-01-31,balance_sheet_policy_shift,2007-01-23,-5,0.032407063990831375
2007-01-31,balance_sheet_policy_shift,2007-01-24,-4,0.032659098505973816
2007-01-31,balance_sheet_policy_shift,2007-01-25,-3,0.030411383137106895
2007-01-31,balance_sheet_policy_shift,2007-01-26,-2,0.029274672269821167
2007-01-31,balance_sheet_policy_shift,2007-01-29,-1,0.02774541825056076
2007-01-31,balance_sheet_policy_shift,2007-01-30,0,0.02628469094634056
2007-01-31,risk_balance_shift,2006-12-13,-31,0.04074198007583618
2007-01-31,risk_balance_shift,2006-12-14,-30,0.030916057527065277
2007-01-31,risk_balance_shift,2006-12-15,-29,0.030872585251927376
2007-01-31,risk_balance_shift,2006-12-18,-28,0.03318870812654495
2007-01-31,risk_balance_shift,2006-12-19,-27,0.029396751895546913
2007-01-31,risk_balance_shift,2006-12-20,-26,0.030359379947185516
2007-01-31,risk_balance_shift,2006-12-21,-25,0.03390403836965561
2007-01-31,risk_balance_shift,2006-12-22,-24,0.03879602625966072
2007-01-31,risk_balance_shift,2006-12-26,-23,0.03664208948612213
2007-01-31,risk_balance_shift,2006-12-27,-22,0.03977648913860321
2007-01-31,risk_balance_shift,2006-12-28,-21,0.03219679743051529
2007-01-31,risk_balance_shift,2006-12-29,-20,0.027913197875022888
2007-01-31,risk_balance_shift,2007-01-02,-19,0.028488889336586
2007-01-31,risk_balance_shift,2007-01-03,-18,0.026390545070171356
2007-01-31,risk_balance_shift,2007-01-04,-17,0.02690465748310089
2007-01-31,risk_balance_shift,2007-01-05,-16,0.027067698538303375
2007-01-31,risk_balance_shift,2007-01-08,-15,0.029586564749479294
2007-01-31,risk_balance_shift,2007-01-09,-14,0.03287598118185997
2007-01-31,risk_balance_shift,2007-01-10,-13,0.03398909792304039
2007-01-31,risk_balance_shift,2007-01-11,-12,0.03000790625810623
2007-01-31,risk_balance_shift,2007-01-12,-11,0.029596086591482162
2007-01-31,risk_balance_shift,2007-01-16,-10,0.030282292515039444
2007-01-31,risk_balance_shift,2007-01-17,-9,0.029257401823997498
2007-01-31,risk_balance_shift,2007-01-18,-8,0.027971893548965454
2007-01-31,risk_balance_shift,2007-01-19,-7,0.02994052693247795
2007-01-31,risk_balance_shift,2007-01-22,-6,0.030020829290151596
2007-01-31,risk_balance_shift,2007-01-23,-5,0.03098166361451149
2007-01-31,risk_balance_shift,2007-01-24,-4,0.030709296464920044
2007-01-31,risk_balance_shift,2007-01-25,-3,0.030976898968219757
2007-01-31,risk_balance_shift,2007-01-26,-2,0.030287044122815132
2007-01-31,risk_balance_shift,2007-01-29,-1,0.02998986281454563
2007-01-31,risk_balance_shift,2007-01-30,0,0.029970748350024223
2007-01-31,committee_dispersion,2006-12-13,-31,0.024149414151906967
2007-01-31,committee_dispersion,2006-12-14,-30,0.027783449739217758
2007-01-31,committee_dispersion,2006-12-15,-29,0.02903597243130207
2007-01-31,committee_dispersion,2006-12-18,-28,0.03163391351699829
2007-01-31,committee_dispersion,2006-12-19,-27,0.034987520426511765
2007-01-31,committee_dispersion,2006-12-20,-26,0.03322248533368111
2007-01-31,committee_dispersion,2006-12-21,-25,0.03366842865943909
2007-01-31,committee_dispersion,2006-12-22,-24,0.03504415228962898
2007-01-31,committee_dispersion,2006-12-26,-23,0.03235901892185211
2007-01-31,committee_dispersion,2006-12-27,-22,0.030168497934937477
2007-01-31,committee_dispersion,2006-12-28,-21,0.02921304665505886
2007-01-31,committee_dispersion,2006-12-29,-20,0.03143799304962158
2007-01-31,committee_dispersion,2007-01-02,-19,0.03261268511414528
2007-01-31,committee_dispersion,2007-01-03,-18,0.035014282912015915
2007-01-31,committee_dispersion,2007-01-04,-17,0.033435970544815063
2007-01-31,committee_dispersion,2007-01-05,-16,0.03565127030014992
2007-01-31,committee_dispersion,2007-01-08,-15,0.03192644566297531
2007-01-31,committee_dispersion,2007-01-09,-14,0.02761758118867874
2007-01-31,committee_dispersion,2007-01-10,-13,0.027009453624486923
2007-01-31,committee_dispersion,2007-01-11,-12,0.02918935939669609
2007-01-31,committee_dispersion,2007-01-12,-11,0.030017301440238953
2007-01-31,committee_dispersion,2007-01-16,-10,0.030798180028796196
2007-01-31,committee_dispersion,2007-01-17,-9,0.03248142451047897
2007-01-31,committee_dispersion,2007-01-18,-8,0.030715247616171837
2007-01-31,committee_dispersion,2007-01-19,-7,0.03064607083797455
2007-01-31,committee_dispersion,2007-01-22,-6,0.029329171404242516
2007-01-31,committee_dispersion,2007-01-23,-5,0.029217494651675224
2007-01-31,committee_dispersion,2007-01-24,-4,0.02860068716108799
2007-01-31,committee_dispersion,2007-01-25,-3,0.03188261389732361
2007-01-31,committee_dispersion,2007-01-26,-2,0.032037872821092606
2007-01-31,committee_dispersion,2007-01-29,-1,0.033247433602809906
2007-01-31,committee_dispersion,2007-01-30,0,0.03586553409695625
2007-01-31,policy_uncertainty,2006-12-13,-31,0.022827068343758583
2007-01-31,policy_uncertainty,2006-12-14,-30,0.02753552794456482
2007-01-31,policy_uncertainty,2006-12-15,-29,0.02910464070737362
2007-01-31,policy_uncertainty,2006-12-18,-28,0.031491633504629135
2007-01-31,policy_uncertainty,2006-12-19,-27,0.035346001386642456
2007-01-31,policy_uncertainty,2006-12-20,-26,0.03358148783445358
2007-01-31,policy_uncertainty,2006-12-21,-25,0.03349033743143082
2007-01-31,policy_uncertainty,2006-12-22,-24,0.034735530614852905
2007-01-31,policy_uncertainty,2006-12-26,-23,0.03177459537982941
2007-01-31,policy_uncertainty,2006-12-27,-22,0.0292876698076725
2007-01-31,policy_uncertainty,2006-12-28,-21,0.029034728184342384
2007-01-31,policy_uncertainty,2006-12-29,-20,0.0317508727312088
2007-01-31,policy_uncertainty,2007-01-02,-19,0.03300763666629791
2007-01-31,policy_uncertainty,2007-01-03,-18,0.03573878854513168
2007-01-31,policy_uncertainty,2007-01-04,-17,0.033946603536605835
2007-01-31,policy_uncertainty,2007-01-05,-16,0.036168020218610764
2007-01-31,policy_uncertainty,2007-01-08,-15,0.032108090817928314
2007-01-31,policy_uncertainty,2007-01-09,-14,0.027434229850769043
2007-01-31,policy_uncertainty,2007-01-10,-13,0.02669321745634079
2007-01-31,policy_uncertainty,2007-01-11,-12,0.029028980061411858
2007-01-31,policy_uncertainty,2007-01-12,-11,0.030074123293161392
2007-01-31,policy_uncertainty,2007-01-16,-10,0.03084186092019081
2007-01-31,policy_uncertainty,2007-01-17,-9,0.032790038734674454
2007-01-31,policy_uncertainty,2007-01-18,-8,0.030997930094599724
2007-01-31,policy_uncertainty,2007-01-19,-7,0.030756860971450806
2007-01-31,policy_uncertainty,2007-01-22,-6,0.02936139516532421
2007-01-31,policy_uncertainty,2007-01-23,-5,0.029097596183419228
2007-01-31,policy_uncertainty,2007-01-24,-4,0.028536129742860794
2007-01-31,policy_uncertainty,2007-01-25,-3,0.031820911914110184
2007-01-31,policy_uncertainty,2007-01-26,-2,0.032036613672971725
2007-01-31,policy_uncertainty,2007-01-29,-1,0.03338932618498802
2007-01-31,policy_uncertainty,2007-01-30,0,0.036211565136909485
2007-01-31,forward_guidance_strength,2006-12-13,-31,0.05232735723257065
2007-01-31,forward_guidance_strength,2006-12-14,-30,0.03389947861433029
2007-01-31,forward_guidance_strength,2006-12-15,-29,0.03152129054069519
2007-01-31,forward_guidance_strength,2006-12-18,-28,0.031330544501543045
2007-01-31,forward_guidance_strength,2006-12-19,-27,0.02624385431408882
2007-01-31,forward_guidance_strength,2006-12-20,-26,0.028413478285074234
2007-01-31,forward_guidance_strength,2006-12-21,-25,0.03200118988752365
2007-01-31,forward_guidance_strength,2006-12-22,-24,0.034301407635211945
2007-01-31,forward_guidance_strength,2006-12-26,-23,0.03600294888019562
2007-01-31,forward_guidance_strength,2006-12-27,-22,0.0419948473572731
2007-01-31,forward_guidance_strength,2006-12-28,-21,0.03354182094335556
2007-01-31,forward_guidance_strength,2006-12-29,-20,0.02716638892889023
2007-01-31,forward_guidance_strength,2007-01-02,-19,0.027029376477003098
2007-01-31,forward_guidance_strength,2007-01-03,-18,0.02391166239976883
2007-01-31,forward_guidance_strength,2007-01-04,-17,0.025224510580301285
2007-01-31,forward_guidance_strength,2007-01-05,-16,0.024698207154870033
2007-01-31,forward_guidance_strength,2007-01-08,-15,0.029573790729045868
2007-01-31,forward_guidance_strength,2007-01-09,-14,0.0369744747877121
2007-01-31,forward_guidance_strength,2007-01-10,-13,0.03767683729529381
2007-01-31,forward_guidance_strength,2007-01-11,-12,0.03184085711836815
2007-01-31,forward_guidance_strength,2007-01-12,-11,0.03017400950193405
2007-01-31,forward_guidance_strength,2007-01-16,-10,0.029876524582505226
2007-01-31,forward_guidance_strength,2007-01-17,-9,0.02738603949546814
2007-01-31,forward_guidance_strength,2007-01-18,-8,0.027724742889404297
2007-01-31,forward_guidance_strength,2007-01-19,-7,0.02937406674027443
2007-01-31,forward_guidance_strength,2007-01-22,-6,0.03082926943898201
2007-01-31,forward_guidance_strength,2007-01-23,-5,0.032129302620887756
2007-01-31,forward_guidance_strength,2007-01-24,-4,0.03245500102639198
2007-01-31,forward_guidance_strength,2007-01-25,-3,0.03069867566227913
2007-01-31,forward_guidance_strength,2007-01-26,-2,0.02953558787703514
2007-01-31,forward_guidance_strength,2007-01-29,-1,0.027729496359825134
2007-01-31,forward_guidance_strength,2007-01-30,0,0.026412978768348694
2007-03-21,rate_decision,2007-02-01,-32,0.03299848362803459
2007-03-21,rate_decision,2007-02-02,-31,0.03318092226982117
2007-03-21,rate_decision,2007-02-05,-30,0.03244442492723465
2007-03-21,rate_decision,2007-02-06,-29,0.03213323652744293
2007-03-21,rate_decision,2007-02-07,-28,0.03050326742231846
2007-03-21,rate_decision,2007-02-08,-27,0.030416185036301613
2007-03-21,rate_decision,2007-02-09,-26,0.03115876019001007
2007-03-21,rate_decision,2007-02-12,-25,0.03187417611479759
2007-03-21,rate_decision,2007-02-13,-24,0.03185592591762543
2007-03-21,rate_decision,2007-02-14,-23,0.031894292682409286
2007-03-21,rate_decision,2007-02-15,-22,0.030567385256290436
2007-03-21,rate_decision,2007-02-16,-21,0.02959774248301983
2007-03-21,rate_decision,2007-02-20,-20,0.028846902772784233
2007-03-21,rate_decision,2007-02-21,-19,0.031238943338394165
2007-03-21,rate_decision,2007-02-22,-18,0.032448820769786835
2007-03-21,rate_decision,2007-02-23,-17,0.03133274242281914
2007-03-21,rate_decision,2007-02-26,-16,0.030620049685239792
2007-03-21,rate_decision,2007-02-27,-15,0.031667985022068024
2007-03-21,rate_decision,2007-02-28,-14,0.030380111187696457
2007-03-21,rate_decision,2007-03-01,-13,0.03003111109137535
2007-03-21,rate_decision,2007-03-02,-12,0.02895507588982582
2007-03-21,rate_decision,2007-03-05,-11,0.029479924589395523
2007-03-21,rate_decision,2007-03-06,-10,0.02981382980942726
2007-03-21,rate_decision,2007-03-07,-9,0.027500513941049576
2007-03-21,rate_decision,2007-03-08,-8,0.027977604418992996
2007-03-21,rate_decision,2007-03-09,-7,0.030261483043432236
2007-03-21,rate_decision,2007-03-12,-6,0.02657042071223259
2007-03-21,rate_decision,2007-03-13,-5,0.028726961463689804
2007-03-21,rate_decision,2007-03-14,-4,0.027454856783151627
2007-03-21,rate_decision,2007-03-15,-3,0.02741910144686699
2007-03-21,rate_decision,2007-03-16,-2,0.02691861242055893
2007-03-21,rate_decision,2007-03-19,-1,0.033085163682699203
2007-03-21,rate_decision,2007-03-20,0,0.030644943937659264
2007-03-21,current_policy_stance,2007-02-01,-32,0.023675546050071716
2007-03-21,current_policy_stance,2007-02-02,-31,0.022640323266386986
2007-03-21,current_policy_stance,2007-02-05,-30,0.023801879957318306
2007-03-21,current_policy_stance,2007-02-06,-29,0.02379406988620758
2007-03-21,current_policy_stance,2007-02-07,-28,0.025652186945080757
2007-03-21,current_policy_stance,2007-02-08,-27,0.028312083333730698
2007-03-21,current_policy_stance,2007-02-09,-26,0.029503313824534416
2007-03-21,current_policy_stance,2007-02-12,-25,0.028616033494472504
2007-03-21,current_policy_stance,2007-02-13,-24,0.024682816118001938
2007-03-21,current_policy_stance,2007-02-14,-23,0.025825977325439453
2007-03-21,current_policy_stance,2007-02-15,-22,0.025867938995361328
2007-03-21,current_policy_stance,2007-02-16,-21,0.026222169399261475
2007-03-21,current_policy_stance,2007-02-20,-20,0.029577160254120827
2007-03-21,current_policy_stance,2007-02-21,-19,0.031026575714349747
2007-03-21,current_policy_stance,2007-02-22,-18,0.027454201132059097
2007-03-21,current_policy_stance,2007-02-23,-17,0.023659177124500275
2007-03-21,current_policy_stance,2007-02-26,-16,0.024291278794407845
2007-03-21,current_policy_stance,2007-02-27,-15,0.02504200115799904
2007-03-21,current_policy_stance,2007-02-28,-14,0.027120355516672134
2007-03-21,current_policy_stance,2007-03-01,-13,0.02751307375729084
2007-03-21,current_policy_stance,2007-03-02,-12,0.027128886431455612
2007-03-21,current_policy_stance,2007-03-05,-11,0.03269819915294647
2007-03-21,current_policy_stance,2007-03-06,-10,0.032336801290512085
2007-03-21,current_policy_stance,2007-03-07,-9,0.03763016685843468
2007-03-21,current_policy_stance,2007-03-08,-8,0.046387929469347
2007-03-21,current_policy_stance,2007-03-09,-7,0.03046092763543129
2007-03-21,current_policy_stance,2007-03-12,-6,0.028131868690252304
2007-03-21,current_policy_stance,2007-03-13,-5,0.03861207142472267
2007-03-21,current_policy_stance,2007-03-14,-4,0.043721120804548264
2007-03-21,current_policy_stance,2007-03-15,-3,0.031180087476968765
2007-03-21,current_policy_stance,2007-03-16,-2,0.05528196692466736
2007-03-21,current_policy_stance,2007-03-19,-1,0.04397958517074585
2007-03-21,current_policy_stance,2007-03-20,0,0.028172219172120094
2007-03-21,policy_stance_shift,2007-02-01,-32,0.02894139476120472
2007-03-21,policy_stance_shift,2007-02-02,-31,0.029992271214723587
2007-03-21,policy_stance_shift,2007-02-05,-30,0.02949916571378708
2007-03-21,policy_stance_shift,2007-02-06,-29,0.03005940467119217
2007-03-21,policy_stance_shift,2007-02-07,-28,0.029400594532489777
2007-03-21,policy_stance_shift,2007-02-08,-27,0.02918325737118721
2007-03-21,policy_stance_shift,2007-02-09,-26,0.02817823737859726
2007-03-21,policy_stance_shift,2007-02-12,-25,0.02761380560696125
2007-03-21,policy_stance_shift,2007-02-13,-24,0.029155241325497627
2007-03-21,policy_stance_shift,2007-02-14,-23,0.02872905321419239
2007-03-21,policy_stance_shift,2007-02-15,-22,0.030187387019395828
2007-03-21,policy_stance_shift,2007-02-16,-21,0.02922835573554039
2007-03-21,policy_stance_shift,2007-02-20,-20,0.029220962896943092
2007-03-21,policy_stance_shift,2007-02-21,-19,0.03017076849937439
2007-03-21,policy_stance_shift,2007-02-22,-18,0.02912302501499653
2007-03-21,policy_stance_shift,2007-02-23,-17,0.029948636889457703
2007-03-21,policy_stance_shift,2007-02-26,-16,0.03157292306423187
2007-03-21,policy_stance_shift,2007-02-27,-15,0.030963551253080368
2007-03-21,policy_stance_shift,2007-02-28,-14,0.03581807389855385
2007-03-21,policy_stance_shift,2007-03-01,-13,0.035691846162080765
2007-03-21,policy_stance_shift,2007-03-02,-12,0.031610358506441116
2007-03-21,policy_stance_shift,2007-03-05,-11,0.03150080144405365
2007-03-21,policy_stance_shift,2007-03-06,-10,0.0347817987203598
2007-03-21,policy_stance_shift,2007-03-07,-9,0.03466327488422394
2007-03-21,policy_stance_shift,2007-03-08,-8,0.031044289469718933
2007-03-21,policy_stance_shift,2007-03-09,-7,0.0269048772752285
2007-03-21,policy_stance_shift,2007-03-12,-6,0.02861606329679489
2007-03-21,policy_stance_shift,2007-03-13,-5,0.030093276873230934
2007-03-21,policy_stance_shift,2007-03-14,-4,0.03088982403278351
2007-03-21,policy_stance_shift,2007-03-15,-3,0.027260316535830498
2007-03-21,policy_stance_shift,2007-03-16,-2,0.026126595214009285
2007-03-21,policy_stance_shift,2007-03-19,-1,0.02832665853202343
2007-03-21,policy_stance_shift,2007-03-20,0,0.035503894090652466
2007-03-21,expected_rate_path_shift,2007-02-01,-32,0.02988937683403492
2007-03-21,expected_rate_path_shift,2007-02-02,-31,0.031033404171466827
2007-03-21,expected_rate_path_shift,2007-02-05,-30,0.03055340051651001
2007-03-21,expected_rate_path_shift,2007-02-06,-29,0.03119233250617981
2007-03-21,expected_rate_path_shift,2007-02-07,-28,0.030451036989688873
2007-03-21,expected_rate_path_shift,2007-02-08,-27,0.030149325728416443
2007-03-21,expected_rate_path_shift,2007-02-09,-26,0.028900396078824997
2007-03-21,expected_rate_path_shift,2007-02-12,-25,0.028026577085256577
2007-03-21,expected_rate_path_shift,2007-02-13,-24,0.02985171228647232
2007-03-21,expected_rate_path_shift,2007-02-14,-23,0.029167400673031807
2007-03-21,expected_rate_path_shift,2007-02-15,-22,0.030962523072957993
2007-03-21,expected_rate_path_shift,2007-02-16,-21,0.02991427108645439
2007-03-21,expected_rate_path_shift,2007-02-20,-20,0.029942790046334267
2007-03-21,expected_rate_path_shift,2007-02-21,-19,0.03102250210940838
2007-03-21,expected_rate_path_shift,2007-02-22,-18,0.029745040461421013
2007-03-21,expected_rate_path_shift,2007-02-23,-17,0.03072645515203476
2007-03-21,expected_rate_path_shift,2007-02-26,-16,0.03219123184680939
2007-03-21,expected_rate_path_shift,2007-02-27,-15,0.03160763531923294
2007-03-21,expected_rate_path_shift,2007-02-28,-14,0.03695667162537575
2007-03-21,expected_rate_path_shift,2007-03-01,-13,0.03609372675418854
2007-03-21,expected_rate_path_shift,2007-03-02,-12,0.03181776776909828
2007-03-21,expected_rate_path_shift,2007-03-05,-11,0.03100455552339554
2007-03-21,expected_rate_path_shift,2007-03-06,-10,0.035156022757291794
2007-03-21,expected_rate_path_shift,2007-03-07,-9,0.03305261954665184
2007-03-21,expected_rate_path_shift,2007-03-08,-8,0.028806358575820923
2007-03-21,expected_rate_path_shift,2007-03-09,-7,0.02580215409398079
2007-03-21,expected_rate_path_shift,2007-03-12,-6,0.027808301150798798
2007-03-21,expected_rate_path_shift,2007-03-13,-5,0.028423583135008812
2007-03-21,expected_rate_path_shift,2007-03-14,-4,0.028537074103951454
2007-03-21,expected_rate_path_shift,2007-03-15,-3,0.026160020381212234
2007-03-21,expected_rate_path_shift,2007-03-16,-2,0.02387554571032524
2007-03-21,expected_rate_path_shift,2007-03-19,-1,0.026382505893707275
2007-03-21,expected_rate_path_shift,2007-03-20,0,0.034795667976140976
2007-03-21,inflation_assessment_shift,2007-02-01,-32,0.024306263774633408
2007-03-21,inflation_assessment_shift,2007-02-02,-31,0.022891536355018616
2007-03-21,inflation_assessment_shift,2007-02-05,-30,0.023986369371414185
2007-03-21,inflation_assessment_shift,2007-02-06,-29,0.023916592821478844
2007-03-21,inflation_assessment_shift,2007-02-07,-28,0.025655370205640793
2007-03-21,inflation_assessment_shift,2007-02-08,-27,0.028197087347507477
2007-03-21,inflation_assessment_shift,2007-02-09,-26,0.029944438487291336
2007-03-21,inflation_assessment_shift,2007-02-12,-25,0.029507791623473167
2007-03-21,inflation_assessment_shift,2007-02-13,-24,0.02508118934929371
2007-03-21,inflation_assessment_shift,2007-02-14,-23,0.026331894099712372
2007-03-21,inflation_assessment_shift,2007-02-15,-22,0.025875361636281013
2007-03-21,inflation_assessment_shift,2007-02-16,-21,0.026658479124307632
2007-03-21,inflation_assessment_shift,2007-02-20,-20,0.029345538467168808
2007-03-21,inflation_assessment_shift,2007-02-21,-19,0.030254904180765152
2007-03-21,inflation_assessment_shift,2007-02-22,-18,0.027364082634449005
2007-03-21,inflation_assessment_shift,2007-02-23,-17,0.023728830739855766
2007-03-21,inflation_assessment_shift,2007-02-26,-16,0.023760246112942696
2007-03-21,inflation_assessment_shift,2007-02-27,-15,0.02463415637612343
2007-03-21,inflation_assessment_shift,2007-02-28,-14,0.024644838646054268
2007-03-21,inflation_assessment_shift,2007-03-01,-13,0.025700673460960388
2007-03-21,inflation_assessment_shift,2007-03-02,-12,0.026363270357251167
2007-03-21,inflation_assessment_shift,2007-03-05,-11,0.031548794358968735
2007-03-21,inflation_assessment_shift,2007-03-06,-10,0.030277900397777557
2007-03-21,inflation_assessment_shift,2007-03-07,-9,0.03672178089618683
2007-03-21,inflation_assessment_shift,2007-03-08,-8,0.04518068581819534
2007-03-21,inflation_assessment_shift,2007-03-09,-7,0.03157873824238777
2007-03-21,inflation_assessment_shift,2007-03-12,-6,0.030391164124011993
2007-03-21,inflation_assessment_shift,2007-03-13,-5,0.04036202281713486
2007-03-21,inflation_assessment_shift,2007-03-14,-4,0.0438898429274559
2007-03-21,inflation_assessment_shift,2007-03-15,-3,0.03269321098923683
2007-03-21,inflation_assessment_shift,2007-03-16,-2,0.059155192226171494
2007-03-21,inflation_assessment_shift,2007-03-19,-1,0.04327475279569626
2007-03-21,inflation_assessment_shift,2007-03-20,0,0.026777014136314392
2007-03-21,inflation_risk_shift,2007-02-01,-32,0.024053022265434265
2007-03-21,inflation_risk_shift,2007-02-02,-31,0.023387614637613297
2007-03-21,inflation_risk_shift,2007-02-05,-30,0.02436380460858345
2007-03-21,inflation_risk_shift,2007-02-06,-29,0.024689562618732452
2007-03-21,inflation_risk_shift,2007-02-07,-28,0.026186492294073105
2007-03-21,inflation_risk_shift,2007-02-08,-27,0.028366152197122574
2007-03-21,inflation_risk_shift,2007-02-09,-26,0.028985170647501945
2007-03-21,inflation_risk_shift,2007-02-12,-25,0.02826775424182415
2007-03-21,inflation_risk_shift,2007-02-13,-24,0.025247547775506973
2007-03-21,inflation_risk_shift,2007-02-14,-23,0.026596665382385254
2007-03-21,inflation_risk_shift,2007-02-15,-22,0.027012847363948822
2007-03-21,inflation_risk_shift,2007-02-16,-21,0.02734583057463169
2007-03-21,inflation_risk_shift,2007-02-20,-20,0.029474731534719467
2007-03-21,inflation_risk_shift,2007-02-21,-19,0.030158856883645058
2007-03-21,inflation_risk_shift,2007-02-22,-18,0.026953328400850296
2007-03-21,inflation_risk_shift,2007-02-23,-17,0.024393729865550995
2007-03-21,inflation_risk_shift,2007-02-26,-16,0.025038206949830055
2007-03-21,inflation_risk_shift,2007-02-27,-15,0.02584032714366913
2007-03-21,inflation_risk_shift,2007-02-28,-14,0.027627404779195786
2007-03-21,inflation_risk_shift,2007-03-01,-13,0.02854212000966072
2007-03-21,inflation_risk_shift,2007-03-02,-12,0.027098648250102997
2007-03-21,inflation_risk_shift,2007-03-05,-11,0.03231068700551987
2007-03-21,inflation_risk_shift,2007-03-06,-10,0.033787861466407776
2007-03-21,inflation_risk_shift,2007-03-07,-9,0.037888187915086746
2007-03-21,inflation_risk_shift,2007-03-08,-8,0.04404570534825325
2007-03-21,inflation_risk_shift,2007-03-09,-7,0.029568906873464584
2007-03-21,inflation_risk_shift,2007-03-12,-6,0.028927437961101532
2007-03-21,inflation_risk_shift,2007-03-13,-5,0.03923977166414261
2007-03-21,inflation_risk_shift,2007-03-14,-4,0.04334232956171036
2007-03-21,inflation_risk_shift,2007-03-15,-3,0.031508952379226685
2007-03-21,inflation_risk_shift,2007-03-16,-2,0.0502634234726429
2007-03-21,inflation_risk_shift,2007-03-19,-1,0.03982791677117348
2007-03-21,inflation_risk_shift,2007-03-20,0,0.02965904027223587
2007-03-21,unemployment_assessment_shift,2007-02-01,-32,0.03003660961985588
2007-03-21,unemployment_assessment_shift,2007-02-02,-31,0.031006788834929466
2007-03-21,unemployment_assessment_shift,2007-02-05,-30,0.03037482313811779
2007-03-21,unemployment_assessment_shift,2007-02-06,-29,0.031023215502500534
2007-03-21,unemployment_assessment_shift,2007-02-07,-28,0.030150584876537323
2007-03-21,unemployment_assessment_shift,2007-02-08,-27,0.02949596755206585
2007-03-21,unemployment_assessment_shift,2007-02-09,-26,0.028046656399965286
2007-03-21,unemployment_assessment_shift,2007-02-12,-25,0.027545686811208725
2007-03-21,unemployment_assessment_shift,2007-02-13,-24,0.02981358766555786
2007-03-21,unemployment_assessment_shift,2007-02-14,-23,0.029350463300943375
2007-03-21,unemployment_assessment_shift,2007-02-15,-22,0.030820708721876144
2007-03-21,unemployment_assessment_shift,2007-02-16,-21,0.029798436909914017
2007-03-21,unemployment_assessment_shift,2007-02-20,-20,0.02952461689710617
2007-03-21,unemployment_assessment_shift,2007-02-21,-19,0.029987892135977745
2007-03-21,unemployment_assessment_shift,2007-02-22,-18,0.029573064297437668
2007-03-21,unemployment_assessment_shift,2007-02-23,-17,0.031129227951169014
2007-03-21,unemployment_assessment_shift,2007-02-26,-16,0.033016104251146317
2007-03-21,unemployment_assessment_shift,2007-02-27,-15,0.032402973622083664
2007-03-21,unemployment_assessment_shift,2007-02-28,-14,0.037251364439725876
2007-03-21,unemployment_assessment_shift,2007-03-01,-13,0.03655305132269859
2007-03-21,unemployment_assessment_shift,2007-03-02,-12,0.03240811824798584
2007-03-21,unemployment_assessment_shift,2007-03-05,-11,0.031116507947444916
2007-03-21,unemployment_assessment_shift,2007-03-06,-10,0.03432651609182358
2007-03-21,unemployment_assessment_shift,2007-03-07,-9,0.034021198749542236
2007-03-21,unemployment_assessment_shift,2007-03-08,-8,0.029242755845189095
2007-03-21,unemployment_assessment_shift,2007-03-09,-7,0.025822173804044724
2007-03-21,unemployment_assessment_shift,2007-03-12,-6,0.028642047196626663
2007-03-21,unemployment_assessment_shift,2007-03-13,-5,0.029010187834501266
2007-03-21,unemployment_assessment_shift,2007-03-14,-4,0.028296632692217827
2007-03-21,unemployment_assessment_shift,2007-03-15,-3,0.025762174278497696
2007-03-21,unemployment_assessment_shift,2007-03-16,-2,0.023603592067956924
2007-03-21,unemployment_assessment_shift,2007-03-19,-1,0.025757893919944763
2007-03-21,unemployment_assessment_shift,2007-03-20,0,0.03508835658431053
2007-03-21,labor_market_risk_shift,2007-02-01,-32,0.02801525592803955
2007-03-21,labor_market_risk_shift,2007-02-02,-31,0.028468800708651543
2007-03-21,labor_market_risk_shift,2007-02-05,-30,0.028010953217744827
2007-03-21,labor_market_risk_shift,2007-02-06,-29,0.02844124659895897
2007-03-21,labor_market_risk_shift,2007-02-07,-28,0.02836104854941368
2007-03-21,labor_market_risk_shift,2007-02-08,-27,0.028709132224321365
2007-03-21,labor_market_risk_shift,2007-02-09,-26,0.028337577357888222
2007-03-21,labor_market_risk_shift,2007-02-12,-25,0.027449242770671844
2007-03-21,labor_market_risk_shift,2007-02-13,-24,0.028080465272068977
2007-03-21,labor_market_risk_shift,2007-02-14,-23,0.02772308513522148
2007-03-21,labor_market_risk_shift,2007-02-15,-22,0.028761878609657288
2007-03-21,labor_market_risk_shift,2007-02-16,-21,0.02794954739511013
2007-03-21,labor_market_risk_shift,2007-02-20,-20,0.028796210885047913
2007-03-21,labor_market_risk_shift,2007-02-21,-19,0.030178111046552658
2007-03-21,labor_market_risk_shift,2007-02-22,-18,0.02891875058412552
2007-03-21,labor_market_risk_shift,2007-02-23,-17,0.028795624151825905
2007-03-21,labor_market_risk_shift,2007-02-26,-16,0.03032279759645462
2007-03-21,labor_market_risk_shift,2007-02-27,-15,0.029795128852128983
2007-03-21,labor_market_risk_shift,2007-02-28,-14,0.03564294055104256
2007-03-21,labor_market_risk_shift,2007-03-01,-13,0.03551972657442093
2007-03-21,labor_market_risk_shift,2007-03-02,-12,0.031790949404239655
2007-03-21,labor_market_risk_shift,2007-03-05,-11,0.032434623688459396
2007-03-21,labor_market_risk_shift,2007-03-06,-10,0.03736089915037155
2007-03-21,labor_market_risk_shift,2007-03-07,-9,0.0362224206328392
2007-03-21,labor_market_risk_shift,2007-03-08,-8,0.0335577130317688
2007-03-21,labor_market_risk_shift,2007-03-09,-7,0.027532754465937614
2007-03-21,labor_market_risk_shift,2007-03-12,-6,0.0280222836881876
2007-03-21,labor_market_risk_shift,2007-03-13,-5,0.030949905514717102
2007-03-21,labor_market_risk_shift,2007-03-14,-4,0.03352876007556915
2007-03-21,labor_market_risk_shift,2007-03-15,-3,0.027619579806923866
2007-03-21,labor_market_risk_shift,2007-03-16,-2,0.02955590933561325
2007-03-21,labor_market_risk_shift,2007-03-19,-1,0.030682241544127464
2007-03-21,labor_market_risk_shift,2007-03-20,0,0.034464433789253235
2007-03-21,growth_activity_shift,2007-02-01,-32,0.03031986951828003
2007-03-21,growth_activity_shift,2007-02-02,-31,0.03159673511981964
2007-03-21,growth_activity_shift,2007-02-05,-30,0.030800946056842804
2007-03-21,growth_activity_shift,2007-02-06,-29,0.031283874064683914
2007-03-21,growth_activity_shift,2007-02-07,-28,0.030240755528211594
2007-03-21,growth_activity_shift,2007-02-08,-27,0.029519448056817055
2007-03-21,growth_activity_shift,2007-02-09,-26,0.02836179919540882
2007-03-21,growth_activity_shift,2007-02-12,-25,0.02784927561879158
2007-03-21,growth_activity_shift,2007-02-13,-24,0.030153103172779083
2007-03-21,growth_activity_shift,2007-02-14,-23,0.02963307872414589
2007-03-21,growth_activity_shift,2007-02-15,-22,0.030865652486681938
2007-03-21,growth_activity_shift,2007-02-16,-21,0.029667921364307404
2007-03-21,growth_activity_shift,2007-02-20,-20,0.029189985245466232
2007-03-21,growth_activity_shift,2007-02-21,-19,0.029943954199552536
2007-03-21,growth_activity_shift,2007-02-22,-18,0.029744252562522888
2007-03-21,growth_activity_shift,2007-02-23,-17,0.03135162591934204
2007-03-21,growth_activity_shift,2007-02-26,-16,0.03266524896025658
2007-03-21,growth_activity_shift,2007-02-27,-15,0.03242851793766022
2007-03-21,growth_activity_shift,2007-02-28,-14,0.03629586845636368
2007-03-21,growth_activity_shift,2007-03-01,-13,0.03594910725951195
2007-03-21,growth_activity_shift,2007-03-02,-12,0.032240334898233414
2007-03-21,growth_activity_shift,2007-03-05,-11,0.03079882450401783
2007-03-21,growth_activity_shift,2007-03-06,-10,0.03428289666771889
2007-03-21,growth_activity_shift,2007-03-07,-9,0.03314188867807388
2007-03-21,growth_activity_shift,2007-03-08,-8,0.028871245682239532
2007-03-21,growth_activity_shift,2007-03-09,-7,0.02645084448158741
2007-03-21,growth_activity_shift,2007-03-12,-6,0.028499983251094818
2007-03-21,growth_activity_shift,2007-03-13,-5,0.02923583984375
2007-03-21,growth_activity_shift,2007-03-14,-4,0.02789260633289814
2007-03-21,growth_activity_shift,2007-03-15,-3,0.026136383414268494
2007-03-21,growth_activity_shift,2007-03-16,-2,0.023332353681325912
2007-03-21,growth_activity_shift,2007-03-19,-1,0.025549907237291336
2007-03-21,growth_activity_shift,2007-03-20,0,0.035705920308828354
2007-03-21,financial_conditions_shift,2007-02-01,-32,0.023898236453533173
2007-03-21,financial_conditions_shift,2007-02-02,-31,0.023025207221508026
2007-03-21,financial_conditions_shift,2007-02-05,-30,0.02397257834672928
2007-03-21,financial_conditions_shift,2007-02-06,-29,0.0242825448513031
2007-03-21,financial_conditions_shift,2007-02-07,-28,0.026002731174230576
2007-03-21,financial_conditions_shift,2007-02-08,-27,0.028446128591895103
2007-03-21,financial_conditions_shift,2007-02-09,-26,0.029644524678587914
2007-03-21,financial_conditions_shift,2007-02-12,-25,0.029116112738847733
2007-03-21,financial_conditions_shift,2007-02-13,-24,0.025122694671154022
2007-03-21,financial_conditions_shift,2007-02-14,-23,0.026450855657458305
2007-03-21,financial_conditions_shift,2007-02-15,-22,0.02605784684419632
2007-03-21,financial_conditions_shift,2007-02-16,-21,0.02649504318833351
2007-03-21,financial_conditions_shift,2007-02-20,-20,0.02878836914896965
2007-03-21,financial_conditions_shift,2007-02-21,-19,0.030070841312408447
2007-03-21,financial_conditions_shift,2007-02-22,-18,0.027018211781978607
2007-03-21,financial_conditions_shift,2007-02-23,-17,0.02377893030643463
2007-03-21,financial_conditions_shift,2007-02-26,-16,0.023858433589339256
2007-03-21,financial_conditions_shift,2007-02-27,-15,0.02503967098891735
2007-03-21,financial_conditions_shift,2007-02-28,-14,0.025916632264852524
2007-03-21,financial_conditions_shift,2007-03-01,-13,0.026916109025478363
2007-03-21,financial_conditions_shift,2007-03-02,-12,0.02689487487077713
2007-03-21,financial_conditions_shift,2007-03-05,-11,0.032032594084739685
2007-03-21,financial_conditions_shift,2007-03-06,-10,0.032557230442762375
2007-03-21,financial_conditions_shift,2007-03-07,-9,0.03638022020459175
2007-03-21,financial_conditions_shift,2007-03-08,-8,0.04550965130329132
2007-03-21,financial_conditions_shift,2007-03-09,-7,0.030778668820858
2007-03-21,financial_conditions_shift,2007-03-12,-6,0.028944050893187523
2007-03-21,financial_conditions_shift,2007-03-13,-5,0.040178682655096054
2007-03-21,financial_conditions_shift,2007-03-14,-4,0.045159172266721725
2007-03-21,financial_conditions_shift,2007-03-15,-3,0.031364887952804565
2007-03-21,financial_conditions_shift,2007-03-16,-2,0.0557880699634552
2007-03-21,financial_conditions_shift,2007-03-19,-1,0.04347442463040352
2007-03-21,financial_conditions_shift,2007-03-20,0,0.02703576348721981
2007-03-21,risk_balance_shift,2007-02-01,-32,0.02816939912736416
2007-03-21,risk_balance_shift,2007-02-02,-31,0.02913276106119156
2007-03-21,risk_balance_shift,2007-02-05,-30,0.028698168694972992
2007-03-21,risk_balance_shift,2007-02-06,-29,0.02918412908911705
2007-03-21,risk_balance_shift,2007-02-07,-28,0.029148533940315247
2007-03-21,risk_balance_shift,2007-02-08,-27,0.029097415506839752
2007-03-21,risk_balance_shift,2007-02-09,-26,0.028482764959335327
2007-03-21,risk_balance_shift,2007-02-12,-25,0.02798117697238922
2007-03-21,risk_balance_shift,2007-02-13,-24,0.028573865070939064
2007-03-21,risk_balance_shift,2007-02-14,-23,0.028597943484783173
2007-03-21,risk_balance_shift,2007-02-15,-22,0.029816748574376106
2007-03-21,risk_balance_shift,2007-02-16,-21,0.028713669627904892
2007-03-21,risk_balance_shift,2007-02-20,-20,0.029273007065057755
2007-03-21,risk_balance_shift,2007-02-21,-19,0.03005235083401203
2007-03-21,risk_balance_shift,2007-02-22,-18,0.028718963265419006
2007-03-21,risk_balance_shift,2007-02-23,-17,0.028976360335946083
2007-03-21,risk_balance_shift,2007-02-26,-16,0.030233701691031456
2007-03-21,risk_balance_shift,2007-02-27,-15,0.029994621872901917
2007-03-21,risk_balance_shift,2007-02-28,-14,0.03406335040926933
2007-03-21,risk_balance_shift,2007-03-01,-13,0.033809781074523926
2007-03-21,risk_balance_shift,2007-03-02,-12,0.030813664197921753
2007-03-21,risk_balance_shift,2007-03-05,-11,0.03137543424963951
2007-03-21,risk_balance_shift,2007-03-06,-10,0.03485947102308273
2007-03-21,risk_balance_shift,2007-03-07,-9,0.03567478433251381
2007-03-21,risk_balance_shift,2007-03-08,-8,0.033385440707206726
2007-03-21,risk_balance_shift,2007-03-09,-7,0.027221478521823883
2007-03-21,risk_balance_shift,2007-03-12,-6,0.02825644612312317
2007-03-21,risk_balance_shift,2007-03-13,-5,0.031810060143470764
2007-03-21,risk_balance_shift,2007-03-14,-4,0.03398226201534271
2007-03-21,risk_balance_shift,2007-03-15,-3,0.027177445590496063
2007-03-21,risk_balance_shift,2007-03-16,-2,0.029710683971643448
2007-03-21,risk_balance_shift,2007-03-19,-1,0.031145187094807625
2007-03-21,risk_balance_shift,2007-03-20,0,0.03386890888214111
2007-03-21,committee_dispersion,2007-02-01,-32,0.031687721610069275
2007-03-21,committee_dispersion,2007-02-02,-31,0.03288407251238823
2007-03-21,committee_dispersion,2007-02-05,-30,0.031733933836221695
2007-03-21,committee_dispersion,2007-02-06,-29,0.03220134228467941
2007-03-21,committee_dispersion,2007-02-07,-28,0.030755765736103058
2007-03-21,committee_dispersion,2007-02-08,-27,0.02974199503660202
2007-03-21,committee_dispersion,2007-02-09,-26,0.028385581448674202
2007-03-21,committee_dispersion,2007-02-12,-25,0.028035026043653488
2007-03-21,committee_dispersion,2007-02-13,-24,0.03075336664915085
2007-03-21,committee_dispersion,2007-02-14,-23,0.030023954808712006
2007-03-21,committee_dispersion,2007-02-15,-22,0.03132927045226097
2007-03-21,committee_dispersion,2007-02-16,-21,0.03002619743347168
2007-03-21,committee_dispersion,2007-02-20,-20,0.029086608439683914
2007-03-21,committee_dispersion,2007-02-21,-19,0.029992232099175453
2007-03-21,committee_dispersion,2007-02-22,-18,0.030049627646803856
2007-03-21,committee_dispersion,2007-02-23,-17,0.03222746402025223
2007-03-21,committee_dispersion,2007-02-26,-16,0.033277325332164764
2007-03-21,committee_dispersion,2007-02-27,-15,0.032947391271591187
2007-03-21,committee_dispersion,2007-02-28,-14,0.03654870763421059
2007-03-21,committee_dispersion,2007-03-01,-13,0.035667870193719864
2007-03-21,committee_dispersion,2007-03-02,-12,0.03208205848932266
2007-03-21,committee_dispersion,2007-03-05,-11,0.030305374413728714
2007-03-21,committee_dispersion,2007-03-06,-10,0.03422095626592636
2007-03-21,committee_dispersion,2007-03-07,-9,0.03153045475482941
2007-03-21,committee_dispersion,2007-03-08,-8,0.02728407457470894
2007-03-21,committee_dispersion,2007-03-09,-7,0.026681244373321533
2007-03-21,committee_dispersion,2007-03-12,-6,0.02848755195736885
2007-03-21,committee_dispersion,2007-03-13,-5,0.02784622833132744
2007-03-21,committee_dispersion,2007-03-14,-4,0.02652156539261341
2007-03-21,committee_dispersion,2007-03-15,-3,0.026130232959985733
2007-03-21,committee_dispersion,2007-03-16,-2,0.021813135594129562
2007-03-21,committee_dispersion,2007-03-19,-1,0.024503637105226517
2007-03-21,committee_dispersion,2007-03-20,0,0.03523803502321243
2007-03-21,policy_uncertainty,2007-02-01,-32,0.02395426481962204
2007-03-21,policy_uncertainty,2007-02-02,-31,0.023268502205610275
2007-03-21,policy_uncertainty,2007-02-05,-30,0.024231702089309692
2007-03-21,policy_uncertainty,2007-02-06,-29,0.024313269183039665
2007-03-21,policy_uncertainty,2007-02-07,-28,0.026004593819379807
2007-03-21,policy_uncertainty,2007-02-08,-27,0.028368020430207253
2007-03-21,policy_uncertainty,2007-02-09,-26,0.02918119728565216
2007-03-21,policy_uncertainty,2007-02-12,-25,0.028504643589258194
2007-03-21,policy_uncertainty,2007-02-13,-24,0.025072628632187843
2007-03-21,policy_uncertainty,2007-02-14,-23,0.026328304782509804
2007-03-21,policy_uncertainty,2007-02-15,-22,0.02632839046418667
2007-03-21,policy_uncertainty,2007-02-16,-21,0.026676002889871597
2007-03-21,policy_uncertainty,2007-02-20,-20,0.029370661824941635
2007-03-21,policy_uncertainty,2007-02-21,-19,0.030362825840711594
2007-03-21,policy_uncertainty,2007-02-22,-18,0.027142181992530823
2007-03-21,policy_uncertainty,2007-02-23,-17,0.023810984566807747
2007-03-21,policy_uncertainty,2007-02-26,-16,0.02454337291419506
2007-03-21,policy_uncertainty,2007-02-27,-15,0.025263192132115364
2007-03-21,policy_uncertainty,2007-02-28,-14,0.027019530534744263
2007-03-21,policy_uncertainty,2007-03-01,-13,0.02775842882692814
2007-03-21,policy_uncertainty,2007-03-02,-12,0.026811383664608
2007-03-21,policy_uncertainty,2007-03-05,-11,0.031882770359516144
2007-03-21,policy_uncertainty,2007-03-06,-10,0.03216961398720741
2007-03-21,policy_uncertainty,2007-03-07,-9,0.03675723820924759
2007-03-21,policy_uncertainty,2007-03-08,-8,0.04413268715143204
2007-03-21,policy_uncertainty,2007-03-09,-7,0.02987425960600376
2007-03-21,policy_uncertainty,2007-03-12,-6,0.028777027502655983
2007-03-21,policy_uncertainty,2007-03-13,-5,0.039926640689373016
2007-03-21,policy_uncertainty,2007-03-14,-4,0.045376215130090714
2007-03-21,policy_uncertainty,2007-03-15,-3,0.031587764620780945
2007-03-21,policy_uncertainty,2007-03-16,-2,0.053744878619909286
2007-03-21,policy_uncertainty,2007-03-19,-1,0.04255916550755501
2007-03-21,policy_uncertainty,2007-03-20,0,0.028897646814584732
2007-03-21,forward_guidance_strength,2007-02-01,-32,0.02857532538473606
2007-03-21,forward_guidance_strength,2007-02-02,-31,0.02929283306002617
2007-03-21,forward_guidance_strength,2007-02-05,-30,0.02881060540676117
2007-03-21,forward_guidance_strength,2007-02-06,-29,0.02933099865913391
2007-03-21,forward_guidance_strength,2007-02-07,-28,0.029113376513123512
2007-03-21,forward_guidance_strength,2007-02-08,-27,0.029053734615445137
2007-03-21,forward_guidance_strength,2007-02-09,-26,0.028445838019251823
2007-03-21,forward_guidance_strength,2007-02-12,-25,0.027662545442581177
2007-03-21,forward_guidance_strength,2007-02-13,-24,0.028749635443091393
2007-03-21,forward_guidance_strength,2007-02-14,-23,0.02855752408504486
2007-03-21,forward_guidance_strength,2007-02-15,-22,0.02954796515405178
2007-03-21,forward_guidance_strength,2007-02-16,-21,0.02856442704796791
2007-03-21,forward_guidance_strength,2007-02-20,-20,0.02910400927066803
2007-03-21,forward_guidance_strength,2007-02-21,-19,0.030042793601751328
2007-03-21,forward_guidance_strength,2007-02-22,-18,0.02928704023361206
2007-03-21,forward_guidance_strength,2007-02-23,-17,0.02966490015387535
2007-03-21,forward_guidance_strength,2007-02-26,-16,0.031115762889385223
2007-03-21,forward_guidance_strength,2007-02-27,-15,0.030905019491910934
2007-03-21,forward_guidance_strength,2007-02-28,-14,0.03594811633229256
2007-03-21,forward_guidance_strength,2007-03-01,-13,0.03578861430287361
2007-03-21,forward_guidance_strength,2007-03-02,-12,0.03236481547355652
2007-03-21,forward_guidance_strength,2007-03-05,-11,0.031990889459848404
2007-03-21,forward_guidance_strength,2007-03-06,-10,0.036302343010902405
2007-03-21,forward_guidance_strength,2007-03-07,-9,0.03579234704375267
2007-03-21,forward_guidance_strength,2007-03-08,-8,0.03216134384274483
2007-03-21,forward_guidance_strength,2007-03-09,-7,0.026637207716703415
2007-03-21,forward_guidance_strength,2007-03-12,-6,0.028198476880788803
2007-03-21,forward_guidance_strength,2007-03-13,-5,0.030454952269792557
2007-03-21,forward_guidance_strength,2007-03-14,-4,0.03174278512597084
2007-03-21,forward_guidance_strength,2007-03-15,-3,0.026904411613941193
2007-03-21,forward_guidance_strength,2007-03-16,-2,0.027332577854394913
2007-03-21,forward_guidance_strength,2007-03-19,-1,0.02841315045952797
2007-03-21,forward_guidance_strength,2007-03-20,0,0.03414362668991089
2007-05-09,rate_decision,2007-03-22,-33,0.02154131606221199
2007-05-09,rate_decision,2007-03-23,-32,0.025303831323981285
2007-05-09,rate_decision,2007-03-26,-31,0.026724783703684807
2007-05-09,rate_decision,2007-03-27,-30,0.029956690967082977
2007-05-09,rate_decision,2007-03-28,-29,0.030095938593149185
2007-05-09,rate_decision,2007-03-29,-28,0.03003985434770584
2007-05-09,rate_decision,2007-03-30,-27,0.031543225049972534
2007-05-09,rate_decision,2007-04-02,-26,0.031238902360200882
2007-05-09,rate_decision,2007-04-03,-25,0.029523294419050217
2007-05-09,rate_decision,2007-04-04,-24,0.03013303317129612
2007-05-09,rate_decision,2007-04-05,-23,0.03089483454823494
2007-05-09,rate_decision,2007-04-06,-22,0.03093668632209301
2007-05-09,rate_decision,2007-04-09,-21,0.02912178821861744
2007-05-09,rate_decision,2007-04-10,-20,0.03011941723525524
2007-05-09,rate_decision,2007-04-11,-19,0.03033287078142166
2007-05-09,rate_decision,2007-04-12,-18,0.03062443807721138
2007-05-09,rate_decision,2007-04-13,-17,0.030813898891210556
2007-05-09,rate_decision,2007-04-16,-16,0.029872147366404533
2007-05-09,rate_decision,2007-04-17,-15,0.028956718742847443
2007-05-09,rate_decision,2007-04-18,-14,0.029165957123041153
2007-05-09,rate_decision,2007-04-19,-13,0.02908693067729473
2007-05-09,rate_decision,2007-04-20,-12,0.0283871628344059
2007-05-09,rate_decision,2007-04-23,-11,0.027993325144052505
2007-05-09,rate_decision,2007-04-24,-10,0.02820051647722721
2007-05-09,rate_decision,2007-04-25,-9,0.029180191457271576
2007-05-09,rate_decision,2007-04-26,-8,0.029920104891061783
2007-05-09,rate_decision,2007-04-27,-7,0.028113413602113724
2007-05-09,rate_decision,2007-04-30,-6,0.029142329469323158
2007-05-09,rate_decision,2007-05-01,-5,0.029974067583680153
2007-05-09,rate_decision,2007-05-02,-4,0.03191317990422249
2007-05-09,rate_decision,2007-05-03,-3,0.03070332109928131
2007-05-09,rate_decision,2007-05-04,-2,0.029980255290865898
2007-05-09,rate_decision,2007-05-07,-1,0.03075731359422207
2007-05-09,rate_decision,2007-05-08,0,0.02970825508236885
2007-05-09,current_policy_stance,2007-03-22,-33,0.062337081879377365
2007-05-09,current_policy_stance,2007-03-23,-32,0.032206084579229355
2007-05-09,current_policy_stance,2007-03-26,-31,0.036380618810653687
2007-05-09,current_policy_stance,2007-03-27,-30,0.03787112981081009
2007-05-09,current_policy_stance,2007-03-28,-29,0.031179318204522133
2007-05-09,current_policy_stance,2007-03-29,-28,0.028771206736564636
2007-05-09,current_policy_stance,2007-03-30,-27,0.030422678217291832
2007-05-09,current_policy_stance,2007-04-02,-26,0.030205514281988144
2007-05-09,current_policy_stance,2007-04-03,-25,0.0308342557400465
2007-05-09,current_policy_stance,2007-04-04,-24,0.031930144876241684
2007-05-09,current_policy_stance,2007-04-05,-23,0.03257753700017929
2007-05-09,current_policy_stance,2007-04-06,-22,0.028489714488387108
2007-05-09,current_policy_stance,2007-04-09,-21,0.027920816093683243
2007-05-09,current_policy_stance,2007-04-10,-20,0.02912377566099167
2007-05-09,current_policy_stance,2007-04-11,-19,0.027398083359003067
2007-05-09,current_policy_stance,2007-04-12,-18,0.025338128209114075
2007-05-09,current_policy_stance,2007-04-13,-17,0.02449016273021698
2007-05-09,current_policy_stance,2007-04-16,-16,0.02290249615907669
2007-05-09,current_policy_stance,2007-04-17,-15,0.02307087928056717
2007-05-09,current_policy_stance,2007-04-18,-14,0.024836547672748566
2007-05-09,current_policy_stance,2007-04-19,-13,0.025233028456568718
2007-05-09,current_policy_stance,2007-04-20,-12,0.025379659608006477
2007-05-09,current_policy_stance,2007-04-23,-11,0.027414212003350258
2007-05-09,current_policy_stance,2007-04-24,-10,0.031271450221538544
2007-05-09,current_policy_stance,2007-04-25,-9,0.031534675508737564
2007-05-09,current_policy_stance,2007-04-26,-8,0.028212761506438255
2007-05-09,current_policy_stance,2007-04-27,-7,0.02720213122665882
2007-05-09,current_policy_stance,2007-04-30,-6,0.028120195493102074
2007-05-09,current_policy_stance,2007-05-01,-5,0.02934011071920395
2007-05-09,current_policy_stance,2007-05-02,-4,0.02875618264079094
2007-05-09,current_policy_stance,2007-05-03,-3,0.025504551827907562
2007-05-09,current_policy_stance,2007-05-04,-2,0.026676615700125694
2007-05-09,current_policy_stance,2007-05-07,-1,0.025104165077209473
2007-05-09,current_policy_stance,2007-05-08,0,0.021964088082313538
2007-05-09,policy_stance_shift,2007-03-22,-33,0.0354633554816246
2007-05-09,policy_stance_shift,2007-03-23,-32,0.027308758348226547
2007-05-09,policy_stance_shift,2007-03-26,-31,0.028508493676781654
2007-05-09,policy_stance_shift,2007-03-27,-30,0.032850392162799835
2007-05-09,policy_stance_shift,2007-03-28,-29,0.0339183583855629
2007-05-09,policy_stance_shift,2007-03-29,-28,0.03007112443447113
2007-05-09,policy_stance_shift,2007-03-30,-27,0.03291052207350731
2007-05-09,policy_stance_shift,2007-04-02,-26,0.030280236154794693
2007-05-09,policy_stance_shift,2007-04-03,-25,0.029562409967184067
2007-05-09,policy_stance_shift,2007-04-04,-24,0.03029606305062771
2007-05-09,policy_stance_shift,2007-04-05,-23,0.03030560538172722
2007-05-09,policy_stance_shift,2007-04-06,-22,0.027724724262952805
2007-05-09,policy_stance_shift,2007-04-09,-21,0.027261577546596527
2007-05-09,policy_stance_shift,2007-04-10,-20,0.028069764375686646
2007-05-09,policy_stance_shift,2007-04-11,-19,0.029021278023719788
2007-05-09,policy_stance_shift,2007-04-12,-18,0.028559286147356033
2007-05-09,policy_stance_shift,2007-04-13,-17,0.0288842860609293
2007-05-09,policy_stance_shift,2007-04-16,-16,0.027257774025201797
2007-05-09,policy_stance_shift,2007-04-17,-15,0.028165096417069435
2007-05-09,policy_stance_shift,2007-04-18,-14,0.02992294356226921
2007-05-09,policy_stance_shift,2007-04-19,-13,0.030656926333904266
2007-05-09,policy_stance_shift,2007-04-20,-12,0.02854667790234089
2007-05-09,policy_stance_shift,2007-04-23,-11,0.029330305755138397
2007-05-09,policy_stance_shift,2007-04-24,-10,0.030234456062316895
2007-05-09,policy_stance_shift,2007-04-25,-9,0.029827138409018517
2007-05-09,policy_stance_shift,2007-04-26,-8,0.027817729860544205
2007-05-09,policy_stance_shift,2007-04-27,-7,0.028438301756978035
2007-05-09,policy_stance_shift,2007-04-30,-6,0.028089314699172974
2007-05-09,policy_stance_shift,2007-05-01,-5,0.028906894847750664
2007-05-09,policy_stance_shift,2007-05-02,-4,0.027547582983970642
2007-05-09,policy_stance_shift,2007-05-03,-3,0.027616705745458603
2007-05-09,policy_stance_shift,2007-05-04,-2,0.027505675330758095
2007-05-09,policy_stance_shift,2007-05-07,-1,0.029082557186484337
2007-05-09,policy_stance_shift,2007-05-08,0,0.0300576314330101
2007-05-09,expected_rate_path_shift,2007-03-22,-33,0.03661751747131348
2007-05-09,expected_rate_path_shift,2007-03-23,-32,0.02709522470831871
2007-05-09,expected_rate_path_shift,2007-03-26,-31,0.029949123039841652
2007-05-09,expected_rate_path_shift,2007-03-27,-30,0.03461446613073349
2007-05-09,expected_rate_path_shift,2007-03-28,-29,0.03466929495334625
2007-05-09,expected_rate_path_shift,2007-03-29,-28,0.03018171712756157
2007-05-09,expected_rate_path_shift,2007-03-30,-27,0.0329594761133194
2007-05-09,expected_rate_path_shift,2007-04-02,-26,0.030748313292860985
2007-05-09,expected_rate_path_shift,2007-04-03,-25,0.029783092439174652
2007-05-09,expected_rate_path_shift,2007-04-04,-24,0.030854444950819016
2007-05-09,expected_rate_path_shift,2007-04-05,-23,0.03106115758419037
2007-05-09,expected_rate_path_shift,2007-04-06,-22,0.027287397533655167
2007-05-09,expected_rate_path_shift,2007-04-09,-21,0.027171555906534195
2007-05-09,expected_rate_path_shift,2007-04-10,-20,0.02831779420375824
2007-05-09,expected_rate_path_shift,2007-04-11,-19,0.02855852246284485
2007-05-09,expected_rate_path_shift,2007-04-12,-18,0.02776964381337166
2007-05-09,expected_rate_path_shift,2007-04-13,-17,0.027593271806836128
2007-05-09,expected_rate_path_shift,2007-04-16,-16,0.0257590189576149
2007-05-09,expected_rate_path_shift,2007-04-17,-15,0.02702953852713108
2007-05-09,expected_rate_path_shift,2007-04-18,-14,0.029345640912652016
2007-05-09,expected_rate_path_shift,2007-04-19,-13,0.03038022667169571
2007-05-09,expected_rate_path_shift,2007-04-20,-12,0.028335805982351303
2007-05-09,expected_rate_path_shift,2007-04-23,-11,0.02959335781633854
2007-05-09,expected_rate_path_shift,2007-04-24,-10,0.03146052360534668
2007-05-09,expected_rate_path_shift,2007-04-25,-9,0.031213143840432167
2007-05-09,expected_rate_path_shift,2007-04-26,-8,0.027851011604070663
2007-05-09,expected_rate_path_shift,2007-04-27,-7,0.028074847534298897
2007-05-09,expected_rate_path_shift,2007-04-30,-6,0.028183594346046448
2007-05-09,expected_rate_path_shift,2007-05-01,-5,0.02940450981259346
2007-05-09,expected_rate_path_shift,2007-05-02,-4,0.02748951129615307
2007-05-09,expected_rate_path_shift,2007-05-03,-3,0.026906967163085938
2007-05-09,expected_rate_path_shift,2007-05-04,-2,0.02708842046558857
2007-05-09,expected_rate_path_shift,2007-05-07,-1,0.02855491079390049
2007-05-09,expected_rate_path_shift,2007-05-08,0,0.028096936643123627
2007-05-09,inflation_assessment_shift,2007-03-22,-33,0.04367920011281967
2007-05-09,inflation_assessment_shift,2007-03-23,-32,0.028721068054437637
2007-05-09,inflation_assessment_shift,2007-03-26,-31,0.03145277872681618
2007-05-09,inflation_assessment_shift,2007-03-27,-30,0.03552528843283653
2007-05-09,inflation_assessment_shift,2007-03-28,-29,0.03355390205979347
2007-05-09,inflation_assessment_shift,2007-03-29,-28,0.030125582590699196
2007-05-09,inflation_assessment_shift,2007-03-30,-27,0.03227965533733368
2007-05-09,inflation_assessment_shift,2007-04-02,-26,0.03049105778336525
2007-05-09,inflation_assessment_shift,2007-04-03,-25,0.030243895947933197
2007-05-09,inflation_assessment_shift,2007-04-04,-24,0.031489863991737366
2007-05-09,inflation_assessment_shift,2007-04-05,-23,0.031771935522556305
2007-05-09,inflation_assessment_shift,2007-04-06,-22,0.027990534901618958
2007-05-09,inflation_assessment_shift,2007-04-09,-21,0.027623068541288376
2007-05-09,inflation_assessment_shift,2007-04-10,-20,0.028675751760601997
2007-05-09,inflation_assessment_shift,2007-04-11,-19,0.028351234272122383
2007-05-09,inflation_assessment_shift,2007-04-12,-18,0.027375299483537674
2007-05-09,inflation_assessment_shift,2007-04-13,-17,0.02709318697452545
2007-05-09,inflation_assessment_shift,2007-04-16,-16,0.025491682812571526
2007-05-09,inflation_assessment_shift,2007-04-17,-15,0.02616143226623535
2007-05-09,inflation_assessment_shift,2007-04-18,-14,0.02805827185511589
2007-05-09,inflation_assessment_shift,2007-04-19,-13,0.028732500970363617
2007-05-09,inflation_assessment_shift,2007-04-20,-12,0.027388814836740494
2007-05-09,inflation_assessment_shift,2007-04-23,-11,0.02878645621240139
2007-05-09,inflation_assessment_shift,2007-04-24,-10,0.0307901743799448
2007-05-09,inflation_assessment_shift,2007-04-25,-9,0.030749648809432983
2007-05-09,inflation_assessment_shift,2007-04-26,-8,0.02814871072769165
2007-05-09,inflation_assessment_shift,2007-04-27,-7,0.028112269937992096
2007-05-09,inflation_assessment_shift,2007-04-30,-6,0.028347983956336975
2007-05-09,inflation_assessment_shift,2007-05-01,-5,0.028802309185266495
2007-05-09,inflation_assessment_shift,2007-05-02,-4,0.02756097912788391
2007-05-09,inflation_assessment_shift,2007-05-03,-3,0.02618243172764778
2007-05-09,inflation_assessment_shift,2007-05-04,-2,0.026857813820242882
2007-05-09,inflation_assessment_shift,2007-05-07,-1,0.027212001383304596
2007-05-09,inflation_assessment_shift,2007-05-08,0,0.026173217222094536
2007-05-09,inflation_risk_shift,2007-03-22,-33,0.03908812254667282
2007-05-09,inflation_risk_shift,2007-03-23,-32,0.02769710123538971
2007-05-09,inflation_risk_shift,2007-03-26,-31,0.029911383986473083
2007-05-09,inflation_risk_shift,2007-03-27,-30,0.03365068882703781
2007-05-09,inflation_risk_shift,2007-03-28,-29,0.033789679408073425
2007-05-09,inflation_risk_shift,2007-03-29,-28,0.030450809746980667
2007-05-09,inflation_risk_shift,2007-03-30,-27,0.03256855905056
2007-05-09,inflation_risk_shift,2007-04-02,-26,0.03065785951912403
2007-05-09,inflation_risk_shift,2007-04-03,-25,0.030376505106687546
2007-05-09,inflation_risk_shift,2007-04-04,-24,0.03078984096646309
2007-05-09,inflation_risk_shift,2007-04-05,-23,0.03128470107913017
2007-05-09,inflation_risk_shift,2007-04-06,-22,0.02781505696475506
2007-05-09,inflation_risk_shift,2007-04-09,-21,0.027452033013105392
2007-05-09,inflation_risk_shift,2007-04-10,-20,0.02853458933532238
2007-05-09,inflation_risk_shift,2007-04-11,-19,0.02888984978199005
2007-05-09,inflation_risk_shift,2007-04-12,-18,0.0280956719070673
2007-05-09,inflation_risk_shift,2007-04-13,-17,0.028059475123882294
2007-05-09,inflation_risk_shift,2007-04-16,-16,0.026334261521697044
2007-05-09,inflation_risk_shift,2007-04-17,-15,0.027197392657399178
2007-05-09,inflation_risk_shift,2007-04-18,-14,0.028928447514772415
2007-05-09,inflation_risk_shift,2007-04-19,-13,0.029517395421862602
2007-05-09,inflation_risk_shift,2007-04-20,-12,0.02795899100601673
2007-05-09,inflation_risk_shift,2007-04-23,-11,0.02893051877617836
2007-05-09,inflation_risk_shift,2007-04-24,-10,0.030246376991271973
2007-05-09,inflation_risk_shift,2007-04-25,-9,0.029833272099494934
2007-05-09,inflation_risk_shift,2007-04-26,-8,0.027852863073349
2007-05-09,inflation_risk_shift,2007-04-27,-7,0.028149042278528214
2007-05-09,inflation_risk_shift,2007-04-30,-6,0.028220761567354202
2007-05-09,inflation_risk_shift,2007-05-01,-5,0.028738906607031822
2007-05-09,inflation_risk_shift,2007-05-02,-4,0.02750447951257229
2007-05-09,inflation_risk_shift,2007-05-03,-3,0.02684120461344719
2007-05-09,inflation_risk_shift,2007-05-04,-2,0.027314940467476845
2007-05-09,inflation_risk_shift,2007-05-07,-1,0.028426505625247955
2007-05-09,inflation_risk_shift,2007-05-08,0,0.028892749920487404
2007-05-09,unemployment_assessment_shift,2007-03-22,-33,0.02812591753900051
2007-05-09,unemployment_assessment_shift,2007-03-23,-32,0.02616332471370697
2007-05-09,unemployment_assessment_shift,2007-03-26,-31,0.02642037160694599
2007-05-09,unemployment_assessment_shift,2007-03-27,-30,0.029393445700407028
2007-05-09,unemployment_assessment_shift,2007-03-28,-29,0.03261459246277809
2007-05-09,unemployment_assessment_shift,2007-03-29,-28,0.029923148453235626
2007-05-09,unemployment_assessment_shift,2007-03-30,-27,0.031871549785137177
2007-05-09,unemployment_assessment_shift,2007-04-02,-26,0.029398880898952484
2007-05-09,unemployment_assessment_shift,2007-04-03,-25,0.028249863535165787
2007-05-09,unemployment_assessment_shift,2007-04-04,-24,0.02917005866765976
2007-05-09,unemployment_assessment_shift,2007-04-05,-23,0.02884518727660179
2007-05-09,unemployment_assessment_shift,2007-04-06,-22,0.02724318392574787
2007-05-09,unemployment_assessment_shift,2007-04-09,-21,0.027257170528173447
2007-05-09,unemployment_assessment_shift,2007-04-10,-20,0.027901995927095413
2007-05-09,unemployment_assessment_shift,2007-04-11,-19,0.029070407152175903
2007-05-09,unemployment_assessment_shift,2007-04-12,-18,0.029553517699241638
2007-05-09,unemployment_assessment_shift,2007-04-13,-17,0.030516857281327248
2007-05-09,unemployment_assessment_shift,2007-04-16,-16,0.02962057664990425
2007-05-09,unemployment_assessment_shift,2007-04-17,-15,0.030902337282896042
2007-05-09,unemployment_assessment_shift,2007-04-18,-14,0.032551106065511703
2007-05-09,unemployment_assessment_shift,2007-04-19,-13,0.03315601125359535
2007-05-09,unemployment_assessment_shift,2007-04-20,-12,0.030439570546150208
2007-05-09,unemployment_assessment_shift,2007-04-23,-11,0.030286069959402084
2007-05-09,unemployment_assessment_shift,2007-04-24,-10,0.030010245740413666
2007-05-09,unemployment_assessment_shift,2007-04-25,-9,0.029505107551813126
2007-05-09,unemployment_assessment_shift,2007-04-26,-8,0.028232865035533905
2007-05-09,unemployment_assessment_shift,2007-04-27,-7,0.02911187894642353
2007-05-09,unemployment_assessment_shift,2007-04-30,-6,0.028493743389844894
2007-05-09,unemployment_assessment_shift,2007-05-01,-5,0.028831185773015022
2007-05-09,unemployment_assessment_shift,2007-05-02,-4,0.02730470336973667
2007-05-09,unemployment_assessment_shift,2007-05-03,-3,0.028584126383066177
2007-05-09,unemployment_assessment_shift,2007-05-04,-2,0.028119001537561417
2007-05-09,unemployment_assessment_shift,2007-05-07,-1,0.03078610450029373
2007-05-09,unemployment_assessment_shift,2007-05-08,0,0.03234591707587242
2007-05-09,labor_market_risk_shift,2007-03-22,-33,0.03151349350810051
2007-05-09,labor_market_risk_shift,2007-03-23,-32,0.02592458203434944
2007-05-09,labor_market_risk_shift,2007-03-26,-31,0.026977663859725
2007-05-09,labor_market_risk_shift,2007-03-27,-30,0.030955780297517776
2007-05-09,labor_market_risk_shift,2007-03-28,-29,0.03332005441188812
2007-05-09,labor_market_risk_shift,2007-03-29,-28,0.030181914567947388
2007-05-09,labor_market_risk_shift,2007-03-30,-27,0.03242817893624306
2007-05-09,labor_market_risk_shift,2007-04-02,-26,0.029902666807174683
2007-05-09,labor_market_risk_shift,2007-04-03,-25,0.028638014569878578
2007-05-09,labor_market_risk_shift,2007-04-04,-24,0.02954861894249916
2007-05-09,labor_market_risk_shift,2007-04-05,-23,0.029526369646191597
2007-05-09,labor_market_risk_shift,2007-04-06,-22,0.02764260768890381
2007-05-09,labor_market_risk_shift,2007-04-09,-21,0.0271918885409832
2007-05-09,labor_market_risk_shift,2007-04-10,-20,0.02785496786236763
2007-05-09,labor_market_risk_shift,2007-04-11,-19,0.028942150995135307
2007-05-09,labor_market_risk_shift,2007-04-12,-18,0.029120592400431633
2007-05-09,labor_market_risk_shift,2007-04-13,-17,0.029756123200058937
2007-05-09,labor_market_risk_shift,2007-04-16,-16,0.028474662452936172
2007-05-09,labor_market_risk_shift,2007-04-17,-15,0.029487598687410355
2007-05-09,labor_market_risk_shift,2007-04-18,-14,0.03131607919931412
2007-05-09,labor_market_risk_shift,2007-04-19,-13,0.03226722776889801
2007-05-09,labor_market_risk_shift,2007-04-20,-12,0.029676178470253944
2007-05-09,labor_market_risk_shift,2007-04-23,-11,0.02986454963684082
2007-05-09,labor_market_risk_shift,2007-04-24,-10,0.030120082199573517
2007-05-09,labor_market_risk_shift,2007-04-25,-9,0.030071454122662544
2007-05-09,labor_market_risk_shift,2007-04-26,-8,0.028445862233638763
2007-05-09,labor_market_risk_shift,2007-04-27,-7,0.02869042567908764
2007-05-09,labor_market_risk_shift,2007-04-30,-6,0.028147105127573013
2007-05-09,labor_market_risk_shift,2007-05-01,-5,0.029089992865920067
2007-05-09,labor_market_risk_shift,2007-05-02,-4,0.027670815587043762
2007-05-09,labor_market_risk_shift,2007-05-03,-3,0.028405319899320602
2007-05-09,labor_market_risk_shift,2007-05-04,-2,0.027704868465662003
2007-05-09,labor_market_risk_shift,2007-05-07,-1,0.030202535912394524
2007-05-09,labor_market_risk_shift,2007-05-08,0,0.03093957155942917
2007-05-09,growth_activity_shift,2007-03-22,-33,0.03048085793852806
2007-05-09,growth_activity_shift,2007-03-23,-32,0.0261235348880291
2007-05-09,growth_activity_shift,2007-03-26,-31,0.027478249743580818
2007-05-09,growth_activity_shift,2007-03-27,-30,0.030849870294332504
2007-05-09,growth_activity_shift,2007-03-28,-29,0.033432282507419586
2007-05-09,growth_activity_shift,2007-03-29,-28,0.030165188014507294
2007-05-09,growth_activity_shift,2007-03-30,-27,0.03253510594367981
2007-05-09,growth_activity_shift,2007-04-02,-26,0.030020393431186676
2007-05-09,growth_activity_shift,2007-04-03,-25,0.028713691979646683
2007-05-09,growth_activity_shift,2007-04-04,-24,0.02984531968832016
2007-05-09,growth_activity_shift,2007-04-05,-23,0.029947903007268906
2007-05-09,growth_activity_shift,2007-04-06,-22,0.02752712368965149
2007-05-09,growth_activity_shift,2007-04-09,-21,0.027520600706338882
2007-05-09,growth_activity_shift,2007-04-10,-20,0.028065267950296402
2007-05-09,growth_activity_shift,2007-04-11,-19,0.02900141477584839
2007-05-09,growth_activity_shift,2007-04-12,-18,0.029288241639733315
2007-05-09,growth_activity_shift,2007-04-13,-17,0.029670456424355507
2007-05-09,growth_activity_shift,2007-04-16,-16,0.02841966226696968
2007-05-09,growth_activity_shift,2007-04-17,-15,0.02948838472366333
2007-05-09,growth_activity_shift,2007-04-18,-14,0.031027214601635933
2007-05-09,growth_activity_shift,2007-04-19,-13,0.03167225047945976
2007-05-09,growth_activity_shift,2007-04-20,-12,0.029327034950256348
2007-05-09,growth_activity_shift,2007-04-23,-11,0.029689650982618332
2007-05-09,growth_activity_shift,2007-04-24,-10,0.02988799288868904
2007-05-09,growth_activity_shift,2007-04-25,-9,0.02964858151972294
2007-05-09,growth_activity_shift,2007-04-26,-8,0.028242044150829315
2007-05-09,growth_activity_shift,2007-04-27,-7,0.028876133263111115
2007-05-09,growth_activity_shift,2007-04-30,-6,0.02850695513188839
2007-05-09,growth_activity_shift,2007-05-01,-5,0.02886507660150528
2007-05-09,growth_activity_shift,2007-05-02,-4,0.02773827314376831
2007-05-09,growth_activity_shift,2007-05-03,-3,0.028217844665050507
2007-05-09,growth_activity_shift,2007-05-04,-2,0.028084799647331238
2007-05-09,growth_activity_shift,2007-05-07,-1,0.030203798785805702
2007-05-09,growth_activity_shift,2007-05-08,0,0.03143874555826187
2007-05-09,financial_conditions_shift,2007-03-22,-33,0.028825122863054276
2007-05-09,financial_conditions_shift,2007-03-23,-32,0.025580786168575287
2007-05-09,financial_conditions_shift,2007-03-26,-31,0.026408905163407326
2007-05-09,financial_conditions_shift,2007-03-27,-30,0.029899507761001587
2007-05-09,financial_conditions_shift,2007-03-28,-29,0.032768119126558304
2007-05-09,financial_conditions_shift,2007-03-29,-28,0.03013533726334572
2007-05-09,financial_conditions_shift,2007-03-30,-27,0.03232757747173309
2007-05-09,financial_conditions_shift,2007-04-02,-26,0.029791466891765594
2007-05-09,financial_conditions_shift,2007-04-03,-25,0.028756553307175636
2007-05-09,financial_conditions_shift,2007-04-04,-24,0.02928934060037136
2007-05-09,financial_conditions_shift,2007-04-05,-23,0.029306232929229736
2007-05-09,financial_conditions_shift,2007-04-06,-22,0.027905862778425217
2007-05-09,financial_conditions_shift,2007-04-09,-21,0.02733919955790043
2007-05-09,financial_conditions_shift,2007-04-10,-20,0.028015252202749252
2007-05-09,financial_conditions_shift,2007-04-11,-19,0.02929164469242096
2007-05-09,financial_conditions_shift,2007-04-12,-18,0.02954237535595894
2007-05-09,financial_conditions_shift,2007-04-13,-17,0.030308600515127182
2007-05-09,financial_conditions_shift,2007-04-16,-16,0.029250124469399452
2007-05-09,financial_conditions_shift,2007-04-17,-15,0.030067265033721924
2007-05-09,financial_conditions_shift,2007-04-18,-14,0.03163452818989754
2007-05-09,financial_conditions_shift,2007-04-19,-13,0.032470427453517914
2007-05-09,financial_conditions_shift,2007-04-20,-12,0.02999853901565075
2007-05-09,financial_conditions_shift,2007-04-23,-11,0.02987769804894924
2007-05-09,financial_conditions_shift,2007-04-24,-10,0.029843784868717194
2007-05-09,financial_conditions_shift,2007-04-25,-9,0.029530078172683716
2007-05-09,financial_conditions_shift,2007-04-26,-8,0.028633520007133484
2007-05-09,financial_conditions_shift,2007-04-27,-7,0.028802432119846344
2007-05-09,financial_conditions_shift,2007-04-30,-6,0.02838483452796936
2007-05-09,financial_conditions_shift,2007-05-01,-5,0.029046587646007538
2007-05-09,financial_conditions_shift,2007-05-02,-4,0.02781342715024948
2007-05-09,financial_conditions_shift,2007-05-03,-3,0.028636915609240532
2007-05-09,financial_conditions_shift,2007-05-04,-2,0.028090747073292732
2007-05-09,financial_conditions_shift,2007-05-07,-1,0.03068470023572445
2007-05-09,financial_conditions_shift,2007-05-08,0,0.03174252435564995
2007-05-09,risk_balance_shift,2007-03-22,-33,0.05430156737565994
2007-05-09,risk_balance_shift,2007-03-23,-32,0.030903486534953117
2007-05-09,risk_balance_shift,2007-03-26,-31,0.03452432155609131
2007-05-09,risk_balance_shift,2007-03-27,-30,0.03718745335936546
2007-05-09,risk_balance_shift,2007-03-28,-29,0.03258403018116951
2007-05-09,risk_balance_shift,2007-03-29,-28,0.02963838167488575
2007-05-09,risk_balance_shift,2007-03-30,-27,0.03146978095173836
2007-05-09,risk_balance_shift,2007-04-02,-26,0.031051328405737877
2007-05-09,risk_balance_shift,2007-04-03,-25,0.03162114694714546
2007-05-09,risk_balance_shift,2007-04-04,-24,0.0326242670416832
2007-05-09,risk_balance_shift,2007-04-05,-23,0.03281313180923462
2007-05-09,risk_balance_shift,2007-04-06,-22,0.02833680808544159
2007-05-09,risk_balance_shift,2007-04-09,-21,0.028227929025888443
2007-05-09,risk_balance_shift,2007-04-10,-20,0.029720693826675415
2007-05-09,risk_balance_shift,2007-04-11,-19,0.028358804062008858
2007-05-09,risk_balance_shift,2007-04-12,-18,0.026258688420057297
2007-05-09,risk_balance_shift,2007-04-13,-17,0.025333398953080177
2007-05-09,risk_balance_shift,2007-04-16,-16,0.023588787764310837
2007-05-09,risk_balance_shift,2007-04-17,-15,0.023774176836013794
2007-05-09,risk_balance_shift,2007-04-18,-14,0.025314833968877792
2007-05-09,risk_balance_shift,2007-04-19,-13,0.025928542017936707
2007-05-09,risk_balance_shift,2007-04-20,-12,0.02574124187231064
2007-05-09,risk_balance_shift,2007-04-23,-11,0.027447205036878586
2007-05-09,risk_balance_shift,2007-04-24,-10,0.03066112846136093
2007-05-09,risk_balance_shift,2007-04-25,-9,0.030661948025226593
2007-05-09,risk_balance_shift,2007-04-26,-8,0.027586523443460464
2007-05-09,risk_balance_shift,2007-04-27,-7,0.027173614129424095
2007-05-09,risk_balance_shift,2007-04-30,-6,0.02794235199689865
2007-05-09,risk_balance_shift,2007-05-01,-5,0.028915252536535263
2007-05-09,risk_balance_shift,2007-05-02,-4,0.02833959273993969
2007-05-09,risk_balance_shift,2007-05-03,-3,0.02548421174287796
2007-05-09,risk_balance_shift,2007-05-04,-2,0.026866339147090912
2007-05-09,risk_balance_shift,2007-05-07,-1,0.0259100291877985
2007-05-09,risk_balance_shift,2007-05-08,0,0.023708995431661606
2007-05-09,committee_dispersion,2007-03-22,-33,0.03166644275188446
2007-05-09,committee_dispersion,2007-03-23,-32,0.026340678334236145
2007-05-09,committee_dispersion,2007-03-26,-31,0.027508925646543503
2007-05-09,committee_dispersion,2007-03-27,-30,0.030783966183662415
2007-05-09,committee_dispersion,2007-03-28,-29,0.03330383822321892
2007-05-09,committee_dispersion,2007-03-29,-28,0.03021426685154438
2007-05-09,committee_dispersion,2007-03-30,-27,0.032398566603660583
2007-05-09,committee_dispersion,2007-04-02,-26,0.030083637684583664
2007-05-09,committee_dispersion,2007-04-03,-25,0.028617067262530327
2007-05-09,committee_dispersion,2007-04-04,-24,0.029504524543881416
2007-05-09,committee_dispersion,2007-04-05,-23,0.02976433001458645
2007-05-09,committee_dispersion,2007-04-06,-22,0.027662672102451324
2007-05-09,committee_dispersion,2007-04-09,-21,0.027214879170060158
2007-05-09,committee_dispersion,2007-04-10,-20,0.027998313307762146
2007-05-09,committee_dispersion,2007-04-11,-19,0.029140569269657135
2007-05-09,committee_dispersion,2007-04-12,-18,0.02929754927754402
2007-05-09,committee_dispersion,2007-04-13,-17,0.02964688651263714
2007-05-09,committee_dispersion,2007-04-16,-16,0.02838956005871296
2007-05-09,committee_dispersion,2007-04-17,-15,0.029359012842178345
2007-05-09,committee_dispersion,2007-04-18,-14,0.03095753863453865
2007-05-09,committee_dispersion,2007-04-19,-13,0.03170106187462807
2007-05-09,committee_dispersion,2007-04-20,-12,0.029383370652794838
2007-05-09,committee_dispersion,2007-04-23,-11,0.02957015298306942
2007-05-09,committee_dispersion,2007-04-24,-10,0.029889695346355438
2007-05-09,committee_dispersion,2007-04-25,-9,0.02970869094133377
2007-05-09,committee_dispersion,2007-04-26,-8,0.028344323858618736
2007-05-09,committee_dispersion,2007-04-27,-7,0.028586331754922867
2007-05-09,committee_dispersion,2007-04-30,-6,0.028352638706564903
2007-05-09,committee_dispersion,2007-05-01,-5,0.028957799077033997
2007-05-09,committee_dispersion,2007-05-02,-4,0.027606254443526268
2007-05-09,committee_dispersion,2007-05-03,-3,0.028071969747543335
2007-05-09,committee_dispersion,2007-05-04,-2,0.028014134615659714
2007-05-09,committee_dispersion,2007-05-07,-1,0.03047853708267212
2007-05-09,committee_dispersion,2007-05-08,0,0.0314817801117897
2007-05-09,policy_uncertainty,2007-03-22,-33,0.056574076414108276
2007-05-09,policy_uncertainty,2007-03-23,-32,0.03258218616247177
2007-05-09,policy_uncertainty,2007-03-26,-31,0.03639770299196243
2007-05-09,policy_uncertainty,2007-03-27,-30,0.03807992488145828
2007-05-09,policy_uncertainty,2007-03-28,-29,0.032413676381111145
2007-05-09,policy_uncertainty,2007-03-29,-28,0.029600217938423157
2007-05-09,policy_uncertainty,2007-03-30,-27,0.03133596479892731
2007-05-09,policy_uncertainty,2007-04-02,-26,0.030978504568338394
2007-05-09,policy_uncertainty,2007-04-03,-25,0.031902242451906204
2007-05-09,policy_uncertainty,2007-04-04,-24,0.03283814713358879
2007-05-09,policy_uncertainty,2007-04-05,-23,0.03297656401991844
2007-05-09,policy_uncertainty,2007-04-06,-22,0.02858828380703926
2007-05-09,policy_uncertainty,2007-04-09,-21,0.02866779826581478
2007-05-09,policy_uncertainty,2007-04-10,-20,0.02975199744105339
2007-05-09,policy_uncertainty,2007-04-11,-19,0.02823234163224697
2007-05-09,policy_uncertainty,2007-04-12,-18,0.02593587338924408
2007-05-09,policy_uncertainty,2007-04-13,-17,0.024808267131447792
2007-05-09,policy_uncertainty,2007-04-16,-16,0.023246798664331436
2007-05-09,policy_uncertainty,2007-04-17,-15,0.02334069274365902
2007-05-09,policy_uncertainty,2007-04-18,-14,0.024810615926980972
2007-05-09,policy_uncertainty,2007-04-19,-13,0.025147046893835068
2007-05-09,policy_uncertainty,2007-04-20,-12,0.025305835530161858
2007-05-09,policy_uncertainty,2007-04-23,-11,0.027202319353818893
2007-05-09,policy_uncertainty,2007-04-24,-10,0.030476555228233337
2007-05-09,policy_uncertainty,2007-04-25,-9,0.03048037365078926
2007-05-09,policy_uncertainty,2007-04-26,-8,0.02732328325510025
2007-05-09,policy_uncertainty,2007-04-27,-7,0.02694895677268505
2007-05-09,policy_uncertainty,2007-04-30,-6,0.02790491096675396
2007-05-09,policy_uncertainty,2007-05-01,-5,0.028591936454176903
2007-05-09,policy_uncertainty,2007-05-02,-4,0.0282277874648571
2007-05-09,policy_uncertainty,2007-05-03,-3,0.0252474844455719
2007-05-09,policy_uncertainty,2007-05-04,-2,0.026508813723921776
2007-05-09,policy_uncertainty,2007-05-07,-1,0.024784380570054054
2007-05-09,policy_uncertainty,2007-05-08,0,0.022788437083363533
2007-05-09,forward_guidance_strength,2007-03-22,-33,0.05560008063912392
2007-05-09,forward_guidance_strength,2007-03-23,-32,0.03068285621702671
2007-05-09,forward_guidance_strength,2007-03-26,-31,0.03463390842080116
2007-05-09,forward_guidance_strength,2007-03-27,-30,0.0370509959757328
2007-05-09,forward_guidance_strength,2007-03-28,-29,0.03237106651067734
2007-05-09,forward_guidance_strength,2007-03-29,-28,0.029507339000701904
2007-05-09,forward_guidance_strength,2007-03-30,-27,0.031001467257738113
2007-05-09,forward_guidance_strength,2007-04-02,-26,0.030396776273846626
2007-05-09,forward_guidance_strength,2007-04-03,-25,0.031078821048140526
2007-05-09,forward_guidance_strength,2007-04-04,-24,0.03228546679019928
2007-05-09,forward_guidance_strength,2007-04-05,-23,0.03275272622704506
2007-05-09,forward_guidance_strength,2007-04-06,-22,0.02841288037598133
2007-05-09,forward_guidance_strength,2007-04-09,-21,0.02822749689221382
2007-05-09,forward_guidance_strength,2007-04-10,-20,0.029161127284169197
2007-05-09,forward_guidance_strength,2007-04-11,-19,0.02781209908425808
2007-05-09,forward_guidance_strength,2007-04-12,-18,0.026069017127156258
2007-05-09,forward_guidance_strength,2007-04-13,-17,0.025092409923672676
2007-05-09,forward_guidance_strength,2007-04-16,-16,0.02344229817390442
2007-05-09,forward_guidance_strength,2007-04-17,-15,0.023789996281266212
2007-05-09,forward_guidance_strength,2007-04-18,-14,0.025604885071516037
2007-05-09,forward_guidance_strength,2007-04-19,-13,0.026243967935442924
2007-05-09,forward_guidance_strength,2007-04-20,-12,0.025890618562698364
2007-05-09,forward_guidance_strength,2007-04-23,-11,0.02773943543434143
2007-05-09,forward_guidance_strength,2007-04-24,-10,0.031116846948862076
2007-05-09,forward_guidance_strength,2007-04-25,-9,0.03165346384048462
2007-05-09,forward_guidance_strength,2007-04-26,-8,0.028147907927632332
2007-05-09,forward_guidance_strength,2007-04-27,-7,0.027406087145209312
2007-05-09,forward_guidance_strength,2007-04-30,-6,0.02808709442615509
2007-05-09,forward_guidance_strength,2007-05-01,-5,0.02894909679889679
2007-05-09,forward_guidance_strength,2007-05-02,-4,0.02835063263773918
2007-05-09,forward_guidance_strength,2007-05-03,-3,0.025612512603402138
2007-05-09,forward_guidance_strength,2007-05-04,-2,0.02667037770152092
2007-05-09,forward_guidance_strength,2007-05-07,-1,0.025525355711579323
2007-05-09,forward_guidance_strength,2007-05-08,0,0.023632928729057312
2007-06-28,rate_decision,2007-05-10,-33,0.025345340371131897
2007-06-28,rate_decision,2007-05-11,-32,0.028258007019758224
2007-06-28,rate_decision,2007-05-14,-31,0.028875403106212616
2007-06-28,rate_decision,2007-05-15,-30,0.028082506731152534
2007-06-28,rate_decision,2007-05-16,-29,0.02970048040151596
2007-06-28,rate_decision,2007-05-17,-28,0.03184622526168823
2007-06-28,rate_decision,2007-05-18,-27,0.031819168478250504
2007-06-28,rate_decision,2007-05-21,-26,0.0310911163687706
2007-06-28,rate_decision,2007-05-22,-25,0.029657933861017227
2007-06-28,rate_decision,2007-05-23,-24,0.028916895389556885
2007-06-28,rate_decision,2007-05-24,-23,0.028640704229474068
2007-06-28,rate_decision,2007-05-25,-22,0.02878660149872303
2007-06-28,rate_decision,2007-05-29,-21,0.028654584661126137
2007-06-28,rate_decision,2007-05-30,-20,0.028607938438653946
2007-06-28,rate_decision,2007-05-31,-19,0.03058008663356304
2007-06-28,rate_decision,2007-06-01,-18,0.03119393065571785
2007-06-28,rate_decision,2007-06-04,-17,0.03117864765226841
2007-06-28,rate_decision,2007-06-05,-16,0.030851896852254868
2007-06-28,rate_decision,2007-06-06,-15,0.030364299193024635
2007-06-28,rate_decision,2007-06-07,-14,0.028734911233186722
2007-06-28,rate_decision,2007-06-08,-13,0.029070280492305756
2007-06-28,rate_decision,2007-06-11,-12,0.029016941785812378
2007-06-28,rate_decision,2007-06-12,-11,0.030476246029138565
2007-06-28,rate_decision,2007-06-13,-10,0.030408943071961403
2007-06-28,rate_decision,2007-06-14,-9,0.029041625559329987
2007-06-28,rate_decision,2007-06-15,-8,0.030940478667616844
2007-06-28,rate_decision,2007-06-18,-7,0.029261436313390732
2007-06-28,rate_decision,2007-06-19,-6,0.030627716332674026
2007-06-28,rate_decision,2007-06-20,-5,0.02994832582771778
2007-06-28,rate_decision,2007-06-21,-4,0.0289783738553524
2007-06-28,rate_decision,2007-06-22,-3,0.02848774380981922
2007-06-28,rate_decision,2007-06-25,-2,0.02761666476726532
2007-06-28,rate_decision,2007-06-26,-1,0.02744261920452118
2007-06-28,rate_decision,2007-06-27,0,0.027495862916111946
2007-06-28,current_policy_stance,2007-05-10,-33,0.03345244377851486
2007-06-28,current_policy_stance,2007-05-11,-32,0.03178669884800911
2007-06-28,current_policy_stance,2007-05-14,-31,0.030102454125881195
2007-06-28,current_policy_stance,2007-05-15,-30,0.030236680060625076
2007-06-28,current_policy_stance,2007-05-16,-29,0.03200715035200119
2007-06-28,current_policy_stance,2007-05-17,-28,0.030124051496386528
2007-06-28,current_policy_stance,2007-05-18,-27,0.03010200709104538
2007-06-28,current_policy_stance,2007-05-21,-26,0.0304885134100914
2007-06-28,current_policy_stance,2007-05-22,-25,0.02904127910733223
2007-06-28,current_policy_stance,2007-05-23,-24,0.02616974338889122
2007-06-28,current_policy_stance,2007-05-24,-23,0.02578224427998066
2007-06-28,current_policy_stance,2007-05-25,-22,0.02678021602332592
2007-06-28,current_policy_stance,2007-05-29,-21,0.0273655503988266
2007-06-28,current_policy_stance,2007-05-30,-20,0.029176050797104836
2007-06-28,current_policy_stance,2007-05-31,-19,0.027720589190721512
2007-06-28,current_policy_stance,2007-06-01,-18,0.0277397520840168
2007-06-28,current_policy_stance,2007-06-04,-17,0.027840502560138702
2007-06-28,current_policy_stance,2007-06-05,-16,0.029245905578136444
2007-06-28,current_policy_stance,2007-06-06,-15,0.02927025407552719
2007-06-28,current_policy_stance,2007-06-07,-14,0.029084037989377975
2007-06-28,current_policy_stance,2007-06-08,-13,0.031730957329273224
2007-06-28,current_policy_stance,2007-06-11,-12,0.03231007605791092
2007-06-28,current_policy_stance,2007-06-12,-11,0.034425247460603714
2007-06-28,current_policy_stance,2007-06-13,-10,0.030028754845261574
2007-06-28,current_policy_stance,2007-06-14,-9,0.027557577937841415
2007-06-28,current_policy_stance,2007-06-15,-8,0.026320930570364
2007-06-28,current_policy_stance,2007-06-18,-7,0.02489257976412773
2007-06-28,current_policy_stance,2007-06-19,-6,0.03008970245718956
2007-06-28,current_policy_stance,2007-06-20,-5,0.035461995750665665
2007-06-28,current_policy_stance,2007-06-21,-4,0.026085184887051582
2007-06-28,current_policy_stance,2007-06-22,-3,0.023887047544121742
2007-06-28,current_policy_stance,2007-06-25,-2,0.029359471052885056
2007-06-28,current_policy_stance,2007-06-26,-1,0.03247762471437454
2007-06-28,current_policy_stance,2007-06-27,0,0.031856704503297806
2007-06-28,policy_stance_shift,2007-05-10,-33,0.026823924854397774
2007-06-28,policy_stance_shift,2007-05-11,-32,0.027701525017619133
2007-06-28,policy_stance_shift,2007-05-14,-31,0.029334627091884613
2007-06-28,policy_stance_shift,2007-05-15,-30,0.02943592332303524
2007-06-28,policy_stance_shift,2007-05-16,-29,0.029802536591887474
2007-06-28,policy_stance_shift,2007-05-17,-28,0.02933269552886486
2007-06-28,policy_stance_shift,2007-05-18,-27,0.03146106004714966
2007-06-28,policy_stance_shift,2007-05-21,-26,0.030429545789957047
2007-06-28,policy_stance_shift,2007-05-22,-25,0.029538579285144806
2007-06-28,policy_stance_shift,2007-05-23,-24,0.028437402099370956
2007-06-28,policy_stance_shift,2007-05-24,-23,0.02746802568435669
2007-06-28,policy_stance_shift,2007-05-25,-22,0.027588043361902237
2007-06-28,policy_stance_shift,2007-05-29,-21,0.029711883515119553
2007-06-28,policy_stance_shift,2007-05-30,-20,0.029505757614970207
2007-06-28,policy_stance_shift,2007-05-31,-19,0.02770635113120079
2007-06-28,policy_stance_shift,2007-06-01,-18,0.0288538821041584
2007-06-28,policy_stance_shift,2007-06-04,-17,0.0289483442902565
2007-06-28,policy_stance_shift,2007-06-05,-16,0.03070235624909401
2007-06-28,policy_stance_shift,2007-06-06,-15,0.029958974570035934
2007-06-28,policy_stance_shift,2007-06-07,-14,0.030423548072576523
2007-06-28,policy_stance_shift,2007-06-08,-13,0.030801009386777878
2007-06-28,policy_stance_shift,2007-06-11,-12,0.03189437836408615
2007-06-28,policy_stance_shift,2007-06-12,-11,0.03281870856881142
2007-06-28,policy_stance_shift,2007-06-13,-10,0.029458679258823395
2007-06-28,policy_stance_shift,2007-06-14,-9,0.02872111275792122
2007-06-28,policy_stance_shift,2007-06-15,-8,0.02613573521375656
2007-06-28,policy_stance_shift,2007-06-18,-7,0.026655500754714012
2007-06-28,policy_stance_shift,2007-06-19,-6,0.029574144631624222
2007-06-28,policy_stance_shift,2007-06-20,-5,0.03625062480568886
2007-06-28,policy_stance_shift,2007-06-21,-4,0.02665736898779869
2007-06-28,policy_stance_shift,2007-06-22,-3,0.025477038696408272
2007-06-28,policy_stance_shift,2007-06-25,-2,0.0307982936501503
2007-06-28,policy_stance_shift,2007-06-26,-1,0.033903926610946655
2007-06-28,policy_stance_shift,2007-06-27,0,0.027688458561897278
2007-06-28,expected_rate_path_shift,2007-05-10,-33,0.03433685004711151
2007-06-28,expected_rate_path_shift,2007-05-11,-32,0.03205644339323044
2007-06-28,expected_rate_path_shift,2007-05-14,-31,0.02982652559876442
2007-06-28,expected_rate_path_shift,2007-05-15,-30,0.02998201735317707
2007-06-28,expected_rate_path_shift,2007-05-16,-29,0.0318056121468544
2007-06-28,expected_rate_path_shift,2007-05-17,-28,0.030643995851278305
2007-06-28,expected_rate_path_shift,2007-05-18,-27,0.029629254713654518
2007-06-28,expected_rate_path_shift,2007-05-21,-26,0.030452502891421318
2007-06-28,expected_rate_path_shift,2007-05-22,-25,0.029377531260252
2007-06-28,expected_rate_path_shift,2007-05-23,-24,0.0267978236079216
2007-06-28,expected_rate_path_shift,2007-05-24,-23,0.02652405947446823
2007-06-28,expected_rate_path_shift,2007-05-25,-22,0.027578841894865036
2007-06-28,expected_rate_path_shift,2007-05-29,-21,0.027182292193174362
2007-06-28,expected_rate_path_shift,2007-05-30,-20,0.02890889346599579
2007-06-28,expected_rate_path_shift,2007-05-31,-19,0.02823333628475666
2007-06-28,expected_rate_path_shift,2007-06-01,-18,0.027830034494400024
2007-06-28,expected_rate_path_shift,2007-06-04,-17,0.027766220271587372
2007-06-28,expected_rate_path_shift,2007-06-05,-16,0.028314299881458282
2007-06-28,expected_rate_path_shift,2007-06-06,-15,0.028889145702123642
2007-06-28,expected_rate_path_shift,2007-06-07,-14,0.028741508722305298
2007-06-28,expected_rate_path_shift,2007-06-08,-13,0.031042326241731644
2007-06-28,expected_rate_path_shift,2007-06-11,-12,0.03080872818827629
2007-06-28,expected_rate_path_shift,2007-06-12,-11,0.03272998332977295
2007-06-28,expected_rate_path_shift,2007-06-13,-10,0.02948600798845291
2007-06-28,expected_rate_path_shift,2007-06-14,-9,0.02727697417140007
2007-06-28,expected_rate_path_shift,2007-06-15,-8,0.027025094255805016
2007-06-28,expected_rate_path_shift,2007-06-18,-7,0.02563036046922207
2007-06-28,expected_rate_path_shift,2007-06-19,-6,0.030285760760307312
2007-06-28,expected_rate_path_shift,2007-06-20,-5,0.03282298147678375
2007-06-28,expected_rate_path_shift,2007-06-21,-4,0.027031928300857544
2007-06-28,expected_rate_path_shift,2007-06-22,-3,0.025501476600766182
2007-06-28,expected_rate_path_shift,2007-06-25,-2,0.030339498072862625
2007-06-28,expected_rate_path_shift,2007-06-26,-1,0.031511805951595306
2007-06-28,expected_rate_path_shift,2007-06-27,0,0.0336298905313015
2007-06-28,inflation_assessment_shift,2007-05-10,-33,0.02498055435717106
2007-06-28,inflation_assessment_shift,2007-05-11,-32,0.026839816942811012
2007-06-28,inflation_assessment_shift,2007-05-14,-31,0.02932669036090374
2007-06-28,inflation_assessment_shift,2007-05-15,-30,0.02896837890148163
2007-06-28,inflation_assessment_shift,2007-05-16,-29,0.028261516243219376
2007-06-28,inflation_assessment_shift,2007-05-17,-28,0.028840677812695503
2007-06-28,inflation_assessment_shift,2007-05-18,-27,0.03053431212902069
2007-06-28,inflation_assessment_shift,2007-05-21,-26,0.029390323907136917
2007-06-28,inflation_assessment_shift,2007-05-22,-25,0.028988473117351532
2007-06-28,inflation_assessment_shift,2007-05-23,-24,0.029552767053246498
2007-06-28,inflation_assessment_shift,2007-05-24,-23,0.028892265632748604
2007-06-28,inflation_assessment_shift,2007-05-25,-22,0.028389260172843933
2007-06-28,inflation_assessment_shift,2007-05-29,-21,0.030777467414736748
2007-06-28,inflation_assessment_shift,2007-05-30,-20,0.029301384463906288
2007-06-28,inflation_assessment_shift,2007-05-31,-19,0.028890203684568405
2007-06-28,inflation_assessment_shift,2007-06-01,-18,0.029844554141163826
2007-06-28,inflation_assessment_shift,2007-06-04,-17,0.030172472819685936
2007-06-28,inflation_assessment_shift,2007-06-05,-16,0.030971430242061615
2007-06-28,inflation_assessment_shift,2007-06-06,-15,0.0301539096981287
2007-06-28,inflation_assessment_shift,2007-06-07,-14,0.030275292694568634
2007-06-28,inflation_assessment_shift,2007-06-08,-13,0.029318934306502342
2007-06-28,inflation_assessment_shift,2007-06-11,-12,0.030226852744817734
2007-06-28,inflation_assessment_shift,2007-06-12,-11,0.029825717210769653
2007-06-28,inflation_assessment_shift,2007-06-13,-10,0.029247604310512543
2007-06-28,inflation_assessment_shift,2007-06-14,-9,0.029326874762773514
2007-06-28,inflation_assessment_shift,2007-06-15,-8,0.027828065678477287
2007-06-28,inflation_assessment_shift,2007-06-18,-7,0.0288098081946373
2007-06-28,inflation_assessment_shift,2007-06-19,-6,0.029347147792577744
2007-06-28,inflation_assessment_shift,2007-06-20,-5,0.033268049359321594
2007-06-28,inflation_assessment_shift,2007-06-21,-4,0.029059069231152534
2007-06-28,inflation_assessment_shift,2007-06-22,-3,0.02866775169968605
2007-06-28,inflation_assessment_shift,2007-06-25,-2,0.031286899000406265
2007-06-28,inflation_assessment_shift,2007-06-26,-1,0.0335470475256443
2007-06-28,inflation_assessment_shift,2007-06-27,0,0.026888426393270493
2007-06-28,inflation_risk_shift,2007-05-10,-33,0.02592741698026657
2007-06-28,inflation_risk_shift,2007-05-11,-32,0.027236705645918846
2007-06-28,inflation_risk_shift,2007-05-14,-31,0.029162533581256866
2007-06-28,inflation_risk_shift,2007-05-15,-30,0.029314717277884483
2007-06-28,inflation_risk_shift,2007-05-16,-29,0.029544226825237274
2007-06-28,inflation_risk_shift,2007-05-17,-28,0.029315736144781113
2007-06-28,inflation_risk_shift,2007-05-18,-27,0.031180670484900475
2007-06-28,inflation_risk_shift,2007-05-21,-26,0.03054976277053356
2007-06-28,inflation_risk_shift,2007-05-22,-25,0.029736267402768135
2007-06-28,inflation_risk_shift,2007-05-23,-24,0.028991099447011948
2007-06-28,inflation_risk_shift,2007-05-24,-23,0.028146129101514816
2007-06-28,inflation_risk_shift,2007-05-25,-22,0.028089093044400215
2007-06-28,inflation_risk_shift,2007-05-29,-21,0.030065443366765976
2007-06-28,inflation_risk_shift,2007-05-30,-20,0.02963116019964218
2007-06-28,inflation_risk_shift,2007-05-31,-19,0.028266629204154015
2007-06-28,inflation_risk_shift,2007-06-01,-18,0.029085027053952217
2007-06-28,inflation_risk_shift,2007-06-04,-17,0.029583020135760307
2007-06-28,inflation_risk_shift,2007-06-05,-16,0.03115580789744854
2007-06-28,inflation_risk_shift,2007-06-06,-15,0.03024735115468502
2007-06-28,inflation_risk_shift,2007-06-07,-14,0.03073718026280403
2007-06-28,inflation_risk_shift,2007-06-08,-13,0.03059644065797329
2007-06-28,inflation_risk_shift,2007-06-11,-12,0.03184589743614197
2007-06-28,inflation_risk_shift,2007-06-12,-11,0.03196210041642189
2007-06-28,inflation_risk_shift,2007-06-13,-10,0.029175134375691414
2007-06-28,inflation_risk_shift,2007-06-14,-9,0.028887923806905746
2007-06-28,inflation_risk_shift,2007-06-15,-8,0.026679039001464844
2007-06-28,inflation_risk_shift,2007-06-18,-7,0.02719898521900177
2007-06-28,inflation_risk_shift,2007-06-19,-6,0.02930394560098648
2007-06-28,inflation_risk_shift,2007-06-20,-5,0.034994736313819885
2007-06-28,inflation_risk_shift,2007-06-21,-4,0.026967015117406845
2007-06-28,inflation_risk_shift,2007-06-22,-3,0.026188459247350693
2007-06-28,inflation_risk_shift,2007-06-25,-2,0.029996048659086227
2007-06-28,inflation_risk_shift,2007-06-26,-1,0.03304898366332054
2007-06-28,inflation_risk_shift,2007-06-27,0,0.02718931995332241
2007-06-28,unemployment_assessment_shift,2007-05-10,-33,0.026082661002874374
2007-06-28,unemployment_assessment_shift,2007-05-11,-32,0.02710908092558384
2007-06-28,unemployment_assessment_shift,2007-05-14,-31,0.028911594301462173
2007-06-28,unemployment_assessment_shift,2007-05-15,-30,0.029320985078811646
2007-06-28,unemployment_assessment_shift,2007-05-16,-29,0.029544295743107796
2007-06-28,unemployment_assessment_shift,2007-05-17,-28,0.028836794197559357
2007-06-28,unemployment_assessment_shift,2007-05-18,-27,0.030850591138005257
2007-06-28,unemployment_assessment_shift,2007-05-21,-26,0.03042270429432392
2007-06-28,unemployment_assessment_shift,2007-05-22,-25,0.02942464128136635
2007-06-28,unemployment_assessment_shift,2007-05-23,-24,0.028360608965158463
2007-06-28,unemployment_assessment_shift,2007-05-24,-23,0.02792378142476082
2007-06-28,unemployment_assessment_shift,2007-05-25,-22,0.027567557990550995
2007-06-28,unemployment_assessment_shift,2007-05-29,-21,0.029693424701690674
2007-06-28,unemployment_assessment_shift,2007-05-30,-20,0.02958454191684723
2007-06-28,unemployment_assessment_shift,2007-05-31,-19,0.027855459600687027
2007-06-28,unemployment_assessment_shift,2007-06-01,-18,0.028822872787714005
2007-06-28,unemployment_assessment_shift,2007-06-04,-17,0.029451647773385048
2007-06-28,unemployment_assessment_shift,2007-06-05,-16,0.031229786574840546
2007-06-28,unemployment_assessment_shift,2007-06-06,-15,0.030028296634554863
2007-06-28,unemployment_assessment_shift,2007-06-07,-14,0.030175164341926575
2007-06-28,unemployment_assessment_shift,2007-06-08,-13,0.030477697029709816
2007-06-28,unemployment_assessment_shift,2007-06-11,-12,0.0313512422144413
2007-06-28,unemployment_assessment_shift,2007-06-12,-11,0.03145769238471985
2007-06-28,unemployment_assessment_shift,2007-06-13,-10,0.029033850878477097
2007-06-28,unemployment_assessment_shift,2007-06-14,-9,0.02876240387558937
2007-06-28,unemployment_assessment_shift,2007-06-15,-8,0.026410367339849472
2007-06-28,unemployment_assessment_shift,2007-06-18,-7,0.02728370949625969
2007-06-28,unemployment_assessment_shift,2007-06-19,-6,0.030131475999951363
2007-06-28,unemployment_assessment_shift,2007-06-20,-5,0.03683684766292572
2007-06-28,unemployment_assessment_shift,2007-06-21,-4,0.027218401432037354
2007-06-28,unemployment_assessment_shift,2007-06-22,-3,0.026219571009278297
2007-06-28,unemployment_assessment_shift,2007-06-25,-2,0.031064573675394058
2007-06-28,unemployment_assessment_shift,2007-06-26,-1,0.0348491445183754
2007-06-28,unemployment_assessment_shift,2007-06-27,0,0.027706541121006012
2007-06-28,labor_market_risk_shift,2007-05-10,-33,0.026320379227399826
2007-06-28,labor_market_risk_shift,2007-05-11,-32,0.027370458468794823
2007-06-28,labor_market_risk_shift,2007-05-14,-31,0.02922583557665348
2007-06-28,labor_market_risk_shift,2007-05-15,-30,0.02917936071753502
2007-06-28,labor_market_risk_shift,2007-05-16,-29,0.029200691729784012
2007-06-28,labor_market_risk_shift,2007-05-17,-28,0.029170889407396317
2007-06-28,labor_market_risk_shift,2007-05-18,-27,0.030985567718744278
2007-06-28,labor_market_risk_shift,2007-05-21,-26,0.0300020482391119
2007-06-28,labor_market_risk_shift,2007-05-22,-25,0.029338518157601357
2007-06-28,labor_market_risk_shift,2007-05-23,-24,0.02856324054300785
2007-06-28,labor_market_risk_shift,2007-05-24,-23,0.027380742132663727
2007-06-28,labor_market_risk_shift,2007-05-25,-22,0.02724207565188408
2007-06-28,labor_market_risk_shift,2007-05-29,-21,0.02974875085055828
2007-06-28,labor_market_risk_shift,2007-05-30,-20,0.029454346746206284
2007-06-28,labor_market_risk_shift,2007-05-31,-19,0.028065182268619537
2007-06-28,labor_market_risk_shift,2007-06-01,-18,0.029023580253124237
2007-06-28,labor_market_risk_shift,2007-06-04,-17,0.029499297961592674
2007-06-28,labor_market_risk_shift,2007-06-05,-16,0.031132441014051437
2007-06-28,labor_market_risk_shift,2007-06-06,-15,0.03019380196928978
2007-06-28,labor_market_risk_shift,2007-06-07,-14,0.030468635261058807
2007-06-28,labor_market_risk_shift,2007-06-08,-13,0.030403707176446915
2007-06-28,labor_market_risk_shift,2007-06-11,-12,0.031528208404779434
2007-06-28,labor_market_risk_shift,2007-06-12,-11,0.03184383362531662
2007-06-28,labor_market_risk_shift,2007-06-13,-10,0.029186680912971497
2007-06-28,labor_market_risk_shift,2007-06-14,-9,0.028553619980812073
2007-06-28,labor_market_risk_shift,2007-06-15,-8,0.026272114366292953
2007-06-28,labor_market_risk_shift,2007-06-18,-7,0.026875825598835945
2007-06-28,labor_market_risk_shift,2007-06-19,-6,0.029623422771692276
2007-06-28,labor_market_risk_shift,2007-06-20,-5,0.03618014231324196
2007-06-28,labor_market_risk_shift,2007-06-21,-4,0.027906671166419983
2007-06-28,labor_market_risk_shift,2007-06-22,-3,0.02590782195329666
2007-06-28,labor_market_risk_shift,2007-06-25,-2,0.03070586919784546
2007-06-28,labor_market_risk_shift,2007-06-26,-1,0.03538694232702255
2007-06-28,labor_market_risk_shift,2007-06-27,0,0.02805926650762558
2007-06-28,growth_activity_shift,2007-05-10,-33,0.033576931804418564
2007-06-28,growth_activity_shift,2007-05-11,-32,0.03167394921183586
2007-06-28,growth_activity_shift,2007-05-14,-31,0.029505373910069466
2007-06-28,growth_activity_shift,2007-05-15,-30,0.0297638401389122
2007-06-28,growth_activity_shift,2007-05-16,-29,0.031840063631534576
2007-06-28,growth_activity_shift,2007-05-17,-28,0.030518364161252975
2007-06-28,growth_activity_shift,2007-05-18,-27,0.029929526150226593
2007-06-28,growth_activity_shift,2007-05-21,-26,0.03071511536836624
2007-06-28,growth_activity_shift,2007-05-22,-25,0.029349595308303833
2007-06-28,growth_activity_shift,2007-05-23,-24,0.02690785750746727
2007-06-28,growth_activity_shift,2007-05-24,-23,0.026521923020482063
2007-06-28,growth_activity_shift,2007-05-25,-22,0.02743721380829811
2007-06-28,growth_activity_shift,2007-05-29,-21,0.02704203873872757
2007-06-28,growth_activity_shift,2007-05-30,-20,0.028828756883740425
2007-06-28,growth_activity_shift,2007-05-31,-19,0.02804074063897133
2007-06-28,growth_activity_shift,2007-06-01,-18,0.02767937444150448
2007-06-28,growth_activity_shift,2007-06-04,-17,0.0279274582862854
2007-06-28,growth_activity_shift,2007-06-05,-16,0.02854931354522705
2007-06-28,growth_activity_shift,2007-06-06,-15,0.02906874008476734
2007-06-28,growth_activity_shift,2007-06-07,-14,0.028563566505908966
2007-06-28,growth_activity_shift,2007-06-08,-13,0.031076593324542046
2007-06-28,growth_activity_shift,2007-06-11,-12,0.03098442405462265
2007-06-28,growth_activity_shift,2007-06-12,-11,0.033003754913806915
2007-06-28,growth_activity_shift,2007-06-13,-10,0.029826857149600983
2007-06-28,growth_activity_shift,2007-06-14,-9,0.027464423328638077
2007-06-28,growth_activity_shift,2007-06-15,-8,0.027303652837872505
2007-06-28,growth_activity_shift,2007-06-18,-7,0.025602424517273903
2007-06-28,growth_activity_shift,2007-06-19,-6,0.030184196308255196
2007-06-28,growth_activity_shift,2007-06-20,-5,0.03323744237422943
2007-06-28,growth_activity_shift,2007-06-21,-4,0.027119966223835945
2007-06-28,growth_activity_shift,2007-06-22,-3,0.025036979466676712
2007-06-28,growth_activity_shift,2007-06-25,-2,0.029645204544067383
2007-06-28,growth_activity_shift,2007-06-26,-1,0.03223373740911484
2007-06-28,growth_activity_shift,2007-06-27,0,0.033840615302324295
2007-06-28,financial_conditions_shift,2007-05-10,-33,0.033217620104551315
2007-06-28,financial_conditions_shift,2007-05-11,-32,0.03142211586236954
2007-06-28,financial_conditions_shift,2007-05-14,-31,0.029599294066429138
2007-06-28,financial_conditions_shift,2007-05-15,-30,0.029667187482118607
2007-06-28,financial_conditions_shift,2007-05-16,-29,0.0319032222032547
2007-06-28,financial_conditions_shift,2007-05-17,-28,0.03087516501545906
2007-06-28,financial_conditions_shift,2007-05-18,-27,0.030237000435590744
2007-06-28,financial_conditions_shift,2007-05-21,-26,0.030849609524011612
2007-06-28,financial_conditions_shift,2007-05-22,-25,0.029561037197709084
2007-06-28,financial_conditions_shift,2007-05-23,-24,0.026773475110530853
2007-06-28,financial_conditions_shift,2007-05-24,-23,0.02624126523733139
2007-06-28,financial_conditions_shift,2007-05-25,-22,0.027212247252464294
2007-06-28,financial_conditions_shift,2007-05-29,-21,0.02712811529636383
2007-06-28,financial_conditions_shift,2007-05-30,-20,0.0287778340280056
2007-06-28,financial_conditions_shift,2007-05-31,-19,0.028146184980869293
2007-06-28,financial_conditions_shift,2007-06-01,-18,0.027706215158104897
2007-06-28,financial_conditions_shift,2007-06-04,-17,0.028001312166452408
2007-06-28,financial_conditions_shift,2007-06-05,-16,0.028990568593144417
2007-06-28,financial_conditions_shift,2007-06-06,-15,0.029034458100795746
2007-06-28,financial_conditions_shift,2007-06-07,-14,0.028965260833501816
2007-06-28,financial_conditions_shift,2007-06-08,-13,0.031124113127589226
2007-06-28,financial_conditions_shift,2007-06-11,-12,0.03105901926755905
2007-06-28,financial_conditions_shift,2007-06-12,-11,0.03316103667020798
2007-06-28,financial_conditions_shift,2007-06-13,-10,0.02949536219239235
2007-06-28,financial_conditions_shift,2007-06-14,-9,0.027106352150440216
2007-06-28,financial_conditions_shift,2007-06-15,-8,0.02688024379312992
2007-06-28,financial_conditions_shift,2007-06-18,-7,0.025113213807344437
2007-06-28,financial_conditions_shift,2007-06-19,-6,0.029980115592479706
2007-06-28,financial_conditions_shift,2007-06-20,-5,0.03403525799512863
2007-06-28,financial_conditions_shift,2007-06-21,-4,0.027266599237918854
2007-06-28,financial_conditions_shift,2007-06-22,-3,0.024653393775224686
2007-06-28,financial_conditions_shift,2007-06-25,-2,0.029263481497764587
2007-06-28,financial_conditions_shift,2007-06-26,-1,0.03253630921244621
2007-06-28,financial_conditions_shift,2007-06-27,0,0.03401636704802513
2007-06-28,risk_balance_shift,2007-05-10,-33,0.034016259014606476
2007-06-28,risk_balance_shift,2007-05-11,-32,0.031811490654945374
2007-06-28,risk_balance_shift,2007-05-14,-31,0.029595470055937767
2007-06-28,risk_balance_shift,2007-05-15,-30,0.029705572873353958
2007-06-28,risk_balance_shift,2007-05-16,-29,0.032021284103393555
2007-06-28,risk_balance_shift,2007-05-17,-28,0.03079361468553543
2007-06-28,risk_balance_shift,2007-05-18,-27,0.029918745160102844
2007-06-28,risk_balance_shift,2007-05-21,-26,0.03089972585439682
2007-06-28,risk_balance_shift,2007-05-22,-25,0.029727250337600708
2007-06-28,risk_balance_shift,2007-05-23,-24,0.02686723694205284
2007-06-28,risk_balance_shift,2007-05-24,-23,0.026534564793109894
2007-06-28,risk_balance_shift,2007-05-25,-22,0.027450798079371452
2007-06-28,risk_balance_shift,2007-05-29,-21,0.027016883715987206
2007-06-28,risk_balance_shift,2007-05-30,-20,0.028794921934604645
2007-06-28,risk_balance_shift,2007-05-31,-19,0.028034847229719162
2007-06-28,risk_balance_shift,2007-06-01,-18,0.027887344360351562
2007-06-28,risk_balance_shift,2007-06-04,-17,0.02785797230899334
2007-06-28,risk_balance_shift,2007-06-05,-16,0.028508588671684265
2007-06-28,risk_balance_shift,2007-06-06,-15,0.02885790541768074
2007-06-28,risk_balance_shift,2007-06-07,-14,0.0285235233604908
2007-06-28,risk_balance_shift,2007-06-08,-13,0.031163277104496956
2007-06-28,risk_balance_shift,2007-06-11,-12,0.03096165880560875
2007-06-28,risk_balance_shift,2007-06-12,-11,0.033173978328704834
2007-06-28,risk_balance_shift,2007-06-13,-10,0.029666831716895103
2007-06-28,risk_balance_shift,2007-06-14,-9,0.027521099895238876
2007-06-28,risk_balance_shift,2007-06-15,-8,0.027052486315369606
2007-06-28,risk_balance_shift,2007-06-18,-7,0.025596866384148598
2007-06-28,risk_balance_shift,2007-06-19,-6,0.030118564143776894
2007-06-28,risk_balance_shift,2007-06-20,-5,0.03323660045862198
2007-06-28,risk_balance_shift,2007-06-21,-4,0.02678542025387287
2007-06-28,risk_balance_shift,2007-06-22,-3,0.02494381181895733
2007-06-28,risk_balance_shift,2007-06-25,-2,0.0297248438000679
2007-06-28,risk_balance_shift,2007-06-26,-1,0.031661659479141235
2007-06-28,risk_balance_shift,2007-06-27,0,0.03356892243027687
2007-06-28,committee_dispersion,2007-05-10,-33,0.02577413246035576
2007-06-28,committee_dispersion,2007-05-11,-32,0.027267787605524063
2007-06-28,committee_dispersion,2007-05-14,-31,0.02897573634982109
2007-06-28,committee_dispersion,2007-05-15,-30,0.02903195098042488
2007-06-28,committee_dispersion,2007-05-16,-29,0.029377885162830353
2007-06-28,committee_dispersion,2007-05-17,-28,0.029705774039030075
2007-06-28,committee_dispersion,2007-05-18,-27,0.03099222108721733
2007-06-28,committee_dispersion,2007-05-21,-26,0.03042629361152649
2007-06-28,committee_dispersion,2007-05-22,-25,0.02963501773774624
2007-06-28,committee_dispersion,2007-05-23,-24,0.02901589684188366
2007-06-28,committee_dispersion,2007-05-24,-23,0.02813384309411049
2007-06-28,committee_dispersion,2007-05-25,-22,0.028042472898960114
2007-06-28,committee_dispersion,2007-05-29,-21,0.03012535534799099
2007-06-28,committee_dispersion,2007-05-30,-20,0.029417913407087326
2007-06-28,committee_dispersion,2007-05-31,-19,0.028209097683429718
2007-06-28,committee_dispersion,2007-06-01,-18,0.02921375073492527
2007-06-28,committee_dispersion,2007-06-04,-17,0.029673181474208832
2007-06-28,committee_dispersion,2007-06-05,-16,0.030774638056755066
2007-06-28,committee_dispersion,2007-06-06,-15,0.030384205281734467
2007-06-28,committee_dispersion,2007-06-07,-14,0.03047385811805725
2007-06-28,committee_dispersion,2007-06-08,-13,0.030484184622764587
2007-06-28,committee_dispersion,2007-06-11,-12,0.031943850219249725
2007-06-28,committee_dispersion,2007-06-12,-11,0.031782831996679306
2007-06-28,committee_dispersion,2007-06-13,-10,0.029509294778108597
2007-06-28,committee_dispersion,2007-06-14,-9,0.028814764693379402
2007-06-28,committee_dispersion,2007-06-15,-8,0.026751451194286346
2007-06-28,committee_dispersion,2007-06-18,-7,0.027246734127402306
2007-06-28,committee_dispersion,2007-06-19,-6,0.029423000290989876
2007-06-28,committee_dispersion,2007-06-20,-5,0.034527406096458435
2007-06-28,committee_dispersion,2007-06-21,-4,0.027206577360630035
2007-06-28,committee_dispersion,2007-06-22,-3,0.026312505826354027
2007-06-28,committee_dispersion,2007-06-25,-2,0.030832771211862564
2007-06-28,committee_dispersion,2007-06-26,-1,0.033066969364881516
2007-06-28,committee_dispersion,2007-06-27,0,0.02744661644101143
2007-06-28,policy_uncertainty,2007-05-10,-33,0.024352706968784332
2007-06-28,policy_uncertainty,2007-05-11,-32,0.026338351890444756
2007-06-28,policy_uncertainty,2007-05-14,-31,0.0288207046687603
2007-06-28,policy_uncertainty,2007-05-15,-30,0.028718305751681328
2007-06-28,policy_uncertainty,2007-05-16,-29,0.028149595484137535
2007-06-28,policy_uncertainty,2007-05-17,-28,0.029123375192284584
2007-06-28,policy_uncertainty,2007-05-18,-27,0.030691808089613914
2007-06-28,policy_uncertainty,2007-05-21,-26,0.02968711033463478
2007-06-28,policy_uncertainty,2007-05-22,-25,0.02949369326233864
2007-06-28,policy_uncertainty,2007-05-23,-24,0.03008955717086792
2007-06-28,policy_uncertainty,2007-05-24,-23,0.02944527007639408
2007-06-28,policy_uncertainty,2007-05-25,-22,0.028892965987324715
2007-06-28,policy_uncertainty,2007-05-29,-21,0.030935632064938545
2007-06-28,policy_uncertainty,2007-05-30,-20,0.029480520635843277
2007-06-28,policy_uncertainty,2007-05-31,-19,0.028900114819407463
2007-06-28,policy_uncertainty,2007-06-01,-18,0.030069200322031975
2007-06-28,policy_uncertainty,2007-06-04,-17,0.03041485697031021
2007-06-28,policy_uncertainty,2007-06-05,-16,0.030976183712482452
2007-06-28,policy_uncertainty,2007-06-06,-15,0.030311070382595062
2007-06-28,policy_uncertainty,2007-06-07,-14,0.03023611381649971
2007-06-28,policy_uncertainty,2007-06-08,-13,0.0292650256305933
2007-06-28,policy_uncertainty,2007-06-11,-12,0.030027369037270546
2007-06-28,policy_uncertainty,2007-06-12,-11,0.029591156169772148
2007-06-28,policy_uncertainty,2007-06-13,-10,0.028897326439619064
2007-06-28,policy_uncertainty,2007-06-14,-9,0.02946244552731514
2007-06-28,policy_uncertainty,2007-06-15,-8,0.027719656005501747
2007-06-28,policy_uncertainty,2007-06-18,-7,0.029181092977523804
2007-06-28,policy_uncertainty,2007-06-19,-6,0.029363522306084633
2007-06-28,policy_uncertainty,2007-06-20,-5,0.03288977965712547
2007-06-28,policy_uncertainty,2007-06-21,-4,0.02922232449054718
2007-06-28,policy_uncertainty,2007-06-22,-3,0.02904094010591507
2007-06-28,policy_uncertainty,2007-06-25,-2,0.03139767050743103
2007-06-28,policy_uncertainty,2007-06-26,-1,0.03267408907413483
2007-06-28,policy_uncertainty,2007-06-27,0,0.026140430942177773
2007-06-28,forward_guidance_strength,2007-05-10,-33,0.03354952111840248
2007-06-28,forward_guidance_strength,2007-05-11,-32,0.03164073824882507
2007-06-28,forward_guidance_strength,2007-05-14,-31,0.029604338109493256
2007-06-28,forward_guidance_strength,2007-05-15,-30,0.02970847859978676
2007-06-28,forward_guidance_strength,2007-05-16,-29,0.03174427151679993
2007-06-28,forward_guidance_strength,2007-05-17,-28,0.030062522739171982
2007-06-28,forward_guidance_strength,2007-05-18,-27,0.029758058488368988
2007-06-28,forward_guidance_strength,2007-05-21,-26,0.03047843649983406
2007-06-28,forward_guidance_strength,2007-05-22,-25,0.029016125947237015
2007-06-28,forward_guidance_strength,2007-05-23,-24,0.026560740545392036
2007-06-28,forward_guidance_strength,2007-05-24,-23,0.0261758491396904
2007-06-28,forward_guidance_strength,2007-05-25,-22,0.027167445048689842
2007-06-28,forward_guidance_strength,2007-05-29,-21,0.027012605220079422
2007-06-28,forward_guidance_strength,2007-05-30,-20,0.02883891388773918
2007-06-28,forward_guidance_strength,2007-05-31,-19,0.02778245322406292
2007-06-28,forward_guidance_strength,2007-06-01,-18,0.02755764313042164
2007-06-28,forward_guidance_strength,2007-06-04,-17,0.027799488976597786
2007-06-28,forward_guidance_strength,2007-06-05,-16,0.028763700276613235
2007-06-28,forward_guidance_strength,2007-06-06,-15,0.029052289202809334
2007-06-28,forward_guidance_strength,2007-06-07,-14,0.0287906676530838
2007-06-28,forward_guidance_strength,2007-06-08,-13,0.0313979834318161
2007-06-28,forward_guidance_strength,2007-06-11,-12,0.031224563717842102
2007-06-28,forward_guidance_strength,2007-06-12,-11,0.03331795334815979
2007-06-28,forward_guidance_strength,2007-06-13,-10,0.029762081801891327
2007-06-28,forward_guidance_strength,2007-06-14,-9,0.0272133219987154
2007-06-28,forward_guidance_strength,2007-06-15,-8,0.02682833932340145
2007-06-28,forward_guidance_strength,2007-06-18,-7,0.025219153612852097
2007-06-28,forward_guidance_strength,2007-06-19,-6,0.030213750898838043
2007-06-28,forward_guidance_strength,2007-06-20,-5,0.03415603190660477
2007-06-28,forward_guidance_strength,2007-06-21,-4,0.02710169553756714
2007-06-28,forward_guidance_strength,2007-06-22,-3,0.024918900802731514
2007-06-28,forward_guidance_strength,2007-06-25,-2,0.029787030071020126
2007-06-28,forward_guidance_strength,2007-06-26,-1,0.0334162637591362
2007-06-28,forward_guidance_strength,2007-06-27,0,0.03437868133187294
2007-08-07,rate_decision,2007-06-29,-25,0.03530669957399368
2007-08-07,rate_decision,2007-07-02,-24,0.03589235246181488
2007-08-07,rate_decision,2007-07-03,-23,0.034980643540620804
2007-08-07,rate_decision,2007-07-05,-22,0.03813701122999191
2007-08-07,rate_decision,2007-07-06,-21,0.036712780594825745
2007-08-07,rate_decision,2007-07-09,-20,0.03731638193130493
2007-08-07,rate_decision,2007-07-10,-19,0.038524165749549866
2007-08-07,rate_decision,2007-07-11,-18,0.03504693880677223
2007-08-07,rate_decision,2007-07-12,-17,0.042320724576711655
2007-08-07,rate_decision,2007-07-13,-16,0.03948305547237396
2007-08-07,rate_decision,2007-07-16,-15,0.04123374819755554
2007-08-07,rate_decision,2007-07-17,-14,0.04052630439400673
2007-08-07,rate_decision,2007-07-18,-13,0.03925642371177673
2007-08-07,rate_decision,2007-07-19,-12,0.03939703106880188
2007-08-07,rate_decision,2007-07-20,-11,0.04081546142697334
2007-08-07,rate_decision,2007-07-23,-10,0.03926656022667885
2007-08-07,rate_decision,2007-07-24,-9,0.03683527186512947
2007-08-07,rate_decision,2007-07-25,-8,0.03575051575899124
2007-08-07,rate_decision,2007-07-26,-7,0.03749470040202141
2007-08-07,rate_decision,2007-07-27,-6,0.03698524087667465
2007-08-07,rate_decision,2007-07-30,-5,0.040313754230737686
2007-08-07,rate_decision,2007-07-31,-4,0.03825271502137184
2007-08-07,rate_decision,2007-08-01,-3,0.03955649584531784
2007-08-07,rate_decision,2007-08-02,-2,0.04020127281546593
2007-08-07,rate_decision,2007-08-03,-1,0.03720112517476082
2007-08-07,rate_decision,2007-08-06,0,0.04319261386990547
2007-08-07,current_policy_stance,2007-06-29,-25,0.03630905970931053
2007-08-07,current_policy_stance,2007-07-02,-24,0.046354006975889206
2007-08-07,current_policy_stance,2007-07-03,-23,0.05100550875067711
2007-08-07,current_policy_stance,2007-07-05,-22,0.04729129746556282
2007-08-07,current_policy_stance,2007-07-06,-21,0.03781025856733322
2007-08-07,current_policy_stance,2007-07-09,-20,0.03760102018713951
2007-08-07,current_policy_stance,2007-07-10,-19,0.03983525186777115
2007-08-07,current_policy_stance,2007-07-11,-18,0.043404482305049896
2007-08-07,current_policy_stance,2007-07-12,-17,0.03214113414287567
2007-08-07,current_policy_stance,2007-07-13,-16,0.03269106149673462
2007-08-07,current_policy_stance,2007-07-16,-15,0.036891400814056396
2007-08-07,current_policy_stance,2007-07-17,-14,0.0330120287835598
2007-08-07,current_policy_stance,2007-07-18,-13,0.03172076493501663
2007-08-07,current_policy_stance,2007-07-19,-12,0.030423501506447792
2007-08-07,current_policy_stance,2007-07-20,-11,0.03193054348230362
2007-08-07,current_policy_stance,2007-07-23,-10,0.03725703805685043
2007-08-07,current_policy_stance,2007-07-24,-9,0.03707153722643852
2007-08-07,current_policy_stance,2007-07-25,-8,0.03573912754654884
2007-08-07,current_policy_stance,2007-07-26,-7,0.03684903308749199
2007-08-07,current_policy_stance,2007-07-27,-6,0.039757028222084045
2007-08-07,current_policy_stance,2007-07-30,-5,0.04203248396515846
2007-08-07,current_policy_stance,2007-07-31,-4,0.0407547689974308
2007-08-07,current_policy_stance,2007-08-01,-3,0.04023661091923714
2007-08-07,current_policy_stance,2007-08-02,-2,0.03799884021282196
2007-08-07,current_policy_stance,2007-08-03,-1,0.0388009175658226
2007-08-07,current_policy_stance,2007-08-06,0,0.04508132487535477
2007-08-07,policy_stance_shift,2007-06-29,-25,0.031637053936719894
2007-08-07,policy_stance_shift,2007-07-02,-24,0.03787891939282417
2007-08-07,policy_stance_shift,2007-07-03,-23,0.03889475762844086
2007-08-07,policy_stance_shift,2007-07-05,-22,0.038350433111190796
2007-08-07,policy_stance_shift,2007-07-06,-21,0.03392975032329559
2007-08-07,policy_stance_shift,2007-07-09,-20,0.03708893060684204
2007-08-07,policy_stance_shift,2007-07-10,-19,0.03634038195014
2007-08-07,policy_stance_shift,2007-07-11,-18,0.0421820729970932
2007-08-07,policy_stance_shift,2007-07-12,-17,0.03855402395129204
2007-08-07,policy_stance_shift,2007-07-13,-16,0.033691491931676865
2007-08-07,policy_stance_shift,2007-07-16,-15,0.041911136358976364
2007-08-07,policy_stance_shift,2007-07-17,-14,0.037925153970718384
2007-08-07,policy_stance_shift,2007-07-18,-13,0.03625965863466263
2007-08-07,policy_stance_shift,2007-07-19,-12,0.03961631655693054
2007-08-07,policy_stance_shift,2007-07-20,-11,0.036082200706005096
2007-08-07,policy_stance_shift,2007-07-23,-10,0.03851432725787163
2007-08-07,policy_stance_shift,2007-07-24,-9,0.038109950721263885
2007-08-07,policy_stance_shift,2007-07-25,-8,0.04002862423658371
2007-08-07,policy_stance_shift,2007-07-26,-7,0.03647325187921524
2007-08-07,policy_stance_shift,2007-07-27,-6,0.04062824323773384
2007-08-07,policy_stance_shift,2007-07-30,-5,0.04461353272199631
2007-08-07,policy_stance_shift,2007-07-31,-4,0.03792692720890045
2007-08-07,policy_stance_shift,2007-08-01,-3,0.04135677218437195
2007-08-07,policy_stance_shift,2007-08-02,-2,0.04157319664955139
2007-08-07,policy_stance_shift,2007-08-03,-1,0.037978626787662506
2007-08-07,policy_stance_shift,2007-08-06,0,0.042454272508621216
2007-08-07,expected_rate_path_shift,2007-06-29,-25,0.032806266099214554
2007-08-07,expected_rate_path_shift,2007-07-02,-24,0.03196176141500473
2007-08-07,expected_rate_path_shift,2007-07-03,-23,0.031358398497104645
2007-08-07,expected_rate_path_shift,2007-07-05,-22,0.03326833248138428
2007-08-07,expected_rate_path_shift,2007-07-06,-21,0.03287450224161148
2007-08-07,expected_rate_path_shift,2007-07-09,-20,0.03583388403058052
2007-08-07,expected_rate_path_shift,2007-07-10,-19,0.033895667642354965
2007-08-07,expected_rate_path_shift,2007-07-11,-18,0.037621378898620605
2007-08-07,expected_rate_path_shift,2007-07-12,-17,0.042195044457912445
2007-08-07,expected_rate_path_shift,2007-07-13,-16,0.03710443899035454
2007-08-07,expected_rate_path_shift,2007-07-16,-15,0.04345626384019852
2007-08-07,expected_rate_path_shift,2007-07-17,-14,0.0429069846868515
2007-08-07,expected_rate_path_shift,2007-07-18,-13,0.041559770703315735
2007-08-07,expected_rate_path_shift,2007-07-19,-12,0.047378260642290115
2007-08-07,expected_rate_path_shift,2007-07-20,-11,0.04157799854874611
2007-08-07,expected_rate_path_shift,2007-07-23,-10,0.040015947073698044
2007-08-07,expected_rate_path_shift,2007-07-24,-9,0.038688383996486664
2007-08-07,expected_rate_path_shift,2007-07-25,-8,0.04177355393767357
2007-08-07,expected_rate_path_shift,2007-07-26,-7,0.03742663562297821
2007-08-07,expected_rate_path_shift,2007-07-27,-6,0.04015519097447395
2007-08-07,expected_rate_path_shift,2007-07-30,-5,0.04121300205588341
2007-08-07,expected_rate_path_shift,2007-07-31,-4,0.03618822991847992
2007-08-07,expected_rate_path_shift,2007-08-01,-3,0.040653884410858154
2007-08-07,expected_rate_path_shift,2007-08-02,-2,0.04175505414605141
2007-08-07,expected_rate_path_shift,2007-08-03,-1,0.0375993512570858
2007-08-07,expected_rate_path_shift,2007-08-06,0,0.03873182460665703
2007-08-07,inflation_assessment_shift,2007-06-29,-25,0.03111632913351059
2007-08-07,inflation_assessment_shift,2007-07-02,-24,0.035696811974048615
2007-08-07,inflation_assessment_shift,2007-07-03,-23,0.03581409156322479
2007-08-07,inflation_assessment_shift,2007-07-05,-22,0.03716541826725006
2007-08-07,inflation_assessment_shift,2007-07-06,-21,0.033309318125247955
2007-08-07,inflation_assessment_shift,2007-07-09,-20,0.03658720478415489
2007-08-07,inflation_assessment_shift,2007-07-10,-19,0.03464164584875107
2007-08-07,inflation_assessment_shift,2007-07-11,-18,0.04049857705831528
2007-08-07,inflation_assessment_shift,2007-07-12,-17,0.03798534721136093
2007-08-07,inflation_assessment_shift,2007-07-13,-16,0.03420117869973183
2007-08-07,inflation_assessment_shift,2007-07-16,-15,0.0415242575109005
2007-08-07,inflation_assessment_shift,2007-07-17,-14,0.03982527554035187
2007-08-07,inflation_assessment_shift,2007-07-18,-13,0.03816024586558342
2007-08-07,inflation_assessment_shift,2007-07-19,-12,0.04092608019709587
2007-08-07,inflation_assessment_shift,2007-07-20,-11,0.03753141313791275
2007-08-07,inflation_assessment_shift,2007-07-23,-10,0.0389239564538002
2007-08-07,inflation_assessment_shift,2007-07-24,-9,0.039271049201488495
2007-08-07,inflation_assessment_shift,2007-07-25,-8,0.04120577126741409
2007-08-07,inflation_assessment_shift,2007-07-26,-7,0.03752117231488228
2007-08-07,inflation_assessment_shift,2007-07-27,-6,0.04135593771934509
2007-08-07,inflation_assessment_shift,2007-07-30,-5,0.043239351361989975
2007-08-07,inflation_assessment_shift,2007-07-31,-4,0.03801984712481499
2007-08-07,inflation_assessment_shift,2007-08-01,-3,0.04154406860470772
2007-08-07,inflation_assessment_shift,2007-08-02,-2,0.04161250218749046
2007-08-07,inflation_assessment_shift,2007-08-03,-1,0.03948773071169853
2007-08-07,inflation_assessment_shift,2007-08-06,0,0.04283542186021805
2007-08-07,inflation_risk_shift,2007-06-29,-25,0.03185192123055458
2007-08-07,inflation_risk_shift,2007-07-02,-24,0.03644540160894394
2007-08-07,inflation_risk_shift,2007-07-03,-23,0.0376785509288311
2007-08-07,inflation_risk_shift,2007-07-05,-22,0.03809633105993271
2007-08-07,inflation_risk_shift,2007-07-06,-21,0.034540772438049316
2007-08-07,inflation_risk_shift,2007-07-09,-20,0.03740457072854042
2007-08-07,inflation_risk_shift,2007-07-10,-19,0.03638462349772453
2007-08-07,inflation_risk_shift,2007-07-11,-18,0.04319099709391594
2007-08-07,inflation_risk_shift,2007-07-12,-17,0.038717031478881836
2007-08-07,inflation_risk_shift,2007-07-13,-16,0.034221209585666656
2007-08-07,inflation_risk_shift,2007-07-16,-15,0.04201769083738327
2007-08-07,inflation_risk_shift,2007-07-17,-14,0.038645729422569275
2007-08-07,inflation_risk_shift,2007-07-18,-13,0.03779605031013489
2007-08-07,inflation_risk_shift,2007-07-19,-12,0.040122389793395996
2007-08-07,inflation_risk_shift,2007-07-20,-11,0.036749523133039474
2007-08-07,inflation_risk_shift,2007-07-23,-10,0.03829392418265343
2007-08-07,inflation_risk_shift,2007-07-24,-9,0.038620054721832275
2007-08-07,inflation_risk_shift,2007-07-25,-8,0.04029614478349686
2007-08-07,inflation_risk_shift,2007-07-26,-7,0.036771856248378754
2007-08-07,inflation_risk_shift,2007-07-27,-6,0.04026581346988678
2007-08-07,inflation_risk_shift,2007-07-30,-5,0.0428590402007103
2007-08-07,inflation_risk_shift,2007-07-31,-4,0.0370626263320446
2007-08-07,inflation_risk_shift,2007-08-01,-3,0.04066918417811394
2007-08-07,inflation_risk_shift,2007-08-02,-2,0.04076492786407471
2007-08-07,inflation_risk_shift,2007-08-03,-1,0.03840537369251251
2007-08-07,inflation_risk_shift,2007-08-06,0,0.0421282984316349
2007-08-07,unemployment_assessment_shift,2007-06-29,-25,0.03111225552856922
2007-08-07,unemployment_assessment_shift,2007-07-02,-24,0.03366661071777344
2007-08-07,unemployment_assessment_shift,2007-07-03,-23,0.03293198347091675
2007-08-07,unemployment_assessment_shift,2007-07-05,-22,0.03444328159093857
2007-08-07,unemployment_assessment_shift,2007-07-06,-21,0.032316263765096664
2007-08-07,unemployment_assessment_shift,2007-07-09,-20,0.03564215078949928
2007-08-07,unemployment_assessment_shift,2007-07-10,-19,0.03355709835886955
2007-08-07,unemployment_assessment_shift,2007-07-11,-18,0.03888880833983421
2007-08-07,unemployment_assessment_shift,2007-07-12,-17,0.03990289196372032
2007-08-07,unemployment_assessment_shift,2007-07-13,-16,0.035708338022232056
2007-08-07,unemployment_assessment_shift,2007-07-16,-15,0.04302148520946503
2007-08-07,unemployment_assessment_shift,2007-07-17,-14,0.041949644684791565
2007-08-07,unemployment_assessment_shift,2007-07-18,-13,0.04035479575395584
2007-08-07,unemployment_assessment_shift,2007-07-19,-12,0.04518939182162285
2007-08-07,unemployment_assessment_shift,2007-07-20,-11,0.0400722473859787
2007-08-07,unemployment_assessment_shift,2007-07-23,-10,0.03998803719878197
2007-08-07,unemployment_assessment_shift,2007-07-24,-9,0.03934349864721298
2007-08-07,unemployment_assessment_shift,2007-07-25,-8,0.04212450236082077
2007-08-07,unemployment_assessment_shift,2007-07-26,-7,0.03753743693232536
2007-08-07,unemployment_assessment_shift,2007-07-27,-6,0.04069583863019943
2007-08-07,unemployment_assessment_shift,2007-07-30,-5,0.042488276958465576
2007-08-07,unemployment_assessment_shift,2007-07-31,-4,0.03702680021524429
2007-08-07,unemployment_assessment_shift,2007-08-01,-3,0.04120049625635147
2007-08-07,unemployment_assessment_shift,2007-08-02,-2,0.04179774224758148
2007-08-07,unemployment_assessment_shift,2007-08-03,-1,0.03857513889670372
2007-08-07,unemployment_assessment_shift,2007-08-06,0,0.04046500101685524
2007-08-07,labor_market_risk_shift,2007-06-29,-25,0.0315227173268795
2007-08-07,labor_market_risk_shift,2007-07-02,-24,0.0330098420381546
2007-08-07,labor_market_risk_shift,2007-07-03,-23,0.03365224227309227
2007-08-07,labor_market_risk_shift,2007-07-05,-22,0.03475040942430496
2007-08-07,labor_market_risk_shift,2007-07-06,-21,0.03268885239958763
2007-08-07,labor_market_risk_shift,2007-07-09,-20,0.03524832800030708
2007-08-07,labor_market_risk_shift,2007-07-10,-19,0.03365045413374901
2007-08-07,labor_market_risk_shift,2007-07-11,-18,0.03834836930036545
2007-08-07,labor_market_risk_shift,2007-07-12,-17,0.04145403578877449
2007-08-07,labor_market_risk_shift,2007-07-13,-16,0.03559907525777817
2007-08-07,labor_market_risk_shift,2007-07-16,-15,0.042895007878541946
2007-08-07,labor_market_risk_shift,2007-07-17,-14,0.0418652780354023
2007-08-07,labor_market_risk_shift,2007-07-18,-13,0.03984212130308151
2007-08-07,labor_market_risk_shift,2007-07-19,-12,0.045351848006248474
2007-08-07,labor_market_risk_shift,2007-07-20,-11,0.03977501392364502
2007-08-07,labor_market_risk_shift,2007-07-23,-10,0.03931938484311104
2007-08-07,labor_market_risk_shift,2007-07-24,-9,0.03857849910855293
2007-08-07,labor_market_risk_shift,2007-07-25,-8,0.04143037647008896
2007-08-07,labor_market_risk_shift,2007-07-26,-7,0.03716544061899185
2007-08-07,labor_market_risk_shift,2007-07-27,-6,0.040884457528591156
2007-08-07,labor_market_risk_shift,2007-07-30,-5,0.043064191937446594
2007-08-07,labor_market_risk_shift,2007-07-31,-4,0.03716779500246048
2007-08-07,labor_market_risk_shift,2007-08-01,-3,0.04155078902840614
2007-08-07,labor_market_risk_shift,2007-08-02,-2,0.04207632318139076
2007-08-07,labor_market_risk_shift,2007-08-03,-1,0.03797173127532005
2007-08-07,labor_market_risk_shift,2007-08-06,0,0.04113741219043732
2007-08-07,growth_activity_shift,2007-06-29,-25,0.03266230225563049
2007-08-07,growth_activity_shift,2007-07-02,-24,0.03351776301860809
2007-08-07,growth_activity_shift,2007-07-03,-23,0.03260061889886856
2007-08-07,growth_activity_shift,2007-07-05,-22,0.03435949236154556
2007-08-07,growth_activity_shift,2007-07-06,-21,0.03300359845161438
2007-08-07,growth_activity_shift,2007-07-09,-20,0.03600403666496277
2007-08-07,growth_activity_shift,2007-07-10,-19,0.0344662070274353
2007-08-07,growth_activity_shift,2007-07-11,-18,0.03867622837424278
2007-08-07,growth_activity_shift,2007-07-12,-17,0.04163675382733345
2007-08-07,growth_activity_shift,2007-07-13,-16,0.03625185787677765
2007-08-07,growth_activity_shift,2007-07-16,-15,0.043110478669404984
2007-08-07,growth_activity_shift,2007-07-17,-14,0.04205299913883209
2007-08-07,growth_activity_shift,2007-07-18,-13,0.04086444526910782
2007-08-07,growth_activity_shift,2007-07-19,-12,0.0456848070025444
2007-08-07,growth_activity_shift,2007-07-20,-11,0.04026820510625839
2007-08-07,growth_activity_shift,2007-07-23,-10,0.039348091930150986
2007-08-07,growth_activity_shift,2007-07-24,-9,0.038794033229351044
2007-08-07,growth_activity_shift,2007-07-25,-8,0.041437603533267975
2007-08-07,growth_activity_shift,2007-07-26,-7,0.037323247641325
2007-08-07,growth_activity_shift,2007-07-27,-6,0.04007456451654434
2007-08-07,growth_activity_shift,2007-07-30,-5,0.041484393179416656
2007-08-07,growth_activity_shift,2007-07-31,-4,0.03638017177581787
2007-08-07,growth_activity_shift,2007-08-01,-3,0.04099433124065399
2007-08-07,growth_activity_shift,2007-08-02,-2,0.04147247597575188
2007-08-07,growth_activity_shift,2007-08-03,-1,0.03810345008969307
2007-08-07,growth_activity_shift,2007-08-06,0,0.03942788392305374
2007-08-07,financial_conditions_shift,2007-06-29,-25,0.04397132247686386
2007-08-07,financial_conditions_shift,2007-07-02,-24,0.05196331441402435
2007-08-07,financial_conditions_shift,2007-07-03,-23,0.05241023749113083
2007-08-07,financial_conditions_shift,2007-07-05,-22,0.0476466529071331
2007-08-07,financial_conditions_shift,2007-07-06,-21,0.04036644846200943
2007-08-07,financial_conditions_shift,2007-07-09,-20,0.03892192989587784
2007-08-07,financial_conditions_shift,2007-07-10,-19,0.04208057373762131
2007-08-07,financial_conditions_shift,2007-07-11,-18,0.04036042466759682
2007-08-07,financial_conditions_shift,2007-07-12,-17,0.032368626445531845
2007-08-07,financial_conditions_shift,2007-07-13,-16,0.034539565443992615
2007-08-07,financial_conditions_shift,2007-07-16,-15,0.03400618955492973
2007-08-07,financial_conditions_shift,2007-07-17,-14,0.03225245326757431
2007-08-07,financial_conditions_shift,2007-07-18,-13,0.03226243704557419
2007-08-07,financial_conditions_shift,2007-07-19,-12,0.029102753847837448
2007-08-07,financial_conditions_shift,2007-07-20,-11,0.03287780284881592
2007-08-07,financial_conditions_shift,2007-07-23,-10,0.03611219301819801
2007-08-07,financial_conditions_shift,2007-07-24,-9,0.0366540402173996
2007-08-07,financial_conditions_shift,2007-07-25,-8,0.034258559346199036
2007-08-07,financial_conditions_shift,2007-07-26,-7,0.0371871255338192
2007-08-07,financial_conditions_shift,2007-07-27,-6,0.03707636520266533
2007-08-07,financial_conditions_shift,2007-07-30,-5,0.03819485381245613
2007-08-07,financial_conditions_shift,2007-07-31,-4,0.04082204028964043
2007-08-07,financial_conditions_shift,2007-08-01,-3,0.037406809628009796
2007-08-07,financial_conditions_shift,2007-08-02,-2,0.03615028038620949
2007-08-07,financial_conditions_shift,2007-08-03,-1,0.03854532167315483
2007-08-07,financial_conditions_shift,2007-08-06,0,0.04246167093515396
2007-08-07,risk_balance_shift,2007-06-29,-25,0.03191922977566719
2007-08-07,risk_balance_shift,2007-07-02,-24,0.03819645941257477
2007-08-07,risk_balance_shift,2007-07-03,-23,0.03862333670258522
2007-08-07,risk_balance_shift,2007-07-05,-22,0.038553543388843536
2007-08-07,risk_balance_shift,2007-07-06,-21,0.034578319638967514
2007-08-07,risk_balance_shift,2007-07-09,-20,0.03730088844895363
2007-08-07,risk_balance_shift,2007-07-10,-19,0.03659961372613907
2007-08-07,risk_balance_shift,2007-07-11,-18,0.0430300235748291
2007-08-07,risk_balance_shift,2007-07-12,-17,0.03774143382906914
2007-08-07,risk_balance_shift,2007-07-13,-16,0.03380842134356499
2007-08-07,risk_balance_shift,2007-07-16,-15,0.04146149009466171
2007-08-07,risk_balance_shift,2007-07-17,-14,0.03814530372619629
2007-08-07,risk_balance_shift,2007-07-18,-13,0.03669712692499161
2007-08-07,risk_balance_shift,2007-07-19,-12,0.03927156329154968
2007-08-07,risk_balance_shift,2007-07-20,-11,0.036997370421886444
2007-08-07,risk_balance_shift,2007-07-23,-10,0.03901524096727371
2007-08-07,risk_balance_shift,2007-07-24,-9,0.038190681487321854
2007-08-07,risk_balance_shift,2007-07-25,-8,0.03970163315534592
2007-08-07,risk_balance_shift,2007-07-26,-7,0.03634009137749672
2007-08-07,risk_balance_shift,2007-07-27,-6,0.04015113413333893
2007-08-07,risk_balance_shift,2007-07-30,-5,0.04360945522785187
2007-08-07,risk_balance_shift,2007-07-31,-4,0.03798501566052437
2007-08-07,risk_balance_shift,2007-08-01,-3,0.040659479796886444
2007-08-07,risk_balance_shift,2007-08-02,-2,0.0404166541993618
2007-08-07,risk_balance_shift,2007-08-03,-1,0.038593266159296036
2007-08-07,risk_balance_shift,2007-08-06,0,0.042413193732500076
2007-08-07,committee_dispersion,2007-06-29,-25,0.03311130404472351
2007-08-07,committee_dispersion,2007-07-02,-24,0.03258650749921799
2007-08-07,committee_dispersion,2007-07-03,-23,0.032139990478754044
2007-08-07,committee_dispersion,2007-07-05,-22,0.034173183143138885
2007-08-07,committee_dispersion,2007-07-06,-21,0.03344089537858963
2007-08-07,committee_dispersion,2007-07-09,-20,0.036051928997039795
2007-08-07,committee_dispersion,2007-07-10,-19,0.03455788642168045
2007-08-07,committee_dispersion,2007-07-11,-18,0.03868141397833824
2007-08-07,committee_dispersion,2007-07-12,-17,0.042921554297208786
2007-08-07,committee_dispersion,2007-07-13,-16,0.036867305636405945
2007-08-07,committee_dispersion,2007-07-16,-15,0.04321678355336189
2007-08-07,committee_dispersion,2007-07-17,-14,0.04240825027227402
2007-08-07,committee_dispersion,2007-07-18,-13,0.04147583618760109
2007-08-07,committee_dispersion,2007-07-19,-12,0.04655419662594795
2007-08-07,committee_dispersion,2007-07-20,-11,0.04111165553331375
2007-08-07,committee_dispersion,2007-07-23,-10,0.03947291523218155
2007-08-07,committee_dispersion,2007-07-24,-9,0.03849169239401817
2007-08-07,committee_dispersion,2007-07-25,-8,0.041280653327703476
2007-08-07,committee_dispersion,2007-07-26,-7,0.0371469184756279
2007-08-07,committee_dispersion,2007-07-27,-6,0.03978961706161499
2007-08-07,committee_dispersion,2007-07-30,-5,0.040856316685676575
2007-08-07,committee_dispersion,2007-07-31,-4,0.03584637492895126
2007-08-07,committee_dispersion,2007-08-01,-3,0.040345191955566406
2007-08-07,committee_dispersion,2007-08-02,-2,0.04115959629416466
2007-08-07,committee_dispersion,2007-08-03,-1,0.03747331351041794
2007-08-07,committee_dispersion,2007-08-06,0,0.03883865848183632
2007-08-07,policy_uncertainty,2007-06-29,-25,0.04123455286026001
2007-08-07,policy_uncertainty,2007-07-02,-24,0.050121523439884186
2007-08-07,policy_uncertainty,2007-07-03,-23,0.05230173468589783
2007-08-07,policy_uncertainty,2007-07-05,-22,0.04707276076078415
2007-08-07,policy_uncertainty,2007-07-06,-21,0.038551874458789825
2007-08-07,policy_uncertainty,2007-07-09,-20,0.03858761116862297
2007-08-07,policy_uncertainty,2007-07-10,-19,0.04177921265363693
2007-08-07,policy_uncertainty,2007-07-11,-18,0.04153701290488243
2007-08-07,policy_uncertainty,2007-07-12,-17,0.03233570232987404
2007-08-07,policy_uncertainty,2007-07-13,-16,0.033870451152324677
2007-08-07,policy_uncertainty,2007-07-16,-15,0.03504617512226105
2007-08-07,policy_uncertainty,2007-07-17,-14,0.032489001750946045
2007-08-07,policy_uncertainty,2007-07-18,-13,0.03194928914308548
2007-08-07,policy_uncertainty,2007-07-19,-12,0.029947753995656967
2007-08-07,policy_uncertainty,2007-07-20,-11,0.03271032124757767
2007-08-07,policy_uncertainty,2007-07-23,-10,0.03683286905288696
2007-08-07,policy_uncertainty,2007-07-24,-9,0.036778222769498825
2007-08-07,policy_uncertainty,2007-07-25,-8,0.03477460891008377
2007-08-07,policy_uncertainty,2007-07-26,-7,0.03703650087118149
2007-08-07,policy_uncertainty,2007-07-27,-6,0.03802862763404846
2007-08-07,policy_uncertainty,2007-07-30,-5,0.040128350257873535
2007-08-07,policy_uncertainty,2007-07-31,-4,0.04056519269943237
2007-08-07,policy_uncertainty,2007-08-01,-3,0.038039080798625946
2007-08-07,policy_uncertainty,2007-08-02,-2,0.03697261959314346
2007-08-07,policy_uncertainty,2007-08-03,-1,0.03821342810988426
2007-08-07,policy_uncertainty,2007-08-06,0,0.043095529079437256
2007-08-07,forward_guidance_strength,2007-06-29,-25,0.036352407187223434
2007-08-07,forward_guidance_strength,2007-07-02,-24,0.0457763709127903
2007-08-07,forward_guidance_strength,2007-07-03,-23,0.04890605807304382
2007-08-07,forward_guidance_strength,2007-07-05,-22,0.04561641439795494
2007-08-07,forward_guidance_strength,2007-07-06,-21,0.03591443598270416
2007-08-07,forward_guidance_strength,2007-07-09,-20,0.03770952299237251
2007-08-07,forward_guidance_strength,2007-07-10,-19,0.03980894759297371
2007-08-07,forward_guidance_strength,2007-07-11,-18,0.04338270053267479
2007-08-07,forward_guidance_strength,2007-07-12,-17,0.03243989124894142
2007-08-07,forward_guidance_strength,2007-07-13,-16,0.03216681256890297
2007-08-07,forward_guidance_strength,2007-07-16,-15,0.03572811558842659
2007-08-07,forward_guidance_strength,2007-07-17,-14,0.03367023169994354
2007-08-07,forward_guidance_strength,2007-07-18,-13,0.032289475202560425
2007-08-07,forward_guidance_strength,2007-07-19,-12,0.031365592032670975
2007-08-07,forward_guidance_strength,2007-07-20,-11,0.03243539482355118
2007-08-07,forward_guidance_strength,2007-07-23,-10,0.03707863762974739
2007-08-07,forward_guidance_strength,2007-07-24,-9,0.03707736358046532
2007-08-07,forward_guidance_strength,2007-07-25,-8,0.036374226212501526
2007-08-07,forward_guidance_strength,2007-07-26,-7,0.036926984786987305
2007-08-07,forward_guidance_strength,2007-07-27,-6,0.040513452142477036
2007-08-07,forward_guidance_strength,2007-07-30,-5,0.043803296983242035
2007-08-07,forward_guidance_strength,2007-07-31,-4,0.04084853082895279
2007-08-07,forward_guidance_strength,2007-08-01,-3,0.040028512477874756
2007-08-07,forward_guidance_strength,2007-08-02,-2,0.03852736949920654
2007-08-07,forward_guidance_strength,2007-08-03,-1,0.03921075910329819
2007-08-07,forward_guidance_strength,2007-08-06,0,0.04604849964380264
2007-09-18,rate_decision,2007-08-08,-27,0.033154092729091644
2007-09-18,rate_decision,2007-08-09,-26,0.035572052001953125
2007-09-18,rate_decision,2007-08-10,-25,0.03576454892754555
2007-09-18,rate_decision,2007-08-13,-24,0.03699972480535507
2007-09-18,rate_decision,2007-08-14,-23,0.0355583094060421
2007-09-18,rate_decision,2007-08-15,-22,0.03645560145378113
2007-09-18,rate_decision,2007-08-16,-21,0.03662286698818207
2007-09-18,rate_decision,2007-08-17,-20,0.03681318461894989
2007-09-18,rate_decision,2007-08-20,-19,0.03788008540868759
2007-09-18,rate_decision,2007-08-21,-18,0.039264336228370667
2007-09-18,rate_decision,2007-08-22,-17,0.03803405910730362
2007-09-18,rate_decision,2007-08-23,-16,0.03846050798892975
2007-09-18,rate_decision,2007-08-24,-15,0.03558465838432312
2007-09-18,rate_decision,2007-08-27,-14,0.03415462374687195
2007-09-18,rate_decision,2007-08-28,-13,0.033216848969459534
2007-09-18,rate_decision,2007-08-29,-12,0.03312878683209419
2007-09-18,rate_decision,2007-08-30,-11,0.03342993184924126
2007-09-18,rate_decision,2007-08-31,-10,0.03343314677476883
2007-09-18,rate_decision,2007-09-04,-9,0.03576423227787018
2007-09-18,rate_decision,2007-09-05,-8,0.0359976701438427
2007-09-18,rate_decision,2007-09-06,-7,0.03595660999417305
2007-09-18,rate_decision,2007-09-07,-6,0.03594300523400307
2007-09-18,rate_decision,2007-09-10,-5,0.03614559769630432
2007-09-18,rate_decision,2007-09-11,-4,0.03690870478749275
2007-09-18,rate_decision,2007-09-12,-3,0.03671172633767128
2007-09-18,rate_decision,2007-09-13,-2,0.036617714911699295
2007-09-18,rate_decision,2007-09-14,-1,0.03540434315800667
2007-09-18,rate_decision,2007-09-17,0,0.031022995710372925
2007-09-18,current_policy_stance,2007-08-08,-27,0.04258285462856293
2007-09-18,current_policy_stance,2007-08-09,-26,0.033744826912879944
2007-09-18,current_policy_stance,2007-08-10,-25,0.03641236200928688
2007-09-18,current_policy_stance,2007-08-13,-24,0.03696504980325699
2007-09-18,current_policy_stance,2007-08-14,-23,0.03700697422027588
2007-09-18,current_policy_stance,2007-08-15,-22,0.03640282154083252
2007-09-18,current_policy_stance,2007-08-16,-21,0.03653259202837944
2007-09-18,current_policy_stance,2007-08-17,-20,0.03539165481925011
2007-09-18,current_policy_stance,2007-08-20,-19,0.036420755088329315
2007-09-18,current_policy_stance,2007-08-21,-18,0.031854018568992615
2007-09-18,current_policy_stance,2007-08-22,-17,0.03379536792635918
2007-09-18,current_policy_stance,2007-08-23,-16,0.03839441388845444
2007-09-18,current_policy_stance,2007-08-24,-15,0.03585723042488098
2007-09-18,current_policy_stance,2007-08-27,-14,0.03896515443921089
2007-09-18,current_policy_stance,2007-08-28,-13,0.0368802547454834
2007-09-18,current_policy_stance,2007-08-29,-12,0.03566368669271469
2007-09-18,current_policy_stance,2007-08-30,-11,0.03309283405542374
2007-09-18,current_policy_stance,2007-08-31,-10,0.03415132313966751
2007-09-18,current_policy_stance,2007-09-04,-9,0.03577590733766556
2007-09-18,current_policy_stance,2007-09-05,-8,0.03631170466542244
2007-09-18,current_policy_stance,2007-09-06,-7,0.03904254734516144
2007-09-18,current_policy_stance,2007-09-07,-6,0.03483613580465317
2007-09-18,current_policy_stance,2007-09-10,-5,0.03193116933107376
2007-09-18,current_policy_stance,2007-09-11,-4,0.031486138701438904
2007-09-18,current_policy_stance,2007-09-12,-3,0.029826324433088303
2007-09-18,current_policy_stance,2007-09-13,-2,0.03226959705352783
2007-09-18,current_policy_stance,2007-09-14,-1,0.035826425999403
2007-09-18,current_policy_stance,2007-09-17,0,0.04257986694574356
2007-09-18,policy_stance_shift,2007-08-08,-27,0.04182223230600357
2007-09-18,policy_stance_shift,2007-08-09,-26,0.03400428593158722
2007-09-18,policy_stance_shift,2007-08-10,-25,0.036707501858472824
2007-09-18,policy_stance_shift,2007-08-13,-24,0.03721550852060318
2007-09-18,policy_stance_shift,2007-08-14,-23,0.0369030125439167
2007-09-18,policy_stance_shift,2007-08-15,-22,0.03620575740933418
2007-09-18,policy_stance_shift,2007-08-16,-21,0.03586863726377487
2007-09-18,policy_stance_shift,2007-08-17,-20,0.034580834209918976
2007-09-18,policy_stance_shift,2007-08-20,-19,0.03559498488903046
2007-09-18,policy_stance_shift,2007-08-21,-18,0.03132282942533493
2007-09-18,policy_stance_shift,2007-08-22,-17,0.03315185755491257
2007-09-18,policy_stance_shift,2007-08-23,-16,0.03808518126606941
2007-09-18,policy_stance_shift,2007-08-24,-15,0.0366196371614933
2007-09-18,policy_stance_shift,2007-08-27,-14,0.03893650695681572
2007-09-18,policy_stance_shift,2007-08-28,-13,0.036872390657663345
2007-09-18,policy_stance_shift,2007-08-29,-12,0.035637546330690384
2007-09-18,policy_stance_shift,2007-08-30,-11,0.03437762334942818
2007-09-18,policy_stance_shift,2007-08-31,-10,0.034889426082372665
2007-09-18,policy_stance_shift,2007-09-04,-9,0.03607036545872688
2007-09-18,policy_stance_shift,2007-09-05,-8,0.03647179901599884
2007-09-18,policy_stance_shift,2007-09-06,-7,0.03926186263561249
2007-09-18,policy_stance_shift,2007-09-07,-6,0.03549009561538696
2007-09-18,policy_stance_shift,2007-09-10,-5,0.03212045878171921
2007-09-18,policy_stance_shift,2007-09-11,-4,0.03119509480893612
2007-09-18,policy_stance_shift,2007-09-12,-3,0.029161829501390457
2007-09-18,policy_stance_shift,2007-09-13,-2,0.031796250492334366
2007-09-18,policy_stance_shift,2007-09-14,-1,0.036022283136844635
2007-09-18,policy_stance_shift,2007-09-17,0,0.04361417889595032
2007-09-18,expected_rate_path_shift,2007-08-08,-27,0.04181632772088051
2007-09-18,expected_rate_path_shift,2007-08-09,-26,0.03390493988990784
2007-09-18,expected_rate_path_shift,2007-08-10,-25,0.03675197809934616
2007-09-18,expected_rate_path_shift,2007-08-13,-24,0.03714475780725479
2007-09-18,expected_rate_path_shift,2007-08-14,-23,0.0368572473526001
2007-09-18,expected_rate_path_shift,2007-08-15,-22,0.03615880385041237
2007-09-18,expected_rate_path_shift,2007-08-16,-21,0.03591601550579071
2007-09-18,expected_rate_path_shift,2007-08-17,-20,0.034599170088768005
2007-09-18,expected_rate_path_shift,2007-08-20,-19,0.035585641860961914
2007-09-18,expected_rate_path_shift,2007-08-21,-18,0.031246576458215714
2007-09-18,expected_rate_path_shift,2007-08-22,-17,0.03302295506000519
2007-09-18,expected_rate_path_shift,2007-08-23,-16,0.03794422373175621
2007-09-18,expected_rate_path_shift,2007-08-24,-15,0.036444127559661865
2007-09-18,expected_rate_path_shift,2007-08-27,-14,0.03886669874191284
2007-09-18,expected_rate_path_shift,2007-08-28,-13,0.03689349815249443
2007-09-18,expected_rate_path_shift,2007-08-29,-12,0.035690560936927795
2007-09-18,expected_rate_path_shift,2007-08-30,-11,0.03444189205765724
2007-09-18,expected_rate_path_shift,2007-08-31,-10,0.034994952380657196
2007-09-18,expected_rate_path_shift,2007-09-04,-9,0.03605253994464874
2007-09-18,expected_rate_path_shift,2007-09-05,-8,0.03660007566213608
2007-09-18,expected_rate_path_shift,2007-09-06,-7,0.039302729070186615
2007-09-18,expected_rate_path_shift,2007-09-07,-6,0.035511720925569534
2007-09-18,expected_rate_path_shift,2007-09-10,-5,0.03224650397896767
2007-09-18,expected_rate_path_shift,2007-09-11,-4,0.031201401725411415
2007-09-18,expected_rate_path_shift,2007-09-12,-3,0.029334910213947296
2007-09-18,expected_rate_path_shift,2007-09-13,-2,0.03182600438594818
2007-09-18,expected_rate_path_shift,2007-09-14,-1,0.036024659872055054
2007-09-18,expected_rate_path_shift,2007-09-17,0,0.043619073927402496
2007-09-18,inflation_assessment_shift,2007-08-08,-27,0.04200680926442146
2007-09-18,inflation_assessment_shift,2007-08-09,-26,0.033832382410764694
2007-09-18,inflation_assessment_shift,2007-08-10,-25,0.03670294210314751
2007-09-18,inflation_assessment_shift,2007-08-13,-24,0.03720351308584213
2007-09-18,inflation_assessment_shift,2007-08-14,-23,0.03697245568037033
2007-09-18,inflation_assessment_shift,2007-08-15,-22,0.036279596388339996
2007-09-18,inflation_assessment_shift,2007-08-16,-21,0.036121565848588943
2007-09-18,inflation_assessment_shift,2007-08-17,-20,0.03459444269537926
2007-09-18,inflation_assessment_shift,2007-08-20,-19,0.035998113453388214
2007-09-18,inflation_assessment_shift,2007-08-21,-18,0.03148658573627472
2007-09-18,inflation_assessment_shift,2007-08-22,-17,0.03327060490846634
2007-09-18,inflation_assessment_shift,2007-08-23,-16,0.038185469806194305
2007-09-18,inflation_assessment_shift,2007-08-24,-15,0.03633090481162071
2007-09-18,inflation_assessment_shift,2007-08-27,-14,0.03882144019007683
2007-09-18,inflation_assessment_shift,2007-08-28,-13,0.036752618849277496
2007-09-18,inflation_assessment_shift,2007-08-29,-12,0.035633523017168045
2007-09-18,inflation_assessment_shift,2007-08-30,-11,0.03402192145586014
2007-09-18,inflation_assessment_shift,2007-08-31,-10,0.034655679017305374
2007-09-18,inflation_assessment_shift,2007-09-04,-9,0.035837121307849884
2007-09-18,inflation_assessment_shift,2007-09-05,-8,0.03657405078411102
2007-09-18,inflation_assessment_shift,2007-09-06,-7,0.03925783559679985
2007-09-18,inflation_assessment_shift,2007-09-07,-6,0.03552146628499031
2007-09-18,inflation_assessment_shift,2007-09-10,-5,0.03229697793722153
2007-09-18,inflation_assessment_shift,2007-09-11,-4,0.031129343435168266
2007-09-18,inflation_assessment_shift,2007-09-12,-3,0.02941618114709854
2007-09-18,inflation_assessment_shift,2007-09-13,-2,0.03164291754364967
2007-09-18,inflation_assessment_shift,2007-09-14,-1,0.03618915379047394
2007-09-18,inflation_assessment_shift,2007-09-17,0,0.043264370411634445
2007-09-18,inflation_risk_shift,2007-08-08,-27,0.0416640006005764
2007-09-18,inflation_risk_shift,2007-08-09,-26,0.034106191247701645
2007-09-18,inflation_risk_shift,2007-08-10,-25,0.036788370460271835
2007-09-18,inflation_risk_shift,2007-08-13,-24,0.037133969366550446
2007-09-18,inflation_risk_shift,2007-08-14,-23,0.0369374044239521
2007-09-18,inflation_risk_shift,2007-08-15,-22,0.0362679585814476
2007-09-18,inflation_risk_shift,2007-08-16,-21,0.035901106894016266
2007-09-18,inflation_risk_shift,2007-08-17,-20,0.0345606803894043
2007-09-18,inflation_risk_shift,2007-08-20,-19,0.03564734756946564
2007-09-18,inflation_risk_shift,2007-08-21,-18,0.03131498768925667
2007-09-18,inflation_risk_shift,2007-08-22,-17,0.03302459418773651
2007-09-18,inflation_risk_shift,2007-08-23,-16,0.0379844531416893
2007-09-18,inflation_risk_shift,2007-08-24,-15,0.036623526364564896
2007-09-18,inflation_risk_shift,2007-08-27,-14,0.03888397663831711
2007-09-18,inflation_risk_shift,2007-08-28,-13,0.03703010454773903
2007-09-18,inflation_risk_shift,2007-08-29,-12,0.03561048209667206
2007-09-18,inflation_risk_shift,2007-08-30,-11,0.03421137109398842
2007-09-18,inflation_risk_shift,2007-08-31,-10,0.03460819274187088
2007-09-18,inflation_risk_shift,2007-09-04,-9,0.03590526431798935
2007-09-18,inflation_risk_shift,2007-09-05,-8,0.0366351380944252
2007-09-18,inflation_risk_shift,2007-09-06,-7,0.0392826572060585
2007-09-18,inflation_risk_shift,2007-09-07,-6,0.03565368056297302
2007-09-18,inflation_risk_shift,2007-09-10,-5,0.03211662173271179
2007-09-18,inflation_risk_shift,2007-09-11,-4,0.03105192445218563
2007-09-18,inflation_risk_shift,2007-09-12,-3,0.029372286051511765
2007-09-18,inflation_risk_shift,2007-09-13,-2,0.03172343596816063
2007-09-18,inflation_risk_shift,2007-09-14,-1,0.03638221323490143
2007-09-18,inflation_risk_shift,2007-09-17,0,0.04357808083295822
2007-09-18,unemployment_assessment_shift,2007-08-08,-27,0.04164677485823631
2007-09-18,unemployment_assessment_shift,2007-08-09,-26,0.03411179035902023
2007-09-18,unemployment_assessment_shift,2007-08-10,-25,0.03683936223387718
2007-09-18,unemployment_assessment_shift,2007-08-13,-24,0.03729529678821564
2007-09-18,unemployment_assessment_shift,2007-08-14,-23,0.03702503442764282
2007-09-18,unemployment_assessment_shift,2007-08-15,-22,0.03630351275205612
2007-09-18,unemployment_assessment_shift,2007-08-16,-21,0.03586401417851448
2007-09-18,unemployment_assessment_shift,2007-08-17,-20,0.03443150594830513
2007-09-18,unemployment_assessment_shift,2007-08-20,-19,0.03554249554872513
2007-09-18,unemployment_assessment_shift,2007-08-21,-18,0.031216120347380638
2007-09-18,unemployment_assessment_shift,2007-08-22,-17,0.03278054669499397
2007-09-18,unemployment_assessment_shift,2007-08-23,-16,0.03789203241467476
2007-09-18,unemployment_assessment_shift,2007-08-24,-15,0.03656990826129913
2007-09-18,unemployment_assessment_shift,2007-08-27,-14,0.038872528821229935
2007-09-18,unemployment_assessment_shift,2007-08-28,-13,0.03693867102265358
2007-09-18,unemployment_assessment_shift,2007-08-29,-12,0.03568920120596886
2007-09-18,unemployment_assessment_shift,2007-08-30,-11,0.03451986238360405
2007-09-18,unemployment_assessment_shift,2007-08-31,-10,0.034911565482616425
2007-09-18,unemployment_assessment_shift,2007-09-04,-9,0.036126647144556046
2007-09-18,unemployment_assessment_shift,2007-09-05,-8,0.03672086447477341
2007-09-18,unemployment_assessment_shift,2007-09-06,-7,0.03938348963856697
2007-09-18,unemployment_assessment_shift,2007-09-07,-6,0.035779304802417755
2007-09-18,unemployment_assessment_shift,2007-09-10,-5,0.0322769470512867
2007-09-18,unemployment_assessment_shift,2007-09-11,-4,0.03103453852236271
2007-09-18,unemployment_assessment_shift,2007-09-12,-3,0.02900514379143715
2007-09-18,unemployment_assessment_shift,2007-09-13,-2,0.03143288567662239
2007-09-18,unemployment_assessment_shift,2007-09-14,-1,0.0361066609621048
2007-09-18,unemployment_assessment_shift,2007-09-17,0,0.04368326812982559
2007-09-18,labor_market_risk_shift,2007-08-08,-27,0.04143599420785904
2007-09-18,labor_market_risk_shift,2007-08-09,-26,0.034186579287052155
2007-09-18,labor_market_risk_shift,2007-08-10,-25,0.03693695738911629
2007-09-18,labor_market_risk_shift,2007-08-13,-24,0.03722972422838211
2007-09-18,labor_market_risk_shift,2007-08-14,-23,0.036820895969867706
2007-09-18,labor_market_risk_shift,2007-08-15,-22,0.03608010336756706
2007-09-18,labor_market_risk_shift,2007-08-16,-21,0.03577711433172226
2007-09-18,labor_market_risk_shift,2007-08-17,-20,0.03432970494031906
2007-09-18,labor_market_risk_shift,2007-08-20,-19,0.03523853421211243
2007-09-18,labor_market_risk_shift,2007-08-21,-18,0.031138747930526733
2007-09-18,labor_market_risk_shift,2007-08-22,-17,0.03270699456334114
2007-09-18,labor_market_risk_shift,2007-08-23,-16,0.037730321288108826
2007-09-18,labor_market_risk_shift,2007-08-24,-15,0.036631446331739426
2007-09-18,labor_market_risk_shift,2007-08-27,-14,0.038628950715065
2007-09-18,labor_market_risk_shift,2007-08-28,-13,0.03689400106668472
2007-09-18,labor_market_risk_shift,2007-08-29,-12,0.03566903620958328
2007-09-18,labor_market_risk_shift,2007-08-30,-11,0.03494151309132576
2007-09-18,labor_market_risk_shift,2007-08-31,-10,0.03530782461166382
2007-09-18,labor_market_risk_shift,2007-09-04,-9,0.03607697784900665
2007-09-18,labor_market_risk_shift,2007-09-05,-8,0.03669419512152672
2007-09-18,labor_market_risk_shift,2007-09-06,-7,0.039198920130729675
2007-09-18,labor_market_risk_shift,2007-09-07,-6,0.035843342542648315
2007-09-18,labor_market_risk_shift,2007-09-10,-5,0.03255700692534447
2007-09-18,labor_market_risk_shift,2007-09-11,-4,0.031200237572193146
2007-09-18,labor_market_risk_shift,2007-09-12,-3,0.02917223796248436
2007-09-18,labor_market_risk_shift,2007-09-13,-2,0.0315503291785717
2007-09-18,labor_market_risk_shift,2007-09-14,-1,0.03629402443766594
2007-09-18,labor_market_risk_shift,2007-09-17,0,0.04372825473546982
2007-09-18,growth_activity_shift,2007-08-08,-27,0.04146943241357803
2007-09-18,growth_activity_shift,2007-08-09,-26,0.033942580223083496
2007-09-18,growth_activity_shift,2007-08-10,-25,0.036667533218860626
2007-09-18,growth_activity_shift,2007-08-13,-24,0.03711935132741928
2007-09-18,growth_activity_shift,2007-08-14,-23,0.036780573427677155
2007-09-18,growth_activity_shift,2007-08-15,-22,0.03618330508470535
2007-09-18,growth_activity_shift,2007-08-16,-21,0.035860348492860794
2007-09-18,growth_activity_shift,2007-08-17,-20,0.03443199396133423
2007-09-18,growth_activity_shift,2007-08-20,-19,0.03573241084814072
2007-09-18,growth_activity_shift,2007-08-21,-18,0.03140229359269142
2007-09-18,growth_activity_shift,2007-08-22,-17,0.03316596895456314
2007-09-18,growth_activity_shift,2007-08-23,-16,0.03823874890804291
2007-09-18,growth_activity_shift,2007-08-24,-15,0.03670814260840416
2007-09-18,growth_activity_shift,2007-08-27,-14,0.038990724831819534
2007-09-18,growth_activity_shift,2007-08-28,-13,0.03711176663637161
2007-09-18,growth_activity_shift,2007-08-29,-12,0.03565622866153717
2007-09-18,growth_activity_shift,2007-08-30,-11,0.0342065766453743
2007-09-18,growth_activity_shift,2007-08-31,-10,0.034671127796173096
2007-09-18,growth_activity_shift,2007-09-04,-9,0.03592945635318756
2007-09-18,growth_activity_shift,2007-09-05,-8,0.036659736186265945
2007-09-18,growth_activity_shift,2007-09-06,-7,0.039199572056531906
2007-09-18,growth_activity_shift,2007-09-07,-6,0.035625144839286804
2007-09-18,growth_activity_shift,2007-09-10,-5,0.0322628952562809
2007-09-18,growth_activity_shift,2007-09-11,-4,0.03103858232498169
2007-09-18,growth_activity_shift,2007-09-12,-3,0.02933192253112793
2007-09-18,growth_activity_shift,2007-09-13,-2,0.031556859612464905
2007-09-18,growth_activity_shift,2007-09-14,-1,0.036384254693984985
2007-09-18,growth_activity_shift,2007-09-17,0,0.04367250204086304
2007-09-18,financial_conditions_shift,2007-08-08,-27,0.032492656260728836
2007-09-18,financial_conditions_shift,2007-08-09,-26,0.03548197075724602
2007-09-18,financial_conditions_shift,2007-08-10,-25,0.03339114040136337
2007-09-18,financial_conditions_shift,2007-08-13,-24,0.03369263932108879
2007-09-18,financial_conditions_shift,2007-08-14,-23,0.03435622155666351
2007-09-18,financial_conditions_shift,2007-08-15,-22,0.03488333150744438
2007-09-18,financial_conditions_shift,2007-08-16,-21,0.036107227206230164
2007-09-18,financial_conditions_shift,2007-08-17,-20,0.0382126122713089
2007-09-18,financial_conditions_shift,2007-08-20,-19,0.037857864052057266
2007-09-18,financial_conditions_shift,2007-08-21,-18,0.04137877747416496
2007-09-18,financial_conditions_shift,2007-08-22,-17,0.04066810756921768
2007-09-18,financial_conditions_shift,2007-08-23,-16,0.035696759819984436
2007-09-18,financial_conditions_shift,2007-08-24,-15,0.03389936685562134
2007-09-18,financial_conditions_shift,2007-08-27,-14,0.03437864035367966
2007-09-18,financial_conditions_shift,2007-08-28,-13,0.035417281091213226
2007-09-18,financial_conditions_shift,2007-08-29,-12,0.03676702454686165
2007-09-18,financial_conditions_shift,2007-08-30,-11,0.0330280140042305
2007-09-18,financial_conditions_shift,2007-08-31,-10,0.033491238951683044
2007-09-18,financial_conditions_shift,2007-09-04,-9,0.034171104431152344
2007-09-18,financial_conditions_shift,2007-09-05,-8,0.03329256549477577
2007-09-18,financial_conditions_shift,2007-09-06,-7,0.03225808963179588
2007-09-18,financial_conditions_shift,2007-09-07,-6,0.03308267891407013
2007-09-18,financial_conditions_shift,2007-09-10,-5,0.036943234503269196
2007-09-18,financial_conditions_shift,2007-09-11,-4,0.03958161920309067
2007-09-18,financial_conditions_shift,2007-09-12,-3,0.04420015960931778
2007-09-18,financial_conditions_shift,2007-09-13,-2,0.039983488619327545
2007-09-18,financial_conditions_shift,2007-09-14,-1,0.03541213274002075
2007-09-18,financial_conditions_shift,2007-09-17,0,0.029874004423618317
2007-09-18,risk_balance_shift,2007-08-08,-27,0.041654039174318314
2007-09-18,risk_balance_shift,2007-08-09,-26,0.034243568778038025
2007-09-18,risk_balance_shift,2007-08-10,-25,0.036892667412757874
2007-09-18,risk_balance_shift,2007-08-13,-24,0.037290409207344055
2007-09-18,risk_balance_shift,2007-08-14,-23,0.03691504895687103
2007-09-18,risk_balance_shift,2007-08-15,-22,0.03606374189257622
2007-09-18,risk_balance_shift,2007-08-16,-21,0.03574322909116745
2007-09-18,risk_balance_shift,2007-08-17,-20,0.03439583256840706
2007-09-18,risk_balance_shift,2007-08-20,-19,0.03547900542616844
2007-09-18,risk_balance_shift,2007-08-21,-18,0.03140740841627121
2007-09-18,risk_balance_shift,2007-08-22,-17,0.03307462856173515
2007-09-18,risk_balance_shift,2007-08-23,-16,0.037867382168769836
2007-09-18,risk_balance_shift,2007-08-24,-15,0.0365467332303524
2007-09-18,risk_balance_shift,2007-08-27,-14,0.038751114159822464
2007-09-18,risk_balance_shift,2007-08-28,-13,0.03677021712064743
2007-09-18,risk_balance_shift,2007-08-29,-12,0.03555308282375336
2007-09-18,risk_balance_shift,2007-08-30,-11,0.03442823886871338
2007-09-18,risk_balance_shift,2007-08-31,-10,0.03488580137491226
2007-09-18,risk_balance_shift,2007-09-04,-9,0.03615870326757431
2007-09-18,risk_balance_shift,2007-09-05,-8,0.036612194031476974
2007-09-18,risk_balance_shift,2007-09-06,-7,0.03908918797969818
2007-09-18,risk_balance_shift,2007-09-07,-6,0.035566169768571854
2007-09-18,risk_balance_shift,2007-09-10,-5,0.0321652814745903
2007-09-18,risk_balance_shift,2007-09-11,-4,0.03114580363035202
2007-09-18,risk_balance_shift,2007-09-12,-3,0.029209977015852928
2007-09-18,risk_balance_shift,2007-09-13,-2,0.03169025853276253
2007-09-18,risk_balance_shift,2007-09-14,-1,0.036335088312625885
2007-09-18,risk_balance_shift,2007-09-17,0,0.04406516253948212
2007-09-18,committee_dispersion,2007-08-08,-27,0.041640885174274445
2007-09-18,committee_dispersion,2007-08-09,-26,0.03401264175772667
2007-09-18,committee_dispersion,2007-08-10,-25,0.03665967658162117
2007-09-18,committee_dispersion,2007-08-13,-24,0.03705138713121414
2007-09-18,committee_dispersion,2007-08-14,-23,0.036727726459503174
2007-09-18,committee_dispersion,2007-08-15,-22,0.036021359264850616
2007-09-18,committee_dispersion,2007-08-16,-21,0.035851962864398956
2007-09-18,committee_dispersion,2007-08-17,-20,0.034395694732666016
2007-09-18,committee_dispersion,2007-08-20,-19,0.0356166809797287
2007-09-18,committee_dispersion,2007-08-21,-18,0.03133077546954155
2007-09-18,committee_dispersion,2007-08-22,-17,0.033044494688510895
2007-09-18,committee_dispersion,2007-08-23,-16,0.03801941126585007
2007-09-18,committee_dispersion,2007-08-24,-15,0.03648293763399124
2007-09-18,committee_dispersion,2007-08-27,-14,0.038890670984983444
2007-09-18,committee_dispersion,2007-08-28,-13,0.03712128475308418
2007-09-18,committee_dispersion,2007-08-29,-12,0.03578893467783928
2007-09-18,committee_dispersion,2007-08-30,-11,0.03442186862230301
2007-09-18,committee_dispersion,2007-08-31,-10,0.03491802513599396
2007-09-18,committee_dispersion,2007-09-04,-9,0.03599543124437332
2007-09-18,committee_dispersion,2007-09-05,-8,0.03661494329571724
2007-09-18,committee_dispersion,2007-09-06,-7,0.039075881242752075
2007-09-18,committee_dispersion,2007-09-07,-6,0.03557385504245758
2007-09-18,committee_dispersion,2007-09-10,-5,0.03236210346221924
2007-09-18,committee_dispersion,2007-09-11,-4,0.031187064945697784
2007-09-18,committee_dispersion,2007-09-12,-3,0.029551755636930466
2007-09-18,committee_dispersion,2007-09-13,-2,0.03172425925731659
2007-09-18,committee_dispersion,2007-09-14,-1,0.03605730086565018
2007-09-18,committee_dispersion,2007-09-17,0,0.04386098310351372
2007-09-18,policy_uncertainty,2007-08-08,-27,0.032997310161590576
2007-09-18,policy_uncertainty,2007-08-09,-26,0.03543128818273544
2007-09-18,policy_uncertainty,2007-08-10,-25,0.03308293595910072
2007-09-18,policy_uncertainty,2007-08-13,-24,0.03379752114415169
2007-09-18,policy_uncertainty,2007-08-14,-23,0.034498829394578934
2007-09-18,policy_uncertainty,2007-08-15,-22,0.03501363843679428
2007-09-18,policy_uncertainty,2007-08-16,-21,0.036218781024217606
2007-09-18,policy_uncertainty,2007-08-17,-20,0.03850141912698746
2007-09-18,policy_uncertainty,2007-08-20,-19,0.03800090402364731
2007-09-18,policy_uncertainty,2007-08-21,-18,0.041059739887714386
2007-09-18,policy_uncertainty,2007-08-22,-17,0.040688544511795044
2007-09-18,policy_uncertainty,2007-08-23,-16,0.03568298742175102
2007-09-18,policy_uncertainty,2007-08-24,-15,0.03370293229818344
2007-09-18,policy_uncertainty,2007-08-27,-14,0.034574445337057114
2007-09-18,policy_uncertainty,2007-08-28,-13,0.03544241189956665
2007-09-18,policy_uncertainty,2007-08-29,-12,0.036732349544763565
2007-09-18,policy_uncertainty,2007-08-30,-11,0.03258226811885834
2007-09-18,policy_uncertainty,2007-08-31,-10,0.033090949058532715
2007-09-18,policy_uncertainty,2007-09-04,-9,0.034298285841941833
2007-09-18,policy_uncertainty,2007-09-05,-8,0.03322114795446396
2007-09-18,policy_uncertainty,2007-09-06,-7,0.03238581493496895
2007-09-18,policy_uncertainty,2007-09-07,-6,0.03287925943732262
2007-09-18,policy_uncertainty,2007-09-10,-5,0.036630988121032715
2007-09-18,policy_uncertainty,2007-09-11,-4,0.03956422954797745
2007-09-18,policy_uncertainty,2007-09-12,-3,0.04387909173965454
2007-09-18,policy_uncertainty,2007-09-13,-2,0.04033195599913597
2007-09-18,policy_uncertainty,2007-09-14,-1,0.03555401787161827
2007-09-18,policy_uncertainty,2007-09-17,0,0.030155953019857407
2007-09-18,forward_guidance_strength,2007-08-08,-27,0.040659282356500626
2007-09-18,forward_guidance_strength,2007-08-09,-26,0.032342202961444855
2007-09-18,forward_guidance_strength,2007-08-10,-25,0.0334809273481369
2007-09-18,forward_guidance_strength,2007-08-13,-24,0.03517122566699982
2007-09-18,forward_guidance_strength,2007-08-14,-23,0.03612520545721054
2007-09-18,forward_guidance_strength,2007-08-15,-22,0.036401525139808655
2007-09-18,forward_guidance_strength,2007-08-16,-21,0.03759509697556496
2007-09-18,forward_guidance_strength,2007-08-17,-20,0.03753833472728729
2007-09-18,forward_guidance_strength,2007-08-20,-19,0.03943353146314621
2007-09-18,forward_guidance_strength,2007-08-21,-18,0.03611048683524132
2007-09-18,forward_guidance_strength,2007-08-22,-17,0.037505924701690674
2007-09-18,forward_guidance_strength,2007-08-23,-16,0.0393730103969574
2007-09-18,forward_guidance_strength,2007-08-24,-15,0.03415662795305252
2007-09-18,forward_guidance_strength,2007-08-27,-14,0.03888344392180443
2007-09-18,forward_guidance_strength,2007-08-28,-13,0.03715887293219566
2007-09-18,forward_guidance_strength,2007-08-29,-12,0.037752311676740646
2007-09-18,forward_guidance_strength,2007-08-30,-11,0.030612917616963387
2007-09-18,forward_guidance_strength,2007-08-31,-10,0.03180556744337082
2007-09-18,forward_guidance_strength,2007-09-04,-9,0.03454841300845146
2007-09-18,forward_guidance_strength,2007-09-05,-8,0.03470037877559662
2007-09-18,forward_guidance_strength,2007-09-06,-7,0.0368109866976738
2007-09-18,forward_guidance_strength,2007-09-07,-6,0.032673753798007965
2007-09-18,forward_guidance_strength,2007-09-10,-5,0.03336188197135925
2007-09-18,forward_guidance_strength,2007-09-11,-4,0.033309876918792725
2007-09-18,forward_guidance_strength,2007-09-12,-3,0.03501652553677559
2007-09-18,forward_guidance_strength,2007-09-13,-2,0.034379471093416214
2007-09-18,forward_guidance_strength,2007-09-14,-1,0.0341048426926136
2007-09-18,forward_guidance_strength,2007-09-17,0,0.038987383246421814
2007-10-31,rate_decision,2007-09-19,-28,0.03232960030436516
2007-10-31,rate_decision,2007-09-20,-27,0.034824881702661514
2007-10-31,rate_decision,2007-09-21,-26,0.035377681255340576
2007-10-31,rate_decision,2007-09-24,-25,0.03725042939186096
2007-10-31,rate_decision,2007-09-25,-24,0.03714163601398468
2007-10-31,rate_decision,2007-09-26,-23,0.03686249628663063
2007-10-31,rate_decision,2007-09-27,-22,0.04010261222720146
2007-10-31,rate_decision,2007-09-28,-21,0.036750536412000656
2007-10-31,rate_decision,2007-10-01,-20,0.03693454712629318
2007-10-31,rate_decision,2007-10-02,-19,0.03259074315428734
2007-10-31,rate_decision,2007-10-03,-18,0.03451859578490257
2007-10-31,rate_decision,2007-10-04,-17,0.026066750288009644
2007-10-31,rate_decision,2007-10-05,-16,0.025727588683366776
2007-10-31,rate_decision,2007-10-09,-15,0.02726070024073124
2007-10-31,rate_decision,2007-10-10,-14,0.02800908498466015
2007-10-31,rate_decision,2007-10-11,-13,0.027790486812591553
2007-10-31,rate_decision,2007-10-12,-12,0.03208959847688675
2007-10-31,rate_decision,2007-10-15,-11,0.03637634217739105
2007-10-31,rate_decision,2007-10-16,-10,0.03742353245615959
2007-10-31,rate_decision,2007-10-17,-9,0.03781287372112274
2007-10-31,rate_decision,2007-10-18,-8,0.03746364265680313
2007-10-31,rate_decision,2007-10-19,-7,0.03810218349099159
2007-10-31,rate_decision,2007-10-22,-6,0.0368194580078125
2007-10-31,rate_decision,2007-10-23,-5,0.03615129739046097
2007-10-31,rate_decision,2007-10-24,-4,0.03364044055342674
2007-10-31,rate_decision,2007-10-25,-3,0.035342324525117874
2007-10-31,rate_decision,2007-10-26,-2,0.035702552646398544
2007-10-31,rate_decision,2007-10-29,-1,0.03773006051778793
2007-10-31,rate_decision,2007-10-30,0,0.035807281732559204
2007-10-31,current_policy_stance,2007-09-19,-28,0.037958692759275436
2007-10-31,current_policy_stance,2007-09-20,-27,0.03901347517967224
2007-10-31,current_policy_stance,2007-09-21,-26,0.03383913263678551
2007-10-31,current_policy_stance,2007-09-24,-25,0.037778474390506744
2007-10-31,current_policy_stance,2007-09-25,-24,0.036193739622831345
2007-10-31,current_policy_stance,2007-09-26,-23,0.035265758633613586
2007-10-31,current_policy_stance,2007-09-27,-22,0.03144227713346481
2007-10-31,current_policy_stance,2007-09-28,-21,0.029950371012091637
2007-10-31,current_policy_stance,2007-10-01,-20,0.03292066976428032
2007-10-31,current_policy_stance,2007-10-02,-19,0.036531880497932434
2007-10-31,current_policy_stance,2007-10-03,-18,0.03826805204153061
2007-10-31,current_policy_stance,2007-10-04,-17,0.0278705395758152
2007-10-31,current_policy_stance,2007-10-05,-16,0.03219355642795563
2007-10-31,current_policy_stance,2007-10-09,-15,0.03012671507894993
2007-10-31,current_policy_stance,2007-10-10,-14,0.03116573393344879
2007-10-31,current_policy_stance,2007-10-11,-13,0.03327004611492157
2007-10-31,current_policy_stance,2007-10-12,-12,0.03263590857386589
2007-10-31,current_policy_stance,2007-10-15,-11,0.032746896147727966
2007-10-31,current_policy_stance,2007-10-16,-10,0.03435618057847023
2007-10-31,current_policy_stance,2007-10-17,-9,0.03294192999601364
2007-10-31,current_policy_stance,2007-10-18,-8,0.03282991051673889
2007-10-31,current_policy_stance,2007-10-19,-7,0.032602619379758835
2007-10-31,current_policy_stance,2007-10-22,-6,0.03715945780277252
2007-10-31,current_policy_stance,2007-10-23,-5,0.038161881268024445
2007-10-31,current_policy_stance,2007-10-24,-4,0.03564261645078659
2007-10-31,current_policy_stance,2007-10-25,-3,0.036161478608846664
2007-10-31,current_policy_stance,2007-10-26,-2,0.03655970096588135
2007-10-31,current_policy_stance,2007-10-29,-1,0.03582197055220604
2007-10-31,current_policy_stance,2007-10-30,0,0.03859030455350876
2007-10-31,policy_stance_shift,2007-09-19,-28,0.03237830102443695
2007-10-31,policy_stance_shift,2007-09-20,-27,0.03530750051140785
2007-10-31,policy_stance_shift,2007-09-21,-26,0.03154306858778
2007-10-31,policy_stance_shift,2007-09-24,-25,0.03434683382511139
2007-10-31,policy_stance_shift,2007-09-25,-24,0.03350010886788368
2007-10-31,policy_stance_shift,2007-09-26,-23,0.03634103387594223
2007-10-31,policy_stance_shift,2007-09-27,-22,0.03466222435235977
2007-10-31,policy_stance_shift,2007-09-28,-21,0.03393537923693657
2007-10-31,policy_stance_shift,2007-10-01,-20,0.03517163544893265
2007-10-31,policy_stance_shift,2007-10-02,-19,0.03881475329399109
2007-10-31,policy_stance_shift,2007-10-03,-18,0.03629573434591293
2007-10-31,policy_stance_shift,2007-10-04,-17,0.028411075472831726
2007-10-31,policy_stance_shift,2007-10-05,-16,0.03116179257631302
2007-10-31,policy_stance_shift,2007-10-09,-15,0.03147733211517334
2007-10-31,policy_stance_shift,2007-10-10,-14,0.03309020772576332
2007-10-31,policy_stance_shift,2007-10-11,-13,0.03421890363097191
2007-10-31,policy_stance_shift,2007-10-12,-12,0.03607863560318947
2007-10-31,policy_stance_shift,2007-10-15,-11,0.035051822662353516
2007-10-31,policy_stance_shift,2007-10-16,-10,0.03637396916747093
2007-10-31,policy_stance_shift,2007-10-17,-9,0.0355229526758194
2007-10-31,policy_stance_shift,2007-10-18,-8,0.03628110885620117
2007-10-31,policy_stance_shift,2007-10-19,-7,0.034660711884498596
2007-10-31,policy_stance_shift,2007-10-22,-6,0.0376899391412735
2007-10-31,policy_stance_shift,2007-10-23,-5,0.0372917465865612
2007-10-31,policy_stance_shift,2007-10-24,-4,0.03499912470579147
2007-10-31,policy_stance_shift,2007-10-25,-3,0.03411274775862694
2007-10-31,policy_stance_shift,2007-10-26,-2,0.0337773934006691
2007-10-31,policy_stance_shift,2007-10-29,-1,0.031162217259407043
2007-10-31,policy_stance_shift,2007-10-30,0,0.03634175658226013
2007-10-31,expected_rate_path_shift,2007-09-19,-28,0.04004942253232002
2007-10-31,expected_rate_path_shift,2007-09-20,-27,0.038939330726861954
2007-10-31,expected_rate_path_shift,2007-09-21,-26,0.03511391580104828
2007-10-31,expected_rate_path_shift,2007-09-24,-25,0.038454778492450714
2007-10-31,expected_rate_path_shift,2007-09-25,-24,0.03694204241037369
2007-10-31,expected_rate_path_shift,2007-09-26,-23,0.0328846201300621
2007-10-31,expected_rate_path_shift,2007-09-27,-22,0.029248885810375214
2007-10-31,expected_rate_path_shift,2007-09-28,-21,0.02715749852359295
2007-10-31,expected_rate_path_shift,2007-10-01,-20,0.03181347995996475
2007-10-31,expected_rate_path_shift,2007-10-02,-19,0.03391983360052109
2007-10-31,expected_rate_path_shift,2007-10-03,-18,0.04229414090514183
2007-10-31,expected_rate_path_shift,2007-10-04,-17,0.03301697596907616
2007-10-31,expected_rate_path_shift,2007-10-05,-16,0.036307696253061295
2007-10-31,expected_rate_path_shift,2007-10-09,-15,0.030572183430194855
2007-10-31,expected_rate_path_shift,2007-10-10,-14,0.031712278723716736
2007-10-31,expected_rate_path_shift,2007-10-11,-13,0.0349101647734642
2007-10-31,expected_rate_path_shift,2007-10-12,-12,0.02994639240205288
2007-10-31,expected_rate_path_shift,2007-10-15,-11,0.030627507716417313
2007-10-31,expected_rate_path_shift,2007-10-16,-10,0.031419530510902405
2007-10-31,expected_rate_path_shift,2007-10-17,-9,0.029627680778503418
2007-10-31,expected_rate_path_shift,2007-10-18,-8,0.02923191897571087
2007-10-31,expected_rate_path_shift,2007-10-19,-7,0.030106469988822937
2007-10-31,expected_rate_path_shift,2007-10-22,-6,0.03569154813885689
2007-10-31,expected_rate_path_shift,2007-10-23,-5,0.036605820059776306
2007-10-31,expected_rate_path_shift,2007-10-24,-4,0.03374215587973595
2007-10-31,expected_rate_path_shift,2007-10-25,-3,0.038780391216278076
2007-10-31,expected_rate_path_shift,2007-10-26,-2,0.040214650332927704
2007-10-31,expected_rate_path_shift,2007-10-29,-1,0.04147186875343323
2007-10-31,expected_rate_path_shift,2007-10-30,0,0.039196811616420746
2007-10-31,inflation_assessment_shift,2007-09-19,-28,0.03785938024520874
2007-10-31,inflation_assessment_shift,2007-09-20,-27,0.03900425508618355
2007-10-31,inflation_assessment_shift,2007-09-21,-26,0.03487423434853554
2007-10-31,inflation_assessment_shift,2007-09-24,-25,0.03789375722408295
2007-10-31,inflation_assessment_shift,2007-09-25,-24,0.036804184317588806
2007-10-31,inflation_assessment_shift,2007-09-26,-23,0.035221315920352936
2007-10-31,inflation_assessment_shift,2007-09-27,-22,0.031094510108232498
2007-10-31,inflation_assessment_shift,2007-09-28,-21,0.029556093737483025
2007-10-31,inflation_assessment_shift,2007-10-01,-20,0.03270978853106499
2007-10-31,inflation_assessment_shift,2007-10-02,-19,0.03608095645904541
2007-10-31,inflation_assessment_shift,2007-10-03,-18,0.03867817297577858
2007-10-31,inflation_assessment_shift,2007-10-04,-17,0.028683602809906006
2007-10-31,inflation_assessment_shift,2007-10-05,-16,0.03296509385108948
2007-10-31,inflation_assessment_shift,2007-10-09,-15,0.03016826882958412
2007-10-31,inflation_assessment_shift,2007-10-10,-14,0.03119116649031639
2007-10-31,inflation_assessment_shift,2007-10-11,-13,0.03315121680498123
2007-10-31,inflation_assessment_shift,2007-10-12,-12,0.03141733258962631
2007-10-31,inflation_assessment_shift,2007-10-15,-11,0.03294195979833603
2007-10-31,inflation_assessment_shift,2007-10-16,-10,0.03388712555170059
2007-10-31,inflation_assessment_shift,2007-10-17,-9,0.03233693540096283
2007-10-31,inflation_assessment_shift,2007-10-18,-8,0.0320826917886734
2007-10-31,inflation_assessment_shift,2007-10-19,-7,0.03207520395517349
2007-10-31,inflation_assessment_shift,2007-10-22,-6,0.03608519211411476
2007-10-31,inflation_assessment_shift,2007-10-23,-5,0.038047630339860916
2007-10-31,inflation_assessment_shift,2007-10-24,-4,0.035633064806461334
2007-10-31,inflation_assessment_shift,2007-10-25,-3,0.035720933228731155
2007-10-31,inflation_assessment_shift,2007-10-26,-2,0.03814287856221199
2007-10-31,inflation_assessment_shift,2007-10-29,-1,0.037747204303741455
2007-10-31,inflation_assessment_shift,2007-10-30,0,0.03794587776064873
2007-10-31,inflation_risk_shift,2007-09-19,-28,0.04052343964576721
2007-10-31,inflation_risk_shift,2007-09-20,-27,0.03953497111797333
2007-10-31,inflation_risk_shift,2007-09-21,-26,0.03582141175866127
2007-10-31,inflation_risk_shift,2007-09-24,-25,0.03861711174249649
2007-10-31,inflation_risk_shift,2007-09-25,-24,0.03783480450510979
2007-10-31,inflation_risk_shift,2007-09-26,-23,0.03470935299992561
2007-10-31,inflation_risk_shift,2007-09-27,-22,0.02938937395811081
2007-10-31,inflation_risk_shift,2007-09-28,-21,0.02725386992096901
2007-10-31,inflation_risk_shift,2007-10-01,-20,0.031200535595417023
2007-10-31,inflation_risk_shift,2007-10-02,-19,0.034163858741521835
2007-10-31,inflation_risk_shift,2007-10-03,-18,0.04069814458489418
2007-10-31,inflation_risk_shift,2007-10-04,-17,0.03295952081680298
2007-10-31,inflation_risk_shift,2007-10-05,-16,0.03630192205309868
2007-10-31,inflation_risk_shift,2007-10-09,-15,0.031215058639645576
2007-10-31,inflation_risk_shift,2007-10-10,-14,0.03333704546093941
2007-10-31,inflation_risk_shift,2007-10-11,-13,0.03548607602715492
2007-10-31,inflation_risk_shift,2007-10-12,-12,0.02971050888299942
2007-10-31,inflation_risk_shift,2007-10-15,-11,0.031092878431081772
2007-10-31,inflation_risk_shift,2007-10-16,-10,0.03169287368655205
2007-10-31,inflation_risk_shift,2007-10-17,-9,0.03001447021961212
2007-10-31,inflation_risk_shift,2007-10-18,-8,0.02908344939351082
2007-10-31,inflation_risk_shift,2007-10-19,-7,0.029736779630184174
2007-10-31,inflation_risk_shift,2007-10-22,-6,0.033856164664030075
2007-10-31,inflation_risk_shift,2007-10-23,-5,0.035904303193092346
2007-10-31,inflation_risk_shift,2007-10-24,-4,0.03406647592782974
2007-10-31,inflation_risk_shift,2007-10-25,-3,0.03672032803297043
2007-10-31,inflation_risk_shift,2007-10-26,-2,0.039248742163181305
2007-10-31,inflation_risk_shift,2007-10-29,-1,0.04233133792877197
2007-10-31,inflation_risk_shift,2007-10-30,0,0.0374952033162117
2007-10-31,unemployment_assessment_shift,2007-09-19,-28,0.032004378736019135
2007-10-31,unemployment_assessment_shift,2007-09-20,-27,0.03463112562894821
2007-10-31,unemployment_assessment_shift,2007-09-21,-26,0.03131489455699921
2007-10-31,unemployment_assessment_shift,2007-09-24,-25,0.034011565148830414
2007-10-31,unemployment_assessment_shift,2007-09-25,-24,0.03306274116039276
2007-10-31,unemployment_assessment_shift,2007-09-26,-23,0.036045417189598083
2007-10-31,unemployment_assessment_shift,2007-09-27,-22,0.033865951001644135
2007-10-31,unemployment_assessment_shift,2007-09-28,-21,0.03366735205054283
2007-10-31,unemployment_assessment_shift,2007-10-01,-20,0.03514789417386055
2007-10-31,unemployment_assessment_shift,2007-10-02,-19,0.03867108374834061
2007-10-31,unemployment_assessment_shift,2007-10-03,-18,0.03661812096834183
2007-10-31,unemployment_assessment_shift,2007-10-04,-17,0.028054120019078255
2007-10-31,unemployment_assessment_shift,2007-10-05,-16,0.030756037682294846
2007-10-31,unemployment_assessment_shift,2007-10-09,-15,0.030499719083309174
2007-10-31,unemployment_assessment_shift,2007-10-10,-14,0.03207244351506233
2007-10-31,unemployment_assessment_shift,2007-10-11,-13,0.03285898268222809
2007-10-31,unemployment_assessment_shift,2007-10-12,-12,0.035305920988321304
2007-10-31,unemployment_assessment_shift,2007-10-15,-11,0.03502371907234192
2007-10-31,unemployment_assessment_shift,2007-10-16,-10,0.03690695762634277
2007-10-31,unemployment_assessment_shift,2007-10-17,-9,0.036570414900779724
2007-10-31,unemployment_assessment_shift,2007-10-18,-8,0.03730078786611557
2007-10-31,unemployment_assessment_shift,2007-10-19,-7,0.035751208662986755
2007-10-31,unemployment_assessment_shift,2007-10-22,-6,0.038714054971933365
2007-10-31,unemployment_assessment_shift,2007-10-23,-5,0.03817364573478699
2007-10-31,unemployment_assessment_shift,2007-10-24,-4,0.03561677038669586
2007-10-31,unemployment_assessment_shift,2007-10-25,-3,0.03449346125125885
2007-10-31,unemployment_assessment_shift,2007-10-26,-2,0.03459182009100914
2007-10-31,unemployment_assessment_shift,2007-10-29,-1,0.032002825289964676
2007-10-31,unemployment_assessment_shift,2007-10-30,0,0.036266591399908066
2007-10-31,labor_market_risk_shift,2007-09-19,-28,0.03272022679448128
2007-10-31,labor_market_risk_shift,2007-09-20,-27,0.03477156534790993
2007-10-31,labor_market_risk_shift,2007-09-21,-26,0.03120892122387886
2007-10-31,labor_market_risk_shift,2007-09-24,-25,0.03392436355352402
2007-10-31,labor_market_risk_shift,2007-09-25,-24,0.03337536007165909
2007-10-31,labor_market_risk_shift,2007-09-26,-23,0.03585003316402435
2007-10-31,labor_market_risk_shift,2007-09-27,-22,0.03461102768778801
2007-10-31,labor_market_risk_shift,2007-09-28,-21,0.03465403616428375
2007-10-31,labor_market_risk_shift,2007-10-01,-20,0.0351279079914093
2007-10-31,labor_market_risk_shift,2007-10-02,-19,0.03940017148852348
2007-10-31,labor_market_risk_shift,2007-10-03,-18,0.036241717636585236
2007-10-31,labor_market_risk_shift,2007-10-04,-17,0.028556272387504578
2007-10-31,labor_market_risk_shift,2007-10-05,-16,0.03110351413488388
2007-10-31,labor_market_risk_shift,2007-10-09,-15,0.03151504695415497
2007-10-31,labor_market_risk_shift,2007-10-10,-14,0.03242645412683487
2007-10-31,labor_market_risk_shift,2007-10-11,-13,0.0330594927072525
2007-10-31,labor_market_risk_shift,2007-10-12,-12,0.03521890193223953
2007-10-31,labor_market_risk_shift,2007-10-15,-11,0.03429412841796875
2007-10-31,labor_market_risk_shift,2007-10-16,-10,0.03568247705698013
2007-10-31,labor_market_risk_shift,2007-10-17,-9,0.03536013141274452
2007-10-31,labor_market_risk_shift,2007-10-18,-8,0.036382634192705154
2007-10-31,labor_market_risk_shift,2007-10-19,-7,0.035013869404792786
2007-10-31,labor_market_risk_shift,2007-10-22,-6,0.0383283905684948
2007-10-31,labor_market_risk_shift,2007-10-23,-5,0.03759792447090149
2007-10-31,labor_market_risk_shift,2007-10-24,-4,0.035063959658145905
2007-10-31,labor_market_risk_shift,2007-10-25,-3,0.03474683687090874
2007-10-31,labor_market_risk_shift,2007-10-26,-2,0.03467006981372833
2007-10-31,labor_market_risk_shift,2007-10-29,-1,0.031541936099529266
2007-10-31,labor_market_risk_shift,2007-10-30,0,0.03755265101790428
2007-10-31,growth_activity_shift,2007-09-19,-28,0.04143016040325165
2007-10-31,growth_activity_shift,2007-09-20,-27,0.03899281471967697
2007-10-31,growth_activity_shift,2007-09-21,-26,0.03630562499165535
2007-10-31,growth_activity_shift,2007-09-24,-25,0.03866443410515785
2007-10-31,growth_activity_shift,2007-09-25,-24,0.03875057399272919
2007-10-31,growth_activity_shift,2007-09-26,-23,0.03449014574289322
2007-10-31,growth_activity_shift,2007-09-27,-22,0.029911186546087265
2007-10-31,growth_activity_shift,2007-09-28,-21,0.027699459344148636
2007-10-31,growth_activity_shift,2007-10-01,-20,0.030783291906118393
2007-10-31,growth_activity_shift,2007-10-02,-19,0.03491471707820892
2007-10-31,growth_activity_shift,2007-10-03,-18,0.042985573410987854
2007-10-31,growth_activity_shift,2007-10-04,-17,0.03573702275753021
2007-10-31,growth_activity_shift,2007-10-05,-16,0.03810800984501839
2007-10-31,growth_activity_shift,2007-10-09,-15,0.031473033130168915
2007-10-31,growth_activity_shift,2007-10-10,-14,0.03265724703669548
2007-10-31,growth_activity_shift,2007-10-11,-13,0.034625548869371414
2007-10-31,growth_activity_shift,2007-10-12,-12,0.028699234127998352
2007-10-31,growth_activity_shift,2007-10-15,-11,0.03038741461932659
2007-10-31,growth_activity_shift,2007-10-16,-10,0.030624713748693466
2007-10-31,growth_activity_shift,2007-10-17,-9,0.029065314680337906
2007-10-31,growth_activity_shift,2007-10-18,-8,0.02800450287759304
2007-10-31,growth_activity_shift,2007-10-19,-7,0.0291767418384552
2007-10-31,growth_activity_shift,2007-10-22,-6,0.032994452863931656
2007-10-31,growth_activity_shift,2007-10-23,-5,0.03502123802900314
2007-10-31,growth_activity_shift,2007-10-24,-4,0.03374617174267769
2007-10-31,growth_activity_shift,2007-10-25,-3,0.036477603018283844
2007-10-31,growth_activity_shift,2007-10-26,-2,0.038656141608953476
2007-10-31,growth_activity_shift,2007-10-29,-1,0.04207434132695198
2007-10-31,growth_activity_shift,2007-10-30,0,0.037543296813964844
2007-10-31,financial_conditions_shift,2007-09-19,-28,0.030854038894176483
2007-10-31,financial_conditions_shift,2007-09-20,-27,0.03353928402066231
2007-10-31,financial_conditions_shift,2007-09-21,-26,0.03067813813686371
2007-10-31,financial_conditions_shift,2007-09-24,-25,0.032663777470588684
2007-10-31,financial_conditions_shift,2007-09-25,-24,0.032409705221652985
2007-10-31,financial_conditions_shift,2007-09-26,-23,0.03602967411279678
2007-10-31,financial_conditions_shift,2007-09-27,-22,0.03537024185061455
2007-10-31,financial_conditions_shift,2007-09-28,-21,0.035581231117248535
2007-10-31,financial_conditions_shift,2007-10-01,-20,0.03529488295316696
2007-10-31,financial_conditions_shift,2007-10-02,-19,0.039558060467243195
2007-10-31,financial_conditions_shift,2007-10-03,-18,0.03544237092137337
2007-10-31,financial_conditions_shift,2007-10-04,-17,0.02902696654200554
2007-10-31,financial_conditions_shift,2007-10-05,-16,0.030447909608483315
2007-10-31,financial_conditions_shift,2007-10-09,-15,0.03158913180232048
2007-10-31,financial_conditions_shift,2007-10-10,-14,0.033108413219451904
2007-10-31,financial_conditions_shift,2007-10-11,-13,0.03394727781414986
2007-10-31,financial_conditions_shift,2007-10-12,-12,0.03687621280550957
2007-10-31,financial_conditions_shift,2007-10-15,-11,0.03541005402803421
2007-10-31,financial_conditions_shift,2007-10-16,-10,0.036654528230428696
2007-10-31,financial_conditions_shift,2007-10-17,-9,0.03654851019382477
2007-10-31,financial_conditions_shift,2007-10-18,-8,0.037762269377708435
2007-10-31,financial_conditions_shift,2007-10-19,-7,0.03586940839886665
2007-10-31,financial_conditions_shift,2007-10-22,-6,0.038170963525772095
2007-10-31,financial_conditions_shift,2007-10-23,-5,0.03713103011250496
2007-10-31,financial_conditions_shift,2007-10-24,-4,0.03531790152192116
2007-10-31,financial_conditions_shift,2007-10-25,-3,0.03410742059350014
2007-10-31,financial_conditions_shift,2007-10-26,-2,0.0338200181722641
2007-10-31,financial_conditions_shift,2007-10-29,-1,0.03054264932870865
2007-10-31,financial_conditions_shift,2007-10-30,0,0.036247916519641876
2007-10-31,risk_balance_shift,2007-09-19,-28,0.04217581823468208
2007-10-31,risk_balance_shift,2007-09-20,-27,0.038792118430137634
2007-10-31,risk_balance_shift,2007-09-21,-26,0.0373590923845768
2007-10-31,risk_balance_shift,2007-09-24,-25,0.03899534046649933
2007-10-31,risk_balance_shift,2007-09-25,-24,0.03870956599712372
2007-10-31,risk_balance_shift,2007-09-26,-23,0.03273346647620201
2007-10-31,risk_balance_shift,2007-09-27,-22,0.02928578108549118
2007-10-31,risk_balance_shift,2007-09-28,-21,0.027462784200906754
2007-10-31,risk_balance_shift,2007-10-01,-20,0.030628010630607605
2007-10-31,risk_balance_shift,2007-10-02,-19,0.03318476676940918
2007-10-31,risk_balance_shift,2007-10-03,-18,0.045026831328868866
2007-10-31,risk_balance_shift,2007-10-04,-17,0.04250464215874672
2007-10-31,risk_balance_shift,2007-10-05,-16,0.04103811830282211
2007-10-31,risk_balance_shift,2007-10-09,-15,0.03266045078635216
2007-10-31,risk_balance_shift,2007-10-10,-14,0.0328328013420105
2007-10-31,risk_balance_shift,2007-10-11,-13,0.03484737128019333
2007-10-31,risk_balance_shift,2007-10-12,-12,0.029384106397628784
2007-10-31,risk_balance_shift,2007-10-15,-11,0.02987029030919075
2007-10-31,risk_balance_shift,2007-10-16,-10,0.029410913586616516
2007-10-31,risk_balance_shift,2007-10-17,-9,0.02825452759861946
2007-10-31,risk_balance_shift,2007-10-18,-8,0.02714056521654129
2007-10-31,risk_balance_shift,2007-10-19,-7,0.02881811559200287
2007-10-31,risk_balance_shift,2007-10-22,-6,0.0314878486096859
2007-10-31,risk_balance_shift,2007-10-23,-5,0.033030975610017776
2007-10-31,risk_balance_shift,2007-10-24,-4,0.03316301107406616
2007-10-31,risk_balance_shift,2007-10-25,-3,0.036060821264982224
2007-10-31,risk_balance_shift,2007-10-26,-2,0.037571199238300323
2007-10-31,risk_balance_shift,2007-10-29,-1,0.042959459125995636
2007-10-31,risk_balance_shift,2007-10-30,0,0.034611206501722336
2007-10-31,committee_dispersion,2007-09-19,-28,0.04263473302125931
2007-10-31,committee_dispersion,2007-09-20,-27,0.03879329934716225
2007-10-31,committee_dispersion,2007-09-21,-26,0.03729948773980141
2007-10-31,committee_dispersion,2007-09-24,-25,0.038731180131435394
2007-10-31,committee_dispersion,2007-09-25,-24,0.03856213763356209
2007-10-31,committee_dispersion,2007-09-26,-23,0.032611049711704254
2007-10-31,committee_dispersion,2007-09-27,-22,0.02933342009782791
2007-10-31,committee_dispersion,2007-09-28,-21,0.02727706916630268
2007-10-31,committee_dispersion,2007-10-01,-20,0.030414223670959473
2007-10-31,committee_dispersion,2007-10-02,-19,0.03381890058517456
2007-10-31,committee_dispersion,2007-10-03,-18,0.04570644721388817
2007-10-31,committee_dispersion,2007-10-04,-17,0.043002545833587646
2007-10-31,committee_dispersion,2007-10-05,-16,0.04160674661397934
2007-10-31,committee_dispersion,2007-10-09,-15,0.033154264092445374
2007-10-31,committee_dispersion,2007-10-10,-14,0.03286462277173996
2007-10-31,committee_dispersion,2007-10-11,-13,0.03452494367957115
2007-10-31,committee_dispersion,2007-10-12,-12,0.028948355466127396
2007-10-31,committee_dispersion,2007-10-15,-11,0.029610421508550644
2007-10-31,committee_dispersion,2007-10-16,-10,0.02924026921391487
2007-10-31,committee_dispersion,2007-10-17,-9,0.02815002016723156
2007-10-31,committee_dispersion,2007-10-18,-8,0.026940802112221718
2007-10-31,committee_dispersion,2007-10-19,-7,0.028610490262508392
2007-10-31,committee_dispersion,2007-10-22,-6,0.03107554093003273
2007-10-31,committee_dispersion,2007-10-23,-5,0.03266078606247902
2007-10-31,committee_dispersion,2007-10-24,-4,0.0329560860991478
2007-10-31,committee_dispersion,2007-10-25,-3,0.03569552302360535
2007-10-31,committee_dispersion,2007-10-26,-2,0.03739999607205391
2007-10-31,committee_dispersion,2007-10-29,-1,0.042981043457984924
2007-10-31,committee_dispersion,2007-10-30,0,0.03539561852812767
2007-10-31,policy_uncertainty,2007-09-19,-28,0.04230556637048721
2007-10-31,policy_uncertainty,2007-09-20,-27,0.039250150322914124
2007-10-31,policy_uncertainty,2007-09-21,-26,0.0373440757393837
2007-10-31,policy_uncertainty,2007-09-24,-25,0.03914937749505043
2007-10-31,policy_uncertainty,2007-09-25,-24,0.03864093869924545
2007-10-31,policy_uncertainty,2007-09-26,-23,0.032948143780231476
2007-10-31,policy_uncertainty,2007-09-27,-22,0.02959294244647026
2007-10-31,policy_uncertainty,2007-09-28,-21,0.027227412909269333
2007-10-31,policy_uncertainty,2007-10-01,-20,0.030695658177137375
2007-10-31,policy_uncertainty,2007-10-02,-19,0.032842837274074554
2007-10-31,policy_uncertainty,2007-10-03,-18,0.04466315358877182
2007-10-31,policy_uncertainty,2007-10-04,-17,0.04022736847400665
2007-10-31,policy_uncertainty,2007-10-05,-16,0.03984963148832321
2007-10-31,policy_uncertainty,2007-10-09,-15,0.03277980908751488
2007-10-31,policy_uncertainty,2007-10-10,-14,0.03295871242880821
2007-10-31,policy_uncertainty,2007-10-11,-13,0.03480249270796776
2007-10-31,policy_uncertainty,2007-10-12,-12,0.028758645057678223
2007-10-31,policy_uncertainty,2007-10-15,-11,0.029879651963710785
2007-10-31,policy_uncertainty,2007-10-16,-10,0.029697448015213013
2007-10-31,policy_uncertainty,2007-10-17,-9,0.028533995151519775
2007-10-31,policy_uncertainty,2007-10-18,-8,0.02741095796227455
2007-10-31,policy_uncertainty,2007-10-19,-7,0.029025878757238388
2007-10-31,policy_uncertainty,2007-10-22,-6,0.03234625980257988
2007-10-31,policy_uncertainty,2007-10-23,-5,0.03354386240243912
2007-10-31,policy_uncertainty,2007-10-24,-4,0.03292521461844444
2007-10-31,policy_uncertainty,2007-10-25,-3,0.03665316104888916
2007-10-31,policy_uncertainty,2007-10-26,-2,0.037726711481809616
2007-10-31,policy_uncertainty,2007-10-29,-1,0.042384564876556396
2007-10-31,policy_uncertainty,2007-10-30,0,0.035835426300764084
2007-10-31,forward_guidance_strength,2007-09-19,-28,0.03837847709655762
2007-10-31,forward_guidance_strength,2007-09-20,-27,0.03763797506690025
2007-10-31,forward_guidance_strength,2007-09-21,-26,0.034011196345090866
2007-10-31,forward_guidance_strength,2007-09-24,-25,0.03741779550909996
2007-10-31,forward_guidance_strength,2007-09-25,-24,0.03714308142662048
2007-10-31,forward_guidance_strength,2007-09-26,-23,0.03578779846429825
2007-10-31,forward_guidance_strength,2007-09-27,-22,0.03218550980091095
2007-10-31,forward_guidance_strength,2007-09-28,-21,0.03039003349840641
2007-10-31,forward_guidance_strength,2007-10-01,-20,0.03293759003281593
2007-10-31,forward_guidance_strength,2007-10-02,-19,0.03666605427861214
2007-10-31,forward_guidance_strength,2007-10-03,-18,0.03964436426758766
2007-10-31,forward_guidance_strength,2007-10-04,-17,0.028636418282985687
2007-10-31,forward_guidance_strength,2007-10-05,-16,0.032855432480573654
2007-10-31,forward_guidance_strength,2007-10-09,-15,0.029974529519677162
2007-10-31,forward_guidance_strength,2007-10-10,-14,0.030967462807893753
2007-10-31,forward_guidance_strength,2007-10-11,-13,0.03301152214407921
2007-10-31,forward_guidance_strength,2007-10-12,-12,0.0317758172750473
2007-10-31,forward_guidance_strength,2007-10-15,-11,0.03201327472925186
2007-10-31,forward_guidance_strength,2007-10-16,-10,0.033121392130851746
2007-10-31,forward_guidance_strength,2007-10-17,-9,0.032018523663282394
2007-10-31,forward_guidance_strength,2007-10-18,-8,0.032028596848249435
2007-10-31,forward_guidance_strength,2007-10-19,-7,0.03205723688006401
2007-10-31,forward_guidance_strength,2007-10-22,-6,0.036465730518102646
2007-10-31,forward_guidance_strength,2007-10-23,-5,0.037880782037973404
2007-10-31,forward_guidance_strength,2007-10-24,-4,0.03534720093011856
2007-10-31,forward_guidance_strength,2007-10-25,-3,0.03635908663272858
2007-10-31,forward_guidance_strength,2007-10-26,-2,0.038763321936130524
2007-10-31,forward_guidance_strength,2007-10-29,-1,0.037577640265226364
2007-10-31,forward_guidance_strength,2007-10-30,0,0.03694616258144379
2007-12-11,rate_decision,2007-11-01,-25,0.042595274746418
2007-12-11,rate_decision,2007-11-02,-24,0.045372333377599716
2007-12-11,rate_decision,2007-11-05,-23,0.04295721650123596
2007-12-11,rate_decision,2007-11-06,-22,0.04255067557096481
2007-12-11,rate_decision,2007-11-07,-21,0.04282757267355919
2007-12-11,rate_decision,2007-11-08,-20,0.04272860288619995
2007-12-11,rate_decision,2007-11-09,-19,0.04005155712366104
2007-12-11,rate_decision,2007-11-13,-18,0.04092490300536156
2007-12-11,rate_decision,2007-11-14,-17,0.041124746203422546
2007-12-11,rate_decision,2007-11-15,-16,0.04196592792868614
2007-12-11,rate_decision,2007-11-16,-15,0.041477154940366745
2007-12-11,rate_decision,2007-11-19,-14,0.04086199402809143
2007-12-11,rate_decision,2007-11-20,-13,0.038964513689279556
2007-12-11,rate_decision,2007-11-21,-12,0.03515171259641647
2007-12-11,rate_decision,2007-11-23,-11,0.03604169934988022
2007-12-11,rate_decision,2007-11-26,-10,0.036046579480171204
2007-12-11,rate_decision,2007-11-27,-9,0.03432856500148773
2007-12-11,rate_decision,2007-11-28,-8,0.038702722638845444
2007-12-11,rate_decision,2007-11-29,-7,0.037445083260536194
2007-12-11,rate_decision,2007-11-30,-6,0.04035310074687004
2007-12-11,rate_decision,2007-12-03,-5,0.037389084696769714
2007-12-11,rate_decision,2007-12-04,-4,0.03548379987478256
2007-12-11,rate_decision,2007-12-05,-3,0.033178284764289856
2007-12-11,rate_decision,2007-12-06,-2,0.029366282746195793
2007-12-11,rate_decision,2007-12-07,-1,0.030334889888763428
2007-12-11,rate_decision,2007-12-10,0,0.03177573159337044
2007-12-11,current_policy_stance,2007-11-01,-25,0.035656318068504333
2007-12-11,current_policy_stance,2007-11-02,-24,0.03575907647609711
2007-12-11,current_policy_stance,2007-11-05,-23,0.041117556393146515
2007-12-11,current_policy_stance,2007-11-06,-22,0.038271695375442505
2007-12-11,current_policy_stance,2007-11-07,-21,0.03623579069972038
2007-12-11,current_policy_stance,2007-11-08,-20,0.03550882264971733
2007-12-11,current_policy_stance,2007-11-09,-19,0.03894219547510147
2007-12-11,current_policy_stance,2007-11-13,-18,0.04008760303258896
2007-12-11,current_policy_stance,2007-11-14,-17,0.03743264079093933
2007-12-11,current_policy_stance,2007-11-15,-16,0.03485527262091637
2007-12-11,current_policy_stance,2007-11-16,-15,0.03972087427973747
2007-12-11,current_policy_stance,2007-11-19,-14,0.03962218016386032
2007-12-11,current_policy_stance,2007-11-20,-13,0.03938756510615349
2007-12-11,current_policy_stance,2007-11-21,-12,0.038079578429460526
2007-12-11,current_policy_stance,2007-11-23,-11,0.039679281413555145
2007-12-11,current_policy_stance,2007-11-26,-10,0.04007675498723984
2007-12-11,current_policy_stance,2007-11-27,-9,0.0328279510140419
2007-12-11,current_policy_stance,2007-11-28,-8,0.03648070991039276
2007-12-11,current_policy_stance,2007-11-29,-7,0.034784771502017975
2007-12-11,current_policy_stance,2007-11-30,-6,0.04188511520624161
2007-12-11,current_policy_stance,2007-12-03,-5,0.038986627012491226
2007-12-11,current_policy_stance,2007-12-04,-4,0.036767084151506424
2007-12-11,current_policy_stance,2007-12-05,-3,0.0403461828827858
2007-12-11,current_policy_stance,2007-12-06,-2,0.04235991835594177
2007-12-11,current_policy_stance,2007-12-07,-1,0.040837422013282776
2007-12-11,current_policy_stance,2007-12-10,0,0.04429098218679428
2007-12-11,policy_stance_shift,2007-11-01,-25,0.03706721216440201
2007-12-11,policy_stance_shift,2007-11-02,-24,0.03549480438232422
2007-12-11,policy_stance_shift,2007-11-05,-23,0.0395917072892189
2007-12-11,policy_stance_shift,2007-11-06,-22,0.0372430719435215
2007-12-11,policy_stance_shift,2007-11-07,-21,0.03555458411574364
2007-12-11,policy_stance_shift,2007-11-08,-20,0.03490723669528961
2007-12-11,policy_stance_shift,2007-11-09,-19,0.03675621747970581
2007-12-11,policy_stance_shift,2007-11-13,-18,0.03917720168828964
2007-12-11,policy_stance_shift,2007-11-14,-17,0.03901594877243042
2007-12-11,policy_stance_shift,2007-11-15,-16,0.03735024109482765
2007-12-11,policy_stance_shift,2007-11-16,-15,0.04078972339630127
2007-12-11,policy_stance_shift,2007-11-19,-14,0.04033729061484337
2007-12-11,policy_stance_shift,2007-11-20,-13,0.039967432618141174
2007-12-11,policy_stance_shift,2007-11-21,-12,0.039859842509031296
2007-12-11,policy_stance_shift,2007-11-23,-11,0.041716400533914566
2007-12-11,policy_stance_shift,2007-11-26,-10,0.03835032135248184
2007-12-11,policy_stance_shift,2007-11-27,-9,0.03213100880384445
2007-12-11,policy_stance_shift,2007-11-28,-8,0.03793250769376755
2007-12-11,policy_stance_shift,2007-11-29,-7,0.03720678389072418
2007-12-11,policy_stance_shift,2007-11-30,-6,0.04128076881170273
2007-12-11,policy_stance_shift,2007-12-03,-5,0.03899340331554413
2007-12-11,policy_stance_shift,2007-12-04,-4,0.03557077422738075
2007-12-11,policy_stance_shift,2007-12-05,-3,0.03785894066095352
2007-12-11,policy_stance_shift,2007-12-06,-2,0.03829111158847809
2007-12-11,policy_stance_shift,2007-12-07,-1,0.04040873795747757
2007-12-11,policy_stance_shift,2007-12-10,0,0.047146741300821304
2007-12-11,expected_rate_path_shift,2007-11-01,-25,0.037430211901664734
2007-12-11,expected_rate_path_shift,2007-11-02,-24,0.03594384714961052
2007-12-11,expected_rate_path_shift,2007-11-05,-23,0.03931573033332825
2007-12-11,expected_rate_path_shift,2007-11-06,-22,0.036708325147628784
2007-12-11,expected_rate_path_shift,2007-11-07,-21,0.035422515124082565
2007-12-11,expected_rate_path_shift,2007-11-08,-20,0.03519020229578018
2007-12-11,expected_rate_path_shift,2007-11-09,-19,0.03712392970919609
2007-12-11,expected_rate_path_shift,2007-11-13,-18,0.03941001743078232
2007-12-11,expected_rate_path_shift,2007-11-14,-17,0.03921673074364662
2007-12-11,expected_rate_path_shift,2007-11-15,-16,0.038627251982688904
2007-12-11,expected_rate_path_shift,2007-11-16,-15,0.04172922298312187
2007-12-11,expected_rate_path_shift,2007-11-19,-14,0.04115338623523712
2007-12-11,expected_rate_path_shift,2007-11-20,-13,0.04069793224334717
2007-12-11,expected_rate_path_shift,2007-11-21,-12,0.04040476679801941
2007-12-11,expected_rate_path_shift,2007-11-23,-11,0.04172954708337784
2007-12-11,expected_rate_path_shift,2007-11-26,-10,0.03748566657304764
2007-12-11,expected_rate_path_shift,2007-11-27,-9,0.03190186619758606
2007-12-11,expected_rate_path_shift,2007-11-28,-8,0.037664782255887985
2007-12-11,expected_rate_path_shift,2007-11-29,-7,0.038068052381277084
2007-12-11,expected_rate_path_shift,2007-11-30,-6,0.04048139229416847
2007-12-11,expected_rate_path_shift,2007-12-03,-5,0.038669779896736145
2007-12-11,expected_rate_path_shift,2007-12-04,-4,0.03449173644185066
2007-12-11,expected_rate_path_shift,2007-12-05,-3,0.03664057329297066
2007-12-11,expected_rate_path_shift,2007-12-06,-2,0.03651018068194389
2007-12-11,expected_rate_path_shift,2007-12-07,-1,0.04004628583788872
2007-12-11,expected_rate_path_shift,2007-12-10,0,0.04793607071042061
2007-12-11,inflation_assessment_shift,2007-11-01,-25,0.03587128221988678
2007-12-11,inflation_assessment_shift,2007-11-02,-24,0.03621063008904457
2007-12-11,inflation_assessment_shift,2007-11-05,-23,0.04107915610074997
2007-12-11,inflation_assessment_shift,2007-11-06,-22,0.039496101438999176
2007-12-11,inflation_assessment_shift,2007-11-07,-21,0.03745307773351669
2007-12-11,inflation_assessment_shift,2007-11-08,-20,0.03589528053998947
2007-12-11,inflation_assessment_shift,2007-11-09,-19,0.039310287684202194
2007-12-11,inflation_assessment_shift,2007-11-13,-18,0.03943547606468201
2007-12-11,inflation_assessment_shift,2007-11-14,-17,0.03595605492591858
2007-12-11,inflation_assessment_shift,2007-11-15,-16,0.032397445291280746
2007-12-11,inflation_assessment_shift,2007-11-16,-15,0.03672223165631294
2007-12-11,inflation_assessment_shift,2007-11-19,-14,0.03767316788434982
2007-12-11,inflation_assessment_shift,2007-11-20,-13,0.037354469299316406
2007-12-11,inflation_assessment_shift,2007-11-21,-12,0.03550957143306732
2007-12-11,inflation_assessment_shift,2007-11-23,-11,0.03680690750479698
2007-12-11,inflation_assessment_shift,2007-11-26,-10,0.04165792837738991
2007-12-11,inflation_assessment_shift,2007-11-27,-9,0.03423545882105827
2007-12-11,inflation_assessment_shift,2007-11-28,-8,0.035373393446207047
2007-12-11,inflation_assessment_shift,2007-11-29,-7,0.03403797373175621
2007-12-11,inflation_assessment_shift,2007-11-30,-6,0.04108463227748871
2007-12-11,inflation_assessment_shift,2007-12-03,-5,0.040166113525629044
2007-12-11,inflation_assessment_shift,2007-12-04,-4,0.04172185808420181
2007-12-11,inflation_assessment_shift,2007-12-05,-3,0.045556265860795975
2007-12-11,inflation_assessment_shift,2007-12-06,-2,0.04835418239235878
2007-12-11,inflation_assessment_shift,2007-12-07,-1,0.040069758892059326
2007-12-11,inflation_assessment_shift,2007-12-10,0,0.04057128354907036
2007-12-11,inflation_risk_shift,2007-11-01,-25,0.035022519528865814
2007-12-11,inflation_risk_shift,2007-11-02,-24,0.03432146832346916
2007-12-11,inflation_risk_shift,2007-11-05,-23,0.039473868906497955
2007-12-11,inflation_risk_shift,2007-11-06,-22,0.03872167319059372
2007-12-11,inflation_risk_shift,2007-11-07,-21,0.03703504800796509
2007-12-11,inflation_risk_shift,2007-11-08,-20,0.034961748868227005
2007-12-11,inflation_risk_shift,2007-11-09,-19,0.037644267082214355
2007-12-11,inflation_risk_shift,2007-11-13,-18,0.038439564406871796
2007-12-11,inflation_risk_shift,2007-11-14,-17,0.03556931018829346
2007-12-11,inflation_risk_shift,2007-11-15,-16,0.0317281149327755
2007-12-11,inflation_risk_shift,2007-11-16,-15,0.03551045432686806
2007-12-11,inflation_risk_shift,2007-11-19,-14,0.03607708960771561
2007-12-11,inflation_risk_shift,2007-11-20,-13,0.03662233054637909
2007-12-11,inflation_risk_shift,2007-11-21,-12,0.03545914217829704
2007-12-11,inflation_risk_shift,2007-11-23,-11,0.03751542419195175
2007-12-11,inflation_risk_shift,2007-11-26,-10,0.04096474498510361
2007-12-11,inflation_risk_shift,2007-11-27,-9,0.03701110556721687
2007-12-11,inflation_risk_shift,2007-11-28,-8,0.03641476854681969
2007-12-11,inflation_risk_shift,2007-11-29,-7,0.03383675217628479
2007-12-11,inflation_risk_shift,2007-11-30,-6,0.040801212191581726
2007-12-11,inflation_risk_shift,2007-12-03,-5,0.039680786430835724
2007-12-11,inflation_risk_shift,2007-12-04,-4,0.04282478243112564
2007-12-11,inflation_risk_shift,2007-12-05,-3,0.04784342274069786
2007-12-11,inflation_risk_shift,2007-12-06,-2,0.052961960434913635
2007-12-11,inflation_risk_shift,2007-12-07,-1,0.041951585561037064
2007-12-11,inflation_risk_shift,2007-12-10,0,0.04160682111978531
2007-12-11,unemployment_assessment_shift,2007-11-01,-25,0.03755779564380646
2007-12-11,unemployment_assessment_shift,2007-11-02,-24,0.03548973798751831
2007-12-11,unemployment_assessment_shift,2007-11-05,-23,0.03939676657319069
2007-12-11,unemployment_assessment_shift,2007-11-06,-22,0.03722731024026871
2007-12-11,unemployment_assessment_shift,2007-11-07,-21,0.035589396953582764
2007-12-11,unemployment_assessment_shift,2007-11-08,-20,0.03483705222606659
2007-12-11,unemployment_assessment_shift,2007-11-09,-19,0.03693767264485359
2007-12-11,unemployment_assessment_shift,2007-11-13,-18,0.03921454772353172
2007-12-11,unemployment_assessment_shift,2007-11-14,-17,0.03966940939426422
2007-12-11,unemployment_assessment_shift,2007-11-15,-16,0.038273122161626816
2007-12-11,unemployment_assessment_shift,2007-11-16,-15,0.041457727551460266
2007-12-11,unemployment_assessment_shift,2007-11-19,-14,0.041207849979400635
2007-12-11,unemployment_assessment_shift,2007-11-20,-13,0.040634822100400925
2007-12-11,unemployment_assessment_shift,2007-11-21,-12,0.040474094450473785
2007-12-11,unemployment_assessment_shift,2007-11-23,-11,0.04145228862762451
2007-12-11,unemployment_assessment_shift,2007-11-26,-10,0.038328640162944794
2007-12-11,unemployment_assessment_shift,2007-11-27,-9,0.03176562115550041
2007-12-11,unemployment_assessment_shift,2007-11-28,-8,0.03769221156835556
2007-12-11,unemployment_assessment_shift,2007-11-29,-7,0.038021914660930634
2007-12-11,unemployment_assessment_shift,2007-11-30,-6,0.040599457919597626
2007-12-11,unemployment_assessment_shift,2007-12-03,-5,0.03873656690120697
2007-12-11,unemployment_assessment_shift,2007-12-04,-4,0.034720584750175476
2007-12-11,unemployment_assessment_shift,2007-12-05,-3,0.03684559836983681
2007-12-11,unemployment_assessment_shift,2007-12-06,-2,0.037405602633953094
2007-12-11,unemployment_assessment_shift,2007-12-07,-1,0.0395771823823452
2007-12-11,unemployment_assessment_shift,2007-12-10,0,0.046887025237083435
2007-12-11,labor_market_risk_shift,2007-11-01,-25,0.03746851161122322
2007-12-11,labor_market_risk_shift,2007-11-02,-24,0.036069341003894806
2007-12-11,labor_market_risk_shift,2007-11-05,-23,0.03900165110826492
2007-12-11,labor_market_risk_shift,2007-11-06,-22,0.03638407215476036
2007-12-11,labor_market_risk_shift,2007-11-07,-21,0.03517971560359001
2007-12-11,labor_market_risk_shift,2007-11-08,-20,0.03531445562839508
2007-12-11,labor_market_risk_shift,2007-11-09,-19,0.03697040304541588
2007-12-11,labor_market_risk_shift,2007-11-13,-18,0.03933258354663849
2007-12-11,labor_market_risk_shift,2007-11-14,-17,0.0393078438937664
2007-12-11,labor_market_risk_shift,2007-11-15,-16,0.03878401219844818
2007-12-11,labor_market_risk_shift,2007-11-16,-15,0.04145437106490135
2007-12-11,labor_market_risk_shift,2007-11-19,-14,0.040902309119701385
2007-12-11,labor_market_risk_shift,2007-11-20,-13,0.04042867571115494
2007-12-11,labor_market_risk_shift,2007-11-21,-12,0.04104602336883545
2007-12-11,labor_market_risk_shift,2007-11-23,-11,0.041773855686187744
2007-12-11,labor_market_risk_shift,2007-11-26,-10,0.03748326748609543
2007-12-11,labor_market_risk_shift,2007-11-27,-9,0.03235209733247757
2007-12-11,labor_market_risk_shift,2007-11-28,-8,0.03784211352467537
2007-12-11,labor_market_risk_shift,2007-11-29,-7,0.038463883101940155
2007-12-11,labor_market_risk_shift,2007-11-30,-6,0.04053527116775513
2007-12-11,labor_market_risk_shift,2007-12-03,-5,0.03890778124332428
2007-12-11,labor_market_risk_shift,2007-12-04,-4,0.03454172983765602
2007-12-11,labor_market_risk_shift,2007-12-05,-3,0.03602861240506172
2007-12-11,labor_market_risk_shift,2007-12-06,-2,0.03582464158535004
2007-12-11,labor_market_risk_shift,2007-12-07,-1,0.04026918485760689
2007-12-11,labor_market_risk_shift,2007-12-10,0,0.04833356663584709
2007-12-11,growth_activity_shift,2007-11-01,-25,0.037934236228466034
2007-12-11,growth_activity_shift,2007-11-02,-24,0.035958029329776764
2007-12-11,growth_activity_shift,2007-11-05,-23,0.03854969143867493
2007-12-11,growth_activity_shift,2007-11-06,-22,0.03624878078699112
2007-12-11,growth_activity_shift,2007-11-07,-21,0.03540623560547829
2007-12-11,growth_activity_shift,2007-11-08,-20,0.03504421189427376
2007-12-11,growth_activity_shift,2007-11-09,-19,0.03639982268214226
2007-12-11,growth_activity_shift,2007-11-13,-18,0.03872784599661827
2007-12-11,growth_activity_shift,2007-11-14,-17,0.039442986249923706
2007-12-11,growth_activity_shift,2007-11-15,-16,0.03925932198762894
2007-12-11,growth_activity_shift,2007-11-16,-15,0.04151269420981407
2007-12-11,growth_activity_shift,2007-11-19,-14,0.04086584970355034
2007-12-11,growth_activity_shift,2007-11-20,-13,0.04032541811466217
2007-12-11,growth_activity_shift,2007-11-21,-12,0.04079291969537735
2007-12-11,growth_activity_shift,2007-11-23,-11,0.04168679192662239
2007-12-11,growth_activity_shift,2007-11-26,-10,0.0375504270195961
2007-12-11,growth_activity_shift,2007-11-27,-9,0.03226618841290474
2007-12-11,growth_activity_shift,2007-11-28,-8,0.03826883062720299
2007-12-11,growth_activity_shift,2007-11-29,-7,0.03932937979698181
2007-12-11,growth_activity_shift,2007-11-30,-6,0.04016530141234398
2007-12-11,growth_activity_shift,2007-12-03,-5,0.038968656212091446
2007-12-11,growth_activity_shift,2007-12-04,-4,0.034255947917699814
2007-12-11,growth_activity_shift,2007-12-05,-3,0.03586988151073456
2007-12-11,growth_activity_shift,2007-12-06,-2,0.03562179207801819
2007-12-11,growth_activity_shift,2007-12-07,-1,0.040489524602890015
2007-12-11,growth_activity_shift,2007-12-10,0,0.04905925318598747
2007-12-11,financial_conditions_shift,2007-11-01,-25,0.03496009111404419
2007-12-11,financial_conditions_shift,2007-11-02,-24,0.03922250121831894
2007-12-11,financial_conditions_shift,2007-11-05,-23,0.040649838745594025
2007-12-11,financial_conditions_shift,2007-11-06,-22,0.03965696692466736
2007-12-11,financial_conditions_shift,2007-11-07,-21,0.03915156051516533
2007-12-11,financial_conditions_shift,2007-11-08,-20,0.03942660242319107
2007-12-11,financial_conditions_shift,2007-11-09,-19,0.041432544589042664
2007-12-11,financial_conditions_shift,2007-11-13,-18,0.03899848461151123
2007-12-11,financial_conditions_shift,2007-11-14,-17,0.03419561684131622
2007-12-11,financial_conditions_shift,2007-11-15,-16,0.03209725394845009
2007-12-11,financial_conditions_shift,2007-11-16,-15,0.033172499388456345
2007-12-11,financial_conditions_shift,2007-11-19,-14,0.03412967175245285
2007-12-11,financial_conditions_shift,2007-11-20,-13,0.03456386551260948
2007-12-11,financial_conditions_shift,2007-11-21,-12,0.03269929438829422
2007-12-11,financial_conditions_shift,2007-11-23,-11,0.03344077244400978
2007-12-11,financial_conditions_shift,2007-11-26,-10,0.04190468043088913
2007-12-11,financial_conditions_shift,2007-11-27,-9,0.04125675559043884
2007-12-11,financial_conditions_shift,2007-11-28,-8,0.03528382256627083
2007-12-11,financial_conditions_shift,2007-11-29,-7,0.03347945213317871
2007-12-11,financial_conditions_shift,2007-11-30,-6,0.037570953369140625
2007-12-11,financial_conditions_shift,2007-12-03,-5,0.0395604632794857
2007-12-11,financial_conditions_shift,2007-12-04,-4,0.04636042192578316
2007-12-11,financial_conditions_shift,2007-12-05,-3,0.05247734859585762
2007-12-11,financial_conditions_shift,2007-12-06,-2,0.05508146435022354
2007-12-11,financial_conditions_shift,2007-12-07,-1,0.03716963529586792
2007-12-11,financial_conditions_shift,2007-12-10,0,0.03205743432044983
2007-12-11,risk_balance_shift,2007-11-01,-25,0.03751910850405693
2007-12-11,risk_balance_shift,2007-11-02,-24,0.03584714233875275
2007-12-11,risk_balance_shift,2007-11-05,-23,0.03885000944137573
2007-12-11,risk_balance_shift,2007-11-06,-22,0.0365150049328804
2007-12-11,risk_balance_shift,2007-11-07,-21,0.035338811576366425
2007-12-11,risk_balance_shift,2007-11-08,-20,0.03469163551926613
2007-12-11,risk_balance_shift,2007-11-09,-19,0.036694012582302094
2007-12-11,risk_balance_shift,2007-11-13,-18,0.0390353724360466
2007-12-11,risk_balance_shift,2007-11-14,-17,0.03930022567510605
2007-12-11,risk_balance_shift,2007-11-15,-16,0.038712672889232635
2007-12-11,risk_balance_shift,2007-11-16,-15,0.04101387783885002
2007-12-11,risk_balance_shift,2007-11-19,-14,0.04078222066164017
2007-12-11,risk_balance_shift,2007-11-20,-13,0.04024157673120499
2007-12-11,risk_balance_shift,2007-11-21,-12,0.04065047577023506
2007-12-11,risk_balance_shift,2007-11-23,-11,0.041569799184799194
2007-12-11,risk_balance_shift,2007-11-26,-10,0.037999477237463
2007-12-11,risk_balance_shift,2007-11-27,-9,0.032662827521562576
2007-12-11,risk_balance_shift,2007-11-28,-8,0.03818707913160324
2007-12-11,risk_balance_shift,2007-11-29,-7,0.038699135184288025
2007-12-11,risk_balance_shift,2007-11-30,-6,0.04034949466586113
2007-12-11,risk_balance_shift,2007-12-03,-5,0.038611989468336105
2007-12-11,risk_balance_shift,2007-12-04,-4,0.03453872352838516
2007-12-11,risk_balance_shift,2007-12-05,-3,0.036444514989852905
2007-12-11,risk_balance_shift,2007-12-06,-2,0.03670225664973259
2007-12-11,risk_balance_shift,2007-12-07,-1,0.0406636968255043
2007-12-11,risk_balance_shift,2007-12-10,0,0.048378851264715195
2007-12-11,committee_dispersion,2007-11-01,-25,0.03464515134692192
2007-12-11,committee_dispersion,2007-11-02,-24,0.037364453077316284
2007-12-11,committee_dispersion,2007-11-05,-23,0.04033739119768143
2007-12-11,committee_dispersion,2007-11-06,-22,0.03911910206079483
2007-12-11,committee_dispersion,2007-11-07,-21,0.03756922110915184
2007-12-11,committee_dispersion,2007-11-08,-20,0.03749672323465347
2007-12-11,committee_dispersion,2007-11-09,-19,0.04062848538160324
2007-12-11,committee_dispersion,2007-11-13,-18,0.03881645202636719
2007-12-11,committee_dispersion,2007-11-14,-17,0.03358892351388931
2007-12-11,committee_dispersion,2007-11-15,-16,0.030714573338627815
2007-12-11,committee_dispersion,2007-11-16,-15,0.0332934595644474
2007-12-11,committee_dispersion,2007-11-19,-14,0.03435996547341347
2007-12-11,committee_dispersion,2007-11-20,-13,0.034801825881004333
2007-12-11,committee_dispersion,2007-11-21,-12,0.03303946182131767
2007-12-11,committee_dispersion,2007-11-23,-11,0.034014005213975906
2007-12-11,committee_dispersion,2007-11-26,-10,0.04175861179828644
2007-12-11,committee_dispersion,2007-11-27,-9,0.03934290632605553
2007-12-11,committee_dispersion,2007-11-28,-8,0.03492460772395134
2007-12-11,committee_dispersion,2007-11-29,-7,0.03276847302913666
2007-12-11,committee_dispersion,2007-11-30,-6,0.03940449655056
2007-12-11,committee_dispersion,2007-12-03,-5,0.04006721079349518
2007-12-11,committee_dispersion,2007-12-04,-4,0.04657786339521408
2007-12-11,committee_dispersion,2007-12-05,-3,0.05290963128209114
2007-12-11,committee_dispersion,2007-12-06,-2,0.057339657098054886
2007-12-11,committee_dispersion,2007-12-07,-1,0.03933991864323616
2007-12-11,committee_dispersion,2007-12-10,0,0.035777490586042404
2007-12-11,policy_uncertainty,2007-11-01,-25,0.03478455916047096
2007-12-11,policy_uncertainty,2007-11-02,-24,0.03823087736964226
2007-12-11,policy_uncertainty,2007-11-05,-23,0.04099952429533005
2007-12-11,policy_uncertainty,2007-11-06,-22,0.03964047506451607
2007-12-11,policy_uncertainty,2007-11-07,-21,0.038618966937065125
2007-12-11,policy_uncertainty,2007-11-08,-20,0.0388619638979435
2007-12-11,policy_uncertainty,2007-11-09,-19,0.041365846991539
2007-12-11,policy_uncertainty,2007-11-13,-18,0.038997385650873184
2007-12-11,policy_uncertainty,2007-11-14,-17,0.03423339128494263
2007-12-11,policy_uncertainty,2007-11-15,-16,0.03140359744429588
2007-12-11,policy_uncertainty,2007-11-16,-15,0.03356557339429855
2007-12-11,policy_uncertainty,2007-11-19,-14,0.034443799406290054
2007-12-11,policy_uncertainty,2007-11-20,-13,0.03511017560958862
2007-12-11,policy_uncertainty,2007-11-21,-12,0.032506607472896576
2007-12-11,policy_uncertainty,2007-11-23,-11,0.033946216106414795
2007-12-11,policy_uncertainty,2007-11-26,-10,0.04108681157231331
2007-12-11,policy_uncertainty,2007-11-27,-9,0.039556488394737244
2007-12-11,policy_uncertainty,2007-11-28,-8,0.03526652604341507
2007-12-11,policy_uncertainty,2007-11-29,-7,0.03238394856452942
2007-12-11,policy_uncertainty,2007-11-30,-6,0.03897545114159584
2007-12-11,policy_uncertainty,2007-12-03,-5,0.0394970178604126
2007-12-11,policy_uncertainty,2007-12-04,-4,0.04611687362194061
2007-12-11,policy_uncertainty,2007-12-05,-3,0.05257032811641693
2007-12-11,policy_uncertainty,2007-12-06,-2,0.055702999234199524
2007-12-11,policy_uncertainty,2007-12-07,-1,0.03816572204232216
2007-12-11,policy_uncertainty,2007-12-10,0,0.03396887332201004
2007-12-11,forward_guidance_strength,2007-11-01,-25,0.035342954099178314
2007-12-11,forward_guidance_strength,2007-11-02,-24,0.03570850193500519
2007-12-11,forward_guidance_strength,2007-11-05,-23,0.040072306990623474
2007-12-11,forward_guidance_strength,2007-11-06,-22,0.03838232904672623
2007-12-11,forward_guidance_strength,2007-11-07,-21,0.03646128624677658
2007-12-11,forward_guidance_strength,2007-11-08,-20,0.03601917251944542
2007-12-11,forward_guidance_strength,2007-11-09,-19,0.03911904990673065
2007-12-11,forward_guidance_strength,2007-11-13,-18,0.03946838527917862
2007-12-11,forward_guidance_strength,2007-11-14,-17,0.03645569086074829
2007-12-11,forward_guidance_strength,2007-11-15,-16,0.03324496001005173
2007-12-11,forward_guidance_strength,2007-11-16,-15,0.03764563426375389
2007-12-11,forward_guidance_strength,2007-11-19,-14,0.038337767124176025
2007-12-11,forward_guidance_strength,2007-11-20,-13,0.03880498930811882
2007-12-11,forward_guidance_strength,2007-11-21,-12,0.03776262328028679
2007-12-11,forward_guidance_strength,2007-11-23,-11,0.039025530219078064
2007-12-11,forward_guidance_strength,2007-11-26,-10,0.042095161974430084
2007-12-11,forward_guidance_strength,2007-11-27,-9,0.03380179405212402
2007-12-11,forward_guidance_strength,2007-11-28,-8,0.035153016448020935
2007-12-11,forward_guidance_strength,2007-11-29,-7,0.034091100096702576
2007-12-11,forward_guidance_strength,2007-11-30,-6,0.041766081005334854
2007-12-11,forward_guidance_strength,2007-12-03,-5,0.040726371109485626
2007-12-11,forward_guidance_strength,2007-12-04,-4,0.04072589427232742
2007-12-11,forward_guidance_strength,2007-12-05,-3,0.04386857524514198
2007-12-11,forward_guidance_strength,2007-12-06,-2,0.04455993324518204
2007-12-11,forward_guidance_strength,2007-12-07,-1,0.03872339427471161
2007-12-11,forward_guidance_strength,2007-12-10,0,0.04263745993375778
