meeting_date,event_token,price_date,business_day_offset,attention
2023-03-22,rate_decision,2023-02-02,-32,0.03503934666514397
2023-03-22,rate_decision,2023-02-03,-31,0.028334587812423706
2023-03-22,rate_decision,2023-02-06,-30,0.02654499188065529
2023-03-22,rate_decision,2023-02-07,-29,0.026482142508029938
2023-03-22,rate_decision,2023-02-08,-28,0.02801029570400715
2023-03-22,rate_decision,2023-02-09,-27,0.029289083555340767
2023-03-22,rate_decision,2023-02-10,-26,0.02863747626543045
2023-03-22,rate_decision,2023-02-13,-25,0.02677205018699169
2023-03-22,rate_decision,2023-02-14,-24,0.025741729885339737
2023-03-22,rate_decision,2023-02-15,-23,0.02787010744214058
2023-03-22,rate_decision,2023-02-16,-22,0.027886230498552322
2023-03-22,rate_decision,2023-02-17,-21,0.027097156271338463
2023-03-22,rate_decision,2023-02-21,-20,0.028282539919018745
2023-03-22,rate_decision,2023-02-22,-19,0.02707733027637005
2023-03-22,rate_decision,2023-02-23,-18,0.026197299361228943
2023-03-22,rate_decision,2023-02-24,-17,0.026096392422914505
2023-03-22,rate_decision,2023-02-27,-16,0.02546512521803379
2023-03-22,rate_decision,2023-02-28,-15,0.0247269868850708
2023-03-22,rate_decision,2023-03-01,-14,0.024190586060285568
2023-03-22,rate_decision,2023-03-02,-13,0.027316799387335777
2023-03-22,rate_decision,2023-03-03,-12,0.025633376091718674
2023-03-22,rate_decision,2023-03-06,-11,0.025958623737096786
2023-03-22,rate_decision,2023-03-07,-10,0.026350583881139755
2023-03-22,rate_decision,2023-03-08,-9,0.029465172439813614
2023-03-22,rate_decision,2023-03-09,-8,0.032970793545246124
2023-03-22,rate_decision,2023-03-10,-7,0.03600897639989853
2023-03-22,rate_decision,2023-03-13,-6,0.037868350744247437
2023-03-22,rate_decision,2023-03-14,-5,0.03983958065509796
2023-03-22,rate_decision,2023-03-15,-4,0.041660379618406296
2023-03-22,rate_decision,2023-03-16,-3,0.03688422217965126
2023-03-22,rate_decision,2023-03-17,-2,0.04309727996587753
2023-03-22,rate_decision,2023-03-20,-1,0.04335874691605568
2023-03-22,rate_decision,2023-03-21,0,0.0338456891477108
2023-03-22,current_policy_stance,2023-02-02,-32,0.03323487937450409
2023-03-22,current_policy_stance,2023-02-03,-31,0.028766538947820663
2023-03-22,current_policy_stance,2023-02-06,-30,0.028271950781345367
2023-03-22,current_policy_stance,2023-02-07,-29,0.02851930819451809
2023-03-22,current_policy_stance,2023-02-08,-28,0.030438825488090515
2023-03-22,current_policy_stance,2023-02-09,-27,0.03231961280107498
2023-03-22,current_policy_stance,2023-02-10,-26,0.029705915600061417
2023-03-22,current_policy_stance,2023-02-13,-25,0.03321864455938339
2023-03-22,current_policy_stance,2023-02-14,-24,0.031157176941633224
2023-03-22,current_policy_stance,2023-02-15,-23,0.030682845041155815
2023-03-22,current_policy_stance,2023-02-16,-22,0.03100811317563057
2023-03-22,current_policy_stance,2023-02-17,-21,0.033702071756124496
2023-03-22,current_policy_stance,2023-02-21,-20,0.03132646530866623
2023-03-22,current_policy_stance,2023-02-22,-19,0.029150037094950676
2023-03-22,current_policy_stance,2023-02-23,-18,0.03974636271595955
2023-03-22,current_policy_stance,2023-02-24,-17,0.034525275230407715
2023-03-22,current_policy_stance,2023-02-27,-16,0.03135349601507187
2023-03-22,current_policy_stance,2023-02-28,-15,0.03868788480758667
2023-03-22,current_policy_stance,2023-03-01,-14,0.029386010020971298
2023-03-22,current_policy_stance,2023-03-02,-13,0.02895958349108696
2023-03-22,current_policy_stance,2023-03-03,-12,0.03122580796480179
2023-03-22,current_policy_stance,2023-03-06,-11,0.02755620889365673
2023-03-22,current_policy_stance,2023-03-07,-10,0.025503799319267273
2023-03-22,current_policy_stance,2023-03-08,-9,0.02584741823375225
2023-03-22,current_policy_stance,2023-03-09,-8,0.02519376389682293
2023-03-22,current_policy_stance,2023-03-10,-7,0.026738468557596207
2023-03-22,current_policy_stance,2023-03-13,-6,0.026061445474624634
2023-03-22,current_policy_stance,2023-03-14,-5,0.029030004516243935
2023-03-22,current_policy_stance,2023-03-15,-4,0.02860761433839798
2023-03-22,current_policy_stance,2023-03-16,-3,0.030640501528978348
2023-03-22,current_policy_stance,2023-03-17,-2,0.02989101968705654
2023-03-22,current_policy_stance,2023-03-20,-1,0.032500945031642914
2023-03-22,current_policy_stance,2023-03-21,0,0.027042008936405182
2023-03-22,policy_stance_shift,2023-02-02,-32,0.031407520174980164
2023-03-22,policy_stance_shift,2023-02-03,-31,0.032845016568899155
2023-03-22,policy_stance_shift,2023-02-06,-30,0.03331371396780014
2023-03-22,policy_stance_shift,2023-02-07,-29,0.028967712074518204
2023-03-22,policy_stance_shift,2023-02-08,-28,0.030448727309703827
2023-03-22,policy_stance_shift,2023-02-09,-27,0.029398266226053238
2023-03-22,policy_stance_shift,2023-02-10,-26,0.030435368418693542
2023-03-22,policy_stance_shift,2023-02-13,-25,0.0314660407602787
2023-03-22,policy_stance_shift,2023-02-14,-24,0.028527429327368736
2023-03-22,policy_stance_shift,2023-02-15,-23,0.027680687606334686
2023-03-22,policy_stance_shift,2023-02-16,-22,0.026345888152718544
2023-03-22,policy_stance_shift,2023-02-17,-21,0.027926526963710785
2023-03-22,policy_stance_shift,2023-02-21,-20,0.027895808219909668
2023-03-22,policy_stance_shift,2023-02-22,-19,0.027268238365650177
2023-03-22,policy_stance_shift,2023-02-23,-18,0.02929597906768322
2023-03-22,policy_stance_shift,2023-02-24,-17,0.02933564782142639
2023-03-22,policy_stance_shift,2023-02-27,-16,0.031272366642951965
2023-03-22,policy_stance_shift,2023-02-28,-15,0.030829744413495064
2023-03-22,policy_stance_shift,2023-03-01,-14,0.0307297520339489
2023-03-22,policy_stance_shift,2023-03-02,-13,0.02951730601489544
2023-03-22,policy_stance_shift,2023-03-03,-12,0.030476178973913193
2023-03-22,policy_stance_shift,2023-03-06,-11,0.03045862540602684
2023-03-22,policy_stance_shift,2023-03-07,-10,0.032481297850608826
2023-03-22,policy_stance_shift,2023-03-08,-9,0.032350897789001465
2023-03-22,policy_stance_shift,2023-03-09,-8,0.03089352697134018
2023-03-22,policy_stance_shift,2023-03-10,-7,0.030499141663312912
2023-03-22,policy_stance_shift,2023-03-13,-6,0.03157581388950348
2023-03-22,policy_stance_shift,2023-03-14,-5,0.02890956588089466
2023-03-22,policy_stance_shift,2023-03-15,-4,0.03329787775874138
2023-03-22,policy_stance_shift,2023-03-16,-3,0.029187001287937164
2023-03-22,policy_stance_shift,2023-03-17,-2,0.03020423650741577
2023-03-22,policy_stance_shift,2023-03-20,-1,0.032159123569726944
2023-03-22,policy_stance_shift,2023-03-21,0,0.032598935067653656
2023-03-22,expected_rate_path_shift,2023-02-02,-32,0.031144946813583374
2023-03-22,expected_rate_path_shift,2023-02-03,-31,0.03290451690554619
2023-03-22,expected_rate_path_shift,2023-02-06,-30,0.033008962869644165
2023-03-22,expected_rate_path_shift,2023-02-07,-29,0.028729159384965897
2023-03-22,expected_rate_path_shift,2023-02-08,-28,0.03078586794435978
2023-03-22,expected_rate_path_shift,2023-02-09,-27,0.02966688573360443
2023-03-22,expected_rate_path_shift,2023-02-10,-26,0.03040354885160923
2023-03-22,expected_rate_path_shift,2023-02-13,-25,0.030208459123969078
2023-03-22,expected_rate_path_shift,2023-02-14,-24,0.02831430733203888
2023-03-22,expected_rate_path_shift,2023-02-15,-23,0.02778765559196472
2023-03-22,expected_rate_path_shift,2023-02-16,-22,0.02592793107032776
2023-03-22,expected_rate_path_shift,2023-02-17,-21,0.027236901223659515
2023-03-22,expected_rate_path_shift,2023-02-21,-20,0.027717350050807
2023-03-22,expected_rate_path_shift,2023-02-22,-19,0.02689852938055992
2023-03-22,expected_rate_path_shift,2023-02-23,-18,0.026904748752713203
2023-03-22,expected_rate_path_shift,2023-02-24,-17,0.028366373851895332
2023-03-22,expected_rate_path_shift,2023-02-27,-16,0.029890546575188637
2023-03-22,expected_rate_path_shift,2023-02-28,-15,0.028151748701930046
2023-03-22,expected_rate_path_shift,2023-03-01,-14,0.03067222610116005
2023-03-22,expected_rate_path_shift,2023-03-02,-13,0.029365403577685356
2023-03-22,expected_rate_path_shift,2023-03-03,-12,0.02960096299648285
2023-03-22,expected_rate_path_shift,2023-03-06,-11,0.030784834176301956
2023-03-22,expected_rate_path_shift,2023-03-07,-10,0.03315079212188721
2023-03-22,expected_rate_path_shift,2023-03-08,-9,0.033188480883836746
2023-03-22,expected_rate_path_shift,2023-03-09,-8,0.0323086753487587
2023-03-22,expected_rate_path_shift,2023-03-10,-7,0.031527094542980194
2023-03-22,expected_rate_path_shift,2023-03-13,-6,0.03325440734624863
2023-03-22,expected_rate_path_shift,2023-03-14,-5,0.029923122376203537
2023-03-22,expected_rate_path_shift,2023-03-15,-4,0.034772880375385284
2023-03-22,expected_rate_path_shift,2023-03-16,-3,0.029517948627471924
2023-03-22,expected_rate_path_shift,2023-03-17,-2,0.030926667153835297
2023-03-22,expected_rate_path_shift,2023-03-20,-1,0.032359879463911057
2023-03-22,expected_rate_path_shift,2023-03-21,0,0.034598179161548615
2023-03-22,inflation_assessment_shift,2023-02-02,-32,0.034093789756298065
2023-03-22,inflation_assessment_shift,2023-02-03,-31,0.028968434780836105
2023-03-22,inflation_assessment_shift,2023-02-06,-30,0.028414472937583923
2023-03-22,inflation_assessment_shift,2023-02-07,-29,0.029270265251398087
2023-03-22,inflation_assessment_shift,2023-02-08,-28,0.03066788986325264
2023-03-22,inflation_assessment_shift,2023-02-09,-27,0.032724205404520035
2023-03-22,inflation_assessment_shift,2023-02-10,-26,0.02991415001451969
2023-03-22,inflation_assessment_shift,2023-02-13,-25,0.03297413885593414
2023-03-22,inflation_assessment_shift,2023-02-14,-24,0.03136412426829338
2023-03-22,inflation_assessment_shift,2023-02-15,-23,0.03142886608839035
2023-03-22,inflation_assessment_shift,2023-02-16,-22,0.03183864429593086
2023-03-22,inflation_assessment_shift,2023-02-17,-21,0.033841174095869064
2023-03-22,inflation_assessment_shift,2023-02-21,-20,0.031655676662921906
2023-03-22,inflation_assessment_shift,2023-02-22,-19,0.02974822372198105
2023-03-22,inflation_assessment_shift,2023-02-23,-18,0.039430271834135056
2023-03-22,inflation_assessment_shift,2023-02-24,-17,0.03441474959254265
2023-03-22,inflation_assessment_shift,2023-02-27,-16,0.03160317614674568
2023-03-22,inflation_assessment_shift,2023-02-28,-15,0.03788268566131592
2023-03-22,inflation_assessment_shift,2023-03-01,-14,0.028803512454032898
2023-03-22,inflation_assessment_shift,2023-03-02,-13,0.02947099506855011
2023-03-22,inflation_assessment_shift,2023-03-03,-12,0.03159724920988083
2023-03-22,inflation_assessment_shift,2023-03-06,-11,0.027824630960822105
2023-03-22,inflation_assessment_shift,2023-03-07,-10,0.024858517572283745
2023-03-22,inflation_assessment_shift,2023-03-08,-9,0.025222020223736763
2023-03-22,inflation_assessment_shift,2023-03-09,-8,0.02462966926395893
2023-03-22,inflation_assessment_shift,2023-03-10,-7,0.026132745668292046
2023-03-22,inflation_assessment_shift,2023-03-13,-6,0.025515718385577202
2023-03-22,inflation_assessment_shift,2023-03-14,-5,0.02869531139731407
2023-03-22,inflation_assessment_shift,2023-03-15,-4,0.0276020597666502
2023-03-22,inflation_assessment_shift,2023-03-16,-3,0.030618853867053986
2023-03-22,inflation_assessment_shift,2023-03-17,-2,0.02956436574459076
2023-03-22,inflation_assessment_shift,2023-03-20,-1,0.03278059884905815
2023-03-22,inflation_assessment_shift,2023-03-21,0,0.026448801159858704
2023-03-22,inflation_risk_shift,2023-02-02,-32,0.03272264078259468
2023-03-22,inflation_risk_shift,2023-02-03,-31,0.0326487198472023
2023-03-22,inflation_risk_shift,2023-02-06,-30,0.03274758160114288
2023-03-22,inflation_risk_shift,2023-02-07,-29,0.028312593698501587
2023-03-22,inflation_risk_shift,2023-02-08,-28,0.02995268628001213
2023-03-22,inflation_risk_shift,2023-02-09,-27,0.029054176062345505
2023-03-22,inflation_risk_shift,2023-02-10,-26,0.03005211427807808
2023-03-22,inflation_risk_shift,2023-02-13,-25,0.03009789064526558
2023-03-22,inflation_risk_shift,2023-02-14,-24,0.028015736490488052
2023-03-22,inflation_risk_shift,2023-02-15,-23,0.027598891407251358
2023-03-22,inflation_risk_shift,2023-02-16,-22,0.025821948423981667
2023-03-22,inflation_risk_shift,2023-02-17,-21,0.027449222281575203
2023-03-22,inflation_risk_shift,2023-02-21,-20,0.027693182229995728
2023-03-22,inflation_risk_shift,2023-02-22,-19,0.026946108788251877
2023-03-22,inflation_risk_shift,2023-02-23,-18,0.02754044160246849
2023-03-22,inflation_risk_shift,2023-02-24,-17,0.028648018836975098
2023-03-22,inflation_risk_shift,2023-02-27,-16,0.03042815998196602
2023-03-22,inflation_risk_shift,2023-02-28,-15,0.028988167643547058
2023-03-22,inflation_risk_shift,2023-03-01,-14,0.030737310647964478
2023-03-22,inflation_risk_shift,2023-03-02,-13,0.029601197689771652
2023-03-22,inflation_risk_shift,2023-03-03,-12,0.029562920331954956
2023-03-22,inflation_risk_shift,2023-03-06,-11,0.029759109020233154
2023-03-22,inflation_risk_shift,2023-03-07,-10,0.031977321952581406
2023-03-22,inflation_risk_shift,2023-03-08,-9,0.032798074185848236
2023-03-22,inflation_risk_shift,2023-03-09,-8,0.03191965073347092
2023-03-22,inflation_risk_shift,2023-03-10,-7,0.03170854225754738
2023-03-22,inflation_risk_shift,2023-03-13,-6,0.03350518271327019
2023-03-22,inflation_risk_shift,2023-03-14,-5,0.03035348281264305
2023-03-22,inflation_risk_shift,2023-03-15,-4,0.035316102206707
2023-03-22,inflation_risk_shift,2023-03-16,-3,0.029933584854006767
2023-03-22,inflation_risk_shift,2023-03-17,-2,0.03174106776714325
2023-03-22,inflation_risk_shift,2023-03-20,-1,0.03259285166859627
2023-03-22,inflation_risk_shift,2023-03-21,0,0.03377529978752136
2023-03-22,unemployment_assessment_shift,2023-02-02,-32,0.03313672915101051
2023-03-22,unemployment_assessment_shift,2023-02-03,-31,0.03098929300904274
2023-03-22,unemployment_assessment_shift,2023-02-06,-30,0.031937845051288605
2023-03-22,unemployment_assessment_shift,2023-02-07,-29,0.028895370662212372
2023-03-22,unemployment_assessment_shift,2023-02-08,-28,0.0315532311797142
2023-03-22,unemployment_assessment_shift,2023-02-09,-27,0.031702179461717606
2023-03-22,unemployment_assessment_shift,2023-02-10,-26,0.031138472259044647
2023-03-22,unemployment_assessment_shift,2023-02-13,-25,0.033283405005931854
2023-03-22,unemployment_assessment_shift,2023-02-14,-24,0.02994728833436966
2023-03-22,unemployment_assessment_shift,2023-02-15,-23,0.029452653601765633
2023-03-22,unemployment_assessment_shift,2023-02-16,-22,0.02748611569404602
2023-03-22,unemployment_assessment_shift,2023-02-17,-21,0.029952306300401688
2023-03-22,unemployment_assessment_shift,2023-02-21,-20,0.029553009197115898
2023-03-22,unemployment_assessment_shift,2023-02-22,-19,0.027110349386930466
2023-03-22,unemployment_assessment_shift,2023-02-23,-18,0.03277060389518738
2023-03-22,unemployment_assessment_shift,2023-02-24,-17,0.032247528433799744
2023-03-22,unemployment_assessment_shift,2023-02-27,-16,0.031412143260240555
2023-03-22,unemployment_assessment_shift,2023-02-28,-15,0.03429977968335152
2023-03-22,unemployment_assessment_shift,2023-03-01,-14,0.03153073042631149
2023-03-22,unemployment_assessment_shift,2023-03-02,-13,0.02985462173819542
2023-03-22,unemployment_assessment_shift,2023-03-03,-12,0.03132754564285278
2023-03-22,unemployment_assessment_shift,2023-03-06,-11,0.02955203503370285
2023-03-22,unemployment_assessment_shift,2023-03-07,-10,0.02853374369442463
2023-03-22,unemployment_assessment_shift,2023-03-08,-9,0.028002165257930756
2023-03-22,unemployment_assessment_shift,2023-03-09,-8,0.026595305651426315
2023-03-22,unemployment_assessment_shift,2023-03-10,-7,0.027331631630659103
2023-03-22,unemployment_assessment_shift,2023-03-13,-6,0.028767982497811317
2023-03-22,unemployment_assessment_shift,2023-03-14,-5,0.027501007542014122
2023-03-22,unemployment_assessment_shift,2023-03-15,-4,0.03188913315534592
2023-03-22,unemployment_assessment_shift,2023-03-16,-3,0.02876623533666134
2023-03-22,unemployment_assessment_shift,2023-03-17,-2,0.029700949788093567
2023-03-22,unemployment_assessment_shift,2023-03-20,-1,0.03325340524315834
2023-03-22,unemployment_assessment_shift,2023-03-21,0,0.0305252093821764
2023-03-22,labor_market_risk_shift,2023-02-02,-32,0.03006785921752453
2023-03-22,labor_market_risk_shift,2023-02-03,-31,0.033391643315553665
2023-03-22,labor_market_risk_shift,2023-02-06,-30,0.0329909473657608
2023-03-22,labor_market_risk_shift,2023-02-07,-29,0.028559548780322075
2023-03-22,labor_market_risk_shift,2023-02-08,-28,0.029780250042676926
2023-03-22,labor_market_risk_shift,2023-02-09,-27,0.028924942016601562
2023-03-22,labor_market_risk_shift,2023-02-10,-26,0.0300503671169281
2023-03-22,labor_market_risk_shift,2023-02-13,-25,0.029159672558307648
2023-03-22,labor_market_risk_shift,2023-02-14,-24,0.02788250520825386
2023-03-22,labor_market_risk_shift,2023-02-15,-23,0.02737097069621086
2023-03-22,labor_market_risk_shift,2023-02-16,-22,0.02586226724088192
2023-03-22,labor_market_risk_shift,2023-02-17,-21,0.02678648568689823
2023-03-22,labor_market_risk_shift,2023-02-21,-20,0.02786114439368248
2023-03-22,labor_market_risk_shift,2023-02-22,-19,0.027377067133784294
2023-03-22,labor_market_risk_shift,2023-02-23,-18,0.026054374873638153
2023-03-22,labor_market_risk_shift,2023-02-24,-17,0.02795148268342018
2023-03-22,labor_market_risk_shift,2023-02-27,-16,0.02938990667462349
2023-03-22,labor_market_risk_shift,2023-02-28,-15,0.026892516762018204
2023-03-22,labor_market_risk_shift,2023-03-01,-14,0.030897993594408035
2023-03-22,labor_market_risk_shift,2023-03-02,-13,0.029320649802684784
2023-03-22,labor_market_risk_shift,2023-03-03,-12,0.028857141733169556
2023-03-22,labor_market_risk_shift,2023-03-06,-11,0.031214483082294464
2023-03-22,labor_market_risk_shift,2023-03-07,-10,0.035074733197689056
2023-03-22,labor_market_risk_shift,2023-03-08,-9,0.034956369549036026
2023-03-22,labor_market_risk_shift,2023-03-09,-8,0.03430749475955963
2023-03-22,labor_market_risk_shift,2023-03-10,-7,0.03302176296710968
2023-03-22,labor_market_risk_shift,2023-03-13,-6,0.03427046909928322
2023-03-22,labor_market_risk_shift,2023-03-14,-5,0.030727451667189598
2023-03-22,labor_market_risk_shift,2023-03-15,-4,0.03447152301669121
2023-03-22,labor_market_risk_shift,2023-03-16,-3,0.0298246368765831
2023-03-22,labor_market_risk_shift,2023-03-17,-2,0.030864167958498
2023-03-22,labor_market_risk_shift,2023-03-20,-1,0.03138888254761696
2023-03-22,labor_market_risk_shift,2023-03-21,0,0.03444826602935791
2023-03-22,growth_activity_shift,2023-02-02,-32,0.03057250566780567
2023-03-22,growth_activity_shift,2023-02-03,-31,0.03375270590186119
2023-03-22,growth_activity_shift,2023-02-06,-30,0.0331285260617733
2023-03-22,growth_activity_shift,2023-02-07,-29,0.028465785086154938
2023-03-22,growth_activity_shift,2023-02-08,-28,0.029816340655088425
2023-03-22,growth_activity_shift,2023-02-09,-27,0.028772838413715363
2023-03-22,growth_activity_shift,2023-02-10,-26,0.029850918799638748
2023-03-22,growth_activity_shift,2023-02-13,-25,0.029320642352104187
2023-03-22,growth_activity_shift,2023-02-14,-24,0.02798287943005562
2023-03-22,growth_activity_shift,2023-02-15,-23,0.02716958150267601
2023-03-22,growth_activity_shift,2023-02-16,-22,0.02565598674118519
2023-03-22,growth_activity_shift,2023-02-17,-21,0.026767145842313766
2023-03-22,growth_activity_shift,2023-02-21,-20,0.027723629027605057
2023-03-22,growth_activity_shift,2023-02-22,-19,0.02728160284459591
2023-03-22,growth_activity_shift,2023-02-23,-18,0.02616027742624283
2023-03-22,growth_activity_shift,2023-02-24,-17,0.028373315930366516
2023-03-22,growth_activity_shift,2023-02-27,-16,0.029627839103341103
2023-03-22,growth_activity_shift,2023-02-28,-15,0.027219466865062714
2023-03-22,growth_activity_shift,2023-03-01,-14,0.031094882637262344
2023-03-22,growth_activity_shift,2023-03-02,-13,0.029298216104507446
2023-03-22,growth_activity_shift,2023-03-03,-12,0.028776468709111214
2023-03-22,growth_activity_shift,2023-03-06,-11,0.03111306205391884
2023-03-22,growth_activity_shift,2023-03-07,-10,0.034926559776067734
2023-03-22,growth_activity_shift,2023-03-08,-9,0.03450021147727966
2023-03-22,growth_activity_shift,2023-03-09,-8,0.034008026123046875
2023-03-22,growth_activity_shift,2023-03-10,-7,0.03283768147230148
2023-03-22,growth_activity_shift,2023-03-13,-6,0.034004710614681244
2023-03-22,growth_activity_shift,2023-03-14,-5,0.030605383217334747
2023-03-22,growth_activity_shift,2023-03-15,-4,0.0346347950398922
2023-03-22,growth_activity_shift,2023-03-16,-3,0.029601503163576126
2023-03-22,growth_activity_shift,2023-03-17,-2,0.030871286988258362
2023-03-22,growth_activity_shift,2023-03-20,-1,0.031464118510484695
2023-03-22,growth_activity_shift,2023-03-21,0,0.03462107479572296
2023-03-22,financial_conditions_shift,2023-02-02,-32,0.03385520353913307
2023-03-22,financial_conditions_shift,2023-02-03,-31,0.028867201879620552
2023-03-22,financial_conditions_shift,2023-02-06,-30,0.028522882610559464
2023-03-22,financial_conditions_shift,2023-02-07,-29,0.02939431369304657
2023-03-22,financial_conditions_shift,2023-02-08,-28,0.03089778870344162
2023-03-22,financial_conditions_shift,2023-02-09,-27,0.03281565010547638
2023-03-22,financial_conditions_shift,2023-02-10,-26,0.03001440316438675
2023-03-22,financial_conditions_shift,2023-02-13,-25,0.03300141543149948
2023-03-22,financial_conditions_shift,2023-02-14,-24,0.03178029879927635
2023-03-22,financial_conditions_shift,2023-02-15,-23,0.031484246253967285
2023-03-22,financial_conditions_shift,2023-02-16,-22,0.03196399286389351
2023-03-22,financial_conditions_shift,2023-02-17,-21,0.03412226587533951
2023-03-22,financial_conditions_shift,2023-02-21,-20,0.03185200318694115
2023-03-22,financial_conditions_shift,2023-02-22,-19,0.029854023829102516
2023-03-22,financial_conditions_shift,2023-02-23,-18,0.039437633007764816
2023-03-22,financial_conditions_shift,2023-02-24,-17,0.03483639657497406
2023-03-22,financial_conditions_shift,2023-02-27,-16,0.03151050582528114
2023-03-22,financial_conditions_shift,2023-02-28,-15,0.037881217896938324
2023-03-22,financial_conditions_shift,2023-03-01,-14,0.02901117503643036
2023-03-22,financial_conditions_shift,2023-03-02,-13,0.029484719038009644
2023-03-22,financial_conditions_shift,2023-03-03,-12,0.031219087541103363
2023-03-22,financial_conditions_shift,2023-03-06,-11,0.027547936886548996
2023-03-22,financial_conditions_shift,2023-03-07,-10,0.024766143411397934
2023-03-22,financial_conditions_shift,2023-03-08,-9,0.025113586336374283
2023-03-22,financial_conditions_shift,2023-03-09,-8,0.02442402020096779
2023-03-22,financial_conditions_shift,2023-03-10,-7,0.026010628789663315
2023-03-22,financial_conditions_shift,2023-03-13,-6,0.025540469214320183
2023-03-22,financial_conditions_shift,2023-03-14,-5,0.02859768643975258
2023-03-22,financial_conditions_shift,2023-03-15,-4,0.027670759707689285
2023-03-22,financial_conditions_shift,2023-03-16,-3,0.030232999473810196
2023-03-22,financial_conditions_shift,2023-03-17,-2,0.029529539868235588
2023-03-22,financial_conditions_shift,2023-03-20,-1,0.032427385449409485
2023-03-22,financial_conditions_shift,2023-03-21,0,0.02633247897028923
2023-03-22,balance_sheet_policy_shift,2023-02-02,-32,0.0342840850353241
2023-03-22,balance_sheet_policy_shift,2023-02-03,-31,0.029877062886953354
2023-03-22,balance_sheet_policy_shift,2023-02-06,-30,0.030608152970671654
2023-03-22,balance_sheet_policy_shift,2023-02-07,-29,0.028338808566331863
2023-03-22,balance_sheet_policy_shift,2023-02-08,-28,0.030974987894296646
2023-03-22,balance_sheet_policy_shift,2023-02-09,-27,0.030796851962804794
2023-03-22,balance_sheet_policy_shift,2023-02-10,-26,0.03019794262945652
2023-03-22,balance_sheet_policy_shift,2023-02-13,-25,0.03322984278202057
2023-03-22,balance_sheet_policy_shift,2023-02-14,-24,0.029349686577916145
2023-03-22,balance_sheet_policy_shift,2023-02-15,-23,0.02890276163816452
2023-03-22,balance_sheet_policy_shift,2023-02-16,-22,0.027392083778977394
2023-03-22,balance_sheet_policy_shift,2023-02-17,-21,0.03042246587574482
2023-03-22,balance_sheet_policy_shift,2023-02-21,-20,0.028227929025888443
2023-03-22,balance_sheet_policy_shift,2023-02-22,-19,0.027366632595658302
2023-03-22,balance_sheet_policy_shift,2023-02-23,-18,0.03414904698729515
2023-03-22,balance_sheet_policy_shift,2023-02-24,-17,0.03129409998655319
2023-03-22,balance_sheet_policy_shift,2023-02-27,-16,0.03248295933008194
2023-03-22,balance_sheet_policy_shift,2023-02-28,-15,0.03611985221505165
2023-03-22,balance_sheet_policy_shift,2023-03-01,-14,0.030110903084278107
2023-03-22,balance_sheet_policy_shift,2023-03-02,-13,0.02863510325551033
2023-03-22,balance_sheet_policy_shift,2023-03-03,-12,0.03134874254465103
2023-03-22,balance_sheet_policy_shift,2023-03-06,-11,0.028389666229486465
2023-03-22,balance_sheet_policy_shift,2023-03-07,-10,0.028343215584754944
2023-03-22,balance_sheet_policy_shift,2023-03-08,-9,0.02805687114596367
2023-03-22,balance_sheet_policy_shift,2023-03-09,-8,0.026845775544643402
2023-03-22,balance_sheet_policy_shift,2023-03-10,-7,0.028271932154893875
2023-03-22,balance_sheet_policy_shift,2023-03-13,-6,0.029326893389225006
2023-03-22,balance_sheet_policy_shift,2023-03-14,-5,0.028717057779431343
2023-03-22,balance_sheet_policy_shift,2023-03-15,-4,0.033071015030145645
2023-03-22,balance_sheet_policy_shift,2023-03-16,-3,0.029462356120347977
2023-03-22,balance_sheet_policy_shift,2023-03-17,-2,0.031155604869127274
2023-03-22,balance_sheet_policy_shift,2023-03-20,-1,0.034216247498989105
2023-03-22,balance_sheet_policy_shift,2023-03-21,0,0.030033349990844727
2023-03-22,risk_balance_shift,2023-02-02,-32,0.03258715942502022
2023-03-22,risk_balance_shift,2023-02-03,-31,0.031369633972644806
2023-03-22,risk_balance_shift,2023-02-06,-30,0.031983911991119385
2023-03-22,risk_balance_shift,2023-02-07,-29,0.02886352874338627
2023-03-22,risk_balance_shift,2023-02-08,-28,0.03130149096250534
2023-03-22,risk_balance_shift,2023-02-09,-27,0.02999834716320038
2023-03-22,risk_balance_shift,2023-02-10,-26,0.029829826205968857
2023-03-22,risk_balance_shift,2023-02-13,-25,0.03191916272044182
2023-03-22,risk_balance_shift,2023-02-14,-24,0.02864903211593628
2023-03-22,risk_balance_shift,2023-02-15,-23,0.028061965480446815
2023-03-22,risk_balance_shift,2023-02-16,-22,0.026779016479849815
2023-03-22,risk_balance_shift,2023-02-17,-21,0.028981376439332962
2023-03-22,risk_balance_shift,2023-02-21,-20,0.02738376148045063
2023-03-22,risk_balance_shift,2023-02-22,-19,0.026978246867656708
2023-03-22,risk_balance_shift,2023-02-23,-18,0.031597670167684555
2023-03-22,risk_balance_shift,2023-02-24,-17,0.02990269847214222
2023-03-22,risk_balance_shift,2023-02-27,-16,0.03173978999257088
2023-03-22,risk_balance_shift,2023-02-28,-15,0.03332536295056343
2023-03-22,risk_balance_shift,2023-03-01,-14,0.02980768121778965
2023-03-22,risk_balance_shift,2023-03-02,-13,0.0285743847489357
2023-03-22,risk_balance_shift,2023-03-03,-12,0.031084809452295303
2023-03-22,risk_balance_shift,2023-03-06,-11,0.029745284467935562
2023-03-22,risk_balance_shift,2023-03-07,-10,0.03039778769016266
2023-03-22,risk_balance_shift,2023-03-08,-9,0.0295843705534935
2023-03-22,risk_balance_shift,2023-03-09,-8,0.028304487466812134
2023-03-22,risk_balance_shift,2023-03-10,-7,0.029355786740779877
2023-03-22,risk_balance_shift,2023-03-13,-6,0.030347667634487152
2023-03-22,risk_balance_shift,2023-03-14,-5,0.029268188402056694
2023-03-22,risk_balance_shift,2023-03-15,-4,0.03385467082262039
2023-03-22,risk_balance_shift,2023-03-16,-3,0.02987058088183403
2023-03-22,risk_balance_shift,2023-03-17,-2,0.031342025846242905
2023-03-22,risk_balance_shift,2023-03-20,-1,0.03482948616147041
2023-03-22,risk_balance_shift,2023-03-21,0,0.03238079324364662
2023-03-22,committee_dispersion,2023-02-02,-32,0.034461528062820435
2023-03-22,committee_dispersion,2023-02-03,-31,0.028667259961366653
2023-03-22,committee_dispersion,2023-02-06,-30,0.02806903049349785
2023-03-22,committee_dispersion,2023-02-07,-29,0.028836920857429504
2023-03-22,committee_dispersion,2023-02-08,-28,0.03121502511203289
2023-03-22,committee_dispersion,2023-02-09,-27,0.0332275927066803
2023-03-22,committee_dispersion,2023-02-10,-26,0.030299464240670204
2023-03-22,committee_dispersion,2023-02-13,-25,0.03333500400185585
2023-03-22,committee_dispersion,2023-02-14,-24,0.03094637580215931
2023-03-22,committee_dispersion,2023-02-15,-23,0.03083513304591179
2023-03-22,committee_dispersion,2023-02-16,-22,0.030812114477157593
2023-03-22,committee_dispersion,2023-02-17,-21,0.03349651023745537
2023-03-22,committee_dispersion,2023-02-21,-20,0.03114233911037445
2023-03-22,committee_dispersion,2023-02-22,-19,0.02894366905093193
2023-03-22,committee_dispersion,2023-02-23,-18,0.03938036039471626
2023-03-22,committee_dispersion,2023-02-24,-17,0.034331660717725754
2023-03-22,committee_dispersion,2023-02-27,-16,0.03133228048682213
2023-03-22,committee_dispersion,2023-02-28,-15,0.037935566157102585
2023-03-22,committee_dispersion,2023-03-01,-14,0.029221348464488983
2023-03-22,committee_dispersion,2023-03-02,-13,0.028981924057006836
2023-03-22,committee_dispersion,2023-03-03,-12,0.031526967883110046
2023-03-22,committee_dispersion,2023-03-06,-11,0.027563877403736115
2023-03-22,committee_dispersion,2023-03-07,-10,0.025383789092302322
2023-03-22,committee_dispersion,2023-03-08,-9,0.025525212287902832
2023-03-22,committee_dispersion,2023-03-09,-8,0.024722672998905182
2023-03-22,committee_dispersion,2023-03-10,-7,0.026338253170251846
2023-03-22,committee_dispersion,2023-03-13,-6,0.02577097713947296
2023-03-22,committee_dispersion,2023-03-14,-5,0.02854066714644432
2023-03-22,committee_dispersion,2023-03-15,-4,0.02865990623831749
2023-03-22,committee_dispersion,2023-03-16,-3,0.0304389800876379
2023-03-22,committee_dispersion,2023-03-17,-2,0.030026549473404884
2023-03-22,committee_dispersion,2023-03-20,-1,0.032904285937547684
2023-03-22,committee_dispersion,2023-03-21,0,0.027126772329211235
2023-03-22,policy_uncertainty,2023-02-02,-32,0.033704642206430435
2023-03-22,policy_uncertainty,2023-02-03,-31,0.02907845377922058
2023-03-22,policy_uncertainty,2023-02-06,-30,0.028321485966444016
2023-03-22,policy_uncertainty,2023-02-07,-29,0.02925686165690422
2023-03-22,policy_uncertainty,2023-02-08,-28,0.030544424429535866
2023-03-22,policy_uncertainty,2023-02-09,-27,0.03231601417064667
2023-03-22,policy_uncertainty,2023-02-10,-26,0.029668394476175308
2023-03-22,policy_uncertainty,2023-02-13,-25,0.03269842639565468
2023-03-22,policy_uncertainty,2023-02-14,-24,0.03165850788354874
2023-03-22,policy_uncertainty,2023-02-15,-23,0.03133352845907211
2023-03-22,policy_uncertainty,2023-02-16,-22,0.03203330188989639
2023-03-22,policy_uncertainty,2023-02-17,-21,0.03395066410303116
2023-03-22,policy_uncertainty,2023-02-21,-20,0.03201605752110481
2023-03-22,policy_uncertainty,2023-02-22,-19,0.02982347644865513
2023-03-22,policy_uncertainty,2023-02-23,-18,0.03987038508057594
2023-03-22,policy_uncertainty,2023-02-24,-17,0.03516465425491333
2023-03-22,policy_uncertainty,2023-02-27,-16,0.03167065605521202
2023-03-22,policy_uncertainty,2023-02-28,-15,0.038561273366212845
2023-03-22,policy_uncertainty,2023-03-01,-14,0.029297152534127235
2023-03-22,policy_uncertainty,2023-03-02,-13,0.029207807034254074
2023-03-22,policy_uncertainty,2023-03-03,-12,0.03120054304599762
2023-03-22,policy_uncertainty,2023-03-06,-11,0.028153488412499428
2023-03-22,policy_uncertainty,2023-03-07,-10,0.02558533474802971
2023-03-22,policy_uncertainty,2023-03-08,-9,0.025586029514670372
2023-03-22,policy_uncertainty,2023-03-09,-8,0.024706130847334862
2023-03-22,policy_uncertainty,2023-03-10,-7,0.026185406371951103
2023-03-22,policy_uncertainty,2023-03-13,-6,0.0252232663333416
2023-03-22,policy_uncertainty,2023-03-14,-5,0.028684202581644058
2023-03-22,policy_uncertainty,2023-03-15,-4,0.027030032128095627
2023-03-22,policy_uncertainty,2023-03-16,-3,0.030291050672531128
2023-03-22,policy_uncertainty,2023-03-17,-2,0.028963755816221237
2023-03-22,policy_uncertainty,2023-03-20,-1,0.03212827444076538
2023-03-22,policy_uncertainty,2023-03-21,0,0.026086350902915
2023-03-22,forward_guidance_strength,2023-02-02,-32,0.029836107045412064
2023-03-22,forward_guidance_strength,2023-02-03,-31,0.032694652676582336
2023-03-22,forward_guidance_strength,2023-02-06,-30,0.03316669911146164
2023-03-22,forward_guidance_strength,2023-02-07,-29,0.02862524800002575
2023-03-22,forward_guidance_strength,2023-02-08,-28,0.02948252111673355
2023-03-22,forward_guidance_strength,2023-02-09,-27,0.028735194355249405
2023-03-22,forward_guidance_strength,2023-02-10,-26,0.030026499181985855
2023-03-22,forward_guidance_strength,2023-02-13,-25,0.029356658458709717
2023-03-22,forward_guidance_strength,2023-02-14,-24,0.027721356600522995
2023-03-22,forward_guidance_strength,2023-02-15,-23,0.027611903846263885
2023-03-22,forward_guidance_strength,2023-02-16,-22,0.025852493941783905
2023-03-22,forward_guidance_strength,2023-02-17,-21,0.026834577322006226
2023-03-22,forward_guidance_strength,2023-02-21,-20,0.02768808975815773
2023-03-22,forward_guidance_strength,2023-02-22,-19,0.02768750675022602
2023-03-22,forward_guidance_strength,2023-02-23,-18,0.0260652843862772
2023-03-22,forward_guidance_strength,2023-02-24,-17,0.02757743000984192
2023-03-22,forward_guidance_strength,2023-02-27,-16,0.029822561889886856
2023-03-22,forward_guidance_strength,2023-02-28,-15,0.026889141649007797
2023-03-22,forward_guidance_strength,2023-03-01,-14,0.030834432691335678
2023-03-22,forward_guidance_strength,2023-03-02,-13,0.02987675368785858
2023-03-22,forward_guidance_strength,2023-03-03,-12,0.029056012630462646
2023-03-22,forward_guidance_strength,2023-03-06,-11,0.030776752158999443
2023-03-22,forward_guidance_strength,2023-03-07,-10,0.03388798236846924
2023-03-22,forward_guidance_strength,2023-03-08,-9,0.03469168394804001
2023-03-22,forward_guidance_strength,2023-03-09,-8,0.03416753560304642
2023-03-22,forward_guidance_strength,2023-03-10,-7,0.032961249351501465
2023-03-22,forward_guidance_strength,2023-03-13,-6,0.0343935489654541
2023-03-22,forward_guidance_strength,2023-03-14,-5,0.030672067776322365
2023-03-22,forward_guidance_strength,2023-03-15,-4,0.035113174468278885
2023-03-22,forward_guidance_strength,2023-03-16,-3,0.030023280531167984
2023-03-22,forward_guidance_strength,2023-03-17,-2,0.03143336623907089
2023-03-22,forward_guidance_strength,2023-03-20,-1,0.03149866312742233
2023-03-22,forward_guidance_strength,2023-03-21,0,0.03493956848978996
2023-05-03,rate_decision,2023-03-23,-28,0.03598184138536453
2023-05-03,rate_decision,2023-03-24,-27,0.04022860527038574
2023-05-03,rate_decision,2023-03-27,-26,0.035666562616825104
2023-05-03,rate_decision,2023-03-28,-25,0.032788898795843124
2023-05-03,rate_decision,2023-03-29,-24,0.0315963439643383
2023-05-03,rate_decision,2023-03-30,-23,0.03232751041650772
2023-05-03,rate_decision,2023-03-31,-22,0.03262048587203026
2023-05-03,rate_decision,2023-04-03,-21,0.03328375145792961
2023-05-03,rate_decision,2023-04-04,-20,0.03533779829740524
2023-05-03,rate_decision,2023-04-05,-19,0.03591607138514519
2023-05-03,rate_decision,2023-04-06,-18,0.03741070255637169
2023-05-03,rate_decision,2023-04-07,-17,0.03543736785650253
2023-05-03,rate_decision,2023-04-10,-16,0.0337151363492012
2023-05-03,rate_decision,2023-04-11,-15,0.035117268562316895
2023-05-03,rate_decision,2023-04-12,-14,0.03776150941848755
2023-05-03,rate_decision,2023-04-13,-13,0.03400002792477608
2023-05-03,rate_decision,2023-04-14,-12,0.03146509453654289
2023-05-03,rate_decision,2023-04-17,-11,0.02970808930695057
2023-05-03,rate_decision,2023-04-18,-10,0.030997183173894882
2023-05-03,rate_decision,2023-04-19,-9,0.030971094965934753
2023-05-03,rate_decision,2023-04-20,-8,0.030552543699741364
2023-05-03,rate_decision,2023-04-21,-7,0.03222650662064552
2023-05-03,rate_decision,2023-04-24,-6,0.0339919738471508
2023-05-03,rate_decision,2023-04-25,-5,0.03650582581758499
2023-05-03,rate_decision,2023-04-26,-4,0.04175669699907303
2023-05-03,rate_decision,2023-04-27,-3,0.03634266182780266
2023-05-03,rate_decision,2023-04-28,-2,0.03718651086091995
2023-05-03,rate_decision,2023-05-01,-1,0.034441471099853516
2023-05-03,rate_decision,2023-05-02,0,0.034664444625377655
2023-05-03,current_policy_stance,2023-03-23,-28,0.04005066305398941
2023-05-03,current_policy_stance,2023-03-24,-27,0.03933975100517273
2023-05-03,current_policy_stance,2023-03-27,-26,0.037724196910858154
2023-05-03,current_policy_stance,2023-03-28,-25,0.03368473798036575
2023-05-03,current_policy_stance,2023-03-29,-24,0.031269993633031845
2023-05-03,current_policy_stance,2023-03-30,-23,0.03151023015379906
2023-05-03,current_policy_stance,2023-03-31,-22,0.03218653053045273
2023-05-03,current_policy_stance,2023-04-03,-21,0.03359919786453247
2023-05-03,current_policy_stance,2023-04-04,-20,0.03481511026620865
2023-05-03,current_policy_stance,2023-04-05,-19,0.03519754856824875
2023-05-03,current_policy_stance,2023-04-06,-18,0.03550025448203087
2023-05-03,current_policy_stance,2023-04-07,-17,0.03275998309254646
2023-05-03,current_policy_stance,2023-04-10,-16,0.034298449754714966
2023-05-03,current_policy_stance,2023-04-11,-15,0.033957589417696
2023-05-03,current_policy_stance,2023-04-12,-14,0.03870601952075958
2023-05-03,current_policy_stance,2023-04-13,-13,0.03758334368467331
2023-05-03,current_policy_stance,2023-04-14,-12,0.036679707467556
2023-05-03,current_policy_stance,2023-04-17,-11,0.03332453966140747
2023-05-03,current_policy_stance,2023-04-18,-10,0.03368513658642769
2023-05-03,current_policy_stance,2023-04-19,-9,0.0297646876424551
2023-05-03,current_policy_stance,2023-04-20,-8,0.033124614506959915
2023-05-03,current_policy_stance,2023-04-21,-7,0.030529655516147614
2023-05-03,current_policy_stance,2023-04-24,-6,0.031645167618989944
2023-05-03,current_policy_stance,2023-04-25,-5,0.03684220090508461
2023-05-03,current_policy_stance,2023-04-26,-4,0.03490474820137024
2023-05-03,current_policy_stance,2023-04-27,-3,0.035428356379270554
2023-05-03,current_policy_stance,2023-04-28,-2,0.03557690232992172
2023-05-03,current_policy_stance,2023-05-01,-1,0.0315541997551918
2023-05-03,current_policy_stance,2023-05-02,0,0.03475648909807205
2023-05-03,policy_stance_shift,2023-03-23,-28,0.04207027703523636
2023-05-03,policy_stance_shift,2023-03-24,-27,0.04120449349284172
2023-05-03,policy_stance_shift,2023-03-27,-26,0.03603312000632286
2023-05-03,policy_stance_shift,2023-03-28,-25,0.03668808192014694
2023-05-03,policy_stance_shift,2023-03-29,-24,0.032494354993104935
2023-05-03,policy_stance_shift,2023-03-30,-23,0.03262229636311531
2023-05-03,policy_stance_shift,2023-03-31,-22,0.033916130661964417
2023-05-03,policy_stance_shift,2023-04-03,-21,0.03483910858631134
2023-05-03,policy_stance_shift,2023-04-04,-20,0.036180563271045685
2023-05-03,policy_stance_shift,2023-04-05,-19,0.03528108447790146
2023-05-03,policy_stance_shift,2023-04-06,-18,0.0362481065094471
2023-05-03,policy_stance_shift,2023-04-07,-17,0.03309469670057297
2023-05-03,policy_stance_shift,2023-04-10,-16,0.036312077194452286
2023-05-03,policy_stance_shift,2023-04-11,-15,0.03486756607890129
2023-05-03,policy_stance_shift,2023-04-12,-14,0.03667576238512993
2023-05-03,policy_stance_shift,2023-04-13,-13,0.03496207296848297
2023-05-03,policy_stance_shift,2023-04-14,-12,0.03705483675003052
2023-05-03,policy_stance_shift,2023-04-17,-11,0.03353596851229668
2023-05-03,policy_stance_shift,2023-04-18,-10,0.033030327409505844
2023-05-03,policy_stance_shift,2023-04-19,-9,0.0295188557356596
2023-05-03,policy_stance_shift,2023-04-20,-8,0.03363032266497612
2023-05-03,policy_stance_shift,2023-04-21,-7,0.031005175784230232
2023-05-03,policy_stance_shift,2023-04-24,-6,0.03059813752770424
2023-05-03,policy_stance_shift,2023-04-25,-5,0.03567821532487869
2023-05-03,policy_stance_shift,2023-04-26,-4,0.030942928045988083
2023-05-03,policy_stance_shift,2023-04-27,-3,0.03288310021162033
2023-05-03,policy_stance_shift,2023-04-28,-2,0.036013029515743256
2023-05-03,policy_stance_shift,2023-05-01,-1,0.028018169105052948
2023-05-03,policy_stance_shift,2023-05-02,0,0.03460114821791649
2023-05-03,expected_rate_path_shift,2023-03-23,-28,0.03874951973557472
2023-05-03,expected_rate_path_shift,2023-03-24,-27,0.03970466926693916
2023-05-03,expected_rate_path_shift,2023-03-27,-26,0.03292069956660271
2023-05-03,expected_rate_path_shift,2023-03-28,-25,0.038096677511930466
2023-05-03,expected_rate_path_shift,2023-03-29,-24,0.03462522104382515
2023-05-03,expected_rate_path_shift,2023-03-30,-23,0.03591892495751381
2023-05-03,expected_rate_path_shift,2023-03-31,-22,0.03704846650362015
2023-05-03,expected_rate_path_shift,2023-04-03,-21,0.03650404512882233
2023-05-03,expected_rate_path_shift,2023-04-04,-20,0.03702164441347122
2023-05-03,expected_rate_path_shift,2023-04-05,-19,0.03516427427530289
2023-05-03,expected_rate_path_shift,2023-04-06,-18,0.036248836666345596
2023-05-03,expected_rate_path_shift,2023-04-07,-17,0.03562441095709801
2023-05-03,expected_rate_path_shift,2023-04-10,-16,0.036196138709783554
2023-05-03,expected_rate_path_shift,2023-04-11,-15,0.03445301577448845
2023-05-03,expected_rate_path_shift,2023-04-12,-14,0.03320781886577606
2023-05-03,expected_rate_path_shift,2023-04-13,-13,0.03168589249253273
2023-05-03,expected_rate_path_shift,2023-04-14,-12,0.03540566936135292
2023-05-03,expected_rate_path_shift,2023-04-17,-11,0.0333990603685379
2023-05-03,expected_rate_path_shift,2023-04-18,-10,0.03237241134047508
2023-05-03,expected_rate_path_shift,2023-04-19,-9,0.03291796147823334
2023-05-03,expected_rate_path_shift,2023-04-20,-8,0.035083021968603134
2023-05-03,expected_rate_path_shift,2023-04-21,-7,0.03489012271165848
2023-05-03,expected_rate_path_shift,2023-04-24,-6,0.031888436526060104
2023-05-03,expected_rate_path_shift,2023-04-25,-5,0.032401036471128464
2023-05-03,expected_rate_path_shift,2023-04-26,-4,0.030565930530428886
2023-05-03,expected_rate_path_shift,2023-04-27,-3,0.03121691197156906
2023-05-03,expected_rate_path_shift,2023-04-28,-2,0.034729115664958954
2023-05-03,expected_rate_path_shift,2023-05-01,-1,0.028239455074071884
2023-05-03,expected_rate_path_shift,2023-05-02,0,0.033720653504133224
2023-05-03,inflation_assessment_shift,2023-03-23,-28,0.04129371419548988
2023-05-03,inflation_assessment_shift,2023-03-24,-27,0.042170826345682144
2023-05-03,inflation_assessment_shift,2023-03-27,-26,0.035311780869960785
2023-05-03,inflation_assessment_shift,2023-03-28,-25,0.03781357407569885
2023-05-03,inflation_assessment_shift,2023-03-29,-24,0.03328952565789223
2023-05-03,inflation_assessment_shift,2023-03-30,-23,0.033093977719545364
2023-05-03,inflation_assessment_shift,2023-03-31,-22,0.03475169464945793
2023-05-03,inflation_assessment_shift,2023-04-03,-21,0.035486478358507156
2023-05-03,inflation_assessment_shift,2023-04-04,-20,0.03715874254703522
2023-05-03,inflation_assessment_shift,2023-04-05,-19,0.035854876041412354
2023-05-03,inflation_assessment_shift,2023-04-06,-18,0.03729618340730667
2023-05-03,inflation_assessment_shift,2023-04-07,-17,0.03515199199318886
2023-05-03,inflation_assessment_shift,2023-04-10,-16,0.0368083156645298
2023-05-03,inflation_assessment_shift,2023-04-11,-15,0.03445916622877121
2023-05-03,inflation_assessment_shift,2023-04-12,-14,0.03559740260243416
2023-05-03,inflation_assessment_shift,2023-04-13,-13,0.03230767697095871
2023-05-03,inflation_assessment_shift,2023-04-14,-12,0.03570109233260155
2023-05-03,inflation_assessment_shift,2023-04-17,-11,0.03288600593805313
2023-05-03,inflation_assessment_shift,2023-04-18,-10,0.032074566930532455
2023-05-03,inflation_assessment_shift,2023-04-19,-9,0.029499508440494537
2023-05-03,inflation_assessment_shift,2023-04-20,-8,0.03292056545615196
2023-05-03,inflation_assessment_shift,2023-04-21,-7,0.031918130815029144
2023-05-03,inflation_assessment_shift,2023-04-24,-6,0.030395731329917908
2023-05-03,inflation_assessment_shift,2023-04-25,-5,0.03446118161082268
2023-05-03,inflation_assessment_shift,2023-04-26,-4,0.0314655676484108
2023-05-03,inflation_assessment_shift,2023-04-27,-3,0.03200448304414749
2023-05-03,inflation_assessment_shift,2023-04-28,-2,0.036510270088911057
2023-05-03,inflation_assessment_shift,2023-05-01,-1,0.027847107499837875
2023-05-03,inflation_assessment_shift,2023-05-02,0,0.03446988761425018
2023-05-03,inflation_risk_shift,2023-03-23,-28,0.04265132546424866
2023-05-03,inflation_risk_shift,2023-03-24,-27,0.04231316223740578
2023-05-03,inflation_risk_shift,2023-03-27,-26,0.03439739719033241
2023-05-03,inflation_risk_shift,2023-03-28,-25,0.03707137703895569
2023-05-03,inflation_risk_shift,2023-03-29,-24,0.032579079270362854
2023-05-03,inflation_risk_shift,2023-03-30,-23,0.03337899595499039
2023-05-03,inflation_risk_shift,2023-03-31,-22,0.03506660461425781
2023-05-03,inflation_risk_shift,2023-04-03,-21,0.035909026861190796
2023-05-03,inflation_risk_shift,2023-04-04,-20,0.03760931268334389
2023-05-03,inflation_risk_shift,2023-04-05,-19,0.03578363358974457
2023-05-03,inflation_risk_shift,2023-04-06,-18,0.03666026517748833
2023-05-03,inflation_risk_shift,2023-04-07,-17,0.03410980850458145
2023-05-03,inflation_risk_shift,2023-04-10,-16,0.03616783767938614
2023-05-03,inflation_risk_shift,2023-04-11,-15,0.034170281141996384
2023-05-03,inflation_risk_shift,2023-04-12,-14,0.03533491864800453
2023-05-03,inflation_risk_shift,2023-04-13,-13,0.03158874809741974
2023-05-03,inflation_risk_shift,2023-04-14,-12,0.03518737480044365
2023-05-03,inflation_risk_shift,2023-04-17,-11,0.03238261863589287
2023-05-03,inflation_risk_shift,2023-04-18,-10,0.031199194490909576
2023-05-03,inflation_risk_shift,2023-04-19,-9,0.0290352925658226
2023-05-03,inflation_risk_shift,2023-04-20,-8,0.033453404903411865
2023-05-03,inflation_risk_shift,2023-04-21,-7,0.03208081051707268
2023-05-03,inflation_risk_shift,2023-04-24,-6,0.03115595504641533
2023-05-03,inflation_risk_shift,2023-04-25,-5,0.03526531532406807
2023-05-03,inflation_risk_shift,2023-04-26,-4,0.03242488205432892
2023-05-03,inflation_risk_shift,2023-04-27,-3,0.033162809908390045
2023-05-03,inflation_risk_shift,2023-04-28,-2,0.037209443747997284
2023-05-03,inflation_risk_shift,2023-05-01,-1,0.02774430438876152
2023-05-03,inflation_risk_shift,2023-05-02,0,0.03490681201219559
2023-05-03,unemployment_assessment_shift,2023-03-23,-28,0.03871186077594757
2023-05-03,unemployment_assessment_shift,2023-03-24,-27,0.040075529366731644
2023-05-03,unemployment_assessment_shift,2023-03-27,-26,0.033557429909706116
2023-05-03,unemployment_assessment_shift,2023-03-28,-25,0.0379236601293087
2023-05-03,unemployment_assessment_shift,2023-03-29,-24,0.03494080901145935
2023-05-03,unemployment_assessment_shift,2023-03-30,-23,0.03562132269144058
2023-05-03,unemployment_assessment_shift,2023-03-31,-22,0.03681385889649391
2023-05-03,unemployment_assessment_shift,2023-04-03,-21,0.0362362340092659
2023-05-03,unemployment_assessment_shift,2023-04-04,-20,0.036661550402641296
2023-05-03,unemployment_assessment_shift,2023-04-05,-19,0.034904029220342636
2023-05-03,unemployment_assessment_shift,2023-04-06,-18,0.035961445420980453
2023-05-03,unemployment_assessment_shift,2023-04-07,-17,0.03538600355386734
2023-05-03,unemployment_assessment_shift,2023-04-10,-16,0.036149367690086365
2023-05-03,unemployment_assessment_shift,2023-04-11,-15,0.03440874069929123
2023-05-03,unemployment_assessment_shift,2023-04-12,-14,0.03341912105679512
2023-05-03,unemployment_assessment_shift,2023-04-13,-13,0.03179575130343437
2023-05-03,unemployment_assessment_shift,2023-04-14,-12,0.03600870072841644
2023-05-03,unemployment_assessment_shift,2023-04-17,-11,0.0339864082634449
2023-05-03,unemployment_assessment_shift,2023-04-18,-10,0.03269379958510399
2023-05-03,unemployment_assessment_shift,2023-04-19,-9,0.03311906382441521
2023-05-03,unemployment_assessment_shift,2023-04-20,-8,0.03475666046142578
2023-05-03,unemployment_assessment_shift,2023-04-21,-7,0.034735992550849915
2023-05-03,unemployment_assessment_shift,2023-04-24,-6,0.03147565945982933
2023-05-03,unemployment_assessment_shift,2023-04-25,-5,0.03218507394194603
2023-05-03,unemployment_assessment_shift,2023-04-26,-4,0.03065183199942112
2023-05-03,unemployment_assessment_shift,2023-04-27,-3,0.03109734319150448
2023-05-03,unemployment_assessment_shift,2023-04-28,-2,0.03490239381790161
2023-05-03,unemployment_assessment_shift,2023-05-01,-1,0.028694424778223038
2023-05-03,unemployment_assessment_shift,2023-05-02,0,0.0331258662045002
2023-05-03,labor_market_risk_shift,2023-03-23,-28,0.03845835104584694
2023-05-03,labor_market_risk_shift,2023-03-24,-27,0.03925416246056557
2023-05-03,labor_market_risk_shift,2023-03-27,-26,0.03341374918818474
2023-05-03,labor_market_risk_shift,2023-03-28,-25,0.03802066296339035
2023-05-03,labor_market_risk_shift,2023-03-29,-24,0.03439241647720337
2023-05-03,labor_market_risk_shift,2023-03-30,-23,0.03578333556652069
2023-05-03,labor_market_risk_shift,2023-03-31,-22,0.03676622360944748
2023-05-03,labor_market_risk_shift,2023-04-03,-21,0.03597891703248024
2023-05-03,labor_market_risk_shift,2023-04-04,-20,0.03698702156543732
2023-05-03,labor_market_risk_shift,2023-04-05,-19,0.035254281014204025
2023-05-03,labor_market_risk_shift,2023-04-06,-18,0.037039320915937424
2023-05-03,labor_market_risk_shift,2023-04-07,-17,0.03616787865757942
2023-05-03,labor_market_risk_shift,2023-04-10,-16,0.03622586280107498
2023-05-03,labor_market_risk_shift,2023-04-11,-15,0.034165456891059875
2023-05-03,labor_market_risk_shift,2023-04-12,-14,0.03235692158341408
2023-05-03,labor_market_risk_shift,2023-04-13,-13,0.03168705850839615
2023-05-03,labor_market_risk_shift,2023-04-14,-12,0.03616208955645561
2023-05-03,labor_market_risk_shift,2023-04-17,-11,0.03319167345762253
2023-05-03,labor_market_risk_shift,2023-04-18,-10,0.03228122740983963
2023-05-03,labor_market_risk_shift,2023-04-19,-9,0.03257729858160019
2023-05-03,labor_market_risk_shift,2023-04-20,-8,0.0349600613117218
2023-05-03,labor_market_risk_shift,2023-04-21,-7,0.03444409370422363
2023-05-03,labor_market_risk_shift,2023-04-24,-6,0.031902898102998734
2023-05-03,labor_market_risk_shift,2023-04-25,-5,0.03284085541963577
2023-05-03,labor_market_risk_shift,2023-04-26,-4,0.030909210443496704
2023-05-03,labor_market_risk_shift,2023-04-27,-3,0.03191568702459335
2023-05-03,labor_market_risk_shift,2023-04-28,-2,0.03472225368022919
2023-05-03,labor_market_risk_shift,2023-05-01,-1,0.028355013579130173
2023-05-03,labor_market_risk_shift,2023-05-02,0,0.033785950392484665
2023-05-03,growth_activity_shift,2023-03-23,-28,0.0413837656378746
2023-05-03,growth_activity_shift,2023-03-24,-27,0.041766177862882614
2023-05-03,growth_activity_shift,2023-03-27,-26,0.035039022564888
2023-05-03,growth_activity_shift,2023-03-28,-25,0.037302251905202866
2023-05-03,growth_activity_shift,2023-03-29,-24,0.03307734802365303
2023-05-03,growth_activity_shift,2023-03-30,-23,0.034536246210336685
2023-05-03,growth_activity_shift,2023-03-31,-22,0.03574822470545769
2023-05-03,growth_activity_shift,2023-04-03,-21,0.035945188254117966
2023-05-03,growth_activity_shift,2023-04-04,-20,0.03745780885219574
2023-05-03,growth_activity_shift,2023-04-05,-19,0.03537037596106529
2023-05-03,growth_activity_shift,2023-04-06,-18,0.03647586703300476
2023-05-03,growth_activity_shift,2023-04-07,-17,0.03416601940989494
2023-05-03,growth_activity_shift,2023-04-10,-16,0.03589687496423721
2023-05-03,growth_activity_shift,2023-04-11,-15,0.034478235989809036
2023-05-03,growth_activity_shift,2023-04-12,-14,0.03440188616514206
2023-05-03,growth_activity_shift,2023-04-13,-13,0.03246474266052246
2023-05-03,growth_activity_shift,2023-04-14,-12,0.03652147948741913
2023-05-03,growth_activity_shift,2023-04-17,-11,0.0327475368976593
2023-05-03,growth_activity_shift,2023-04-18,-10,0.03154338523745537
2023-05-03,growth_activity_shift,2023-04-19,-9,0.030542314052581787
2023-05-03,growth_activity_shift,2023-04-20,-8,0.03388729318976402
2023-05-03,growth_activity_shift,2023-04-21,-7,0.03244950249791145
2023-05-03,growth_activity_shift,2023-04-24,-6,0.03138459473848343
2023-05-03,growth_activity_shift,2023-04-25,-5,0.033606041222810745
2023-05-03,growth_activity_shift,2023-04-26,-4,0.030956147238612175
2023-05-03,growth_activity_shift,2023-04-27,-3,0.03286021202802658
2023-05-03,growth_activity_shift,2023-04-28,-2,0.03509508818387985
2023-05-03,growth_activity_shift,2023-05-01,-1,0.02876831777393818
2023-05-03,growth_activity_shift,2023-05-02,0,0.03412803262472153
2023-05-03,financial_conditions_shift,2023-03-23,-28,0.043654534965753555
2023-05-03,financial_conditions_shift,2023-03-24,-27,0.043480537831783295
2023-05-03,financial_conditions_shift,2023-03-27,-26,0.03602902591228485
2023-05-03,financial_conditions_shift,2023-03-28,-25,0.03742561116814613
2023-05-03,financial_conditions_shift,2023-03-29,-24,0.0325288325548172
2023-05-03,financial_conditions_shift,2023-03-30,-23,0.03247574344277382
2023-05-03,financial_conditions_shift,2023-03-31,-22,0.03378079831600189
2023-05-03,financial_conditions_shift,2023-04-03,-21,0.03493154048919678
2023-05-03,financial_conditions_shift,2023-04-04,-20,0.036593906581401825
2023-05-03,financial_conditions_shift,2023-04-05,-19,0.03533496707677841
2023-05-03,financial_conditions_shift,2023-04-06,-18,0.03549589961767197
2023-05-03,financial_conditions_shift,2023-04-07,-17,0.032818518579006195
2023-05-03,financial_conditions_shift,2023-04-10,-16,0.036116305738687515
2023-05-03,financial_conditions_shift,2023-04-11,-15,0.03484024107456207
2023-05-03,financial_conditions_shift,2023-04-12,-14,0.03806699439883232
2023-05-03,financial_conditions_shift,2023-04-13,-13,0.033932432532310486
2023-05-03,financial_conditions_shift,2023-04-14,-12,0.03689836710691452
2023-05-03,financial_conditions_shift,2023-04-17,-11,0.03378533571958542
2023-05-03,financial_conditions_shift,2023-04-18,-10,0.03257348760962486
2023-05-03,financial_conditions_shift,2023-04-19,-9,0.02860432304441929
2023-05-03,financial_conditions_shift,2023-04-20,-8,0.03259551152586937
2023-05-03,financial_conditions_shift,2023-04-21,-7,0.030900228768587112
2023-05-03,financial_conditions_shift,2023-04-24,-6,0.030091268941760063
2023-05-03,financial_conditions_shift,2023-04-25,-5,0.03453512117266655
2023-05-03,financial_conditions_shift,2023-04-26,-4,0.03106672316789627
2023-05-03,financial_conditions_shift,2023-04-27,-3,0.032076332718133926
2023-05-03,financial_conditions_shift,2023-04-28,-2,0.03727389872074127
2023-05-03,financial_conditions_shift,2023-05-01,-1,0.027342665940523148
2023-05-03,financial_conditions_shift,2023-05-02,0,0.034750837832689285
2023-05-03,balance_sheet_policy_shift,2023-03-23,-28,0.042669035494327545
2023-05-03,balance_sheet_policy_shift,2023-03-24,-27,0.04274121671915054
2023-05-03,balance_sheet_policy_shift,2023-03-27,-26,0.03504658490419388
2023-05-03,balance_sheet_policy_shift,2023-03-28,-25,0.03613342344760895
2023-05-03,balance_sheet_policy_shift,2023-03-29,-24,0.03209483623504639
2023-05-03,balance_sheet_policy_shift,2023-03-30,-23,0.03288474306464195
2023-05-03,balance_sheet_policy_shift,2023-03-31,-22,0.03424335643649101
2023-05-03,balance_sheet_policy_shift,2023-04-03,-21,0.03525923565030098
2023-05-03,balance_sheet_policy_shift,2023-04-04,-20,0.03730417415499687
2023-05-03,balance_sheet_policy_shift,2023-04-05,-19,0.0360272154211998
2023-05-03,balance_sheet_policy_shift,2023-04-06,-18,0.03660447522997856
2023-05-03,balance_sheet_policy_shift,2023-04-07,-17,0.033333007246255875
2023-05-03,balance_sheet_policy_shift,2023-04-10,-16,0.03594563156366348
2023-05-03,balance_sheet_policy_shift,2023-04-11,-15,0.03439362347126007
2023-05-03,balance_sheet_policy_shift,2023-04-12,-14,0.03684605285525322
2023-05-03,balance_sheet_policy_shift,2023-04-13,-13,0.03325987607240677
2023-05-03,balance_sheet_policy_shift,2023-04-14,-12,0.03588709235191345
2023-05-03,balance_sheet_policy_shift,2023-04-17,-11,0.032307397574186325
2023-05-03,balance_sheet_policy_shift,2023-04-18,-10,0.03157217800617218
2023-05-03,balance_sheet_policy_shift,2023-04-19,-9,0.02880331128835678
2023-05-03,balance_sheet_policy_shift,2023-04-20,-8,0.033402711153030396
2023-05-03,balance_sheet_policy_shift,2023-04-21,-7,0.030715014785528183
2023-05-03,balance_sheet_policy_shift,2023-04-24,-6,0.030817944556474686
2023-05-03,balance_sheet_policy_shift,2023-04-25,-5,0.03594111278653145
2023-05-03,balance_sheet_policy_shift,2023-04-26,-4,0.03255099058151245
2023-05-03,balance_sheet_policy_shift,2023-04-27,-3,0.03315068408846855
2023-05-03,balance_sheet_policy_shift,2023-04-28,-2,0.03723083436489105
2023-05-03,balance_sheet_policy_shift,2023-05-01,-1,0.0273439884185791
2023-05-03,balance_sheet_policy_shift,2023-05-02,0,0.0354902520775795
2023-05-03,risk_balance_shift,2023-03-23,-28,0.041655316948890686
2023-05-03,risk_balance_shift,2023-03-24,-27,0.042178910225629807
2023-05-03,risk_balance_shift,2023-03-27,-26,0.03537062555551529
2023-05-03,risk_balance_shift,2023-03-28,-25,0.03756718337535858
2023-05-03,risk_balance_shift,2023-03-29,-24,0.03343157097697258
2023-05-03,risk_balance_shift,2023-03-30,-23,0.03421861305832863
2023-05-03,risk_balance_shift,2023-03-31,-22,0.035046856850385666
2023-05-03,risk_balance_shift,2023-04-03,-21,0.03540567308664322
2023-05-03,risk_balance_shift,2023-04-04,-20,0.037056438624858856
2023-05-03,risk_balance_shift,2023-04-05,-19,0.03568071126937866
2023-05-03,risk_balance_shift,2023-04-06,-18,0.03717760741710663
2023-05-03,risk_balance_shift,2023-04-07,-17,0.03505988046526909
2023-05-03,risk_balance_shift,2023-04-10,-16,0.03712033852934837
2023-05-03,risk_balance_shift,2023-04-11,-15,0.03520531207323074
2023-05-03,risk_balance_shift,2023-04-12,-14,0.0353485643863678
2023-05-03,risk_balance_shift,2023-04-13,-13,0.03226955607533455
2023-05-03,risk_balance_shift,2023-04-14,-12,0.035254888236522675
2023-05-03,risk_balance_shift,2023-04-17,-11,0.032338108867406845
2023-05-03,risk_balance_shift,2023-04-18,-10,0.031762514263391495
2023-05-03,risk_balance_shift,2023-04-19,-9,0.03011433035135269
2023-05-03,risk_balance_shift,2023-04-20,-8,0.0338737852871418
2023-05-03,risk_balance_shift,2023-04-21,-7,0.03125627711415291
2023-05-03,risk_balance_shift,2023-04-24,-6,0.030236463993787766
2023-05-03,risk_balance_shift,2023-04-25,-5,0.03390328213572502
2023-05-03,risk_balance_shift,2023-04-26,-4,0.031005844473838806
2023-05-03,risk_balance_shift,2023-04-27,-3,0.03257729858160019
2023-05-03,risk_balance_shift,2023-04-28,-2,0.03565491735935211
2023-05-03,risk_balance_shift,2023-05-01,-1,0.027849286794662476
2023-05-03,risk_balance_shift,2023-05-02,0,0.034379854798316956
2023-05-03,committee_dispersion,2023-03-23,-28,0.04144669324159622
2023-05-03,committee_dispersion,2023-03-24,-27,0.04116665571928024
2023-05-03,committee_dispersion,2023-03-27,-26,0.037490323185920715
2023-05-03,committee_dispersion,2023-03-28,-25,0.034005239605903625
2023-05-03,committee_dispersion,2023-03-29,-24,0.031801383942365646
2023-05-03,committee_dispersion,2023-03-30,-23,0.032035961747169495
2023-05-03,committee_dispersion,2023-03-31,-22,0.03273353725671768
2023-05-03,committee_dispersion,2023-04-03,-21,0.03381849080324173
2023-05-03,committee_dispersion,2023-04-04,-20,0.03546968102455139
2023-05-03,committee_dispersion,2023-04-05,-19,0.03566944599151611
2023-05-03,committee_dispersion,2023-04-06,-18,0.03623531013727188
2023-05-03,committee_dispersion,2023-04-07,-17,0.03256875276565552
2023-05-03,committee_dispersion,2023-04-10,-16,0.03440980240702629
2023-05-03,committee_dispersion,2023-04-11,-15,0.034344494342803955
2023-05-03,committee_dispersion,2023-04-12,-14,0.03920811787247658
2023-05-03,committee_dispersion,2023-04-13,-13,0.03695625439286232
2023-05-03,committee_dispersion,2023-04-14,-12,0.036233849823474884
2023-05-03,committee_dispersion,2023-04-17,-11,0.03284701332449913
2023-05-03,committee_dispersion,2023-04-18,-10,0.03308767452836037
2023-05-03,committee_dispersion,2023-04-19,-9,0.02926081418991089
2023-05-03,committee_dispersion,2023-04-20,-8,0.03303246572613716
2023-05-03,committee_dispersion,2023-04-21,-7,0.029865805059671402
2023-05-03,committee_dispersion,2023-04-24,-6,0.031090067699551582
2023-05-03,committee_dispersion,2023-04-25,-5,0.03627122938632965
2023-05-03,committee_dispersion,2023-04-26,-4,0.034744370728731155
2023-05-03,committee_dispersion,2023-04-27,-3,0.03416971117258072
2023-05-03,committee_dispersion,2023-04-28,-2,0.035086534917354584
2023-05-03,committee_dispersion,2023-05-01,-1,0.030449435114860535
2023-05-03,committee_dispersion,2023-05-02,0,0.03450088948011398
2023-05-03,policy_uncertainty,2023-03-23,-28,0.039573658257722855
2023-05-03,policy_uncertainty,2023-03-24,-27,0.038807518780231476
2023-05-03,policy_uncertainty,2023-03-27,-26,0.03815570846199989
2023-05-03,policy_uncertainty,2023-03-28,-25,0.03378996625542641
2023-05-03,policy_uncertainty,2023-03-29,-24,0.03152389079332352
2023-05-03,policy_uncertainty,2023-03-30,-23,0.03141506016254425
2023-05-03,policy_uncertainty,2023-03-31,-22,0.03142935782670975
2023-05-03,policy_uncertainty,2023-04-03,-21,0.03267639875411987
2023-05-03,policy_uncertainty,2023-04-04,-20,0.033814288675785065
2023-05-03,policy_uncertainty,2023-04-05,-19,0.03446387127041817
2023-05-03,policy_uncertainty,2023-04-06,-18,0.03493141382932663
2023-05-03,policy_uncertainty,2023-04-07,-17,0.03245226666331291
2023-05-03,policy_uncertainty,2023-04-10,-16,0.033987559378147125
2023-05-03,policy_uncertainty,2023-04-11,-15,0.034444428980350494
2023-05-03,policy_uncertainty,2023-04-12,-14,0.0394224189221859
2023-05-03,policy_uncertainty,2023-04-13,-13,0.03818339854478836
2023-05-03,policy_uncertainty,2023-04-14,-12,0.03627541661262512
2023-05-03,policy_uncertainty,2023-04-17,-11,0.0341118648648262
2023-05-03,policy_uncertainty,2023-04-18,-10,0.03422157093882561
2023-05-03,policy_uncertainty,2023-04-19,-9,0.03053712658584118
2023-05-03,policy_uncertainty,2023-04-20,-8,0.033185675740242004
2023-05-03,policy_uncertainty,2023-04-21,-7,0.030106879770755768
2023-05-03,policy_uncertainty,2023-04-24,-6,0.03180668503046036
2023-05-03,policy_uncertainty,2023-04-25,-5,0.03686382994055748
2023-05-03,policy_uncertainty,2023-04-26,-4,0.03527532145380974
2023-05-03,policy_uncertainty,2023-04-27,-3,0.035859327763319016
2023-05-03,policy_uncertainty,2023-04-28,-2,0.03521052002906799
2023-05-03,policy_uncertainty,2023-05-01,-1,0.03312037140130997
2023-05-03,policy_uncertainty,2023-05-02,0,0.03435421362519264
2023-05-03,forward_guidance_strength,2023-03-23,-28,0.03652195259928703
2023-05-03,forward_guidance_strength,2023-03-24,-27,0.037263598293066025
2023-05-03,forward_guidance_strength,2023-03-27,-26,0.0322689488530159
2023-05-03,forward_guidance_strength,2023-03-28,-25,0.03831794857978821
2023-05-03,forward_guidance_strength,2023-03-29,-24,0.03497149795293808
2023-05-03,forward_guidance_strength,2023-03-30,-23,0.03572698310017586
2023-05-03,forward_guidance_strength,2023-03-31,-22,0.037019118666648865
2023-05-03,forward_guidance_strength,2023-04-03,-21,0.03632929176092148
2023-05-03,forward_guidance_strength,2023-04-04,-20,0.03681425005197525
2023-05-03,forward_guidance_strength,2023-04-05,-19,0.03504250943660736
2023-05-03,forward_guidance_strength,2023-04-06,-18,0.03644508123397827
2023-05-03,forward_guidance_strength,2023-04-07,-17,0.03629128634929657
2023-05-03,forward_guidance_strength,2023-04-10,-16,0.03622358292341232
2023-05-03,forward_guidance_strength,2023-04-11,-15,0.03401878476142883
2023-05-03,forward_guidance_strength,2023-04-12,-14,0.0318845771253109
2023-05-03,forward_guidance_strength,2023-04-13,-13,0.03131411224603653
2023-05-03,forward_guidance_strength,2023-04-14,-12,0.03581162914633751
2023-05-03,forward_guidance_strength,2023-04-17,-11,0.03399357944726944
2023-05-03,forward_guidance_strength,2023-04-18,-10,0.03308357298374176
2023-05-03,forward_guidance_strength,2023-04-19,-9,0.033636391162872314
2023-05-03,forward_guidance_strength,2023-04-20,-8,0.035122230648994446
2023-05-03,forward_guidance_strength,2023-04-21,-7,0.03567017242312431
2023-05-03,forward_guidance_strength,2023-04-24,-6,0.03279084712266922
2023-05-03,forward_guidance_strength,2023-04-25,-5,0.032458409667015076
2023-05-03,forward_guidance_strength,2023-04-26,-4,0.03056349605321884
2023-05-03,forward_guidance_strength,2023-04-27,-3,0.031488388776779175
2023-05-03,forward_guidance_strength,2023-04-28,-2,0.035229071974754333
2023-05-03,forward_guidance_strength,2023-05-01,-1,0.029155131429433823
2023-05-03,forward_guidance_strength,2023-05-02,0,0.03454352170228958
2023-06-14,rate_decision,2023-05-04,-27,0.03463360667228699
2023-06-14,rate_decision,2023-05-05,-26,0.03602210059762001
2023-06-14,rate_decision,2023-05-08,-25,0.036695003509521484
2023-06-14,rate_decision,2023-05-09,-24,0.03645791485905647
2023-06-14,rate_decision,2023-05-10,-23,0.03717390075325966
2023-06-14,rate_decision,2023-05-11,-22,0.04007990285754204
2023-06-14,rate_decision,2023-05-12,-21,0.03696892783045769
2023-06-14,rate_decision,2023-05-15,-20,0.03517023101449013
2023-06-14,rate_decision,2023-05-16,-19,0.03919481486082077
2023-06-14,rate_decision,2023-05-17,-18,0.03498220816254616
2023-06-14,rate_decision,2023-05-18,-17,0.03462035953998566
2023-06-14,rate_decision,2023-05-19,-16,0.0335078164935112
2023-06-14,rate_decision,2023-05-22,-15,0.03480462729930878
2023-06-14,rate_decision,2023-05-23,-14,0.036042094230651855
2023-06-14,rate_decision,2023-05-24,-13,0.034184765070676804
2023-06-14,rate_decision,2023-05-25,-12,0.031265970319509506
2023-06-14,rate_decision,2023-05-26,-11,0.031873852014541626
2023-06-14,rate_decision,2023-05-30,-10,0.032190270721912384
2023-06-14,rate_decision,2023-05-31,-9,0.034123241901397705
2023-06-14,rate_decision,2023-06-01,-8,0.034069567918777466
2023-06-14,rate_decision,2023-06-02,-7,0.0349380224943161
2023-06-14,rate_decision,2023-06-05,-6,0.036128729581832886
2023-06-14,rate_decision,2023-06-06,-5,0.040206119418144226
2023-06-14,rate_decision,2023-06-07,-4,0.03606365621089935
2023-06-14,rate_decision,2023-06-08,-3,0.035804860293865204
2023-06-14,rate_decision,2023-06-09,-2,0.0394248366355896
2023-06-14,rate_decision,2023-06-12,-1,0.03615230694413185
2023-06-14,rate_decision,2023-06-13,0,0.03722028434276581
2023-06-14,current_policy_stance,2023-05-04,-27,0.03691798821091652
2023-06-14,current_policy_stance,2023-05-05,-26,0.03674769401550293
2023-06-14,current_policy_stance,2023-05-08,-25,0.0361487939953804
2023-06-14,current_policy_stance,2023-05-09,-24,0.034384459257125854
2023-06-14,current_policy_stance,2023-05-10,-23,0.03981227055191994
2023-06-14,current_policy_stance,2023-05-11,-22,0.04670592397451401
2023-06-14,current_policy_stance,2023-05-12,-21,0.038744885474443436
2023-06-14,current_policy_stance,2023-05-15,-20,0.04210568591952324
2023-06-14,current_policy_stance,2023-05-16,-19,0.03932502865791321
2023-06-14,current_policy_stance,2023-05-17,-18,0.03697161376476288
2023-06-14,current_policy_stance,2023-05-18,-17,0.034047529101371765
2023-06-14,current_policy_stance,2023-05-19,-16,0.03368586301803589
2023-06-14,current_policy_stance,2023-05-22,-15,0.03541332855820656
2023-06-14,current_policy_stance,2023-05-23,-14,0.03749313950538635
2023-06-14,current_policy_stance,2023-05-24,-13,0.03665449842810631
2023-06-14,current_policy_stance,2023-05-25,-12,0.028907181695103645
2023-06-14,current_policy_stance,2023-05-26,-11,0.0313020721077919
2023-06-14,current_policy_stance,2023-05-30,-10,0.03337663412094116
2023-06-14,current_policy_stance,2023-05-31,-9,0.03428715467453003
2023-06-14,current_policy_stance,2023-06-01,-8,0.034143902361392975
2023-06-14,current_policy_stance,2023-06-02,-7,0.032088011503219604
2023-06-14,current_policy_stance,2023-06-05,-6,0.03345901146531105
2023-06-14,current_policy_stance,2023-06-06,-5,0.03571164608001709
2023-06-14,current_policy_stance,2023-06-07,-4,0.033558525145053864
2023-06-14,current_policy_stance,2023-06-08,-3,0.036387957632541656
2023-06-14,current_policy_stance,2023-06-09,-2,0.03575512766838074
2023-06-14,current_policy_stance,2023-06-12,-1,0.03433304652571678
2023-06-14,current_policy_stance,2023-06-13,0,0.03153103217482567
2023-06-14,policy_stance_shift,2023-05-04,-27,0.03743701055645943
2023-06-14,policy_stance_shift,2023-05-05,-26,0.03573121502995491
2023-06-14,policy_stance_shift,2023-05-08,-25,0.03596879914402962
2023-06-14,policy_stance_shift,2023-05-09,-24,0.03447716310620308
2023-06-14,policy_stance_shift,2023-05-10,-23,0.03868498280644417
2023-06-14,policy_stance_shift,2023-05-11,-22,0.048075221478939056
2023-06-14,policy_stance_shift,2023-05-12,-21,0.03889039531350136
2023-06-14,policy_stance_shift,2023-05-15,-20,0.04457759112119675
2023-06-14,policy_stance_shift,2023-05-16,-19,0.039948832243680954
2023-06-14,policy_stance_shift,2023-05-17,-18,0.03748290240764618
2023-06-14,policy_stance_shift,2023-05-18,-17,0.0347442701458931
2023-06-14,policy_stance_shift,2023-05-19,-16,0.03462597727775574
2023-06-14,policy_stance_shift,2023-05-22,-15,0.0361446738243103
2023-06-14,policy_stance_shift,2023-05-23,-14,0.03831157460808754
2023-06-14,policy_stance_shift,2023-05-24,-13,0.03657539188861847
2023-06-14,policy_stance_shift,2023-05-25,-12,0.02950548380613327
2023-06-14,policy_stance_shift,2023-05-26,-11,0.03272879868745804
2023-06-14,policy_stance_shift,2023-05-30,-10,0.03389900550246239
2023-06-14,policy_stance_shift,2023-05-31,-9,0.03511793538928032
2023-06-14,policy_stance_shift,2023-06-01,-8,0.036133937537670135
2023-06-14,policy_stance_shift,2023-06-02,-7,0.03098820149898529
2023-06-14,policy_stance_shift,2023-06-05,-6,0.03199099376797676
2023-06-14,policy_stance_shift,2023-06-06,-5,0.034476086497306824
2023-06-14,policy_stance_shift,2023-06-07,-4,0.032149672508239746
2023-06-14,policy_stance_shift,2023-06-08,-3,0.03570641204714775
2023-06-14,policy_stance_shift,2023-06-09,-2,0.03339700028300285
2023-06-14,policy_stance_shift,2023-06-12,-1,0.03216606006026268
2023-06-14,policy_stance_shift,2023-06-13,0,0.030064407736063004
2023-06-14,expected_rate_path_shift,2023-05-04,-27,0.03679030016064644
2023-06-14,expected_rate_path_shift,2023-05-05,-26,0.03580483794212341
2023-06-14,expected_rate_path_shift,2023-05-08,-25,0.03528923541307449
2023-06-14,expected_rate_path_shift,2023-05-09,-24,0.033916495740413666
2023-06-14,expected_rate_path_shift,2023-05-10,-23,0.0399538055062294
2023-06-14,expected_rate_path_shift,2023-05-11,-22,0.04725216329097748
2023-06-14,expected_rate_path_shift,2023-05-12,-21,0.03835064917802811
2023-06-14,expected_rate_path_shift,2023-05-15,-20,0.04199841618537903
2023-06-14,expected_rate_path_shift,2023-05-16,-19,0.039761852473020554
2023-06-14,expected_rate_path_shift,2023-05-17,-18,0.03756719455122948
2023-06-14,expected_rate_path_shift,2023-05-18,-17,0.03470372408628464
2023-06-14,expected_rate_path_shift,2023-05-19,-16,0.03426970914006233
2023-06-14,expected_rate_path_shift,2023-05-22,-15,0.035986773669719696
2023-06-14,expected_rate_path_shift,2023-05-23,-14,0.038246821612119675
2023-06-14,expected_rate_path_shift,2023-05-24,-13,0.0370512455701828
2023-06-14,expected_rate_path_shift,2023-05-25,-12,0.02866940386593342
2023-06-14,expected_rate_path_shift,2023-05-26,-11,0.03137253224849701
2023-06-14,expected_rate_path_shift,2023-05-30,-10,0.03312910720705986
2023-06-14,expected_rate_path_shift,2023-05-31,-9,0.03396572917699814
2023-06-14,expected_rate_path_shift,2023-06-01,-8,0.03404149413108826
2023-06-14,expected_rate_path_shift,2023-06-02,-7,0.031255174428224564
2023-06-14,expected_rate_path_shift,2023-06-05,-6,0.03268620744347572
2023-06-14,expected_rate_path_shift,2023-06-06,-5,0.035703398287296295
2023-06-14,expected_rate_path_shift,2023-06-07,-4,0.033818986266851425
2023-06-14,expected_rate_path_shift,2023-06-08,-3,0.036400724202394485
2023-06-14,expected_rate_path_shift,2023-06-09,-2,0.03612859547138214
2023-06-14,expected_rate_path_shift,2023-06-12,-1,0.03463134542107582
2023-06-14,expected_rate_path_shift,2023-06-13,0,0.031254079192876816
2023-06-14,inflation_assessment_shift,2023-05-04,-27,0.03937634825706482
2023-06-14,inflation_assessment_shift,2023-05-05,-26,0.036133985966444016
2023-06-14,inflation_assessment_shift,2023-05-08,-25,0.03785768523812294
2023-06-14,inflation_assessment_shift,2023-05-09,-24,0.03472857177257538
2023-06-14,inflation_assessment_shift,2023-05-10,-23,0.03744786977767944
2023-06-14,inflation_assessment_shift,2023-05-11,-22,0.047930993139743805
2023-06-14,inflation_assessment_shift,2023-05-12,-21,0.03930051252245903
2023-06-14,inflation_assessment_shift,2023-05-15,-20,0.04602699354290962
2023-06-14,inflation_assessment_shift,2023-05-16,-19,0.03768060356378555
2023-06-14,inflation_assessment_shift,2023-05-17,-18,0.0368560254573822
2023-06-14,inflation_assessment_shift,2023-05-18,-17,0.034374501556158066
2023-06-14,inflation_assessment_shift,2023-05-19,-16,0.03521358594298363
2023-06-14,inflation_assessment_shift,2023-05-22,-15,0.03606400638818741
2023-06-14,inflation_assessment_shift,2023-05-23,-14,0.03735068440437317
2023-06-14,inflation_assessment_shift,2023-05-24,-13,0.03646315634250641
2023-06-14,inflation_assessment_shift,2023-05-25,-12,0.030143311247229576
2023-06-14,inflation_assessment_shift,2023-05-26,-11,0.0331508107483387
2023-06-14,inflation_assessment_shift,2023-05-30,-10,0.0344148650765419
2023-06-14,inflation_assessment_shift,2023-05-31,-9,0.035686805844306946
2023-06-14,inflation_assessment_shift,2023-06-01,-8,0.03932876139879227
2023-06-14,inflation_assessment_shift,2023-06-02,-7,0.03140561282634735
2023-06-14,inflation_assessment_shift,2023-06-05,-6,0.03121538832783699
2023-06-14,inflation_assessment_shift,2023-06-06,-5,0.0323527492582798
2023-06-14,inflation_assessment_shift,2023-06-07,-4,0.03150620684027672
2023-06-14,inflation_assessment_shift,2023-06-08,-3,0.03516409918665886
2023-06-14,inflation_assessment_shift,2023-06-09,-2,0.031087078154087067
2023-06-14,inflation_assessment_shift,2023-06-12,-1,0.0320134274661541
2023-06-14,inflation_assessment_shift,2023-06-13,0,0.02972535230219364
2023-06-14,inflation_risk_shift,2023-05-04,-27,0.040647558867931366
2023-06-14,inflation_risk_shift,2023-05-05,-26,0.03587066009640694
2023-06-14,inflation_risk_shift,2023-05-08,-25,0.03785001486539841
2023-06-14,inflation_risk_shift,2023-05-09,-24,0.03458359092473984
2023-06-14,inflation_risk_shift,2023-05-10,-23,0.03586418181657791
2023-06-14,inflation_risk_shift,2023-05-11,-22,0.04520124942064285
2023-06-14,inflation_risk_shift,2023-05-12,-21,0.03815077990293503
2023-06-14,inflation_risk_shift,2023-05-15,-20,0.043835438787937164
2023-06-14,inflation_risk_shift,2023-05-16,-19,0.036724936217069626
2023-06-14,inflation_risk_shift,2023-05-17,-18,0.03621622174978256
2023-06-14,inflation_risk_shift,2023-05-18,-17,0.03438631072640419
2023-06-14,inflation_risk_shift,2023-05-19,-16,0.03554491698741913
2023-06-14,inflation_risk_shift,2023-05-22,-15,0.03582228720188141
2023-06-14,inflation_risk_shift,2023-05-23,-14,0.03720559552311897
2023-06-14,inflation_risk_shift,2023-05-24,-13,0.03589770197868347
2023-06-14,inflation_risk_shift,2023-05-25,-12,0.03241943195462227
2023-06-14,inflation_risk_shift,2023-05-26,-11,0.03501969203352928
2023-06-14,inflation_risk_shift,2023-05-30,-10,0.034712616354227066
2023-06-14,inflation_risk_shift,2023-05-31,-9,0.03753599897027016
2023-06-14,inflation_risk_shift,2023-06-01,-8,0.040742892771959305
2023-06-14,inflation_risk_shift,2023-06-02,-7,0.032707393169403076
2023-06-14,inflation_risk_shift,2023-06-05,-6,0.03219180181622505
2023-06-14,inflation_risk_shift,2023-06-06,-5,0.032812636345624924
2023-06-14,inflation_risk_shift,2023-06-07,-4,0.03156964108347893
2023-06-14,inflation_risk_shift,2023-06-08,-3,0.0344860702753067
2023-06-14,inflation_risk_shift,2023-06-09,-2,0.030432116240262985
2023-06-14,inflation_risk_shift,2023-06-12,-1,0.03145831078290939
2023-06-14,inflation_risk_shift,2023-06-13,0,0.03010997548699379
2023-06-14,unemployment_assessment_shift,2023-05-04,-27,0.03772634267807007
2023-06-14,unemployment_assessment_shift,2023-05-05,-26,0.0350227914750576
2023-06-14,unemployment_assessment_shift,2023-05-08,-25,0.03760785609483719
2023-06-14,unemployment_assessment_shift,2023-05-09,-24,0.03425746038556099
2023-06-14,unemployment_assessment_shift,2023-05-10,-23,0.03447827696800232
2023-06-14,unemployment_assessment_shift,2023-05-11,-22,0.0437297523021698
2023-06-14,unemployment_assessment_shift,2023-05-12,-21,0.0380069874227047
2023-06-14,unemployment_assessment_shift,2023-05-15,-20,0.042541708797216415
2023-06-14,unemployment_assessment_shift,2023-05-16,-19,0.03614995628595352
2023-06-14,unemployment_assessment_shift,2023-05-17,-18,0.03664431720972061
2023-06-14,unemployment_assessment_shift,2023-05-18,-17,0.03592633083462715
2023-06-14,unemployment_assessment_shift,2023-05-19,-16,0.037273503839969635
2023-06-14,unemployment_assessment_shift,2023-05-22,-15,0.03724150359630585
2023-06-14,unemployment_assessment_shift,2023-05-23,-14,0.03825198858976364
2023-06-14,unemployment_assessment_shift,2023-05-24,-13,0.038641028106212616
2023-06-14,unemployment_assessment_shift,2023-05-25,-12,0.03549943119287491
2023-06-14,unemployment_assessment_shift,2023-05-26,-11,0.03627482056617737
2023-06-14,unemployment_assessment_shift,2023-05-30,-10,0.03538018465042114
2023-06-14,unemployment_assessment_shift,2023-05-31,-9,0.037173155695199966
2023-06-14,unemployment_assessment_shift,2023-06-01,-8,0.04050171375274658
2023-06-14,unemployment_assessment_shift,2023-06-02,-7,0.03177601099014282
2023-06-14,unemployment_assessment_shift,2023-06-05,-6,0.03036596067249775
2023-06-14,unemployment_assessment_shift,2023-06-06,-5,0.031661588698625565
2023-06-14,unemployment_assessment_shift,2023-06-07,-4,0.031711164861917496
2023-06-14,unemployment_assessment_shift,2023-06-08,-3,0.033893562853336334
2023-06-14,unemployment_assessment_shift,2023-06-09,-2,0.03024391457438469
2023-06-14,unemployment_assessment_shift,2023-06-12,-1,0.03131291642785072
2023-06-14,unemployment_assessment_shift,2023-06-13,0,0.030705830082297325
2023-06-14,labor_market_risk_shift,2023-05-04,-27,0.037358060479164124
2023-06-14,labor_market_risk_shift,2023-05-05,-26,0.03649187460541725
2023-06-14,labor_market_risk_shift,2023-05-08,-25,0.03534186631441116
2023-06-14,labor_market_risk_shift,2023-05-09,-24,0.03412683680653572
2023-06-14,labor_market_risk_shift,2023-05-10,-23,0.03941629081964493
2023-06-14,labor_market_risk_shift,2023-05-11,-22,0.04742332547903061
2023-06-14,labor_market_risk_shift,2023-05-12,-21,0.038860391825437546
2023-06-14,labor_market_risk_shift,2023-05-15,-20,0.04259810596704483
2023-06-14,labor_market_risk_shift,2023-05-16,-19,0.04004804044961929
2023-06-14,labor_market_risk_shift,2023-05-17,-18,0.03738522157073021
2023-06-14,labor_market_risk_shift,2023-05-18,-17,0.03446495160460472
2023-06-14,labor_market_risk_shift,2023-05-19,-16,0.03391844779253006
2023-06-14,labor_market_risk_shift,2023-05-22,-15,0.03574046865105629
2023-06-14,labor_market_risk_shift,2023-05-23,-14,0.03825235366821289
2023-06-14,labor_market_risk_shift,2023-05-24,-13,0.03697952628135681
2023-06-14,labor_market_risk_shift,2023-05-25,-12,0.029076464474201202
2023-06-14,labor_market_risk_shift,2023-05-26,-11,0.0316036120057106
2023-06-14,labor_market_risk_shift,2023-05-30,-10,0.03327711671590805
2023-06-14,labor_market_risk_shift,2023-05-31,-9,0.034448862075805664
2023-06-14,labor_market_risk_shift,2023-06-01,-8,0.03417348116636276
2023-06-14,labor_market_risk_shift,2023-06-02,-7,0.03175020217895508
2023-06-14,labor_market_risk_shift,2023-06-05,-6,0.03254755586385727
2023-06-14,labor_market_risk_shift,2023-06-06,-5,0.03633144497871399
2023-06-14,labor_market_risk_shift,2023-06-07,-4,0.0331655815243721
2023-06-14,labor_market_risk_shift,2023-06-08,-3,0.03608724847435951
2023-06-14,labor_market_risk_shift,2023-06-09,-2,0.03525276482105255
2023-06-14,labor_market_risk_shift,2023-06-12,-1,0.033401332795619965
2023-06-14,labor_market_risk_shift,2023-06-13,0,0.030478574335575104
2023-06-14,growth_activity_shift,2023-05-04,-27,0.03726064786314964
2023-06-14,growth_activity_shift,2023-05-05,-26,0.036723602563142776
2023-06-14,growth_activity_shift,2023-05-08,-25,0.03564481437206268
2023-06-14,growth_activity_shift,2023-05-09,-24,0.0339694544672966
2023-06-14,growth_activity_shift,2023-05-10,-23,0.039574798196554184
2023-06-14,growth_activity_shift,2023-05-11,-22,0.04753108322620392
2023-06-14,growth_activity_shift,2023-05-12,-21,0.038640689104795456
2023-06-14,growth_activity_shift,2023-05-15,-20,0.04215274751186371
2023-06-14,growth_activity_shift,2023-05-16,-19,0.039794858545064926
2023-06-14,growth_activity_shift,2023-05-17,-18,0.03737479820847511
2023-06-14,growth_activity_shift,2023-05-18,-17,0.03426901996135712
2023-06-14,growth_activity_shift,2023-05-19,-16,0.03390243276953697
2023-06-14,growth_activity_shift,2023-05-22,-15,0.03575269132852554
2023-06-14,growth_activity_shift,2023-05-23,-14,0.03794494643807411
2023-06-14,growth_activity_shift,2023-05-24,-13,0.036759741604328156
2023-06-14,growth_activity_shift,2023-05-25,-12,0.029024315997958183
2023-06-14,growth_activity_shift,2023-05-26,-11,0.031555160880088806
2023-06-14,growth_activity_shift,2023-05-30,-10,0.03313509374856949
2023-06-14,growth_activity_shift,2023-05-31,-9,0.034296486526727676
2023-06-14,growth_activity_shift,2023-06-01,-8,0.03419436514377594
2023-06-14,growth_activity_shift,2023-06-02,-7,0.03195386752486229
2023-06-14,growth_activity_shift,2023-06-05,-6,0.03274238109588623
2023-06-14,growth_activity_shift,2023-06-06,-5,0.03587114065885544
2023-06-14,growth_activity_shift,2023-06-07,-4,0.03344963118433952
2023-06-14,growth_activity_shift,2023-06-08,-3,0.03607803210616112
2023-06-14,growth_activity_shift,2023-06-09,-2,0.035499148070812225
2023-06-14,growth_activity_shift,2023-06-12,-1,0.034083060920238495
2023-06-14,growth_activity_shift,2023-06-13,0,0.030820991843938828
2023-06-14,financial_conditions_shift,2023-05-04,-27,0.038626790046691895
2023-06-14,financial_conditions_shift,2023-05-05,-26,0.03483593836426735
2023-06-14,financial_conditions_shift,2023-05-08,-25,0.03679415211081505
2023-06-14,financial_conditions_shift,2023-05-09,-24,0.03339964151382446
2023-06-14,financial_conditions_shift,2023-05-10,-23,0.038941700011491776
2023-06-14,financial_conditions_shift,2023-05-11,-22,0.048947058618068695
2023-06-14,financial_conditions_shift,2023-05-12,-21,0.03917277604341507
2023-06-14,financial_conditions_shift,2023-05-15,-20,0.044015150517225266
2023-06-14,financial_conditions_shift,2023-05-16,-19,0.03902217000722885
2023-06-14,financial_conditions_shift,2023-05-17,-18,0.037741076201200485
2023-06-14,financial_conditions_shift,2023-05-18,-17,0.03462856262922287
2023-06-14,financial_conditions_shift,2023-05-19,-16,0.03511767089366913
2023-06-14,financial_conditions_shift,2023-05-22,-15,0.0363011434674263
2023-06-14,financial_conditions_shift,2023-05-23,-14,0.03844144567847252
2023-06-14,financial_conditions_shift,2023-05-24,-13,0.03733193874359131
2023-06-14,financial_conditions_shift,2023-05-25,-12,0.02894541621208191
2023-06-14,financial_conditions_shift,2023-05-26,-11,0.03185379505157471
2023-06-14,financial_conditions_shift,2023-05-30,-10,0.03306986764073372
2023-06-14,financial_conditions_shift,2023-05-31,-9,0.03463362529873848
2023-06-14,financial_conditions_shift,2023-06-01,-8,0.0371515229344368
2023-06-14,financial_conditions_shift,2023-06-02,-7,0.030454736202955246
2023-06-14,financial_conditions_shift,2023-06-05,-6,0.03144456818699837
2023-06-14,financial_conditions_shift,2023-06-06,-5,0.03366882726550102
2023-06-14,financial_conditions_shift,2023-06-07,-4,0.032638274133205414
2023-06-14,financial_conditions_shift,2023-06-08,-3,0.03551075607538223
2023-06-14,financial_conditions_shift,2023-06-09,-2,0.03320632874965668
2023-06-14,financial_conditions_shift,2023-06-12,-1,0.033969394862651825
2023-06-14,financial_conditions_shift,2023-06-13,0,0.03013569861650467
2023-06-14,balance_sheet_policy_shift,2023-05-04,-27,0.03988354280591011
2023-06-14,balance_sheet_policy_shift,2023-05-05,-26,0.03615998104214668
2023-06-14,balance_sheet_policy_shift,2023-05-08,-25,0.036449041217565536
2023-06-14,balance_sheet_policy_shift,2023-05-09,-24,0.03372260928153992
2023-06-14,balance_sheet_policy_shift,2023-05-10,-23,0.03693459928035736
2023-06-14,balance_sheet_policy_shift,2023-05-11,-22,0.04791220277547836
2023-06-14,balance_sheet_policy_shift,2023-05-12,-21,0.03795002028346062
2023-06-14,balance_sheet_policy_shift,2023-05-15,-20,0.04543812572956085
2023-06-14,balance_sheet_policy_shift,2023-05-16,-19,0.03746723011136055
2023-06-14,balance_sheet_policy_shift,2023-05-17,-18,0.03669799864292145
2023-06-14,balance_sheet_policy_shift,2023-05-18,-17,0.034345224499702454
2023-06-14,balance_sheet_policy_shift,2023-05-19,-16,0.035123616456985474
2023-06-14,balance_sheet_policy_shift,2023-05-22,-15,0.03615650534629822
2023-06-14,balance_sheet_policy_shift,2023-05-23,-14,0.037799522280693054
2023-06-14,balance_sheet_policy_shift,2023-05-24,-13,0.03657039254903793
2023-06-14,balance_sheet_policy_shift,2023-05-25,-12,0.031039591878652573
2023-06-14,balance_sheet_policy_shift,2023-05-26,-11,0.03367266803979874
2023-06-14,balance_sheet_policy_shift,2023-05-30,-10,0.034338969737291336
2023-06-14,balance_sheet_policy_shift,2023-05-31,-9,0.03676819056272507
2023-06-14,balance_sheet_policy_shift,2023-06-01,-8,0.03965667635202408
2023-06-14,balance_sheet_policy_shift,2023-06-02,-7,0.03131246566772461
2023-06-14,balance_sheet_policy_shift,2023-06-05,-6,0.03201904892921448
2023-06-14,balance_sheet_policy_shift,2023-06-06,-5,0.03344396501779556
2023-06-14,balance_sheet_policy_shift,2023-06-07,-4,0.03134800121188164
2023-06-14,balance_sheet_policy_shift,2023-06-08,-3,0.03514525294303894
2023-06-14,balance_sheet_policy_shift,2023-06-09,-2,0.031198635697364807
2023-06-14,balance_sheet_policy_shift,2023-06-12,-1,0.03197034075856209
2023-06-14,balance_sheet_policy_shift,2023-06-13,0,0.0294756218791008
2023-06-14,risk_balance_shift,2023-05-04,-27,0.037955138832330704
2023-06-14,risk_balance_shift,2023-05-05,-26,0.037017080932855606
2023-06-14,risk_balance_shift,2023-05-08,-25,0.03742514178156853
2023-06-14,risk_balance_shift,2023-05-09,-24,0.034246280789375305
2023-06-14,risk_balance_shift,2023-05-10,-23,0.03810088336467743
2023-06-14,risk_balance_shift,2023-05-11,-22,0.04852338507771492
2023-06-14,risk_balance_shift,2023-05-12,-21,0.038763705641031265
2023-06-14,risk_balance_shift,2023-05-15,-20,0.04428359121084213
2023-06-14,risk_balance_shift,2023-05-16,-19,0.03838929161429405
2023-06-14,risk_balance_shift,2023-05-17,-18,0.037317436188459396
2023-06-14,risk_balance_shift,2023-05-18,-17,0.03467492014169693
2023-06-14,risk_balance_shift,2023-05-19,-16,0.03509021922945976
2023-06-14,risk_balance_shift,2023-05-22,-15,0.03605382889509201
2023-06-14,risk_balance_shift,2023-05-23,-14,0.03793254867196083
2023-06-14,risk_balance_shift,2023-05-24,-13,0.03631550446152687
2023-06-14,risk_balance_shift,2023-05-25,-12,0.029930446296930313
2023-06-14,risk_balance_shift,2023-05-26,-11,0.03297397866845131
2023-06-14,risk_balance_shift,2023-05-30,-10,0.03401627019047737
2023-06-14,risk_balance_shift,2023-05-31,-9,0.03583192080259323
2023-06-14,risk_balance_shift,2023-06-01,-8,0.03757655993103981
2023-06-14,risk_balance_shift,2023-06-02,-7,0.031177189201116562
2023-06-14,risk_balance_shift,2023-06-05,-6,0.03142142295837402
2023-06-14,risk_balance_shift,2023-06-06,-5,0.03396166115999222
2023-06-14,risk_balance_shift,2023-06-07,-4,0.03222345560789108
2023-06-14,risk_balance_shift,2023-06-08,-3,0.035202570259571075
2023-06-14,risk_balance_shift,2023-06-09,-2,0.032236259430646896
2023-06-14,risk_balance_shift,2023-06-12,-1,0.03192361816763878
2023-06-14,risk_balance_shift,2023-06-13,0,0.029435686767101288
2023-06-14,committee_dispersion,2023-05-04,-27,0.039175063371658325
2023-06-14,committee_dispersion,2023-05-05,-26,0.0362393781542778
2023-06-14,committee_dispersion,2023-05-08,-25,0.03585687279701233
2023-06-14,committee_dispersion,2023-05-09,-24,0.03427024558186531
2023-06-14,committee_dispersion,2023-05-10,-23,0.03906315565109253
2023-06-14,committee_dispersion,2023-05-11,-22,0.04830179736018181
2023-06-14,committee_dispersion,2023-05-12,-21,0.038994964212179184
2023-06-14,committee_dispersion,2023-05-15,-20,0.043677009642124176
2023-06-14,committee_dispersion,2023-05-16,-19,0.038810744881629944
2023-06-14,committee_dispersion,2023-05-17,-18,0.03753339499235153
2023-06-14,committee_dispersion,2023-05-18,-17,0.03465476632118225
2023-06-14,committee_dispersion,2023-05-19,-16,0.035030756145715714
2023-06-14,committee_dispersion,2023-05-22,-15,0.0366576611995697
2023-06-14,committee_dispersion,2023-05-23,-14,0.03881097212433815
2023-06-14,committee_dispersion,2023-05-24,-13,0.03768179193139076
2023-06-14,committee_dispersion,2023-05-25,-12,0.02973322756588459
2023-06-14,committee_dispersion,2023-05-26,-11,0.03268158435821533
2023-06-14,committee_dispersion,2023-05-30,-10,0.033781953155994415
2023-06-14,committee_dispersion,2023-05-31,-9,0.035221993923187256
2023-06-14,committee_dispersion,2023-06-01,-8,0.03623497113585472
2023-06-14,committee_dispersion,2023-06-02,-7,0.03088066168129444
2023-06-14,committee_dispersion,2023-06-05,-6,0.030876081436872482
2023-06-14,committee_dispersion,2023-06-06,-5,0.033806364983320236
2023-06-14,committee_dispersion,2023-06-07,-4,0.03212513402104378
2023-06-14,committee_dispersion,2023-06-08,-3,0.035451166331768036
2023-06-14,committee_dispersion,2023-06-09,-2,0.03278842568397522
2023-06-14,committee_dispersion,2023-06-12,-1,0.032348811626434326
2023-06-14,committee_dispersion,2023-06-13,0,0.02931104600429535
2023-06-14,policy_uncertainty,2023-05-04,-27,0.0372491218149662
2023-06-14,policy_uncertainty,2023-05-05,-26,0.03689845651388168
2023-06-14,policy_uncertainty,2023-05-08,-25,0.036642104387283325
2023-06-14,policy_uncertainty,2023-05-09,-24,0.034126512706279755
2023-06-14,policy_uncertainty,2023-05-10,-23,0.03863396495580673
2023-06-14,policy_uncertainty,2023-05-11,-22,0.047786734998226166
2023-06-14,policy_uncertainty,2023-05-12,-21,0.03932693973183632
2023-06-14,policy_uncertainty,2023-05-15,-20,0.043568603694438934
2023-06-14,policy_uncertainty,2023-05-16,-19,0.03985487297177315
2023-06-14,policy_uncertainty,2023-05-17,-18,0.03729904070496559
2023-06-14,policy_uncertainty,2023-05-18,-17,0.03465893119573593
2023-06-14,policy_uncertainty,2023-05-19,-16,0.03394569456577301
2023-06-14,policy_uncertainty,2023-05-22,-15,0.0350928008556366
2023-06-14,policy_uncertainty,2023-05-23,-14,0.03752222657203674
2023-06-14,policy_uncertainty,2023-05-24,-13,0.03605177626013756
2023-06-14,policy_uncertainty,2023-05-25,-12,0.029512573033571243
2023-06-14,policy_uncertainty,2023-05-26,-11,0.03185390681028366
2023-06-14,policy_uncertainty,2023-05-30,-10,0.03350116312503815
2023-06-14,policy_uncertainty,2023-05-31,-9,0.034841347485780716
2023-06-14,policy_uncertainty,2023-06-01,-8,0.03561637923121452
2023-06-14,policy_uncertainty,2023-06-02,-7,0.03240391984581947
2023-06-14,policy_uncertainty,2023-06-05,-6,0.032361678779125214
2023-06-14,policy_uncertainty,2023-06-06,-5,0.03589833527803421
2023-06-14,policy_uncertainty,2023-06-07,-4,0.03314444422721863
2023-06-14,policy_uncertainty,2023-06-08,-3,0.03507951274514198
2023-06-14,policy_uncertainty,2023-06-09,-2,0.03421799838542938
2023-06-14,policy_uncertainty,2023-06-12,-1,0.03266328200697899
2023-06-14,policy_uncertainty,2023-06-13,0,0.030247662216424942
2023-06-14,forward_guidance_strength,2023-05-04,-27,0.03949090093374252
2023-06-14,forward_guidance_strength,2023-05-05,-26,0.034974467009305954
2023-06-14,forward_guidance_strength,2023-05-08,-25,0.03831324353814125
2023-06-14,forward_guidance_strength,2023-05-09,-24,0.03545019403100014
2023-06-14,forward_guidance_strength,2023-05-10,-23,0.03656448423862457
2023-06-14,forward_guidance_strength,2023-05-11,-22,0.04463391378521919
2023-06-14,forward_guidance_strength,2023-05-12,-21,0.03772889822721481
2023-06-14,forward_guidance_strength,2023-05-15,-20,0.0464116707444191
2023-06-14,forward_guidance_strength,2023-05-16,-19,0.03648265451192856
2023-06-14,forward_guidance_strength,2023-05-17,-18,0.036476656794548035
2023-06-14,forward_guidance_strength,2023-05-18,-17,0.03435996174812317
2023-06-14,forward_guidance_strength,2023-05-19,-16,0.03604910895228386
2023-06-14,forward_guidance_strength,2023-05-22,-15,0.0362534336745739
2023-06-14,forward_guidance_strength,2023-05-23,-14,0.03752433881163597
2023-06-14,forward_guidance_strength,2023-05-24,-13,0.0367264486849308
2023-06-14,forward_guidance_strength,2023-05-25,-12,0.032363031059503555
2023-06-14,forward_guidance_strength,2023-05-26,-11,0.035131677985191345
2023-06-14,forward_guidance_strength,2023-05-30,-10,0.03463144600391388
2023-06-14,forward_guidance_strength,2023-05-31,-9,0.03641127794981003
2023-06-14,forward_guidance_strength,2023-06-01,-8,0.039527710527181625
2023-06-14,forward_guidance_strength,2023-06-02,-7,0.03127686679363251
2023-06-14,forward_guidance_strength,2023-06-05,-6,0.032490409910678864
2023-06-14,forward_guidance_strength,2023-06-06,-5,0.032086875289678574
2023-06-14,forward_guidance_strength,2023-06-07,-4,0.031091343611478806
2023-06-14,forward_guidance_strength,2023-06-08,-3,0.035651564598083496
2023-06-14,forward_guidance_strength,2023-06-09,-2,0.030278876423835754
2023-06-14,forward_guidance_strength,2023-06-12,-1,0.031275633722543716
2023-06-14,forward_guidance_strength,2023-06-13,0,0.03034287877380848
2023-07-26,rate_decision,2023-06-15,-26,0.038233738392591476
2023-07-26,rate_decision,2023-06-16,-25,0.03584173321723938
2023-07-26,rate_decision,2023-06-20,-24,0.03274116665124893
2023-07-26,rate_decision,2023-06-21,-23,0.034296415746212006
2023-07-26,rate_decision,2023-06-22,-22,0.03420146182179451
2023-07-26,rate_decision,2023-06-23,-21,0.03547830134630203
2023-07-26,rate_decision,2023-06-26,-20,0.04080837219953537
2023-07-26,rate_decision,2023-06-27,-19,0.03780443221330643
2023-07-26,rate_decision,2023-06-28,-18,0.0396290048956871
2023-07-26,rate_decision,2023-06-29,-17,0.03635706752538681
2023-07-26,rate_decision,2023-06-30,-16,0.03602396324276924
2023-07-26,rate_decision,2023-07-03,-15,0.03723733127117157
2023-07-26,rate_decision,2023-07-05,-14,0.035158395767211914
2023-07-26,rate_decision,2023-07-06,-13,0.03459560126066208
2023-07-26,rate_decision,2023-07-07,-12,0.03435960039496422
2023-07-26,rate_decision,2023-07-10,-11,0.034488555043935776
2023-07-26,rate_decision,2023-07-11,-10,0.03832988813519478
2023-07-26,rate_decision,2023-07-12,-9,0.03883535414934158
2023-07-26,rate_decision,2023-07-13,-8,0.0406353622674942
2023-07-26,rate_decision,2023-07-14,-7,0.042847733944654465
2023-07-26,rate_decision,2023-07-17,-6,0.040357302874326706
2023-07-26,rate_decision,2023-07-18,-5,0.037688057869672775
2023-07-26,rate_decision,2023-07-19,-4,0.03594925254583359
2023-07-26,rate_decision,2023-07-20,-3,0.03856600821018219
2023-07-26,rate_decision,2023-07-21,-2,0.03777546435594559
2023-07-26,rate_decision,2023-07-24,-1,0.03581552952528
2023-07-26,rate_decision,2023-07-25,0,0.03594489395618439
2023-07-26,current_policy_stance,2023-06-15,-26,0.0388997420668602
2023-07-26,current_policy_stance,2023-06-16,-25,0.03311761096119881
2023-07-26,current_policy_stance,2023-06-20,-24,0.032602712512016296
2023-07-26,current_policy_stance,2023-06-21,-23,0.03860579431056976
2023-07-26,current_policy_stance,2023-06-22,-22,0.03187648206949234
2023-07-26,current_policy_stance,2023-06-23,-21,0.033164702355861664
2023-07-26,current_policy_stance,2023-06-26,-20,0.04711497202515602
2023-07-26,current_policy_stance,2023-06-27,-19,0.03770804405212402
2023-07-26,current_policy_stance,2023-06-28,-18,0.04323378577828407
2023-07-26,current_policy_stance,2023-06-29,-17,0.036665163934230804
2023-07-26,current_policy_stance,2023-06-30,-16,0.0378243587911129
2023-07-26,current_policy_stance,2023-07-03,-15,0.039520133286714554
2023-07-26,current_policy_stance,2023-07-05,-14,0.03672830015420914
2023-07-26,current_policy_stance,2023-07-06,-13,0.03392954170703888
2023-07-26,current_policy_stance,2023-07-07,-12,0.034819722175598145
2023-07-26,current_policy_stance,2023-07-10,-11,0.03512047231197357
2023-07-26,current_policy_stance,2023-07-11,-10,0.035687804222106934
2023-07-26,current_policy_stance,2023-07-12,-9,0.035498492419719696
2023-07-26,current_policy_stance,2023-07-13,-8,0.03734498471021652
2023-07-26,current_policy_stance,2023-07-14,-7,0.038090307265520096
2023-07-26,current_policy_stance,2023-07-17,-6,0.03846438229084015
2023-07-26,current_policy_stance,2023-07-18,-5,0.03789636865258217
2023-07-26,current_policy_stance,2023-07-19,-4,0.03893693909049034
2023-07-26,current_policy_stance,2023-07-20,-3,0.0365510955452919
2023-07-26,current_policy_stance,2023-07-21,-2,0.036413002759218216
2023-07-26,current_policy_stance,2023-07-24,-1,0.03804097697138786
2023-07-26,current_policy_stance,2023-07-25,0,0.03614409640431404
2023-07-26,policy_stance_shift,2023-06-15,-26,0.03930129110813141
2023-07-26,policy_stance_shift,2023-06-16,-25,0.03366020321846008
2023-07-26,policy_stance_shift,2023-06-20,-24,0.03299466148018837
2023-07-26,policy_stance_shift,2023-06-21,-23,0.038722626864910126
2023-07-26,policy_stance_shift,2023-06-22,-22,0.03172404691576958
2023-07-26,policy_stance_shift,2023-06-23,-21,0.03343545272946358
2023-07-26,policy_stance_shift,2023-06-26,-20,0.04724646359682083
2023-07-26,policy_stance_shift,2023-06-27,-19,0.03823726996779442
2023-07-26,policy_stance_shift,2023-06-28,-18,0.043433934450149536
2023-07-26,policy_stance_shift,2023-06-29,-17,0.03725079074501991
2023-07-26,policy_stance_shift,2023-06-30,-16,0.03845664858818054
2023-07-26,policy_stance_shift,2023-07-03,-15,0.04027697443962097
2023-07-26,policy_stance_shift,2023-07-05,-14,0.03678642958402634
2023-07-26,policy_stance_shift,2023-07-06,-13,0.03379445523023605
2023-07-26,policy_stance_shift,2023-07-07,-12,0.0349544957280159
2023-07-26,policy_stance_shift,2023-07-10,-11,0.03462251275777817
2023-07-26,policy_stance_shift,2023-07-11,-10,0.035106562077999115
2023-07-26,policy_stance_shift,2023-07-12,-9,0.035238705575466156
2023-07-26,policy_stance_shift,2023-07-13,-8,0.03644067049026489
2023-07-26,policy_stance_shift,2023-07-14,-7,0.036797478795051575
2023-07-26,policy_stance_shift,2023-07-17,-6,0.03773431107401848
2023-07-26,policy_stance_shift,2023-07-18,-5,0.03753094747662544
2023-07-26,policy_stance_shift,2023-07-19,-4,0.038891926407814026
2023-07-26,policy_stance_shift,2023-07-20,-3,0.03660732880234718
2023-07-26,policy_stance_shift,2023-07-21,-2,0.03648948669433594
2023-07-26,policy_stance_shift,2023-07-24,-1,0.0379565991461277
2023-07-26,policy_stance_shift,2023-07-25,0,0.03630769997835159
2023-07-26,expected_rate_path_shift,2023-06-15,-26,0.04370640963315964
2023-07-26,expected_rate_path_shift,2023-06-16,-25,0.040615014731884
2023-07-26,expected_rate_path_shift,2023-06-20,-24,0.038723696023225784
2023-07-26,expected_rate_path_shift,2023-06-21,-23,0.04259146749973297
2023-07-26,expected_rate_path_shift,2023-06-22,-22,0.04038636386394501
2023-07-26,expected_rate_path_shift,2023-06-23,-21,0.03771192580461502
2023-07-26,expected_rate_path_shift,2023-06-26,-20,0.031653180718421936
2023-07-26,expected_rate_path_shift,2023-06-27,-19,0.03504836559295654
2023-07-26,expected_rate_path_shift,2023-06-28,-18,0.03384629264473915
2023-07-26,expected_rate_path_shift,2023-06-29,-17,0.03180071711540222
2023-07-26,expected_rate_path_shift,2023-06-30,-16,0.036638639867305756
2023-07-26,expected_rate_path_shift,2023-07-03,-15,0.03316561132669449
2023-07-26,expected_rate_path_shift,2023-07-05,-14,0.03752116486430168
2023-07-26,expected_rate_path_shift,2023-07-06,-13,0.03797191381454468
2023-07-26,expected_rate_path_shift,2023-07-07,-12,0.03625081852078438
2023-07-26,expected_rate_path_shift,2023-07-10,-11,0.03671744838356972
2023-07-26,expected_rate_path_shift,2023-07-11,-10,0.03471236675977707
2023-07-26,expected_rate_path_shift,2023-07-12,-9,0.03667871654033661
2023-07-26,expected_rate_path_shift,2023-07-13,-8,0.038436319679021835
2023-07-26,expected_rate_path_shift,2023-07-14,-7,0.0359807088971138
2023-07-26,expected_rate_path_shift,2023-07-17,-6,0.03916856646537781
2023-07-26,expected_rate_path_shift,2023-07-18,-5,0.03772634267807007
2023-07-26,expected_rate_path_shift,2023-07-19,-4,0.03619871661067009
2023-07-26,expected_rate_path_shift,2023-07-20,-3,0.03761819005012512
2023-07-26,expected_rate_path_shift,2023-07-21,-2,0.03650667518377304
2023-07-26,expected_rate_path_shift,2023-07-24,-1,0.03658275678753853
2023-07-26,expected_rate_path_shift,2023-07-25,0,0.03604159504175186
2023-07-26,inflation_assessment_shift,2023-06-15,-26,0.04279836639761925
2023-07-26,inflation_assessment_shift,2023-06-16,-25,0.04098840802907944
2023-07-26,inflation_assessment_shift,2023-06-20,-24,0.03919021785259247
2023-07-26,inflation_assessment_shift,2023-06-21,-23,0.04197757691144943
2023-07-26,inflation_assessment_shift,2023-06-22,-22,0.04131866991519928
2023-07-26,inflation_assessment_shift,2023-06-23,-21,0.038121506571769714
2023-07-26,inflation_assessment_shift,2023-06-26,-20,0.03102542832493782
2023-07-26,inflation_assessment_shift,2023-06-27,-19,0.03439165651798248
2023-07-26,inflation_assessment_shift,2023-06-28,-18,0.03338877111673355
2023-07-26,inflation_assessment_shift,2023-06-29,-17,0.032082006335258484
2023-07-26,inflation_assessment_shift,2023-06-30,-16,0.036122824996709824
2023-07-26,inflation_assessment_shift,2023-07-03,-15,0.03246195241808891
2023-07-26,inflation_assessment_shift,2023-07-05,-14,0.03688838332891464
2023-07-26,inflation_assessment_shift,2023-07-06,-13,0.038041070103645325
2023-07-26,inflation_assessment_shift,2023-07-07,-12,0.0365019254386425
2023-07-26,inflation_assessment_shift,2023-07-10,-11,0.036906648427248
2023-07-26,inflation_assessment_shift,2023-07-11,-10,0.03528628125786781
2023-07-26,inflation_assessment_shift,2023-07-12,-9,0.037277210503816605
2023-07-26,inflation_assessment_shift,2023-07-13,-8,0.039044465869665146
2023-07-26,inflation_assessment_shift,2023-07-14,-7,0.03656664118170738
2023-07-26,inflation_assessment_shift,2023-07-17,-6,0.03959903493523598
2023-07-26,inflation_assessment_shift,2023-07-18,-5,0.038146670907735825
2023-07-26,inflation_assessment_shift,2023-07-19,-4,0.035801131278276443
2023-07-26,inflation_assessment_shift,2023-07-20,-3,0.03769145905971527
2023-07-26,inflation_assessment_shift,2023-07-21,-2,0.03649989515542984
2023-07-26,inflation_assessment_shift,2023-07-24,-1,0.035872459411621094
2023-07-26,inflation_assessment_shift,2023-07-25,0,0.03600934520363808
2023-07-26,inflation_risk_shift,2023-06-15,-26,0.04347483068704605
2023-07-26,inflation_risk_shift,2023-06-16,-25,0.040442876517772675
2023-07-26,inflation_risk_shift,2023-06-20,-24,0.03890450671315193
2023-07-26,inflation_risk_shift,2023-06-21,-23,0.042599134147167206
2023-07-26,inflation_risk_shift,2023-06-22,-22,0.04094727337360382
2023-07-26,inflation_risk_shift,2023-06-23,-21,0.03786430507898331
2023-07-26,inflation_risk_shift,2023-06-26,-20,0.032036952674388885
2023-07-26,inflation_risk_shift,2023-06-27,-19,0.035339269787073135
2023-07-26,inflation_risk_shift,2023-06-28,-18,0.03418881446123123
2023-07-26,inflation_risk_shift,2023-06-29,-17,0.031686555594205856
2023-07-26,inflation_risk_shift,2023-06-30,-16,0.036437664180994034
2023-07-26,inflation_risk_shift,2023-07-03,-15,0.03239588811993599
2023-07-26,inflation_risk_shift,2023-07-05,-14,0.03655381500720978
2023-07-26,inflation_risk_shift,2023-07-06,-13,0.03659989312291145
2023-07-26,inflation_risk_shift,2023-07-07,-12,0.03579077869653702
2023-07-26,inflation_risk_shift,2023-07-10,-11,0.0361342690885067
2023-07-26,inflation_risk_shift,2023-07-11,-10,0.03505266085267067
2023-07-26,inflation_risk_shift,2023-07-12,-9,0.03747782111167908
2023-07-26,inflation_risk_shift,2023-07-13,-8,0.03931279107928276
2023-07-26,inflation_risk_shift,2023-07-14,-7,0.03708542510867119
2023-07-26,inflation_risk_shift,2023-07-17,-6,0.03987608850002289
2023-07-26,inflation_risk_shift,2023-07-18,-5,0.03826342523097992
2023-07-26,inflation_risk_shift,2023-07-19,-4,0.03656601160764694
2023-07-26,inflation_risk_shift,2023-07-20,-3,0.037392109632492065
2023-07-26,inflation_risk_shift,2023-07-21,-2,0.0363757461309433
2023-07-26,inflation_risk_shift,2023-07-24,-1,0.03570523485541344
2023-07-26,inflation_risk_shift,2023-07-25,0,0.03549589961767197
2023-07-26,unemployment_assessment_shift,2023-06-15,-26,0.043800387531518936
2023-07-26,unemployment_assessment_shift,2023-06-16,-25,0.04098817706108093
2023-07-26,unemployment_assessment_shift,2023-06-20,-24,0.03814573213458061
2023-07-26,unemployment_assessment_shift,2023-06-21,-23,0.04288825765252113
2023-07-26,unemployment_assessment_shift,2023-06-22,-22,0.040390320122241974
2023-07-26,unemployment_assessment_shift,2023-06-23,-21,0.03692957013845444
2023-07-26,unemployment_assessment_shift,2023-06-26,-20,0.03186023607850075
2023-07-26,unemployment_assessment_shift,2023-06-27,-19,0.0346556156873703
2023-07-26,unemployment_assessment_shift,2023-06-28,-18,0.03430110961198807
2023-07-26,unemployment_assessment_shift,2023-06-29,-17,0.0318889319896698
2023-07-26,unemployment_assessment_shift,2023-06-30,-16,0.036925897002220154
2023-07-26,unemployment_assessment_shift,2023-07-03,-15,0.03333691135048866
2023-07-26,unemployment_assessment_shift,2023-07-05,-14,0.037891730666160583
2023-07-26,unemployment_assessment_shift,2023-07-06,-13,0.03854808211326599
2023-07-26,unemployment_assessment_shift,2023-07-07,-12,0.03609964996576309
2023-07-26,unemployment_assessment_shift,2023-07-10,-11,0.03638432174921036
2023-07-26,unemployment_assessment_shift,2023-07-11,-10,0.034624744206666946
2023-07-26,unemployment_assessment_shift,2023-07-12,-9,0.036403290927410126
2023-07-26,unemployment_assessment_shift,2023-07-13,-8,0.038331158459186554
2023-07-26,unemployment_assessment_shift,2023-07-14,-7,0.03600428253412247
2023-07-26,unemployment_assessment_shift,2023-07-17,-6,0.039046429097652435
2023-07-26,unemployment_assessment_shift,2023-07-18,-5,0.03756546229124069
2023-07-26,unemployment_assessment_shift,2023-07-19,-4,0.03609887883067131
2023-07-26,unemployment_assessment_shift,2023-07-20,-3,0.03788029029965401
2023-07-26,unemployment_assessment_shift,2023-07-21,-2,0.036370303481817245
2023-07-26,unemployment_assessment_shift,2023-07-24,-1,0.03660920262336731
2023-07-26,unemployment_assessment_shift,2023-07-25,0,0.03603101521730423
2023-07-26,labor_market_risk_shift,2023-06-15,-26,0.04472251236438751
2023-07-26,labor_market_risk_shift,2023-06-16,-25,0.03962094336748123
2023-07-26,labor_market_risk_shift,2023-06-20,-24,0.03801802173256874
2023-07-26,labor_market_risk_shift,2023-06-21,-23,0.043470703065395355
2023-07-26,labor_market_risk_shift,2023-06-22,-22,0.039746783673763275
2023-07-26,labor_market_risk_shift,2023-06-23,-21,0.037173736840486526
2023-07-26,labor_market_risk_shift,2023-06-26,-20,0.03332195058465004
2023-07-26,labor_market_risk_shift,2023-06-27,-19,0.03537135198712349
2023-07-26,labor_market_risk_shift,2023-06-28,-18,0.03521955758333206
2023-07-26,labor_market_risk_shift,2023-06-29,-17,0.031683072447776794
2023-07-26,labor_market_risk_shift,2023-06-30,-16,0.03682985156774521
2023-07-26,labor_market_risk_shift,2023-07-03,-15,0.03273162990808487
2023-07-26,labor_market_risk_shift,2023-07-05,-14,0.037309128791093826
2023-07-26,labor_market_risk_shift,2023-07-06,-13,0.03723329305648804
2023-07-26,labor_market_risk_shift,2023-07-07,-12,0.0361490398645401
2023-07-26,labor_market_risk_shift,2023-07-10,-11,0.0365963876247406
2023-07-26,labor_market_risk_shift,2023-07-11,-10,0.03451358526945114
2023-07-26,labor_market_risk_shift,2023-07-12,-9,0.036893486976623535
2023-07-26,labor_market_risk_shift,2023-07-13,-8,0.038592178374528885
2023-07-26,labor_market_risk_shift,2023-07-14,-7,0.03602483123540878
2023-07-26,labor_market_risk_shift,2023-07-17,-6,0.03913813456892967
2023-07-26,labor_market_risk_shift,2023-07-18,-5,0.03740645945072174
2023-07-26,labor_market_risk_shift,2023-07-19,-4,0.03633776679635048
2023-07-26,labor_market_risk_shift,2023-07-20,-3,0.03760189563035965
2023-07-26,labor_market_risk_shift,2023-07-21,-2,0.03639965504407883
2023-07-26,labor_market_risk_shift,2023-07-24,-1,0.03630627319216728
2023-07-26,labor_market_risk_shift,2023-07-25,0,0.03558775782585144
2023-07-26,growth_activity_shift,2023-06-15,-26,0.03872907906770706
2023-07-26,growth_activity_shift,2023-06-16,-25,0.033379144966602325
2023-07-26,growth_activity_shift,2023-06-20,-24,0.032986607402563095
2023-07-26,growth_activity_shift,2023-06-21,-23,0.03793259337544441
2023-07-26,growth_activity_shift,2023-06-22,-22,0.03198200836777687
2023-07-26,growth_activity_shift,2023-06-23,-21,0.03333272412419319
2023-07-26,growth_activity_shift,2023-06-26,-20,0.04697352647781372
2023-07-26,growth_activity_shift,2023-06-27,-19,0.03832901269197464
2023-07-26,growth_activity_shift,2023-06-28,-18,0.04344547167420387
2023-07-26,growth_activity_shift,2023-06-29,-17,0.03750430420041084
2023-07-26,growth_activity_shift,2023-06-30,-16,0.03852322697639465
2023-07-26,growth_activity_shift,2023-07-03,-15,0.04069690778851509
2023-07-26,growth_activity_shift,2023-07-05,-14,0.03673986345529556
2023-07-26,growth_activity_shift,2023-07-06,-13,0.03393280506134033
2023-07-26,growth_activity_shift,2023-07-07,-12,0.03479083627462387
2023-07-26,growth_activity_shift,2023-07-10,-11,0.034599073231220245
2023-07-26,growth_activity_shift,2023-07-11,-10,0.03530019894242287
2023-07-26,growth_activity_shift,2023-07-12,-9,0.0352131612598896
2023-07-26,growth_activity_shift,2023-07-13,-8,0.036382321268320084
2023-07-26,growth_activity_shift,2023-07-14,-7,0.03747346252202988
2023-07-26,growth_activity_shift,2023-07-17,-6,0.03737734630703926
2023-07-26,growth_activity_shift,2023-07-18,-5,0.037719544023275375
2023-07-26,growth_activity_shift,2023-07-19,-4,0.03935529664158821
2023-07-26,growth_activity_shift,2023-07-20,-3,0.03660426661372185
2023-07-26,growth_activity_shift,2023-07-21,-2,0.03660723194479942
2023-07-26,growth_activity_shift,2023-07-24,-1,0.0381811261177063
2023-07-26,growth_activity_shift,2023-07-25,0,0.03590880706906319
2023-07-26,financial_conditions_shift,2023-06-15,-26,0.04342532902956009
2023-07-26,financial_conditions_shift,2023-06-16,-25,0.040728501975536346
2023-07-26,financial_conditions_shift,2023-06-20,-24,0.038822997361421585
2023-07-26,financial_conditions_shift,2023-06-21,-23,0.042945779860019684
2023-07-26,financial_conditions_shift,2023-06-22,-22,0.04069490730762482
2023-07-26,financial_conditions_shift,2023-06-23,-21,0.03783298283815384
2023-07-26,financial_conditions_shift,2023-06-26,-20,0.03143654018640518
2023-07-26,financial_conditions_shift,2023-06-27,-19,0.035039134323596954
2023-07-26,financial_conditions_shift,2023-06-28,-18,0.034469760954380035
2023-07-26,financial_conditions_shift,2023-06-29,-17,0.031840041279792786
2023-07-26,financial_conditions_shift,2023-06-30,-16,0.03698207810521126
2023-07-26,financial_conditions_shift,2023-07-03,-15,0.03290757164359093
2023-07-26,financial_conditions_shift,2023-07-05,-14,0.03751765564084053
2023-07-26,financial_conditions_shift,2023-07-06,-13,0.03778474032878876
2023-07-26,financial_conditions_shift,2023-07-07,-12,0.03607512265443802
2023-07-26,financial_conditions_shift,2023-07-10,-11,0.03668415546417236
2023-07-26,financial_conditions_shift,2023-07-11,-10,0.034771740436553955
2023-07-26,financial_conditions_shift,2023-07-12,-9,0.03662879019975662
2023-07-26,financial_conditions_shift,2023-07-13,-8,0.03842930123209953
2023-07-26,financial_conditions_shift,2023-07-14,-7,0.036020562052726746
2023-07-26,financial_conditions_shift,2023-07-17,-6,0.038832321763038635
2023-07-26,financial_conditions_shift,2023-07-18,-5,0.03735848516225815
2023-07-26,financial_conditions_shift,2023-07-19,-4,0.03622521832585335
2023-07-26,financial_conditions_shift,2023-07-20,-3,0.0370146781206131
2023-07-26,financial_conditions_shift,2023-07-21,-2,0.03703802078962326
2023-07-26,financial_conditions_shift,2023-07-24,-1,0.03630640357732773
2023-07-26,financial_conditions_shift,2023-07-25,0,0.03618722781538963
2023-07-26,balance_sheet_policy_shift,2023-06-15,-26,0.04437080770730972
2023-07-26,balance_sheet_policy_shift,2023-06-16,-25,0.03539012372493744
2023-07-26,balance_sheet_policy_shift,2023-06-20,-24,0.03505029156804085
2023-07-26,balance_sheet_policy_shift,2023-06-21,-23,0.043033525347709656
2023-07-26,balance_sheet_policy_shift,2023-06-22,-22,0.034475501626729965
2023-07-26,balance_sheet_policy_shift,2023-06-23,-21,0.035155292600393295
2023-07-26,balance_sheet_policy_shift,2023-06-26,-20,0.04019536077976227
2023-07-26,balance_sheet_policy_shift,2023-06-27,-19,0.03671504184603691
2023-07-26,balance_sheet_policy_shift,2023-06-28,-18,0.03986867889761925
2023-07-26,balance_sheet_policy_shift,2023-06-29,-17,0.03175476938486099
2023-07-26,balance_sheet_policy_shift,2023-06-30,-16,0.038564398884773254
2023-07-26,balance_sheet_policy_shift,2023-07-03,-15,0.0352960042655468
2023-07-26,balance_sheet_policy_shift,2023-07-05,-14,0.036620721220970154
2023-07-26,balance_sheet_policy_shift,2023-07-06,-13,0.03394641727209091
2023-07-26,balance_sheet_policy_shift,2023-07-07,-12,0.03384014219045639
2023-07-26,balance_sheet_policy_shift,2023-07-10,-11,0.0341290608048439
2023-07-26,balance_sheet_policy_shift,2023-07-11,-10,0.03309909999370575
2023-07-26,balance_sheet_policy_shift,2023-07-12,-9,0.036213312298059464
2023-07-26,balance_sheet_policy_shift,2023-07-13,-8,0.039080388844013214
2023-07-26,balance_sheet_policy_shift,2023-07-14,-7,0.03725477308034897
2023-07-26,balance_sheet_policy_shift,2023-07-17,-6,0.04096345603466034
2023-07-26,balance_sheet_policy_shift,2023-07-18,-5,0.038229528814554214
2023-07-26,balance_sheet_policy_shift,2023-07-19,-4,0.03867862746119499
2023-07-26,balance_sheet_policy_shift,2023-07-20,-3,0.036958158016204834
2023-07-26,balance_sheet_policy_shift,2023-07-21,-2,0.03717036545276642
2023-07-26,balance_sheet_policy_shift,2023-07-24,-1,0.038444504141807556
2023-07-26,balance_sheet_policy_shift,2023-07-25,0,0.035501640290021896
2023-07-26,risk_balance_shift,2023-06-15,-26,0.04385533928871155
2023-07-26,risk_balance_shift,2023-06-16,-25,0.03956969082355499
2023-07-26,risk_balance_shift,2023-06-20,-24,0.038373418152332306
2023-07-26,risk_balance_shift,2023-06-21,-23,0.04318962246179581
2023-07-26,risk_balance_shift,2023-06-22,-22,0.04003337025642395
2023-07-26,risk_balance_shift,2023-06-23,-21,0.03742803633213043
2023-07-26,risk_balance_shift,2023-06-26,-20,0.03228307515382767
2023-07-26,risk_balance_shift,2023-06-27,-19,0.03474869579076767
2023-07-26,risk_balance_shift,2023-06-28,-18,0.03383733332157135
2023-07-26,risk_balance_shift,2023-06-29,-17,0.03137270361185074
2023-07-26,risk_balance_shift,2023-06-30,-16,0.03697492182254791
2023-07-26,risk_balance_shift,2023-07-03,-15,0.03319366276264191
2023-07-26,risk_balance_shift,2023-07-05,-14,0.03724787384271622
2023-07-26,risk_balance_shift,2023-07-06,-13,0.03757761791348457
2023-07-26,risk_balance_shift,2023-07-07,-12,0.036108095198869705
2023-07-26,risk_balance_shift,2023-07-10,-11,0.03641216456890106
2023-07-26,risk_balance_shift,2023-07-11,-10,0.0340132936835289
2023-07-26,risk_balance_shift,2023-07-12,-9,0.03654381260275841
2023-07-26,risk_balance_shift,2023-07-13,-8,0.03875495493412018
2023-07-26,risk_balance_shift,2023-07-14,-7,0.03658989071846008
2023-07-26,risk_balance_shift,2023-07-17,-6,0.03969993442296982
2023-07-26,risk_balance_shift,2023-07-18,-5,0.03804003819823265
2023-07-26,risk_balance_shift,2023-07-19,-4,0.03683594986796379
2023-07-26,risk_balance_shift,2023-07-20,-3,0.037913188338279724
2023-07-26,risk_balance_shift,2023-07-21,-2,0.036617811769247055
2023-07-26,risk_balance_shift,2023-07-24,-1,0.03706765174865723
2023-07-26,risk_balance_shift,2023-07-25,0,0.03571784496307373
2023-07-26,committee_dispersion,2023-06-15,-26,0.04440758004784584
2023-07-26,committee_dispersion,2023-06-16,-25,0.04023457318544388
2023-07-26,committee_dispersion,2023-06-20,-24,0.038730379194021225
2023-07-26,committee_dispersion,2023-06-21,-23,0.04203962907195091
2023-07-26,committee_dispersion,2023-06-22,-22,0.04113292694091797
2023-07-26,committee_dispersion,2023-06-23,-21,0.0377153605222702
2023-07-26,committee_dispersion,2023-06-26,-20,0.03166285902261734
2023-07-26,committee_dispersion,2023-06-27,-19,0.034466877579689026
2023-07-26,committee_dispersion,2023-06-28,-18,0.034198030829429626
2023-07-26,committee_dispersion,2023-06-29,-17,0.03138131648302078
2023-07-26,committee_dispersion,2023-06-30,-16,0.03652112931013107
2023-07-26,committee_dispersion,2023-07-03,-15,0.03215280547738075
2023-07-26,committee_dispersion,2023-07-05,-14,0.037358012050390244
2023-07-26,committee_dispersion,2023-07-06,-13,0.03810407966375351
2023-07-26,committee_dispersion,2023-07-07,-12,0.03658183291554451
2023-07-26,committee_dispersion,2023-07-10,-11,0.036889806389808655
2023-07-26,committee_dispersion,2023-07-11,-10,0.035233668982982635
2023-07-26,committee_dispersion,2023-07-12,-9,0.03727132827043533
2023-07-26,committee_dispersion,2023-07-13,-8,0.038887761533260345
2023-07-26,committee_dispersion,2023-07-14,-7,0.03638821467757225
2023-07-26,committee_dispersion,2023-07-17,-6,0.0394618883728981
2023-07-26,committee_dispersion,2023-07-18,-5,0.03788713365793228
2023-07-26,committee_dispersion,2023-07-19,-4,0.03608141839504242
2023-07-26,committee_dispersion,2023-07-20,-3,0.037396032363176346
2023-07-26,committee_dispersion,2023-07-21,-2,0.036077745258808136
2023-07-26,committee_dispersion,2023-07-24,-1,0.03573205694556236
2023-07-26,committee_dispersion,2023-07-25,0,0.03600553423166275
2023-07-26,policy_uncertainty,2023-06-15,-26,0.0420512892305851
2023-07-26,policy_uncertainty,2023-06-16,-25,0.035067617893218994
2023-07-26,policy_uncertainty,2023-06-20,-24,0.033804137259721756
2023-07-26,policy_uncertainty,2023-06-21,-23,0.04175446182489395
2023-07-26,policy_uncertainty,2023-06-22,-22,0.03369327634572983
2023-07-26,policy_uncertainty,2023-06-23,-21,0.033925555646419525
2023-07-26,policy_uncertainty,2023-06-26,-20,0.04547889530658722
2023-07-26,policy_uncertainty,2023-06-27,-19,0.038180772215127945
2023-07-26,policy_uncertainty,2023-06-28,-18,0.04123895987868309
2023-07-26,policy_uncertainty,2023-06-29,-17,0.035946667194366455
2023-07-26,policy_uncertainty,2023-06-30,-16,0.03771917149424553
2023-07-26,policy_uncertainty,2023-07-03,-15,0.03827865794301033
2023-07-26,policy_uncertainty,2023-07-05,-14,0.036470938473939896
2023-07-26,policy_uncertainty,2023-07-06,-13,0.03332306072115898
2023-07-26,policy_uncertainty,2023-07-07,-12,0.0337354876101017
2023-07-26,policy_uncertainty,2023-07-10,-11,0.033890411257743835
2023-07-26,policy_uncertainty,2023-07-11,-10,0.03341953456401825
2023-07-26,policy_uncertainty,2023-07-12,-9,0.03487946838140488
2023-07-26,policy_uncertainty,2023-07-13,-8,0.03676846623420715
2023-07-26,policy_uncertainty,2023-07-14,-7,0.03687959909439087
2023-07-26,policy_uncertainty,2023-07-17,-6,0.03789392113685608
2023-07-26,policy_uncertainty,2023-07-18,-5,0.03714609146118164
2023-07-26,policy_uncertainty,2023-07-19,-4,0.03862181678414345
2023-07-26,policy_uncertainty,2023-07-20,-3,0.03814028948545456
2023-07-26,policy_uncertainty,2023-07-21,-2,0.037043143063783646
2023-07-26,policy_uncertainty,2023-07-24,-1,0.03970188647508621
2023-07-26,policy_uncertainty,2023-07-25,0,0.034946415573358536
2023-07-26,forward_guidance_strength,2023-06-15,-26,0.04256248101592064
2023-07-26,forward_guidance_strength,2023-06-16,-25,0.040083229541778564
2023-07-26,forward_guidance_strength,2023-06-20,-24,0.03885730355978012
2023-07-26,forward_guidance_strength,2023-06-21,-23,0.041983701288700104
2023-07-26,forward_guidance_strength,2023-06-22,-22,0.040709663182497025
2023-07-26,forward_guidance_strength,2023-06-23,-21,0.03828921169042587
2023-07-26,forward_guidance_strength,2023-06-26,-20,0.030806219205260277
2023-07-26,forward_guidance_strength,2023-06-27,-19,0.034339290112257004
2023-07-26,forward_guidance_strength,2023-06-28,-18,0.03391527384519577
2023-07-26,forward_guidance_strength,2023-06-29,-17,0.03177078813314438
2023-07-26,forward_guidance_strength,2023-06-30,-16,0.03670431300997734
2023-07-26,forward_guidance_strength,2023-07-03,-15,0.032340239733457565
2023-07-26,forward_guidance_strength,2023-07-05,-14,0.03710402548313141
2023-07-26,forward_guidance_strength,2023-07-06,-13,0.038078758865594864
2023-07-26,forward_guidance_strength,2023-07-07,-12,0.03705710172653198
2023-07-26,forward_guidance_strength,2023-07-10,-11,0.03711569309234619
2023-07-26,forward_guidance_strength,2023-07-11,-10,0.03560011088848114
2023-07-26,forward_guidance_strength,2023-07-12,-9,0.0377207025885582
2023-07-26,forward_guidance_strength,2023-07-13,-8,0.03901085630059242
2023-07-26,forward_guidance_strength,2023-07-14,-7,0.036710627377033234
2023-07-26,forward_guidance_strength,2023-07-17,-6,0.04044976457953453
2023-07-26,forward_guidance_strength,2023-07-18,-5,0.03819935396313667
2023-07-26,forward_guidance_strength,2023-07-19,-4,0.035456378012895584
2023-07-26,forward_guidance_strength,2023-07-20,-3,0.037007350474596024
2023-07-26,forward_guidance_strength,2023-07-21,-2,0.03648381680250168
2023-07-26,forward_guidance_strength,2023-07-24,-1,0.035458892583847046
2023-07-26,forward_guidance_strength,2023-07-25,0,0.03618486225605011
2023-09-20,rate_decision,2023-07-27,-37,0.02657151222229004
2023-09-20,rate_decision,2023-07-28,-36,0.026075875386595726
2023-09-20,rate_decision,2023-07-31,-35,0.02910146862268448
2023-09-20,rate_decision,2023-08-01,-34,0.027166320011019707
2023-09-20,rate_decision,2023-08-02,-33,0.029204487800598145
2023-09-20,rate_decision,2023-08-03,-32,0.02762695774435997
2023-09-20,rate_decision,2023-08-04,-31,0.027727536857128143
2023-09-20,rate_decision,2023-08-07,-30,0.02800656668841839
2023-09-20,rate_decision,2023-08-08,-29,0.027154013514518738
2023-09-20,rate_decision,2023-08-09,-28,0.02861032262444496
2023-09-20,rate_decision,2023-08-10,-27,0.02632702887058258
2023-09-20,rate_decision,2023-08-11,-26,0.02638428285717964
2023-09-20,rate_decision,2023-08-14,-25,0.025287654250860214
2023-09-20,rate_decision,2023-08-15,-24,0.024311555549502373
2023-09-20,rate_decision,2023-08-16,-23,0.02398770861327648
2023-09-20,rate_decision,2023-08-17,-22,0.025164086371660233
2023-09-20,rate_decision,2023-08-18,-21,0.026619652286171913
2023-09-20,rate_decision,2023-08-21,-20,0.025433704257011414
2023-09-20,rate_decision,2023-08-22,-19,0.025378968566656113
2023-09-20,rate_decision,2023-08-23,-18,0.024136725813150406
2023-09-20,rate_decision,2023-08-24,-17,0.023722218349575996
2023-09-20,rate_decision,2023-08-25,-16,0.023087989538908005
2023-09-20,rate_decision,2023-08-28,-15,0.024235239252448082
2023-09-20,rate_decision,2023-08-29,-14,0.024395331740379333
2023-09-20,rate_decision,2023-08-30,-13,0.02566435933113098
2023-09-20,rate_decision,2023-08-31,-12,0.027298668399453163
2023-09-20,rate_decision,2023-09-01,-11,0.02847745642066002
2023-09-20,rate_decision,2023-09-05,-10,0.02694014273583889
2023-09-20,rate_decision,2023-09-06,-9,0.027007102966308594
2023-09-20,rate_decision,2023-09-07,-8,0.026740694418549538
2023-09-20,rate_decision,2023-09-08,-7,0.02562396414577961
2023-09-20,rate_decision,2023-09-11,-6,0.025096356868743896
2023-09-20,rate_decision,2023-09-12,-5,0.025896575301885605
2023-09-20,rate_decision,2023-09-13,-4,0.027377327904105186
2023-09-20,rate_decision,2023-09-14,-3,0.02872582897543907
2023-09-20,rate_decision,2023-09-15,-2,0.02778971567749977
2023-09-20,rate_decision,2023-09-18,-1,0.026714742183685303
2023-09-20,rate_decision,2023-09-19,0,0.024929877370595932
2023-09-20,current_policy_stance,2023-07-27,-37,0.024151679128408432
2023-09-20,current_policy_stance,2023-07-28,-36,0.027026697993278503
2023-09-20,current_policy_stance,2023-07-31,-35,0.03334233909845352
2023-09-20,current_policy_stance,2023-08-01,-34,0.02650366723537445
2023-09-20,current_policy_stance,2023-08-02,-33,0.02713446319103241
2023-09-20,current_policy_stance,2023-08-03,-32,0.024914193898439407
2023-09-20,current_policy_stance,2023-08-04,-31,0.026591112837195396
2023-09-20,current_policy_stance,2023-08-07,-30,0.028062786906957626
2023-09-20,current_policy_stance,2023-08-08,-29,0.027483444660902023
2023-09-20,current_policy_stance,2023-08-09,-28,0.027790365740656853
2023-09-20,current_policy_stance,2023-08-10,-27,0.02983599156141281
2023-09-20,current_policy_stance,2023-08-11,-26,0.028858719393610954
2023-09-20,current_policy_stance,2023-08-14,-25,0.027256013825535774
2023-09-20,current_policy_stance,2023-08-15,-24,0.0259599257260561
2023-09-20,current_policy_stance,2023-08-16,-23,0.025474686175584793
2023-09-20,current_policy_stance,2023-08-17,-22,0.025669079273939133
2023-09-20,current_policy_stance,2023-08-18,-21,0.026955729350447655
2023-09-20,current_policy_stance,2023-08-21,-20,0.024138228967785835
2023-09-20,current_policy_stance,2023-08-22,-19,0.02296813204884529
2023-09-20,current_policy_stance,2023-08-23,-18,0.024564359337091446
2023-09-20,current_policy_stance,2023-08-24,-17,0.02416318468749523
2023-09-20,current_policy_stance,2023-08-25,-16,0.023011352866888046
2023-09-20,current_policy_stance,2023-08-28,-15,0.022821802645921707
2023-09-20,current_policy_stance,2023-08-29,-14,0.02502601221203804
2023-09-20,current_policy_stance,2023-08-30,-13,0.025959203019738197
2023-09-20,current_policy_stance,2023-08-31,-12,0.026764478534460068
2023-09-20,current_policy_stance,2023-09-01,-11,0.029393870383501053
2023-09-20,current_policy_stance,2023-09-05,-10,0.027310341596603394
2023-09-20,current_policy_stance,2023-09-06,-9,0.02526611089706421
2023-09-20,current_policy_stance,2023-09-07,-8,0.026829570531845093
2023-09-20,current_policy_stance,2023-09-08,-7,0.024838432669639587
2023-09-20,current_policy_stance,2023-09-11,-6,0.025339676067233086
2023-09-20,current_policy_stance,2023-09-12,-5,0.025063585489988327
2023-09-20,current_policy_stance,2023-09-13,-4,0.028156854212284088
2023-09-20,current_policy_stance,2023-09-14,-3,0.02759740687906742
2023-09-20,current_policy_stance,2023-09-15,-2,0.026633191853761673
2023-09-20,current_policy_stance,2023-09-18,-1,0.026054751127958298
2023-09-20,current_policy_stance,2023-09-19,0,0.025088516995310783
2023-09-20,policy_stance_shift,2023-07-27,-37,0.02564511075615883
2023-09-20,policy_stance_shift,2023-07-28,-36,0.0266007911413908
2023-09-20,policy_stance_shift,2023-07-31,-35,0.02534550055861473
2023-09-20,policy_stance_shift,2023-08-01,-34,0.025724919512867928
2023-09-20,policy_stance_shift,2023-08-02,-33,0.02274021878838539
2023-09-20,policy_stance_shift,2023-08-03,-32,0.022567681968212128
2023-09-20,policy_stance_shift,2023-08-04,-31,0.024204635992646217
2023-09-20,policy_stance_shift,2023-08-07,-30,0.025032084435224533
2023-09-20,policy_stance_shift,2023-08-08,-29,0.027328789234161377
2023-09-20,policy_stance_shift,2023-08-09,-28,0.032235387712717056
2023-09-20,policy_stance_shift,2023-08-10,-27,0.02968520298600197
2023-09-20,policy_stance_shift,2023-08-11,-26,0.030013669282197952
2023-09-20,policy_stance_shift,2023-08-14,-25,0.028035065159201622
2023-09-20,policy_stance_shift,2023-08-15,-24,0.028395159170031548
2023-09-20,policy_stance_shift,2023-08-16,-23,0.02751099318265915
2023-09-20,policy_stance_shift,2023-08-17,-22,0.02609081380069256
2023-09-20,policy_stance_shift,2023-08-18,-21,0.026266053318977356
2023-09-20,policy_stance_shift,2023-08-21,-20,0.02573161944746971
2023-09-20,policy_stance_shift,2023-08-22,-19,0.025153886526823044
2023-09-20,policy_stance_shift,2023-08-23,-18,0.02758527547121048
2023-09-20,policy_stance_shift,2023-08-24,-17,0.02779492363333702
2023-09-20,policy_stance_shift,2023-08-25,-16,0.028614791110157967
2023-09-20,policy_stance_shift,2023-08-28,-15,0.027458442375063896
2023-09-20,policy_stance_shift,2023-08-29,-14,0.028149519115686417
2023-09-20,policy_stance_shift,2023-08-30,-13,0.027433959767222404
2023-09-20,policy_stance_shift,2023-08-31,-12,0.024737589061260223
2023-09-20,policy_stance_shift,2023-09-01,-11,0.027296721935272217
2023-09-20,policy_stance_shift,2023-09-05,-10,0.027137046679854393
2023-09-20,policy_stance_shift,2023-09-06,-9,0.026383310556411743
2023-09-20,policy_stance_shift,2023-09-07,-8,0.026262180879712105
2023-09-20,policy_stance_shift,2023-09-08,-7,0.02529531717300415
2023-09-20,policy_stance_shift,2023-09-11,-6,0.024271056056022644
2023-09-20,policy_stance_shift,2023-09-12,-5,0.024211961776018143
2023-09-20,policy_stance_shift,2023-09-13,-4,0.023465415462851524
2023-09-20,policy_stance_shift,2023-09-14,-3,0.02386145293712616
2023-09-20,policy_stance_shift,2023-09-15,-2,0.023926984518766403
2023-09-20,policy_stance_shift,2023-09-18,-1,0.024575619027018547
2023-09-20,policy_stance_shift,2023-09-19,0,0.027230864390730858
2023-09-20,expected_rate_path_shift,2023-07-27,-37,0.024237941950559616
2023-09-20,expected_rate_path_shift,2023-07-28,-36,0.027155283838510513
2023-09-20,expected_rate_path_shift,2023-07-31,-35,0.03311099484562874
2023-09-20,expected_rate_path_shift,2023-08-01,-34,0.02686838060617447
2023-09-20,expected_rate_path_shift,2023-08-02,-33,0.026256930083036423
2023-09-20,expected_rate_path_shift,2023-08-03,-32,0.02367948740720749
2023-09-20,expected_rate_path_shift,2023-08-04,-31,0.02588239312171936
2023-09-20,expected_rate_path_shift,2023-08-07,-30,0.027547799050807953
2023-09-20,expected_rate_path_shift,2023-08-08,-29,0.027921192348003387
2023-09-20,expected_rate_path_shift,2023-08-09,-28,0.028921669349074364
2023-09-20,expected_rate_path_shift,2023-08-10,-27,0.030746832489967346
2023-09-20,expected_rate_path_shift,2023-08-11,-26,0.029951222240924835
2023-09-20,expected_rate_path_shift,2023-08-14,-25,0.02832173928618431
2023-09-20,expected_rate_path_shift,2023-08-15,-24,0.027108512818813324
2023-09-20,expected_rate_path_shift,2023-08-16,-23,0.02628055028617382
2023-09-20,expected_rate_path_shift,2023-08-17,-22,0.025829292833805084
2023-09-20,expected_rate_path_shift,2023-08-18,-21,0.02698984183371067
2023-09-20,expected_rate_path_shift,2023-08-21,-20,0.024390768259763718
2023-09-20,expected_rate_path_shift,2023-08-22,-19,0.022834457457065582
2023-09-20,expected_rate_path_shift,2023-08-23,-18,0.024951964616775513
2023-09-20,expected_rate_path_shift,2023-08-24,-17,0.02451462857425213
2023-09-20,expected_rate_path_shift,2023-08-25,-16,0.023077746853232384
2023-09-20,expected_rate_path_shift,2023-08-28,-15,0.02255258895456791
2023-09-20,expected_rate_path_shift,2023-08-29,-14,0.024985654279589653
2023-09-20,expected_rate_path_shift,2023-08-30,-13,0.02552170306444168
2023-09-20,expected_rate_path_shift,2023-08-31,-12,0.02582097426056862
2023-09-20,expected_rate_path_shift,2023-09-01,-11,0.0293275099247694
2023-09-20,expected_rate_path_shift,2023-09-05,-10,0.027205079793930054
2023-09-20,expected_rate_path_shift,2023-09-06,-9,0.02515045925974846
2023-09-20,expected_rate_path_shift,2023-09-07,-8,0.027012579143047333
2023-09-20,expected_rate_path_shift,2023-09-08,-7,0.024907808750867844
2023-09-20,expected_rate_path_shift,2023-09-11,-6,0.02496037632226944
2023-09-20,expected_rate_path_shift,2023-09-12,-5,0.02455238252878189
2023-09-20,expected_rate_path_shift,2023-09-13,-4,0.02702765166759491
2023-09-20,expected_rate_path_shift,2023-09-14,-3,0.027072209864854813
2023-09-20,expected_rate_path_shift,2023-09-15,-2,0.026068266481161118
2023-09-20,expected_rate_path_shift,2023-09-18,-1,0.026037927716970444
2023-09-20,expected_rate_path_shift,2023-09-19,0,0.025217194110155106
2023-09-20,inflation_assessment_shift,2023-07-27,-37,0.02728668972849846
2023-09-20,inflation_assessment_shift,2023-07-28,-36,0.02609347552061081
2023-09-20,inflation_assessment_shift,2023-07-31,-35,0.022714881226420403
2023-09-20,inflation_assessment_shift,2023-08-01,-34,0.025495246052742004
2023-09-20,inflation_assessment_shift,2023-08-02,-33,0.02262689918279648
2023-09-20,inflation_assessment_shift,2023-08-03,-32,0.02373967319726944
2023-09-20,inflation_assessment_shift,2023-08-04,-31,0.02448439970612526
2023-09-20,inflation_assessment_shift,2023-08-07,-30,0.024794403463602066
2023-09-20,inflation_assessment_shift,2023-08-08,-29,0.027167610824108124
2023-09-20,inflation_assessment_shift,2023-08-09,-28,0.0319313183426857
2023-09-20,inflation_assessment_shift,2023-08-10,-27,0.02834625542163849
2023-09-20,inflation_assessment_shift,2023-08-11,-26,0.028166942298412323
2023-09-20,inflation_assessment_shift,2023-08-14,-25,0.027274373918771744
2023-09-20,inflation_assessment_shift,2023-08-15,-24,0.028316238895058632
2023-09-20,inflation_assessment_shift,2023-08-16,-23,0.027716439217329025
2023-09-20,inflation_assessment_shift,2023-08-17,-22,0.025731071829795837
2023-09-20,inflation_assessment_shift,2023-08-18,-21,0.025296568870544434
2023-09-20,inflation_assessment_shift,2023-08-21,-20,0.02674242854118347
2023-09-20,inflation_assessment_shift,2023-08-22,-19,0.025914490222930908
2023-09-20,inflation_assessment_shift,2023-08-23,-18,0.027706023305654526
2023-09-20,inflation_assessment_shift,2023-08-24,-17,0.0287992712110281
2023-09-20,inflation_assessment_shift,2023-08-25,-16,0.030300235375761986
2023-09-20,inflation_assessment_shift,2023-08-28,-15,0.029433444142341614
2023-09-20,inflation_assessment_shift,2023-08-29,-14,0.02891417406499386
2023-09-20,inflation_assessment_shift,2023-08-30,-13,0.028631282970309258
2023-09-20,inflation_assessment_shift,2023-08-31,-12,0.024834971874952316
2023-09-20,inflation_assessment_shift,2023-09-01,-11,0.026259202510118484
2023-09-20,inflation_assessment_shift,2023-09-05,-10,0.02711803838610649
2023-09-20,inflation_assessment_shift,2023-09-06,-9,0.02682182565331459
2023-09-20,inflation_assessment_shift,2023-09-07,-8,0.026061803102493286
2023-09-20,inflation_assessment_shift,2023-09-08,-7,0.025750041007995605
2023-09-20,inflation_assessment_shift,2023-09-11,-6,0.024439791217446327
2023-09-20,inflation_assessment_shift,2023-09-12,-5,0.023524027317762375
2023-09-20,inflation_assessment_shift,2023-09-13,-4,0.021765567362308502
2023-09-20,inflation_assessment_shift,2023-09-14,-3,0.023265890777111053
2023-09-20,inflation_assessment_shift,2023-09-15,-2,0.023944785818457603
2023-09-20,inflation_assessment_shift,2023-09-18,-1,0.02499110996723175
2023-09-20,inflation_assessment_shift,2023-09-19,0,0.027599139139056206
2023-09-20,inflation_risk_shift,2023-07-27,-37,0.025636902078986168
2023-09-20,inflation_risk_shift,2023-07-28,-36,0.02706184983253479
2023-09-20,inflation_risk_shift,2023-07-31,-35,0.028824035078287125
2023-09-20,inflation_risk_shift,2023-08-01,-34,0.026363421231508255
2023-09-20,inflation_risk_shift,2023-08-02,-33,0.02387923002243042
2023-09-20,inflation_risk_shift,2023-08-03,-32,0.022718768566846848
2023-09-20,inflation_risk_shift,2023-08-04,-31,0.025170639157295227
2023-09-20,inflation_risk_shift,2023-08-07,-30,0.026363248005509377
2023-09-20,inflation_risk_shift,2023-08-08,-29,0.028668085113167763
2023-09-20,inflation_risk_shift,2023-08-09,-28,0.03215808421373367
2023-09-20,inflation_risk_shift,2023-08-10,-27,0.03165581822395325
2023-09-20,inflation_risk_shift,2023-08-11,-26,0.030276400968432426
2023-09-20,inflation_risk_shift,2023-08-14,-25,0.028066085651516914
2023-09-20,inflation_risk_shift,2023-08-15,-24,0.02740584686398506
2023-09-20,inflation_risk_shift,2023-08-16,-23,0.026034008711576462
2023-09-20,inflation_risk_shift,2023-08-17,-22,0.025041718035936356
2023-09-20,inflation_risk_shift,2023-08-18,-21,0.025487206876277924
2023-09-20,inflation_risk_shift,2023-08-21,-20,0.024728968739509583
2023-09-20,inflation_risk_shift,2023-08-22,-19,0.0233453381806612
2023-09-20,inflation_risk_shift,2023-08-23,-18,0.026132190600037575
2023-09-20,inflation_risk_shift,2023-08-24,-17,0.026482723653316498
2023-09-20,inflation_risk_shift,2023-08-25,-16,0.026237264275550842
2023-09-20,inflation_risk_shift,2023-08-28,-15,0.025026123970746994
2023-09-20,inflation_risk_shift,2023-08-29,-14,0.02720329724252224
2023-09-20,inflation_risk_shift,2023-08-30,-13,0.027266191318631172
2023-09-20,inflation_risk_shift,2023-08-31,-12,0.02588936872780323
2023-09-20,inflation_risk_shift,2023-09-01,-11,0.029388386756181717
2023-09-20,inflation_risk_shift,2023-09-05,-10,0.028068164363503456
2023-09-20,inflation_risk_shift,2023-09-06,-9,0.02548908442258835
2023-09-20,inflation_risk_shift,2023-09-07,-8,0.026319770142436028
2023-09-20,inflation_risk_shift,2023-09-08,-7,0.024136748164892197
2023-09-20,inflation_risk_shift,2023-09-11,-6,0.02410251647233963
2023-09-20,inflation_risk_shift,2023-09-12,-5,0.023490406572818756
2023-09-20,inflation_risk_shift,2023-09-13,-4,0.024718880653381348
2023-09-20,inflation_risk_shift,2023-09-14,-3,0.02518170326948166
2023-09-20,inflation_risk_shift,2023-09-15,-2,0.024837953969836235
2023-09-20,inflation_risk_shift,2023-09-18,-1,0.02520664595067501
2023-09-20,inflation_risk_shift,2023-09-19,0,0.0259369146078825
2023-09-20,unemployment_assessment_shift,2023-07-27,-37,0.027664192020893097
2023-09-20,unemployment_assessment_shift,2023-07-28,-36,0.025733884423971176
2023-09-20,unemployment_assessment_shift,2023-07-31,-35,0.02276144176721573
2023-09-20,unemployment_assessment_shift,2023-08-01,-34,0.02579658292233944
2023-09-20,unemployment_assessment_shift,2023-08-02,-33,0.022419702261686325
2023-09-20,unemployment_assessment_shift,2023-08-03,-32,0.023426495492458344
2023-09-20,unemployment_assessment_shift,2023-08-04,-31,0.0238262377679348
2023-09-20,unemployment_assessment_shift,2023-08-07,-30,0.02451171912252903
2023-09-20,unemployment_assessment_shift,2023-08-08,-29,0.026752151548862457
2023-09-20,unemployment_assessment_shift,2023-08-09,-28,0.03132965415716171
2023-09-20,unemployment_assessment_shift,2023-08-10,-27,0.028943046927452087
2023-09-20,unemployment_assessment_shift,2023-08-11,-26,0.0291895754635334
2023-09-20,unemployment_assessment_shift,2023-08-14,-25,0.02789417654275894
2023-09-20,unemployment_assessment_shift,2023-08-15,-24,0.028847459703683853
2023-09-20,unemployment_assessment_shift,2023-08-16,-23,0.02835238352417946
2023-09-20,unemployment_assessment_shift,2023-08-17,-22,0.02596268802881241
2023-09-20,unemployment_assessment_shift,2023-08-18,-21,0.02561844512820244
2023-09-20,unemployment_assessment_shift,2023-08-21,-20,0.02741095796227455
2023-09-20,unemployment_assessment_shift,2023-08-22,-19,0.026109473779797554
2023-09-20,unemployment_assessment_shift,2023-08-23,-18,0.027479132637381554
2023-09-20,unemployment_assessment_shift,2023-08-24,-17,0.029077880084514618
2023-09-20,unemployment_assessment_shift,2023-08-25,-16,0.030269073322415352
2023-09-20,unemployment_assessment_shift,2023-08-28,-15,0.028907939791679382
2023-09-20,unemployment_assessment_shift,2023-08-29,-14,0.02830532006919384
2023-09-20,unemployment_assessment_shift,2023-08-30,-13,0.02774895168840885
2023-09-20,unemployment_assessment_shift,2023-08-31,-12,0.0237566065043211
2023-09-20,unemployment_assessment_shift,2023-09-01,-11,0.025860976427793503
2023-09-20,unemployment_assessment_shift,2023-09-05,-10,0.027290591970086098
2023-09-20,unemployment_assessment_shift,2023-09-06,-9,0.02670685201883316
2023-09-20,unemployment_assessment_shift,2023-09-07,-8,0.02597091719508171
2023-09-20,unemployment_assessment_shift,2023-09-08,-7,0.026170095428824425
2023-09-20,unemployment_assessment_shift,2023-09-11,-6,0.024524394422769547
2023-09-20,unemployment_assessment_shift,2023-09-12,-5,0.023548027500510216
2023-09-20,unemployment_assessment_shift,2023-09-13,-4,0.021995391696691513
2023-09-20,unemployment_assessment_shift,2023-09-14,-3,0.023734675720334053
2023-09-20,unemployment_assessment_shift,2023-09-15,-2,0.02389214187860489
2023-09-20,unemployment_assessment_shift,2023-09-18,-1,0.02480212040245533
2023-09-20,unemployment_assessment_shift,2023-09-19,0,0.027408625930547714
2023-09-20,labor_market_risk_shift,2023-07-27,-37,0.025631224736571312
2023-09-20,labor_market_risk_shift,2023-07-28,-36,0.026050060987472534
2023-09-20,labor_market_risk_shift,2023-07-31,-35,0.025185193866491318
2023-09-20,labor_market_risk_shift,2023-08-01,-34,0.02570798434317112
2023-09-20,labor_market_risk_shift,2023-08-02,-33,0.0229570921510458
2023-09-20,labor_market_risk_shift,2023-08-03,-32,0.022738318890333176
2023-09-20,labor_market_risk_shift,2023-08-04,-31,0.02425811067223549
2023-09-20,labor_market_risk_shift,2023-08-07,-30,0.02509356662631035
2023-09-20,labor_market_risk_shift,2023-08-08,-29,0.02704310417175293
2023-09-20,labor_market_risk_shift,2023-08-09,-28,0.03287992998957634
2023-09-20,labor_market_risk_shift,2023-08-10,-27,0.03020119108259678
2023-09-20,labor_market_risk_shift,2023-08-11,-26,0.03002038411796093
2023-09-20,labor_market_risk_shift,2023-08-14,-25,0.02752864547073841
2023-09-20,labor_market_risk_shift,2023-08-15,-24,0.02796407788991928
2023-09-20,labor_market_risk_shift,2023-08-16,-23,0.02724449336528778
2023-09-20,labor_market_risk_shift,2023-08-17,-22,0.02566785179078579
2023-09-20,labor_market_risk_shift,2023-08-18,-21,0.026083361357450485
2023-09-20,labor_market_risk_shift,2023-08-21,-20,0.02585722506046295
2023-09-20,labor_market_risk_shift,2023-08-22,-19,0.024604128673672676
2023-09-20,labor_market_risk_shift,2023-08-23,-18,0.027349799871444702
2023-09-20,labor_market_risk_shift,2023-08-24,-17,0.027835704386234283
2023-09-20,labor_market_risk_shift,2023-08-25,-16,0.02828042209148407
2023-09-20,labor_market_risk_shift,2023-08-28,-15,0.027332134544849396
2023-09-20,labor_market_risk_shift,2023-08-29,-14,0.028152352198958397
2023-09-20,labor_market_risk_shift,2023-08-30,-13,0.02793399803340435
2023-09-20,labor_market_risk_shift,2023-08-31,-12,0.025447862222790718
2023-09-20,labor_market_risk_shift,2023-09-01,-11,0.02808697335422039
2023-09-20,labor_market_risk_shift,2023-09-05,-10,0.027773670852184296
2023-09-20,labor_market_risk_shift,2023-09-06,-9,0.02594524435698986
2023-09-20,labor_market_risk_shift,2023-09-07,-8,0.025989605113863945
2023-09-20,labor_market_risk_shift,2023-09-08,-7,0.02515719085931778
2023-09-20,labor_market_risk_shift,2023-09-11,-6,0.024057554081082344
2023-09-20,labor_market_risk_shift,2023-09-12,-5,0.023972859606146812
2023-09-20,labor_market_risk_shift,2023-09-13,-4,0.0237581767141819
2023-09-20,labor_market_risk_shift,2023-09-14,-3,0.024742895737290382
2023-09-20,labor_market_risk_shift,2023-09-15,-2,0.02433035522699356
2023-09-20,labor_market_risk_shift,2023-09-18,-1,0.024560844525694847
2023-09-20,labor_market_risk_shift,2023-09-19,0,0.026576418429613113
2023-09-20,growth_activity_shift,2023-07-27,-37,0.02420349232852459
2023-09-20,growth_activity_shift,2023-07-28,-36,0.02704600617289543
2023-09-20,growth_activity_shift,2023-07-31,-35,0.032755933701992035
2023-09-20,growth_activity_shift,2023-08-01,-34,0.02650701254606247
2023-09-20,growth_activity_shift,2023-08-02,-33,0.026149654760956764
2023-09-20,growth_activity_shift,2023-08-03,-32,0.023880979046225548
2023-09-20,growth_activity_shift,2023-08-04,-31,0.025849347934126854
2023-09-20,growth_activity_shift,2023-08-07,-30,0.027159933000802994
2023-09-20,growth_activity_shift,2023-08-08,-29,0.027710916474461555
2023-09-20,growth_activity_shift,2023-08-09,-28,0.02910672500729561
2023-09-20,growth_activity_shift,2023-08-10,-27,0.03054673597216606
2023-09-20,growth_activity_shift,2023-08-11,-26,0.03005247563123703
2023-09-20,growth_activity_shift,2023-08-14,-25,0.028048895299434662
2023-09-20,growth_activity_shift,2023-08-15,-24,0.02647911012172699
2023-09-20,growth_activity_shift,2023-08-16,-23,0.0255302544683218
2023-09-20,growth_activity_shift,2023-08-17,-22,0.02553895302116871
2023-09-20,growth_activity_shift,2023-08-18,-21,0.026769932359457016
2023-09-20,growth_activity_shift,2023-08-21,-20,0.024234605953097343
2023-09-20,growth_activity_shift,2023-08-22,-19,0.022926587611436844
2023-09-20,growth_activity_shift,2023-08-23,-18,0.02484726347029209
2023-09-20,growth_activity_shift,2023-08-24,-17,0.024490058422088623
2023-09-20,growth_activity_shift,2023-08-25,-16,0.02336546964943409
2023-09-20,growth_activity_shift,2023-08-28,-15,0.022813033312559128
2023-09-20,growth_activity_shift,2023-08-29,-14,0.025090016424655914
2023-09-20,growth_activity_shift,2023-08-30,-13,0.02582576684653759
2023-09-20,growth_activity_shift,2023-08-31,-12,0.02614997699856758
2023-09-20,growth_activity_shift,2023-09-01,-11,0.029337480664253235
2023-09-20,growth_activity_shift,2023-09-05,-10,0.027986396104097366
2023-09-20,growth_activity_shift,2023-09-06,-9,0.02556162327528
2023-09-20,growth_activity_shift,2023-09-07,-8,0.026792317628860474
2023-09-20,growth_activity_shift,2023-09-08,-7,0.024714093655347824
2023-09-20,growth_activity_shift,2023-09-11,-6,0.02493065968155861
2023-09-20,growth_activity_shift,2023-09-12,-5,0.02494242414832115
2023-09-20,growth_activity_shift,2023-09-13,-4,0.027614736929535866
2023-09-20,growth_activity_shift,2023-09-14,-3,0.027515534311532974
2023-09-20,growth_activity_shift,2023-09-15,-2,0.02634691447019577
2023-09-20,growth_activity_shift,2023-09-18,-1,0.026088112965226173
2023-09-20,growth_activity_shift,2023-09-19,0,0.025090627372264862
2023-09-20,financial_conditions_shift,2023-07-27,-37,0.024396872147917747
2023-09-20,financial_conditions_shift,2023-07-28,-36,0.027416221797466278
2023-09-20,financial_conditions_shift,2023-07-31,-35,0.03305092081427574
2023-09-20,financial_conditions_shift,2023-08-01,-34,0.027030784636735916
2023-09-20,financial_conditions_shift,2023-08-02,-33,0.026733051985502243
2023-09-20,financial_conditions_shift,2023-08-03,-32,0.02429853565990925
2023-09-20,financial_conditions_shift,2023-08-04,-31,0.026266248896718025
2023-09-20,financial_conditions_shift,2023-08-07,-30,0.0273988526314497
2023-09-20,financial_conditions_shift,2023-08-08,-29,0.027873408049345016
2023-09-20,financial_conditions_shift,2023-08-09,-28,0.02833067625761032
2023-09-20,financial_conditions_shift,2023-08-10,-27,0.030854124575853348
2023-09-20,financial_conditions_shift,2023-08-11,-26,0.029345938935875893
2023-09-20,financial_conditions_shift,2023-08-14,-25,0.028092678636312485
2023-09-20,financial_conditions_shift,2023-08-15,-24,0.026743827387690544
2023-09-20,financial_conditions_shift,2023-08-16,-23,0.025725241750478745
2023-09-20,financial_conditions_shift,2023-08-17,-22,0.025745857506990433
2023-09-20,financial_conditions_shift,2023-08-18,-21,0.027127638459205627
2023-09-20,financial_conditions_shift,2023-08-21,-20,0.024305563420057297
2023-09-20,financial_conditions_shift,2023-08-22,-19,0.02272755280137062
2023-09-20,financial_conditions_shift,2023-08-23,-18,0.024405188858509064
2023-09-20,financial_conditions_shift,2023-08-24,-17,0.02387688122689724
2023-09-20,financial_conditions_shift,2023-08-25,-16,0.0225377194583416
2023-09-20,financial_conditions_shift,2023-08-28,-15,0.02234043926000595
2023-09-20,financial_conditions_shift,2023-08-29,-14,0.024663737043738365
2023-09-20,financial_conditions_shift,2023-08-30,-13,0.025288864970207214
2023-09-20,financial_conditions_shift,2023-08-31,-12,0.026210231706500053
2023-09-20,financial_conditions_shift,2023-09-01,-11,0.029421214014291763
2023-09-20,financial_conditions_shift,2023-09-05,-10,0.02767237275838852
2023-09-20,financial_conditions_shift,2023-09-06,-9,0.025535104796290398
2023-09-20,financial_conditions_shift,2023-09-07,-8,0.027072526514530182
2023-09-20,financial_conditions_shift,2023-09-08,-7,0.02486421912908554
2023-09-20,financial_conditions_shift,2023-09-11,-6,0.025239717215299606
2023-09-20,financial_conditions_shift,2023-09-12,-5,0.024727439507842064
2023-09-20,financial_conditions_shift,2023-09-13,-4,0.027542585507035255
2023-09-20,financial_conditions_shift,2023-09-14,-3,0.027146276086568832
2023-09-20,financial_conditions_shift,2023-09-15,-2,0.02661207690834999
2023-09-20,financial_conditions_shift,2023-09-18,-1,0.02619342878460884
2023-09-20,financial_conditions_shift,2023-09-19,0,0.025186017155647278
2023-09-20,balance_sheet_policy_shift,2023-07-27,-37,0.024715606123209
2023-09-20,balance_sheet_policy_shift,2023-07-28,-36,0.027097325772047043
2023-09-20,balance_sheet_policy_shift,2023-07-31,-35,0.028493722900748253
2023-09-20,balance_sheet_policy_shift,2023-08-01,-34,0.026136746630072594
2023-09-20,balance_sheet_policy_shift,2023-08-02,-33,0.023641033098101616
2023-09-20,balance_sheet_policy_shift,2023-08-03,-32,0.022121954709291458
2023-09-20,balance_sheet_policy_shift,2023-08-04,-31,0.024921918287873268
2023-09-20,balance_sheet_policy_shift,2023-08-07,-30,0.025511398911476135
2023-09-20,balance_sheet_policy_shift,2023-08-08,-29,0.028324728831648827
2023-09-20,balance_sheet_policy_shift,2023-08-09,-28,0.031968992203474045
2023-09-20,balance_sheet_policy_shift,2023-08-10,-27,0.03139420971274376
2023-09-20,balance_sheet_policy_shift,2023-08-11,-26,0.030574101954698563
2023-09-20,balance_sheet_policy_shift,2023-08-14,-25,0.028418084606528282
2023-09-20,balance_sheet_policy_shift,2023-08-15,-24,0.028007719665765762
2023-09-20,balance_sheet_policy_shift,2023-08-16,-23,0.02651110664010048
2023-09-20,balance_sheet_policy_shift,2023-08-17,-22,0.02541244588792324
2023-09-20,balance_sheet_policy_shift,2023-08-18,-21,0.026144374161958694
2023-09-20,balance_sheet_policy_shift,2023-08-21,-20,0.024405431002378464
2023-09-20,balance_sheet_policy_shift,2023-08-22,-19,0.023060224950313568
2023-09-20,balance_sheet_policy_shift,2023-08-23,-18,0.026418078690767288
2023-09-20,balance_sheet_policy_shift,2023-08-24,-17,0.026462871581315994
2023-09-20,balance_sheet_policy_shift,2023-08-25,-16,0.02589765563607216
2023-09-20,balance_sheet_policy_shift,2023-08-28,-15,0.02512058988213539
2023-09-20,balance_sheet_policy_shift,2023-08-29,-14,0.027207305654883385
2023-09-20,balance_sheet_policy_shift,2023-08-30,-13,0.02741021104156971
2023-09-20,balance_sheet_policy_shift,2023-08-31,-12,0.02606366202235222
2023-09-20,balance_sheet_policy_shift,2023-09-01,-11,0.029505256563425064
2023-09-20,balance_sheet_policy_shift,2023-09-05,-10,0.02786855399608612
2023-09-20,balance_sheet_policy_shift,2023-09-06,-9,0.025491908192634583
2023-09-20,balance_sheet_policy_shift,2023-09-07,-8,0.02641664817929268
2023-09-20,balance_sheet_policy_shift,2023-09-08,-7,0.024574697017669678
2023-09-20,balance_sheet_policy_shift,2023-09-11,-6,0.023810815066099167
2023-09-20,balance_sheet_policy_shift,2023-09-12,-5,0.02378017269074917
2023-09-20,balance_sheet_policy_shift,2023-09-13,-4,0.025059279054403305
2023-09-20,balance_sheet_policy_shift,2023-09-14,-3,0.02539677545428276
2023-09-20,balance_sheet_policy_shift,2023-09-15,-2,0.025053013116121292
2023-09-20,balance_sheet_policy_shift,2023-09-18,-1,0.025316443294286728
2023-09-20,balance_sheet_policy_shift,2023-09-19,0,0.02628493309020996
2023-09-20,risk_balance_shift,2023-07-27,-37,0.025352347642183304
2023-09-20,risk_balance_shift,2023-07-28,-36,0.02661757916212082
2023-09-20,risk_balance_shift,2023-07-31,-35,0.0276383887976408
2023-09-20,risk_balance_shift,2023-08-01,-34,0.026139510795474052
2023-09-20,risk_balance_shift,2023-08-02,-33,0.023405088111758232
2023-09-20,risk_balance_shift,2023-08-03,-32,0.022397268563508987
2023-09-20,risk_balance_shift,2023-08-04,-31,0.024267174303531647
2023-09-20,risk_balance_shift,2023-08-07,-30,0.025446167215704918
2023-09-20,risk_balance_shift,2023-08-08,-29,0.0274951308965683
2023-09-20,risk_balance_shift,2023-08-09,-28,0.03251103311777115
2023-09-20,risk_balance_shift,2023-08-10,-27,0.030618902295827866
2023-09-20,risk_balance_shift,2023-08-11,-26,0.030315427109599113
2023-09-20,risk_balance_shift,2023-08-14,-25,0.028609639033675194
2023-09-20,risk_balance_shift,2023-08-15,-24,0.028726868331432343
2023-09-20,risk_balance_shift,2023-08-16,-23,0.027195878326892853
2023-09-20,risk_balance_shift,2023-08-17,-22,0.025456281378865242
2023-09-20,risk_balance_shift,2023-08-18,-21,0.026360034942626953
2023-09-20,risk_balance_shift,2023-08-21,-20,0.024853041395545006
2023-09-20,risk_balance_shift,2023-08-22,-19,0.023143921047449112
2023-09-20,risk_balance_shift,2023-08-23,-18,0.026574622839689255
2023-09-20,risk_balance_shift,2023-08-24,-17,0.027219388633966446
2023-09-20,risk_balance_shift,2023-08-25,-16,0.026445526629686356
2023-09-20,risk_balance_shift,2023-08-28,-15,0.02552454173564911
2023-09-20,risk_balance_shift,2023-08-29,-14,0.02712547779083252
2023-09-20,risk_balance_shift,2023-08-30,-13,0.027669474482536316
2023-09-20,risk_balance_shift,2023-08-31,-12,0.025041120126843452
2023-09-20,risk_balance_shift,2023-09-01,-11,0.029015518724918365
2023-09-20,risk_balance_shift,2023-09-05,-10,0.028242342174053192
2023-09-20,risk_balance_shift,2023-09-06,-9,0.026177499443292618
2023-09-20,risk_balance_shift,2023-09-07,-8,0.026827039197087288
2023-09-20,risk_balance_shift,2023-09-08,-7,0.025124454870820045
2023-09-20,risk_balance_shift,2023-09-11,-6,0.02361471578478813
2023-09-20,risk_balance_shift,2023-09-12,-5,0.023430505767464638
2023-09-20,risk_balance_shift,2023-09-13,-4,0.023937318474054337
2023-09-20,risk_balance_shift,2023-09-14,-3,0.024805987253785133
2023-09-20,risk_balance_shift,2023-09-15,-2,0.024740220978856087
2023-09-20,risk_balance_shift,2023-09-18,-1,0.025498153641819954
2023-09-20,risk_balance_shift,2023-09-19,0,0.02643638662993908
2023-09-20,committee_dispersion,2023-07-27,-37,0.02561049349606037
2023-09-20,committee_dispersion,2023-07-28,-36,0.02623691037297249
2023-09-20,committee_dispersion,2023-07-31,-35,0.026071224361658096
2023-09-20,committee_dispersion,2023-08-01,-34,0.02535698376595974
2023-09-20,committee_dispersion,2023-08-02,-33,0.0228239968419075
2023-09-20,committee_dispersion,2023-08-03,-32,0.02253938652575016
2023-09-20,committee_dispersion,2023-08-04,-31,0.024637874215841293
2023-09-20,committee_dispersion,2023-08-07,-30,0.025710776448249817
2023-09-20,committee_dispersion,2023-08-08,-29,0.02747088484466076
2023-09-20,committee_dispersion,2023-08-09,-28,0.03301429748535156
2023-09-20,committee_dispersion,2023-08-10,-27,0.030538784340023994
2023-09-20,committee_dispersion,2023-08-11,-26,0.030262023210525513
2023-09-20,committee_dispersion,2023-08-14,-25,0.027874872088432312
2023-09-20,committee_dispersion,2023-08-15,-24,0.028474293649196625
2023-09-20,committee_dispersion,2023-08-16,-23,0.02774398773908615
2023-09-20,committee_dispersion,2023-08-17,-22,0.025914765894412994
2023-09-20,committee_dispersion,2023-08-18,-21,0.026039747521281242
2023-09-20,committee_dispersion,2023-08-21,-20,0.025714676827192307
2023-09-20,committee_dispersion,2023-08-22,-19,0.024104246869683266
2023-09-20,committee_dispersion,2023-08-23,-18,0.027218250557780266
2023-09-20,committee_dispersion,2023-08-24,-17,0.027670063078403473
2023-09-20,committee_dispersion,2023-08-25,-16,0.02801193855702877
2023-09-20,committee_dispersion,2023-08-28,-15,0.026735646650195122
2023-09-20,committee_dispersion,2023-08-29,-14,0.02815254218876362
2023-09-20,committee_dispersion,2023-08-30,-13,0.02836289070546627
2023-09-20,committee_dispersion,2023-08-31,-12,0.025128372013568878
2023-09-20,committee_dispersion,2023-09-01,-11,0.027822675183415413
2023-09-20,committee_dispersion,2023-09-05,-10,0.027727490290999413
2023-09-20,committee_dispersion,2023-09-06,-9,0.025458836928009987
2023-09-20,committee_dispersion,2023-09-07,-8,0.026272723451256752
2023-09-20,committee_dispersion,2023-09-08,-7,0.024902399629354477
2023-09-20,committee_dispersion,2023-09-11,-6,0.023995783179998398
2023-09-20,committee_dispersion,2023-09-12,-5,0.023119371384382248
2023-09-20,committee_dispersion,2023-09-13,-4,0.023274177685379982
2023-09-20,committee_dispersion,2023-09-14,-3,0.024546146392822266
2023-09-20,committee_dispersion,2023-09-15,-2,0.02429690957069397
2023-09-20,committee_dispersion,2023-09-18,-1,0.024766823276877403
2023-09-20,committee_dispersion,2023-09-19,0,0.026396755129098892
2023-09-20,policy_uncertainty,2023-07-27,-37,0.024349436163902283
2023-09-20,policy_uncertainty,2023-07-28,-36,0.027002796530723572
2023-09-20,policy_uncertainty,2023-07-31,-35,0.03341887891292572
2023-09-20,policy_uncertainty,2023-08-01,-34,0.026615042239427567
2023-09-20,policy_uncertainty,2023-08-02,-33,0.026952020823955536
2023-09-20,policy_uncertainty,2023-08-03,-32,0.024545464664697647
2023-09-20,policy_uncertainty,2023-08-04,-31,0.02575957030057907
2023-09-20,policy_uncertainty,2023-08-07,-30,0.027357302606105804
2023-09-20,policy_uncertainty,2023-08-08,-29,0.02702481858432293
2023-09-20,policy_uncertainty,2023-08-09,-28,0.028222713619470596
2023-09-20,policy_uncertainty,2023-08-10,-27,0.03021949529647827
2023-09-20,policy_uncertainty,2023-08-11,-26,0.029656803235411644
2023-09-20,policy_uncertainty,2023-08-14,-25,0.027823183685541153
2023-09-20,policy_uncertainty,2023-08-15,-24,0.026024453341960907
2023-09-20,policy_uncertainty,2023-08-16,-23,0.025280604138970375
2023-09-20,policy_uncertainty,2023-08-17,-22,0.025418609380722046
2023-09-20,policy_uncertainty,2023-08-18,-21,0.026976346969604492
2023-09-20,policy_uncertainty,2023-08-21,-20,0.024241112172603607
2023-09-20,policy_uncertainty,2023-08-22,-19,0.022846795618534088
2023-09-20,policy_uncertainty,2023-08-23,-18,0.024486996233463287
2023-09-20,policy_uncertainty,2023-08-24,-17,0.024156775325536728
2023-09-20,policy_uncertainty,2023-08-25,-16,0.022555099800229073
2023-09-20,policy_uncertainty,2023-08-28,-15,0.022388538345694542
2023-09-20,policy_uncertainty,2023-08-29,-14,0.02445041574537754
2023-09-20,policy_uncertainty,2023-08-30,-13,0.025149032473564148
2023-09-20,policy_uncertainty,2023-08-31,-12,0.026524672284722328
2023-09-20,policy_uncertainty,2023-09-01,-11,0.02967299520969391
2023-09-20,policy_uncertainty,2023-09-05,-10,0.027619998902082443
2023-09-20,policy_uncertainty,2023-09-06,-9,0.025537455454468727
2023-09-20,policy_uncertainty,2023-09-07,-8,0.026890253648161888
2023-09-20,policy_uncertainty,2023-09-08,-7,0.02487444505095482
2023-09-20,policy_uncertainty,2023-09-11,-6,0.025164028629660606
2023-09-20,policy_uncertainty,2023-09-12,-5,0.025350261479616165
2023-09-20,policy_uncertainty,2023-09-13,-4,0.028945861384272575
2023-09-20,policy_uncertainty,2023-09-14,-3,0.028549764305353165
2023-09-20,policy_uncertainty,2023-09-15,-2,0.026839394122362137
2023-09-20,policy_uncertainty,2023-09-18,-1,0.026351505890488625
2023-09-20,policy_uncertainty,2023-09-19,0,0.024757085368037224
2023-09-20,forward_guidance_strength,2023-07-27,-37,0.02464083768427372
2023-09-20,forward_guidance_strength,2023-07-28,-36,0.027774635702371597
2023-09-20,forward_guidance_strength,2023-07-31,-35,0.03212954103946686
2023-09-20,forward_guidance_strength,2023-08-01,-34,0.02615579031407833
2023-09-20,forward_guidance_strength,2023-08-02,-33,0.025956623256206512
2023-09-20,forward_guidance_strength,2023-08-03,-32,0.023950882256031036
2023-09-20,forward_guidance_strength,2023-08-04,-31,0.026495035737752914
2023-09-20,forward_guidance_strength,2023-08-07,-30,0.027689723297953606
2023-09-20,forward_guidance_strength,2023-08-08,-29,0.02817954495549202
2023-09-20,forward_guidance_strength,2023-08-09,-28,0.028914805501699448
2023-09-20,forward_guidance_strength,2023-08-10,-27,0.030017178505659103
2023-09-20,forward_guidance_strength,2023-08-11,-26,0.029493171721696854
2023-09-20,forward_guidance_strength,2023-08-14,-25,0.02780044451355934
2023-09-20,forward_guidance_strength,2023-08-15,-24,0.026519114151597023
2023-09-20,forward_guidance_strength,2023-08-16,-23,0.025766070932149887
2023-09-20,forward_guidance_strength,2023-08-17,-22,0.02598339132964611
2023-09-20,forward_guidance_strength,2023-08-18,-21,0.02676163613796234
2023-09-20,forward_guidance_strength,2023-08-21,-20,0.02383977361023426
2023-09-20,forward_guidance_strength,2023-08-22,-19,0.023164967074990273
2023-09-20,forward_guidance_strength,2023-08-23,-18,0.02514027990400791
2023-09-20,forward_guidance_strength,2023-08-24,-17,0.02406197413802147
2023-09-20,forward_guidance_strength,2023-08-25,-16,0.02352852188050747
2023-09-20,forward_guidance_strength,2023-08-28,-15,0.02342315763235092
2023-09-20,forward_guidance_strength,2023-08-29,-14,0.025547677651047707
2023-09-20,forward_guidance_strength,2023-08-30,-13,0.02627570927143097
2023-09-20,forward_guidance_strength,2023-08-31,-12,0.02657727524638176
2023-09-20,forward_guidance_strength,2023-09-01,-11,0.029200294986367226
2023-09-20,forward_guidance_strength,2023-09-05,-10,0.027272246778011322
2023-09-20,forward_guidance_strength,2023-09-06,-9,0.025592096149921417
2023-09-20,forward_guidance_strength,2023-09-07,-8,0.027075273916125298
2023-09-20,forward_guidance_strength,2023-09-08,-7,0.024416953325271606
2023-09-20,forward_guidance_strength,2023-09-11,-6,0.025245536118745804
2023-09-20,forward_guidance_strength,2023-09-12,-5,0.024782724678516388
2023-09-20,forward_guidance_strength,2023-09-13,-4,0.026975777000188828
2023-09-20,forward_guidance_strength,2023-09-14,-3,0.026367008686065674
2023-09-20,forward_guidance_strength,2023-09-15,-2,0.02598581463098526
2023-09-20,forward_guidance_strength,2023-09-18,-1,0.025792814791202545
2023-09-20,forward_guidance_strength,2023-09-19,0,0.025505710393190384
2023-11-01,rate_decision,2023-09-21,-27,0.0367051362991333
2023-11-01,rate_decision,2023-09-22,-26,0.036573685705661774
2023-11-01,rate_decision,2023-09-25,-25,0.038510020822286606
2023-11-01,rate_decision,2023-09-26,-24,0.03601643443107605
2023-11-01,rate_decision,2023-09-27,-23,0.03817163035273552
2023-11-01,rate_decision,2023-09-28,-22,0.03861077129840851
2023-11-01,rate_decision,2023-09-29,-21,0.04198407009243965
2023-11-01,rate_decision,2023-10-02,-20,0.0371534526348114
2023-11-01,rate_decision,2023-10-03,-19,0.03468042612075806
2023-11-01,rate_decision,2023-10-04,-18,0.03581015765666962
2023-11-01,rate_decision,2023-10-05,-17,0.03598424047231674
2023-11-01,rate_decision,2023-10-06,-16,0.034088388085365295
2023-11-01,rate_decision,2023-10-10,-15,0.03379876911640167
2023-11-01,rate_decision,2023-10-11,-14,0.03764066472649574
2023-11-01,rate_decision,2023-10-12,-13,0.03397964686155319
2023-11-01,rate_decision,2023-10-13,-12,0.03732823207974434
2023-11-01,rate_decision,2023-10-16,-11,0.038355328142642975
2023-11-01,rate_decision,2023-10-17,-10,0.03094427101314068
2023-11-01,rate_decision,2023-10-18,-9,0.03246735408902168
2023-11-01,rate_decision,2023-10-19,-8,0.033584289252758026
2023-11-01,rate_decision,2023-10-20,-7,0.03472414240241051
2023-11-01,rate_decision,2023-10-23,-6,0.035644352436065674
2023-11-01,rate_decision,2023-10-24,-5,0.03508809581398964
2023-11-01,rate_decision,2023-10-25,-4,0.03406417742371559
2023-11-01,rate_decision,2023-10-26,-3,0.03519706428050995
2023-11-01,rate_decision,2023-10-27,-2,0.036067403852939606
2023-11-01,rate_decision,2023-10-30,-1,0.03267475962638855
2023-11-01,rate_decision,2023-10-31,0,0.0341530404984951
2023-11-01,current_policy_stance,2023-09-21,-27,0.03578706085681915
2023-11-01,current_policy_stance,2023-09-22,-26,0.03537828475236893
2023-11-01,current_policy_stance,2023-09-25,-25,0.035116203129291534
2023-11-01,current_policy_stance,2023-09-26,-24,0.03196117281913757
2023-11-01,current_policy_stance,2023-09-27,-23,0.035070519894361496
2023-11-01,current_policy_stance,2023-09-28,-22,0.03742584213614464
2023-11-01,current_policy_stance,2023-09-29,-21,0.040240585803985596
2023-11-01,current_policy_stance,2023-10-02,-20,0.035135649144649506
2023-11-01,current_policy_stance,2023-10-03,-19,0.030604209750890732
2023-11-01,current_policy_stance,2023-10-04,-18,0.03384919464588165
2023-11-01,current_policy_stance,2023-10-05,-17,0.03467310220003128
2023-11-01,current_policy_stance,2023-10-06,-16,0.033725555986166
2023-11-01,current_policy_stance,2023-10-10,-15,0.03442578762769699
2023-11-01,current_policy_stance,2023-10-11,-14,0.043235089629888535
2023-11-01,current_policy_stance,2023-10-12,-13,0.036760516464710236
2023-11-01,current_policy_stance,2023-10-13,-12,0.039732158184051514
2023-11-01,current_policy_stance,2023-10-16,-11,0.045225515961647034
2023-11-01,current_policy_stance,2023-10-17,-10,0.035169389098882675
2023-11-01,current_policy_stance,2023-10-18,-9,0.03217349946498871
2023-11-01,current_policy_stance,2023-10-19,-8,0.03171632066369057
2023-11-01,current_policy_stance,2023-10-20,-7,0.034444063901901245
2023-11-01,current_policy_stance,2023-10-23,-6,0.03637120872735977
2023-11-01,current_policy_stance,2023-10-24,-5,0.03732476383447647
2023-11-01,current_policy_stance,2023-10-25,-4,0.03169011324644089
2023-11-01,current_policy_stance,2023-10-26,-3,0.03541470319032669
2023-11-01,current_policy_stance,2023-10-27,-2,0.040472257882356644
2023-11-01,current_policy_stance,2023-10-30,-1,0.03408682346343994
2023-11-01,current_policy_stance,2023-10-31,0,0.03279038146138191
2023-11-01,policy_stance_shift,2023-09-21,-27,0.03244059160351753
2023-11-01,policy_stance_shift,2023-09-22,-26,0.033983275294303894
2023-11-01,policy_stance_shift,2023-09-25,-25,0.031136438250541687
2023-11-01,policy_stance_shift,2023-09-26,-24,0.032415151596069336
2023-11-01,policy_stance_shift,2023-09-27,-23,0.029506728053092957
2023-11-01,policy_stance_shift,2023-09-28,-22,0.03064514324069023
2023-11-01,policy_stance_shift,2023-09-29,-21,0.03130204975605011
2023-11-01,policy_stance_shift,2023-10-02,-20,0.03387448936700821
2023-11-01,policy_stance_shift,2023-10-03,-19,0.03418603911995888
2023-11-01,policy_stance_shift,2023-10-04,-18,0.03407757356762886
2023-11-01,policy_stance_shift,2023-10-05,-17,0.03468739986419678
2023-11-01,policy_stance_shift,2023-10-06,-16,0.03588090464472771
2023-11-01,policy_stance_shift,2023-10-10,-15,0.0382591187953949
2023-11-01,policy_stance_shift,2023-10-11,-14,0.040826987475156784
2023-11-01,policy_stance_shift,2023-10-12,-13,0.037419166415929794
2023-11-01,policy_stance_shift,2023-10-13,-12,0.04035425931215286
2023-11-01,policy_stance_shift,2023-10-16,-11,0.04121043533086777
2023-11-01,policy_stance_shift,2023-10-17,-10,0.039498500525951385
2023-11-01,policy_stance_shift,2023-10-18,-9,0.03838835284113884
2023-11-01,policy_stance_shift,2023-10-19,-8,0.037119023501873016
2023-11-01,policy_stance_shift,2023-10-20,-7,0.03483785316348076
2023-11-01,policy_stance_shift,2023-10-23,-6,0.03374067693948746
2023-11-01,policy_stance_shift,2023-10-24,-5,0.03536494821310043
2023-11-01,policy_stance_shift,2023-10-25,-4,0.036828748881816864
2023-11-01,policy_stance_shift,2023-10-26,-3,0.0366780087351799
2023-11-01,policy_stance_shift,2023-10-27,-2,0.037043485790491104
2023-11-01,policy_stance_shift,2023-10-30,-1,0.038729701191186905
2023-11-01,policy_stance_shift,2023-10-31,0,0.03956493362784386
2023-11-01,expected_rate_path_shift,2023-09-21,-27,0.03515113145112991
2023-11-01,expected_rate_path_shift,2023-09-22,-26,0.034559715539216995
2023-11-01,expected_rate_path_shift,2023-09-25,-25,0.033253077417612076
2023-11-01,expected_rate_path_shift,2023-09-26,-24,0.030390657484531403
2023-11-01,expected_rate_path_shift,2023-09-27,-23,0.030903350561857224
2023-11-01,expected_rate_path_shift,2023-09-28,-22,0.033759452402591705
2023-11-01,expected_rate_path_shift,2023-09-29,-21,0.0365237332880497
2023-11-01,expected_rate_path_shift,2023-10-02,-20,0.034780777990818024
2023-11-01,expected_rate_path_shift,2023-10-03,-19,0.029275432229042053
2023-11-01,expected_rate_path_shift,2023-10-04,-18,0.031995292752981186
2023-11-01,expected_rate_path_shift,2023-10-05,-17,0.03402915596961975
2023-11-01,expected_rate_path_shift,2023-10-06,-16,0.03361831232905388
2023-11-01,expected_rate_path_shift,2023-10-10,-15,0.035407036542892456
2023-11-01,expected_rate_path_shift,2023-10-11,-14,0.04669041931629181
2023-11-01,expected_rate_path_shift,2023-10-12,-13,0.037284981459379196
2023-11-01,expected_rate_path_shift,2023-10-13,-12,0.04210533946752548
2023-11-01,expected_rate_path_shift,2023-10-16,-11,0.049470204859972
2023-11-01,expected_rate_path_shift,2023-10-17,-10,0.038297221064567566
2023-11-01,expected_rate_path_shift,2023-10-18,-9,0.03423269838094711
2023-11-01,expected_rate_path_shift,2023-10-19,-8,0.032622914761304855
2023-11-01,expected_rate_path_shift,2023-10-20,-7,0.03404070436954498
2023-11-01,expected_rate_path_shift,2023-10-23,-6,0.03458500653505325
2023-11-01,expected_rate_path_shift,2023-10-24,-5,0.03797442466020584
2023-11-01,expected_rate_path_shift,2023-10-25,-4,0.03145420551300049
2023-11-01,expected_rate_path_shift,2023-10-26,-3,0.03529737517237663
2023-11-01,expected_rate_path_shift,2023-10-27,-2,0.04134831577539444
2023-11-01,expected_rate_path_shift,2023-10-30,-1,0.0365886352956295
2023-11-01,expected_rate_path_shift,2023-10-31,0,0.034360382705926895
2023-11-01,inflation_assessment_shift,2023-09-21,-27,0.03281732648611069
2023-11-01,inflation_assessment_shift,2023-09-22,-26,0.0337960459291935
2023-11-01,inflation_assessment_shift,2023-09-25,-25,0.03135599195957184
2023-11-01,inflation_assessment_shift,2023-09-26,-24,0.03202392905950546
2023-11-01,inflation_assessment_shift,2023-09-27,-23,0.029242409393191338
2023-11-01,inflation_assessment_shift,2023-09-28,-22,0.03029819205403328
2023-11-01,inflation_assessment_shift,2023-09-29,-21,0.030900344252586365
2023-11-01,inflation_assessment_shift,2023-10-02,-20,0.03370578959584236
2023-11-01,inflation_assessment_shift,2023-10-03,-19,0.033382173627614975
2023-11-01,inflation_assessment_shift,2023-10-04,-18,0.03302314132452011
2023-11-01,inflation_assessment_shift,2023-10-05,-17,0.03472882881760597
2023-11-01,inflation_assessment_shift,2023-10-06,-16,0.03596790134906769
2023-11-01,inflation_assessment_shift,2023-10-10,-15,0.03726023808121681
2023-11-01,inflation_assessment_shift,2023-10-11,-14,0.0420546792447567
2023-11-01,inflation_assessment_shift,2023-10-12,-13,0.03894650936126709
2023-11-01,inflation_assessment_shift,2023-10-13,-12,0.041248030960559845
2023-11-01,inflation_assessment_shift,2023-10-16,-11,0.04205067828297615
2023-11-01,inflation_assessment_shift,2023-10-17,-10,0.03879757970571518
2023-11-01,inflation_assessment_shift,2023-10-18,-9,0.03791088983416557
2023-11-01,inflation_assessment_shift,2023-10-19,-8,0.03646721690893173
2023-11-01,inflation_assessment_shift,2023-10-20,-7,0.03427640348672867
2023-11-01,inflation_assessment_shift,2023-10-23,-6,0.032636724412441254
2023-11-01,inflation_assessment_shift,2023-10-24,-5,0.035230036824941635
2023-11-01,inflation_assessment_shift,2023-10-25,-4,0.03632334992289543
2023-11-01,inflation_assessment_shift,2023-10-26,-3,0.036500535905361176
2023-11-01,inflation_assessment_shift,2023-10-27,-2,0.03864947706460953
2023-11-01,inflation_assessment_shift,2023-10-30,-1,0.04084575176239014
2023-11-01,inflation_assessment_shift,2023-10-31,0,0.03955985605716705
2023-11-01,inflation_risk_shift,2023-09-21,-27,0.03339873626828194
2023-11-01,inflation_risk_shift,2023-09-22,-26,0.03331797569990158
2023-11-01,inflation_risk_shift,2023-09-25,-25,0.031165745109319687
2023-11-01,inflation_risk_shift,2023-09-26,-24,0.030576664954423904
2023-11-01,inflation_risk_shift,2023-09-27,-23,0.028608180582523346
2023-11-01,inflation_risk_shift,2023-09-28,-22,0.031014123931527138
2023-11-01,inflation_risk_shift,2023-09-29,-21,0.03217601031064987
2023-11-01,inflation_risk_shift,2023-10-02,-20,0.03385792672634125
2023-11-01,inflation_risk_shift,2023-10-03,-19,0.03164399415254593
2023-11-01,inflation_risk_shift,2023-10-04,-18,0.0326993502676487
2023-11-01,inflation_risk_shift,2023-10-05,-17,0.03400855138897896
2023-11-01,inflation_risk_shift,2023-10-06,-16,0.03492601960897446
2023-11-01,inflation_risk_shift,2023-10-10,-15,0.037660982459783554
2023-11-01,inflation_risk_shift,2023-10-11,-14,0.04452449455857277
2023-11-01,inflation_risk_shift,2023-10-12,-13,0.039047129452228546
2023-11-01,inflation_risk_shift,2023-10-13,-12,0.043012961745262146
2023-11-01,inflation_risk_shift,2023-10-16,-11,0.04572785645723343
2023-11-01,inflation_risk_shift,2023-10-17,-10,0.03884996473789215
2023-11-01,inflation_risk_shift,2023-10-18,-9,0.03599051758646965
2023-11-01,inflation_risk_shift,2023-10-19,-8,0.034420907497406006
2023-11-01,inflation_risk_shift,2023-10-20,-7,0.033441439270973206
2023-11-01,inflation_risk_shift,2023-10-23,-6,0.033383604139089584
2023-11-01,inflation_risk_shift,2023-10-24,-5,0.03691156208515167
2023-11-01,inflation_risk_shift,2023-10-25,-4,0.03497607260942459
2023-11-01,inflation_risk_shift,2023-10-26,-3,0.03670119121670723
2023-11-01,inflation_risk_shift,2023-10-27,-2,0.0406576544046402
2023-11-01,inflation_risk_shift,2023-10-30,-1,0.0397220142185688
2023-11-01,inflation_risk_shift,2023-10-31,0,0.037578340619802475
2023-11-01,unemployment_assessment_shift,2023-09-21,-27,0.034089524298906326
2023-11-01,unemployment_assessment_shift,2023-09-22,-26,0.03345317021012306
2023-11-01,unemployment_assessment_shift,2023-09-25,-25,0.031717173755168915
2023-11-01,unemployment_assessment_shift,2023-09-26,-24,0.031603213399648666
2023-11-01,unemployment_assessment_shift,2023-09-27,-23,0.029182132333517075
2023-11-01,unemployment_assessment_shift,2023-09-28,-22,0.03023209609091282
2023-11-01,unemployment_assessment_shift,2023-09-29,-21,0.03162170946598053
2023-11-01,unemployment_assessment_shift,2023-10-02,-20,0.03467724099755287
2023-11-01,unemployment_assessment_shift,2023-10-03,-19,0.03295343369245529
2023-11-01,unemployment_assessment_shift,2023-10-04,-18,0.03219807147979736
2023-11-01,unemployment_assessment_shift,2023-10-05,-17,0.03481556102633476
2023-11-01,unemployment_assessment_shift,2023-10-06,-16,0.03578075021505356
2023-11-01,unemployment_assessment_shift,2023-10-10,-15,0.036127641797065735
2023-11-01,unemployment_assessment_shift,2023-10-11,-14,0.043222349137067795
2023-11-01,unemployment_assessment_shift,2023-10-12,-13,0.03920391947031021
2023-11-01,unemployment_assessment_shift,2023-10-13,-12,0.04038160294294357
2023-11-01,unemployment_assessment_shift,2023-10-16,-11,0.044530414044857025
2023-11-01,unemployment_assessment_shift,2023-10-17,-10,0.0407283678650856
2023-11-01,unemployment_assessment_shift,2023-10-18,-9,0.03814959153532982
2023-11-01,unemployment_assessment_shift,2023-10-19,-8,0.03645021468400955
2023-11-01,unemployment_assessment_shift,2023-10-20,-7,0.03437790647149086
2023-11-01,unemployment_assessment_shift,2023-10-23,-6,0.032858483493328094
2023-11-01,unemployment_assessment_shift,2023-10-24,-5,0.03594217449426651
2023-11-01,unemployment_assessment_shift,2023-10-25,-4,0.03606062009930611
2023-11-01,unemployment_assessment_shift,2023-10-26,-3,0.035037245601415634
2023-11-01,unemployment_assessment_shift,2023-10-27,-2,0.03784302622079849
2023-11-01,unemployment_assessment_shift,2023-10-30,-1,0.039320625364780426
2023-11-01,unemployment_assessment_shift,2023-10-31,0,0.037441737949848175
2023-11-01,labor_market_risk_shift,2023-09-21,-27,0.0331714004278183
2023-11-01,labor_market_risk_shift,2023-09-22,-26,0.0336063988506794
2023-11-01,labor_market_risk_shift,2023-09-25,-25,0.03159896284341812
2023-11-01,labor_market_risk_shift,2023-09-26,-24,0.030314816161990166
2023-11-01,labor_market_risk_shift,2023-09-27,-23,0.029678592458367348
2023-11-01,labor_market_risk_shift,2023-09-28,-22,0.03268551081418991
2023-11-01,labor_market_risk_shift,2023-09-29,-21,0.03502519801259041
2023-11-01,labor_market_risk_shift,2023-10-02,-20,0.03448657691478729
2023-11-01,labor_market_risk_shift,2023-10-03,-19,0.030607400462031364
2023-11-01,labor_market_risk_shift,2023-10-04,-18,0.03315430134534836
2023-11-01,labor_market_risk_shift,2023-10-05,-17,0.03394908457994461
2023-11-01,labor_market_risk_shift,2023-10-06,-16,0.033876512199640274
2023-11-01,labor_market_risk_shift,2023-10-10,-15,0.036835625767707825
2023-11-01,labor_market_risk_shift,2023-10-11,-14,0.045530352741479874
2023-11-01,labor_market_risk_shift,2023-10-12,-13,0.03761082887649536
2023-11-01,labor_market_risk_shift,2023-10-13,-12,0.043026987463235855
2023-11-01,labor_market_risk_shift,2023-10-16,-11,0.04846604913473129
2023-11-01,labor_market_risk_shift,2023-10-17,-10,0.03873229771852493
2023-11-01,labor_market_risk_shift,2023-10-18,-9,0.03526528179645538
2023-11-01,labor_market_risk_shift,2023-10-19,-8,0.03381877392530441
2023-11-01,labor_market_risk_shift,2023-10-20,-7,0.03388519212603569
2023-11-01,labor_market_risk_shift,2023-10-23,-6,0.03465826064348221
2023-11-01,labor_market_risk_shift,2023-10-24,-5,0.0371621809899807
2023-11-01,labor_market_risk_shift,2023-10-25,-4,0.03389807790517807
2023-11-01,labor_market_risk_shift,2023-10-26,-3,0.03654618188738823
2023-11-01,labor_market_risk_shift,2023-10-27,-2,0.04019785672426224
2023-11-01,labor_market_risk_shift,2023-10-30,-1,0.03667387738823891
2023-11-01,labor_market_risk_shift,2023-10-31,0,0.03553745150566101
2023-11-01,growth_activity_shift,2023-09-21,-27,0.035198912024497986
2023-11-01,growth_activity_shift,2023-09-22,-26,0.034785084426403046
2023-11-01,growth_activity_shift,2023-09-25,-25,0.03420958295464516
2023-11-01,growth_activity_shift,2023-09-26,-24,0.030777499079704285
2023-11-01,growth_activity_shift,2023-09-27,-23,0.03306179121136665
2023-11-01,growth_activity_shift,2023-09-28,-22,0.03618165850639343
2023-11-01,growth_activity_shift,2023-09-29,-21,0.039003241807222366
2023-11-01,growth_activity_shift,2023-10-02,-20,0.03530470281839371
2023-11-01,growth_activity_shift,2023-10-03,-19,0.03002150170505047
2023-11-01,growth_activity_shift,2023-10-04,-18,0.03300222381949425
2023-11-01,growth_activity_shift,2023-10-05,-17,0.03397003561258316
2023-11-01,growth_activity_shift,2023-10-06,-16,0.033308304846286774
2023-11-01,growth_activity_shift,2023-10-10,-15,0.035010479390621185
2023-11-01,growth_activity_shift,2023-10-11,-14,0.045766595751047134
2023-11-01,growth_activity_shift,2023-10-12,-13,0.03718380257487297
2023-11-01,growth_activity_shift,2023-10-13,-12,0.041484683752059937
2023-11-01,growth_activity_shift,2023-10-16,-11,0.04794817417860031
2023-11-01,growth_activity_shift,2023-10-17,-10,0.03673483058810234
2023-11-01,growth_activity_shift,2023-10-18,-9,0.03272702172398567
2023-11-01,growth_activity_shift,2023-10-19,-8,0.03155302256345749
2023-11-01,growth_activity_shift,2023-10-20,-7,0.03369735926389694
2023-11-01,growth_activity_shift,2023-10-23,-6,0.035345032811164856
2023-11-01,growth_activity_shift,2023-10-24,-5,0.03750445321202278
2023-11-01,growth_activity_shift,2023-10-25,-4,0.03140832483768463
2023-11-01,growth_activity_shift,2023-10-26,-3,0.035873472690582275
2023-11-01,growth_activity_shift,2023-10-27,-2,0.04082496836781502
2023-11-01,growth_activity_shift,2023-10-30,-1,0.03483268618583679
2023-11-01,growth_activity_shift,2023-10-31,0,0.033280547708272934
2023-11-01,financial_conditions_shift,2023-09-21,-27,0.03499186784029007
2023-11-01,financial_conditions_shift,2023-09-22,-26,0.034548114985227585
2023-11-01,financial_conditions_shift,2023-09-25,-25,0.03377470374107361
2023-11-01,financial_conditions_shift,2023-09-26,-24,0.030996281653642654
2023-11-01,financial_conditions_shift,2023-09-27,-23,0.03161304444074631
2023-11-01,financial_conditions_shift,2023-09-28,-22,0.03450504317879677
2023-11-01,financial_conditions_shift,2023-09-29,-21,0.03717700019478798
2023-11-01,financial_conditions_shift,2023-10-02,-20,0.03560624271631241
2023-11-01,financial_conditions_shift,2023-10-03,-19,0.029924094676971436
2023-11-01,financial_conditions_shift,2023-10-04,-18,0.03232423961162567
2023-11-01,financial_conditions_shift,2023-10-05,-17,0.03429333120584488
2023-11-01,financial_conditions_shift,2023-10-06,-16,0.03317316249012947
2023-11-01,financial_conditions_shift,2023-10-10,-15,0.03533288836479187
2023-11-01,financial_conditions_shift,2023-10-11,-14,0.04593115672469139
2023-11-01,financial_conditions_shift,2023-10-12,-13,0.03715601563453674
2023-11-01,financial_conditions_shift,2023-10-13,-12,0.0422232449054718
2023-11-01,financial_conditions_shift,2023-10-16,-11,0.0485384538769722
2023-11-01,financial_conditions_shift,2023-10-17,-10,0.03778092935681343
2023-11-01,financial_conditions_shift,2023-10-18,-9,0.03418992459774017
2023-11-01,financial_conditions_shift,2023-10-19,-8,0.03253014758229256
2023-11-01,financial_conditions_shift,2023-10-20,-7,0.03367508947849274
2023-11-01,financial_conditions_shift,2023-10-23,-6,0.034438662230968475
2023-11-01,financial_conditions_shift,2023-10-24,-5,0.037623755633831024
2023-11-01,financial_conditions_shift,2023-10-25,-4,0.03082062304019928
2023-11-01,financial_conditions_shift,2023-10-26,-3,0.0354582816362381
2023-11-01,financial_conditions_shift,2023-10-27,-2,0.04067164659500122
2023-11-01,financial_conditions_shift,2023-10-30,-1,0.035689566284418106
2023-11-01,financial_conditions_shift,2023-10-31,0,0.03501250222325325
2023-11-01,balance_sheet_policy_shift,2023-09-21,-27,0.03548472002148628
2023-11-01,balance_sheet_policy_shift,2023-09-22,-26,0.03529184311628342
2023-11-01,balance_sheet_policy_shift,2023-09-25,-25,0.03382259979844093
2023-11-01,balance_sheet_policy_shift,2023-09-26,-24,0.030605323612689972
2023-11-01,balance_sheet_policy_shift,2023-09-27,-23,0.0317939929664135
2023-11-01,balance_sheet_policy_shift,2023-09-28,-22,0.035915717482566833
2023-11-01,balance_sheet_policy_shift,2023-09-29,-21,0.03823987394571304
2023-11-01,balance_sheet_policy_shift,2023-10-02,-20,0.03382221981883049
2023-11-01,balance_sheet_policy_shift,2023-10-03,-19,0.029428204521536827
2023-11-01,balance_sheet_policy_shift,2023-10-04,-18,0.03327452018857002
2023-11-01,balance_sheet_policy_shift,2023-10-05,-17,0.03345615044236183
2023-11-01,balance_sheet_policy_shift,2023-10-06,-16,0.03259211778640747
2023-11-01,balance_sheet_policy_shift,2023-10-10,-15,0.03594428673386574
2023-11-01,balance_sheet_policy_shift,2023-10-11,-14,0.04595457762479782
2023-11-01,balance_sheet_policy_shift,2023-10-12,-13,0.03638884425163269
2023-11-01,balance_sheet_policy_shift,2023-10-13,-12,0.04356826841831207
2023-11-01,balance_sheet_policy_shift,2023-10-16,-11,0.04893277958035469
2023-11-01,balance_sheet_policy_shift,2023-10-17,-10,0.037101324647665024
2023-11-01,balance_sheet_policy_shift,2023-10-18,-9,0.03293277323246002
2023-11-01,balance_sheet_policy_shift,2023-10-19,-8,0.031465742737054825
2023-11-01,balance_sheet_policy_shift,2023-10-20,-7,0.033135414123535156
2023-11-01,balance_sheet_policy_shift,2023-10-23,-6,0.034486353397369385
2023-11-01,balance_sheet_policy_shift,2023-10-24,-5,0.03703588992357254
2023-11-01,balance_sheet_policy_shift,2023-10-25,-4,0.030673541128635406
2023-11-01,balance_sheet_policy_shift,2023-10-26,-3,0.036683108657598495
2023-11-01,balance_sheet_policy_shift,2023-10-27,-2,0.0422167032957077
2023-11-01,balance_sheet_policy_shift,2023-10-30,-1,0.035482168197631836
2023-11-01,balance_sheet_policy_shift,2023-10-31,0,0.034270960837602615
2023-11-01,risk_balance_shift,2023-09-21,-27,0.03346492722630501
2023-11-01,risk_balance_shift,2023-09-22,-26,0.03399018198251724
2023-11-01,risk_balance_shift,2023-09-25,-25,0.03172468766570091
2023-11-01,risk_balance_shift,2023-09-26,-24,0.03095315396785736
2023-11-01,risk_balance_shift,2023-09-27,-23,0.029081813991069794
2023-11-01,risk_balance_shift,2023-09-28,-22,0.0317084938287735
2023-11-01,risk_balance_shift,2023-09-29,-21,0.033470507711172104
2023-11-01,risk_balance_shift,2023-10-02,-20,0.03404241427779198
2023-11-01,risk_balance_shift,2023-10-03,-19,0.030947523191571236
2023-11-01,risk_balance_shift,2023-10-04,-18,0.0327824130654335
2023-11-01,risk_balance_shift,2023-10-05,-17,0.03430066630244255
2023-11-01,risk_balance_shift,2023-10-06,-16,0.034097276628017426
2023-11-01,risk_balance_shift,2023-10-10,-15,0.036627329885959625
2023-11-01,risk_balance_shift,2023-10-11,-14,0.044769369065761566
2023-11-01,risk_balance_shift,2023-10-12,-13,0.03801482915878296
2023-11-01,risk_balance_shift,2023-10-13,-12,0.04268111288547516
2023-11-01,risk_balance_shift,2023-10-16,-11,0.046672508120536804
2023-11-01,risk_balance_shift,2023-10-17,-10,0.03943975642323494
2023-11-01,risk_balance_shift,2023-10-18,-9,0.03685268387198448
2023-11-01,risk_balance_shift,2023-10-19,-8,0.034871213138103485
2023-11-01,risk_balance_shift,2023-10-20,-7,0.033655326813459396
2023-11-01,risk_balance_shift,2023-10-23,-6,0.03302202746272087
2023-11-01,risk_balance_shift,2023-10-24,-5,0.03587818890810013
2023-11-01,risk_balance_shift,2023-10-25,-4,0.033666353672742844
2023-11-01,risk_balance_shift,2023-10-26,-3,0.03638182953000069
2023-11-01,risk_balance_shift,2023-10-27,-2,0.04031814634799957
2023-11-01,risk_balance_shift,2023-10-30,-1,0.03914967551827431
2023-11-01,risk_balance_shift,2023-10-31,0,0.03743555396795273
2023-11-01,committee_dispersion,2023-09-21,-27,0.033091798424720764
2023-11-01,committee_dispersion,2023-09-22,-26,0.033706385642290115
2023-11-01,committee_dispersion,2023-09-25,-25,0.031564902514219284
2023-11-01,committee_dispersion,2023-09-26,-24,0.03411572054028511
2023-11-01,committee_dispersion,2023-09-27,-23,0.030123120173811913
2023-11-01,committee_dispersion,2023-09-28,-22,0.030309569090604782
2023-11-01,committee_dispersion,2023-09-29,-21,0.030114464461803436
2023-11-01,committee_dispersion,2023-10-02,-20,0.034145794808864594
2023-11-01,committee_dispersion,2023-10-03,-19,0.03644063323736191
2023-11-01,committee_dispersion,2023-10-04,-18,0.034676313400268555
2023-11-01,committee_dispersion,2023-10-05,-17,0.03495316207408905
2023-11-01,committee_dispersion,2023-10-06,-16,0.036792054772377014
2023-11-01,committee_dispersion,2023-10-10,-15,0.0378449447453022
2023-11-01,committee_dispersion,2023-10-11,-14,0.03663120046257973
2023-11-01,committee_dispersion,2023-10-12,-13,0.03711196035146713
2023-11-01,committee_dispersion,2023-10-13,-12,0.03769238665699959
2023-11-01,committee_dispersion,2023-10-16,-11,0.03648209571838379
2023-11-01,committee_dispersion,2023-10-17,-10,0.03917808085680008
2023-11-01,committee_dispersion,2023-10-18,-9,0.039190828800201416
2023-11-01,committee_dispersion,2023-10-19,-8,0.038703709840774536
2023-11-01,committee_dispersion,2023-10-20,-7,0.035750918090343475
2023-11-01,committee_dispersion,2023-10-23,-6,0.034007180482149124
2023-11-01,committee_dispersion,2023-10-24,-5,0.034996148198843
2023-11-01,committee_dispersion,2023-10-25,-4,0.03922908008098602
2023-11-01,committee_dispersion,2023-10-26,-3,0.036500077694654465
2023-11-01,committee_dispersion,2023-10-27,-2,0.03542221337556839
2023-11-01,committee_dispersion,2023-10-30,-1,0.040580227971076965
2023-11-01,committee_dispersion,2023-10-31,0,0.04064503312110901
2023-11-01,policy_uncertainty,2023-09-21,-27,0.035623159259557724
2023-11-01,policy_uncertainty,2023-09-22,-26,0.034770455211400986
2023-11-01,policy_uncertainty,2023-09-25,-25,0.03490603715181351
2023-11-01,policy_uncertainty,2023-09-26,-24,0.03068782016634941
2023-11-01,policy_uncertainty,2023-09-27,-23,0.0331641361117363
2023-11-01,policy_uncertainty,2023-09-28,-22,0.03617332875728607
2023-11-01,policy_uncertainty,2023-09-29,-21,0.04029558598995209
2023-11-01,policy_uncertainty,2023-10-02,-20,0.036035966128110886
2023-11-01,policy_uncertainty,2023-10-03,-19,0.030355190858244896
2023-11-01,policy_uncertainty,2023-10-04,-18,0.03324943408370018
2023-11-01,policy_uncertainty,2023-10-05,-17,0.03431662172079086
2023-11-01,policy_uncertainty,2023-10-06,-16,0.032858412712812424
2023-11-01,policy_uncertainty,2023-10-10,-15,0.034714505076408386
2023-11-01,policy_uncertainty,2023-10-11,-14,0.044685594737529755
2023-11-01,policy_uncertainty,2023-10-12,-13,0.036974288523197174
2023-11-01,policy_uncertainty,2023-10-13,-12,0.041253894567489624
2023-11-01,policy_uncertainty,2023-10-16,-11,0.04869183525443077
2023-11-01,policy_uncertainty,2023-10-17,-10,0.03702707216143608
2023-11-01,policy_uncertainty,2023-10-18,-9,0.03298477083444595
2023-11-01,policy_uncertainty,2023-10-19,-8,0.03163836896419525
2023-11-01,policy_uncertainty,2023-10-20,-7,0.033127348870038986
2023-11-01,policy_uncertainty,2023-10-23,-6,0.03528124466538429
2023-11-01,policy_uncertainty,2023-10-24,-5,0.03699908405542374
2023-11-01,policy_uncertainty,2023-10-25,-4,0.03193025290966034
2023-11-01,policy_uncertainty,2023-10-26,-3,0.03531664237380028
2023-11-01,policy_uncertainty,2023-10-27,-2,0.04051904007792473
2023-11-01,policy_uncertainty,2023-10-30,-1,0.03392322361469269
2023-11-01,policy_uncertainty,2023-10-31,0,0.032496675848960876
2023-11-01,forward_guidance_strength,2023-09-21,-27,0.03381774574518204
2023-11-01,forward_guidance_strength,2023-09-22,-26,0.03440462052822113
2023-11-01,forward_guidance_strength,2023-09-25,-25,0.031992461532354355
2023-11-01,forward_guidance_strength,2023-09-26,-24,0.030710367485880852
2023-11-01,forward_guidance_strength,2023-09-27,-23,0.031027525663375854
2023-11-01,forward_guidance_strength,2023-09-28,-22,0.03381479158997536
2023-11-01,forward_guidance_strength,2023-09-29,-21,0.034407854080200195
2023-11-01,forward_guidance_strength,2023-10-02,-20,0.033921800553798676
2023-11-01,forward_guidance_strength,2023-10-03,-19,0.031187813729047775
2023-11-01,forward_guidance_strength,2023-10-04,-18,0.033552732318639755
2023-11-01,forward_guidance_strength,2023-10-05,-17,0.03387164697051048
2023-11-01,forward_guidance_strength,2023-10-06,-16,0.034523069858551025
2023-11-01,forward_guidance_strength,2023-10-10,-15,0.03781512379646301
2023-11-01,forward_guidance_strength,2023-10-11,-14,0.04436618834733963
2023-11-01,forward_guidance_strength,2023-10-12,-13,0.03753434494137764
2023-11-01,forward_guidance_strength,2023-10-13,-12,0.043385379016399384
2023-11-01,forward_guidance_strength,2023-10-16,-11,0.045387085527181625
2023-11-01,forward_guidance_strength,2023-10-17,-10,0.03695664182305336
2023-11-01,forward_guidance_strength,2023-10-18,-9,0.035158321261405945
2023-11-01,forward_guidance_strength,2023-10-19,-8,0.03340063989162445
2023-11-01,forward_guidance_strength,2023-10-20,-7,0.03392994403839111
2023-11-01,forward_guidance_strength,2023-10-23,-6,0.03432431071996689
2023-11-01,forward_guidance_strength,2023-10-24,-5,0.036810554563999176
2023-11-01,forward_guidance_strength,2023-10-25,-4,0.032885972410440445
2023-11-01,forward_guidance_strength,2023-10-26,-3,0.03785543143749237
2023-11-01,forward_guidance_strength,2023-10-27,-2,0.04020770266652107
2023-11-01,forward_guidance_strength,2023-10-30,-1,0.0364476814866066
2023-11-01,forward_guidance_strength,2023-10-31,0,0.03630229830741882
2023-12-13,rate_decision,2023-11-02,-27,0.0347612164914608
2023-12-13,rate_decision,2023-11-03,-26,0.03417735919356346
2023-12-13,rate_decision,2023-11-06,-25,0.03640608489513397
2023-12-13,rate_decision,2023-11-07,-24,0.03592655062675476
2023-12-13,rate_decision,2023-11-08,-23,0.035073310136795044
2023-12-13,rate_decision,2023-11-09,-22,0.034384217113256454
2023-12-13,rate_decision,2023-11-10,-21,0.0345182903110981
2023-12-13,rate_decision,2023-11-13,-20,0.036667659878730774
2023-12-13,rate_decision,2023-11-14,-19,0.03383421525359154
2023-12-13,rate_decision,2023-11-15,-18,0.03530604764819145
2023-12-13,rate_decision,2023-11-16,-17,0.03466726467013359
2023-12-13,rate_decision,2023-11-17,-16,0.033847060054540634
2023-12-13,rate_decision,2023-11-20,-15,0.0359487421810627
2023-12-13,rate_decision,2023-11-21,-14,0.03658561035990715
2023-12-13,rate_decision,2023-11-22,-13,0.036543190479278564
2023-12-13,rate_decision,2023-11-24,-12,0.03515451028943062
2023-12-13,rate_decision,2023-11-27,-11,0.03622177243232727
2023-12-13,rate_decision,2023-11-28,-10,0.03816123679280281
2023-12-13,rate_decision,2023-11-29,-9,0.03726573288440704
2023-12-13,rate_decision,2023-11-30,-8,0.03839270398020744
2023-12-13,rate_decision,2023-12-01,-7,0.037693507969379425
2023-12-13,rate_decision,2023-12-04,-6,0.03766792640089989
2023-12-13,rate_decision,2023-12-05,-5,0.03644664213061333
2023-12-13,rate_decision,2023-12-06,-4,0.03517385944724083
2023-12-13,rate_decision,2023-12-07,-3,0.036790236830711365
2023-12-13,rate_decision,2023-12-08,-2,0.033320456743240356
2023-12-13,rate_decision,2023-12-11,-1,0.0352739617228508
2023-12-13,rate_decision,2023-12-12,0,0.03379055857658386
2023-12-13,current_policy_stance,2023-11-02,-27,0.03257467597723007
2023-12-13,current_policy_stance,2023-11-03,-26,0.035122912377119064
2023-12-13,current_policy_stance,2023-11-06,-25,0.03372619301080704
2023-12-13,current_policy_stance,2023-11-07,-24,0.0344560444355011
2023-12-13,current_policy_stance,2023-11-08,-23,0.03875776752829552
2023-12-13,current_policy_stance,2023-11-09,-22,0.03358515352010727
2023-12-13,current_policy_stance,2023-11-10,-21,0.03425342217087746
2023-12-13,current_policy_stance,2023-11-13,-20,0.03418862819671631
2023-12-13,current_policy_stance,2023-11-14,-19,0.03810989856719971
2023-12-13,current_policy_stance,2023-11-15,-18,0.03601716458797455
2023-12-13,current_policy_stance,2023-11-16,-17,0.03832298517227173
2023-12-13,current_policy_stance,2023-11-17,-16,0.03745302930474281
2023-12-13,current_policy_stance,2023-11-20,-15,0.03716764226555824
2023-12-13,current_policy_stance,2023-11-21,-14,0.035023435950279236
2023-12-13,current_policy_stance,2023-11-22,-13,0.03753907233476639
2023-12-13,current_policy_stance,2023-11-24,-12,0.03229526802897453
2023-12-13,current_policy_stance,2023-11-27,-11,0.03480392321944237
2023-12-13,current_policy_stance,2023-11-28,-10,0.03614891320466995
2023-12-13,current_policy_stance,2023-11-29,-9,0.03786651790142059
2023-12-13,current_policy_stance,2023-11-30,-8,0.03644227236509323
2023-12-13,current_policy_stance,2023-12-01,-7,0.03758804127573967
2023-12-13,current_policy_stance,2023-12-04,-6,0.037795811891555786
2023-12-13,current_policy_stance,2023-12-05,-5,0.037963952869176865
2023-12-13,current_policy_stance,2023-12-06,-4,0.03713904321193695
2023-12-13,current_policy_stance,2023-12-07,-3,0.0346374548971653
2023-12-13,current_policy_stance,2023-12-08,-2,0.03346118703484535
2023-12-13,current_policy_stance,2023-12-11,-1,0.03581344708800316
2023-12-13,current_policy_stance,2023-12-12,0,0.03174612298607826
2023-12-13,policy_stance_shift,2023-11-02,-27,0.036039769649505615
2023-12-13,policy_stance_shift,2023-11-03,-26,0.03806915879249573
2023-12-13,policy_stance_shift,2023-11-06,-25,0.03646891936659813
2023-12-13,policy_stance_shift,2023-11-07,-24,0.038277242332696915
2023-12-13,policy_stance_shift,2023-11-08,-23,0.037000611424446106
2023-12-13,policy_stance_shift,2023-11-09,-22,0.03540189936757088
2023-12-13,policy_stance_shift,2023-11-10,-21,0.035029228776693344
2023-12-13,policy_stance_shift,2023-11-13,-20,0.032170508056879044
2023-12-13,policy_stance_shift,2023-11-14,-19,0.03670497611165047
2023-12-13,policy_stance_shift,2023-11-15,-18,0.03540315851569176
2023-12-13,policy_stance_shift,2023-11-16,-17,0.037485525012016296
2023-12-13,policy_stance_shift,2023-11-17,-16,0.03972089663147926
2023-12-13,policy_stance_shift,2023-11-20,-15,0.03258179500699043
2023-12-13,policy_stance_shift,2023-11-21,-14,0.03467189893126488
2023-12-13,policy_stance_shift,2023-11-22,-13,0.03253830969333649
2023-12-13,policy_stance_shift,2023-11-24,-12,0.03536253422498703
2023-12-13,policy_stance_shift,2023-11-27,-11,0.03238487243652344
2023-12-13,policy_stance_shift,2023-11-28,-10,0.032538481056690216
2023-12-13,policy_stance_shift,2023-11-29,-9,0.035347625613212585
2023-12-13,policy_stance_shift,2023-11-30,-8,0.032773878425359726
2023-12-13,policy_stance_shift,2023-12-01,-7,0.03767998144030571
2023-12-13,policy_stance_shift,2023-12-04,-6,0.03380292281508446
2023-12-13,policy_stance_shift,2023-12-05,-5,0.03823346644639969
2023-12-13,policy_stance_shift,2023-12-06,-4,0.040609151124954224
2023-12-13,policy_stance_shift,2023-12-07,-3,0.03706121817231178
2023-12-13,policy_stance_shift,2023-12-08,-2,0.03633318841457367
2023-12-13,policy_stance_shift,2023-12-11,-1,0.035020239651203156
2023-12-13,policy_stance_shift,2023-12-12,0,0.03528855741024017
2023-12-13,expected_rate_path_shift,2023-11-02,-27,0.03634176775813103
2023-12-13,expected_rate_path_shift,2023-11-03,-26,0.03746557980775833
2023-12-13,expected_rate_path_shift,2023-11-06,-25,0.03687986731529236
2023-12-13,expected_rate_path_shift,2023-11-07,-24,0.03821350634098053
2023-12-13,expected_rate_path_shift,2023-11-08,-23,0.03669397905468941
2023-12-13,expected_rate_path_shift,2023-11-09,-22,0.03580786660313606
2023-12-13,expected_rate_path_shift,2023-11-10,-21,0.03517390042543411
2023-12-13,expected_rate_path_shift,2023-11-13,-20,0.03236553072929382
2023-12-13,expected_rate_path_shift,2023-11-14,-19,0.03625816851854324
2023-12-13,expected_rate_path_shift,2023-11-15,-18,0.03535425290465355
2023-12-13,expected_rate_path_shift,2023-11-16,-17,0.036966703832149506
2023-12-13,expected_rate_path_shift,2023-11-17,-16,0.03893781825900078
2023-12-13,expected_rate_path_shift,2023-11-20,-15,0.03270253539085388
2023-12-13,expected_rate_path_shift,2023-11-21,-14,0.03464880585670471
2023-12-13,expected_rate_path_shift,2023-11-22,-13,0.032659150660037994
2023-12-13,expected_rate_path_shift,2023-11-24,-12,0.03564728423953056
2023-12-13,expected_rate_path_shift,2023-11-27,-11,0.03267001360654831
2023-12-13,expected_rate_path_shift,2023-11-28,-10,0.03273678570985794
2023-12-13,expected_rate_path_shift,2023-11-29,-9,0.035718247294425964
2023-12-13,expected_rate_path_shift,2023-11-30,-8,0.03305241838097572
2023-12-13,expected_rate_path_shift,2023-12-01,-7,0.037313297390937805
2023-12-13,expected_rate_path_shift,2023-12-04,-6,0.033714260905981064
2023-12-13,expected_rate_path_shift,2023-12-05,-5,0.03794524446129799
2023-12-13,expected_rate_path_shift,2023-12-06,-4,0.04007142782211304
2023-12-13,expected_rate_path_shift,2023-12-07,-3,0.03732337802648544
2023-12-13,expected_rate_path_shift,2023-12-08,-2,0.03679582476615906
2023-12-13,expected_rate_path_shift,2023-12-11,-1,0.03515109419822693
2023-12-13,expected_rate_path_shift,2023-12-12,0,0.035391248762607574
2023-12-13,inflation_assessment_shift,2023-11-02,-27,0.03629293292760849
2023-12-13,inflation_assessment_shift,2023-11-03,-26,0.037622544914484024
2023-12-13,inflation_assessment_shift,2023-11-06,-25,0.037030864506959915
2023-12-13,inflation_assessment_shift,2023-11-07,-24,0.038310546427965164
2023-12-13,inflation_assessment_shift,2023-11-08,-23,0.03673207387328148
2023-12-13,inflation_assessment_shift,2023-11-09,-22,0.03554790839552879
2023-12-13,inflation_assessment_shift,2023-11-10,-21,0.03491302207112312
2023-12-13,inflation_assessment_shift,2023-11-13,-20,0.03213238716125488
2023-12-13,inflation_assessment_shift,2023-11-14,-19,0.036052703857421875
2023-12-13,inflation_assessment_shift,2023-11-15,-18,0.03542673960328102
2023-12-13,inflation_assessment_shift,2023-11-16,-17,0.03699468448758125
2023-12-13,inflation_assessment_shift,2023-11-17,-16,0.03922561556100845
2023-12-13,inflation_assessment_shift,2023-11-20,-15,0.032822251319885254
2023-12-13,inflation_assessment_shift,2023-11-21,-14,0.03473314270377159
2023-12-13,inflation_assessment_shift,2023-11-22,-13,0.032564904540777206
2023-12-13,inflation_assessment_shift,2023-11-24,-12,0.035405054688453674
2023-12-13,inflation_assessment_shift,2023-11-27,-11,0.03255623206496239
2023-12-13,inflation_assessment_shift,2023-11-28,-10,0.03258197009563446
2023-12-13,inflation_assessment_shift,2023-11-29,-9,0.03563714772462845
2023-12-13,inflation_assessment_shift,2023-11-30,-8,0.0329493023455143
2023-12-13,inflation_assessment_shift,2023-12-01,-7,0.03747028857469559
2023-12-13,inflation_assessment_shift,2023-12-04,-6,0.03383176028728485
2023-12-13,inflation_assessment_shift,2023-12-05,-5,0.038073085248470306
2023-12-13,inflation_assessment_shift,2023-12-06,-4,0.040126968175172806
2023-12-13,inflation_assessment_shift,2023-12-07,-3,0.037292830646038055
2023-12-13,inflation_assessment_shift,2023-12-08,-2,0.036846719682216644
2023-12-13,inflation_assessment_shift,2023-12-11,-1,0.035264234989881516
2023-12-13,inflation_assessment_shift,2023-12-12,0,0.03556206077337265
2023-12-13,inflation_risk_shift,2023-11-02,-27,0.03650856763124466
2023-12-13,inflation_risk_shift,2023-11-03,-26,0.03742408752441406
2023-12-13,inflation_risk_shift,2023-11-06,-25,0.037080541253089905
2023-12-13,inflation_risk_shift,2023-11-07,-24,0.038300637155771255
2023-12-13,inflation_risk_shift,2023-11-08,-23,0.03643383830785751
2023-12-13,inflation_risk_shift,2023-11-09,-22,0.03572710603475571
2023-12-13,inflation_risk_shift,2023-11-10,-21,0.03487391397356987
2023-12-13,inflation_risk_shift,2023-11-13,-20,0.03236401453614235
2023-12-13,inflation_risk_shift,2023-11-14,-19,0.035842716693878174
2023-12-13,inflation_risk_shift,2023-11-15,-18,0.03534840792417526
2023-12-13,inflation_risk_shift,2023-11-16,-17,0.03713615983724594
2023-12-13,inflation_risk_shift,2023-11-17,-16,0.0388462133705616
2023-12-13,inflation_risk_shift,2023-11-20,-15,0.033016178756952286
2023-12-13,inflation_risk_shift,2023-11-21,-14,0.0346752367913723
2023-12-13,inflation_risk_shift,2023-11-22,-13,0.03263501450419426
2023-12-13,inflation_risk_shift,2023-11-24,-12,0.035646695643663406
2023-12-13,inflation_risk_shift,2023-11-27,-11,0.03271495923399925
2023-12-13,inflation_risk_shift,2023-11-28,-10,0.03278326988220215
2023-12-13,inflation_risk_shift,2023-11-29,-9,0.03584827482700348
2023-12-13,inflation_risk_shift,2023-11-30,-8,0.03331639990210533
2023-12-13,inflation_risk_shift,2023-12-01,-7,0.037579238414764404
2023-12-13,inflation_risk_shift,2023-12-04,-6,0.03388821706175804
2023-12-13,inflation_risk_shift,2023-12-05,-5,0.0380728505551815
2023-12-13,inflation_risk_shift,2023-12-06,-4,0.03983975946903229
2023-12-13,inflation_risk_shift,2023-12-07,-3,0.037426166236400604
2023-12-13,inflation_risk_shift,2023-12-08,-2,0.03657664358615875
2023-12-13,inflation_risk_shift,2023-12-11,-1,0.034981291741132736
2023-12-13,inflation_risk_shift,2023-12-12,0,0.035113587975502014
2023-12-13,unemployment_assessment_shift,2023-11-02,-27,0.03535919636487961
2023-12-13,unemployment_assessment_shift,2023-11-03,-26,0.037645693868398666
2023-12-13,unemployment_assessment_shift,2023-11-06,-25,0.03682684525847435
2023-12-13,unemployment_assessment_shift,2023-11-07,-24,0.03803831711411476
2023-12-13,unemployment_assessment_shift,2023-11-08,-23,0.038339436054229736
2023-12-13,unemployment_assessment_shift,2023-11-09,-22,0.03531836345791817
2023-12-13,unemployment_assessment_shift,2023-11-10,-21,0.03470642492175102
2023-12-13,unemployment_assessment_shift,2023-11-13,-20,0.03140798211097717
2023-12-13,unemployment_assessment_shift,2023-11-14,-19,0.03678525984287262
2023-12-13,unemployment_assessment_shift,2023-11-15,-18,0.0354781299829483
2023-12-13,unemployment_assessment_shift,2023-11-16,-17,0.037828199565410614
2023-12-13,unemployment_assessment_shift,2023-11-17,-16,0.039830487221479416
2023-12-13,unemployment_assessment_shift,2023-11-20,-15,0.03295773267745972
2023-12-13,unemployment_assessment_shift,2023-11-21,-14,0.033916834741830826
2023-12-13,unemployment_assessment_shift,2023-11-22,-13,0.03320051729679108
2023-12-13,unemployment_assessment_shift,2023-11-24,-12,0.03428378701210022
2023-12-13,unemployment_assessment_shift,2023-11-27,-11,0.03155876323580742
2023-12-13,unemployment_assessment_shift,2023-11-28,-10,0.03215373307466507
2023-12-13,unemployment_assessment_shift,2023-11-29,-9,0.03607851639389992
2023-12-13,unemployment_assessment_shift,2023-11-30,-8,0.03270798549056053
2023-12-13,unemployment_assessment_shift,2023-12-01,-7,0.038070179522037506
2023-12-13,unemployment_assessment_shift,2023-12-04,-6,0.03423985838890076
2023-12-13,unemployment_assessment_shift,2023-12-05,-5,0.039648886770009995
2023-12-13,unemployment_assessment_shift,2023-12-06,-4,0.041043080389499664
2023-12-13,unemployment_assessment_shift,2023-12-07,-3,0.03751273453235626
2023-12-13,unemployment_assessment_shift,2023-12-08,-2,0.036049287766218185
2023-12-13,unemployment_assessment_shift,2023-12-11,-1,0.035293128341436386
2023-12-13,unemployment_assessment_shift,2023-12-12,0,0.03372066468000412
2023-12-13,labor_market_risk_shift,2023-11-02,-27,0.036444567143917084
2023-12-13,labor_market_risk_shift,2023-11-03,-26,0.037621378898620605
2023-12-13,labor_market_risk_shift,2023-11-06,-25,0.036749038845300674
2023-12-13,labor_market_risk_shift,2023-11-07,-24,0.037995025515556335
2023-12-13,labor_market_risk_shift,2023-11-08,-23,0.03660254552960396
2023-12-13,labor_market_risk_shift,2023-11-09,-22,0.03576011210680008
2023-12-13,labor_market_risk_shift,2023-11-10,-21,0.03518863767385483
2023-12-13,labor_market_risk_shift,2023-11-13,-20,0.03251238539814949
2023-12-13,labor_market_risk_shift,2023-11-14,-19,0.03634265065193176
2023-12-13,labor_market_risk_shift,2023-11-15,-18,0.03532569110393524
2023-12-13,labor_market_risk_shift,2023-11-16,-17,0.036845605820417404
2023-12-13,labor_market_risk_shift,2023-11-17,-16,0.03898628428578377
2023-12-13,labor_market_risk_shift,2023-11-20,-15,0.032620493322610855
2023-12-13,labor_market_risk_shift,2023-11-21,-14,0.03489484637975693
2023-12-13,labor_market_risk_shift,2023-11-22,-13,0.032704003155231476
2023-12-13,labor_market_risk_shift,2023-11-24,-12,0.03577804192900658
2023-12-13,labor_market_risk_shift,2023-11-27,-11,0.03270665183663368
2023-12-13,labor_market_risk_shift,2023-11-28,-10,0.03293536975979805
2023-12-13,labor_market_risk_shift,2023-11-29,-9,0.03555680066347122
2023-12-13,labor_market_risk_shift,2023-11-30,-8,0.03320832550525665
2023-12-13,labor_market_risk_shift,2023-12-01,-7,0.03721657022833824
2023-12-13,labor_market_risk_shift,2023-12-04,-6,0.033698465675115585
2023-12-13,labor_market_risk_shift,2023-12-05,-5,0.03772418573498726
2023-12-13,labor_market_risk_shift,2023-12-06,-4,0.040063273161649704
2023-12-13,labor_market_risk_shift,2023-12-07,-3,0.03726276755332947
2023-12-13,labor_market_risk_shift,2023-12-08,-2,0.03686479479074478
2023-12-13,labor_market_risk_shift,2023-12-11,-1,0.03490793704986572
2023-12-13,labor_market_risk_shift,2023-12-12,0,0.03548351675271988
2023-12-13,growth_activity_shift,2023-11-02,-27,0.03591849282383919
2023-12-13,growth_activity_shift,2023-11-03,-26,0.03749213367700577
2023-12-13,growth_activity_shift,2023-11-06,-25,0.03649231791496277
2023-12-13,growth_activity_shift,2023-11-07,-24,0.03816135227680206
2023-12-13,growth_activity_shift,2023-11-08,-23,0.03760252892971039
2023-12-13,growth_activity_shift,2023-11-09,-22,0.03538421541452408
2023-12-13,growth_activity_shift,2023-11-10,-21,0.0345427468419075
2023-12-13,growth_activity_shift,2023-11-13,-20,0.031799882650375366
2023-12-13,growth_activity_shift,2023-11-14,-19,0.03661515191197395
2023-12-13,growth_activity_shift,2023-11-15,-18,0.03534666448831558
2023-12-13,growth_activity_shift,2023-11-16,-17,0.03762678802013397
2023-12-13,growth_activity_shift,2023-11-17,-16,0.03971875458955765
2023-12-13,growth_activity_shift,2023-11-20,-15,0.03294268250465393
2023-12-13,growth_activity_shift,2023-11-21,-14,0.03448345884680748
2023-12-13,growth_activity_shift,2023-11-22,-13,0.032826490700244904
2023-12-13,growth_activity_shift,2023-11-24,-12,0.03483675792813301
2023-12-13,growth_activity_shift,2023-11-27,-11,0.03210067003965378
2023-12-13,growth_activity_shift,2023-11-28,-10,0.032669179141521454
2023-12-13,growth_activity_shift,2023-11-29,-9,0.03596986085176468
2023-12-13,growth_activity_shift,2023-11-30,-8,0.033091217279434204
2023-12-13,growth_activity_shift,2023-12-01,-7,0.03787901997566223
2023-12-13,growth_activity_shift,2023-12-04,-6,0.033972956240177155
2023-12-13,growth_activity_shift,2023-12-05,-5,0.03885646536946297
2023-12-13,growth_activity_shift,2023-12-06,-4,0.04079604893922806
2023-12-13,growth_activity_shift,2023-12-07,-3,0.037206776440143585
2023-12-13,growth_activity_shift,2023-12-08,-2,0.03632744029164314
2023-12-13,growth_activity_shift,2023-12-11,-1,0.03489184379577637
2023-12-13,growth_activity_shift,2023-12-12,0,0.03444807603955269
2023-12-13,financial_conditions_shift,2023-11-02,-27,0.0367153137922287
2023-12-13,financial_conditions_shift,2023-11-03,-26,0.037243250757455826
2023-12-13,financial_conditions_shift,2023-11-06,-25,0.036943573504686356
2023-12-13,financial_conditions_shift,2023-11-07,-24,0.03816907852888107
2023-12-13,financial_conditions_shift,2023-11-08,-23,0.035888928920030594
2023-12-13,financial_conditions_shift,2023-11-09,-22,0.03614257276058197
2023-12-13,financial_conditions_shift,2023-11-10,-21,0.03541917726397514
2023-12-13,financial_conditions_shift,2023-11-13,-20,0.032852571457624435
2023-12-13,financial_conditions_shift,2023-11-14,-19,0.03567907214164734
2023-12-13,financial_conditions_shift,2023-11-15,-18,0.03537113219499588
2023-12-13,financial_conditions_shift,2023-11-16,-17,0.036475032567977905
2023-12-13,financial_conditions_shift,2023-11-17,-16,0.03831062093377113
2023-12-13,financial_conditions_shift,2023-11-20,-15,0.03280767798423767
2023-12-13,financial_conditions_shift,2023-11-21,-14,0.034788597375154495
2023-12-13,financial_conditions_shift,2023-11-22,-13,0.03278286010026932
2023-12-13,financial_conditions_shift,2023-11-24,-12,0.03618546575307846
2023-12-13,financial_conditions_shift,2023-11-27,-11,0.03308646380901337
2023-12-13,financial_conditions_shift,2023-11-28,-10,0.032934583723545074
2023-12-13,financial_conditions_shift,2023-11-29,-9,0.03561031073331833
2023-12-13,financial_conditions_shift,2023-11-30,-8,0.03321944549679756
2023-12-13,financial_conditions_shift,2023-12-01,-7,0.0370265357196331
2023-12-13,financial_conditions_shift,2023-12-04,-6,0.03359222039580345
2023-12-13,financial_conditions_shift,2023-12-05,-5,0.03728533536195755
2023-12-13,financial_conditions_shift,2023-12-06,-4,0.039221569895744324
2023-12-13,financial_conditions_shift,2023-12-07,-3,0.03739914670586586
2023-12-13,financial_conditions_shift,2023-12-08,-2,0.037192270159721375
2023-12-13,financial_conditions_shift,2023-12-11,-1,0.03539297729730606
2023-12-13,financial_conditions_shift,2023-12-12,0,0.036264222115278244
2023-12-13,balance_sheet_policy_shift,2023-11-02,-27,0.034406375139951706
2023-12-13,balance_sheet_policy_shift,2023-11-03,-26,0.03781069442629814
2023-12-13,balance_sheet_policy_shift,2023-11-06,-25,0.03491932898759842
2023-12-13,balance_sheet_policy_shift,2023-11-07,-24,0.03862708806991577
2023-12-13,balance_sheet_policy_shift,2023-11-08,-23,0.0390484519302845
2023-12-13,balance_sheet_policy_shift,2023-11-09,-22,0.034046247601509094
2023-12-13,balance_sheet_policy_shift,2023-11-10,-21,0.03359753638505936
2023-12-13,balance_sheet_policy_shift,2023-11-13,-20,0.03079727664589882
2023-12-13,balance_sheet_policy_shift,2023-11-14,-19,0.03824719414114952
2023-12-13,balance_sheet_policy_shift,2023-11-15,-18,0.03449903428554535
2023-12-13,balance_sheet_policy_shift,2023-11-16,-17,0.03987064212560654
2023-12-13,balance_sheet_policy_shift,2023-11-17,-16,0.04011533409357071
2023-12-13,balance_sheet_policy_shift,2023-11-20,-15,0.033066585659980774
2023-12-13,balance_sheet_policy_shift,2023-11-21,-14,0.03420840948820114
2023-12-13,balance_sheet_policy_shift,2023-11-22,-13,0.03307263180613518
2023-12-13,balance_sheet_policy_shift,2023-11-24,-12,0.032554034143686295
2023-12-13,balance_sheet_policy_shift,2023-11-27,-11,0.0316043384373188
2023-12-13,balance_sheet_policy_shift,2023-11-28,-10,0.032943133264780045
2023-12-13,balance_sheet_policy_shift,2023-11-29,-9,0.03741957247257233
2023-12-13,balance_sheet_policy_shift,2023-11-30,-8,0.03301392123103142
2023-12-13,balance_sheet_policy_shift,2023-12-01,-7,0.040456436574459076
2023-12-13,balance_sheet_policy_shift,2023-12-04,-6,0.034381698817014694
2023-12-13,balance_sheet_policy_shift,2023-12-05,-5,0.04143926128745079
2023-12-13,balance_sheet_policy_shift,2023-12-06,-4,0.04169275611639023
2023-12-13,balance_sheet_policy_shift,2023-12-07,-3,0.03686767444014549
2023-12-13,balance_sheet_policy_shift,2023-12-08,-2,0.03358006477355957
2023-12-13,balance_sheet_policy_shift,2023-12-11,-1,0.034965477883815765
2023-12-13,balance_sheet_policy_shift,2023-12-12,0,0.03274880722165108
2023-12-13,risk_balance_shift,2023-11-02,-27,0.036277927458286285
2023-12-13,risk_balance_shift,2023-11-03,-26,0.03755278140306473
2023-12-13,risk_balance_shift,2023-11-06,-25,0.03670424222946167
2023-12-13,risk_balance_shift,2023-11-07,-24,0.038137245923280716
2023-12-13,risk_balance_shift,2023-11-08,-23,0.036895446479320526
2023-12-13,risk_balance_shift,2023-11-09,-22,0.035759080201387405
2023-12-13,risk_balance_shift,2023-11-10,-21,0.03494099900126457
2023-12-13,risk_balance_shift,2023-11-13,-20,0.03220280632376671
2023-12-13,risk_balance_shift,2023-11-14,-19,0.03625768423080444
2023-12-13,risk_balance_shift,2023-11-15,-18,0.03531802445650101
2023-12-13,risk_balance_shift,2023-11-16,-17,0.036866217851638794
2023-12-13,risk_balance_shift,2023-11-17,-16,0.03922450542449951
2023-12-13,risk_balance_shift,2023-11-20,-15,0.03277932479977608
2023-12-13,risk_balance_shift,2023-11-21,-14,0.03490505740046501
2023-12-13,risk_balance_shift,2023-11-22,-13,0.032741036266088486
2023-12-13,risk_balance_shift,2023-11-24,-12,0.03538898378610611
2023-12-13,risk_balance_shift,2023-11-27,-11,0.03249744325876236
2023-12-13,risk_balance_shift,2023-11-28,-10,0.032820869237184525
2023-12-13,risk_balance_shift,2023-11-29,-9,0.03559320420026779
2023-12-13,risk_balance_shift,2023-11-30,-8,0.03305631875991821
2023-12-13,risk_balance_shift,2023-12-01,-7,0.03733908012509346
2023-12-13,risk_balance_shift,2023-12-04,-6,0.033798009157180786
2023-12-13,risk_balance_shift,2023-12-05,-5,0.037987109273672104
2023-12-13,risk_balance_shift,2023-12-06,-4,0.04021524637937546
2023-12-13,risk_balance_shift,2023-12-07,-3,0.037079907953739166
2023-12-13,risk_balance_shift,2023-12-08,-2,0.03670213371515274
2023-12-13,risk_balance_shift,2023-12-11,-1,0.035280317068099976
2023-12-13,risk_balance_shift,2023-12-12,0,0.03567903861403465
2023-12-13,committee_dispersion,2023-11-02,-27,0.03321585804224014
2023-12-13,committee_dispersion,2023-11-03,-26,0.036300115287303925
2023-12-13,committee_dispersion,2023-11-06,-25,0.0340157113969326
2023-12-13,committee_dispersion,2023-11-07,-24,0.03535694256424904
2023-12-13,committee_dispersion,2023-11-08,-23,0.03992769494652748
2023-12-13,committee_dispersion,2023-11-09,-22,0.03321722894906998
2023-12-13,committee_dispersion,2023-11-10,-21,0.03371061384677887
2023-12-13,committee_dispersion,2023-11-13,-20,0.03265498951077461
2023-12-13,committee_dispersion,2023-11-14,-19,0.03878708556294441
2023-12-13,committee_dispersion,2023-11-15,-18,0.03534384444355965
2023-12-13,committee_dispersion,2023-11-16,-17,0.03889960050582886
2023-12-13,committee_dispersion,2023-11-17,-16,0.03942461311817169
2023-12-13,committee_dispersion,2023-11-20,-15,0.0362098328769207
2023-12-13,committee_dispersion,2023-11-21,-14,0.03420271724462509
2023-12-13,committee_dispersion,2023-11-22,-13,0.03627879172563553
2023-12-13,committee_dispersion,2023-11-24,-12,0.031431544572114944
2023-12-13,committee_dispersion,2023-11-27,-11,0.03328753635287285
2023-12-13,committee_dispersion,2023-11-28,-10,0.0347277857363224
2023-12-13,committee_dispersion,2023-11-29,-9,0.037963755428791046
2023-12-13,committee_dispersion,2023-11-30,-8,0.03555943816900253
2023-12-13,committee_dispersion,2023-12-01,-7,0.038493819534778595
2023-12-13,committee_dispersion,2023-12-04,-6,0.03687085583806038
2023-12-13,committee_dispersion,2023-12-05,-5,0.03990215063095093
2023-12-13,committee_dispersion,2023-12-06,-4,0.039854492992162704
2023-12-13,committee_dispersion,2023-12-07,-3,0.03573751449584961
2023-12-13,committee_dispersion,2023-12-08,-2,0.033138424158096313
2023-12-13,committee_dispersion,2023-12-11,-1,0.035435549914836884
2023-12-13,committee_dispersion,2023-12-12,0,0.030051548033952713
2023-12-13,policy_uncertainty,2023-11-02,-27,0.033651720732450485
2023-12-13,policy_uncertainty,2023-11-03,-26,0.036738816648721695
2023-12-13,policy_uncertainty,2023-11-06,-25,0.035046618431806564
2023-12-13,policy_uncertainty,2023-11-07,-24,0.037143148481845856
2023-12-13,policy_uncertainty,2023-11-08,-23,0.03885454311966896
2023-12-13,policy_uncertainty,2023-11-09,-22,0.035381097346544266
2023-12-13,policy_uncertainty,2023-11-10,-21,0.03455965220928192
2023-12-13,policy_uncertainty,2023-11-13,-20,0.03172341361641884
2023-12-13,policy_uncertainty,2023-11-14,-19,0.03779084235429764
2023-12-13,policy_uncertainty,2023-11-15,-18,0.035483069717884064
2023-12-13,policy_uncertainty,2023-11-16,-17,0.03857198730111122
2023-12-13,policy_uncertainty,2023-11-17,-16,0.040242403745651245
2023-12-13,policy_uncertainty,2023-11-20,-15,0.03368915617465973
2023-12-13,policy_uncertainty,2023-11-21,-14,0.03483576327562332
2023-12-13,policy_uncertainty,2023-11-22,-13,0.03483426943421364
2023-12-13,policy_uncertainty,2023-11-24,-12,0.03358976170420647
2023-12-13,policy_uncertainty,2023-11-27,-11,0.03164651617407799
2023-12-13,policy_uncertainty,2023-11-28,-10,0.03308325633406639
2023-12-13,policy_uncertainty,2023-11-29,-9,0.03599753975868225
2023-12-13,policy_uncertainty,2023-11-30,-8,0.033567383885383606
2023-12-13,policy_uncertainty,2023-12-01,-7,0.038263849914073944
2023-12-13,policy_uncertainty,2023-12-04,-6,0.03483225032687187
2023-12-13,policy_uncertainty,2023-12-05,-5,0.03986869007349014
2023-12-13,policy_uncertainty,2023-12-06,-4,0.04124765843153
2023-12-13,policy_uncertainty,2023-12-07,-3,0.03620658069849014
2023-12-13,policy_uncertainty,2023-12-08,-2,0.03616337105631828
2023-12-13,policy_uncertainty,2023-12-11,-1,0.03543649986386299
2023-12-13,policy_uncertainty,2023-12-12,0,0.031550146639347076
2023-12-13,forward_guidance_strength,2023-11-02,-27,0.032801833003759384
2023-12-13,forward_guidance_strength,2023-11-03,-26,0.03651585057377815
2023-12-13,forward_guidance_strength,2023-11-06,-25,0.03380918502807617
2023-12-13,forward_guidance_strength,2023-11-07,-24,0.03661448881030083
2023-12-13,forward_guidance_strength,2023-11-08,-23,0.03923735395073891
2023-12-13,forward_guidance_strength,2023-11-09,-22,0.032645322382450104
2023-12-13,forward_guidance_strength,2023-11-10,-21,0.03355959802865982
2023-12-13,forward_guidance_strength,2023-11-13,-20,0.03137163072824478
2023-12-13,forward_guidance_strength,2023-11-14,-19,0.038453392684459686
2023-12-13,forward_guidance_strength,2023-11-15,-18,0.035314030945301056
2023-12-13,forward_guidance_strength,2023-11-16,-17,0.04125382751226425
2023-12-13,forward_guidance_strength,2023-11-17,-16,0.041064321994781494
2023-12-13,forward_guidance_strength,2023-11-20,-15,0.03489316999912262
2023-12-13,forward_guidance_strength,2023-11-21,-14,0.033930324018001556
2023-12-13,forward_guidance_strength,2023-11-22,-13,0.034604962915182114
2023-12-13,forward_guidance_strength,2023-11-24,-12,0.031308576464653015
2023-12-13,forward_guidance_strength,2023-11-27,-11,0.03248624503612518
2023-12-13,forward_guidance_strength,2023-11-28,-10,0.03356139361858368
2023-12-13,forward_guidance_strength,2023-11-29,-9,0.03760521113872528
2023-12-13,forward_guidance_strength,2023-11-30,-8,0.0344153493642807
2023-12-13,forward_guidance_strength,2023-12-01,-7,0.04096530005335808
2023-12-13,forward_guidance_strength,2023-12-04,-6,0.03691136837005615
2023-12-13,forward_guidance_strength,2023-12-05,-5,0.04177660495042801
2023-12-13,forward_guidance_strength,2023-12-06,-4,0.04068576917052269
2023-12-13,forward_guidance_strength,2023-12-07,-3,0.035236235707998276
2023-12-13,forward_guidance_strength,2023-12-08,-2,0.032691918313503265
2023-12-13,forward_guidance_strength,2023-12-11,-1,0.035665854811668396
2023-12-13,forward_guidance_strength,2023-12-12,0,0.030620869249105453
2024-01-31,rate_decision,2023-12-14,-30,0.028577443212270737
2024-01-31,rate_decision,2023-12-15,-29,0.028771016746759415
2024-01-31,rate_decision,2023-12-18,-28,0.029502563178539276
2024-01-31,rate_decision,2023-12-19,-27,0.028791699558496475
2024-01-31,rate_decision,2023-12-20,-26,0.030692264437675476
2024-01-31,rate_decision,2023-12-21,-25,0.03126286715269089
2024-01-31,rate_decision,2023-12-22,-24,0.030697327107191086
2024-01-31,rate_decision,2023-12-26,-23,0.030400384217500687
2024-01-31,rate_decision,2023-12-27,-22,0.030541762709617615
2024-01-31,rate_decision,2023-12-28,-21,0.031327009201049805
2024-01-31,rate_decision,2023-12-29,-20,0.03198664262890816
2024-01-31,rate_decision,2024-01-02,-19,0.033328715711832047
2024-01-31,rate_decision,2024-01-03,-18,0.03256005048751831
2024-01-31,rate_decision,2024-01-04,-17,0.03294125199317932
2024-01-31,rate_decision,2024-01-05,-16,0.03263754025101662
2024-01-31,rate_decision,2024-01-08,-15,0.03193209692835808
2024-01-31,rate_decision,2024-01-09,-14,0.032817546278238297
2024-01-31,rate_decision,2024-01-10,-13,0.031941305845975876
2024-01-31,rate_decision,2024-01-11,-12,0.03356589749455452
2024-01-31,rate_decision,2024-01-12,-11,0.03912719339132309
2024-01-31,rate_decision,2024-01-16,-10,0.03832601383328438
2024-01-31,rate_decision,2024-01-17,-9,0.03428111597895622
2024-01-31,rate_decision,2024-01-18,-8,0.032981932163238525
2024-01-31,rate_decision,2024-01-19,-7,0.033326972275972366
2024-01-31,rate_decision,2024-01-22,-6,0.0323948971927166
2024-01-31,rate_decision,2024-01-23,-5,0.032551974058151245
2024-01-31,rate_decision,2024-01-24,-4,0.03151293471455574
2024-01-31,rate_decision,2024-01-25,-3,0.03191443532705307
2024-01-31,rate_decision,2024-01-26,-2,0.034103043377399445
2024-01-31,rate_decision,2024-01-29,-1,0.03136899694800377
2024-01-31,rate_decision,2024-01-30,0,0.033835120499134064
2024-01-31,current_policy_stance,2023-12-14,-30,0.028316903859376907
2024-01-31,current_policy_stance,2023-12-15,-29,0.02879955992102623
2024-01-31,current_policy_stance,2023-12-18,-28,0.029608041048049927
2024-01-31,current_policy_stance,2023-12-19,-27,0.03142087906599045
2024-01-31,current_policy_stance,2023-12-20,-26,0.031825583428144455
2024-01-31,current_policy_stance,2023-12-21,-25,0.031128227710723877
2024-01-31,current_policy_stance,2023-12-22,-24,0.03241083025932312
2024-01-31,current_policy_stance,2023-12-26,-23,0.03381633013486862
2024-01-31,current_policy_stance,2023-12-27,-22,0.041106149554252625
2024-01-31,current_policy_stance,2023-12-28,-21,0.040672533214092255
2024-01-31,current_policy_stance,2023-12-29,-20,0.040372371673583984
2024-01-31,current_policy_stance,2024-01-02,-19,0.036230623722076416
2024-01-31,current_policy_stance,2024-01-03,-18,0.0354873463511467
2024-01-31,current_policy_stance,2024-01-04,-17,0.032055921852588654
2024-01-31,current_policy_stance,2024-01-05,-16,0.028290826827287674
2024-01-31,current_policy_stance,2024-01-08,-15,0.028492579236626625
2024-01-31,current_policy_stance,2024-01-09,-14,0.030714238062500954
2024-01-31,current_policy_stance,2024-01-10,-13,0.029285669326782227
2024-01-31,current_policy_stance,2024-01-11,-12,0.03166080638766289
2024-01-31,current_policy_stance,2024-01-12,-11,0.03943893313407898
2024-01-31,current_policy_stance,2024-01-16,-10,0.038216229528188705
2024-01-31,current_policy_stance,2024-01-17,-9,0.033382855355739594
2024-01-31,current_policy_stance,2024-01-18,-8,0.0316561684012413
2024-01-31,current_policy_stance,2024-01-19,-7,0.02860329858958721
2024-01-31,current_policy_stance,2024-01-22,-6,0.029400203377008438
2024-01-31,current_policy_stance,2024-01-23,-5,0.028918327763676643
2024-01-31,current_policy_stance,2024-01-24,-4,0.027157969772815704
2024-01-31,current_policy_stance,2024-01-25,-3,0.028561480343341827
2024-01-31,current_policy_stance,2024-01-26,-2,0.03098565712571144
2024-01-31,current_policy_stance,2024-01-29,-1,0.030083149671554565
2024-01-31,current_policy_stance,2024-01-30,0,0.03190029412508011
2024-01-31,policy_stance_shift,2023-12-14,-30,0.03493773937225342
2024-01-31,policy_stance_shift,2023-12-15,-29,0.0349663645029068
2024-01-31,policy_stance_shift,2023-12-18,-28,0.03683833032846451
2024-01-31,policy_stance_shift,2023-12-19,-27,0.036581218242645264
2024-01-31,policy_stance_shift,2023-12-20,-26,0.03413212299346924
2024-01-31,policy_stance_shift,2023-12-21,-25,0.03160781040787697
2024-01-31,policy_stance_shift,2023-12-22,-24,0.03657816722989082
2024-01-31,policy_stance_shift,2023-12-26,-23,0.03768191486597061
2024-01-31,policy_stance_shift,2023-12-27,-22,0.04215535894036293
2024-01-31,policy_stance_shift,2023-12-28,-21,0.03633980453014374
2024-01-31,policy_stance_shift,2023-12-29,-20,0.03963873162865639
2024-01-31,policy_stance_shift,2024-01-02,-19,0.03472384065389633
2024-01-31,policy_stance_shift,2024-01-03,-18,0.03346053883433342
2024-01-31,policy_stance_shift,2024-01-04,-17,0.031157471239566803
2024-01-31,policy_stance_shift,2024-01-05,-16,0.027994943782687187
2024-01-31,policy_stance_shift,2024-01-08,-15,0.030039381235837936
2024-01-31,policy_stance_shift,2024-01-09,-14,0.029271377250552177
2024-01-31,policy_stance_shift,2024-01-10,-13,0.0272676944732666
2024-01-31,policy_stance_shift,2024-01-11,-12,0.027855556458234787
2024-01-31,policy_stance_shift,2024-01-12,-11,0.030130719766020775
2024-01-31,policy_stance_shift,2024-01-16,-10,0.029387092217803
2024-01-31,policy_stance_shift,2024-01-17,-9,0.032010793685913086
2024-01-31,policy_stance_shift,2024-01-18,-8,0.03061657026410103
2024-01-31,policy_stance_shift,2024-01-19,-7,0.027283381670713425
2024-01-31,policy_stance_shift,2024-01-22,-6,0.02882462926208973
2024-01-31,policy_stance_shift,2024-01-23,-5,0.02819024585187435
2024-01-31,policy_stance_shift,2024-01-24,-4,0.028862979263067245
2024-01-31,policy_stance_shift,2024-01-25,-3,0.03127091005444527
2024-01-31,policy_stance_shift,2024-01-26,-2,0.02904452197253704
2024-01-31,policy_stance_shift,2024-01-29,-1,0.03257165104150772
2024-01-31,policy_stance_shift,2024-01-30,0,0.028578124940395355
2024-01-31,expected_rate_path_shift,2023-12-14,-30,0.029179703444242477
2024-01-31,expected_rate_path_shift,2023-12-15,-29,0.029067041352391243
2024-01-31,expected_rate_path_shift,2023-12-18,-28,0.030884098261594772
2024-01-31,expected_rate_path_shift,2023-12-19,-27,0.03252069652080536
2024-01-31,expected_rate_path_shift,2023-12-20,-26,0.03267451375722885
2024-01-31,expected_rate_path_shift,2023-12-21,-25,0.031588368117809296
2024-01-31,expected_rate_path_shift,2023-12-22,-24,0.03421139717102051
2024-01-31,expected_rate_path_shift,2023-12-26,-23,0.03535344451665878
2024-01-31,expected_rate_path_shift,2023-12-27,-22,0.04407016187906265
2024-01-31,expected_rate_path_shift,2023-12-28,-21,0.04080042243003845
2024-01-31,expected_rate_path_shift,2023-12-29,-20,0.04188014566898346
2024-01-31,expected_rate_path_shift,2024-01-02,-19,0.036446988582611084
2024-01-31,expected_rate_path_shift,2024-01-03,-18,0.03636805713176727
2024-01-31,expected_rate_path_shift,2024-01-04,-17,0.03317106515169144
2024-01-31,expected_rate_path_shift,2024-01-05,-16,0.02787419967353344
2024-01-31,expected_rate_path_shift,2024-01-08,-15,0.02787473239004612
2024-01-31,expected_rate_path_shift,2024-01-09,-14,0.02985026314854622
2024-01-31,expected_rate_path_shift,2024-01-10,-13,0.02791506052017212
2024-01-31,expected_rate_path_shift,2024-01-11,-12,0.029960785061120987
2024-01-31,expected_rate_path_shift,2024-01-12,-11,0.03752371296286583
2024-01-31,expected_rate_path_shift,2024-01-16,-10,0.03719543665647507
2024-01-31,expected_rate_path_shift,2024-01-17,-9,0.03298603370785713
2024-01-31,expected_rate_path_shift,2024-01-18,-8,0.0319380946457386
2024-01-31,expected_rate_path_shift,2024-01-19,-7,0.028234612196683884
2024-01-31,expected_rate_path_shift,2024-01-22,-6,0.028878487646579742
2024-01-31,expected_rate_path_shift,2024-01-23,-5,0.028139935806393623
2024-01-31,expected_rate_path_shift,2024-01-24,-4,0.026272986084222794
2024-01-31,expected_rate_path_shift,2024-01-25,-3,0.027706073597073555
2024-01-31,expected_rate_path_shift,2024-01-26,-2,0.029285412281751633
2024-01-31,expected_rate_path_shift,2024-01-29,-1,0.029685035347938538
2024-01-31,expected_rate_path_shift,2024-01-30,0,0.030463073402643204
2024-01-31,inflation_assessment_shift,2023-12-14,-30,0.037348829209804535
2024-01-31,inflation_assessment_shift,2023-12-15,-29,0.03784317523241043
2024-01-31,inflation_assessment_shift,2023-12-18,-28,0.03940662741661072
2024-01-31,inflation_assessment_shift,2023-12-19,-27,0.03814931958913803
2024-01-31,inflation_assessment_shift,2023-12-20,-26,0.034829847514629364
2024-01-31,inflation_assessment_shift,2023-12-21,-25,0.03280187025666237
2024-01-31,inflation_assessment_shift,2023-12-22,-24,0.03726152703166008
2024-01-31,inflation_assessment_shift,2023-12-26,-23,0.03660624101758003
2024-01-31,inflation_assessment_shift,2023-12-27,-22,0.03813104331493378
2024-01-31,inflation_assessment_shift,2023-12-28,-21,0.0325876921415329
2024-01-31,inflation_assessment_shift,2023-12-29,-20,0.03522206097841263
2024-01-31,inflation_assessment_shift,2024-01-02,-19,0.03210187330842018
2024-01-31,inflation_assessment_shift,2024-01-03,-18,0.0311981700360775
2024-01-31,inflation_assessment_shift,2024-01-04,-17,0.03142625465989113
2024-01-31,inflation_assessment_shift,2024-01-05,-16,0.02952045202255249
2024-01-31,inflation_assessment_shift,2024-01-08,-15,0.030675023794174194
2024-01-31,inflation_assessment_shift,2024-01-09,-14,0.029646623879671097
2024-01-31,inflation_assessment_shift,2024-01-10,-13,0.028074491769075394
2024-01-31,inflation_assessment_shift,2024-01-11,-12,0.02741369418799877
2024-01-31,inflation_assessment_shift,2024-01-12,-11,0.02734174206852913
2024-01-31,inflation_assessment_shift,2024-01-16,-10,0.02852931246161461
2024-01-31,inflation_assessment_shift,2024-01-17,-9,0.03126589581370354
2024-01-31,inflation_assessment_shift,2024-01-18,-8,0.03097887523472309
2024-01-31,inflation_assessment_shift,2024-01-19,-7,0.028180260211229324
2024-01-31,inflation_assessment_shift,2024-01-22,-6,0.02934197336435318
2024-01-31,inflation_assessment_shift,2024-01-23,-5,0.029355403035879135
2024-01-31,inflation_assessment_shift,2024-01-24,-4,0.030006349086761475
2024-01-31,inflation_assessment_shift,2024-01-25,-3,0.03261716663837433
2024-01-31,inflation_assessment_shift,2024-01-26,-2,0.02989402413368225
2024-01-31,inflation_assessment_shift,2024-01-29,-1,0.03405201807618141
2024-01-31,inflation_assessment_shift,2024-01-30,0,0.028192147612571716
2024-01-31,inflation_risk_shift,2023-12-14,-30,0.03496406599879265
2024-01-31,inflation_risk_shift,2023-12-15,-29,0.034829024225473404
2024-01-31,inflation_risk_shift,2023-12-18,-28,0.037463679909706116
2024-01-31,inflation_risk_shift,2023-12-19,-27,0.03668097406625748
2024-01-31,inflation_risk_shift,2023-12-20,-26,0.03485139086842537
2024-01-31,inflation_risk_shift,2023-12-21,-25,0.032529111951589584
2024-01-31,inflation_risk_shift,2023-12-22,-24,0.037890806794166565
2024-01-31,inflation_risk_shift,2023-12-26,-23,0.038089681416749954
2024-01-31,inflation_risk_shift,2023-12-27,-22,0.04445642977952957
2024-01-31,inflation_risk_shift,2023-12-28,-21,0.03717098757624626
2024-01-31,inflation_risk_shift,2023-12-29,-20,0.04065331816673279
2024-01-31,inflation_risk_shift,2024-01-02,-19,0.035037096589803696
2024-01-31,inflation_risk_shift,2024-01-03,-18,0.033383991569280624
2024-01-31,inflation_risk_shift,2024-01-04,-17,0.031014516949653625
2024-01-31,inflation_risk_shift,2024-01-05,-16,0.027145881205797195
2024-01-31,inflation_risk_shift,2024-01-08,-15,0.028133265674114227
2024-01-31,inflation_risk_shift,2024-01-09,-14,0.028851546347141266
2024-01-31,inflation_risk_shift,2024-01-10,-13,0.02687491662800312
2024-01-31,inflation_risk_shift,2024-01-11,-12,0.027864525094628334
2024-01-31,inflation_risk_shift,2024-01-12,-11,0.031110521405935287
2024-01-31,inflation_risk_shift,2024-01-16,-10,0.03172922506928444
2024-01-31,inflation_risk_shift,2024-01-17,-9,0.03210248425602913
2024-01-31,inflation_risk_shift,2024-01-18,-8,0.030600057914853096
2024-01-31,inflation_risk_shift,2024-01-19,-7,0.026485232636332512
2024-01-31,inflation_risk_shift,2024-01-22,-6,0.02789236418902874
2024-01-31,inflation_risk_shift,2024-01-23,-5,0.026905693113803864
2024-01-31,inflation_risk_shift,2024-01-24,-4,0.026875898241996765
2024-01-31,inflation_risk_shift,2024-01-25,-3,0.029467115178704262
2024-01-31,inflation_risk_shift,2024-01-26,-2,0.02853725664317608
2024-01-31,inflation_risk_shift,2024-01-29,-1,0.03225713223218918
2024-01-31,inflation_risk_shift,2024-01-30,0,0.028151821345090866
2024-01-31,unemployment_assessment_shift,2023-12-14,-30,0.02832764945924282
2024-01-31,unemployment_assessment_shift,2023-12-15,-29,0.028473205864429474
2024-01-31,unemployment_assessment_shift,2023-12-18,-28,0.029547445476055145
2024-01-31,unemployment_assessment_shift,2023-12-19,-27,0.031223788857460022
2024-01-31,unemployment_assessment_shift,2023-12-20,-26,0.03177347779273987
2024-01-31,unemployment_assessment_shift,2023-12-21,-25,0.0311576034873724
2024-01-31,unemployment_assessment_shift,2023-12-22,-24,0.032902706414461136
2024-01-31,unemployment_assessment_shift,2023-12-26,-23,0.03395574167370796
2024-01-31,unemployment_assessment_shift,2023-12-27,-22,0.04145820811390877
2024-01-31,unemployment_assessment_shift,2023-12-28,-21,0.039964694529771805
2024-01-31,unemployment_assessment_shift,2023-12-29,-20,0.04077596217393875
2024-01-31,unemployment_assessment_shift,2024-01-02,-19,0.036693960428237915
2024-01-31,unemployment_assessment_shift,2024-01-03,-18,0.03618859872221947
2024-01-31,unemployment_assessment_shift,2024-01-04,-17,0.033309873193502426
2024-01-31,unemployment_assessment_shift,2024-01-05,-16,0.028911197558045387
2024-01-31,unemployment_assessment_shift,2024-01-08,-15,0.028269579634070396
2024-01-31,unemployment_assessment_shift,2024-01-09,-14,0.030475739389657974
2024-01-31,unemployment_assessment_shift,2024-01-10,-13,0.02901586890220642
2024-01-31,unemployment_assessment_shift,2024-01-11,-12,0.030728261917829514
2024-01-31,unemployment_assessment_shift,2024-01-12,-11,0.0380433052778244
2024-01-31,unemployment_assessment_shift,2024-01-16,-10,0.03845555707812309
2024-01-31,unemployment_assessment_shift,2024-01-17,-9,0.03344184160232544
2024-01-31,unemployment_assessment_shift,2024-01-18,-8,0.03237864747643471
2024-01-31,unemployment_assessment_shift,2024-01-19,-7,0.02936338260769844
2024-01-31,unemployment_assessment_shift,2024-01-22,-6,0.02960343472659588
2024-01-31,unemployment_assessment_shift,2024-01-23,-5,0.029025018215179443
2024-01-31,unemployment_assessment_shift,2024-01-24,-4,0.027094613760709763
2024-01-31,unemployment_assessment_shift,2024-01-25,-3,0.02787075936794281
2024-01-31,unemployment_assessment_shift,2024-01-26,-2,0.03024814836680889
2024-01-31,unemployment_assessment_shift,2024-01-29,-1,0.029618632048368454
2024-01-31,unemployment_assessment_shift,2024-01-30,0,0.03170312941074371
2024-01-31,labor_market_risk_shift,2023-12-14,-30,0.035110700875520706
2024-01-31,labor_market_risk_shift,2023-12-15,-29,0.035049162805080414
2024-01-31,labor_market_risk_shift,2023-12-18,-28,0.03696649149060249
2024-01-31,labor_market_risk_shift,2023-12-19,-27,0.036418620496988297
2024-01-31,labor_market_risk_shift,2023-12-20,-26,0.034256741404533386
2024-01-31,labor_market_risk_shift,2023-12-21,-25,0.03197818621993065
2024-01-31,labor_market_risk_shift,2023-12-22,-24,0.03612646460533142
2024-01-31,labor_market_risk_shift,2023-12-26,-23,0.03758465126156807
2024-01-31,labor_market_risk_shift,2023-12-27,-22,0.041358835995197296
2024-01-31,labor_market_risk_shift,2023-12-28,-21,0.03687175735831261
2024-01-31,labor_market_risk_shift,2023-12-29,-20,0.039158035069704056
2024-01-31,labor_market_risk_shift,2024-01-02,-19,0.03499135375022888
2024-01-31,labor_market_risk_shift,2024-01-03,-18,0.03312971815466881
2024-01-31,labor_market_risk_shift,2024-01-04,-17,0.031015843152999878
2024-01-31,labor_market_risk_shift,2024-01-05,-16,0.027934346348047256
2024-01-31,labor_market_risk_shift,2024-01-08,-15,0.03021528199315071
2024-01-31,labor_market_risk_shift,2024-01-09,-14,0.029617145657539368
2024-01-31,labor_market_risk_shift,2024-01-10,-13,0.027401812374591827
2024-01-31,labor_market_risk_shift,2024-01-11,-12,0.02801431342959404
2024-01-31,labor_market_risk_shift,2024-01-12,-11,0.030586617067456245
2024-01-31,labor_market_risk_shift,2024-01-16,-10,0.030653370544314384
2024-01-31,labor_market_risk_shift,2024-01-17,-9,0.03181387856602669
2024-01-31,labor_market_risk_shift,2024-01-18,-8,0.030186893418431282
2024-01-31,labor_market_risk_shift,2024-01-19,-7,0.027081560343503952
2024-01-31,labor_market_risk_shift,2024-01-22,-6,0.028766727074980736
2024-01-31,labor_market_risk_shift,2024-01-23,-5,0.028143789619207382
2024-01-31,labor_market_risk_shift,2024-01-24,-4,0.028786439448595047
2024-01-31,labor_market_risk_shift,2024-01-25,-3,0.031034234911203384
2024-01-31,labor_market_risk_shift,2024-01-26,-2,0.028983859345316887
2024-01-31,labor_market_risk_shift,2024-01-29,-1,0.0323471873998642
2024-01-31,labor_market_risk_shift,2024-01-30,0,0.028415968641638756
2024-01-31,growth_activity_shift,2023-12-14,-30,0.028146520256996155
2024-01-31,growth_activity_shift,2023-12-15,-29,0.028262391686439514
2024-01-31,growth_activity_shift,2023-12-18,-28,0.02903505228459835
2024-01-31,growth_activity_shift,2023-12-19,-27,0.030768634751439095
2024-01-31,growth_activity_shift,2023-12-20,-26,0.031506750732660294
2024-01-31,growth_activity_shift,2023-12-21,-25,0.030897896736860275
2024-01-31,growth_activity_shift,2023-12-22,-24,0.031851720064878464
2024-01-31,growth_activity_shift,2023-12-26,-23,0.0335567370057106
2024-01-31,growth_activity_shift,2023-12-27,-22,0.04050678759813309
2024-01-31,growth_activity_shift,2023-12-28,-21,0.04001172259449959
2024-01-31,growth_activity_shift,2023-12-29,-20,0.03949218988418579
2024-01-31,growth_activity_shift,2024-01-02,-19,0.03700408339500427
2024-01-31,growth_activity_shift,2024-01-03,-18,0.03602565824985504
2024-01-31,growth_activity_shift,2024-01-04,-17,0.03248613700270653
2024-01-31,growth_activity_shift,2024-01-05,-16,0.028677677735686302
2024-01-31,growth_activity_shift,2024-01-08,-15,0.028872698545455933
2024-01-31,growth_activity_shift,2024-01-09,-14,0.030812475830316544
2024-01-31,growth_activity_shift,2024-01-10,-13,0.029491029679775238
2024-01-31,growth_activity_shift,2024-01-11,-12,0.03192536532878876
2024-01-31,growth_activity_shift,2024-01-12,-11,0.03946903720498085
2024-01-31,growth_activity_shift,2024-01-16,-10,0.03864174336194992
2024-01-31,growth_activity_shift,2024-01-17,-9,0.03373115509748459
2024-01-31,growth_activity_shift,2024-01-18,-8,0.03204042837023735
2024-01-31,growth_activity_shift,2024-01-19,-7,0.029346859082579613
2024-01-31,growth_activity_shift,2024-01-22,-6,0.02985612489283085
2024-01-31,growth_activity_shift,2024-01-23,-5,0.029050985351204872
2024-01-31,growth_activity_shift,2024-01-24,-4,0.02743293158710003
2024-01-31,growth_activity_shift,2024-01-25,-3,0.02842343971133232
2024-01-31,growth_activity_shift,2024-01-26,-2,0.030879531055688858
2024-01-31,growth_activity_shift,2024-01-29,-1,0.029824577271938324
2024-01-31,growth_activity_shift,2024-01-30,0,0.031971681863069534
2024-01-31,financial_conditions_shift,2023-12-14,-30,0.028142336755990982
2024-01-31,financial_conditions_shift,2023-12-15,-29,0.02830079384148121
2024-01-31,financial_conditions_shift,2023-12-18,-28,0.029629964381456375
2024-01-31,financial_conditions_shift,2023-12-19,-27,0.03142804652452469
2024-01-31,financial_conditions_shift,2023-12-20,-26,0.03196565434336662
2024-01-31,financial_conditions_shift,2023-12-21,-25,0.031249292194843292
2024-01-31,financial_conditions_shift,2023-12-22,-24,0.03376242145895958
2024-01-31,financial_conditions_shift,2023-12-26,-23,0.03417596593499184
2024-01-31,financial_conditions_shift,2023-12-27,-22,0.0426415354013443
2024-01-31,financial_conditions_shift,2023-12-28,-21,0.039727937430143356
2024-01-31,financial_conditions_shift,2023-12-29,-20,0.041116442531347275
2024-01-31,financial_conditions_shift,2024-01-02,-19,0.036333147436380386
2024-01-31,financial_conditions_shift,2024-01-03,-18,0.03692522644996643
2024-01-31,financial_conditions_shift,2024-01-04,-17,0.032925885170698166
2024-01-31,financial_conditions_shift,2024-01-05,-16,0.02845536731183529
2024-01-31,financial_conditions_shift,2024-01-08,-15,0.028314629569649696
2024-01-31,financial_conditions_shift,2024-01-09,-14,0.030581127852201462
2024-01-31,financial_conditions_shift,2024-01-10,-13,0.02869466319680214
2024-01-31,financial_conditions_shift,2024-01-11,-12,0.030970025807619095
2024-01-31,financial_conditions_shift,2024-01-12,-11,0.038549475371837616
2024-01-31,financial_conditions_shift,2024-01-16,-10,0.03804255276918411
2024-01-31,financial_conditions_shift,2024-01-17,-9,0.033997371792793274
2024-01-31,financial_conditions_shift,2024-01-18,-8,0.03268672525882721
2024-01-31,financial_conditions_shift,2024-01-19,-7,0.02867647260427475
2024-01-31,financial_conditions_shift,2024-01-22,-6,0.029319465160369873
2024-01-31,financial_conditions_shift,2024-01-23,-5,0.028597615659236908
2024-01-31,financial_conditions_shift,2024-01-24,-4,0.026564408093690872
2024-01-31,financial_conditions_shift,2024-01-25,-3,0.027962829917669296
2024-01-31,financial_conditions_shift,2024-01-26,-2,0.02990446425974369
2024-01-31,financial_conditions_shift,2024-01-29,-1,0.029478229582309723
2024-01-31,financial_conditions_shift,2024-01-30,0,0.03087993524968624
2024-01-31,balance_sheet_policy_shift,2023-12-14,-30,0.03680545091629028
2024-01-31,balance_sheet_policy_shift,2023-12-15,-29,0.0367814265191555
2024-01-31,balance_sheet_policy_shift,2023-12-18,-28,0.03855763375759125
2024-01-31,balance_sheet_policy_shift,2023-12-19,-27,0.03746757656335831
2024-01-31,balance_sheet_policy_shift,2023-12-20,-26,0.034967005252838135
2024-01-31,balance_sheet_policy_shift,2023-12-21,-25,0.032995786517858505
2024-01-31,balance_sheet_policy_shift,2023-12-22,-24,0.03738217428326607
2024-01-31,balance_sheet_policy_shift,2023-12-26,-23,0.03689873218536377
2024-01-31,balance_sheet_policy_shift,2023-12-27,-22,0.03969964385032654
2024-01-31,balance_sheet_policy_shift,2023-12-28,-21,0.03358276188373566
2024-01-31,balance_sheet_policy_shift,2023-12-29,-20,0.037470921874046326
2024-01-31,balance_sheet_policy_shift,2024-01-02,-19,0.03320007026195526
2024-01-31,balance_sheet_policy_shift,2024-01-03,-18,0.0320449098944664
2024-01-31,balance_sheet_policy_shift,2024-01-04,-17,0.030939409509301186
2024-01-31,balance_sheet_policy_shift,2024-01-05,-16,0.028554804623126984
2024-01-31,balance_sheet_policy_shift,2024-01-08,-15,0.030444946140050888
2024-01-31,balance_sheet_policy_shift,2024-01-09,-14,0.0293893925845623
2024-01-31,balance_sheet_policy_shift,2024-01-10,-13,0.027798105031251907
2024-01-31,balance_sheet_policy_shift,2024-01-11,-12,0.027910273522138596
2024-01-31,balance_sheet_policy_shift,2024-01-12,-11,0.028984658420085907
2024-01-31,balance_sheet_policy_shift,2024-01-16,-10,0.029173415154218674
2024-01-31,balance_sheet_policy_shift,2024-01-17,-9,0.031644463539123535
2024-01-31,balance_sheet_policy_shift,2024-01-18,-8,0.030652105808258057
2024-01-31,balance_sheet_policy_shift,2024-01-19,-7,0.027669942006468773
2024-01-31,balance_sheet_policy_shift,2024-01-22,-6,0.029075223952531815
2024-01-31,balance_sheet_policy_shift,2024-01-23,-5,0.028506452217698097
2024-01-31,balance_sheet_policy_shift,2024-01-24,-4,0.029394280165433884
2024-01-31,balance_sheet_policy_shift,2024-01-25,-3,0.03193286061286926
2024-01-31,balance_sheet_policy_shift,2024-01-26,-2,0.02894434705376625
2024-01-31,balance_sheet_policy_shift,2024-01-29,-1,0.03340602293610573
2024-01-31,balance_sheet_policy_shift,2024-01-30,0,0.027725210413336754
2024-01-31,risk_balance_shift,2023-12-14,-30,0.033347226679325104
2024-01-31,risk_balance_shift,2023-12-15,-29,0.03391994908452034
2024-01-31,risk_balance_shift,2023-12-18,-28,0.03623156622052193
2024-01-31,risk_balance_shift,2023-12-19,-27,0.036241982132196426
2024-01-31,risk_balance_shift,2023-12-20,-26,0.034673333168029785
2024-01-31,risk_balance_shift,2023-12-21,-25,0.0324862040579319
2024-01-31,risk_balance_shift,2023-12-22,-24,0.03714657574892044
2024-01-31,risk_balance_shift,2023-12-26,-23,0.03773568943142891
2024-01-31,risk_balance_shift,2023-12-27,-22,0.04508213326334953
2024-01-31,risk_balance_shift,2023-12-28,-21,0.038894809782505035
2024-01-31,risk_balance_shift,2023-12-29,-20,0.04073692113161087
2024-01-31,risk_balance_shift,2024-01-02,-19,0.03527088835835457
2024-01-31,risk_balance_shift,2024-01-03,-18,0.034159526228904724
2024-01-31,risk_balance_shift,2024-01-04,-17,0.03191962093114853
2024-01-31,risk_balance_shift,2024-01-05,-16,0.027251094579696655
2024-01-31,risk_balance_shift,2024-01-08,-15,0.02898990735411644
2024-01-31,risk_balance_shift,2024-01-09,-14,0.028668981045484543
2024-01-31,risk_balance_shift,2024-01-10,-13,0.025916365906596184
2024-01-31,risk_balance_shift,2024-01-11,-12,0.027539072558283806
2024-01-31,risk_balance_shift,2024-01-12,-11,0.03123539313673973
2024-01-31,risk_balance_shift,2024-01-16,-10,0.03163757920265198
2024-01-31,risk_balance_shift,2024-01-17,-9,0.03236326947808266
2024-01-31,risk_balance_shift,2024-01-18,-8,0.03115306794643402
2024-01-31,risk_balance_shift,2024-01-19,-7,0.027092866599559784
2024-01-31,risk_balance_shift,2024-01-22,-6,0.028286661952733994
2024-01-31,risk_balance_shift,2024-01-23,-5,0.027165934443473816
2024-01-31,risk_balance_shift,2024-01-24,-4,0.02690703608095646
2024-01-31,risk_balance_shift,2024-01-25,-3,0.02989078313112259
2024-01-31,risk_balance_shift,2024-01-26,-2,0.02816714346408844
2024-01-31,risk_balance_shift,2024-01-29,-1,0.03178238496184349
2024-01-31,risk_balance_shift,2024-01-30,0,0.028106052428483963
2024-01-31,committee_dispersion,2023-12-14,-30,0.03340889886021614
2024-01-31,committee_dispersion,2023-12-15,-29,0.03333958983421326
2024-01-31,committee_dispersion,2023-12-18,-28,0.03598761558532715
2024-01-31,committee_dispersion,2023-12-19,-27,0.036379627883434296
2024-01-31,committee_dispersion,2023-12-20,-26,0.034922800958156586
2024-01-31,committee_dispersion,2023-12-21,-25,0.03226550668478012
2024-01-31,committee_dispersion,2023-12-22,-24,0.03657815605401993
2024-01-31,committee_dispersion,2023-12-26,-23,0.03807773068547249
2024-01-31,committee_dispersion,2023-12-27,-22,0.046722445636987686
2024-01-31,committee_dispersion,2023-12-28,-21,0.0390581339597702
2024-01-31,committee_dispersion,2023-12-29,-20,0.04170624911785126
2024-01-31,committee_dispersion,2024-01-02,-19,0.03536640480160713
2024-01-31,committee_dispersion,2024-01-03,-18,0.03403493016958237
2024-01-31,committee_dispersion,2024-01-04,-17,0.03159264102578163
2024-01-31,committee_dispersion,2024-01-05,-16,0.027488768100738525
2024-01-31,committee_dispersion,2024-01-08,-15,0.028477802872657776
2024-01-31,committee_dispersion,2024-01-09,-14,0.02876105345785618
2024-01-31,committee_dispersion,2024-01-10,-13,0.026932667940855026
2024-01-31,committee_dispersion,2024-01-11,-12,0.028065770864486694
2024-01-31,committee_dispersion,2024-01-12,-11,0.03222554922103882
2024-01-31,committee_dispersion,2024-01-16,-10,0.03289099037647247
2024-01-31,committee_dispersion,2024-01-17,-9,0.03115236386656761
2024-01-31,committee_dispersion,2024-01-18,-8,0.03014889732003212
2024-01-31,committee_dispersion,2024-01-19,-7,0.026658546179533005
2024-01-31,committee_dispersion,2024-01-22,-6,0.028173215687274933
2024-01-31,committee_dispersion,2024-01-23,-5,0.02705337107181549
2024-01-31,committee_dispersion,2024-01-24,-4,0.026778943836688995
2024-01-31,committee_dispersion,2024-01-25,-3,0.02918708138167858
2024-01-31,committee_dispersion,2024-01-26,-2,0.02783440425992012
2024-01-31,committee_dispersion,2024-01-29,-1,0.03103964775800705
2024-01-31,committee_dispersion,2024-01-30,0,0.02769019640982151
2024-01-31,policy_uncertainty,2023-12-14,-30,0.03762983903288841
2024-01-31,policy_uncertainty,2023-12-15,-29,0.037756115198135376
2024-01-31,policy_uncertainty,2023-12-18,-28,0.03852304071187973
2024-01-31,policy_uncertainty,2023-12-19,-27,0.037067681550979614
2024-01-31,policy_uncertainty,2023-12-20,-26,0.03411032259464264
2024-01-31,policy_uncertainty,2023-12-21,-25,0.03289315477013588
2024-01-31,policy_uncertainty,2023-12-22,-24,0.03594439849257469
2024-01-31,policy_uncertainty,2023-12-26,-23,0.035657282918691635
2024-01-31,policy_uncertainty,2023-12-27,-22,0.03381942957639694
2024-01-31,policy_uncertainty,2023-12-28,-21,0.030804090201854706
2024-01-31,policy_uncertainty,2023-12-29,-20,0.03261565417051315
2024-01-31,policy_uncertainty,2024-01-02,-19,0.032242342829704285
2024-01-31,policy_uncertainty,2024-01-03,-18,0.030803225934505463
2024-01-31,policy_uncertainty,2024-01-04,-17,0.03191353753209114
2024-01-31,policy_uncertainty,2024-01-05,-16,0.03071059286594391
2024-01-31,policy_uncertainty,2024-01-08,-15,0.0319327637553215
2024-01-31,policy_uncertainty,2024-01-09,-14,0.030735358595848083
2024-01-31,policy_uncertainty,2024-01-10,-13,0.02954714559018612
2024-01-31,policy_uncertainty,2024-01-11,-12,0.028284262865781784
2024-01-31,policy_uncertainty,2024-01-12,-11,0.02664981409907341
2024-01-31,policy_uncertainty,2024-01-16,-10,0.028482351452112198
2024-01-31,policy_uncertainty,2024-01-17,-9,0.031612295657396317
2024-01-31,policy_uncertainty,2024-01-18,-8,0.031201612204313278
2024-01-31,policy_uncertainty,2024-01-19,-7,0.029514819383621216
2024-01-31,policy_uncertainty,2024-01-22,-6,0.030353717505931854
2024-01-31,policy_uncertainty,2024-01-23,-5,0.030404802411794662
2024-01-31,policy_uncertainty,2024-01-24,-4,0.03180163353681564
2024-01-31,policy_uncertainty,2024-01-25,-3,0.03334436193108559
2024-01-31,policy_uncertainty,2024-01-26,-2,0.030625630170106888
2024-01-31,policy_uncertainty,2024-01-29,-1,0.034163594245910645
2024-01-31,policy_uncertainty,2024-01-30,0,0.028855105862021446
2024-01-31,forward_guidance_strength,2023-12-14,-30,0.029184401035308838
2024-01-31,forward_guidance_strength,2023-12-15,-29,0.02940542623400688
2024-01-31,forward_guidance_strength,2023-12-18,-28,0.030904779210686684
2024-01-31,forward_guidance_strength,2023-12-19,-27,0.032645419239997864
2024-01-31,forward_guidance_strength,2023-12-20,-26,0.0322377048432827
2024-01-31,forward_guidance_strength,2023-12-21,-25,0.030809924006462097
2024-01-31,forward_guidance_strength,2023-12-22,-24,0.03386397287249565
2024-01-31,forward_guidance_strength,2023-12-26,-23,0.03557820990681648
2024-01-31,forward_guidance_strength,2023-12-27,-22,0.04500766471028328
2024-01-31,forward_guidance_strength,2023-12-28,-21,0.04063639044761658
2024-01-31,forward_guidance_strength,2023-12-29,-20,0.043348364531993866
2024-01-31,forward_guidance_strength,2024-01-02,-19,0.03582719713449478
2024-01-31,forward_guidance_strength,2024-01-03,-18,0.035829655826091766
2024-01-31,forward_guidance_strength,2024-01-04,-17,0.03149551898241043
2024-01-31,forward_guidance_strength,2024-01-05,-16,0.027671314775943756
2024-01-31,forward_guidance_strength,2024-01-08,-15,0.02804848738014698
2024-01-31,forward_guidance_strength,2024-01-09,-14,0.02953273057937622
2024-01-31,forward_guidance_strength,2024-01-10,-13,0.028195546939969063
2024-01-31,forward_guidance_strength,2024-01-11,-12,0.030944637954235077
2024-01-31,forward_guidance_strength,2024-01-12,-11,0.03705786168575287
2024-01-31,forward_guidance_strength,2024-01-16,-10,0.036183569580316544
2024-01-31,forward_guidance_strength,2024-01-17,-9,0.03358957916498184
2024-01-31,forward_guidance_strength,2024-01-18,-8,0.03191816434264183
2024-01-31,forward_guidance_strength,2024-01-19,-7,0.027594462037086487
2024-01-31,forward_guidance_strength,2024-01-22,-6,0.028745237737894058
2024-01-31,forward_guidance_strength,2024-01-23,-5,0.02801194228231907
2024-01-31,forward_guidance_strength,2024-01-24,-4,0.026645923033356667
2024-01-31,forward_guidance_strength,2024-01-25,-3,0.028610769659280777
2024-01-31,forward_guidance_strength,2024-01-26,-2,0.029737524688243866
2024-01-31,forward_guidance_strength,2024-01-29,-1,0.030193660408258438
2024-01-31,forward_guidance_strength,2024-01-30,0,0.030543923377990723
2024-03-20,rate_decision,2024-02-01,-32,0.031655967235565186
2024-03-20,rate_decision,2024-02-02,-31,0.02847885526716709
2024-03-20,rate_decision,2024-02-05,-30,0.030557453632354736
2024-03-20,rate_decision,2024-02-06,-29,0.028471577912569046
2024-03-20,rate_decision,2024-02-07,-28,0.03175691142678261
2024-03-20,rate_decision,2024-02-08,-27,0.028860637918114662
2024-03-20,rate_decision,2024-02-09,-26,0.032251033931970596
2024-03-20,rate_decision,2024-02-12,-25,0.032811522483825684
2024-03-20,rate_decision,2024-02-13,-24,0.030636608600616455
2024-03-20,rate_decision,2024-02-14,-23,0.029107114300131798
2024-03-20,rate_decision,2024-02-15,-22,0.031073208898305893
2024-03-20,rate_decision,2024-02-16,-21,0.03024538978934288
2024-03-20,rate_decision,2024-02-20,-20,0.030443215742707253
2024-03-20,rate_decision,2024-02-21,-19,0.031523652374744415
2024-03-20,rate_decision,2024-02-22,-18,0.030204234644770622
2024-03-20,rate_decision,2024-02-23,-17,0.028053654357790947
2024-03-20,rate_decision,2024-02-26,-16,0.029090384021401405
2024-03-20,rate_decision,2024-02-27,-15,0.028910499066114426
2024-03-20,rate_decision,2024-02-28,-14,0.02786542847752571
2024-03-20,rate_decision,2024-02-29,-13,0.03041524812579155
2024-03-20,rate_decision,2024-03-01,-12,0.028543632477521896
2024-03-20,rate_decision,2024-03-04,-11,0.03060038387775421
2024-03-20,rate_decision,2024-03-05,-10,0.029179751873016357
2024-03-20,rate_decision,2024-03-06,-9,0.02921222895383835
2024-03-20,rate_decision,2024-03-07,-8,0.03017815202474594
2024-03-20,rate_decision,2024-03-08,-7,0.030677735805511475
2024-03-20,rate_decision,2024-03-11,-6,0.03283482789993286
2024-03-20,rate_decision,2024-03-12,-5,0.03415335342288017
2024-03-20,rate_decision,2024-03-13,-4,0.033647842705249786
2024-03-20,rate_decision,2024-03-14,-3,0.030965907499194145
2024-03-20,rate_decision,2024-03-15,-2,0.02910582721233368
2024-03-20,rate_decision,2024-03-18,-1,0.02908596768975258
2024-03-20,rate_decision,2024-03-19,0,0.02940177172422409
2024-03-20,current_policy_stance,2024-02-01,-32,0.035562146455049515
2024-03-20,current_policy_stance,2024-02-02,-31,0.0287130419164896
2024-03-20,current_policy_stance,2024-02-05,-30,0.02810979261994362
2024-03-20,current_policy_stance,2024-02-06,-29,0.03144286200404167
2024-03-20,current_policy_stance,2024-02-07,-28,0.037591602653265
2024-03-20,current_policy_stance,2024-02-08,-27,0.03249656781554222
2024-03-20,current_policy_stance,2024-02-09,-26,0.03126707673072815
2024-03-20,current_policy_stance,2024-02-12,-25,0.03559292107820511
2024-03-20,current_policy_stance,2024-02-13,-24,0.028950601816177368
2024-03-20,current_policy_stance,2024-02-14,-23,0.02867182530462742
2024-03-20,current_policy_stance,2024-02-15,-22,0.03704952821135521
2024-03-20,current_policy_stance,2024-02-16,-21,0.03150241822004318
2024-03-20,current_policy_stance,2024-02-20,-20,0.03025916963815689
2024-03-20,current_policy_stance,2024-02-21,-19,0.03266950696706772
2024-03-20,current_policy_stance,2024-02-22,-18,0.027498241513967514
2024-03-20,current_policy_stance,2024-02-23,-17,0.02824358269572258
2024-03-20,current_policy_stance,2024-02-26,-16,0.030419373884797096
2024-03-20,current_policy_stance,2024-02-27,-15,0.026444459334015846
2024-03-20,current_policy_stance,2024-02-28,-14,0.028965113684535027
2024-03-20,current_policy_stance,2024-02-29,-13,0.027965232729911804
2024-03-20,current_policy_stance,2024-03-01,-12,0.02692100778222084
2024-03-20,current_policy_stance,2024-03-04,-11,0.028719637542963028
2024-03-20,current_policy_stance,2024-03-05,-10,0.028073521330952644
2024-03-20,current_policy_stance,2024-03-06,-9,0.027652280405163765
2024-03-20,current_policy_stance,2024-03-07,-8,0.028269564732909203
2024-03-20,current_policy_stance,2024-03-08,-7,0.029841773211956024
2024-03-20,current_policy_stance,2024-03-11,-6,0.03274903818964958
2024-03-20,current_policy_stance,2024-03-12,-5,0.031310368329286575
2024-03-20,current_policy_stance,2024-03-13,-4,0.031041212379932404
2024-03-20,current_policy_stance,2024-03-14,-3,0.029059607535600662
2024-03-20,current_policy_stance,2024-03-15,-2,0.027654560282826424
2024-03-20,current_policy_stance,2024-03-18,-1,0.028628529980778694
2024-03-20,current_policy_stance,2024-03-19,0,0.03066381812095642
2024-03-20,policy_stance_shift,2024-02-01,-32,0.03276440501213074
2024-03-20,policy_stance_shift,2024-02-02,-31,0.035162463784217834
2024-03-20,policy_stance_shift,2024-02-05,-30,0.03111599199473858
2024-03-20,policy_stance_shift,2024-02-06,-29,0.0308150015771389
2024-03-20,policy_stance_shift,2024-02-07,-28,0.030238300561904907
2024-03-20,policy_stance_shift,2024-02-08,-27,0.03238293528556824
2024-03-20,policy_stance_shift,2024-02-09,-26,0.030272100120782852
2024-03-20,policy_stance_shift,2024-02-12,-25,0.030574608594179153
2024-03-20,policy_stance_shift,2024-02-13,-24,0.029203075915575027
2024-03-20,policy_stance_shift,2024-02-14,-23,0.03076404333114624
2024-03-20,policy_stance_shift,2024-02-15,-22,0.029266975820064545
2024-03-20,policy_stance_shift,2024-02-16,-21,0.03002866357564926
2024-03-20,policy_stance_shift,2024-02-20,-20,0.02996530942618847
2024-03-20,policy_stance_shift,2024-02-21,-19,0.03193838894367218
2024-03-20,policy_stance_shift,2024-02-22,-18,0.030244005843997
2024-03-20,policy_stance_shift,2024-02-23,-17,0.030455783009529114
2024-03-20,policy_stance_shift,2024-02-26,-16,0.032843880355358124
2024-03-20,policy_stance_shift,2024-02-27,-15,0.03111407533288002
2024-03-20,policy_stance_shift,2024-02-28,-14,0.03192523121833801
2024-03-20,policy_stance_shift,2024-02-29,-13,0.030159171670675278
2024-03-20,policy_stance_shift,2024-03-01,-12,0.03244511038064957
2024-03-20,policy_stance_shift,2024-03-04,-11,0.03067478910088539
2024-03-20,policy_stance_shift,2024-03-05,-10,0.03213654085993767
2024-03-20,policy_stance_shift,2024-03-06,-9,0.030666666105389595
2024-03-20,policy_stance_shift,2024-03-07,-8,0.02940884791314602
2024-03-20,policy_stance_shift,2024-03-08,-7,0.02923363819718361
2024-03-20,policy_stance_shift,2024-03-11,-6,0.025611652061343193
2024-03-20,policy_stance_shift,2024-03-12,-5,0.026164544746279716
2024-03-20,policy_stance_shift,2024-03-13,-4,0.026370864361524582
2024-03-20,policy_stance_shift,2024-03-14,-3,0.027819648385047913
2024-03-20,policy_stance_shift,2024-03-15,-2,0.029296474531292915
2024-03-20,policy_stance_shift,2024-03-18,-1,0.029018118977546692
2024-03-20,policy_stance_shift,2024-03-19,0,0.02991868555545807
2024-03-20,expected_rate_path_shift,2024-02-01,-32,0.032889265567064285
2024-03-20,expected_rate_path_shift,2024-02-02,-31,0.03558623418211937
2024-03-20,expected_rate_path_shift,2024-02-05,-30,0.03087804839015007
2024-03-20,expected_rate_path_shift,2024-02-06,-29,0.030133197084069252
2024-03-20,expected_rate_path_shift,2024-02-07,-28,0.030673649162054062
2024-03-20,expected_rate_path_shift,2024-02-08,-27,0.033476103097200394
2024-03-20,expected_rate_path_shift,2024-02-09,-26,0.029739677906036377
2024-03-20,expected_rate_path_shift,2024-02-12,-25,0.030097320675849915
2024-03-20,expected_rate_path_shift,2024-02-13,-24,0.02941853553056717
2024-03-20,expected_rate_path_shift,2024-02-14,-23,0.03071509301662445
2024-03-20,expected_rate_path_shift,2024-02-15,-22,0.029108386486768723
2024-03-20,expected_rate_path_shift,2024-02-16,-21,0.030235324054956436
2024-03-20,expected_rate_path_shift,2024-02-20,-20,0.02940209209918976
2024-03-20,expected_rate_path_shift,2024-02-21,-19,0.031022341921925545
2024-03-20,expected_rate_path_shift,2024-02-22,-18,0.029752127826213837
2024-03-20,expected_rate_path_shift,2024-02-23,-17,0.030351761728525162
2024-03-20,expected_rate_path_shift,2024-02-26,-16,0.032199446111917496
2024-03-20,expected_rate_path_shift,2024-02-27,-15,0.031028755009174347
2024-03-20,expected_rate_path_shift,2024-02-28,-14,0.03192060440778732
2024-03-20,expected_rate_path_shift,2024-02-29,-13,0.030064372345805168
2024-03-20,expected_rate_path_shift,2024-03-01,-12,0.033311858773231506
2024-03-20,expected_rate_path_shift,2024-03-04,-11,0.031008658930659294
2024-03-20,expected_rate_path_shift,2024-03-05,-10,0.03233233839273453
2024-03-20,expected_rate_path_shift,2024-03-06,-9,0.030783703550696373
2024-03-20,expected_rate_path_shift,2024-03-07,-8,0.029578879475593567
2024-03-20,expected_rate_path_shift,2024-03-08,-7,0.028828149661421776
2024-03-20,expected_rate_path_shift,2024-03-11,-6,0.025421304628252983
2024-03-20,expected_rate_path_shift,2024-03-12,-5,0.026431890204548836
2024-03-20,expected_rate_path_shift,2024-03-13,-4,0.026743222028017044
2024-03-20,expected_rate_path_shift,2024-03-14,-3,0.02830667793750763
2024-03-20,expected_rate_path_shift,2024-03-15,-2,0.02999952621757984
2024-03-20,expected_rate_path_shift,2024-03-18,-1,0.029365193098783493
2024-03-20,expected_rate_path_shift,2024-03-19,0,0.029196269810199738
2024-03-20,inflation_assessment_shift,2024-02-01,-32,0.036762725561857224
2024-03-20,inflation_assessment_shift,2024-02-02,-31,0.029846983030438423
2024-03-20,inflation_assessment_shift,2024-02-05,-30,0.02855672687292099
2024-03-20,inflation_assessment_shift,2024-02-06,-29,0.032016996294260025
2024-03-20,inflation_assessment_shift,2024-02-07,-28,0.03711710497736931
2024-03-20,inflation_assessment_shift,2024-02-08,-27,0.033670391887426376
2024-03-20,inflation_assessment_shift,2024-02-09,-26,0.03156614676117897
2024-03-20,inflation_assessment_shift,2024-02-12,-25,0.03580485284328461
2024-03-20,inflation_assessment_shift,2024-02-13,-24,0.02831660583615303
2024-03-20,inflation_assessment_shift,2024-02-14,-23,0.028891123831272125
2024-03-20,inflation_assessment_shift,2024-02-15,-22,0.03625290468335152
2024-03-20,inflation_assessment_shift,2024-02-16,-21,0.03065521828830242
2024-03-20,inflation_assessment_shift,2024-02-20,-20,0.02982034906744957
2024-03-20,inflation_assessment_shift,2024-02-21,-19,0.032919641584157944
2024-03-20,inflation_assessment_shift,2024-02-22,-18,0.02691228687763214
2024-03-20,inflation_assessment_shift,2024-02-23,-17,0.028048016130924225
2024-03-20,inflation_assessment_shift,2024-02-26,-16,0.030467793345451355
2024-03-20,inflation_assessment_shift,2024-02-27,-15,0.025994479656219482
2024-03-20,inflation_assessment_shift,2024-02-28,-14,0.029275745153427124
2024-03-20,inflation_assessment_shift,2024-02-29,-13,0.027600156143307686
2024-03-20,inflation_assessment_shift,2024-03-01,-12,0.027538172900676727
2024-03-20,inflation_assessment_shift,2024-03-04,-11,0.02868077903985977
2024-03-20,inflation_assessment_shift,2024-03-05,-10,0.028481608256697655
2024-03-20,inflation_assessment_shift,2024-03-06,-9,0.027702486142516136
2024-03-20,inflation_assessment_shift,2024-03-07,-8,0.028299592435359955
2024-03-20,inflation_assessment_shift,2024-03-08,-7,0.029830416664481163
2024-03-20,inflation_assessment_shift,2024-03-11,-6,0.032143767923116684
2024-03-20,inflation_assessment_shift,2024-03-12,-5,0.030553065240383148
2024-03-20,inflation_assessment_shift,2024-03-13,-4,0.030521664768457413
2024-03-20,inflation_assessment_shift,2024-03-14,-3,0.028874825686216354
2024-03-20,inflation_assessment_shift,2024-03-15,-2,0.027912136167287827
2024-03-20,inflation_assessment_shift,2024-03-18,-1,0.02883376181125641
2024-03-20,inflation_assessment_shift,2024-03-19,0,0.030131492763757706
2024-03-20,inflation_risk_shift,2024-02-01,-32,0.03723839670419693
2024-03-20,inflation_risk_shift,2024-02-02,-31,0.03010537102818489
2024-03-20,inflation_risk_shift,2024-02-05,-30,0.028658941388130188
2024-03-20,inflation_risk_shift,2024-02-06,-29,0.03168825805187225
2024-03-20,inflation_risk_shift,2024-02-07,-28,0.03757309913635254
2024-03-20,inflation_risk_shift,2024-02-08,-27,0.033357903361320496
2024-03-20,inflation_risk_shift,2024-02-09,-26,0.03188154473900795
2024-03-20,inflation_risk_shift,2024-02-12,-25,0.03565601259469986
2024-03-20,inflation_risk_shift,2024-02-13,-24,0.028865724802017212
2024-03-20,inflation_risk_shift,2024-02-14,-23,0.029178526252508163
2024-03-20,inflation_risk_shift,2024-02-15,-22,0.03582574427127838
2024-03-20,inflation_risk_shift,2024-02-16,-21,0.03138744831085205
2024-03-20,inflation_risk_shift,2024-02-20,-20,0.03015890158712864
2024-03-20,inflation_risk_shift,2024-02-21,-19,0.03281858563423157
2024-03-20,inflation_risk_shift,2024-02-22,-18,0.02747025527060032
2024-03-20,inflation_risk_shift,2024-02-23,-17,0.028312362730503082
2024-03-20,inflation_risk_shift,2024-02-26,-16,0.03059832751750946
2024-03-20,inflation_risk_shift,2024-02-27,-15,0.026488838717341423
2024-03-20,inflation_risk_shift,2024-02-28,-14,0.029439661651849747
2024-03-20,inflation_risk_shift,2024-02-29,-13,0.02761043794453144
2024-03-20,inflation_risk_shift,2024-03-01,-12,0.02789384499192238
2024-03-20,inflation_risk_shift,2024-03-04,-11,0.028487378731369972
2024-03-20,inflation_risk_shift,2024-03-05,-10,0.028633058071136475
2024-03-20,inflation_risk_shift,2024-03-06,-9,0.02741927281022072
2024-03-20,inflation_risk_shift,2024-03-07,-8,0.028185982257127762
2024-03-20,inflation_risk_shift,2024-03-08,-7,0.029402919113636017
2024-03-20,inflation_risk_shift,2024-03-11,-6,0.03188131004571915
2024-03-20,inflation_risk_shift,2024-03-12,-5,0.030613262206315994
2024-03-20,inflation_risk_shift,2024-03-13,-4,0.03021041676402092
2024-03-20,inflation_risk_shift,2024-03-14,-3,0.028430728241801262
2024-03-20,inflation_risk_shift,2024-03-15,-2,0.027188202366232872
2024-03-20,inflation_risk_shift,2024-03-18,-1,0.02789456956088543
2024-03-20,inflation_risk_shift,2024-03-19,0,0.029444733634591103
2024-03-20,unemployment_assessment_shift,2024-02-01,-32,0.0355701707303524
2024-03-20,unemployment_assessment_shift,2024-02-02,-31,0.03403561934828758
2024-03-20,unemployment_assessment_shift,2024-02-05,-30,0.02977123111486435
2024-03-20,unemployment_assessment_shift,2024-02-06,-29,0.03042713925242424
2024-03-20,unemployment_assessment_shift,2024-02-07,-28,0.03539390116930008
2024-03-20,unemployment_assessment_shift,2024-02-08,-27,0.03531138598918915
2024-03-20,unemployment_assessment_shift,2024-02-09,-26,0.031082525849342346
2024-03-20,unemployment_assessment_shift,2024-02-12,-25,0.034305453300476074
2024-03-20,unemployment_assessment_shift,2024-02-13,-24,0.02989308163523674
2024-03-20,unemployment_assessment_shift,2024-02-14,-23,0.029889646917581558
2024-03-20,unemployment_assessment_shift,2024-02-15,-22,0.03285173326730728
2024-03-20,unemployment_assessment_shift,2024-02-16,-21,0.03184330835938454
2024-03-20,unemployment_assessment_shift,2024-02-20,-20,0.029656801372766495
2024-03-20,unemployment_assessment_shift,2024-02-21,-19,0.033587437123060226
2024-03-20,unemployment_assessment_shift,2024-02-22,-18,0.028251707553863525
2024-03-20,unemployment_assessment_shift,2024-02-23,-17,0.028890371322631836
2024-03-20,unemployment_assessment_shift,2024-02-26,-16,0.03218056634068489
2024-03-20,unemployment_assessment_shift,2024-02-27,-15,0.02768487110733986
2024-03-20,unemployment_assessment_shift,2024-02-28,-14,0.029922209680080414
2024-03-20,unemployment_assessment_shift,2024-02-29,-13,0.027529798448085785
2024-03-20,unemployment_assessment_shift,2024-03-01,-12,0.029303306713700294
2024-03-20,unemployment_assessment_shift,2024-03-04,-11,0.0287165567278862
2024-03-20,unemployment_assessment_shift,2024-03-05,-10,0.029161646962165833
2024-03-20,unemployment_assessment_shift,2024-03-06,-9,0.02829175814986229
2024-03-20,unemployment_assessment_shift,2024-03-07,-8,0.027522969990968704
2024-03-20,unemployment_assessment_shift,2024-03-08,-7,0.0276273712515831
2024-03-20,unemployment_assessment_shift,2024-03-11,-6,0.027626916766166687
2024-03-20,unemployment_assessment_shift,2024-03-12,-5,0.027667051181197166
2024-03-20,unemployment_assessment_shift,2024-03-13,-4,0.02832197956740856
2024-03-20,unemployment_assessment_shift,2024-03-14,-3,0.029369426891207695
2024-03-20,unemployment_assessment_shift,2024-03-15,-2,0.02949661761522293
2024-03-20,unemployment_assessment_shift,2024-03-18,-1,0.02941727079451084
2024-03-20,unemployment_assessment_shift,2024-03-19,0,0.029398128390312195
2024-03-20,labor_market_risk_shift,2024-02-01,-32,0.03424221649765968
2024-03-20,labor_market_risk_shift,2024-02-02,-31,0.035668712109327316
2024-03-20,labor_market_risk_shift,2024-02-05,-30,0.030423693358898163
2024-03-20,labor_market_risk_shift,2024-02-06,-29,0.030385300517082214
2024-03-20,labor_market_risk_shift,2024-02-07,-28,0.030646618455648422
2024-03-20,labor_market_risk_shift,2024-02-08,-27,0.03326229378581047
2024-03-20,labor_market_risk_shift,2024-02-09,-26,0.030276622623205185
2024-03-20,labor_market_risk_shift,2024-02-12,-25,0.031088726595044136
2024-03-20,labor_market_risk_shift,2024-02-13,-24,0.029128920286893845
2024-03-20,labor_market_risk_shift,2024-02-14,-23,0.0305166095495224
2024-03-20,labor_market_risk_shift,2024-02-15,-22,0.029440060257911682
2024-03-20,labor_market_risk_shift,2024-02-16,-21,0.03010992519557476
2024-03-20,labor_market_risk_shift,2024-02-20,-20,0.030525963753461838
2024-03-20,labor_market_risk_shift,2024-02-21,-19,0.03210970759391785
2024-03-20,labor_market_risk_shift,2024-02-22,-18,0.029334984719753265
2024-03-20,labor_market_risk_shift,2024-02-23,-17,0.030789470300078392
2024-03-20,labor_market_risk_shift,2024-02-26,-16,0.0325203537940979
2024-03-20,labor_market_risk_shift,2024-02-27,-15,0.030728032812476158
2024-03-20,labor_market_risk_shift,2024-02-28,-14,0.03147238865494728
2024-03-20,labor_market_risk_shift,2024-02-29,-13,0.02984551154077053
2024-03-20,labor_market_risk_shift,2024-03-01,-12,0.032141800969839096
2024-03-20,labor_market_risk_shift,2024-03-04,-11,0.030458267778158188
2024-03-20,labor_market_risk_shift,2024-03-05,-10,0.03150214999914169
2024-03-20,labor_market_risk_shift,2024-03-06,-9,0.030244173482060432
2024-03-20,labor_market_risk_shift,2024-03-07,-8,0.029141439124941826
2024-03-20,labor_market_risk_shift,2024-03-08,-7,0.02927241660654545
2024-03-20,labor_market_risk_shift,2024-03-11,-6,0.026771437376737595
2024-03-20,labor_market_risk_shift,2024-03-12,-5,0.027300314977765083
2024-03-20,labor_market_risk_shift,2024-03-13,-4,0.026905614882707596
2024-03-20,labor_market_risk_shift,2024-03-14,-3,0.02749359980225563
2024-03-20,labor_market_risk_shift,2024-03-15,-2,0.028526123613119125
2024-03-20,labor_market_risk_shift,2024-03-18,-1,0.028182510286569595
2024-03-20,labor_market_risk_shift,2024-03-19,0,0.029544053599238396
2024-03-20,growth_activity_shift,2024-02-01,-32,0.036529503762722015
2024-03-20,growth_activity_shift,2024-02-02,-31,0.030939416959881783
2024-03-20,growth_activity_shift,2024-02-05,-30,0.028387364000082016
2024-03-20,growth_activity_shift,2024-02-06,-29,0.03133811056613922
2024-03-20,growth_activity_shift,2024-02-07,-28,0.03718387335538864
2024-03-20,growth_activity_shift,2024-02-08,-27,0.033449962735176086
2024-03-20,growth_activity_shift,2024-02-09,-26,0.03160250559449196
2024-03-20,growth_activity_shift,2024-02-12,-25,0.03542971983551979
2024-03-20,growth_activity_shift,2024-02-13,-24,0.029264265671372414
2024-03-20,growth_activity_shift,2024-02-14,-23,0.029116561636328697
2024-03-20,growth_activity_shift,2024-02-15,-22,0.03484097868204117
2024-03-20,growth_activity_shift,2024-02-16,-21,0.03170569986104965
2024-03-20,growth_activity_shift,2024-02-20,-20,0.030816730111837387
2024-03-20,growth_activity_shift,2024-02-21,-19,0.03324490040540695
2024-03-20,growth_activity_shift,2024-02-22,-18,0.02815142087638378
2024-03-20,growth_activity_shift,2024-02-23,-17,0.02878710627555847
2024-03-20,growth_activity_shift,2024-02-26,-16,0.03122018463909626
2024-03-20,growth_activity_shift,2024-02-27,-15,0.02695447765290737
2024-03-20,growth_activity_shift,2024-02-28,-14,0.029325906187295914
2024-03-20,growth_activity_shift,2024-02-29,-13,0.027734514325857162
2024-03-20,growth_activity_shift,2024-03-01,-12,0.02776268869638443
2024-03-20,growth_activity_shift,2024-03-04,-11,0.0287531279027462
2024-03-20,growth_activity_shift,2024-03-05,-10,0.02861088700592518
2024-03-20,growth_activity_shift,2024-03-06,-9,0.02754037082195282
2024-03-20,growth_activity_shift,2024-03-07,-8,0.027763500809669495
2024-03-20,growth_activity_shift,2024-03-08,-7,0.02873014472424984
2024-03-20,growth_activity_shift,2024-03-11,-6,0.030643580481410027
2024-03-20,growth_activity_shift,2024-03-12,-5,0.03012200817465782
2024-03-20,growth_activity_shift,2024-03-13,-4,0.02995157241821289
2024-03-20,growth_activity_shift,2024-03-14,-3,0.02875816449522972
2024-03-20,growth_activity_shift,2024-03-15,-2,0.027635034173727036
2024-03-20,growth_activity_shift,2024-03-18,-1,0.028132084757089615
2024-03-20,growth_activity_shift,2024-03-19,0,0.029573598876595497
2024-03-20,financial_conditions_shift,2024-02-01,-32,0.03551388531923294
2024-03-20,financial_conditions_shift,2024-02-02,-31,0.03538290411233902
2024-03-20,financial_conditions_shift,2024-02-05,-30,0.030825858935713768
2024-03-20,financial_conditions_shift,2024-02-06,-29,0.03090517595410347
2024-03-20,financial_conditions_shift,2024-02-07,-28,0.032468631863594055
2024-03-20,financial_conditions_shift,2024-02-08,-27,0.03440594673156738
2024-03-20,financial_conditions_shift,2024-02-09,-26,0.030875595286488533
2024-03-20,financial_conditions_shift,2024-02-12,-25,0.03294108435511589
2024-03-20,financial_conditions_shift,2024-02-13,-24,0.029071157798171043
2024-03-20,financial_conditions_shift,2024-02-14,-23,0.03072093427181244
2024-03-20,financial_conditions_shift,2024-02-15,-22,0.030497608706355095
2024-03-20,financial_conditions_shift,2024-02-16,-21,0.030494168400764465
2024-03-20,financial_conditions_shift,2024-02-20,-20,0.03005330264568329
2024-03-20,financial_conditions_shift,2024-02-21,-19,0.0328356996178627
2024-03-20,financial_conditions_shift,2024-02-22,-18,0.02874103933572769
2024-03-20,financial_conditions_shift,2024-02-23,-17,0.029027059674263
2024-03-20,financial_conditions_shift,2024-02-26,-16,0.03235320746898651
2024-03-20,financial_conditions_shift,2024-02-27,-15,0.02882688120007515
2024-03-20,financial_conditions_shift,2024-02-28,-14,0.03134511038661003
2024-03-20,financial_conditions_shift,2024-02-29,-13,0.028670817613601685
2024-03-20,financial_conditions_shift,2024-03-01,-12,0.031852029263973236
2024-03-20,financial_conditions_shift,2024-03-04,-11,0.02974804863333702
2024-03-20,financial_conditions_shift,2024-03-05,-10,0.031209200620651245
2024-03-20,financial_conditions_shift,2024-03-06,-9,0.02904750034213066
2024-03-20,financial_conditions_shift,2024-03-07,-8,0.028571389615535736
2024-03-20,financial_conditions_shift,2024-03-08,-7,0.028028765693306923
2024-03-20,financial_conditions_shift,2024-03-11,-6,0.026113387197256088
2024-03-20,financial_conditions_shift,2024-03-12,-5,0.026493322104215622
2024-03-20,financial_conditions_shift,2024-03-13,-4,0.027529386803507805
2024-03-20,financial_conditions_shift,2024-03-14,-3,0.028322257101535797
2024-03-20,financial_conditions_shift,2024-03-15,-2,0.029526356607675552
2024-03-20,financial_conditions_shift,2024-03-18,-1,0.028964921832084656
2024-03-20,financial_conditions_shift,2024-03-19,0,0.02863733470439911
2024-03-20,balance_sheet_policy_shift,2024-02-01,-32,0.03225161135196686
2024-03-20,balance_sheet_policy_shift,2024-02-02,-31,0.03520790860056877
2024-03-20,balance_sheet_policy_shift,2024-02-05,-30,0.031121043488383293
2024-03-20,balance_sheet_policy_shift,2024-02-06,-29,0.029995374381542206
2024-03-20,balance_sheet_policy_shift,2024-02-07,-28,0.02876858040690422
2024-03-20,balance_sheet_policy_shift,2024-02-08,-27,0.03227004408836365
2024-03-20,balance_sheet_policy_shift,2024-02-09,-26,0.029209263622760773
2024-03-20,balance_sheet_policy_shift,2024-02-12,-25,0.029091259464621544
2024-03-20,balance_sheet_policy_shift,2024-02-13,-24,0.02890084870159626
2024-03-20,balance_sheet_policy_shift,2024-02-14,-23,0.030738888308405876
2024-03-20,balance_sheet_policy_shift,2024-02-15,-22,0.027623042464256287
2024-03-20,balance_sheet_policy_shift,2024-02-16,-21,0.029466265812516212
2024-03-20,balance_sheet_policy_shift,2024-02-20,-20,0.029421789571642876
2024-03-20,balance_sheet_policy_shift,2024-02-21,-19,0.030073147267103195
2024-03-20,balance_sheet_policy_shift,2024-02-22,-18,0.03006204403936863
2024-03-20,balance_sheet_policy_shift,2024-02-23,-17,0.030340643599629402
2024-03-20,balance_sheet_policy_shift,2024-02-26,-16,0.031626150012016296
2024-03-20,balance_sheet_policy_shift,2024-02-27,-15,0.031676359474658966
2024-03-20,balance_sheet_policy_shift,2024-02-28,-14,0.032419949769973755
2024-03-20,balance_sheet_policy_shift,2024-02-29,-13,0.030937133356928825
2024-03-20,balance_sheet_policy_shift,2024-03-01,-12,0.034571804106235504
2024-03-20,balance_sheet_policy_shift,2024-03-04,-11,0.031695593148469925
2024-03-20,balance_sheet_policy_shift,2024-03-05,-10,0.0334995873272419
2024-03-20,balance_sheet_policy_shift,2024-03-06,-9,0.03188719600439072
2024-03-20,balance_sheet_policy_shift,2024-03-07,-8,0.030858807265758514
2024-03-20,balance_sheet_policy_shift,2024-03-08,-7,0.02991452068090439
2024-03-20,balance_sheet_policy_shift,2024-03-11,-6,0.026117421686649323
2024-03-20,balance_sheet_policy_shift,2024-03-12,-5,0.02694566361606121
2024-03-20,balance_sheet_policy_shift,2024-03-13,-4,0.02708910033106804
2024-03-20,balance_sheet_policy_shift,2024-03-14,-3,0.028246581554412842
2024-03-20,balance_sheet_policy_shift,2024-03-15,-2,0.02988741546869278
2024-03-20,balance_sheet_policy_shift,2024-03-18,-1,0.0289333276450634
2024-03-20,balance_sheet_policy_shift,2024-03-19,0,0.029151637107133865
2024-03-20,risk_balance_shift,2024-02-01,-32,0.035523250699043274
2024-03-20,risk_balance_shift,2024-02-02,-31,0.03352293744683266
2024-03-20,risk_balance_shift,2024-02-05,-30,0.02952665463089943
2024-03-20,risk_balance_shift,2024-02-06,-29,0.03150776028633118
2024-03-20,risk_balance_shift,2024-02-07,-28,0.034623708575963974
2024-03-20,risk_balance_shift,2024-02-08,-27,0.033002082258462906
2024-03-20,risk_balance_shift,2024-02-09,-26,0.030642129480838776
2024-03-20,risk_balance_shift,2024-02-12,-25,0.032677531242370605
2024-03-20,risk_balance_shift,2024-02-13,-24,0.028089337050914764
2024-03-20,risk_balance_shift,2024-02-14,-23,0.030085239559412003
2024-03-20,risk_balance_shift,2024-02-15,-22,0.0317966490983963
2024-03-20,risk_balance_shift,2024-02-16,-21,0.029943231493234634
2024-03-20,risk_balance_shift,2024-02-20,-20,0.02975333482027054
2024-03-20,risk_balance_shift,2024-02-21,-19,0.032331351190805435
2024-03-20,risk_balance_shift,2024-02-22,-18,0.02802266925573349
2024-03-20,risk_balance_shift,2024-02-23,-17,0.029583755880594254
2024-03-20,risk_balance_shift,2024-02-26,-16,0.03254743665456772
2024-03-20,risk_balance_shift,2024-02-27,-15,0.028139974921941757
2024-03-20,risk_balance_shift,2024-02-28,-14,0.03040599450469017
2024-03-20,risk_balance_shift,2024-02-29,-13,0.028691012412309647
2024-03-20,risk_balance_shift,2024-03-01,-12,0.03026105836033821
2024-03-20,risk_balance_shift,2024-03-04,-11,0.02971806563436985
2024-03-20,risk_balance_shift,2024-03-05,-10,0.03049495816230774
2024-03-20,risk_balance_shift,2024-03-06,-9,0.029258685186505318
2024-03-20,risk_balance_shift,2024-03-07,-8,0.028741857036948204
2024-03-20,risk_balance_shift,2024-03-08,-7,0.029428765177726746
2024-03-20,risk_balance_shift,2024-03-11,-6,0.028443600982427597
2024-03-20,risk_balance_shift,2024-03-12,-5,0.028334971517324448
2024-03-20,risk_balance_shift,2024-03-13,-4,0.028247231617569923
2024-03-20,risk_balance_shift,2024-03-14,-3,0.028853226453065872
2024-03-20,risk_balance_shift,2024-03-15,-2,0.029174048453569412
2024-03-20,risk_balance_shift,2024-03-18,-1,0.02905132621526718
2024-03-20,risk_balance_shift,2024-03-19,0,0.029576187953352928
2024-03-20,committee_dispersion,2024-02-01,-32,0.032872382551431656
2024-03-20,committee_dispersion,2024-02-02,-31,0.03603673726320267
2024-03-20,committee_dispersion,2024-02-05,-30,0.030739348381757736
2024-03-20,committee_dispersion,2024-02-06,-29,0.029865147545933723
2024-03-20,committee_dispersion,2024-02-07,-28,0.02880255877971649
2024-03-20,committee_dispersion,2024-02-08,-27,0.03374896198511124
2024-03-20,committee_dispersion,2024-02-09,-26,0.02921655774116516
2024-03-20,committee_dispersion,2024-02-12,-25,0.02943919226527214
2024-03-20,committee_dispersion,2024-02-13,-24,0.029280267655849457
2024-03-20,committee_dispersion,2024-02-14,-23,0.03067762777209282
2024-03-20,committee_dispersion,2024-02-15,-22,0.027945969253778458
2024-03-20,committee_dispersion,2024-02-16,-21,0.02995460294187069
2024-03-20,committee_dispersion,2024-02-20,-20,0.029682738706469536
2024-03-20,committee_dispersion,2024-02-21,-19,0.030505932867527008
2024-03-20,committee_dispersion,2024-02-22,-18,0.030230235308408737
2024-03-20,committee_dispersion,2024-02-23,-17,0.030796434730291367
2024-03-20,committee_dispersion,2024-02-26,-16,0.03176877647638321
2024-03-20,committee_dispersion,2024-02-27,-15,0.03191196173429489
2024-03-20,committee_dispersion,2024-02-28,-14,0.03232436627149582
2024-03-20,committee_dispersion,2024-02-29,-13,0.030928753316402435
2024-03-20,committee_dispersion,2024-03-01,-12,0.03436427563428879
2024-03-20,committee_dispersion,2024-03-04,-11,0.03173724561929703
2024-03-20,committee_dispersion,2024-03-05,-10,0.032982535660266876
2024-03-20,committee_dispersion,2024-03-06,-9,0.03168265521526337
2024-03-20,committee_dispersion,2024-03-07,-8,0.030220884829759598
2024-03-20,committee_dispersion,2024-03-08,-7,0.02920468896627426
2024-03-20,committee_dispersion,2024-03-11,-6,0.024985263124108315
2024-03-20,committee_dispersion,2024-03-12,-5,0.0256981048732996
2024-03-20,committee_dispersion,2024-03-13,-4,0.026217108592391014
2024-03-20,committee_dispersion,2024-03-14,-3,0.027844689786434174
2024-03-20,committee_dispersion,2024-03-15,-2,0.029929261654615402
2024-03-20,committee_dispersion,2024-03-18,-1,0.029091309756040573
2024-03-20,committee_dispersion,2024-03-19,0,0.029313450679183006
2024-03-20,policy_uncertainty,2024-02-01,-32,0.034199390560388565
2024-03-20,policy_uncertainty,2024-02-02,-31,0.03642859682440758
2024-03-20,policy_uncertainty,2024-02-05,-30,0.030992228537797928
2024-03-20,policy_uncertainty,2024-02-06,-29,0.030243773013353348
2024-03-20,policy_uncertainty,2024-02-07,-28,0.03138815984129906
2024-03-20,policy_uncertainty,2024-02-08,-27,0.03254856914281845
2024-03-20,policy_uncertainty,2024-02-09,-26,0.030428258702158928
2024-03-20,policy_uncertainty,2024-02-12,-25,0.031493544578552246
2024-03-20,policy_uncertainty,2024-02-13,-24,0.029298987239599228
2024-03-20,policy_uncertainty,2024-02-14,-23,0.030176252126693726
2024-03-20,policy_uncertainty,2024-02-15,-22,0.02976345457136631
2024-03-20,policy_uncertainty,2024-02-16,-21,0.029847048223018646
2024-03-20,policy_uncertainty,2024-02-20,-20,0.02984617091715336
2024-03-20,policy_uncertainty,2024-02-21,-19,0.033111028373241425
2024-03-20,policy_uncertainty,2024-02-22,-18,0.029200250282883644
2024-03-20,policy_uncertainty,2024-02-23,-17,0.030152801424264908
2024-03-20,policy_uncertainty,2024-02-26,-16,0.033770039677619934
2024-03-20,policy_uncertainty,2024-02-27,-15,0.03011574223637581
2024-03-20,policy_uncertainty,2024-02-28,-14,0.03130248561501503
2024-03-20,policy_uncertainty,2024-02-29,-13,0.029423557221889496
2024-03-20,policy_uncertainty,2024-03-01,-12,0.031114013865590096
2024-03-20,policy_uncertainty,2024-03-04,-11,0.03009861893951893
2024-03-20,policy_uncertainty,2024-03-05,-10,0.030855471268296242
2024-03-20,policy_uncertainty,2024-03-06,-9,0.02983544021844864
2024-03-20,policy_uncertainty,2024-03-07,-8,0.02892189472913742
2024-03-20,policy_uncertainty,2024-03-08,-7,0.02905883640050888
2024-03-20,policy_uncertainty,2024-03-11,-6,0.026943963021039963
2024-03-20,policy_uncertainty,2024-03-12,-5,0.027988502755761147
2024-03-20,policy_uncertainty,2024-03-13,-4,0.02765617147088051
2024-03-20,policy_uncertainty,2024-03-14,-3,0.028342850506305695
2024-03-20,policy_uncertainty,2024-03-15,-2,0.02854783460497856
2024-03-20,policy_uncertainty,2024-03-18,-1,0.028340589255094528
2024-03-20,policy_uncertainty,2024-03-19,0,0.02856549620628357
2024-03-20,forward_guidance_strength,2024-02-01,-32,0.035872913897037506
2024-03-20,forward_guidance_strength,2024-02-02,-31,0.030783670023083687
2024-03-20,forward_guidance_strength,2024-02-05,-30,0.029567133635282516
2024-03-20,forward_guidance_strength,2024-02-06,-29,0.03234533593058586
2024-03-20,forward_guidance_strength,2024-02-07,-28,0.03485475108027458
2024-03-20,forward_guidance_strength,2024-02-08,-27,0.03411133587360382
2024-03-20,forward_guidance_strength,2024-02-09,-26,0.03150217980146408
2024-03-20,forward_guidance_strength,2024-02-12,-25,0.035129062831401825
2024-03-20,forward_guidance_strength,2024-02-13,-24,0.027912864461541176
2024-03-20,forward_guidance_strength,2024-02-14,-23,0.030268289148807526
2024-03-20,forward_guidance_strength,2024-02-15,-22,0.033888477832078934
2024-03-20,forward_guidance_strength,2024-02-16,-21,0.0303488839417696
2024-03-20,forward_guidance_strength,2024-02-20,-20,0.030508775264024734
2024-03-20,forward_guidance_strength,2024-02-21,-19,0.03277914226055145
2024-03-20,forward_guidance_strength,2024-02-22,-18,0.027308715507388115
2024-03-20,forward_guidance_strength,2024-02-23,-17,0.028890281915664673
2024-03-20,forward_guidance_strength,2024-02-26,-16,0.030988087877631187
2024-03-20,forward_guidance_strength,2024-02-27,-15,0.027546226978302002
2024-03-20,forward_guidance_strength,2024-02-28,-14,0.0307597815990448
2024-03-20,forward_guidance_strength,2024-02-29,-13,0.02835005149245262
2024-03-20,forward_guidance_strength,2024-03-01,-12,0.029516346752643585
2024-03-20,forward_guidance_strength,2024-03-04,-11,0.029199868440628052
2024-03-20,forward_guidance_strength,2024-03-05,-10,0.030191853642463684
2024-03-20,forward_guidance_strength,2024-03-06,-9,0.02844691090285778
2024-03-20,forward_guidance_strength,2024-03-07,-8,0.02853221818804741
2024-03-20,forward_guidance_strength,2024-03-08,-7,0.029408032074570656
2024-03-20,forward_guidance_strength,2024-03-11,-6,0.029100658372044563
2024-03-20,forward_guidance_strength,2024-03-12,-5,0.02837333083152771
2024-03-20,forward_guidance_strength,2024-03-13,-4,0.028654906898736954
2024-03-20,forward_guidance_strength,2024-03-14,-3,0.027909625321626663
2024-03-20,forward_guidance_strength,2024-03-15,-2,0.028103146702051163
2024-03-20,forward_guidance_strength,2024-03-18,-1,0.02860107459127903
2024-03-20,forward_guidance_strength,2024-03-19,0,0.030246078968048096
2024-05-01,rate_decision,2024-03-21,-27,0.03517741337418556
2024-05-01,rate_decision,2024-03-22,-26,0.03510374575853348
2024-05-01,rate_decision,2024-03-25,-25,0.03780174255371094
2024-05-01,rate_decision,2024-03-26,-24,0.03638123720884323
2024-05-01,rate_decision,2024-03-27,-23,0.03676695376634598
2024-05-01,rate_decision,2024-03-28,-22,0.03770824521780014
2024-05-01,rate_decision,2024-04-01,-21,0.0336063876748085
2024-05-01,rate_decision,2024-04-02,-20,0.034870896488428116
2024-05-01,rate_decision,2024-04-03,-19,0.03480817750096321
2024-05-01,rate_decision,2024-04-04,-18,0.03512435778975487
2024-05-01,rate_decision,2024-04-05,-17,0.03506904095411301
2024-05-01,rate_decision,2024-04-08,-16,0.03718341141939163
2024-05-01,rate_decision,2024-04-09,-15,0.03751838207244873
2024-05-01,rate_decision,2024-04-10,-14,0.03581894561648369
2024-05-01,rate_decision,2024-04-11,-13,0.03371677175164223
2024-05-01,rate_decision,2024-04-12,-12,0.03554126247763634
2024-05-01,rate_decision,2024-04-15,-11,0.03324674069881439
2024-05-01,rate_decision,2024-04-16,-10,0.03321767598390579
2024-05-01,rate_decision,2024-04-17,-9,0.034353069961071014
2024-05-01,rate_decision,2024-04-18,-8,0.03509962931275368
2024-05-01,rate_decision,2024-04-19,-7,0.032653216272592545
2024-05-01,rate_decision,2024-04-22,-6,0.0348474457859993
2024-05-01,rate_decision,2024-04-23,-5,0.03593163564801216
2024-05-01,rate_decision,2024-04-24,-4,0.041772618889808655
2024-05-01,rate_decision,2024-04-25,-3,0.03690828010439873
2024-05-01,rate_decision,2024-04-26,-2,0.03654605895280838
2024-05-01,rate_decision,2024-04-29,-1,0.039600126445293427
2024-05-01,rate_decision,2024-04-30,0,0.03362654149532318
2024-05-01,current_policy_stance,2024-03-21,-27,0.030304711312055588
2024-05-01,current_policy_stance,2024-03-22,-26,0.031119072809815407
2024-05-01,current_policy_stance,2024-03-25,-25,0.03308616951107979
2024-05-01,current_policy_stance,2024-03-26,-24,0.03516210988163948
2024-05-01,current_policy_stance,2024-03-27,-23,0.03808554261922836
2024-05-01,current_policy_stance,2024-03-28,-22,0.03850548341870308
2024-05-01,current_policy_stance,2024-04-01,-21,0.03145594522356987
2024-05-01,current_policy_stance,2024-04-02,-20,0.03186675161123276
2024-05-01,current_policy_stance,2024-04-03,-19,0.03534075990319252
2024-05-01,current_policy_stance,2024-04-04,-18,0.0364479161798954
2024-05-01,current_policy_stance,2024-04-05,-17,0.03765376657247543
2024-05-01,current_policy_stance,2024-04-08,-16,0.03666304424405098
2024-05-01,current_policy_stance,2024-04-09,-15,0.04191531985998154
2024-05-01,current_policy_stance,2024-04-10,-14,0.03462107479572296
2024-05-01,current_policy_stance,2024-04-11,-13,0.03370376303792
2024-05-01,current_policy_stance,2024-04-12,-12,0.038035161793231964
2024-05-01,current_policy_stance,2024-04-15,-11,0.03612585738301277
2024-05-01,current_policy_stance,2024-04-16,-10,0.033708490431308746
2024-05-01,current_policy_stance,2024-04-17,-9,0.03891102969646454
2024-05-01,current_policy_stance,2024-04-18,-8,0.03695181757211685
2024-05-01,current_policy_stance,2024-04-19,-7,0.0351567268371582
2024-05-01,current_policy_stance,2024-04-22,-6,0.03597728908061981
2024-05-01,current_policy_stance,2024-04-23,-5,0.037449270486831665
2024-05-01,current_policy_stance,2024-04-24,-4,0.038351595401763916
2024-05-01,current_policy_stance,2024-04-25,-3,0.0341901034116745
2024-05-01,current_policy_stance,2024-04-26,-2,0.035295307636260986
2024-05-01,current_policy_stance,2024-04-29,-1,0.03844026103615761
2024-05-01,current_policy_stance,2024-04-30,0,0.035475656390190125
2024-05-01,policy_stance_shift,2024-03-21,-27,0.03008308634161949
2024-05-01,policy_stance_shift,2024-03-22,-26,0.03157852962613106
2024-05-01,policy_stance_shift,2024-03-25,-25,0.03245190531015396
2024-05-01,policy_stance_shift,2024-03-26,-24,0.03495493158698082
2024-05-01,policy_stance_shift,2024-03-27,-23,0.037676479667425156
2024-05-01,policy_stance_shift,2024-03-28,-22,0.03716577962040901
2024-05-01,policy_stance_shift,2024-04-01,-21,0.03156080096960068
2024-05-01,policy_stance_shift,2024-04-02,-20,0.031197860836982727
2024-05-01,policy_stance_shift,2024-04-03,-19,0.034245993942022324
2024-05-01,policy_stance_shift,2024-04-04,-18,0.035311393439769745
2024-05-01,policy_stance_shift,2024-04-05,-17,0.03554477542638779
2024-05-01,policy_stance_shift,2024-04-08,-16,0.03719153627753258
2024-05-01,policy_stance_shift,2024-04-09,-15,0.04127500578761101
2024-05-01,policy_stance_shift,2024-04-10,-14,0.0349833182990551
2024-05-01,policy_stance_shift,2024-04-11,-13,0.03495347872376442
2024-05-01,policy_stance_shift,2024-04-12,-12,0.03792458772659302
2024-05-01,policy_stance_shift,2024-04-15,-11,0.03691345453262329
2024-05-01,policy_stance_shift,2024-04-16,-10,0.03509882465004921
2024-05-01,policy_stance_shift,2024-04-17,-9,0.03953156620264053
2024-05-01,policy_stance_shift,2024-04-18,-8,0.03851473331451416
2024-05-01,policy_stance_shift,2024-04-19,-7,0.03503543138504028
2024-05-01,policy_stance_shift,2024-04-22,-6,0.035689741373062134
2024-05-01,policy_stance_shift,2024-04-23,-5,0.037585534155368805
2024-05-01,policy_stance_shift,2024-04-24,-4,0.03957062214612961
2024-05-01,policy_stance_shift,2024-04-25,-3,0.035275883972644806
2024-05-01,policy_stance_shift,2024-04-26,-2,0.03557366132736206
2024-05-01,policy_stance_shift,2024-04-29,-1,0.03628621995449066
2024-05-01,policy_stance_shift,2024-04-30,0,0.03682485967874527
2024-05-01,expected_rate_path_shift,2024-03-21,-27,0.02955899015069008
2024-05-01,expected_rate_path_shift,2024-03-22,-26,0.030348319560289383
2024-05-01,expected_rate_path_shift,2024-03-25,-25,0.032277192920446396
2024-05-01,expected_rate_path_shift,2024-03-26,-24,0.03427630662918091
2024-05-01,expected_rate_path_shift,2024-03-27,-23,0.03775664046406746
2024-05-01,expected_rate_path_shift,2024-03-28,-22,0.03843935579061508
2024-05-01,expected_rate_path_shift,2024-04-01,-21,0.03140716999769211
2024-05-01,expected_rate_path_shift,2024-04-02,-20,0.03186814859509468
2024-05-01,expected_rate_path_shift,2024-04-03,-19,0.035616204142570496
2024-05-01,expected_rate_path_shift,2024-04-04,-18,0.036896511912345886
2024-05-01,expected_rate_path_shift,2024-04-05,-17,0.038281071931123734
2024-05-01,expected_rate_path_shift,2024-04-08,-16,0.037046708166599274
2024-05-01,expected_rate_path_shift,2024-04-09,-15,0.042927347123622894
2024-05-01,expected_rate_path_shift,2024-04-10,-14,0.0351845845580101
2024-05-01,expected_rate_path_shift,2024-04-11,-13,0.03399108350276947
2024-05-01,expected_rate_path_shift,2024-04-12,-12,0.03879257291555405
2024-05-01,expected_rate_path_shift,2024-04-15,-11,0.036181431263685226
2024-05-01,expected_rate_path_shift,2024-04-16,-10,0.033563509583473206
2024-05-01,expected_rate_path_shift,2024-04-17,-9,0.0388508215546608
2024-05-01,expected_rate_path_shift,2024-04-18,-8,0.036743320524692535
2024-05-01,expected_rate_path_shift,2024-04-19,-7,0.03490095213055611
2024-05-01,expected_rate_path_shift,2024-04-22,-6,0.03621974214911461
2024-05-01,expected_rate_path_shift,2024-04-23,-5,0.03724359720945358
2024-05-01,expected_rate_path_shift,2024-04-24,-4,0.037943288683891296
2024-05-01,expected_rate_path_shift,2024-04-25,-3,0.03372983634471893
2024-05-01,expected_rate_path_shift,2024-04-26,-2,0.0352298766374588
2024-05-01,expected_rate_path_shift,2024-04-29,-1,0.03949333354830742
2024-05-01,expected_rate_path_shift,2024-04-30,0,0.035232074558734894
2024-05-01,inflation_assessment_shift,2024-03-21,-27,0.030132604762911797
2024-05-01,inflation_assessment_shift,2024-03-22,-26,0.030733415856957436
2024-05-01,inflation_assessment_shift,2024-03-25,-25,0.032905273139476776
2024-05-01,inflation_assessment_shift,2024-03-26,-24,0.034759849309921265
2024-05-01,inflation_assessment_shift,2024-03-27,-23,0.03802279010415077
2024-05-01,inflation_assessment_shift,2024-03-28,-22,0.03849161043763161
2024-05-01,inflation_assessment_shift,2024-04-01,-21,0.031407859176397324
2024-05-01,inflation_assessment_shift,2024-04-02,-20,0.032415974885225296
2024-05-01,inflation_assessment_shift,2024-04-03,-19,0.036068834364414215
2024-05-01,inflation_assessment_shift,2024-04-04,-18,0.037044018507003784
2024-05-01,inflation_assessment_shift,2024-04-05,-17,0.03899853304028511
2024-05-01,inflation_assessment_shift,2024-04-08,-16,0.03696451336145401
2024-05-01,inflation_assessment_shift,2024-04-09,-15,0.04283548519015312
2024-05-01,inflation_assessment_shift,2024-04-10,-14,0.03467104211449623
2024-05-01,inflation_assessment_shift,2024-04-11,-13,0.03364032506942749
2024-05-01,inflation_assessment_shift,2024-04-12,-12,0.03856753930449486
2024-05-01,inflation_assessment_shift,2024-04-15,-11,0.035334184765815735
2024-05-01,inflation_assessment_shift,2024-04-16,-10,0.03321751579642296
2024-05-01,inflation_assessment_shift,2024-04-17,-9,0.038768745958805084
2024-05-01,inflation_assessment_shift,2024-04-18,-8,0.035685714334249496
2024-05-01,inflation_assessment_shift,2024-04-19,-7,0.03463977575302124
2024-05-01,inflation_assessment_shift,2024-04-22,-6,0.036413632333278656
2024-05-01,inflation_assessment_shift,2024-04-23,-5,0.0372406467795372
2024-05-01,inflation_assessment_shift,2024-04-24,-4,0.03739408776164055
2024-05-01,inflation_assessment_shift,2024-04-25,-3,0.0339539460837841
2024-05-01,inflation_assessment_shift,2024-04-26,-2,0.03548642620444298
2024-05-01,inflation_assessment_shift,2024-04-29,-1,0.039556413888931274
2024-05-01,inflation_assessment_shift,2024-04-30,0,0.03464927524328232
2024-05-01,inflation_risk_shift,2024-03-21,-27,0.03357669338583946
2024-05-01,inflation_risk_shift,2024-03-22,-26,0.03420748561620712
2024-05-01,inflation_risk_shift,2024-03-25,-25,0.034331899136304855
2024-05-01,inflation_risk_shift,2024-03-26,-24,0.03654351085424423
2024-05-01,inflation_risk_shift,2024-03-27,-23,0.03826824203133583
2024-05-01,inflation_risk_shift,2024-03-28,-22,0.03698284551501274
2024-05-01,inflation_risk_shift,2024-04-01,-21,0.033522311598062515
2024-05-01,inflation_risk_shift,2024-04-02,-20,0.0308297760784626
2024-05-01,inflation_risk_shift,2024-04-03,-19,0.03183956444263458
2024-05-01,inflation_risk_shift,2024-04-04,-18,0.033416662365198135
2024-05-01,inflation_risk_shift,2024-04-05,-17,0.03311317786574364
2024-05-01,inflation_risk_shift,2024-04-08,-16,0.036356713622808456
2024-05-01,inflation_risk_shift,2024-04-09,-15,0.038123149424791336
2024-05-01,inflation_risk_shift,2024-04-10,-14,0.035664431750774384
2024-05-01,inflation_risk_shift,2024-04-11,-13,0.03611917048692703
2024-05-01,inflation_risk_shift,2024-04-12,-12,0.035140302032232285
2024-05-01,inflation_risk_shift,2024-04-15,-11,0.037858664989471436
2024-05-01,inflation_risk_shift,2024-04-16,-10,0.03516378998756409
2024-05-01,inflation_risk_shift,2024-04-17,-9,0.03642503172159195
2024-05-01,inflation_risk_shift,2024-04-18,-8,0.039582330733537674
2024-05-01,inflation_risk_shift,2024-04-19,-7,0.03515540808439255
2024-05-01,inflation_risk_shift,2024-04-22,-6,0.03386921435594559
2024-05-01,inflation_risk_shift,2024-04-23,-5,0.0373535230755806
2024-05-01,inflation_risk_shift,2024-04-24,-4,0.03927580639719963
2024-05-01,inflation_risk_shift,2024-04-25,-3,0.03838730603456497
2024-05-01,inflation_risk_shift,2024-04-26,-2,0.03582772985100746
2024-05-01,inflation_risk_shift,2024-04-29,-1,0.034851498901844025
2024-05-01,inflation_risk_shift,2024-04-30,0,0.03821380063891411
2024-05-01,unemployment_assessment_shift,2024-03-21,-27,0.029631642624735832
2024-05-01,unemployment_assessment_shift,2024-03-22,-26,0.030519025400280952
2024-05-01,unemployment_assessment_shift,2024-03-25,-25,0.03236857429146767
2024-05-01,unemployment_assessment_shift,2024-03-26,-24,0.03429219126701355
2024-05-01,unemployment_assessment_shift,2024-03-27,-23,0.036833688616752625
2024-05-01,unemployment_assessment_shift,2024-03-28,-22,0.03814488276839256
2024-05-01,unemployment_assessment_shift,2024-04-01,-21,0.03250347077846527
2024-05-01,unemployment_assessment_shift,2024-04-02,-20,0.031469374895095825
2024-05-01,unemployment_assessment_shift,2024-04-03,-19,0.0345318503677845
2024-05-01,unemployment_assessment_shift,2024-04-04,-18,0.0358714833855629
2024-05-01,unemployment_assessment_shift,2024-04-05,-17,0.03726130351424217
2024-05-01,unemployment_assessment_shift,2024-04-08,-16,0.03657953068614006
2024-05-01,unemployment_assessment_shift,2024-04-09,-15,0.041605234146118164
2024-05-01,unemployment_assessment_shift,2024-04-10,-14,0.036492977291345596
2024-05-01,unemployment_assessment_shift,2024-04-11,-13,0.034899644553661346
2024-05-01,unemployment_assessment_shift,2024-04-12,-12,0.03779736906290054
2024-05-01,unemployment_assessment_shift,2024-04-15,-11,0.03825584426522255
2024-05-01,unemployment_assessment_shift,2024-04-16,-10,0.03473658859729767
2024-05-01,unemployment_assessment_shift,2024-04-17,-9,0.03816661983728409
2024-05-01,unemployment_assessment_shift,2024-04-18,-8,0.03886419162154198
2024-05-01,unemployment_assessment_shift,2024-04-19,-7,0.03458544611930847
2024-05-01,unemployment_assessment_shift,2024-04-22,-6,0.03460505232214928
2024-05-01,unemployment_assessment_shift,2024-04-23,-5,0.036604221910238266
2024-05-01,unemployment_assessment_shift,2024-04-24,-4,0.038551174104213715
2024-05-01,unemployment_assessment_shift,2024-04-25,-3,0.03512214869260788
2024-05-01,unemployment_assessment_shift,2024-04-26,-2,0.03455581143498421
2024-05-01,unemployment_assessment_shift,2024-04-29,-1,0.038139984011650085
2024-05-01,unemployment_assessment_shift,2024-04-30,0,0.03701068460941315
2024-05-01,labor_market_risk_shift,2024-03-21,-27,0.030775297433137894
2024-05-01,labor_market_risk_shift,2024-03-22,-26,0.031920745968818665
2024-05-01,labor_market_risk_shift,2024-03-25,-25,0.03261565417051315
2024-05-01,labor_market_risk_shift,2024-03-26,-24,0.03473549336194992
2024-05-01,labor_market_risk_shift,2024-03-27,-23,0.03779777139425278
2024-05-01,labor_market_risk_shift,2024-03-28,-22,0.03823485225439072
2024-05-01,labor_market_risk_shift,2024-04-01,-21,0.031996212899684906
2024-05-01,labor_market_risk_shift,2024-04-02,-20,0.030456559732556343
2024-05-01,labor_market_risk_shift,2024-04-03,-19,0.033601149916648865
2024-05-01,labor_market_risk_shift,2024-04-04,-18,0.034783024340867996
2024-05-01,labor_market_risk_shift,2024-04-05,-17,0.03446440026164055
2024-05-01,labor_market_risk_shift,2024-04-08,-16,0.036836910992860794
2024-05-01,labor_market_risk_shift,2024-04-09,-15,0.04045615717768669
2024-05-01,labor_market_risk_shift,2024-04-10,-14,0.03492917865514755
2024-05-01,labor_market_risk_shift,2024-04-11,-13,0.03467746451497078
2024-05-01,labor_market_risk_shift,2024-04-12,-12,0.036900267004966736
2024-05-01,labor_market_risk_shift,2024-04-15,-11,0.03701281547546387
2024-05-01,labor_market_risk_shift,2024-04-16,-10,0.035172902047634125
2024-05-01,labor_market_risk_shift,2024-04-17,-9,0.038422420620918274
2024-05-01,labor_market_risk_shift,2024-04-18,-8,0.03868512064218521
2024-05-01,labor_market_risk_shift,2024-04-19,-7,0.035073403269052505
2024-05-01,labor_market_risk_shift,2024-04-22,-6,0.0354742631316185
2024-05-01,labor_market_risk_shift,2024-04-23,-5,0.03785444423556328
2024-05-01,labor_market_risk_shift,2024-04-24,-4,0.042404282838106155
2024-05-01,labor_market_risk_shift,2024-04-25,-3,0.03553071618080139
2024-05-01,labor_market_risk_shift,2024-04-26,-2,0.035371292382478714
2024-05-01,labor_market_risk_shift,2024-04-29,-1,0.037031032145023346
2024-05-01,labor_market_risk_shift,2024-04-30,0,0.036786168813705444
2024-05-01,growth_activity_shift,2024-03-21,-27,0.03294409066438675
2024-05-01,growth_activity_shift,2024-03-22,-26,0.03319765627384186
2024-05-01,growth_activity_shift,2024-03-25,-25,0.03352295607328415
2024-05-01,growth_activity_shift,2024-03-26,-24,0.035978712141513824
2024-05-01,growth_activity_shift,2024-03-27,-23,0.037539783865213394
2024-05-01,growth_activity_shift,2024-03-28,-22,0.03746584802865982
2024-05-01,growth_activity_shift,2024-04-01,-21,0.033631376922130585
2024-05-01,growth_activity_shift,2024-04-02,-20,0.030983896926045418
2024-05-01,growth_activity_shift,2024-04-03,-19,0.03261655196547508
2024-05-01,growth_activity_shift,2024-04-04,-18,0.03368983045220375
2024-05-01,growth_activity_shift,2024-04-05,-17,0.032840751111507416
2024-05-01,growth_activity_shift,2024-04-08,-16,0.036412663757801056
2024-05-01,growth_activity_shift,2024-04-09,-15,0.03888178616762161
2024-05-01,growth_activity_shift,2024-04-10,-14,0.03581613302230835
2024-05-01,growth_activity_shift,2024-04-11,-13,0.035463687032461166
2024-05-01,growth_activity_shift,2024-04-12,-12,0.035559557378292084
2024-05-01,growth_activity_shift,2024-04-15,-11,0.037966854870319366
2024-05-01,growth_activity_shift,2024-04-16,-10,0.035944003611803055
2024-05-01,growth_activity_shift,2024-04-17,-9,0.03686584532260895
2024-05-01,growth_activity_shift,2024-04-18,-8,0.04071415215730667
2024-05-01,growth_activity_shift,2024-04-19,-7,0.03497127443552017
2024-05-01,growth_activity_shift,2024-04-22,-6,0.03334163874387741
2024-05-01,growth_activity_shift,2024-04-23,-5,0.0365421399474144
2024-05-01,growth_activity_shift,2024-04-24,-4,0.04033809155225754
2024-05-01,growth_activity_shift,2024-04-25,-3,0.038122497498989105
2024-05-01,growth_activity_shift,2024-04-26,-2,0.035435937345027924
2024-05-01,growth_activity_shift,2024-04-29,-1,0.03498029708862305
2024-05-01,growth_activity_shift,2024-04-30,0,0.03823196515440941
2024-05-01,financial_conditions_shift,2024-03-21,-27,0.029691535979509354
2024-05-01,financial_conditions_shift,2024-03-22,-26,0.03032691963016987
2024-05-01,financial_conditions_shift,2024-03-25,-25,0.03233414888381958
2024-05-01,financial_conditions_shift,2024-03-26,-24,0.034075796604156494
2024-05-01,financial_conditions_shift,2024-03-27,-23,0.037689078599214554
2024-05-01,financial_conditions_shift,2024-03-28,-22,0.03849218785762787
2024-05-01,financial_conditions_shift,2024-04-01,-21,0.031338516622781754
2024-05-01,financial_conditions_shift,2024-04-02,-20,0.032301612198352814
2024-05-01,financial_conditions_shift,2024-04-03,-19,0.03586368262767792
2024-05-01,financial_conditions_shift,2024-04-04,-18,0.03704853355884552
2024-05-01,financial_conditions_shift,2024-04-05,-17,0.038672156631946564
2024-05-01,financial_conditions_shift,2024-04-08,-16,0.03722229599952698
2024-05-01,financial_conditions_shift,2024-04-09,-15,0.04307846352458
2024-05-01,financial_conditions_shift,2024-04-10,-14,0.03488526493310928
2024-05-01,financial_conditions_shift,2024-04-11,-13,0.033869363367557526
2024-05-01,financial_conditions_shift,2024-04-12,-12,0.038798704743385315
2024-05-01,financial_conditions_shift,2024-04-15,-11,0.03562621772289276
2024-05-01,financial_conditions_shift,2024-04-16,-10,0.03347766399383545
2024-05-01,financial_conditions_shift,2024-04-17,-9,0.03888177126646042
2024-05-01,financial_conditions_shift,2024-04-18,-8,0.036089520901441574
2024-05-01,financial_conditions_shift,2024-04-19,-7,0.03490854799747467
2024-05-01,financial_conditions_shift,2024-04-22,-6,0.03630521893501282
2024-05-01,financial_conditions_shift,2024-04-23,-5,0.03727590665221214
2024-05-01,financial_conditions_shift,2024-04-24,-4,0.03769194707274437
2024-05-01,financial_conditions_shift,2024-04-25,-3,0.034131623804569244
2024-05-01,financial_conditions_shift,2024-04-26,-2,0.03549470752477646
2024-05-01,financial_conditions_shift,2024-04-29,-1,0.03961356729269028
2024-05-01,financial_conditions_shift,2024-04-30,0,0.03481505811214447
2024-05-01,balance_sheet_policy_shift,2024-03-21,-27,0.03830179572105408
2024-05-01,balance_sheet_policy_shift,2024-03-22,-26,0.03807595372200012
2024-05-01,balance_sheet_policy_shift,2024-03-25,-25,0.036113932728767395
2024-05-01,balance_sheet_policy_shift,2024-03-26,-24,0.036910608410835266
2024-05-01,balance_sheet_policy_shift,2024-03-27,-23,0.03634323552250862
2024-05-01,balance_sheet_policy_shift,2024-03-28,-22,0.034549083560705185
2024-05-01,balance_sheet_policy_shift,2024-04-01,-21,0.03689936548471451
2024-05-01,balance_sheet_policy_shift,2024-04-02,-20,0.033748820424079895
2024-05-01,balance_sheet_policy_shift,2024-04-03,-19,0.03259628266096115
2024-05-01,balance_sheet_policy_shift,2024-04-04,-18,0.03355321288108826
2024-05-01,balance_sheet_policy_shift,2024-04-05,-17,0.03113781102001667
2024-05-01,balance_sheet_policy_shift,2024-04-08,-16,0.034937914460897446
2024-05-01,balance_sheet_policy_shift,2024-04-09,-15,0.03451089188456535
2024-05-01,balance_sheet_policy_shift,2024-04-10,-14,0.03589973971247673
2024-05-01,balance_sheet_policy_shift,2024-04-11,-13,0.03707392141222954
2024-05-01,balance_sheet_policy_shift,2024-04-12,-12,0.03416343405842781
2024-05-01,balance_sheet_policy_shift,2024-04-15,-11,0.03846004605293274
2024-05-01,balance_sheet_policy_shift,2024-04-16,-10,0.037085600197315216
2024-05-01,balance_sheet_policy_shift,2024-04-17,-9,0.03409946709871292
2024-05-01,balance_sheet_policy_shift,2024-04-18,-8,0.03913482651114464
2024-05-01,balance_sheet_policy_shift,2024-04-19,-7,0.035331420600414276
2024-05-01,balance_sheet_policy_shift,2024-04-22,-6,0.032604556530714035
2024-05-01,balance_sheet_policy_shift,2024-04-23,-5,0.03544141724705696
2024-05-01,balance_sheet_policy_shift,2024-04-24,-4,0.03732549026608467
2024-05-01,balance_sheet_policy_shift,2024-04-25,-3,0.03883632272481918
2024-05-01,balance_sheet_policy_shift,2024-04-26,-2,0.03593767061829567
2024-05-01,balance_sheet_policy_shift,2024-04-29,-1,0.032339081168174744
2024-05-01,balance_sheet_policy_shift,2024-04-30,0,0.03858809918165207
2024-05-01,risk_balance_shift,2024-03-21,-27,0.03365972265601158
2024-05-01,risk_balance_shift,2024-03-22,-26,0.03429306298494339
2024-05-01,risk_balance_shift,2024-03-25,-25,0.034012891352176666
2024-05-01,risk_balance_shift,2024-03-26,-24,0.035909976810216904
2024-05-01,risk_balance_shift,2024-03-27,-23,0.03719489648938179
2024-05-01,risk_balance_shift,2024-03-28,-22,0.03679446876049042
2024-05-01,risk_balance_shift,2024-04-01,-21,0.03492416441440582
2024-05-01,risk_balance_shift,2024-04-02,-20,0.03195321559906006
2024-05-01,risk_balance_shift,2024-04-03,-19,0.03293938934803009
2024-05-01,risk_balance_shift,2024-04-04,-18,0.03425794839859009
2024-05-01,risk_balance_shift,2024-04-05,-17,0.03188309445977211
2024-05-01,risk_balance_shift,2024-04-08,-16,0.035522643476724625
2024-05-01,risk_balance_shift,2024-04-09,-15,0.037795573472976685
2024-05-01,risk_balance_shift,2024-04-10,-14,0.035608381032943726
2024-05-01,risk_balance_shift,2024-04-11,-13,0.03611323982477188
2024-05-01,risk_balance_shift,2024-04-12,-12,0.036133576184511185
2024-05-01,risk_balance_shift,2024-04-15,-11,0.03826206177473068
2024-05-01,risk_balance_shift,2024-04-16,-10,0.035629838705062866
2024-05-01,risk_balance_shift,2024-04-17,-9,0.03608904406428337
2024-05-01,risk_balance_shift,2024-04-18,-8,0.040010444819927216
2024-05-01,risk_balance_shift,2024-04-19,-7,0.034142959862947464
2024-05-01,risk_balance_shift,2024-04-22,-6,0.032848674803972244
2024-05-01,risk_balance_shift,2024-04-23,-5,0.03646186739206314
2024-05-01,risk_balance_shift,2024-04-24,-4,0.04021988436579704
2024-05-01,risk_balance_shift,2024-04-25,-3,0.0379016138613224
2024-05-01,risk_balance_shift,2024-04-26,-2,0.035981204360723495
2024-05-01,risk_balance_shift,2024-04-29,-1,0.03498752787709236
2024-05-01,risk_balance_shift,2024-04-30,0,0.03846859186887741
2024-05-01,committee_dispersion,2024-03-21,-27,0.03950149565935135
2024-05-01,committee_dispersion,2024-03-22,-26,0.03850347548723221
2024-05-01,committee_dispersion,2024-03-25,-25,0.036319583654403687
2024-05-01,committee_dispersion,2024-03-26,-24,0.03659914433956146
2024-05-01,committee_dispersion,2024-03-27,-23,0.03531094640493393
2024-05-01,committee_dispersion,2024-03-28,-22,0.03374090418219566
2024-05-01,committee_dispersion,2024-04-01,-21,0.03739098832011223
2024-05-01,committee_dispersion,2024-04-02,-20,0.033875033259391785
2024-05-01,committee_dispersion,2024-04-03,-19,0.03252752870321274
2024-05-01,committee_dispersion,2024-04-04,-18,0.03364051505923271
2024-05-01,committee_dispersion,2024-04-05,-17,0.031463611871004105
2024-05-01,committee_dispersion,2024-04-08,-16,0.03423481434583664
2024-05-01,committee_dispersion,2024-04-09,-15,0.034052394330501556
2024-05-01,committee_dispersion,2024-04-10,-14,0.036551155149936676
2024-05-01,committee_dispersion,2024-04-11,-13,0.03716542571783066
2024-05-01,committee_dispersion,2024-04-12,-12,0.03420390188694
2024-05-01,committee_dispersion,2024-04-15,-11,0.039440784603357315
2024-05-01,committee_dispersion,2024-04-16,-10,0.03825697302818298
2024-05-01,committee_dispersion,2024-04-17,-9,0.03392951190471649
2024-05-01,committee_dispersion,2024-04-18,-8,0.038670219480991364
2024-05-01,committee_dispersion,2024-04-19,-7,0.03558441996574402
2024-05-01,committee_dispersion,2024-04-22,-6,0.032655660063028336
2024-05-01,committee_dispersion,2024-04-23,-5,0.034363649785518646
2024-05-01,committee_dispersion,2024-04-24,-4,0.03702624887228012
2024-05-01,committee_dispersion,2024-04-25,-3,0.0391087643802166
2024-05-01,committee_dispersion,2024-04-26,-2,0.03538898378610611
2024-05-01,committee_dispersion,2024-04-29,-1,0.03222926706075668
2024-05-01,committee_dispersion,2024-04-30,0,0.038264572620391846
2024-05-01,policy_uncertainty,2024-03-21,-27,0.03275906294584274
2024-05-01,policy_uncertainty,2024-03-22,-26,0.03366199880838394
2024-05-01,policy_uncertainty,2024-03-25,-25,0.03388771414756775
2024-05-01,policy_uncertainty,2024-03-26,-24,0.03519245237112045
2024-05-01,policy_uncertainty,2024-03-27,-23,0.037051670253276825
2024-05-01,policy_uncertainty,2024-03-28,-22,0.03732062876224518
2024-05-01,policy_uncertainty,2024-04-01,-21,0.03525027632713318
2024-05-01,policy_uncertainty,2024-04-02,-20,0.03124241903424263
2024-05-01,policy_uncertainty,2024-04-03,-19,0.03231898695230484
2024-05-01,policy_uncertainty,2024-04-04,-18,0.0330682247877121
2024-05-01,policy_uncertainty,2024-04-05,-17,0.03222053498029709
2024-05-01,policy_uncertainty,2024-04-08,-16,0.03584572672843933
2024-05-01,policy_uncertainty,2024-04-09,-15,0.037533316761255264
2024-05-01,policy_uncertainty,2024-04-10,-14,0.03662659972906113
2024-05-01,policy_uncertainty,2024-04-11,-13,0.035298049449920654
2024-05-01,policy_uncertainty,2024-04-12,-12,0.03527151048183441
2024-05-01,policy_uncertainty,2024-04-15,-11,0.03771195933222771
2024-05-01,policy_uncertainty,2024-04-16,-10,0.03508027642965317
2024-05-01,policy_uncertainty,2024-04-17,-9,0.035824015736579895
2024-05-01,policy_uncertainty,2024-04-18,-8,0.0405753031373024
2024-05-01,policy_uncertainty,2024-04-19,-7,0.0346149280667305
2024-05-01,policy_uncertainty,2024-04-22,-6,0.03401357680559158
2024-05-01,policy_uncertainty,2024-04-23,-5,0.037255097180604935
2024-05-01,policy_uncertainty,2024-04-24,-4,0.04234488680958748
2024-05-01,policy_uncertainty,2024-04-25,-3,0.038963682949543
2024-05-01,policy_uncertainty,2024-04-26,-2,0.03557448089122772
2024-05-01,policy_uncertainty,2024-04-29,-1,0.035422489047050476
2024-05-01,policy_uncertainty,2024-04-30,0,0.038070160895586014
2024-05-01,forward_guidance_strength,2024-03-21,-27,0.032149381935596466
2024-05-01,forward_guidance_strength,2024-03-22,-26,0.03294327110052109
2024-05-01,forward_guidance_strength,2024-03-25,-25,0.03333473950624466
2024-05-01,forward_guidance_strength,2024-03-26,-24,0.036520667374134064
2024-05-01,forward_guidance_strength,2024-03-27,-23,0.0376618392765522
2024-05-01,forward_guidance_strength,2024-03-28,-22,0.035900965332984924
2024-05-01,forward_guidance_strength,2024-04-01,-21,0.03282731771469116
2024-05-01,forward_guidance_strength,2024-04-02,-20,0.03208426758646965
2024-05-01,forward_guidance_strength,2024-04-03,-19,0.03317616879940033
2024-05-01,forward_guidance_strength,2024-04-04,-18,0.03467429056763649
2024-05-01,forward_guidance_strength,2024-04-05,-17,0.035785987973213196
2024-05-01,forward_guidance_strength,2024-04-08,-16,0.036628302186727524
2024-05-01,forward_guidance_strength,2024-04-09,-15,0.03928667679429054
2024-05-01,forward_guidance_strength,2024-04-10,-14,0.03469717130064964
2024-05-01,forward_guidance_strength,2024-04-11,-13,0.036359090358018875
2024-05-01,forward_guidance_strength,2024-04-12,-12,0.036813605576753616
2024-05-01,forward_guidance_strength,2024-04-15,-11,0.03781011700630188
2024-05-01,forward_guidance_strength,2024-04-16,-10,0.03604454919695854
2024-05-01,forward_guidance_strength,2024-04-17,-9,0.03878607228398323
2024-05-01,forward_guidance_strength,2024-04-18,-8,0.03811386600136757
2024-05-01,forward_guidance_strength,2024-04-19,-7,0.035474762320518494
2024-05-01,forward_guidance_strength,2024-04-22,-6,0.03448851779103279
2024-05-01,forward_guidance_strength,2024-04-23,-5,0.03600510582327843
2024-05-01,forward_guidance_strength,2024-04-24,-4,0.038190364837646484
2024-05-01,forward_guidance_strength,2024-04-25,-3,0.03679729998111725
2024-05-01,forward_guidance_strength,2024-04-26,-2,0.03577277064323425
2024-05-01,forward_guidance_strength,2024-04-29,-1,0.034351639449596405
2024-05-01,forward_guidance_strength,2024-04-30,0,0.037321172654628754
2024-06-12,rate_decision,2024-05-02,-27,0.033067263662815094
2024-06-12,rate_decision,2024-05-03,-26,0.033811137080192566
2024-06-12,rate_decision,2024-05-06,-25,0.03531886637210846
2024-06-12,rate_decision,2024-05-07,-24,0.03306844085454941
2024-06-12,rate_decision,2024-05-08,-23,0.03626229614019394
2024-06-12,rate_decision,2024-05-09,-22,0.037311963737010956
2024-06-12,rate_decision,2024-05-10,-21,0.03585744649171829
2024-06-12,rate_decision,2024-05-13,-20,0.035209715366363525
2024-06-12,rate_decision,2024-05-14,-19,0.03572975471615791
2024-06-12,rate_decision,2024-05-15,-18,0.0380527600646019
2024-06-12,rate_decision,2024-05-16,-17,0.04145495221018791
2024-06-12,rate_decision,2024-05-17,-16,0.034685470163822174
2024-06-12,rate_decision,2024-05-20,-15,0.037763141095638275
2024-06-12,rate_decision,2024-05-21,-14,0.03877078369259834
2024-06-12,rate_decision,2024-05-22,-13,0.035737037658691406
2024-06-12,rate_decision,2024-05-23,-12,0.03444555774331093
2024-06-12,rate_decision,2024-05-24,-11,0.036449845880270004
2024-06-12,rate_decision,2024-05-28,-10,0.03498796373605728
2024-06-12,rate_decision,2024-05-29,-9,0.03341355919837952
2024-06-12,rate_decision,2024-05-30,-8,0.03436903655529022
2024-06-12,rate_decision,2024-05-31,-7,0.034347571432590485
2024-06-12,rate_decision,2024-06-03,-6,0.03453164920210838
2024-06-12,rate_decision,2024-06-04,-5,0.03417261689901352
2024-06-12,rate_decision,2024-06-05,-4,0.03632586449384689
2024-06-12,rate_decision,2024-06-06,-3,0.035611193627119064
2024-06-12,rate_decision,2024-06-07,-2,0.0342298187315464
2024-06-12,rate_decision,2024-06-10,-1,0.03680916875600815
2024-06-12,rate_decision,2024-06-11,0,0.03820504993200302
2024-06-12,current_policy_stance,2024-05-02,-27,0.03604672849178314
2024-06-12,current_policy_stance,2024-05-03,-26,0.03666364401578903
2024-06-12,current_policy_stance,2024-05-06,-25,0.037767115980386734
2024-06-12,current_policy_stance,2024-05-07,-24,0.03565819561481476
2024-06-12,current_policy_stance,2024-05-08,-23,0.03505851328372955
2024-06-12,current_policy_stance,2024-05-09,-22,0.0366438552737236
2024-06-12,current_policy_stance,2024-05-10,-21,0.033564914017915726
2024-06-12,current_policy_stance,2024-05-13,-20,0.03274999558925629
2024-06-12,current_policy_stance,2024-05-14,-19,0.03336382284760475
2024-06-12,current_policy_stance,2024-05-15,-18,0.036134786903858185
2024-06-12,current_policy_stance,2024-05-16,-17,0.03653242439031601
2024-06-12,current_policy_stance,2024-05-17,-16,0.03471457213163376
2024-06-12,current_policy_stance,2024-05-20,-15,0.033272337168455124
2024-06-12,current_policy_stance,2024-05-21,-14,0.03615684062242508
2024-06-12,current_policy_stance,2024-05-22,-13,0.03774705529212952
2024-06-12,current_policy_stance,2024-05-23,-12,0.036144837737083435
2024-06-12,current_policy_stance,2024-05-24,-11,0.03697269782423973
2024-06-12,current_policy_stance,2024-05-28,-10,0.03683626279234886
2024-06-12,current_policy_stance,2024-05-29,-9,0.03242560103535652
2024-06-12,current_policy_stance,2024-05-30,-8,0.033134233206510544
2024-06-12,current_policy_stance,2024-05-31,-7,0.03384624794125557
2024-06-12,current_policy_stance,2024-06-03,-6,0.035513054579496384
2024-06-12,current_policy_stance,2024-06-04,-5,0.03638395667076111
2024-06-12,current_policy_stance,2024-06-05,-4,0.038530465215444565
2024-06-12,current_policy_stance,2024-06-06,-3,0.03707770258188248
2024-06-12,current_policy_stance,2024-06-07,-2,0.03689451888203621
2024-06-12,current_policy_stance,2024-06-10,-1,0.03774091601371765
2024-06-12,current_policy_stance,2024-06-11,0,0.03642469272017479
2024-06-12,policy_stance_shift,2024-05-02,-27,0.04195620119571686
2024-06-12,policy_stance_shift,2024-05-03,-26,0.04125083237886429
2024-06-12,policy_stance_shift,2024-05-06,-25,0.03829202800989151
2024-06-12,policy_stance_shift,2024-05-07,-24,0.038097791373729706
2024-06-12,policy_stance_shift,2024-05-08,-23,0.035178884863853455
2024-06-12,policy_stance_shift,2024-05-09,-22,0.03525013476610184
2024-06-12,policy_stance_shift,2024-05-10,-21,0.03513471037149429
2024-06-12,policy_stance_shift,2024-05-13,-20,0.03546413034200668
2024-06-12,policy_stance_shift,2024-05-14,-19,0.033787213265895844
2024-06-12,policy_stance_shift,2024-05-15,-18,0.033463384956121445
2024-06-12,policy_stance_shift,2024-05-16,-17,0.030626606196165085
2024-06-12,policy_stance_shift,2024-05-17,-16,0.033748138695955276
2024-06-12,policy_stance_shift,2024-05-20,-15,0.03199511766433716
2024-06-12,policy_stance_shift,2024-05-21,-14,0.0319535955786705
2024-06-12,policy_stance_shift,2024-05-22,-13,0.03495010361075401
2024-06-12,policy_stance_shift,2024-05-23,-12,0.03317151591181755
2024-06-12,policy_stance_shift,2024-05-24,-11,0.033189062029123306
2024-06-12,policy_stance_shift,2024-05-28,-10,0.03477508947253227
2024-06-12,policy_stance_shift,2024-05-29,-9,0.03674257919192314
2024-06-12,policy_stance_shift,2024-05-30,-8,0.03840871900320053
2024-06-12,policy_stance_shift,2024-05-31,-7,0.03630337864160538
2024-06-12,policy_stance_shift,2024-06-03,-6,0.036405134946107864
2024-06-12,policy_stance_shift,2024-06-04,-5,0.038572415709495544
2024-06-12,policy_stance_shift,2024-06-05,-4,0.037305667996406555
2024-06-12,policy_stance_shift,2024-06-06,-3,0.03649597242474556
2024-06-12,policy_stance_shift,2024-06-07,-2,0.035072870552539825
2024-06-12,policy_stance_shift,2024-06-10,-1,0.037568021565675735
2024-06-12,policy_stance_shift,2024-06-11,0,0.03484074026346207
2024-06-12,expected_rate_path_shift,2024-05-02,-27,0.041783977299928665
2024-06-12,expected_rate_path_shift,2024-05-03,-26,0.04110775887966156
2024-06-12,expected_rate_path_shift,2024-05-06,-25,0.03890838846564293
2024-06-12,expected_rate_path_shift,2024-05-07,-24,0.03880877047777176
2024-06-12,expected_rate_path_shift,2024-05-08,-23,0.03492870181798935
2024-06-12,expected_rate_path_shift,2024-05-09,-22,0.03582702577114105
2024-06-12,expected_rate_path_shift,2024-05-10,-21,0.03537920117378235
2024-06-12,expected_rate_path_shift,2024-05-13,-20,0.035422906279563904
2024-06-12,expected_rate_path_shift,2024-05-14,-19,0.03272602707147598
2024-06-12,expected_rate_path_shift,2024-05-15,-18,0.032609835267066956
2024-06-12,expected_rate_path_shift,2024-05-16,-17,0.030472636222839355
2024-06-12,expected_rate_path_shift,2024-05-17,-16,0.03368871659040451
2024-06-12,expected_rate_path_shift,2024-05-20,-15,0.030967729166150093
2024-06-12,expected_rate_path_shift,2024-05-21,-14,0.032419510185718536
2024-06-12,expected_rate_path_shift,2024-05-22,-13,0.036579448729753494
2024-06-12,expected_rate_path_shift,2024-05-23,-12,0.03384692221879959
2024-06-12,expected_rate_path_shift,2024-05-24,-11,0.032995715737342834
2024-06-12,expected_rate_path_shift,2024-05-28,-10,0.035103555768728256
2024-06-12,expected_rate_path_shift,2024-05-29,-9,0.036493945866823196
2024-06-12,expected_rate_path_shift,2024-05-30,-8,0.03734904155135155
2024-06-12,expected_rate_path_shift,2024-05-31,-7,0.03579005226492882
2024-06-12,expected_rate_path_shift,2024-06-03,-6,0.03571908175945282
2024-06-12,expected_rate_path_shift,2024-06-04,-5,0.037795476615428925
2024-06-12,expected_rate_path_shift,2024-06-05,-4,0.037578120827674866
2024-06-12,expected_rate_path_shift,2024-06-06,-3,0.037706952542066574
2024-06-12,expected_rate_path_shift,2024-06-07,-2,0.03615811839699745
2024-06-12,expected_rate_path_shift,2024-06-10,-1,0.0377570278942585
2024-06-12,expected_rate_path_shift,2024-06-11,0,0.034075357019901276
2024-06-12,inflation_assessment_shift,2024-05-02,-27,0.040193479508161545
2024-06-12,inflation_assessment_shift,2024-05-03,-26,0.03956575319170952
2024-06-12,inflation_assessment_shift,2024-05-06,-25,0.03724554181098938
2024-06-12,inflation_assessment_shift,2024-05-07,-24,0.038704320788383484
2024-06-12,inflation_assessment_shift,2024-05-08,-23,0.035811200737953186
2024-06-12,inflation_assessment_shift,2024-05-09,-22,0.03505704924464226
2024-06-12,inflation_assessment_shift,2024-05-10,-21,0.03639654815196991
2024-06-12,inflation_assessment_shift,2024-05-13,-20,0.03694479167461395
2024-06-12,inflation_assessment_shift,2024-05-14,-19,0.03493146598339081
2024-06-12,inflation_assessment_shift,2024-05-15,-18,0.03336402401328087
2024-06-12,inflation_assessment_shift,2024-05-16,-17,0.03156372904777527
2024-06-12,inflation_assessment_shift,2024-05-17,-16,0.03450411558151245
2024-06-12,inflation_assessment_shift,2024-05-20,-15,0.03338846564292908
2024-06-12,inflation_assessment_shift,2024-05-21,-14,0.03218064084649086
2024-06-12,inflation_assessment_shift,2024-05-22,-13,0.034586407244205475
2024-06-12,inflation_assessment_shift,2024-05-23,-12,0.03332626819610596
2024-06-12,inflation_assessment_shift,2024-05-24,-11,0.032730765640735626
2024-06-12,inflation_assessment_shift,2024-05-28,-10,0.03466394543647766
2024-06-12,inflation_assessment_shift,2024-05-29,-9,0.03811284899711609
2024-06-12,inflation_assessment_shift,2024-05-30,-8,0.03890177980065346
2024-06-12,inflation_assessment_shift,2024-05-31,-7,0.036822766065597534
2024-06-12,inflation_assessment_shift,2024-06-03,-6,0.035803791135549545
2024-06-12,inflation_assessment_shift,2024-06-04,-5,0.03731776401400566
2024-06-12,inflation_assessment_shift,2024-06-05,-4,0.035895947366952896
2024-06-12,inflation_assessment_shift,2024-06-06,-3,0.036136694252491
2024-06-12,inflation_assessment_shift,2024-06-07,-2,0.0355379655957222
2024-06-12,inflation_assessment_shift,2024-06-10,-1,0.03630948066711426
2024-06-12,inflation_assessment_shift,2024-06-11,0,0.034002482891082764
2024-06-12,inflation_risk_shift,2024-05-02,-27,0.04310036078095436
2024-06-12,inflation_risk_shift,2024-05-03,-26,0.04221057891845703
2024-06-12,inflation_risk_shift,2024-05-06,-25,0.04032358527183533
2024-06-12,inflation_risk_shift,2024-05-07,-24,0.039720240980386734
2024-06-12,inflation_risk_shift,2024-05-08,-23,0.035723403096199036
2024-06-12,inflation_risk_shift,2024-05-09,-22,0.0369151271879673
2024-06-12,inflation_risk_shift,2024-05-10,-21,0.034353096038103104
2024-06-12,inflation_risk_shift,2024-05-13,-20,0.03432918339967728
2024-06-12,inflation_risk_shift,2024-05-14,-19,0.032023217529058456
2024-06-12,inflation_risk_shift,2024-05-15,-18,0.0329878106713295
2024-06-12,inflation_risk_shift,2024-05-16,-17,0.0305342935025692
2024-06-12,inflation_risk_shift,2024-05-17,-16,0.03374669328331947
2024-06-12,inflation_risk_shift,2024-05-20,-15,0.03078228235244751
2024-06-12,inflation_risk_shift,2024-05-21,-14,0.032027050852775574
2024-06-12,inflation_risk_shift,2024-05-22,-13,0.03542555868625641
2024-06-12,inflation_risk_shift,2024-05-23,-12,0.033070966601371765
2024-06-12,inflation_risk_shift,2024-05-24,-11,0.03214309737086296
2024-06-12,inflation_risk_shift,2024-05-28,-10,0.033755600452423096
2024-06-12,inflation_risk_shift,2024-05-29,-9,0.03431820869445801
2024-06-12,inflation_risk_shift,2024-05-30,-8,0.035670556128025055
2024-06-12,inflation_risk_shift,2024-05-31,-7,0.03464946895837784
2024-06-12,inflation_risk_shift,2024-06-03,-6,0.0356745719909668
2024-06-12,inflation_risk_shift,2024-06-04,-5,0.038560930639505386
2024-06-12,inflation_risk_shift,2024-06-05,-4,0.03954474627971649
2024-06-12,inflation_risk_shift,2024-06-06,-3,0.03894326463341713
2024-06-12,inflation_risk_shift,2024-06-07,-2,0.036855969578027725
2024-06-12,inflation_risk_shift,2024-06-10,-1,0.03829942271113396
2024-06-12,inflation_risk_shift,2024-06-11,0,0.034310758113861084
2024-06-12,unemployment_assessment_shift,2024-05-02,-27,0.040894072502851486
2024-06-12,unemployment_assessment_shift,2024-05-03,-26,0.04006976634263992
2024-06-12,unemployment_assessment_shift,2024-05-06,-25,0.03769661858677864
2024-06-12,unemployment_assessment_shift,2024-05-07,-24,0.038331788033246994
2024-06-12,unemployment_assessment_shift,2024-05-08,-23,0.035197366029024124
2024-06-12,unemployment_assessment_shift,2024-05-09,-22,0.03524785861372948
2024-06-12,unemployment_assessment_shift,2024-05-10,-21,0.036022402346134186
2024-06-12,unemployment_assessment_shift,2024-05-13,-20,0.036297693848609924
2024-06-12,unemployment_assessment_shift,2024-05-14,-19,0.03400092199444771
2024-06-12,unemployment_assessment_shift,2024-05-15,-18,0.03285025805234909
2024-06-12,unemployment_assessment_shift,2024-05-16,-17,0.03124075010418892
2024-06-12,unemployment_assessment_shift,2024-05-17,-16,0.034308165311813354
2024-06-12,unemployment_assessment_shift,2024-05-20,-15,0.0323028527200222
2024-06-12,unemployment_assessment_shift,2024-05-21,-14,0.032423440366983414
2024-06-12,unemployment_assessment_shift,2024-05-22,-13,0.03569982200860977
2024-06-12,unemployment_assessment_shift,2024-05-23,-12,0.03384740650653839
2024-06-12,unemployment_assessment_shift,2024-05-24,-11,0.033163681626319885
2024-06-12,unemployment_assessment_shift,2024-05-28,-10,0.03540477901697159
2024-06-12,unemployment_assessment_shift,2024-05-29,-9,0.03798951208591461
2024-06-12,unemployment_assessment_shift,2024-05-30,-8,0.03828413784503937
2024-06-12,unemployment_assessment_shift,2024-05-31,-7,0.03650636225938797
2024-06-12,unemployment_assessment_shift,2024-06-03,-6,0.035674575716257095
2024-06-12,unemployment_assessment_shift,2024-06-04,-5,0.037399984896183014
2024-06-12,unemployment_assessment_shift,2024-06-05,-4,0.03604084625840187
2024-06-12,unemployment_assessment_shift,2024-06-06,-3,0.03656399995088577
2024-06-12,unemployment_assessment_shift,2024-06-07,-2,0.03599576652050018
2024-06-12,unemployment_assessment_shift,2024-06-10,-1,0.036694351583719254
2024-06-12,unemployment_assessment_shift,2024-06-11,0,0.03385082259774208
2024-06-12,labor_market_risk_shift,2024-05-02,-27,0.040774114429950714
2024-06-12,labor_market_risk_shift,2024-05-03,-26,0.03972267359495163
2024-06-12,labor_market_risk_shift,2024-05-06,-25,0.03734337165951729
2024-06-12,labor_market_risk_shift,2024-05-07,-24,0.03806325048208237
2024-06-12,labor_market_risk_shift,2024-05-08,-23,0.035698775202035904
2024-06-12,labor_market_risk_shift,2024-05-09,-22,0.03527341037988663
2024-06-12,labor_market_risk_shift,2024-05-10,-21,0.036128588020801544
2024-06-12,labor_market_risk_shift,2024-05-13,-20,0.03636450320482254
2024-06-12,labor_market_risk_shift,2024-05-14,-19,0.034635961055755615
2024-06-12,labor_market_risk_shift,2024-05-15,-18,0.03361484780907631
2024-06-12,labor_market_risk_shift,2024-05-16,-17,0.03173667937517166
2024-06-12,labor_market_risk_shift,2024-05-17,-16,0.03426876664161682
2024-06-12,labor_market_risk_shift,2024-05-20,-15,0.0331413596868515
2024-06-12,labor_market_risk_shift,2024-05-21,-14,0.03242892771959305
2024-06-12,labor_market_risk_shift,2024-05-22,-13,0.03467829152941704
2024-06-12,labor_market_risk_shift,2024-05-23,-12,0.033278949558734894
2024-06-12,labor_market_risk_shift,2024-05-24,-11,0.03305989131331444
2024-06-12,labor_market_risk_shift,2024-05-28,-10,0.034624338150024414
2024-06-12,labor_market_risk_shift,2024-05-29,-9,0.037695083767175674
2024-06-12,labor_market_risk_shift,2024-05-30,-8,0.03867822512984276
2024-06-12,labor_market_risk_shift,2024-05-31,-7,0.03662611544132233
2024-06-12,labor_market_risk_shift,2024-06-03,-6,0.03593800961971283
2024-06-12,labor_market_risk_shift,2024-06-04,-5,0.03745897859334946
2024-06-12,labor_market_risk_shift,2024-06-05,-4,0.036330994218587875
2024-06-12,labor_market_risk_shift,2024-06-06,-3,0.03657896816730499
2024-06-12,labor_market_risk_shift,2024-06-07,-2,0.03556543216109276
2024-06-12,labor_market_risk_shift,2024-06-10,-1,0.0362434983253479
2024-06-12,labor_market_risk_shift,2024-06-11,0,0.034047942608594894
2024-06-12,growth_activity_shift,2024-05-02,-27,0.042009137570858
2024-06-12,growth_activity_shift,2024-05-03,-26,0.04086368903517723
2024-06-12,growth_activity_shift,2024-05-06,-25,0.03883955255150795
2024-06-12,growth_activity_shift,2024-05-07,-24,0.0379546582698822
2024-06-12,growth_activity_shift,2024-05-08,-23,0.03505856171250343
2024-06-12,growth_activity_shift,2024-05-09,-22,0.03575391322374344
2024-06-12,growth_activity_shift,2024-05-10,-21,0.035050757229328156
2024-06-12,growth_activity_shift,2024-05-13,-20,0.034871868789196014
2024-06-12,growth_activity_shift,2024-05-14,-19,0.033044636249542236
2024-06-12,growth_activity_shift,2024-05-15,-18,0.03335613012313843
2024-06-12,growth_activity_shift,2024-05-16,-17,0.03157593309879303
2024-06-12,growth_activity_shift,2024-05-17,-16,0.03414788842201233
2024-06-12,growth_activity_shift,2024-05-20,-15,0.03168138861656189
2024-06-12,growth_activity_shift,2024-05-21,-14,0.032845351845026016
2024-06-12,growth_activity_shift,2024-05-22,-13,0.03636271506547928
2024-06-12,growth_activity_shift,2024-05-23,-12,0.03372856602072716
2024-06-12,growth_activity_shift,2024-05-24,-11,0.03332708030939102
2024-06-12,growth_activity_shift,2024-05-28,-10,0.03477422893047333
2024-06-12,growth_activity_shift,2024-05-29,-9,0.03591539338231087
2024-06-12,growth_activity_shift,2024-05-30,-8,0.03707242012023926
2024-06-12,growth_activity_shift,2024-05-31,-7,0.035314347594976425
2024-06-12,growth_activity_shift,2024-06-03,-6,0.03564463183283806
2024-06-12,growth_activity_shift,2024-06-04,-5,0.038006484508514404
2024-06-12,growth_activity_shift,2024-06-05,-4,0.03790229558944702
2024-06-12,growth_activity_shift,2024-06-06,-3,0.037202268838882446
2024-06-12,growth_activity_shift,2024-06-07,-2,0.036410294473171234
2024-06-12,growth_activity_shift,2024-06-10,-1,0.037321604788303375
2024-06-12,growth_activity_shift,2024-06-11,0,0.03396419435739517
2024-06-12,financial_conditions_shift,2024-05-02,-27,0.04062293842434883
2024-06-12,financial_conditions_shift,2024-05-03,-26,0.039737261831760406
2024-06-12,financial_conditions_shift,2024-05-06,-25,0.037258751690387726
2024-06-12,financial_conditions_shift,2024-05-07,-24,0.038556963205337524
2024-06-12,financial_conditions_shift,2024-05-08,-23,0.035217128694057465
2024-06-12,financial_conditions_shift,2024-05-09,-22,0.03533545508980751
2024-06-12,financial_conditions_shift,2024-05-10,-21,0.03623653203248978
2024-06-12,financial_conditions_shift,2024-05-13,-20,0.03670086711645126
2024-06-12,financial_conditions_shift,2024-05-14,-19,0.03430110961198807
2024-06-12,financial_conditions_shift,2024-05-15,-18,0.032932378351688385
2024-06-12,financial_conditions_shift,2024-05-16,-17,0.031035389751195908
2024-06-12,financial_conditions_shift,2024-05-17,-16,0.03452460840344429
2024-06-12,financial_conditions_shift,2024-05-20,-15,0.032834384590387344
2024-06-12,financial_conditions_shift,2024-05-21,-14,0.03249749913811684
2024-06-12,financial_conditions_shift,2024-05-22,-13,0.03514963388442993
2024-06-12,financial_conditions_shift,2024-05-23,-12,0.033699482679367065
2024-06-12,financial_conditions_shift,2024-05-24,-11,0.03317461162805557
2024-06-12,financial_conditions_shift,2024-05-28,-10,0.03502179682254791
2024-06-12,financial_conditions_shift,2024-05-29,-9,0.03815433755517006
2024-06-12,financial_conditions_shift,2024-05-30,-8,0.03872393071651459
2024-06-12,financial_conditions_shift,2024-05-31,-7,0.03662866726517677
2024-06-12,financial_conditions_shift,2024-06-03,-6,0.03572893515229225
2024-06-12,financial_conditions_shift,2024-06-04,-5,0.03714017570018768
2024-06-12,financial_conditions_shift,2024-06-05,-4,0.03589259833097458
2024-06-12,financial_conditions_shift,2024-06-06,-3,0.036617279052734375
2024-06-12,financial_conditions_shift,2024-06-07,-2,0.03569130599498749
2024-06-12,financial_conditions_shift,2024-06-10,-1,0.03673006594181061
2024-06-12,financial_conditions_shift,2024-06-11,0,0.033855944871902466
2024-06-12,balance_sheet_policy_shift,2024-05-02,-27,0.04130103811621666
2024-06-12,balance_sheet_policy_shift,2024-05-03,-26,0.041287172585725784
2024-06-12,balance_sheet_policy_shift,2024-05-06,-25,0.03998884931206703
2024-06-12,balance_sheet_policy_shift,2024-05-07,-24,0.038505181670188904
2024-06-12,balance_sheet_policy_shift,2024-05-08,-23,0.035217996686697006
2024-06-12,balance_sheet_policy_shift,2024-05-09,-22,0.03736347705125809
2024-06-12,balance_sheet_policy_shift,2024-05-10,-21,0.03365492448210716
2024-06-12,balance_sheet_policy_shift,2024-05-13,-20,0.03292936459183693
2024-06-12,balance_sheet_policy_shift,2024-05-14,-19,0.03168560564517975
2024-06-12,balance_sheet_policy_shift,2024-05-15,-18,0.03416425362229347
2024-06-12,balance_sheet_policy_shift,2024-05-16,-17,0.03182915225625038
2024-06-12,balance_sheet_policy_shift,2024-05-17,-16,0.03363769128918648
2024-06-12,balance_sheet_policy_shift,2024-05-20,-15,0.031168311834335327
2024-06-12,balance_sheet_policy_shift,2024-05-21,-14,0.03381429612636566
2024-06-12,balance_sheet_policy_shift,2024-05-22,-13,0.03683141618967056
2024-06-12,balance_sheet_policy_shift,2024-05-23,-12,0.03402268514037132
2024-06-12,balance_sheet_policy_shift,2024-05-24,-11,0.03396096080541611
2024-06-12,balance_sheet_policy_shift,2024-05-28,-10,0.03473072499036789
2024-06-12,balance_sheet_policy_shift,2024-05-29,-9,0.032756559550762177
2024-06-12,balance_sheet_policy_shift,2024-05-30,-8,0.03423881530761719
2024-06-12,balance_sheet_policy_shift,2024-05-31,-7,0.03342640772461891
2024-06-12,balance_sheet_policy_shift,2024-06-03,-6,0.035064857453107834
2024-06-12,balance_sheet_policy_shift,2024-06-04,-5,0.03801097348332405
2024-06-12,balance_sheet_policy_shift,2024-06-05,-4,0.04030618071556091
2024-06-12,balance_sheet_policy_shift,2024-06-06,-3,0.03942769020795822
2024-06-12,balance_sheet_policy_shift,2024-06-07,-2,0.036310091614723206
2024-06-12,balance_sheet_policy_shift,2024-06-10,-1,0.03912156820297241
2024-06-12,balance_sheet_policy_shift,2024-06-11,0,0.03524374961853027
2024-06-12,risk_balance_shift,2024-05-02,-27,0.04158046469092369
2024-06-12,risk_balance_shift,2024-05-03,-26,0.04130055382847786
2024-06-12,risk_balance_shift,2024-05-06,-25,0.039934709668159485
2024-06-12,risk_balance_shift,2024-05-07,-24,0.03817277401685715
2024-06-12,risk_balance_shift,2024-05-08,-23,0.03506511077284813
2024-06-12,risk_balance_shift,2024-05-09,-22,0.03646446019411087
2024-06-12,risk_balance_shift,2024-05-10,-21,0.034536220133304596
2024-06-12,risk_balance_shift,2024-05-13,-20,0.03357674926519394
2024-06-12,risk_balance_shift,2024-05-14,-19,0.03212079033255577
2024-06-12,risk_balance_shift,2024-05-15,-18,0.03339691460132599
2024-06-12,risk_balance_shift,2024-05-16,-17,0.03178263083100319
2024-06-12,risk_balance_shift,2024-05-17,-16,0.03357531502842903
2024-06-12,risk_balance_shift,2024-05-20,-15,0.030944840982556343
2024-06-12,risk_balance_shift,2024-05-21,-14,0.03344850242137909
2024-06-12,risk_balance_shift,2024-05-22,-13,0.03723808750510216
2024-06-12,risk_balance_shift,2024-05-23,-12,0.03406759351491928
2024-06-12,risk_balance_shift,2024-05-24,-11,0.03371337428689003
2024-06-12,risk_balance_shift,2024-05-28,-10,0.03515976667404175
2024-06-12,risk_balance_shift,2024-05-29,-9,0.0343475379049778
2024-06-12,risk_balance_shift,2024-05-30,-8,0.03588566556572914
2024-06-12,risk_balance_shift,2024-05-31,-7,0.03428769111633301
2024-06-12,risk_balance_shift,2024-06-03,-6,0.03508123755455017
2024-06-12,risk_balance_shift,2024-06-04,-5,0.0379059724509716
2024-06-12,risk_balance_shift,2024-06-05,-4,0.038494888693094254
2024-06-12,risk_balance_shift,2024-06-06,-3,0.03722948208451271
2024-06-12,risk_balance_shift,2024-06-07,-2,0.03689838945865631
2024-06-12,risk_balance_shift,2024-06-10,-1,0.03885941207408905
2024-06-12,risk_balance_shift,2024-06-11,0,0.03493084758520126
2024-06-12,committee_dispersion,2024-05-02,-27,0.04356387257575989
2024-06-12,committee_dispersion,2024-05-03,-26,0.04222394526004791
2024-06-12,committee_dispersion,2024-05-06,-25,0.03972072899341583
2024-06-12,committee_dispersion,2024-05-07,-24,0.03915191441774368
2024-06-12,committee_dispersion,2024-05-08,-23,0.0353061705827713
2024-06-12,committee_dispersion,2024-05-09,-22,0.03552993759512901
2024-06-12,committee_dispersion,2024-05-10,-21,0.0346032977104187
2024-06-12,committee_dispersion,2024-05-13,-20,0.03470860421657562
2024-06-12,committee_dispersion,2024-05-14,-19,0.03299149498343468
2024-06-12,committee_dispersion,2024-05-15,-18,0.033061858266592026
2024-06-12,committee_dispersion,2024-05-16,-17,0.03050926700234413
2024-06-12,committee_dispersion,2024-05-17,-16,0.032744914293289185
2024-06-12,committee_dispersion,2024-05-20,-15,0.03074541687965393
2024-06-12,committee_dispersion,2024-05-21,-14,0.03184392303228378
2024-06-12,committee_dispersion,2024-05-22,-13,0.035579897463321686
2024-06-12,committee_dispersion,2024-05-23,-12,0.03313758224248886
2024-06-12,committee_dispersion,2024-05-24,-11,0.03253288194537163
2024-06-12,committee_dispersion,2024-05-28,-10,0.03456864878535271
2024-06-12,committee_dispersion,2024-05-29,-9,0.03616537153720856
2024-06-12,committee_dispersion,2024-05-30,-8,0.03725407272577286
2024-06-12,committee_dispersion,2024-05-31,-7,0.03547269478440285
2024-06-12,committee_dispersion,2024-06-03,-6,0.03573291748762131
2024-06-12,committee_dispersion,2024-06-04,-5,0.03868541866540909
2024-06-12,committee_dispersion,2024-06-05,-4,0.03853148967027664
2024-06-12,committee_dispersion,2024-06-06,-3,0.03812625631690025
2024-06-12,committee_dispersion,2024-06-07,-2,0.03603250905871391
2024-06-12,committee_dispersion,2024-06-10,-1,0.037398941814899445
2024-06-12,committee_dispersion,2024-06-11,0,0.034076008945703506
2024-06-12,policy_uncertainty,2024-05-02,-27,0.04066252335906029
2024-06-12,policy_uncertainty,2024-05-03,-26,0.03961315378546715
2024-06-12,policy_uncertainty,2024-05-06,-25,0.038484808057546616
2024-06-12,policy_uncertainty,2024-05-07,-24,0.035840995609760284
2024-06-12,policy_uncertainty,2024-05-08,-23,0.034739624708890915
2024-06-12,policy_uncertainty,2024-05-09,-22,0.03641481697559357
2024-06-12,policy_uncertainty,2024-05-10,-21,0.035074472427368164
2024-06-12,policy_uncertainty,2024-05-13,-20,0.03370051458477974
2024-06-12,policy_uncertainty,2024-05-14,-19,0.03237686678767204
2024-06-12,policy_uncertainty,2024-05-15,-18,0.03369739279150963
2024-06-12,policy_uncertainty,2024-05-16,-17,0.033297475427389145
2024-06-12,policy_uncertainty,2024-05-17,-16,0.034792669117450714
2024-06-12,policy_uncertainty,2024-05-20,-15,0.03196511045098305
2024-06-12,policy_uncertainty,2024-05-21,-14,0.03407331556081772
2024-06-12,policy_uncertainty,2024-05-22,-13,0.03765799105167389
2024-06-12,policy_uncertainty,2024-05-23,-12,0.03468651324510574
2024-06-12,policy_uncertainty,2024-05-24,-11,0.03439326584339142
2024-06-12,policy_uncertainty,2024-05-28,-10,0.03615715354681015
2024-06-12,policy_uncertainty,2024-05-29,-9,0.034376516938209534
2024-06-12,policy_uncertainty,2024-05-30,-8,0.03529246896505356
2024-06-12,policy_uncertainty,2024-05-31,-7,0.03445778042078018
2024-06-12,policy_uncertainty,2024-06-03,-6,0.03530830889940262
2024-06-12,policy_uncertainty,2024-06-04,-5,0.037372734397649765
2024-06-12,policy_uncertainty,2024-06-05,-4,0.038100991398096085
2024-06-12,policy_uncertainty,2024-06-06,-3,0.03735867142677307
2024-06-12,policy_uncertainty,2024-06-07,-2,0.0374966599047184
2024-06-12,policy_uncertainty,2024-06-10,-1,0.03815722465515137
2024-06-12,policy_uncertainty,2024-06-11,0,0.03444993868470192
2024-06-12,forward_guidance_strength,2024-05-02,-27,0.03695329651236534
2024-06-12,forward_guidance_strength,2024-05-03,-26,0.037207964807748795
2024-06-12,forward_guidance_strength,2024-05-06,-25,0.03770275413990021
2024-06-12,forward_guidance_strength,2024-05-07,-24,0.0359184667468071
2024-06-12,forward_guidance_strength,2024-05-08,-23,0.03487790748476982
2024-06-12,forward_guidance_strength,2024-05-09,-22,0.03627641499042511
2024-06-12,forward_guidance_strength,2024-05-10,-21,0.03313257545232773
2024-06-12,forward_guidance_strength,2024-05-13,-20,0.032858237624168396
2024-06-12,forward_guidance_strength,2024-05-14,-19,0.033325742930173874
2024-06-12,forward_guidance_strength,2024-05-15,-18,0.03562937676906586
2024-06-12,forward_guidance_strength,2024-05-16,-17,0.03511912748217583
2024-06-12,forward_guidance_strength,2024-05-17,-16,0.034697264432907104
2024-06-12,forward_guidance_strength,2024-05-20,-15,0.03340311720967293
2024-06-12,forward_guidance_strength,2024-05-21,-14,0.03587079048156738
2024-06-12,forward_guidance_strength,2024-05-22,-13,0.03785531967878342
2024-06-12,forward_guidance_strength,2024-05-23,-12,0.036283448338508606
2024-06-12,forward_guidance_strength,2024-05-24,-11,0.03693770617246628
2024-06-12,forward_guidance_strength,2024-05-28,-10,0.036630794405937195
2024-06-12,forward_guidance_strength,2024-05-29,-9,0.032492414116859436
2024-06-12,forward_guidance_strength,2024-05-30,-8,0.033550798892974854
2024-06-12,forward_guidance_strength,2024-05-31,-7,0.03385467827320099
2024-06-12,forward_guidance_strength,2024-06-03,-6,0.035650577396154404
2024-06-12,forward_guidance_strength,2024-06-04,-5,0.03691890463232994
2024-06-12,forward_guidance_strength,2024-06-05,-4,0.03850098326802254
2024-06-12,forward_guidance_strength,2024-06-06,-3,0.03646594285964966
2024-06-12,forward_guidance_strength,2024-06-07,-2,0.03651193529367447
2024-06-12,forward_guidance_strength,2024-06-10,-1,0.038595154881477356
2024-06-12,forward_guidance_strength,2024-06-11,0,0.036778319627046585
2024-07-31,rate_decision,2024-06-13,-31,0.03035685420036316
2024-07-31,rate_decision,2024-06-14,-30,0.02730720117688179
2024-07-31,rate_decision,2024-06-17,-29,0.02912025712430477
2024-07-31,rate_decision,2024-06-18,-28,0.029881659895181656
2024-07-31,rate_decision,2024-06-20,-27,0.02970936894416809
2024-07-31,rate_decision,2024-06-21,-26,0.030015025287866592
2024-07-31,rate_decision,2024-06-24,-25,0.031606242060661316
2024-07-31,rate_decision,2024-06-25,-24,0.0351882241666317
2024-07-31,rate_decision,2024-06-26,-23,0.03378431871533394
2024-07-31,rate_decision,2024-06-27,-22,0.03485830873250961
2024-07-31,rate_decision,2024-06-28,-21,0.03492752090096474
2024-07-31,rate_decision,2024-07-01,-20,0.029587339609861374
2024-07-31,rate_decision,2024-07-02,-19,0.03038693591952324
2024-07-31,rate_decision,2024-07-03,-18,0.03060365840792656
2024-07-31,rate_decision,2024-07-05,-17,0.03064384125173092
2024-07-31,rate_decision,2024-07-08,-16,0.03071436658501625
2024-07-31,rate_decision,2024-07-09,-15,0.03143619745969772
2024-07-31,rate_decision,2024-07-10,-14,0.03126976639032364
2024-07-31,rate_decision,2024-07-11,-13,0.030985893681645393
2024-07-31,rate_decision,2024-07-12,-12,0.03161722421646118
2024-07-31,rate_decision,2024-07-15,-11,0.0308714397251606
2024-07-31,rate_decision,2024-07-16,-10,0.029916804283857346
2024-07-31,rate_decision,2024-07-17,-9,0.03336331993341446
2024-07-31,rate_decision,2024-07-18,-8,0.03249656781554222
2024-07-31,rate_decision,2024-07-19,-7,0.031843382865190506
2024-07-31,rate_decision,2024-07-22,-6,0.03263923153281212
2024-07-31,rate_decision,2024-07-23,-5,0.03164706379175186
2024-07-31,rate_decision,2024-07-24,-4,0.0312044695019722
2024-07-31,rate_decision,2024-07-25,-3,0.030790815129876137
2024-07-31,rate_decision,2024-07-26,-2,0.030735932290554047
2024-07-31,rate_decision,2024-07-29,-1,0.03066590614616871
2024-07-31,rate_decision,2024-07-30,0,0.02982488088309765
2024-07-31,current_policy_stance,2024-06-13,-31,0.028425563126802444
2024-07-31,current_policy_stance,2024-06-14,-30,0.030464304611086845
2024-07-31,current_policy_stance,2024-06-17,-29,0.028472209349274635
2024-07-31,current_policy_stance,2024-06-18,-28,0.02955140918493271
2024-07-31,current_policy_stance,2024-06-20,-27,0.029853519052267075
2024-07-31,current_policy_stance,2024-06-21,-26,0.030781082808971405
2024-07-31,current_policy_stance,2024-06-24,-25,0.02974366769194603
2024-07-31,current_policy_stance,2024-06-25,-24,0.03741995617747307
2024-07-31,current_policy_stance,2024-06-26,-23,0.03652506321668625
2024-07-31,current_policy_stance,2024-06-27,-22,0.03513087332248688
2024-07-31,current_policy_stance,2024-06-28,-21,0.03602851182222366
2024-07-31,current_policy_stance,2024-07-01,-20,0.027797594666481018
2024-07-31,current_policy_stance,2024-07-02,-19,0.026602350175380707
2024-07-31,current_policy_stance,2024-07-03,-18,0.028697650879621506
2024-07-31,current_policy_stance,2024-07-05,-17,0.029505925253033638
2024-07-31,current_policy_stance,2024-07-08,-16,0.030979448929429054
2024-07-31,current_policy_stance,2024-07-09,-15,0.02960171364247799
2024-07-31,current_policy_stance,2024-07-10,-14,0.02757810801267624
2024-07-31,current_policy_stance,2024-07-11,-13,0.02840323932468891
2024-07-31,current_policy_stance,2024-07-12,-12,0.030366666615009308
2024-07-31,current_policy_stance,2024-07-15,-11,0.03319844603538513
2024-07-31,current_policy_stance,2024-07-16,-10,0.03385717049241066
2024-07-31,current_policy_stance,2024-07-17,-9,0.03867636248469353
2024-07-31,current_policy_stance,2024-07-18,-8,0.035717301070690155
2024-07-31,current_policy_stance,2024-07-19,-7,0.03217422217130661
2024-07-31,current_policy_stance,2024-07-22,-6,0.028737567365169525
2024-07-31,current_policy_stance,2024-07-23,-5,0.028865624219179153
2024-07-31,current_policy_stance,2024-07-24,-4,0.028450513258576393
2024-07-31,current_policy_stance,2024-07-25,-3,0.028790762647986412
2024-07-31,current_policy_stance,2024-07-26,-2,0.029913857579231262
2024-07-31,current_policy_stance,2024-07-29,-1,0.03279328718781471
2024-07-31,current_policy_stance,2024-07-30,0,0.03689603507518768
2024-07-31,policy_stance_shift,2024-06-13,-31,0.03503510355949402
2024-07-31,policy_stance_shift,2024-06-14,-30,0.034969739615917206
2024-07-31,policy_stance_shift,2024-06-17,-29,0.033369533717632294
2024-07-31,policy_stance_shift,2024-06-18,-28,0.034578848630189896
2024-07-31,policy_stance_shift,2024-06-20,-27,0.03151329979300499
2024-07-31,policy_stance_shift,2024-06-21,-26,0.03124334290623665
2024-07-31,policy_stance_shift,2024-06-24,-25,0.030313195660710335
2024-07-31,policy_stance_shift,2024-06-25,-24,0.028366152197122574
2024-07-31,policy_stance_shift,2024-06-26,-23,0.02809063531458378
2024-07-31,policy_stance_shift,2024-06-27,-22,0.029225075617432594
2024-07-31,policy_stance_shift,2024-06-28,-21,0.02948613651096821
2024-07-31,policy_stance_shift,2024-07-01,-20,0.033108215779066086
2024-07-31,policy_stance_shift,2024-07-02,-19,0.032836757600307465
2024-07-31,policy_stance_shift,2024-07-03,-18,0.030817655846476555
2024-07-31,policy_stance_shift,2024-07-05,-17,0.032087452709674835
2024-07-31,policy_stance_shift,2024-07-08,-16,0.030131641775369644
2024-07-31,policy_stance_shift,2024-07-09,-15,0.03129769116640091
2024-07-31,policy_stance_shift,2024-07-10,-14,0.032221026718616486
2024-07-31,policy_stance_shift,2024-07-11,-13,0.03153005242347717
2024-07-31,policy_stance_shift,2024-07-12,-12,0.030785642564296722
2024-07-31,policy_stance_shift,2024-07-15,-11,0.0295071080327034
2024-07-31,policy_stance_shift,2024-07-16,-10,0.032123863697052
2024-07-31,policy_stance_shift,2024-07-17,-9,0.02862185798585415
2024-07-31,policy_stance_shift,2024-07-18,-8,0.03070823661983013
2024-07-31,policy_stance_shift,2024-07-19,-7,0.031285326927900314
2024-07-31,policy_stance_shift,2024-07-22,-6,0.028171736747026443
2024-07-31,policy_stance_shift,2024-07-23,-5,0.03018995374441147
2024-07-31,policy_stance_shift,2024-07-24,-4,0.031007986515760422
2024-07-31,policy_stance_shift,2024-07-25,-3,0.03177274018526077
2024-07-31,policy_stance_shift,2024-07-26,-2,0.03166612237691879
2024-07-31,policy_stance_shift,2024-07-29,-1,0.031238839030265808
2024-07-31,policy_stance_shift,2024-07-30,0,0.032699014991521835
2024-07-31,expected_rate_path_shift,2024-06-13,-31,0.03508508950471878
2024-07-31,expected_rate_path_shift,2024-06-14,-30,0.03466141223907471
2024-07-31,expected_rate_path_shift,2024-06-17,-29,0.03376360610127449
2024-07-31,expected_rate_path_shift,2024-06-18,-28,0.03466266393661499
2024-07-31,expected_rate_path_shift,2024-06-20,-27,0.031774479895830154
2024-07-31,expected_rate_path_shift,2024-06-21,-26,0.03158951178193092
2024-07-31,expected_rate_path_shift,2024-06-24,-25,0.030293840914964676
2024-07-31,expected_rate_path_shift,2024-06-25,-24,0.027960309758782387
2024-07-31,expected_rate_path_shift,2024-06-26,-23,0.02794518508017063
2024-07-31,expected_rate_path_shift,2024-06-27,-22,0.028946105390787125
2024-07-31,expected_rate_path_shift,2024-06-28,-21,0.029461773112416267
2024-07-31,expected_rate_path_shift,2024-07-01,-20,0.033660534769296646
2024-07-31,expected_rate_path_shift,2024-07-02,-19,0.0331764817237854
2024-07-31,expected_rate_path_shift,2024-07-03,-18,0.03101154789328575
2024-07-31,expected_rate_path_shift,2024-07-05,-17,0.032363779842853546
2024-07-31,expected_rate_path_shift,2024-07-08,-16,0.030103527009487152
2024-07-31,expected_rate_path_shift,2024-07-09,-15,0.03146212548017502
2024-07-31,expected_rate_path_shift,2024-07-10,-14,0.03253697231411934
2024-07-31,expected_rate_path_shift,2024-07-11,-13,0.03179383650422096
2024-07-31,expected_rate_path_shift,2024-07-12,-12,0.030939728021621704
2024-07-31,expected_rate_path_shift,2024-07-15,-11,0.029477473348379135
2024-07-31,expected_rate_path_shift,2024-07-16,-10,0.03154398128390312
2024-07-31,expected_rate_path_shift,2024-07-17,-9,0.02807501144707203
2024-07-31,expected_rate_path_shift,2024-07-18,-8,0.030574966222047806
2024-07-31,expected_rate_path_shift,2024-07-19,-7,0.031252823770046234
2024-07-31,expected_rate_path_shift,2024-07-22,-6,0.028289224952459335
2024-07-31,expected_rate_path_shift,2024-07-23,-5,0.030278731137514114
2024-07-31,expected_rate_path_shift,2024-07-24,-4,0.03127513453364372
2024-07-31,expected_rate_path_shift,2024-07-25,-3,0.03179819881916046
2024-07-31,expected_rate_path_shift,2024-07-26,-2,0.03147090971469879
2024-07-31,expected_rate_path_shift,2024-07-29,-1,0.03077477030456066
2024-07-31,expected_rate_path_shift,2024-07-30,0,0.03199625760316849
2024-07-31,inflation_assessment_shift,2024-06-13,-31,0.035279758274555206
2024-07-31,inflation_assessment_shift,2024-06-14,-30,0.03477061539888382
2024-07-31,inflation_assessment_shift,2024-06-17,-29,0.03403618186712265
2024-07-31,inflation_assessment_shift,2024-06-18,-28,0.03479631617665291
2024-07-31,inflation_assessment_shift,2024-06-20,-27,0.03169062361121178
2024-07-31,inflation_assessment_shift,2024-06-21,-26,0.031219616532325745
2024-07-31,inflation_assessment_shift,2024-06-24,-25,0.030205901712179184
2024-07-31,inflation_assessment_shift,2024-06-25,-24,0.02738458849489689
2024-07-31,inflation_assessment_shift,2024-06-26,-23,0.027369942516088486
2024-07-31,inflation_assessment_shift,2024-06-27,-22,0.02863723412156105
2024-07-31,inflation_assessment_shift,2024-06-28,-21,0.029106207191944122
2024-07-31,inflation_assessment_shift,2024-07-01,-20,0.033544596284627914
2024-07-31,inflation_assessment_shift,2024-07-02,-19,0.03331345319747925
2024-07-31,inflation_assessment_shift,2024-07-03,-18,0.031026048585772514
2024-07-31,inflation_assessment_shift,2024-07-05,-17,0.032237011939287186
2024-07-31,inflation_assessment_shift,2024-07-08,-16,0.030181564390659332
2024-07-31,inflation_assessment_shift,2024-07-09,-15,0.03149266541004181
2024-07-31,inflation_assessment_shift,2024-07-10,-14,0.032883673906326294
2024-07-31,inflation_assessment_shift,2024-07-11,-13,0.03202805295586586
2024-07-31,inflation_assessment_shift,2024-07-12,-12,0.031030625104904175
2024-07-31,inflation_assessment_shift,2024-07-15,-11,0.029688823968172073
2024-07-31,inflation_assessment_shift,2024-07-16,-10,0.03169715777039528
2024-07-31,inflation_assessment_shift,2024-07-17,-9,0.02793736383318901
2024-07-31,inflation_assessment_shift,2024-07-18,-8,0.030213847756385803
2024-07-31,inflation_assessment_shift,2024-07-19,-7,0.031238291412591934
2024-07-31,inflation_assessment_shift,2024-07-22,-6,0.028537731617689133
2024-07-31,inflation_assessment_shift,2024-07-23,-5,0.030449029058218002
2024-07-31,inflation_assessment_shift,2024-07-24,-4,0.03146231174468994
2024-07-31,inflation_assessment_shift,2024-07-25,-3,0.03199140727519989
2024-07-31,inflation_assessment_shift,2024-07-26,-2,0.03170636296272278
2024-07-31,inflation_assessment_shift,2024-07-29,-1,0.03095773607492447
2024-07-31,inflation_assessment_shift,2024-07-30,0,0.03188526630401611
2024-07-31,inflation_risk_shift,2024-06-13,-31,0.035303227603435516
2024-07-31,inflation_risk_shift,2024-06-14,-30,0.03476770594716072
2024-07-31,inflation_risk_shift,2024-06-17,-29,0.03412311524152756
2024-07-31,inflation_risk_shift,2024-06-18,-28,0.03473871946334839
2024-07-31,inflation_risk_shift,2024-06-20,-27,0.031702253967523575
2024-07-31,inflation_risk_shift,2024-06-21,-26,0.03133072704076767
2024-07-31,inflation_risk_shift,2024-06-24,-25,0.030235374346375465
2024-07-31,inflation_risk_shift,2024-06-25,-24,0.027713093906641006
2024-07-31,inflation_risk_shift,2024-06-26,-23,0.02765880525112152
2024-07-31,inflation_risk_shift,2024-06-27,-22,0.02878466807305813
2024-07-31,inflation_risk_shift,2024-06-28,-21,0.029022064059972763
2024-07-31,inflation_risk_shift,2024-07-01,-20,0.03336286172270775
2024-07-31,inflation_risk_shift,2024-07-02,-19,0.03308554366230965
2024-07-31,inflation_risk_shift,2024-07-03,-18,0.03098088502883911
2024-07-31,inflation_risk_shift,2024-07-05,-17,0.032379813492298126
2024-07-31,inflation_risk_shift,2024-07-08,-16,0.03021305426955223
2024-07-31,inflation_risk_shift,2024-07-09,-15,0.03181485831737518
2024-07-31,inflation_risk_shift,2024-07-10,-14,0.032878223806619644
2024-07-31,inflation_risk_shift,2024-07-11,-13,0.03215395286679268
2024-07-31,inflation_risk_shift,2024-07-12,-12,0.031095843762159348
2024-07-31,inflation_risk_shift,2024-07-15,-11,0.029619546607136726
2024-07-31,inflation_risk_shift,2024-07-16,-10,0.03158968687057495
2024-07-31,inflation_risk_shift,2024-07-17,-9,0.0280253104865551
2024-07-31,inflation_risk_shift,2024-07-18,-8,0.030460787937045097
2024-07-31,inflation_risk_shift,2024-07-19,-7,0.0311940535902977
2024-07-31,inflation_risk_shift,2024-07-22,-6,0.028469588607549667
2024-07-31,inflation_risk_shift,2024-07-23,-5,0.030251208692789078
2024-07-31,inflation_risk_shift,2024-07-24,-4,0.03099541738629341
2024-07-31,inflation_risk_shift,2024-07-25,-3,0.03187454491853714
2024-07-31,inflation_risk_shift,2024-07-26,-2,0.03161235526204109
2024-07-31,inflation_risk_shift,2024-07-29,-1,0.030784733593463898
2024-07-31,inflation_risk_shift,2024-07-30,0,0.03177798539400101
2024-07-31,unemployment_assessment_shift,2024-06-13,-31,0.034961551427841187
2024-07-31,unemployment_assessment_shift,2024-06-14,-30,0.034849073737859726
2024-07-31,unemployment_assessment_shift,2024-06-17,-29,0.033814191818237305
2024-07-31,unemployment_assessment_shift,2024-06-18,-28,0.034384939819574356
2024-07-31,unemployment_assessment_shift,2024-06-20,-27,0.03183086961507797
2024-07-31,unemployment_assessment_shift,2024-06-21,-26,0.03159964084625244
2024-07-31,unemployment_assessment_shift,2024-06-24,-25,0.030070731416344643
2024-07-31,unemployment_assessment_shift,2024-06-25,-24,0.027973977848887444
2024-07-31,unemployment_assessment_shift,2024-06-26,-23,0.028164934366941452
2024-07-31,unemployment_assessment_shift,2024-06-27,-22,0.029085444286465645
2024-07-31,unemployment_assessment_shift,2024-06-28,-21,0.029779013246297836
2024-07-31,unemployment_assessment_shift,2024-07-01,-20,0.033784329891204834
2024-07-31,unemployment_assessment_shift,2024-07-02,-19,0.03287789970636368
2024-07-31,unemployment_assessment_shift,2024-07-03,-18,0.030844539403915405
2024-07-31,unemployment_assessment_shift,2024-07-05,-17,0.03221885859966278
2024-07-31,unemployment_assessment_shift,2024-07-08,-16,0.029937436804175377
2024-07-31,unemployment_assessment_shift,2024-07-09,-15,0.031185008585453033
2024-07-31,unemployment_assessment_shift,2024-07-10,-14,0.03229973465204239
2024-07-31,unemployment_assessment_shift,2024-07-11,-13,0.031583089381456375
2024-07-31,unemployment_assessment_shift,2024-07-12,-12,0.030827809125185013
2024-07-31,unemployment_assessment_shift,2024-07-15,-11,0.029566112905740738
2024-07-31,unemployment_assessment_shift,2024-07-16,-10,0.0315750353038311
2024-07-31,unemployment_assessment_shift,2024-07-17,-9,0.028396688401699066
2024-07-31,unemployment_assessment_shift,2024-07-18,-8,0.030898060649633408
2024-07-31,unemployment_assessment_shift,2024-07-19,-7,0.03153485059738159
2024-07-31,unemployment_assessment_shift,2024-07-22,-6,0.028255989775061607
2024-07-31,unemployment_assessment_shift,2024-07-23,-5,0.030287548899650574
2024-07-31,unemployment_assessment_shift,2024-07-24,-4,0.03128281235694885
2024-07-31,unemployment_assessment_shift,2024-07-25,-3,0.03165045008063316
2024-07-31,unemployment_assessment_shift,2024-07-26,-2,0.03140025585889816
2024-07-31,unemployment_assessment_shift,2024-07-29,-1,0.03077547624707222
2024-07-31,unemployment_assessment_shift,2024-07-30,0,0.03230365738272667
2024-07-31,labor_market_risk_shift,2024-06-13,-31,0.035175345838069916
2024-07-31,labor_market_risk_shift,2024-06-14,-30,0.03442716971039772
2024-07-31,labor_market_risk_shift,2024-06-17,-29,0.03375685214996338
2024-07-31,labor_market_risk_shift,2024-06-18,-28,0.03458026424050331
2024-07-31,labor_market_risk_shift,2024-06-20,-27,0.03179667517542839
2024-07-31,labor_market_risk_shift,2024-06-21,-26,0.031268391758203506
2024-07-31,labor_market_risk_shift,2024-06-24,-25,0.0305350199341774
2024-07-31,labor_market_risk_shift,2024-06-25,-24,0.027729982510209084
2024-07-31,labor_market_risk_shift,2024-06-26,-23,0.027835102751851082
2024-07-31,labor_market_risk_shift,2024-06-27,-22,0.02879517711699009
2024-07-31,labor_market_risk_shift,2024-06-28,-21,0.02905997820198536
2024-07-31,labor_market_risk_shift,2024-07-01,-20,0.033461134880781174
2024-07-31,labor_market_risk_shift,2024-07-02,-19,0.03333889693021774
2024-07-31,labor_market_risk_shift,2024-07-03,-18,0.03103043884038925
2024-07-31,labor_market_risk_shift,2024-07-05,-17,0.03230192884802818
2024-07-31,labor_market_risk_shift,2024-07-08,-16,0.03022446297109127
2024-07-31,labor_market_risk_shift,2024-07-09,-15,0.03148513287305832
2024-07-31,labor_market_risk_shift,2024-07-10,-14,0.0328674353659153
2024-07-31,labor_market_risk_shift,2024-07-11,-13,0.0320969894528389
2024-07-31,labor_market_risk_shift,2024-07-12,-12,0.031078724190592766
2024-07-31,labor_market_risk_shift,2024-07-15,-11,0.029289938509464264
2024-07-31,labor_market_risk_shift,2024-07-16,-10,0.03140271455049515
2024-07-31,labor_market_risk_shift,2024-07-17,-9,0.027817368507385254
2024-07-31,labor_market_risk_shift,2024-07-18,-8,0.03034151904284954
2024-07-31,labor_market_risk_shift,2024-07-19,-7,0.03132326155900955
2024-07-31,labor_market_risk_shift,2024-07-22,-6,0.028643395751714706
2024-07-31,labor_market_risk_shift,2024-07-23,-5,0.03056943044066429
2024-07-31,labor_market_risk_shift,2024-07-24,-4,0.03131307661533356
2024-07-31,labor_market_risk_shift,2024-07-25,-3,0.03199220821261406
2024-07-31,labor_market_risk_shift,2024-07-26,-2,0.031708478927612305
2024-07-31,labor_market_risk_shift,2024-07-29,-1,0.030999528244137764
2024-07-31,labor_market_risk_shift,2024-07-30,0,0.03175400197505951
2024-07-31,growth_activity_shift,2024-06-13,-31,0.03496010601520538
2024-07-31,growth_activity_shift,2024-06-14,-30,0.034741681069135666
2024-07-31,growth_activity_shift,2024-06-17,-29,0.03351736441254616
2024-07-31,growth_activity_shift,2024-06-18,-28,0.0340171679854393
2024-07-31,growth_activity_shift,2024-06-20,-27,0.0314815379679203
2024-07-31,growth_activity_shift,2024-06-21,-26,0.0314769446849823
2024-07-31,growth_activity_shift,2024-06-24,-25,0.030027907341718674
2024-07-31,growth_activity_shift,2024-06-25,-24,0.02907661907374859
2024-07-31,growth_activity_shift,2024-06-26,-23,0.028758103027939796
2024-07-31,growth_activity_shift,2024-06-27,-22,0.029946234077215195
2024-07-31,growth_activity_shift,2024-06-28,-21,0.030275266617536545
2024-07-31,growth_activity_shift,2024-07-01,-20,0.03267013281583786
2024-07-31,growth_activity_shift,2024-07-02,-19,0.03161434829235077
2024-07-31,growth_activity_shift,2024-07-03,-18,0.02988709695637226
2024-07-31,growth_activity_shift,2024-07-05,-17,0.031864505261182785
2024-07-31,growth_activity_shift,2024-07-08,-16,0.02992655336856842
2024-07-31,growth_activity_shift,2024-07-09,-15,0.03099982626736164
2024-07-31,growth_activity_shift,2024-07-10,-14,0.03160599619150162
2024-07-31,growth_activity_shift,2024-07-11,-13,0.031060654670000076
2024-07-31,growth_activity_shift,2024-07-12,-12,0.03064153715968132
2024-07-31,growth_activity_shift,2024-07-15,-11,0.029816916212439537
2024-07-31,growth_activity_shift,2024-07-16,-10,0.03255579248070717
2024-07-31,growth_activity_shift,2024-07-17,-9,0.02980048395693302
2024-07-31,growth_activity_shift,2024-07-18,-8,0.03210383281111717
2024-07-31,growth_activity_shift,2024-07-19,-7,0.03180723264813423
2024-07-31,growth_activity_shift,2024-07-22,-6,0.027586139738559723
2024-07-31,growth_activity_shift,2024-07-23,-5,0.029742583632469177
2024-07-31,growth_activity_shift,2024-07-24,-4,0.030395688489079475
2024-07-31,growth_activity_shift,2024-07-25,-3,0.031124083325266838
2024-07-31,growth_activity_shift,2024-07-26,-2,0.0313982330262661
2024-07-31,growth_activity_shift,2024-07-29,-1,0.03161134198307991
2024-07-31,growth_activity_shift,2024-07-30,0,0.03350813314318657
2024-07-31,financial_conditions_shift,2024-06-13,-31,0.0334293432533741
2024-07-31,financial_conditions_shift,2024-06-14,-30,0.034546684473752975
2024-07-31,financial_conditions_shift,2024-06-17,-29,0.031038686633110046
2024-07-31,financial_conditions_shift,2024-06-18,-28,0.032578423619270325
2024-07-31,financial_conditions_shift,2024-06-20,-27,0.030594203621149063
2024-07-31,financial_conditions_shift,2024-06-21,-26,0.03194854408502579
2024-07-31,financial_conditions_shift,2024-06-24,-25,0.029548805207014084
2024-07-31,financial_conditions_shift,2024-06-25,-24,0.032685305923223495
2024-07-31,financial_conditions_shift,2024-06-26,-23,0.03004377707839012
2024-07-31,financial_conditions_shift,2024-06-27,-22,0.03267074003815651
2024-07-31,financial_conditions_shift,2024-06-28,-21,0.033331677317619324
2024-07-31,financial_conditions_shift,2024-07-01,-20,0.032174207270145416
2024-07-31,financial_conditions_shift,2024-07-02,-19,0.02971530891954899
2024-07-31,financial_conditions_shift,2024-07-03,-18,0.028944317251443863
2024-07-31,financial_conditions_shift,2024-07-05,-17,0.031031586229801178
2024-07-31,financial_conditions_shift,2024-07-08,-16,0.0291714109480381
2024-07-31,financial_conditions_shift,2024-07-09,-15,0.030222641304135323
2024-07-31,financial_conditions_shift,2024-07-10,-14,0.029268300160765648
2024-07-31,financial_conditions_shift,2024-07-11,-13,0.029516100883483887
2024-07-31,financial_conditions_shift,2024-07-12,-12,0.030040044337511063
2024-07-31,financial_conditions_shift,2024-07-15,-11,0.030924605205655098
2024-07-31,financial_conditions_shift,2024-07-16,-10,0.033705808222293854
2024-07-31,financial_conditions_shift,2024-07-17,-9,0.03326473385095596
2024-07-31,financial_conditions_shift,2024-07-18,-8,0.03440389782190323
2024-07-31,financial_conditions_shift,2024-07-19,-7,0.032629530876874924
2024-07-31,financial_conditions_shift,2024-07-22,-6,0.026755664497613907
2024-07-31,financial_conditions_shift,2024-07-23,-5,0.028898263350129128
2024-07-31,financial_conditions_shift,2024-07-24,-4,0.029752040281891823
2024-07-31,financial_conditions_shift,2024-07-25,-3,0.029576145112514496
2024-07-31,financial_conditions_shift,2024-07-26,-2,0.030301285907626152
2024-07-31,financial_conditions_shift,2024-07-29,-1,0.03125334903597832
2024-07-31,financial_conditions_shift,2024-07-30,0,0.036034539341926575
2024-07-31,balance_sheet_policy_shift,2024-06-13,-31,0.031836532056331635
2024-07-31,balance_sheet_policy_shift,2024-06-14,-30,0.03339814767241478
2024-07-31,balance_sheet_policy_shift,2024-06-17,-29,0.02942712791264057
2024-07-31,balance_sheet_policy_shift,2024-06-18,-28,0.032215241342782974
2024-07-31,balance_sheet_policy_shift,2024-06-20,-27,0.030704699456691742
2024-07-31,balance_sheet_policy_shift,2024-06-21,-26,0.03165147453546524
2024-07-31,balance_sheet_policy_shift,2024-06-24,-25,0.029798731207847595
2024-07-31,balance_sheet_policy_shift,2024-06-25,-24,0.03504832088947296
2024-07-31,balance_sheet_policy_shift,2024-06-26,-23,0.032722197473049164
2024-07-31,balance_sheet_policy_shift,2024-06-27,-22,0.03395446389913559
2024-07-31,balance_sheet_policy_shift,2024-06-28,-21,0.033962756395339966
2024-07-31,balance_sheet_policy_shift,2024-07-01,-20,0.02899334207177162
2024-07-31,balance_sheet_policy_shift,2024-07-02,-19,0.027321506291627884
2024-07-31,balance_sheet_policy_shift,2024-07-03,-18,0.027907129377126694
2024-07-31,balance_sheet_policy_shift,2024-07-05,-17,0.030759351328015327
2024-07-31,balance_sheet_policy_shift,2024-07-08,-16,0.029888316988945007
2024-07-31,balance_sheet_policy_shift,2024-07-09,-15,0.029563330113887787
2024-07-31,balance_sheet_policy_shift,2024-07-10,-14,0.028152091428637505
2024-07-31,balance_sheet_policy_shift,2024-07-11,-13,0.029212554916739464
2024-07-31,balance_sheet_policy_shift,2024-07-12,-12,0.0302702859044075
2024-07-31,balance_sheet_policy_shift,2024-07-15,-11,0.03183666989207268
2024-07-31,balance_sheet_policy_shift,2024-07-16,-10,0.03527069836854935
2024-07-31,balance_sheet_policy_shift,2024-07-17,-9,0.036978527903556824
2024-07-31,balance_sheet_policy_shift,2024-07-18,-8,0.035869300365448
2024-07-31,balance_sheet_policy_shift,2024-07-19,-7,0.03258576989173889
2024-07-31,balance_sheet_policy_shift,2024-07-22,-6,0.02678227424621582
2024-07-31,balance_sheet_policy_shift,2024-07-23,-5,0.028350135311484337
2024-07-31,balance_sheet_policy_shift,2024-07-24,-4,0.02815013751387596
2024-07-31,balance_sheet_policy_shift,2024-07-25,-3,0.02844807505607605
2024-07-31,balance_sheet_policy_shift,2024-07-26,-2,0.02992117777466774
2024-07-31,balance_sheet_policy_shift,2024-07-29,-1,0.031701136380434036
2024-07-31,balance_sheet_policy_shift,2024-07-30,0,0.037318482995033264
2024-07-31,risk_balance_shift,2024-06-13,-31,0.03481563925743103
2024-07-31,risk_balance_shift,2024-06-14,-30,0.03491959720849991
2024-07-31,risk_balance_shift,2024-06-17,-29,0.03352385759353638
2024-07-31,risk_balance_shift,2024-06-18,-28,0.034422144293785095
2024-07-31,risk_balance_shift,2024-06-20,-27,0.03191731870174408
2024-07-31,risk_balance_shift,2024-06-21,-26,0.03150583803653717
2024-07-31,risk_balance_shift,2024-06-24,-25,0.03020167350769043
2024-07-31,risk_balance_shift,2024-06-25,-24,0.02857784740626812
2024-07-31,risk_balance_shift,2024-06-26,-23,0.02806936576962471
2024-07-31,risk_balance_shift,2024-06-27,-22,0.029596783220767975
2024-07-31,risk_balance_shift,2024-06-28,-21,0.03001389652490616
2024-07-31,risk_balance_shift,2024-07-01,-20,0.03291893005371094
2024-07-31,risk_balance_shift,2024-07-02,-19,0.032104212790727615
2024-07-31,risk_balance_shift,2024-07-03,-18,0.030218221247196198
2024-07-31,risk_balance_shift,2024-07-05,-17,0.03190293535590172
2024-07-31,risk_balance_shift,2024-07-08,-16,0.030058924108743668
2024-07-31,risk_balance_shift,2024-07-09,-15,0.030982278287410736
2024-07-31,risk_balance_shift,2024-07-10,-14,0.03193075954914093
2024-07-31,risk_balance_shift,2024-07-11,-13,0.03142945095896721
2024-07-31,risk_balance_shift,2024-07-12,-12,0.030891790986061096
2024-07-31,risk_balance_shift,2024-07-15,-11,0.029878094792366028
2024-07-31,risk_balance_shift,2024-07-16,-10,0.032375264912843704
2024-07-31,risk_balance_shift,2024-07-17,-9,0.029400408267974854
2024-07-31,risk_balance_shift,2024-07-18,-8,0.03148511052131653
2024-07-31,risk_balance_shift,2024-07-19,-7,0.03175763040781021
2024-07-31,risk_balance_shift,2024-07-22,-6,0.027888579294085503
2024-07-31,risk_balance_shift,2024-07-23,-5,0.030070316046476364
2024-07-31,risk_balance_shift,2024-07-24,-4,0.030847221612930298
2024-07-31,risk_balance_shift,2024-07-25,-3,0.031108826398849487
2024-07-31,risk_balance_shift,2024-07-26,-2,0.03117656335234642
2024-07-31,risk_balance_shift,2024-07-29,-1,0.03106679767370224
2024-07-31,risk_balance_shift,2024-07-30,0,0.0329437330365181
2024-07-31,committee_dispersion,2024-06-13,-31,0.02967342548072338
2024-07-31,committee_dispersion,2024-06-14,-30,0.03115994483232498
2024-07-31,committee_dispersion,2024-06-17,-29,0.028656117618083954
2024-07-31,committee_dispersion,2024-06-18,-28,0.03010173887014389
2024-07-31,committee_dispersion,2024-06-20,-27,0.030197270214557648
2024-07-31,committee_dispersion,2024-06-21,-26,0.03146258369088173
2024-07-31,committee_dispersion,2024-06-24,-25,0.029872961342334747
2024-07-31,committee_dispersion,2024-06-25,-24,0.03752675652503967
2024-07-31,committee_dispersion,2024-06-26,-23,0.03644316643476486
2024-07-31,committee_dispersion,2024-06-27,-22,0.0348626971244812
2024-07-31,committee_dispersion,2024-06-28,-21,0.035597044974565506
2024-07-31,committee_dispersion,2024-07-01,-20,0.028136029839515686
2024-07-31,committee_dispersion,2024-07-02,-19,0.026706935837864876
2024-07-31,committee_dispersion,2024-07-03,-18,0.028533313423395157
2024-07-31,committee_dispersion,2024-07-05,-17,0.029868271201848984
2024-07-31,committee_dispersion,2024-07-08,-16,0.030564825981855392
2024-07-31,committee_dispersion,2024-07-09,-15,0.029475536197423935
2024-07-31,committee_dispersion,2024-07-10,-14,0.02763667330145836
2024-07-31,committee_dispersion,2024-07-11,-13,0.028590412810444832
2024-07-31,committee_dispersion,2024-07-12,-12,0.030190037563443184
2024-07-31,committee_dispersion,2024-07-15,-11,0.03292350843548775
2024-07-31,committee_dispersion,2024-07-16,-10,0.03417540714144707
2024-07-31,committee_dispersion,2024-07-17,-9,0.038529884070158005
2024-07-31,committee_dispersion,2024-07-18,-8,0.03596443682909012
2024-07-31,committee_dispersion,2024-07-19,-7,0.03236032649874687
2024-07-31,committee_dispersion,2024-07-22,-6,0.027760721743106842
2024-07-31,committee_dispersion,2024-07-23,-5,0.02843940630555153
2024-07-31,committee_dispersion,2024-07-24,-4,0.027993902564048767
2024-07-31,committee_dispersion,2024-07-25,-3,0.0284360833466053
2024-07-31,committee_dispersion,2024-07-26,-2,0.0295720137655735
2024-07-31,committee_dispersion,2024-07-29,-1,0.03172606974840164
2024-07-31,committee_dispersion,2024-07-30,0,0.03686251863837242
2024-07-31,policy_uncertainty,2024-06-13,-31,0.03326629102230072
2024-07-31,policy_uncertainty,2024-06-14,-30,0.03396566957235336
2024-07-31,policy_uncertainty,2024-06-17,-29,0.03199978917837143
2024-07-31,policy_uncertainty,2024-06-18,-28,0.03269290179014206
2024-07-31,policy_uncertainty,2024-06-20,-27,0.03164028376340866
2024-07-31,policy_uncertainty,2024-06-21,-26,0.03170279413461685
2024-07-31,policy_uncertainty,2024-06-24,-25,0.03055654652416706
2024-07-31,policy_uncertainty,2024-06-25,-24,0.030975747853517532
2024-07-31,policy_uncertainty,2024-06-26,-23,0.03021182119846344
2024-07-31,policy_uncertainty,2024-06-27,-22,0.03133907541632652
2024-07-31,policy_uncertainty,2024-06-28,-21,0.03207658231258392
2024-07-31,policy_uncertainty,2024-07-01,-20,0.03219471871852875
2024-07-31,policy_uncertainty,2024-07-02,-19,0.03033183142542839
2024-07-31,policy_uncertainty,2024-07-03,-18,0.02933913841843605
2024-07-31,policy_uncertainty,2024-07-05,-17,0.031112054362893105
2024-07-31,policy_uncertainty,2024-07-08,-16,0.029820654541254044
2024-07-31,policy_uncertainty,2024-07-09,-15,0.030327634885907173
2024-07-31,policy_uncertainty,2024-07-10,-14,0.030380168929696083
2024-07-31,policy_uncertainty,2024-07-11,-13,0.0300936046987772
2024-07-31,policy_uncertainty,2024-07-12,-12,0.03012666292488575
2024-07-31,policy_uncertainty,2024-07-15,-11,0.02986995503306389
2024-07-31,policy_uncertainty,2024-07-16,-10,0.032940350472927094
2024-07-31,policy_uncertainty,2024-07-17,-9,0.03183531016111374
2024-07-31,policy_uncertainty,2024-07-18,-8,0.03388039767742157
2024-07-31,policy_uncertainty,2024-07-19,-7,0.03302400931715965
2024-07-31,policy_uncertainty,2024-07-22,-6,0.027842437848448753
2024-07-31,policy_uncertainty,2024-07-23,-5,0.02950112521648407
2024-07-31,policy_uncertainty,2024-07-24,-4,0.03009945899248123
2024-07-31,policy_uncertainty,2024-07-25,-3,0.029816359281539917
2024-07-31,policy_uncertainty,2024-07-26,-2,0.03068474307656288
2024-07-31,policy_uncertainty,2024-07-29,-1,0.031881969422101974
2024-07-31,policy_uncertainty,2024-07-30,0,0.03446990251541138
2024-07-31,forward_guidance_strength,2024-06-13,-31,0.030714305117726326
2024-07-31,forward_guidance_strength,2024-06-14,-30,0.03237894922494888
2024-07-31,forward_guidance_strength,2024-06-17,-29,0.02918330766260624
2024-07-31,forward_guidance_strength,2024-06-18,-28,0.03129475936293602
2024-07-31,forward_guidance_strength,2024-06-20,-27,0.029433000832796097
2024-07-31,forward_guidance_strength,2024-06-21,-26,0.03067169524729252
2024-07-31,forward_guidance_strength,2024-06-24,-25,0.029336197301745415
2024-07-31,forward_guidance_strength,2024-06-25,-24,0.035008590668439865
2024-07-31,forward_guidance_strength,2024-06-26,-23,0.033283792436122894
2024-07-31,forward_guidance_strength,2024-06-27,-22,0.034356169402599335
2024-07-31,forward_guidance_strength,2024-06-28,-21,0.03412159904837608
2024-07-31,forward_guidance_strength,2024-07-01,-20,0.028868630528450012
2024-07-31,forward_guidance_strength,2024-07-02,-19,0.027710389345884323
2024-07-31,forward_guidance_strength,2024-07-03,-18,0.02858879789710045
2024-07-31,forward_guidance_strength,2024-07-05,-17,0.030026912689208984
2024-07-31,forward_guidance_strength,2024-07-08,-16,0.030243422836065292
2024-07-31,forward_guidance_strength,2024-07-09,-15,0.029703479260206223
2024-07-31,forward_guidance_strength,2024-07-10,-14,0.02815340645611286
2024-07-31,forward_guidance_strength,2024-07-11,-13,0.028770629316568375
2024-07-31,forward_guidance_strength,2024-07-12,-12,0.02993493527173996
2024-07-31,forward_guidance_strength,2024-07-15,-11,0.03304542973637581
2024-07-31,forward_guidance_strength,2024-07-16,-10,0.03560110554099083
2024-07-31,forward_guidance_strength,2024-07-17,-9,0.03682933375239372
2024-07-31,forward_guidance_strength,2024-07-18,-8,0.0352654792368412
2024-07-31,forward_guidance_strength,2024-07-19,-7,0.0324760302901268
2024-07-31,forward_guidance_strength,2024-07-22,-6,0.027364425361156464
2024-07-31,forward_guidance_strength,2024-07-23,-5,0.028376948088407516
2024-07-31,forward_guidance_strength,2024-07-24,-4,0.028385382145643234
2024-07-31,forward_guidance_strength,2024-07-25,-3,0.029397375881671906
2024-07-31,forward_guidance_strength,2024-07-26,-2,0.03063051402568817
2024-07-31,forward_guidance_strength,2024-07-29,-1,0.032414812594652176
2024-07-31,forward_guidance_strength,2024-07-30,0,0.03843015432357788
2024-09-18,rate_decision,2024-08-01,-32,0.027185924351215363
2024-09-18,rate_decision,2024-08-02,-31,0.026132114231586456
2024-09-18,rate_decision,2024-08-05,-30,0.02482466585934162
2024-09-18,rate_decision,2024-08-06,-29,0.02231370098888874
2024-09-18,rate_decision,2024-08-07,-28,0.027205925434827805
2024-09-18,rate_decision,2024-08-08,-27,0.02838177978992462
2024-09-18,rate_decision,2024-08-09,-26,0.029630977660417557
2024-09-18,rate_decision,2024-08-12,-25,0.02911284565925598
2024-09-18,rate_decision,2024-08-13,-24,0.03460915386676788
2024-09-18,rate_decision,2024-08-14,-23,0.04351603612303734
2024-09-18,rate_decision,2024-08-15,-22,0.03776589781045914
2024-09-18,rate_decision,2024-08-16,-21,0.0323718823492527
2024-09-18,rate_decision,2024-08-19,-20,0.03290609270334244
2024-09-18,rate_decision,2024-08-20,-19,0.0289614200592041
2024-09-18,rate_decision,2024-08-21,-18,0.028144100680947304
2024-09-18,rate_decision,2024-08-22,-17,0.02836790308356285
2024-09-18,rate_decision,2024-08-23,-16,0.027943400666117668
2024-09-18,rate_decision,2024-08-26,-15,0.028468353673815727
2024-09-18,rate_decision,2024-08-27,-14,0.02872108854353428
2024-09-18,rate_decision,2024-08-28,-13,0.03179428353905678
2024-09-18,rate_decision,2024-08-29,-12,0.03802245855331421
2024-09-18,rate_decision,2024-08-30,-11,0.035042714327573776
2024-09-18,rate_decision,2024-09-03,-10,0.03170608729124069
2024-09-18,rate_decision,2024-09-04,-9,0.032958984375
2024-09-18,rate_decision,2024-09-05,-8,0.027835192158818245
2024-09-18,rate_decision,2024-09-06,-7,0.028173105791211128
2024-09-18,rate_decision,2024-09-09,-6,0.02692255564033985
2024-09-18,rate_decision,2024-09-10,-5,0.027436215430498123
2024-09-18,rate_decision,2024-09-11,-4,0.03076988086104393
2024-09-18,rate_decision,2024-09-12,-3,0.02749963477253914
2024-09-18,rate_decision,2024-09-13,-2,0.03146539628505707
2024-09-18,rate_decision,2024-09-16,-1,0.03443498909473419
2024-09-18,rate_decision,2024-09-17,0,0.029375243932008743
2024-09-18,current_policy_stance,2024-08-01,-32,0.02712962031364441
2024-09-18,current_policy_stance,2024-08-02,-31,0.02922511287033558
2024-09-18,current_policy_stance,2024-08-05,-30,0.030606165528297424
2024-09-18,current_policy_stance,2024-08-06,-29,0.031714245676994324
2024-09-18,current_policy_stance,2024-08-07,-28,0.03140229359269142
2024-09-18,current_policy_stance,2024-08-08,-27,0.03462671861052513
2024-09-18,current_policy_stance,2024-08-09,-26,0.030689992010593414
2024-09-18,current_policy_stance,2024-08-12,-25,0.029512081295251846
2024-09-18,current_policy_stance,2024-08-13,-24,0.03293526545166969
2024-09-18,current_policy_stance,2024-08-14,-23,0.0394686721265316
2024-09-18,current_policy_stance,2024-08-15,-22,0.027749614790081978
2024-09-18,current_policy_stance,2024-08-16,-21,0.026747602969408035
2024-09-18,current_policy_stance,2024-08-19,-20,0.030152374878525734
2024-09-18,current_policy_stance,2024-08-20,-19,0.029986180365085602
2024-09-18,current_policy_stance,2024-08-21,-18,0.031084265559911728
2024-09-18,current_policy_stance,2024-08-22,-17,0.030690591782331467
2024-09-18,current_policy_stance,2024-08-23,-16,0.030349791049957275
2024-09-18,current_policy_stance,2024-08-26,-15,0.03552040085196495
2024-09-18,current_policy_stance,2024-08-27,-14,0.036298781633377075
2024-09-18,current_policy_stance,2024-08-28,-13,0.03539993241429329
2024-09-18,current_policy_stance,2024-08-29,-12,0.03169830143451691
2024-09-18,current_policy_stance,2024-08-30,-11,0.025675836950540543
2024-09-18,current_policy_stance,2024-09-03,-10,0.02626938745379448
2024-09-18,current_policy_stance,2024-09-04,-9,0.025994647294282913
2024-09-18,current_policy_stance,2024-09-05,-8,0.02835039794445038
2024-09-18,current_policy_stance,2024-09-06,-7,0.02629029005765915
2024-09-18,current_policy_stance,2024-09-09,-6,0.02729872614145279
2024-09-18,current_policy_stance,2024-09-10,-5,0.026707952842116356
2024-09-18,current_policy_stance,2024-09-11,-4,0.026779217645525932
2024-09-18,current_policy_stance,2024-09-12,-3,0.026829516515135765
2024-09-18,current_policy_stance,2024-09-13,-2,0.027639664709568024
2024-09-18,current_policy_stance,2024-09-16,-1,0.0318274088203907
2024-09-18,current_policy_stance,2024-09-17,0,0.03734893351793289
2024-09-18,policy_stance_shift,2024-08-01,-32,0.03306499868631363
2024-09-18,policy_stance_shift,2024-08-02,-31,0.03381237015128136
2024-09-18,policy_stance_shift,2024-08-05,-30,0.02917129173874855
2024-09-18,policy_stance_shift,2024-08-06,-29,0.02822522073984146
2024-09-18,policy_stance_shift,2024-08-07,-28,0.03206450119614601
2024-09-18,policy_stance_shift,2024-08-08,-27,0.030385402962565422
2024-09-18,policy_stance_shift,2024-08-09,-26,0.031136173754930496
2024-09-18,policy_stance_shift,2024-08-12,-25,0.030729595571756363
2024-09-18,policy_stance_shift,2024-08-13,-24,0.03114572912454605
2024-09-18,policy_stance_shift,2024-08-14,-23,0.03246169164776802
2024-09-18,policy_stance_shift,2024-08-15,-22,0.034857504069805145
2024-09-18,policy_stance_shift,2024-08-16,-21,0.03618612885475159
2024-09-18,policy_stance_shift,2024-08-19,-20,0.03190340846776962
2024-09-18,policy_stance_shift,2024-08-20,-19,0.03045853227376938
2024-09-18,policy_stance_shift,2024-08-21,-18,0.03449283540248871
2024-09-18,policy_stance_shift,2024-08-22,-17,0.029698140919208527
2024-09-18,policy_stance_shift,2024-08-23,-16,0.031950462609529495
2024-09-18,policy_stance_shift,2024-08-26,-15,0.026354044675827026
2024-09-18,policy_stance_shift,2024-08-27,-14,0.025782089680433273
2024-09-18,policy_stance_shift,2024-08-28,-13,0.025431709364056587
2024-09-18,policy_stance_shift,2024-08-29,-12,0.029825353994965553
2024-09-18,policy_stance_shift,2024-08-30,-11,0.032591965049505234
2024-09-18,policy_stance_shift,2024-09-03,-10,0.030457567423582077
2024-09-18,policy_stance_shift,2024-09-04,-9,0.031729791313409805
2024-09-18,policy_stance_shift,2024-09-05,-8,0.03051433339715004
2024-09-18,policy_stance_shift,2024-09-06,-7,0.031878918409347534
2024-09-18,policy_stance_shift,2024-09-09,-6,0.02814408950507641
2024-09-18,policy_stance_shift,2024-09-10,-5,0.028546622022986412
2024-09-18,policy_stance_shift,2024-09-11,-4,0.027652142569422722
2024-09-18,policy_stance_shift,2024-09-12,-3,0.02887469157576561
2024-09-18,policy_stance_shift,2024-09-13,-2,0.028240393847227097
2024-09-18,policy_stance_shift,2024-09-16,-1,0.026675526052713394
2024-09-18,policy_stance_shift,2024-09-17,0,0.025556722655892372
2024-09-18,expected_rate_path_shift,2024-08-01,-32,0.03288701921701431
2024-09-18,expected_rate_path_shift,2024-08-02,-31,0.03377848118543625
2024-09-18,expected_rate_path_shift,2024-08-05,-30,0.029260404407978058
2024-09-18,expected_rate_path_shift,2024-08-06,-29,0.028631551191210747
2024-09-18,expected_rate_path_shift,2024-08-07,-28,0.03221013396978378
2024-09-18,expected_rate_path_shift,2024-08-08,-27,0.030644048005342484
2024-09-18,expected_rate_path_shift,2024-08-09,-26,0.031601596623659134
2024-09-18,expected_rate_path_shift,2024-08-12,-25,0.03094714693725109
2024-09-18,expected_rate_path_shift,2024-08-13,-24,0.03148100897669792
2024-09-18,expected_rate_path_shift,2024-08-14,-23,0.03237459436058998
2024-09-18,expected_rate_path_shift,2024-08-15,-22,0.03457789868116379
2024-09-18,expected_rate_path_shift,2024-08-16,-21,0.035951629281044006
2024-09-18,expected_rate_path_shift,2024-08-19,-20,0.03175222873687744
2024-09-18,expected_rate_path_shift,2024-08-20,-19,0.030626995489001274
2024-09-18,expected_rate_path_shift,2024-08-21,-18,0.034852322190999985
2024-09-18,expected_rate_path_shift,2024-08-22,-17,0.029779726639389992
2024-09-18,expected_rate_path_shift,2024-08-23,-16,0.03188055381178856
2024-09-18,expected_rate_path_shift,2024-08-26,-15,0.026466935873031616
2024-09-18,expected_rate_path_shift,2024-08-27,-14,0.026061754673719406
2024-09-18,expected_rate_path_shift,2024-08-28,-13,0.025481797754764557
2024-09-18,expected_rate_path_shift,2024-08-29,-12,0.02995402365922928
2024-09-18,expected_rate_path_shift,2024-08-30,-11,0.032294921576976776
2024-09-18,expected_rate_path_shift,2024-09-03,-10,0.030141763389110565
2024-09-18,expected_rate_path_shift,2024-09-04,-9,0.03139504790306091
2024-09-18,expected_rate_path_shift,2024-09-05,-8,0.030312422662973404
2024-09-18,expected_rate_path_shift,2024-09-06,-7,0.03163968026638031
2024-09-18,expected_rate_path_shift,2024-09-09,-6,0.02790052257478237
2024-09-18,expected_rate_path_shift,2024-09-10,-5,0.028370771557092667
2024-09-18,expected_rate_path_shift,2024-09-11,-4,0.02757127583026886
2024-09-18,expected_rate_path_shift,2024-09-12,-3,0.028919590637087822
2024-09-18,expected_rate_path_shift,2024-09-13,-2,0.02803763933479786
2024-09-18,expected_rate_path_shift,2024-09-16,-1,0.026591112837195396
2024-09-18,expected_rate_path_shift,2024-09-17,0,0.025623373687267303
2024-09-18,inflation_assessment_shift,2024-08-01,-32,0.032397158443927765
2024-09-18,inflation_assessment_shift,2024-08-02,-31,0.03435414284467697
2024-09-18,inflation_assessment_shift,2024-08-05,-30,0.02952723018825054
2024-09-18,inflation_assessment_shift,2024-08-06,-29,0.02899254485964775
2024-09-18,inflation_assessment_shift,2024-08-07,-28,0.033087991178035736
2024-09-18,inflation_assessment_shift,2024-08-08,-27,0.032030683010816574
2024-09-18,inflation_assessment_shift,2024-08-09,-26,0.03179408609867096
2024-09-18,inflation_assessment_shift,2024-08-12,-25,0.03115193545818329
2024-09-18,inflation_assessment_shift,2024-08-13,-24,0.03186854347586632
2024-09-18,inflation_assessment_shift,2024-08-14,-23,0.03252362459897995
2024-09-18,inflation_assessment_shift,2024-08-15,-22,0.034139733761548996
2024-09-18,inflation_assessment_shift,2024-08-16,-21,0.035126298666000366
2024-09-18,inflation_assessment_shift,2024-08-19,-20,0.031466610729694366
2024-09-18,inflation_assessment_shift,2024-08-20,-19,0.030132262036204338
2024-09-18,inflation_assessment_shift,2024-08-21,-18,0.034971222281455994
2024-09-18,inflation_assessment_shift,2024-08-22,-17,0.02965620532631874
2024-09-18,inflation_assessment_shift,2024-08-23,-16,0.03232009708881378
2024-09-18,inflation_assessment_shift,2024-08-26,-15,0.027369555085897446
2024-09-18,inflation_assessment_shift,2024-08-27,-14,0.027037061750888824
2024-09-18,inflation_assessment_shift,2024-08-28,-13,0.026047248393297195
2024-09-18,inflation_assessment_shift,2024-08-29,-12,0.029972443357110023
2024-09-18,inflation_assessment_shift,2024-08-30,-11,0.031141335144639015
2024-09-18,inflation_assessment_shift,2024-09-03,-10,0.029363784939050674
2024-09-18,inflation_assessment_shift,2024-09-04,-9,0.03064652532339096
2024-09-18,inflation_assessment_shift,2024-09-05,-8,0.029952967539429665
2024-09-18,inflation_assessment_shift,2024-09-06,-7,0.031085878610610962
2024-09-18,inflation_assessment_shift,2024-09-09,-6,0.027340488508343697
2024-09-18,inflation_assessment_shift,2024-09-10,-5,0.027779610827565193
2024-09-18,inflation_assessment_shift,2024-09-11,-4,0.02669895626604557
2024-09-18,inflation_assessment_shift,2024-09-12,-3,0.02831326052546501
2024-09-18,inflation_assessment_shift,2024-09-13,-2,0.027811070904135704
2024-09-18,inflation_assessment_shift,2024-09-16,-1,0.027140121906995773
2024-09-18,inflation_assessment_shift,2024-09-17,0,0.02675931341946125
2024-09-18,inflation_risk_shift,2024-08-01,-32,0.032793253660202026
2024-09-18,inflation_risk_shift,2024-08-02,-31,0.03383328393101692
2024-09-18,inflation_risk_shift,2024-08-05,-30,0.02925524115562439
2024-09-18,inflation_risk_shift,2024-08-06,-29,0.02858991175889969
2024-09-18,inflation_risk_shift,2024-08-07,-28,0.032375987619161606
2024-09-18,inflation_risk_shift,2024-08-08,-27,0.030590524896979332
2024-09-18,inflation_risk_shift,2024-08-09,-26,0.031144410371780396
2024-09-18,inflation_risk_shift,2024-08-12,-25,0.03043699450790882
2024-09-18,inflation_risk_shift,2024-08-13,-24,0.03106323443353176
2024-09-18,inflation_risk_shift,2024-08-14,-23,0.032759714871644974
2024-09-18,inflation_risk_shift,2024-08-15,-22,0.03485434502363205
2024-09-18,inflation_risk_shift,2024-08-16,-21,0.03571520000696182
2024-09-18,inflation_risk_shift,2024-08-19,-20,0.03136059641838074
2024-09-18,inflation_risk_shift,2024-08-20,-19,0.030397040769457817
2024-09-18,inflation_risk_shift,2024-08-21,-18,0.03515411168336868
2024-09-18,inflation_risk_shift,2024-08-22,-17,0.029916204512119293
2024-09-18,inflation_risk_shift,2024-08-23,-16,0.03205175697803497
2024-09-18,inflation_risk_shift,2024-08-26,-15,0.02651887759566307
2024-09-18,inflation_risk_shift,2024-08-27,-14,0.026313256472349167
2024-09-18,inflation_risk_shift,2024-08-28,-13,0.02577529475092888
2024-09-18,inflation_risk_shift,2024-08-29,-12,0.03028767555952072
2024-09-18,inflation_risk_shift,2024-08-30,-11,0.0322374664247036
2024-09-18,inflation_risk_shift,2024-09-03,-10,0.0300400760024786
2024-09-18,inflation_risk_shift,2024-09-04,-9,0.031277842819690704
2024-09-18,inflation_risk_shift,2024-09-05,-8,0.03028682805597782
2024-09-18,inflation_risk_shift,2024-09-06,-7,0.03173891454935074
2024-09-18,inflation_risk_shift,2024-09-09,-6,0.028096284717321396
2024-09-18,inflation_risk_shift,2024-09-10,-5,0.028659995645284653
2024-09-18,inflation_risk_shift,2024-09-11,-4,0.027590468525886536
2024-09-18,inflation_risk_shift,2024-09-12,-3,0.028983058407902718
2024-09-18,inflation_risk_shift,2024-09-13,-2,0.028047386556863785
2024-09-18,inflation_risk_shift,2024-09-16,-1,0.026388730853796005
2024-09-18,inflation_risk_shift,2024-09-17,0,0.025466009974479675
2024-09-18,unemployment_assessment_shift,2024-08-01,-32,0.03199081867933273
2024-09-18,unemployment_assessment_shift,2024-08-02,-31,0.03399358317255974
2024-09-18,unemployment_assessment_shift,2024-08-05,-30,0.02932203933596611
2024-09-18,unemployment_assessment_shift,2024-08-06,-29,0.028742307797074318
2024-09-18,unemployment_assessment_shift,2024-08-07,-28,0.032959260046482086
2024-09-18,unemployment_assessment_shift,2024-08-08,-27,0.03245389088988304
2024-09-18,unemployment_assessment_shift,2024-08-09,-26,0.03242846205830574
2024-09-18,unemployment_assessment_shift,2024-08-12,-25,0.031453002244234085
2024-09-18,unemployment_assessment_shift,2024-08-13,-24,0.032562077045440674
2024-09-18,unemployment_assessment_shift,2024-08-14,-23,0.03373483940958977
2024-09-18,unemployment_assessment_shift,2024-08-15,-22,0.03461657091975212
2024-09-18,unemployment_assessment_shift,2024-08-16,-21,0.034834038466215134
2024-09-18,unemployment_assessment_shift,2024-08-19,-20,0.03166033700108528
2024-09-18,unemployment_assessment_shift,2024-08-20,-19,0.030274707823991776
2024-09-18,unemployment_assessment_shift,2024-08-21,-18,0.03567317873239517
2024-09-18,unemployment_assessment_shift,2024-08-22,-17,0.02973443642258644
2024-09-18,unemployment_assessment_shift,2024-08-23,-16,0.03158872574567795
2024-09-18,unemployment_assessment_shift,2024-08-26,-15,0.02746049128472805
2024-09-18,unemployment_assessment_shift,2024-08-27,-14,0.026962794363498688
2024-09-18,unemployment_assessment_shift,2024-08-28,-13,0.026157142594456673
2024-09-18,unemployment_assessment_shift,2024-08-29,-12,0.030405284836888313
2024-09-18,unemployment_assessment_shift,2024-08-30,-11,0.031201444566249847
2024-09-18,unemployment_assessment_shift,2024-09-03,-10,0.029088366776704788
2024-09-18,unemployment_assessment_shift,2024-09-04,-9,0.03040183335542679
2024-09-18,unemployment_assessment_shift,2024-09-05,-8,0.029497697949409485
2024-09-18,unemployment_assessment_shift,2024-09-06,-7,0.030494611710309982
2024-09-18,unemployment_assessment_shift,2024-09-09,-6,0.026803506538271904
2024-09-18,unemployment_assessment_shift,2024-09-10,-5,0.027264751493930817
2024-09-18,unemployment_assessment_shift,2024-09-11,-4,0.026471899822354317
2024-09-18,unemployment_assessment_shift,2024-09-12,-3,0.02806377038359642
2024-09-18,unemployment_assessment_shift,2024-09-13,-2,0.027490578591823578
2024-09-18,unemployment_assessment_shift,2024-09-16,-1,0.0271152313798666
2024-09-18,unemployment_assessment_shift,2024-09-17,0,0.027098290622234344
2024-09-18,labor_market_risk_shift,2024-08-01,-32,0.028430476784706116
2024-09-18,labor_market_risk_shift,2024-08-02,-31,0.03137699142098427
2024-09-18,labor_market_risk_shift,2024-08-05,-30,0.029378879815340042
2024-09-18,labor_market_risk_shift,2024-08-06,-29,0.029579225927591324
2024-09-18,labor_market_risk_shift,2024-08-07,-28,0.03271947056055069
2024-09-18,labor_market_risk_shift,2024-08-08,-27,0.03438636660575867
2024-09-18,labor_market_risk_shift,2024-08-09,-26,0.03153719753026962
2024-09-18,labor_market_risk_shift,2024-08-12,-25,0.030322708189487457
2024-09-18,labor_market_risk_shift,2024-08-13,-24,0.03549427539110184
2024-09-18,labor_market_risk_shift,2024-08-14,-23,0.0396529920399189
2024-09-18,labor_market_risk_shift,2024-08-15,-22,0.03168744966387749
2024-09-18,labor_market_risk_shift,2024-08-16,-21,0.03051155060529709
2024-09-18,labor_market_risk_shift,2024-08-19,-20,0.03213255852460861
2024-09-18,labor_market_risk_shift,2024-08-20,-19,0.031171763315796852
2024-09-18,labor_market_risk_shift,2024-08-21,-18,0.034755315631628036
2024-09-18,labor_market_risk_shift,2024-08-22,-17,0.03096356987953186
2024-09-18,labor_market_risk_shift,2024-08-23,-16,0.03187108784914017
2024-09-18,labor_market_risk_shift,2024-08-26,-15,0.03303888440132141
2024-09-18,labor_market_risk_shift,2024-08-27,-14,0.03311406448483467
2024-09-18,labor_market_risk_shift,2024-08-28,-13,0.0322427935898304
2024-09-18,labor_market_risk_shift,2024-08-29,-12,0.03126176819205284
2024-09-18,labor_market_risk_shift,2024-08-30,-11,0.02613941952586174
2024-09-18,labor_market_risk_shift,2024-09-03,-10,0.02636786922812462
2024-09-18,labor_market_risk_shift,2024-09-04,-9,0.02688533626496792
2024-09-18,labor_market_risk_shift,2024-09-05,-8,0.028074337169528008
2024-09-18,labor_market_risk_shift,2024-09-06,-7,0.026547718793153763
2024-09-18,labor_market_risk_shift,2024-09-09,-6,0.02543225698173046
2024-09-18,labor_market_risk_shift,2024-09-10,-5,0.025397414341568947
2024-09-18,labor_market_risk_shift,2024-09-11,-4,0.025410398840904236
2024-09-18,labor_market_risk_shift,2024-09-12,-3,0.025974709540605545
2024-09-18,labor_market_risk_shift,2024-09-13,-2,0.026216721162199974
2024-09-18,labor_market_risk_shift,2024-09-16,-1,0.02929571643471718
2024-09-18,labor_market_risk_shift,2024-09-17,0,0.03262871503829956
2024-09-18,growth_activity_shift,2024-08-01,-32,0.02773284539580345
2024-09-18,growth_activity_shift,2024-08-02,-31,0.030370432883501053
2024-09-18,growth_activity_shift,2024-08-05,-30,0.029391136020421982
2024-09-18,growth_activity_shift,2024-08-06,-29,0.02996763214468956
2024-09-18,growth_activity_shift,2024-08-07,-28,0.03175308555364609
2024-09-18,growth_activity_shift,2024-08-08,-27,0.035295452922582626
2024-09-18,growth_activity_shift,2024-08-09,-26,0.03145717829465866
2024-09-18,growth_activity_shift,2024-08-12,-25,0.02973630651831627
2024-09-18,growth_activity_shift,2024-08-13,-24,0.03492224961519241
2024-09-18,growth_activity_shift,2024-08-14,-23,0.040874190628528595
2024-09-18,growth_activity_shift,2024-08-15,-22,0.030985018238425255
2024-09-18,growth_activity_shift,2024-08-16,-21,0.028718288987874985
2024-09-18,growth_activity_shift,2024-08-19,-20,0.03110799565911293
2024-09-18,growth_activity_shift,2024-08-20,-19,0.03111756592988968
2024-09-18,growth_activity_shift,2024-08-21,-18,0.03319532051682472
2024-09-18,growth_activity_shift,2024-08-22,-17,0.031256671994924545
2024-09-18,growth_activity_shift,2024-08-23,-16,0.03149878606200218
2024-09-18,growth_activity_shift,2024-08-26,-15,0.033205773681402206
2024-09-18,growth_activity_shift,2024-08-27,-14,0.03391580283641815
2024-09-18,growth_activity_shift,2024-08-28,-13,0.032969534397125244
2024-09-18,growth_activity_shift,2024-08-29,-12,0.032010119408369064
2024-09-18,growth_activity_shift,2024-08-30,-11,0.02592284232378006
2024-09-18,growth_activity_shift,2024-09-03,-10,0.02600421942770481
2024-09-18,growth_activity_shift,2024-09-04,-9,0.026287250220775604
2024-09-18,growth_activity_shift,2024-09-05,-8,0.027984626591205597
2024-09-18,growth_activity_shift,2024-09-06,-7,0.02633245848119259
2024-09-18,growth_activity_shift,2024-09-09,-6,0.025860074907541275
2024-09-18,growth_activity_shift,2024-09-10,-5,0.025607315823435783
2024-09-18,growth_activity_shift,2024-09-11,-4,0.025966346263885498
2024-09-18,growth_activity_shift,2024-09-12,-3,0.026322653517127037
2024-09-18,growth_activity_shift,2024-09-13,-2,0.026673436164855957
2024-09-18,growth_activity_shift,2024-09-16,-1,0.03044566884636879
2024-09-18,growth_activity_shift,2024-09-17,0,0.035111743956804276
2024-09-18,financial_conditions_shift,2024-08-01,-32,0.03239168971776962
2024-09-18,financial_conditions_shift,2024-08-02,-31,0.03403344005346298
2024-09-18,financial_conditions_shift,2024-08-05,-30,0.029099931940436363
2024-09-18,financial_conditions_shift,2024-08-06,-29,0.028543001040816307
2024-09-18,financial_conditions_shift,2024-08-07,-28,0.03262170031666756
2024-09-18,financial_conditions_shift,2024-08-08,-27,0.031753167510032654
2024-09-18,financial_conditions_shift,2024-08-09,-26,0.032155998051166534
2024-09-18,financial_conditions_shift,2024-08-12,-25,0.03096994012594223
2024-09-18,financial_conditions_shift,2024-08-13,-24,0.0319635346531868
2024-09-18,financial_conditions_shift,2024-08-14,-23,0.03385021910071373
2024-09-18,financial_conditions_shift,2024-08-15,-22,0.034507542848587036
2024-09-18,financial_conditions_shift,2024-08-16,-21,0.035420022904872894
2024-09-18,financial_conditions_shift,2024-08-19,-20,0.03123827651143074
2024-09-18,financial_conditions_shift,2024-08-20,-19,0.030439015477895737
2024-09-18,financial_conditions_shift,2024-08-21,-18,0.03617125377058983
2024-09-18,financial_conditions_shift,2024-08-22,-17,0.029944151639938354
2024-09-18,financial_conditions_shift,2024-08-23,-16,0.03235161304473877
2024-09-18,financial_conditions_shift,2024-08-26,-15,0.027073951438069344
2024-09-18,financial_conditions_shift,2024-08-27,-14,0.027095988392829895
2024-09-18,financial_conditions_shift,2024-08-28,-13,0.026026243343949318
2024-09-18,financial_conditions_shift,2024-08-29,-12,0.030892154201865196
2024-09-18,financial_conditions_shift,2024-08-30,-11,0.031805768609046936
2024-09-18,financial_conditions_shift,2024-09-03,-10,0.029402660205960274
2024-09-18,financial_conditions_shift,2024-09-04,-9,0.03051227703690529
2024-09-18,financial_conditions_shift,2024-09-05,-8,0.029614757746458054
2024-09-18,financial_conditions_shift,2024-09-06,-7,0.030786247923970222
2024-09-18,financial_conditions_shift,2024-09-09,-6,0.026967018842697144
2024-09-18,financial_conditions_shift,2024-09-10,-5,0.027557361871004105
2024-09-18,financial_conditions_shift,2024-09-11,-4,0.026503130793571472
2024-09-18,financial_conditions_shift,2024-09-12,-3,0.028264647349715233
2024-09-18,financial_conditions_shift,2024-09-13,-2,0.027524270117282867
2024-09-18,financial_conditions_shift,2024-09-16,-1,0.026513876393437386
2024-09-18,financial_conditions_shift,2024-09-17,0,0.026005201041698456
2024-09-18,balance_sheet_policy_shift,2024-08-01,-32,0.028332117944955826
2024-09-18,balance_sheet_policy_shift,2024-08-02,-31,0.03233053535223007
2024-09-18,balance_sheet_policy_shift,2024-08-05,-30,0.03011285699903965
2024-09-18,balance_sheet_policy_shift,2024-08-06,-29,0.03039706125855446
2024-09-18,balance_sheet_policy_shift,2024-08-07,-28,0.03428586572408676
2024-09-18,balance_sheet_policy_shift,2024-08-08,-27,0.034678276628255844
2024-09-18,balance_sheet_policy_shift,2024-08-09,-26,0.03182306885719299
2024-09-18,balance_sheet_policy_shift,2024-08-12,-25,0.0301334410905838
2024-09-18,balance_sheet_policy_shift,2024-08-13,-24,0.03524387627840042
2024-09-18,balance_sheet_policy_shift,2024-08-14,-23,0.03766337409615517
2024-09-18,balance_sheet_policy_shift,2024-08-15,-22,0.028974268585443497
2024-09-18,balance_sheet_policy_shift,2024-08-16,-21,0.03002621978521347
2024-09-18,balance_sheet_policy_shift,2024-08-19,-20,0.03041578084230423
2024-09-18,balance_sheet_policy_shift,2024-08-20,-19,0.03084656223654747
2024-09-18,balance_sheet_policy_shift,2024-08-21,-18,0.03584139049053192
2024-09-18,balance_sheet_policy_shift,2024-08-22,-17,0.029582738876342773
2024-09-18,balance_sheet_policy_shift,2024-08-23,-16,0.033030323684215546
2024-09-18,balance_sheet_policy_shift,2024-08-26,-15,0.03268939256668091
2024-09-18,balance_sheet_policy_shift,2024-08-27,-14,0.033564336597919464
2024-09-18,balance_sheet_policy_shift,2024-08-28,-13,0.03262932226061821
2024-09-18,balance_sheet_policy_shift,2024-08-29,-12,0.031145472079515457
2024-09-18,balance_sheet_policy_shift,2024-08-30,-11,0.025428852066397667
2024-09-18,balance_sheet_policy_shift,2024-09-03,-10,0.02624637261033058
2024-09-18,balance_sheet_policy_shift,2024-09-04,-9,0.02687883749604225
2024-09-18,balance_sheet_policy_shift,2024-09-05,-8,0.02797934040427208
2024-09-18,balance_sheet_policy_shift,2024-09-06,-7,0.027059044688940048
2024-09-18,balance_sheet_policy_shift,2024-09-09,-6,0.02564908191561699
2024-09-18,balance_sheet_policy_shift,2024-09-10,-5,0.02612939104437828
2024-09-18,balance_sheet_policy_shift,2024-09-11,-4,0.02525370381772518
2024-09-18,balance_sheet_policy_shift,2024-09-12,-3,0.026278626173734665
2024-09-18,balance_sheet_policy_shift,2024-09-13,-2,0.027218196541070938
2024-09-18,balance_sheet_policy_shift,2024-09-16,-1,0.029521167278289795
2024-09-18,balance_sheet_policy_shift,2024-09-17,0,0.03261107951402664
2024-09-18,risk_balance_shift,2024-08-01,-32,0.029298627749085426
2024-09-18,risk_balance_shift,2024-08-02,-31,0.032663729041814804
2024-09-18,risk_balance_shift,2024-08-05,-30,0.02996942587196827
2024-09-18,risk_balance_shift,2024-08-06,-29,0.030359158292412758
2024-09-18,risk_balance_shift,2024-08-07,-28,0.03393532708287239
2024-09-18,risk_balance_shift,2024-08-08,-27,0.03568919003009796
2024-09-18,risk_balance_shift,2024-08-09,-26,0.03266356140375137
2024-09-18,risk_balance_shift,2024-08-12,-25,0.03074384108185768
2024-09-18,risk_balance_shift,2024-08-13,-24,0.03464367240667343
2024-09-18,risk_balance_shift,2024-08-14,-23,0.03455899655818939
2024-09-18,risk_balance_shift,2024-08-15,-22,0.031118428334593773
2024-09-18,risk_balance_shift,2024-08-16,-21,0.03150995075702667
2024-09-18,risk_balance_shift,2024-08-19,-20,0.03157392889261246
2024-09-18,risk_balance_shift,2024-08-20,-19,0.031200051307678223
2024-09-18,risk_balance_shift,2024-08-21,-18,0.03463492915034294
2024-09-18,risk_balance_shift,2024-08-22,-17,0.030419012531638145
2024-09-18,risk_balance_shift,2024-08-23,-16,0.032777804881334305
2024-09-18,risk_balance_shift,2024-08-26,-15,0.03169844299554825
2024-09-18,risk_balance_shift,2024-08-27,-14,0.031874168664216995
2024-09-18,risk_balance_shift,2024-08-28,-13,0.030052222311496735
2024-09-18,risk_balance_shift,2024-08-29,-12,0.03041744977235794
2024-09-18,risk_balance_shift,2024-08-30,-11,0.026468949392437935
2024-09-18,risk_balance_shift,2024-09-03,-10,0.026801764965057373
2024-09-18,risk_balance_shift,2024-09-04,-9,0.027628455311059952
2024-09-18,risk_balance_shift,2024-09-05,-8,0.02844463847577572
2024-09-18,risk_balance_shift,2024-09-06,-7,0.027734283357858658
2024-09-18,risk_balance_shift,2024-09-09,-6,0.02565603330731392
2024-09-18,risk_balance_shift,2024-09-10,-5,0.02582504227757454
2024-09-18,risk_balance_shift,2024-09-11,-4,0.025439178571105003
2024-09-18,risk_balance_shift,2024-09-12,-3,0.02655363641679287
2024-09-18,risk_balance_shift,2024-09-13,-2,0.026631511747837067
2024-09-18,risk_balance_shift,2024-09-16,-1,0.029234200716018677
2024-09-18,risk_balance_shift,2024-09-17,0,0.03178037330508232
2024-09-18,committee_dispersion,2024-08-01,-32,0.02697070688009262
2024-09-18,committee_dispersion,2024-08-02,-31,0.029195863753557205
2024-09-18,committee_dispersion,2024-08-05,-30,0.030591068789362907
2024-09-18,committee_dispersion,2024-08-06,-29,0.0318322479724884
2024-09-18,committee_dispersion,2024-08-07,-28,0.030934607610106468
2024-09-18,committee_dispersion,2024-08-08,-27,0.03420109301805496
2024-09-18,committee_dispersion,2024-08-09,-26,0.031052755191922188
2024-09-18,committee_dispersion,2024-08-12,-25,0.030410362407565117
2024-09-18,committee_dispersion,2024-08-13,-24,0.034106913954019547
2024-09-18,committee_dispersion,2024-08-14,-23,0.04079253599047661
2024-09-18,committee_dispersion,2024-08-15,-22,0.027113381773233414
2024-09-18,committee_dispersion,2024-08-16,-21,0.026638507843017578
2024-09-18,committee_dispersion,2024-08-19,-20,0.030170919373631477
2024-09-18,committee_dispersion,2024-08-20,-19,0.030406123027205467
2024-09-18,committee_dispersion,2024-08-21,-18,0.032023873180150986
2024-09-18,committee_dispersion,2024-08-22,-17,0.030557826161384583
2024-09-18,committee_dispersion,2024-08-23,-16,0.030171634629368782
2024-09-18,committee_dispersion,2024-08-26,-15,0.036046985536813736
2024-09-18,committee_dispersion,2024-08-27,-14,0.036753036081790924
2024-09-18,committee_dispersion,2024-08-28,-13,0.03608955442905426
2024-09-18,committee_dispersion,2024-08-29,-12,0.031478386372327805
2024-09-18,committee_dispersion,2024-08-30,-11,0.02501303143799305
2024-09-18,committee_dispersion,2024-09-03,-10,0.02623666636645794
2024-09-18,committee_dispersion,2024-09-04,-9,0.025569351390004158
2024-09-18,committee_dispersion,2024-09-05,-8,0.027771424502134323
2024-09-18,committee_dispersion,2024-09-06,-7,0.025852859020233154
2024-09-18,committee_dispersion,2024-09-09,-6,0.027210555970668793
2024-09-18,committee_dispersion,2024-09-10,-5,0.02678147330880165
2024-09-18,committee_dispersion,2024-09-11,-4,0.02659432217478752
2024-09-18,committee_dispersion,2024-09-12,-3,0.02669117972254753
2024-09-18,committee_dispersion,2024-09-13,-2,0.027370508760213852
2024-09-18,committee_dispersion,2024-09-16,-1,0.03115834668278694
2024-09-18,committee_dispersion,2024-09-17,0,0.036211900413036346
2024-09-18,policy_uncertainty,2024-08-01,-32,0.03268331289291382
2024-09-18,policy_uncertainty,2024-08-02,-31,0.033230651170015335
2024-09-18,policy_uncertainty,2024-08-05,-30,0.028739195317029953
2024-09-18,policy_uncertainty,2024-08-06,-29,0.02789202891290188
2024-09-18,policy_uncertainty,2024-08-07,-28,0.03156139701604843
2024-09-18,policy_uncertainty,2024-08-08,-27,0.03052257001399994
2024-09-18,policy_uncertainty,2024-08-09,-26,0.030907578766345978
2024-09-18,policy_uncertainty,2024-08-12,-25,0.030225660651922226
2024-09-18,policy_uncertainty,2024-08-13,-24,0.030949313193559647
2024-09-18,policy_uncertainty,2024-08-14,-23,0.03281315416097641
2024-09-18,policy_uncertainty,2024-08-15,-22,0.03578586131334305
2024-09-18,policy_uncertainty,2024-08-16,-21,0.03588951751589775
2024-09-18,policy_uncertainty,2024-08-19,-20,0.03189937397837639
2024-09-18,policy_uncertainty,2024-08-20,-19,0.030521811917424202
2024-09-18,policy_uncertainty,2024-08-21,-18,0.03457844629883766
2024-09-18,policy_uncertainty,2024-08-22,-17,0.030168890953063965
2024-09-18,policy_uncertainty,2024-08-23,-16,0.03185103461146355
2024-09-18,policy_uncertainty,2024-08-26,-15,0.026858089491724968
2024-09-18,policy_uncertainty,2024-08-27,-14,0.02636408805847168
2024-09-18,policy_uncertainty,2024-08-28,-13,0.026223119348287582
2024-09-18,policy_uncertainty,2024-08-29,-12,0.030621029436588287
2024-09-18,policy_uncertainty,2024-08-30,-11,0.03265500068664551
2024-09-18,policy_uncertainty,2024-09-03,-10,0.030117187649011612
2024-09-18,policy_uncertainty,2024-09-04,-9,0.03143218159675598
2024-09-18,policy_uncertainty,2024-09-05,-8,0.030251875519752502
2024-09-18,policy_uncertainty,2024-09-06,-7,0.031529951840639114
2024-09-18,policy_uncertainty,2024-09-09,-6,0.027980351820588112
2024-09-18,policy_uncertainty,2024-09-10,-5,0.028310086578130722
2024-09-18,policy_uncertainty,2024-09-11,-4,0.02791285701096058
2024-09-18,policy_uncertainty,2024-09-12,-3,0.028918514028191566
2024-09-18,policy_uncertainty,2024-09-13,-2,0.02800661511719227
2024-09-18,policy_uncertainty,2024-09-16,-1,0.026822395622730255
2024-09-18,policy_uncertainty,2024-09-17,0,0.025776851922273636
2024-09-18,forward_guidance_strength,2024-08-01,-32,0.031451113522052765
2024-09-18,forward_guidance_strength,2024-08-02,-31,0.033877089619636536
2024-09-18,forward_guidance_strength,2024-08-05,-30,0.02897539734840393
2024-09-18,forward_guidance_strength,2024-08-06,-29,0.029050208628177643
2024-09-18,forward_guidance_strength,2024-08-07,-28,0.033393602818250656
2024-09-18,forward_guidance_strength,2024-08-08,-27,0.032468050718307495
2024-09-18,forward_guidance_strength,2024-08-09,-26,0.03182203322649002
2024-09-18,forward_guidance_strength,2024-08-12,-25,0.030734490603208542
2024-09-18,forward_guidance_strength,2024-08-13,-24,0.032568491995334625
2024-09-18,forward_guidance_strength,2024-08-14,-23,0.03452243655920029
2024-09-18,forward_guidance_strength,2024-08-15,-22,0.033532045781612396
2024-09-18,forward_guidance_strength,2024-08-16,-21,0.03477134928107262
2024-09-18,forward_guidance_strength,2024-08-19,-20,0.03189876303076744
2024-09-18,forward_guidance_strength,2024-08-20,-19,0.03016093373298645
2024-09-18,forward_guidance_strength,2024-08-21,-18,0.035725198686122894
2024-09-18,forward_guidance_strength,2024-08-22,-17,0.030132506042718887
2024-09-18,forward_guidance_strength,2024-08-23,-16,0.033330049365758896
2024-09-18,forward_guidance_strength,2024-08-26,-15,0.028828609734773636
2024-09-18,forward_guidance_strength,2024-08-27,-14,0.028293589130043983
2024-09-18,forward_guidance_strength,2024-08-28,-13,0.02719465084373951
2024-09-18,forward_guidance_strength,2024-08-29,-12,0.03048974648118019
2024-09-18,forward_guidance_strength,2024-08-30,-11,0.030698588117957115
2024-09-18,forward_guidance_strength,2024-09-03,-10,0.028858479112386703
2024-09-18,forward_guidance_strength,2024-09-04,-9,0.029628921300172806
2024-09-18,forward_guidance_strength,2024-09-05,-8,0.029247738420963287
2024-09-18,forward_guidance_strength,2024-09-06,-7,0.02976279705762863
2024-09-18,forward_guidance_strength,2024-09-09,-6,0.026621099561452866
2024-09-18,forward_guidance_strength,2024-09-10,-5,0.026860270649194717
2024-09-18,forward_guidance_strength,2024-09-11,-4,0.02544829621911049
2024-09-18,forward_guidance_strength,2024-09-12,-3,0.027511542662978172
2024-09-18,forward_guidance_strength,2024-09-13,-2,0.027209078893065453
2024-09-18,forward_guidance_strength,2024-09-16,-1,0.026845412328839302
2024-09-18,forward_guidance_strength,2024-09-17,0,0.028087418526411057
2024-11-07,rate_decision,2024-09-19,-33,0.027031978592276573
2024-11-07,rate_decision,2024-09-20,-32,0.02660246752202511
2024-11-07,rate_decision,2024-09-23,-31,0.02429956942796707
2024-11-07,rate_decision,2024-09-24,-30,0.027915704995393753
2024-11-07,rate_decision,2024-09-25,-29,0.030351020395755768
2024-11-07,rate_decision,2024-09-26,-28,0.025864601135253906
2024-11-07,rate_decision,2024-09-27,-27,0.027221031486988068
2024-11-07,rate_decision,2024-09-30,-26,0.029397258535027504
2024-11-07,rate_decision,2024-10-01,-25,0.024510689079761505
2024-11-07,rate_decision,2024-10-02,-24,0.02994415909051895
2024-11-07,rate_decision,2024-10-03,-23,0.028624482452869415
2024-11-07,rate_decision,2024-10-04,-22,0.026478884741663933
2024-11-07,rate_decision,2024-10-07,-21,0.029218420386314392
2024-11-07,rate_decision,2024-10-08,-20,0.028581473976373672
2024-11-07,rate_decision,2024-10-09,-19,0.026513630524277687
2024-11-07,rate_decision,2024-10-10,-18,0.02513807639479637
2024-11-07,rate_decision,2024-10-11,-17,0.02757801115512848
2024-11-07,rate_decision,2024-10-15,-16,0.03308391571044922
2024-11-07,rate_decision,2024-10-16,-15,0.03772992640733719
2024-11-07,rate_decision,2024-10-17,-14,0.0314970538020134
2024-11-07,rate_decision,2024-10-18,-13,0.03825899586081505
2024-11-07,rate_decision,2024-10-21,-12,0.032548632472753525
2024-11-07,rate_decision,2024-10-22,-11,0.03433418273925781
2024-11-07,rate_decision,2024-10-23,-10,0.03147996589541435
2024-11-07,rate_decision,2024-10-24,-9,0.03269277513027191
2024-11-07,rate_decision,2024-10-25,-8,0.03431728482246399
2024-11-07,rate_decision,2024-10-28,-7,0.03155151382088661
2024-11-07,rate_decision,2024-10-29,-6,0.03240346163511276
2024-11-07,rate_decision,2024-10-30,-5,0.030718594789505005
2024-11-07,rate_decision,2024-10-31,-4,0.03181227296590805
2024-11-07,rate_decision,2024-11-01,-3,0.02331538312137127
2024-11-07,rate_decision,2024-11-04,-2,0.026561299338936806
2024-11-07,rate_decision,2024-11-05,-1,0.030071791261434555
2024-11-07,rate_decision,2024-11-06,0,0.022351505234837532
2024-11-07,current_policy_stance,2024-09-19,-33,0.027566324919462204
2024-11-07,current_policy_stance,2024-09-20,-32,0.028371814638376236
2024-11-07,current_policy_stance,2024-09-23,-31,0.02817620523273945
2024-11-07,current_policy_stance,2024-09-24,-30,0.029221054166555405
2024-11-07,current_policy_stance,2024-09-25,-29,0.025239743292331696
2024-11-07,current_policy_stance,2024-09-26,-28,0.030590256676077843
2024-11-07,current_policy_stance,2024-09-27,-27,0.028325505554676056
2024-11-07,current_policy_stance,2024-09-30,-26,0.02904975414276123
2024-11-07,current_policy_stance,2024-10-01,-25,0.03337424248456955
2024-11-07,current_policy_stance,2024-10-02,-24,0.03214487060904503
2024-11-07,current_policy_stance,2024-10-03,-23,0.025950700044631958
2024-11-07,current_policy_stance,2024-10-04,-22,0.026205234229564667
2024-11-07,current_policy_stance,2024-10-07,-21,0.02604997158050537
2024-11-07,current_policy_stance,2024-10-08,-20,0.02680112235248089
2024-11-07,current_policy_stance,2024-10-09,-19,0.027174480259418488
2024-11-07,current_policy_stance,2024-10-10,-18,0.02883358672261238
2024-11-07,current_policy_stance,2024-10-11,-17,0.02829241007566452
2024-11-07,current_policy_stance,2024-10-15,-16,0.034476201981306076
2024-11-07,current_policy_stance,2024-10-16,-15,0.03910282626748085
2024-11-07,current_policy_stance,2024-10-17,-14,0.032602839171886444
2024-11-07,current_policy_stance,2024-10-18,-13,0.030324388295412064
2024-11-07,current_policy_stance,2024-10-21,-12,0.03002394549548626
2024-11-07,current_policy_stance,2024-10-22,-11,0.026854055002331734
2024-11-07,current_policy_stance,2024-10-23,-10,0.02623859792947769
2024-11-07,current_policy_stance,2024-10-24,-9,0.029309146106243134
2024-11-07,current_policy_stance,2024-10-25,-8,0.026485629379749298
2024-11-07,current_policy_stance,2024-10-28,-7,0.02877698466181755
2024-11-07,current_policy_stance,2024-10-29,-6,0.030294736847281456
2024-11-07,current_policy_stance,2024-10-30,-5,0.031719159334897995
2024-11-07,current_policy_stance,2024-10-31,-4,0.028849434107542038
2024-11-07,current_policy_stance,2024-11-01,-3,0.026795316487550735
2024-11-07,current_policy_stance,2024-11-04,-2,0.034028559923172
2024-11-07,current_policy_stance,2024-11-05,-1,0.03141411393880844
2024-11-07,current_policy_stance,2024-11-06,0,0.031336795538663864
2024-11-07,policy_stance_shift,2024-09-19,-33,0.02765924483537674
2024-11-07,policy_stance_shift,2024-09-20,-32,0.0298338420689106
2024-11-07,policy_stance_shift,2024-09-23,-31,0.025800177827477455
2024-11-07,policy_stance_shift,2024-09-24,-30,0.028565533459186554
2024-11-07,policy_stance_shift,2024-09-25,-29,0.024667100980877876
2024-11-07,policy_stance_shift,2024-09-26,-28,0.031385354697704315
2024-11-07,policy_stance_shift,2024-09-27,-27,0.03182845562696457
2024-11-07,policy_stance_shift,2024-09-30,-26,0.027046140283346176
2024-11-07,policy_stance_shift,2024-10-01,-25,0.03179628401994705
2024-11-07,policy_stance_shift,2024-10-02,-24,0.029614025726914406
2024-11-07,policy_stance_shift,2024-10-03,-23,0.03030826523900032
2024-11-07,policy_stance_shift,2024-10-04,-22,0.03176246955990791
2024-11-07,policy_stance_shift,2024-10-07,-21,0.03043193742632866
2024-11-07,policy_stance_shift,2024-10-08,-20,0.030940938740968704
2024-11-07,policy_stance_shift,2024-10-09,-19,0.030247686430811882
2024-11-07,policy_stance_shift,2024-10-10,-18,0.03151639923453331
2024-11-07,policy_stance_shift,2024-10-11,-17,0.03001280501484871
2024-11-07,policy_stance_shift,2024-10-15,-16,0.026678837835788727
2024-11-07,policy_stance_shift,2024-10-16,-15,0.02052639238536358
2024-11-07,policy_stance_shift,2024-10-17,-14,0.021866055205464363
2024-11-07,policy_stance_shift,2024-10-18,-13,0.024902446195483208
2024-11-07,policy_stance_shift,2024-10-21,-12,0.030140293762087822
2024-11-07,policy_stance_shift,2024-10-22,-11,0.028983360156416893
2024-11-07,policy_stance_shift,2024-10-23,-10,0.026122136041522026
2024-11-07,policy_stance_shift,2024-10-24,-9,0.02879742532968521
2024-11-07,policy_stance_shift,2024-10-25,-8,0.028034698218107224
2024-11-07,policy_stance_shift,2024-10-28,-7,0.03177624195814133
2024-11-07,policy_stance_shift,2024-10-29,-6,0.03162950649857521
2024-11-07,policy_stance_shift,2024-10-30,-5,0.03232362121343613
2024-11-07,policy_stance_shift,2024-10-31,-4,0.037252314388751984
2024-11-07,policy_stance_shift,2024-11-01,-3,0.0323370099067688
2024-11-07,policy_stance_shift,2024-11-04,-2,0.03323492035269737
2024-11-07,policy_stance_shift,2024-11-05,-1,0.02839399129152298
2024-11-07,policy_stance_shift,2024-11-06,0,0.0335841029882431
2024-11-07,expected_rate_path_shift,2024-09-19,-33,0.027331402525305748
2024-11-07,expected_rate_path_shift,2024-09-20,-32,0.02732347883284092
2024-11-07,expected_rate_path_shift,2024-09-23,-31,0.028675716370344162
2024-11-07,expected_rate_path_shift,2024-09-24,-30,0.028636662289500237
2024-11-07,expected_rate_path_shift,2024-09-25,-29,0.026143120601773262
2024-11-07,expected_rate_path_shift,2024-09-26,-28,0.029198428615927696
2024-11-07,expected_rate_path_shift,2024-09-27,-27,0.027002738788723946
2024-11-07,expected_rate_path_shift,2024-09-30,-26,0.030315324664115906
2024-11-07,expected_rate_path_shift,2024-10-01,-25,0.033209189772605896
2024-11-07,expected_rate_path_shift,2024-10-02,-24,0.035018254071474075
2024-11-07,expected_rate_path_shift,2024-10-03,-23,0.02677583321928978
2024-11-07,expected_rate_path_shift,2024-10-04,-22,0.02701207622885704
2024-11-07,expected_rate_path_shift,2024-10-07,-21,0.026602640748023987
2024-11-07,expected_rate_path_shift,2024-10-08,-20,0.027087334543466568
2024-11-07,expected_rate_path_shift,2024-10-09,-19,0.027162833139300346
2024-11-07,expected_rate_path_shift,2024-10-10,-18,0.02789890021085739
2024-11-07,expected_rate_path_shift,2024-10-11,-17,0.027428844943642616
2024-11-07,expected_rate_path_shift,2024-10-15,-16,0.03526634722948074
2024-11-07,expected_rate_path_shift,2024-10-16,-15,0.043294474482536316
2024-11-07,expected_rate_path_shift,2024-10-17,-14,0.03465932607650757
2024-11-07,expected_rate_path_shift,2024-10-18,-13,0.03053324483335018
2024-11-07,expected_rate_path_shift,2024-10-21,-12,0.029783202335238457
2024-11-07,expected_rate_path_shift,2024-10-22,-11,0.026410799473524094
2024-11-07,expected_rate_path_shift,2024-10-23,-10,0.027556557208299637
2024-11-07,expected_rate_path_shift,2024-10-24,-9,0.029877543449401855
2024-11-07,expected_rate_path_shift,2024-10-25,-8,0.027007367461919785
2024-11-07,expected_rate_path_shift,2024-10-28,-7,0.027931177988648415
2024-11-07,expected_rate_path_shift,2024-10-29,-6,0.029194872826337814
2024-11-07,expected_rate_path_shift,2024-10-30,-5,0.030248478055000305
2024-11-07,expected_rate_path_shift,2024-10-31,-4,0.025684146210551262
2024-11-07,expected_rate_path_shift,2024-11-01,-3,0.02594202570617199
2024-11-07,expected_rate_path_shift,2024-11-04,-2,0.032267987728118896
2024-11-07,expected_rate_path_shift,2024-11-05,-1,0.03160632401704788
2024-11-07,expected_rate_path_shift,2024-11-06,0,0.029913336038589478
2024-11-07,inflation_assessment_shift,2024-09-19,-33,0.02650418132543564
2024-11-07,inflation_assessment_shift,2024-09-20,-32,0.028662489727139473
2024-11-07,inflation_assessment_shift,2024-09-23,-31,0.02690962702035904
2024-11-07,inflation_assessment_shift,2024-09-24,-30,0.02825893834233284
2024-11-07,inflation_assessment_shift,2024-09-25,-29,0.025408577173948288
2024-11-07,inflation_assessment_shift,2024-09-26,-28,0.03035157360136509
2024-11-07,inflation_assessment_shift,2024-09-27,-27,0.03083273209631443
2024-11-07,inflation_assessment_shift,2024-09-30,-26,0.028310025110840797
2024-11-07,inflation_assessment_shift,2024-10-01,-25,0.03616322949528694
2024-11-07,inflation_assessment_shift,2024-10-02,-24,0.032992489635944366
2024-11-07,inflation_assessment_shift,2024-10-03,-23,0.027298592031002045
2024-11-07,inflation_assessment_shift,2024-10-04,-22,0.028081506490707397
2024-11-07,inflation_assessment_shift,2024-10-07,-21,0.027484703809022903
2024-11-07,inflation_assessment_shift,2024-10-08,-20,0.028123198077082634
2024-11-07,inflation_assessment_shift,2024-10-09,-19,0.02770019881427288
2024-11-07,inflation_assessment_shift,2024-10-10,-18,0.02943102829158306
2024-11-07,inflation_assessment_shift,2024-10-11,-17,0.028364475816488266
2024-11-07,inflation_assessment_shift,2024-10-15,-16,0.02951153740286827
2024-11-07,inflation_assessment_shift,2024-10-16,-15,0.0300509762018919
2024-11-07,inflation_assessment_shift,2024-10-17,-14,0.027680695056915283
2024-11-07,inflation_assessment_shift,2024-10-18,-13,0.027715377509593964
2024-11-07,inflation_assessment_shift,2024-10-21,-12,0.030515652149915695
2024-11-07,inflation_assessment_shift,2024-10-22,-11,0.028153669089078903
2024-11-07,inflation_assessment_shift,2024-10-23,-10,0.026271775364875793
2024-11-07,inflation_assessment_shift,2024-10-24,-9,0.02978476509451866
2024-11-07,inflation_assessment_shift,2024-10-25,-8,0.026130275800824165
2024-11-07,inflation_assessment_shift,2024-10-28,-7,0.029330212622880936
2024-11-07,inflation_assessment_shift,2024-10-29,-6,0.031052350997924805
2024-11-07,inflation_assessment_shift,2024-10-30,-5,0.031497545540332794
2024-11-07,inflation_assessment_shift,2024-10-31,-4,0.03230680525302887
2024-11-07,inflation_assessment_shift,2024-11-01,-3,0.029181208461523056
2024-11-07,inflation_assessment_shift,2024-11-04,-2,0.03443976119160652
2024-11-07,inflation_assessment_shift,2024-11-05,-1,0.03147132694721222
2024-11-07,inflation_assessment_shift,2024-11-06,0,0.03402851149439812
2024-11-07,inflation_risk_shift,2024-09-19,-33,0.027465572580695152
2024-11-07,inflation_risk_shift,2024-09-20,-32,0.029176732525229454
2024-11-07,inflation_risk_shift,2024-09-23,-31,0.026083296164870262
2024-11-07,inflation_risk_shift,2024-09-24,-30,0.028333576396107674
2024-11-07,inflation_risk_shift,2024-09-25,-29,0.024148445576429367
2024-11-07,inflation_risk_shift,2024-09-26,-28,0.03166865184903145
2024-11-07,inflation_risk_shift,2024-09-27,-27,0.030963953584432602
2024-11-07,inflation_risk_shift,2024-09-30,-26,0.027714263647794724
2024-11-07,inflation_risk_shift,2024-10-01,-25,0.03467639535665512
2024-11-07,inflation_risk_shift,2024-10-02,-24,0.03150620311498642
2024-11-07,inflation_risk_shift,2024-10-03,-23,0.028993193060159683
2024-11-07,inflation_risk_shift,2024-10-04,-22,0.030365068465471268
2024-11-07,inflation_risk_shift,2024-10-07,-21,0.029262207448482513
2024-11-07,inflation_risk_shift,2024-10-08,-20,0.029334448277950287
2024-11-07,inflation_risk_shift,2024-10-09,-19,0.028628811240196228
2024-11-07,inflation_risk_shift,2024-10-10,-18,0.03032463788986206
2024-11-07,inflation_risk_shift,2024-10-11,-17,0.02865266054868698
2024-11-07,inflation_risk_shift,2024-10-15,-16,0.0272909477353096
2024-11-07,inflation_risk_shift,2024-10-16,-15,0.02450387366116047
2024-11-07,inflation_risk_shift,2024-10-17,-14,0.025008536875247955
2024-11-07,inflation_risk_shift,2024-10-18,-13,0.027484681457281113
2024-11-07,inflation_risk_shift,2024-10-21,-12,0.030869364738464355
2024-11-07,inflation_risk_shift,2024-10-22,-11,0.02781049720942974
2024-11-07,inflation_risk_shift,2024-10-23,-10,0.02574096992611885
2024-11-07,inflation_risk_shift,2024-10-24,-9,0.02894025668501854
2024-11-07,inflation_risk_shift,2024-10-25,-8,0.026439469307661057
2024-11-07,inflation_risk_shift,2024-10-28,-7,0.031212028115987778
2024-11-07,inflation_risk_shift,2024-10-29,-6,0.031203720718622208
2024-11-07,inflation_risk_shift,2024-10-30,-5,0.03289661929011345
2024-11-07,inflation_risk_shift,2024-10-31,-4,0.03489963337779045
2024-11-07,inflation_risk_shift,2024-11-01,-3,0.030920298770070076
2024-11-07,inflation_risk_shift,2024-11-04,-2,0.034559957683086395
2024-11-07,inflation_risk_shift,2024-11-05,-1,0.029107924550771713
2024-11-07,inflation_risk_shift,2024-11-06,0,0.033813126385211945
2024-11-07,unemployment_assessment_shift,2024-09-19,-33,0.026689397171139717
2024-11-07,unemployment_assessment_shift,2024-09-20,-32,0.02716229483485222
2024-11-07,unemployment_assessment_shift,2024-09-23,-31,0.028207875788211823
2024-11-07,unemployment_assessment_shift,2024-09-24,-30,0.02842799201607704
2024-11-07,unemployment_assessment_shift,2024-09-25,-29,0.026435676962137222
2024-11-07,unemployment_assessment_shift,2024-09-26,-28,0.029290132224559784
2024-11-07,unemployment_assessment_shift,2024-09-27,-27,0.0277356319129467
2024-11-07,unemployment_assessment_shift,2024-09-30,-26,0.03027530200779438
2024-11-07,unemployment_assessment_shift,2024-10-01,-25,0.03334908187389374
2024-11-07,unemployment_assessment_shift,2024-10-02,-24,0.034737251698970795
2024-11-07,unemployment_assessment_shift,2024-10-03,-23,0.027071326971054077
2024-11-07,unemployment_assessment_shift,2024-10-04,-22,0.027402259409427643
2024-11-07,unemployment_assessment_shift,2024-10-07,-21,0.026799673214554787
2024-11-07,unemployment_assessment_shift,2024-10-08,-20,0.0271914042532444
2024-11-07,unemployment_assessment_shift,2024-10-09,-19,0.02733226679265499
2024-11-07,unemployment_assessment_shift,2024-10-10,-18,0.028084252029657364
2024-11-07,unemployment_assessment_shift,2024-10-11,-17,0.027544010430574417
2024-11-07,unemployment_assessment_shift,2024-10-15,-16,0.03425474837422371
2024-11-07,unemployment_assessment_shift,2024-10-16,-15,0.04109426587820053
2024-11-07,unemployment_assessment_shift,2024-10-17,-14,0.033687934279441833
2024-11-07,unemployment_assessment_shift,2024-10-18,-13,0.02966083586215973
2024-11-07,unemployment_assessment_shift,2024-10-21,-12,0.030155546963214874
2024-11-07,unemployment_assessment_shift,2024-10-22,-11,0.026486169546842575
2024-11-07,unemployment_assessment_shift,2024-10-23,-10,0.027424482628703117
2024-11-07,unemployment_assessment_shift,2024-10-24,-9,0.02992209419608116
2024-11-07,unemployment_assessment_shift,2024-10-25,-8,0.02712620049715042
2024-11-07,unemployment_assessment_shift,2024-10-28,-7,0.028182238340377808
2024-11-07,unemployment_assessment_shift,2024-10-29,-6,0.02938719652593136
2024-11-07,unemployment_assessment_shift,2024-10-30,-5,0.030528094619512558
2024-11-07,unemployment_assessment_shift,2024-10-31,-4,0.026703687384724617
2024-11-07,unemployment_assessment_shift,2024-11-01,-3,0.02664903737604618
2024-11-07,unemployment_assessment_shift,2024-11-04,-2,0.03224756568670273
2024-11-07,unemployment_assessment_shift,2024-11-05,-1,0.03181375190615654
2024-11-07,unemployment_assessment_shift,2024-11-06,0,0.030940312892198563
2024-11-07,labor_market_risk_shift,2024-09-19,-33,0.02816980704665184
2024-11-07,labor_market_risk_shift,2024-09-20,-32,0.027612900361418724
2024-11-07,labor_market_risk_shift,2024-09-23,-31,0.029011379927396774
2024-11-07,labor_market_risk_shift,2024-09-24,-30,0.029125068336725235
2024-11-07,labor_market_risk_shift,2024-09-25,-29,0.026078980416059494
2024-11-07,labor_market_risk_shift,2024-09-26,-28,0.029414361342787743
2024-11-07,labor_market_risk_shift,2024-09-27,-27,0.026835255324840546
2024-11-07,labor_market_risk_shift,2024-09-30,-26,0.02999291755259037
2024-11-07,labor_market_risk_shift,2024-10-01,-25,0.032866161316633224
2024-11-07,labor_market_risk_shift,2024-10-02,-24,0.03484924137592316
2024-11-07,labor_market_risk_shift,2024-10-03,-23,0.026482442393898964
2024-11-07,labor_market_risk_shift,2024-10-04,-22,0.026141908019781113
2024-11-07,labor_market_risk_shift,2024-10-07,-21,0.025904571637511253
2024-11-07,labor_market_risk_shift,2024-10-08,-20,0.026472456753253937
2024-11-07,labor_market_risk_shift,2024-10-09,-19,0.02647208236157894
2024-11-07,labor_market_risk_shift,2024-10-10,-18,0.027546940371394157
2024-11-07,labor_market_risk_shift,2024-10-11,-17,0.02735057659447193
2024-11-07,labor_market_risk_shift,2024-10-15,-16,0.03569161519408226
2024-11-07,labor_market_risk_shift,2024-10-16,-15,0.04546798765659332
2024-11-07,labor_market_risk_shift,2024-10-17,-14,0.03600386530160904
2024-11-07,labor_market_risk_shift,2024-10-18,-13,0.03224795684218407
2024-11-07,labor_market_risk_shift,2024-10-21,-12,0.030022770166397095
2024-11-07,labor_market_risk_shift,2024-10-22,-11,0.02607506699860096
2024-11-07,labor_market_risk_shift,2024-10-23,-10,0.0272933728992939
2024-11-07,labor_market_risk_shift,2024-10-24,-9,0.029562540352344513
2024-11-07,labor_market_risk_shift,2024-10-25,-8,0.026823516935110092
2024-11-07,labor_market_risk_shift,2024-10-28,-7,0.027786022052168846
2024-11-07,labor_market_risk_shift,2024-10-29,-6,0.029073916375637054
2024-11-07,labor_market_risk_shift,2024-10-30,-5,0.029977258294820786
2024-11-07,labor_market_risk_shift,2024-10-31,-4,0.025361113250255585
2024-11-07,labor_market_risk_shift,2024-11-01,-3,0.025485871359705925
2024-11-07,labor_market_risk_shift,2024-11-04,-2,0.03229445591568947
2024-11-07,labor_market_risk_shift,2024-11-05,-1,0.03159816563129425
2024-11-07,labor_market_risk_shift,2024-11-06,0,0.028907449916005135
2024-11-07,growth_activity_shift,2024-09-19,-33,0.0277266725897789
2024-11-07,growth_activity_shift,2024-09-20,-32,0.027451924979686737
2024-11-07,growth_activity_shift,2024-09-23,-31,0.028675317764282227
2024-11-07,growth_activity_shift,2024-09-24,-30,0.028773540630936623
2024-11-07,growth_activity_shift,2024-09-25,-29,0.0261203795671463
2024-11-07,growth_activity_shift,2024-09-26,-28,0.029677199199795723
2024-11-07,growth_activity_shift,2024-09-27,-27,0.02695051021873951
2024-11-07,growth_activity_shift,2024-09-30,-26,0.03009078837931156
2024-11-07,growth_activity_shift,2024-10-01,-25,0.033062297850847244
2024-11-07,growth_activity_shift,2024-10-02,-24,0.034239765256643295
2024-11-07,growth_activity_shift,2024-10-03,-23,0.02629230171442032
2024-11-07,growth_activity_shift,2024-10-04,-22,0.026547305285930634
2024-11-07,growth_activity_shift,2024-10-07,-21,0.02600717544555664
2024-11-07,growth_activity_shift,2024-10-08,-20,0.026267478242516518
2024-11-07,growth_activity_shift,2024-10-09,-19,0.026500916108489037
2024-11-07,growth_activity_shift,2024-10-10,-18,0.027574338018894196
2024-11-07,growth_activity_shift,2024-10-11,-17,0.02730255015194416
2024-11-07,growth_activity_shift,2024-10-15,-16,0.03579631820321083
2024-11-07,growth_activity_shift,2024-10-16,-15,0.04450113698840141
2024-11-07,growth_activity_shift,2024-10-17,-14,0.035255417227745056
2024-11-07,growth_activity_shift,2024-10-18,-13,0.031811606138944626
2024-11-07,growth_activity_shift,2024-10-21,-12,0.030314326286315918
2024-11-07,growth_activity_shift,2024-10-22,-11,0.026557106524705887
2024-11-07,growth_activity_shift,2024-10-23,-10,0.027320021763443947
2024-11-07,growth_activity_shift,2024-10-24,-9,0.029469721019268036
2024-11-07,growth_activity_shift,2024-10-25,-8,0.02706991508603096
2024-11-07,growth_activity_shift,2024-10-28,-7,0.027933327481150627
2024-11-07,growth_activity_shift,2024-10-29,-6,0.029330439865589142
2024-11-07,growth_activity_shift,2024-10-30,-5,0.030385103076696396
2024-11-07,growth_activity_shift,2024-10-31,-4,0.025900965556502342
2024-11-07,growth_activity_shift,2024-11-01,-3,0.02588510513305664
2024-11-07,growth_activity_shift,2024-11-04,-2,0.03240799158811569
2024-11-07,growth_activity_shift,2024-11-05,-1,0.03144814074039459
2024-11-07,growth_activity_shift,2024-11-06,0,0.02935291826725006
2024-11-07,financial_conditions_shift,2024-09-19,-33,0.02751217782497406
2024-11-07,financial_conditions_shift,2024-09-20,-32,0.02746668830513954
2024-11-07,financial_conditions_shift,2024-09-23,-31,0.0289326012134552
2024-11-07,financial_conditions_shift,2024-09-24,-30,0.028776004910469055
2024-11-07,financial_conditions_shift,2024-09-25,-29,0.026751652359962463
2024-11-07,financial_conditions_shift,2024-09-26,-28,0.028802260756492615
2024-11-07,financial_conditions_shift,2024-09-27,-27,0.02703678235411644
2024-11-07,financial_conditions_shift,2024-09-30,-26,0.030072350054979324
2024-11-07,financial_conditions_shift,2024-10-01,-25,0.03335452824831009
2024-11-07,financial_conditions_shift,2024-10-02,-24,0.03502380847930908
2024-11-07,financial_conditions_shift,2024-10-03,-23,0.026770688593387604
2024-11-07,financial_conditions_shift,2024-10-04,-22,0.02682320773601532
2024-11-07,financial_conditions_shift,2024-10-07,-21,0.02642989531159401
2024-11-07,financial_conditions_shift,2024-10-08,-20,0.02668697014451027
2024-11-07,financial_conditions_shift,2024-10-09,-19,0.026983320713043213
2024-11-07,financial_conditions_shift,2024-10-10,-18,0.02778467908501625
2024-11-07,financial_conditions_shift,2024-10-11,-17,0.027466531842947006
2024-11-07,financial_conditions_shift,2024-10-15,-16,0.035027213394641876
2024-11-07,financial_conditions_shift,2024-10-16,-15,0.043558139353990555
2024-11-07,financial_conditions_shift,2024-10-17,-14,0.03491048514842987
2024-11-07,financial_conditions_shift,2024-10-18,-13,0.03137536346912384
2024-11-07,financial_conditions_shift,2024-10-21,-12,0.030219661071896553
2024-11-07,financial_conditions_shift,2024-10-22,-11,0.02711026556789875
2024-11-07,financial_conditions_shift,2024-10-23,-10,0.02785962074995041
2024-11-07,financial_conditions_shift,2024-10-24,-9,0.02999478206038475
2024-11-07,financial_conditions_shift,2024-10-25,-8,0.0272165946662426
2024-11-07,financial_conditions_shift,2024-10-28,-7,0.0280638225376606
2024-11-07,financial_conditions_shift,2024-10-29,-6,0.028994187712669373
2024-11-07,financial_conditions_shift,2024-10-30,-5,0.029879579320549965
2024-11-07,financial_conditions_shift,2024-10-31,-4,0.025471188127994537
2024-11-07,financial_conditions_shift,2024-11-01,-3,0.02539399266242981
2024-11-07,financial_conditions_shift,2024-11-04,-2,0.031618375331163406
2024-11-07,financial_conditions_shift,2024-11-05,-1,0.03111487627029419
2024-11-07,financial_conditions_shift,2024-11-06,0,0.02951768785715103
2024-11-07,balance_sheet_policy_shift,2024-09-19,-33,0.027833381667733192
2024-11-07,balance_sheet_policy_shift,2024-09-20,-32,0.02804521471261978
2024-11-07,balance_sheet_policy_shift,2024-09-23,-31,0.027783507481217384
2024-11-07,balance_sheet_policy_shift,2024-09-24,-30,0.029094722121953964
2024-11-07,balance_sheet_policy_shift,2024-09-25,-29,0.024562260136008263
2024-11-07,balance_sheet_policy_shift,2024-09-26,-28,0.030865121632814407
2024-11-07,balance_sheet_policy_shift,2024-09-27,-27,0.028053706511855125
2024-11-07,balance_sheet_policy_shift,2024-09-30,-26,0.028089988976716995
2024-11-07,balance_sheet_policy_shift,2024-10-01,-25,0.03570814058184624
2024-11-07,balance_sheet_policy_shift,2024-10-02,-24,0.03408043831586838
2024-11-07,balance_sheet_policy_shift,2024-10-03,-23,0.026853958144783974
2024-11-07,balance_sheet_policy_shift,2024-10-04,-22,0.027066372334957123
2024-11-07,balance_sheet_policy_shift,2024-10-07,-21,0.027072284370660782
2024-11-07,balance_sheet_policy_shift,2024-10-08,-20,0.027214504778385162
2024-11-07,balance_sheet_policy_shift,2024-10-09,-19,0.02643560990691185
2024-11-07,balance_sheet_policy_shift,2024-10-10,-18,0.027762021869421005
2024-11-07,balance_sheet_policy_shift,2024-10-11,-17,0.026988448575139046
2024-11-07,balance_sheet_policy_shift,2024-10-15,-16,0.03278810530900955
2024-11-07,balance_sheet_policy_shift,2024-10-16,-15,0.03689917176961899
2024-11-07,balance_sheet_policy_shift,2024-10-17,-14,0.031893983483314514
2024-11-07,balance_sheet_policy_shift,2024-10-18,-13,0.03149562329053879
2024-11-07,balance_sheet_policy_shift,2024-10-21,-12,0.030694151297211647
2024-11-07,balance_sheet_policy_shift,2024-10-22,-11,0.026786284521222115
2024-11-07,balance_sheet_policy_shift,2024-10-23,-10,0.025805678218603134
2024-11-07,balance_sheet_policy_shift,2024-10-24,-9,0.0295686237514019
2024-11-07,balance_sheet_policy_shift,2024-10-25,-8,0.025629820302128792
2024-11-07,balance_sheet_policy_shift,2024-10-28,-7,0.028881356120109558
2024-11-07,balance_sheet_policy_shift,2024-10-29,-6,0.030726531520485878
2024-11-07,balance_sheet_policy_shift,2024-10-30,-5,0.03199431300163269
2024-11-07,balance_sheet_policy_shift,2024-10-31,-4,0.02891932614147663
2024-11-07,balance_sheet_policy_shift,2024-11-01,-3,0.026314236223697662
2024-11-07,balance_sheet_policy_shift,2024-11-04,-2,0.03551753982901573
2024-11-07,balance_sheet_policy_shift,2024-11-05,-1,0.03135848790407181
2024-11-07,balance_sheet_policy_shift,2024-11-06,0,0.031217064708471298
2024-11-07,risk_balance_shift,2024-09-19,-33,0.027411209419369698
2024-11-07,risk_balance_shift,2024-09-20,-32,0.027759604156017303
2024-11-07,risk_balance_shift,2024-09-23,-31,0.02828771248459816
2024-11-07,risk_balance_shift,2024-09-24,-30,0.028892315924167633
2024-11-07,risk_balance_shift,2024-09-25,-29,0.02558673731982708
2024-11-07,risk_balance_shift,2024-09-26,-28,0.030217349529266357
2024-11-07,risk_balance_shift,2024-09-27,-27,0.02805529534816742
2024-11-07,risk_balance_shift,2024-09-30,-26,0.02951418049633503
2024-11-07,risk_balance_shift,2024-10-01,-25,0.03410716354846954
2024-11-07,risk_balance_shift,2024-10-02,-24,0.03478819131851196
2024-11-07,risk_balance_shift,2024-10-03,-23,0.026480436325073242
2024-11-07,risk_balance_shift,2024-10-04,-22,0.02723417803645134
2024-11-07,risk_balance_shift,2024-10-07,-21,0.02691095881164074
2024-11-07,risk_balance_shift,2024-10-08,-20,0.02724013663828373
2024-11-07,risk_balance_shift,2024-10-09,-19,0.026888959109783173
2024-11-07,risk_balance_shift,2024-10-10,-18,0.02774280682206154
2024-11-07,risk_balance_shift,2024-10-11,-17,0.02700689062476158
2024-11-07,risk_balance_shift,2024-10-15,-16,0.034068308770656586
2024-11-07,risk_balance_shift,2024-10-16,-15,0.03926337882876396
2024-11-07,risk_balance_shift,2024-10-17,-14,0.033731743693351746
2024-11-07,risk_balance_shift,2024-10-18,-13,0.029799848794937134
2024-11-07,risk_balance_shift,2024-10-21,-12,0.03098001517355442
2024-11-07,risk_balance_shift,2024-10-22,-11,0.02659795805811882
2024-11-07,risk_balance_shift,2024-10-23,-10,0.026716219261288643
2024-11-07,risk_balance_shift,2024-10-24,-9,0.029756303876638412
2024-11-07,risk_balance_shift,2024-10-25,-8,0.025692006573081017
2024-11-07,risk_balance_shift,2024-10-28,-7,0.028054438531398773
2024-11-07,risk_balance_shift,2024-10-29,-6,0.02966688573360443
2024-11-07,risk_balance_shift,2024-10-30,-5,0.03124459646642208
2024-11-07,risk_balance_shift,2024-10-31,-4,0.02739589661359787
2024-11-07,risk_balance_shift,2024-11-01,-3,0.026265311986207962
2024-11-07,risk_balance_shift,2024-11-04,-2,0.033574674278497696
2024-11-07,risk_balance_shift,2024-11-05,-1,0.03226863592863083
2024-11-07,risk_balance_shift,2024-11-06,0,0.030799686908721924
2024-11-07,committee_dispersion,2024-09-19,-33,0.027536507695913315
2024-11-07,committee_dispersion,2024-09-20,-32,0.02955487184226513
2024-11-07,committee_dispersion,2024-09-23,-31,0.025716867297887802
2024-11-07,committee_dispersion,2024-09-24,-30,0.02794632688164711
2024-11-07,committee_dispersion,2024-09-25,-29,0.024574797600507736
2024-11-07,committee_dispersion,2024-09-26,-28,0.031093232333660126
2024-11-07,committee_dispersion,2024-09-27,-27,0.032020676881074905
2024-11-07,committee_dispersion,2024-09-30,-26,0.026949189603328705
2024-11-07,committee_dispersion,2024-10-01,-25,0.032314516603946686
2024-11-07,committee_dispersion,2024-10-02,-24,0.030173636972904205
2024-11-07,committee_dispersion,2024-10-03,-23,0.03089163266122341
2024-11-07,committee_dispersion,2024-10-04,-22,0.03187103942036629
2024-11-07,committee_dispersion,2024-10-07,-21,0.03043322078883648
2024-11-07,committee_dispersion,2024-10-08,-20,0.0313359871506691
2024-11-07,committee_dispersion,2024-10-09,-19,0.03066270425915718
2024-11-07,committee_dispersion,2024-10-10,-18,0.031937241554260254
2024-11-07,committee_dispersion,2024-10-11,-17,0.029731763526797295
2024-11-07,committee_dispersion,2024-10-15,-16,0.026365429162979126
2024-11-07,committee_dispersion,2024-10-16,-15,0.020999692380428314
2024-11-07,committee_dispersion,2024-10-17,-14,0.021936140954494476
2024-11-07,committee_dispersion,2024-10-18,-13,0.025907451286911964
2024-11-07,committee_dispersion,2024-10-21,-12,0.03064672276377678
2024-11-07,committee_dispersion,2024-10-22,-11,0.02963309735059738
2024-11-07,committee_dispersion,2024-10-23,-10,0.025945838540792465
2024-11-07,committee_dispersion,2024-10-24,-9,0.028912242501974106
2024-11-07,committee_dispersion,2024-10-25,-8,0.027493532747030258
2024-11-07,committee_dispersion,2024-10-28,-7,0.031136881560087204
2024-11-07,committee_dispersion,2024-10-29,-6,0.030512619763612747
2024-11-07,committee_dispersion,2024-10-30,-5,0.03185885399580002
2024-11-07,committee_dispersion,2024-10-31,-4,0.03700836002826691
2024-11-07,committee_dispersion,2024-11-01,-3,0.032540880143642426
2024-11-07,committee_dispersion,2024-11-04,-2,0.03266366198658943
2024-11-07,committee_dispersion,2024-11-05,-1,0.028316611424088478
2024-11-07,committee_dispersion,2024-11-06,0,0.03337777778506279
2024-11-07,policy_uncertainty,2024-09-19,-33,0.028478160500526428
2024-11-07,policy_uncertainty,2024-09-20,-32,0.029658645391464233
2024-11-07,policy_uncertainty,2024-09-23,-31,0.02604794129729271
2024-11-07,policy_uncertainty,2024-09-24,-30,0.02851082570850849
2024-11-07,policy_uncertainty,2024-09-25,-29,0.023996107280254364
2024-11-07,policy_uncertainty,2024-09-26,-28,0.030979197472333908
2024-11-07,policy_uncertainty,2024-09-27,-27,0.0301695317029953
2024-11-07,policy_uncertainty,2024-09-30,-26,0.027323953807353973
2024-11-07,policy_uncertainty,2024-10-01,-25,0.032424673438072205
2024-11-07,policy_uncertainty,2024-10-02,-24,0.030476346611976624
2024-11-07,policy_uncertainty,2024-10-03,-23,0.02945781871676445
2024-11-07,policy_uncertainty,2024-10-04,-22,0.031090373173356056
2024-11-07,policy_uncertainty,2024-10-07,-21,0.029426299035549164
2024-11-07,policy_uncertainty,2024-10-08,-20,0.029788415879011154
2024-11-07,policy_uncertainty,2024-10-09,-19,0.028485266491770744
2024-11-07,policy_uncertainty,2024-10-10,-18,0.02975505031645298
2024-11-07,policy_uncertainty,2024-10-11,-17,0.028199350461363792
2024-11-07,policy_uncertainty,2024-10-15,-16,0.02737569436430931
2024-11-07,policy_uncertainty,2024-10-16,-15,0.024414971470832825
2024-11-07,policy_uncertainty,2024-10-17,-14,0.025730358436703682
2024-11-07,policy_uncertainty,2024-10-18,-13,0.026414649561047554
2024-11-07,policy_uncertainty,2024-10-21,-12,0.0330139622092247
2024-11-07,policy_uncertainty,2024-10-22,-11,0.028111061081290245
2024-11-07,policy_uncertainty,2024-10-23,-10,0.026118816807866096
2024-11-07,policy_uncertainty,2024-10-24,-9,0.02912125736474991
2024-11-07,policy_uncertainty,2024-10-25,-8,0.027475951239466667
2024-11-07,policy_uncertainty,2024-10-28,-7,0.031262464821338654
2024-11-07,policy_uncertainty,2024-10-29,-6,0.030809544026851654
2024-11-07,policy_uncertainty,2024-10-30,-5,0.033287741243839264
2024-11-07,policy_uncertainty,2024-10-31,-4,0.03563632816076279
2024-11-07,policy_uncertainty,2024-11-01,-3,0.030482474714517593
2024-11-07,policy_uncertainty,2024-11-04,-2,0.033505454659461975
2024-11-07,policy_uncertainty,2024-11-05,-1,0.029345372691750526
2024-11-07,policy_uncertainty,2024-11-06,0,0.03362591192126274
2024-11-07,forward_guidance_strength,2024-09-19,-33,0.027445506304502487
2024-11-07,forward_guidance_strength,2024-09-20,-32,0.029786456376314163
2024-11-07,forward_guidance_strength,2024-09-23,-31,0.025958701968193054
2024-11-07,forward_guidance_strength,2024-09-24,-30,0.0282136220484972
2024-11-07,forward_guidance_strength,2024-09-25,-29,0.025006357580423355
2024-11-07,forward_guidance_strength,2024-09-26,-28,0.031143784523010254
2024-11-07,forward_guidance_strength,2024-09-27,-27,0.03198203444480896
2024-11-07,forward_guidance_strength,2024-09-30,-26,0.02625410258769989
2024-11-07,forward_guidance_strength,2024-10-01,-25,0.0323311910033226
2024-11-07,forward_guidance_strength,2024-10-02,-24,0.028831033036112785
2024-11-07,forward_guidance_strength,2024-10-03,-23,0.02881353534758091
2024-11-07,forward_guidance_strength,2024-10-04,-22,0.030412474647164345
2024-11-07,forward_guidance_strength,2024-10-07,-21,0.029590999707579613
2024-11-07,forward_guidance_strength,2024-10-08,-20,0.029976285994052887
2024-11-07,forward_guidance_strength,2024-10-09,-19,0.029592279344797134
2024-11-07,forward_guidance_strength,2024-10-10,-18,0.0315462164580822
2024-11-07,forward_guidance_strength,2024-10-11,-17,0.029998403042554855
2024-11-07,forward_guidance_strength,2024-10-15,-16,0.026620127260684967
2024-11-07,forward_guidance_strength,2024-10-16,-15,0.022396184504032135
2024-11-07,forward_guidance_strength,2024-10-17,-14,0.022326277568936348
2024-11-07,forward_guidance_strength,2024-10-18,-13,0.02714492753148079
2024-11-07,forward_guidance_strength,2024-10-21,-12,0.029921583831310272
2024-11-07,forward_guidance_strength,2024-10-22,-11,0.029843199998140335
2024-11-07,forward_guidance_strength,2024-10-23,-10,0.026021812111139297
2024-11-07,forward_guidance_strength,2024-10-24,-9,0.028888683766126633
2024-11-07,forward_guidance_strength,2024-10-25,-8,0.028000835329294205
2024-11-07,forward_guidance_strength,2024-10-28,-7,0.032317016273736954
2024-11-07,forward_guidance_strength,2024-10-29,-6,0.03185272589325905
2024-11-07,forward_guidance_strength,2024-10-30,-5,0.03204452246427536
2024-11-07,forward_guidance_strength,2024-10-31,-4,0.037694502621889114
2024-11-07,forward_guidance_strength,2024-11-01,-3,0.033347103744745255
2024-11-07,forward_guidance_strength,2024-11-04,-2,0.032954342663288116
2024-11-07,forward_guidance_strength,2024-11-05,-1,0.027842344716191292
2024-11-07,forward_guidance_strength,2024-11-06,0,0.03390079736709595
2024-12-18,rate_decision,2024-11-08,-25,0.05232352763414383
2024-12-18,rate_decision,2024-11-12,-24,0.040178071707487106
2024-12-18,rate_decision,2024-11-13,-23,0.036677341908216476
2024-12-18,rate_decision,2024-11-14,-22,0.0435810312628746
2024-12-18,rate_decision,2024-11-15,-21,0.035217996686697006
2024-12-18,rate_decision,2024-11-18,-20,0.03622119128704071
2024-12-18,rate_decision,2024-11-19,-19,0.04537735879421234
2024-12-18,rate_decision,2024-11-20,-18,0.0426015630364418
2024-12-18,rate_decision,2024-11-21,-17,0.038091856986284256
2024-12-18,rate_decision,2024-11-22,-16,0.037785016000270844
2024-12-18,rate_decision,2024-11-25,-15,0.03665752336382866
2024-12-18,rate_decision,2024-11-26,-14,0.03293565660715103
2024-12-18,rate_decision,2024-11-27,-13,0.0333881750702858
2024-12-18,rate_decision,2024-11-29,-12,0.032756444066762924
2024-12-18,rate_decision,2024-12-02,-11,0.03445443883538246
2024-12-18,rate_decision,2024-12-03,-10,0.03215079754590988
2024-12-18,rate_decision,2024-12-04,-9,0.03362439200282097
2024-12-18,rate_decision,2024-12-05,-8,0.03450801968574524
2024-12-18,rate_decision,2024-12-06,-7,0.03608786687254906
2024-12-18,rate_decision,2024-12-09,-6,0.037451740354299545
2024-12-18,rate_decision,2024-12-10,-5,0.042194005101919174
2024-12-18,rate_decision,2024-12-11,-4,0.043262165039777756
2024-12-18,rate_decision,2024-12-12,-3,0.041565313935279846
2024-12-18,rate_decision,2024-12-13,-2,0.039567504078149796
2024-12-18,rate_decision,2024-12-16,-1,0.040143877267837524
2024-12-18,rate_decision,2024-12-17,0,0.041197117418050766
2024-12-18,current_policy_stance,2024-11-08,-25,0.04599812999367714
2024-12-18,current_policy_stance,2024-11-12,-24,0.03596380352973938
2024-12-18,current_policy_stance,2024-11-13,-23,0.036392681300640106
2024-12-18,current_policy_stance,2024-11-14,-22,0.03694969788193703
2024-12-18,current_policy_stance,2024-11-15,-21,0.0378207266330719
2024-12-18,current_policy_stance,2024-11-18,-20,0.03586823493242264
2024-12-18,current_policy_stance,2024-11-19,-19,0.03822891786694527
2024-12-18,current_policy_stance,2024-11-20,-18,0.04004613310098648
2024-12-18,current_policy_stance,2024-11-21,-17,0.03500261902809143
2024-12-18,current_policy_stance,2024-11-22,-16,0.03491275757551193
2024-12-18,current_policy_stance,2024-11-25,-15,0.03751489147543907
2024-12-18,current_policy_stance,2024-11-26,-14,0.038677655160427094
2024-12-18,current_policy_stance,2024-11-27,-13,0.03844581916928291
2024-12-18,current_policy_stance,2024-11-29,-12,0.038137324154376984
2024-12-18,current_policy_stance,2024-12-02,-11,0.038576189428567886
2024-12-18,current_policy_stance,2024-12-03,-10,0.03802892565727234
2024-12-18,current_policy_stance,2024-12-04,-9,0.040907472372055054
2024-12-18,current_policy_stance,2024-12-05,-8,0.04033934324979782
2024-12-18,current_policy_stance,2024-12-06,-7,0.040760647505521774
2024-12-18,current_policy_stance,2024-12-09,-6,0.04333178699016571
2024-12-18,current_policy_stance,2024-12-10,-5,0.04006263241171837
2024-12-18,current_policy_stance,2024-12-11,-4,0.04054206609725952
2024-12-18,current_policy_stance,2024-12-12,-3,0.038006678223609924
2024-12-18,current_policy_stance,2024-12-13,-2,0.03563513979315758
2024-12-18,current_policy_stance,2024-12-16,-1,0.03657618537545204
2024-12-18,current_policy_stance,2024-12-17,0,0.03727353364229202
2024-12-18,policy_stance_shift,2024-11-08,-25,0.04744911566376686
2024-12-18,policy_stance_shift,2024-11-12,-24,0.034345321357250214
2024-12-18,policy_stance_shift,2024-11-13,-23,0.03581006079912186
2024-12-18,policy_stance_shift,2024-11-14,-22,0.03655646741390228
2024-12-18,policy_stance_shift,2024-11-15,-21,0.037298522889614105
2024-12-18,policy_stance_shift,2024-11-18,-20,0.0373043566942215
2024-12-18,policy_stance_shift,2024-11-19,-19,0.041319698095321655
2024-12-18,policy_stance_shift,2024-11-20,-18,0.03928157687187195
2024-12-18,policy_stance_shift,2024-11-21,-17,0.033820658922195435
2024-12-18,policy_stance_shift,2024-11-22,-16,0.0346706323325634
2024-12-18,policy_stance_shift,2024-11-25,-15,0.03560948744416237
2024-12-18,policy_stance_shift,2024-11-26,-14,0.03625713288784027
2024-12-18,policy_stance_shift,2024-11-27,-13,0.036585140973329544
2024-12-18,policy_stance_shift,2024-11-29,-12,0.03514339029788971
2024-12-18,policy_stance_shift,2024-12-02,-11,0.036797650158405304
2024-12-18,policy_stance_shift,2024-12-03,-10,0.037462007254362106
2024-12-18,policy_stance_shift,2024-12-04,-9,0.039992474019527435
2024-12-18,policy_stance_shift,2024-12-05,-8,0.04004744812846184
2024-12-18,policy_stance_shift,2024-12-06,-7,0.04149552434682846
2024-12-18,policy_stance_shift,2024-12-09,-6,0.04521244391798973
2024-12-18,policy_stance_shift,2024-12-10,-5,0.04291252791881561
2024-12-18,policy_stance_shift,2024-12-11,-4,0.04365067183971405
2024-12-18,policy_stance_shift,2024-12-12,-3,0.03923565894365311
2024-12-18,policy_stance_shift,2024-12-13,-2,0.03607287257909775
2024-12-18,policy_stance_shift,2024-12-16,-1,0.03691719099879265
2024-12-18,policy_stance_shift,2024-12-17,0,0.0387519896030426
2024-12-18,expected_rate_path_shift,2024-11-08,-25,0.047658346593379974
2024-12-18,expected_rate_path_shift,2024-11-12,-24,0.03434910625219345
2024-12-18,expected_rate_path_shift,2024-11-13,-23,0.03565698489546776
2024-12-18,expected_rate_path_shift,2024-11-14,-22,0.03591223433613777
2024-12-18,expected_rate_path_shift,2024-11-15,-21,0.03734731674194336
2024-12-18,expected_rate_path_shift,2024-11-18,-20,0.03733549639582634
2024-12-18,expected_rate_path_shift,2024-11-19,-19,0.0404866524040699
2024-12-18,expected_rate_path_shift,2024-11-20,-18,0.038645561784505844
2024-12-18,expected_rate_path_shift,2024-11-21,-17,0.03395608067512512
2024-12-18,expected_rate_path_shift,2024-11-22,-16,0.03434719890356064
2024-12-18,expected_rate_path_shift,2024-11-25,-15,0.03511931002140045
2024-12-18,expected_rate_path_shift,2024-11-26,-14,0.03585885465145111
2024-12-18,expected_rate_path_shift,2024-11-27,-13,0.036367155611515045
2024-12-18,expected_rate_path_shift,2024-11-29,-12,0.03477652370929718
2024-12-18,expected_rate_path_shift,2024-12-02,-11,0.037020180374383926
2024-12-18,expected_rate_path_shift,2024-12-03,-10,0.03750075027346611
2024-12-18,expected_rate_path_shift,2024-12-04,-9,0.039953816682100296
2024-12-18,expected_rate_path_shift,2024-12-05,-8,0.04002438485622406
2024-12-18,expected_rate_path_shift,2024-12-06,-7,0.04161742329597473
2024-12-18,expected_rate_path_shift,2024-12-09,-6,0.045406363904476166
2024-12-18,expected_rate_path_shift,2024-12-10,-5,0.043211594223976135
2024-12-18,expected_rate_path_shift,2024-12-11,-4,0.04434630274772644
2024-12-18,expected_rate_path_shift,2024-12-12,-3,0.04010079801082611
2024-12-18,expected_rate_path_shift,2024-12-13,-2,0.03684581071138382
2024-12-18,expected_rate_path_shift,2024-12-16,-1,0.03744957596063614
2024-12-18,expected_rate_path_shift,2024-12-17,0,0.03870617598295212
2024-12-18,inflation_assessment_shift,2024-11-08,-25,0.04689878225326538
2024-12-18,inflation_assessment_shift,2024-11-12,-24,0.03354625403881073
2024-12-18,inflation_assessment_shift,2024-11-13,-23,0.03527314215898514
2024-12-18,inflation_assessment_shift,2024-11-14,-22,0.03546375036239624
2024-12-18,inflation_assessment_shift,2024-11-15,-21,0.036825090646743774
2024-12-18,inflation_assessment_shift,2024-11-18,-20,0.037473492324352264
2024-12-18,inflation_assessment_shift,2024-11-19,-19,0.0403500460088253
2024-12-18,inflation_assessment_shift,2024-11-20,-18,0.038301028311252594
2024-12-18,inflation_assessment_shift,2024-11-21,-17,0.03396916761994362
2024-12-18,inflation_assessment_shift,2024-11-22,-16,0.03476131707429886
2024-12-18,inflation_assessment_shift,2024-11-25,-15,0.03492816910147667
2024-12-18,inflation_assessment_shift,2024-11-26,-14,0.035971686244010925
2024-12-18,inflation_assessment_shift,2024-11-27,-13,0.03662252053618431
2024-12-18,inflation_assessment_shift,2024-11-29,-12,0.03475630283355713
2024-12-18,inflation_assessment_shift,2024-12-02,-11,0.03720208257436752
2024-12-18,inflation_assessment_shift,2024-12-03,-10,0.03791290894150734
2024-12-18,inflation_assessment_shift,2024-12-04,-9,0.03986888751387596
2024-12-18,inflation_assessment_shift,2024-12-05,-8,0.039976611733436584
2024-12-18,inflation_assessment_shift,2024-12-06,-7,0.04173821210861206
2024-12-18,inflation_assessment_shift,2024-12-09,-6,0.04578958824276924
2024-12-18,inflation_assessment_shift,2024-12-10,-5,0.04369346797466278
2024-12-18,inflation_assessment_shift,2024-12-11,-4,0.04487321153283119
2024-12-18,inflation_assessment_shift,2024-12-12,-3,0.040316782891750336
2024-12-18,inflation_assessment_shift,2024-12-13,-2,0.03701631352305412
2024-12-18,inflation_assessment_shift,2024-12-16,-1,0.03763406351208687
2024-12-18,inflation_assessment_shift,2024-12-17,0,0.03883716091513634
2024-12-18,inflation_risk_shift,2024-11-08,-25,0.04707237333059311
2024-12-18,inflation_risk_shift,2024-11-12,-24,0.03343756124377251
2024-12-18,inflation_risk_shift,2024-11-13,-23,0.03514234721660614
2024-12-18,inflation_risk_shift,2024-11-14,-22,0.03529324382543564
2024-12-18,inflation_risk_shift,2024-11-15,-21,0.03672703728079796
2024-12-18,inflation_risk_shift,2024-11-18,-20,0.03710527718067169
2024-12-18,inflation_risk_shift,2024-11-19,-19,0.04070163890719414
2024-12-18,inflation_risk_shift,2024-11-20,-18,0.03829073905944824
2024-12-18,inflation_risk_shift,2024-11-21,-17,0.0340568833053112
2024-12-18,inflation_risk_shift,2024-11-22,-16,0.03471885621547699
2024-12-18,inflation_risk_shift,2024-11-25,-15,0.035067133605480194
2024-12-18,inflation_risk_shift,2024-11-26,-14,0.03584695979952812
2024-12-18,inflation_risk_shift,2024-11-27,-13,0.03671800717711449
2024-12-18,inflation_risk_shift,2024-11-29,-12,0.03471875935792923
2024-12-18,inflation_risk_shift,2024-12-02,-11,0.03735455125570297
2024-12-18,inflation_risk_shift,2024-12-03,-10,0.03811110183596611
2024-12-18,inflation_risk_shift,2024-12-04,-9,0.04002765566110611
2024-12-18,inflation_risk_shift,2024-12-05,-8,0.040279604494571686
2024-12-18,inflation_risk_shift,2024-12-06,-7,0.04207150638103485
2024-12-18,inflation_risk_shift,2024-12-09,-6,0.045992713421583176
2024-12-18,inflation_risk_shift,2024-12-10,-5,0.04399601370096207
2024-12-18,inflation_risk_shift,2024-12-11,-4,0.04476388171315193
2024-12-18,inflation_risk_shift,2024-12-12,-3,0.04008113965392113
2024-12-18,inflation_risk_shift,2024-12-13,-2,0.03666117787361145
2024-12-18,inflation_risk_shift,2024-12-16,-1,0.03716578334569931
2024-12-18,inflation_risk_shift,2024-12-17,0,0.038598012179136276
2024-12-18,unemployment_assessment_shift,2024-11-08,-25,0.04047689959406853
2024-12-18,unemployment_assessment_shift,2024-11-12,-24,0.04571966081857681
2024-12-18,unemployment_assessment_shift,2024-11-13,-23,0.04110514372587204
2024-12-18,unemployment_assessment_shift,2024-11-14,-22,0.04128875955939293
2024-12-18,unemployment_assessment_shift,2024-11-15,-21,0.04008399695158005
2024-12-18,unemployment_assessment_shift,2024-11-18,-20,0.03611133247613907
2024-12-18,unemployment_assessment_shift,2024-11-19,-19,0.03612247109413147
2024-12-18,unemployment_assessment_shift,2024-11-20,-18,0.0389656238257885
2024-12-18,unemployment_assessment_shift,2024-11-21,-17,0.04214896261692047
2024-12-18,unemployment_assessment_shift,2024-11-22,-16,0.03867809846997261
2024-12-18,unemployment_assessment_shift,2024-11-25,-15,0.04068921133875847
2024-12-18,unemployment_assessment_shift,2024-11-26,-14,0.04157377406954765
2024-12-18,unemployment_assessment_shift,2024-11-27,-13,0.03982401639223099
2024-12-18,unemployment_assessment_shift,2024-11-29,-12,0.04240895062685013
2024-12-18,unemployment_assessment_shift,2024-12-02,-11,0.03850792720913887
2024-12-18,unemployment_assessment_shift,2024-12-03,-10,0.03699285164475441
2024-12-18,unemployment_assessment_shift,2024-12-04,-9,0.03808160871267319
2024-12-18,unemployment_assessment_shift,2024-12-05,-8,0.03707680106163025
2024-12-18,unemployment_assessment_shift,2024-12-06,-7,0.035734180361032486
2024-12-18,unemployment_assessment_shift,2024-12-09,-6,0.034198861569166183
2024-12-18,unemployment_assessment_shift,2024-12-10,-5,0.03306731581687927
2024-12-18,unemployment_assessment_shift,2024-12-11,-4,0.03341846913099289
2024-12-18,unemployment_assessment_shift,2024-12-12,-3,0.03615547716617584
2024-12-18,unemployment_assessment_shift,2024-12-13,-2,0.03767117112874985
2024-12-18,unemployment_assessment_shift,2024-12-16,-1,0.03769494593143463
2024-12-18,unemployment_assessment_shift,2024-12-17,0,0.03620350360870361
2024-12-18,labor_market_risk_shift,2024-11-08,-25,0.03906466066837311
2024-12-18,labor_market_risk_shift,2024-11-12,-24,0.044428423047065735
2024-12-18,labor_market_risk_shift,2024-11-13,-23,0.04101269319653511
2024-12-18,labor_market_risk_shift,2024-11-14,-22,0.04119258373975754
2024-12-18,labor_market_risk_shift,2024-11-15,-21,0.039530832320451736
2024-12-18,labor_market_risk_shift,2024-11-18,-20,0.03680684044957161
2024-12-18,labor_market_risk_shift,2024-11-19,-19,0.036770373582839966
2024-12-18,labor_market_risk_shift,2024-11-20,-18,0.03903558477759361
2024-12-18,labor_market_risk_shift,2024-11-21,-17,0.042225949466228485
2024-12-18,labor_market_risk_shift,2024-11-22,-16,0.03975110873579979
2024-12-18,labor_market_risk_shift,2024-11-25,-15,0.041769932955503464
2024-12-18,labor_market_risk_shift,2024-11-26,-14,0.04183031618595123
2024-12-18,labor_market_risk_shift,2024-11-27,-13,0.04040472209453583
2024-12-18,labor_market_risk_shift,2024-11-29,-12,0.04315362125635147
2024-12-18,labor_market_risk_shift,2024-12-02,-11,0.0390046201646328
2024-12-18,labor_market_risk_shift,2024-12-03,-10,0.0376497320830822
2024-12-18,labor_market_risk_shift,2024-12-04,-9,0.03806239739060402
2024-12-18,labor_market_risk_shift,2024-12-05,-8,0.037374045699834824
2024-12-18,labor_market_risk_shift,2024-12-06,-7,0.03576798364520073
2024-12-18,labor_market_risk_shift,2024-12-09,-6,0.033710964024066925
2024-12-18,labor_market_risk_shift,2024-12-10,-5,0.03312152624130249
2024-12-18,labor_market_risk_shift,2024-12-11,-4,0.03303594887256622
2024-12-18,labor_market_risk_shift,2024-12-12,-3,0.0353538878262043
2024-12-18,labor_market_risk_shift,2024-12-13,-2,0.036780502647161484
2024-12-18,labor_market_risk_shift,2024-12-16,-1,0.03691175952553749
2024-12-18,labor_market_risk_shift,2024-12-17,0,0.036248985677957535
2024-12-18,growth_activity_shift,2024-11-08,-25,0.04687487334012985
2024-12-18,growth_activity_shift,2024-11-12,-24,0.04052920266985893
2024-12-18,growth_activity_shift,2024-11-13,-23,0.03801516443490982
2024-12-18,growth_activity_shift,2024-11-14,-22,0.03857279568910599
2024-12-18,growth_activity_shift,2024-11-15,-21,0.038594719022512436
2024-12-18,growth_activity_shift,2024-11-18,-20,0.03459347039461136
2024-12-18,growth_activity_shift,2024-11-19,-19,0.03743492066860199
2024-12-18,growth_activity_shift,2024-11-20,-18,0.04067258909344673
2024-12-18,growth_activity_shift,2024-11-21,-17,0.03677687421441078
2024-12-18,growth_activity_shift,2024-11-22,-16,0.03561040759086609
2024-12-18,growth_activity_shift,2024-11-25,-15,0.03879114240407944
2024-12-18,growth_activity_shift,2024-11-26,-14,0.039075832813978195
2024-12-18,growth_activity_shift,2024-11-27,-13,0.03907438740134239
2024-12-18,growth_activity_shift,2024-11-29,-12,0.03950854390859604
2024-12-18,growth_activity_shift,2024-12-02,-11,0.0385197252035141
2024-12-18,growth_activity_shift,2024-12-03,-10,0.03712882846593857
2024-12-18,growth_activity_shift,2024-12-04,-9,0.04017879441380501
2024-12-18,growth_activity_shift,2024-12-05,-8,0.039692770689725876
2024-12-18,growth_activity_shift,2024-12-06,-7,0.039114538580179214
2024-12-18,growth_activity_shift,2024-12-09,-6,0.040038712322711945
2024-12-18,growth_activity_shift,2024-12-10,-5,0.03751124441623688
2024-12-18,growth_activity_shift,2024-12-11,-4,0.03799682855606079
2024-12-18,growth_activity_shift,2024-12-12,-3,0.03702746331691742
2024-12-18,growth_activity_shift,2024-12-13,-2,0.035904377698898315
2024-12-18,growth_activity_shift,2024-12-16,-1,0.036644864827394485
2024-12-18,growth_activity_shift,2024-12-17,0,0.03611692041158676
2024-12-18,financial_conditions_shift,2024-11-08,-25,0.03960578888654709
2024-12-18,financial_conditions_shift,2024-11-12,-24,0.04537142813205719
2024-12-18,financial_conditions_shift,2024-11-13,-23,0.04124826937913895
2024-12-18,financial_conditions_shift,2024-11-14,-22,0.04095089063048363
2024-12-18,financial_conditions_shift,2024-11-15,-21,0.039882972836494446
2024-12-18,financial_conditions_shift,2024-11-18,-20,0.036044832319021225
2024-12-18,financial_conditions_shift,2024-11-19,-19,0.03576509654521942
2024-12-18,financial_conditions_shift,2024-11-20,-18,0.03865745663642883
2024-12-18,financial_conditions_shift,2024-11-21,-17,0.04182914271950722
2024-12-18,financial_conditions_shift,2024-11-22,-16,0.03910628333687782
2024-12-18,financial_conditions_shift,2024-11-25,-15,0.04098673164844513
2024-12-18,financial_conditions_shift,2024-11-26,-14,0.041566163301467896
2024-12-18,financial_conditions_shift,2024-11-27,-13,0.0402238592505455
2024-12-18,financial_conditions_shift,2024-11-29,-12,0.04293273761868477
2024-12-18,financial_conditions_shift,2024-12-02,-11,0.03909936547279358
2024-12-18,financial_conditions_shift,2024-12-03,-10,0.0373852513730526
2024-12-18,financial_conditions_shift,2024-12-04,-9,0.03823574632406235
2024-12-18,financial_conditions_shift,2024-12-05,-8,0.03715573251247406
2024-12-18,financial_conditions_shift,2024-12-06,-7,0.03582708537578583
2024-12-18,financial_conditions_shift,2024-12-09,-6,0.033622268587350845
2024-12-18,financial_conditions_shift,2024-12-10,-5,0.03328169882297516
2024-12-18,financial_conditions_shift,2024-12-11,-4,0.03316193073987961
2024-12-18,financial_conditions_shift,2024-12-12,-3,0.03598698973655701
2024-12-18,financial_conditions_shift,2024-12-13,-2,0.037759941071271896
2024-12-18,financial_conditions_shift,2024-12-16,-1,0.03812137246131897
2024-12-18,financial_conditions_shift,2024-12-17,0,0.03619098663330078
2024-12-18,balance_sheet_policy_shift,2024-11-08,-25,0.04682101309299469
2024-12-18,balance_sheet_policy_shift,2024-11-12,-24,0.03610631823539734
2024-12-18,balance_sheet_policy_shift,2024-11-13,-23,0.036662161350250244
2024-12-18,balance_sheet_policy_shift,2024-11-14,-22,0.036294180899858475
2024-12-18,balance_sheet_policy_shift,2024-11-15,-21,0.03744375705718994
2024-12-18,balance_sheet_policy_shift,2024-11-18,-20,0.03531718999147415
2024-12-18,balance_sheet_policy_shift,2024-11-19,-19,0.03963826969265938
2024-12-18,balance_sheet_policy_shift,2024-11-20,-18,0.03961404040455818
2024-12-18,balance_sheet_policy_shift,2024-11-21,-17,0.033386778086423874
2024-12-18,balance_sheet_policy_shift,2024-11-22,-16,0.033794105052948
2024-12-18,balance_sheet_policy_shift,2024-11-25,-15,0.036935701966285706
2024-12-18,balance_sheet_policy_shift,2024-11-26,-14,0.036829713732004166
2024-12-18,balance_sheet_policy_shift,2024-11-27,-13,0.037651605904102325
2024-12-18,balance_sheet_policy_shift,2024-11-29,-12,0.0372580923140049
2024-12-18,balance_sheet_policy_shift,2024-12-02,-11,0.03787482529878616
2024-12-18,balance_sheet_policy_shift,2024-12-03,-10,0.037505585700273514
2024-12-18,balance_sheet_policy_shift,2024-12-04,-9,0.041329868137836456
2024-12-18,balance_sheet_policy_shift,2024-12-05,-8,0.040909294039011
2024-12-18,balance_sheet_policy_shift,2024-12-06,-7,0.04247937351465225
2024-12-18,balance_sheet_policy_shift,2024-12-09,-6,0.044992052018642426
2024-12-18,balance_sheet_policy_shift,2024-12-10,-5,0.04207194223999977
2024-12-18,balance_sheet_policy_shift,2024-12-11,-4,0.04212423786520958
2024-12-18,balance_sheet_policy_shift,2024-12-12,-3,0.03847379982471466
2024-12-18,balance_sheet_policy_shift,2024-12-13,-2,0.035429783165454865
2024-12-18,balance_sheet_policy_shift,2024-12-16,-1,0.03636736422777176
2024-12-18,balance_sheet_policy_shift,2024-12-17,0,0.03668895363807678
2024-12-18,risk_balance_shift,2024-11-08,-25,0.04618550464510918
2024-12-18,risk_balance_shift,2024-11-12,-24,0.03829308971762657
2024-12-18,risk_balance_shift,2024-11-13,-23,0.037703804671764374
2024-12-18,risk_balance_shift,2024-11-14,-22,0.037765465676784515
2024-12-18,risk_balance_shift,2024-11-15,-21,0.03814059495925903
2024-12-18,risk_balance_shift,2024-11-18,-20,0.03525173291563988
2024-12-18,risk_balance_shift,2024-11-19,-19,0.03845058009028435
2024-12-18,risk_balance_shift,2024-11-20,-18,0.04053233191370964
2024-12-18,risk_balance_shift,2024-11-21,-17,0.034466423094272614
2024-12-18,risk_balance_shift,2024-11-22,-16,0.034179024398326874
2024-12-18,risk_balance_shift,2024-11-25,-15,0.03723803535103798
2024-12-18,risk_balance_shift,2024-11-26,-14,0.037640996277332306
2024-12-18,risk_balance_shift,2024-11-27,-13,0.03754299879074097
2024-12-18,risk_balance_shift,2024-11-29,-12,0.03766247630119324
2024-12-18,risk_balance_shift,2024-12-02,-11,0.03788473829627037
2024-12-18,risk_balance_shift,2024-12-03,-10,0.03698642924427986
2024-12-18,risk_balance_shift,2024-12-04,-9,0.04075496643781662
2024-12-18,risk_balance_shift,2024-12-05,-8,0.04050253704190254
2024-12-18,risk_balance_shift,2024-12-06,-7,0.04096493870019913
2024-12-18,risk_balance_shift,2024-12-09,-6,0.04321495443582535
2024-12-18,risk_balance_shift,2024-12-10,-5,0.03956884890794754
2024-12-18,risk_balance_shift,2024-12-11,-4,0.04053865745663643
2024-12-18,risk_balance_shift,2024-12-12,-3,0.038236528635025024
2024-12-18,risk_balance_shift,2024-12-13,-2,0.03621749207377434
2024-12-18,risk_balance_shift,2024-12-16,-1,0.037345197051763535
2024-12-18,risk_balance_shift,2024-12-17,0,0.03673166781663895
2024-12-18,committee_dispersion,2024-11-08,-25,0.048364657908678055
2024-12-18,committee_dispersion,2024-11-12,-24,0.03473816066980362
2024-12-18,committee_dispersion,2024-11-13,-23,0.035994332283735275
2024-12-18,committee_dispersion,2024-11-14,-22,0.03583744540810585
2024-12-18,committee_dispersion,2024-11-15,-21,0.037658341228961945
2024-12-18,committee_dispersion,2024-11-18,-20,0.036906249821186066
2024-12-18,committee_dispersion,2024-11-19,-19,0.04016744717955589
2024-12-18,committee_dispersion,2024-11-20,-18,0.038789257407188416
2024-12-18,committee_dispersion,2024-11-21,-17,0.03398524969816208
2024-12-18,committee_dispersion,2024-11-22,-16,0.034521304070949554
2024-12-18,committee_dispersion,2024-11-25,-15,0.03611188754439354
2024-12-18,committee_dispersion,2024-11-26,-14,0.03654155880212784
2024-12-18,committee_dispersion,2024-11-27,-13,0.03728392720222473
2024-12-18,committee_dispersion,2024-11-29,-12,0.03587557375431061
2024-12-18,committee_dispersion,2024-12-02,-11,0.03757111355662346
2024-12-18,committee_dispersion,2024-12-03,-10,0.037736374884843826
2024-12-18,committee_dispersion,2024-12-04,-9,0.040281668305397034
2024-12-18,committee_dispersion,2024-12-05,-8,0.04032738506793976
2024-12-18,committee_dispersion,2024-12-06,-7,0.041536759585142136
2024-12-18,committee_dispersion,2024-12-09,-6,0.044506464153528214
2024-12-18,committee_dispersion,2024-12-10,-5,0.04177083447575569
2024-12-18,committee_dispersion,2024-12-11,-4,0.04293365776538849
2024-12-18,committee_dispersion,2024-12-12,-3,0.03929152339696884
2024-12-18,committee_dispersion,2024-12-13,-2,0.03622131049633026
2024-12-18,committee_dispersion,2024-12-16,-1,0.03695455566048622
2024-12-18,committee_dispersion,2024-12-17,0,0.03809297829866409
2024-12-18,policy_uncertainty,2024-11-08,-25,0.04837935045361519
2024-12-18,policy_uncertainty,2024-11-12,-24,0.03507402539253235
2024-12-18,policy_uncertainty,2024-11-13,-23,0.035651639103889465
2024-12-18,policy_uncertainty,2024-11-14,-22,0.03587327525019646
2024-12-18,policy_uncertainty,2024-11-15,-21,0.036728501319885254
2024-12-18,policy_uncertainty,2024-11-18,-20,0.0365661159157753
2024-12-18,policy_uncertainty,2024-11-19,-19,0.040389284491539
2024-12-18,policy_uncertainty,2024-11-20,-18,0.03996687009930611
2024-12-18,policy_uncertainty,2024-11-21,-17,0.03414182364940643
2024-12-18,policy_uncertainty,2024-11-22,-16,0.03415931388735771
2024-12-18,policy_uncertainty,2024-11-25,-15,0.03529900312423706
2024-12-18,policy_uncertainty,2024-11-26,-14,0.03581206873059273
2024-12-18,policy_uncertainty,2024-11-27,-13,0.03614920377731323
2024-12-18,policy_uncertainty,2024-11-29,-12,0.034964412450790405
2024-12-18,policy_uncertainty,2024-12-02,-11,0.03707852214574814
2024-12-18,policy_uncertainty,2024-12-03,-10,0.03744836151599884
2024-12-18,policy_uncertainty,2024-12-04,-9,0.040251474827528
2024-12-18,policy_uncertainty,2024-12-05,-8,0.040368977934122086
2024-12-18,policy_uncertainty,2024-12-06,-7,0.04210781678557396
2024-12-18,policy_uncertainty,2024-12-09,-6,0.046199679374694824
2024-12-18,policy_uncertainty,2024-12-10,-5,0.043118663132190704
2024-12-18,policy_uncertainty,2024-12-11,-4,0.04441410303115845
2024-12-18,policy_uncertainty,2024-12-12,-3,0.03952870890498161
2024-12-18,policy_uncertainty,2024-12-13,-2,0.036089424043893814
2024-12-18,policy_uncertainty,2024-12-16,-1,0.036605704575777054
2024-12-18,policy_uncertainty,2024-12-17,0,0.03763371333479881
2024-12-18,forward_guidance_strength,2024-11-08,-25,0.04609697312116623
2024-12-18,forward_guidance_strength,2024-11-12,-24,0.03504352644085884
2024-12-18,forward_guidance_strength,2024-11-13,-23,0.03635711222887039
2024-12-18,forward_guidance_strength,2024-11-14,-22,0.036312002688646317
2024-12-18,forward_guidance_strength,2024-11-15,-21,0.03747549280524254
2024-12-18,forward_guidance_strength,2024-11-18,-20,0.03666478022933006
2024-12-18,forward_guidance_strength,2024-11-19,-19,0.03966841474175453
2024-12-18,forward_guidance_strength,2024-11-20,-18,0.03882552310824394
2024-12-18,forward_guidance_strength,2024-11-21,-17,0.03391000255942345
2024-12-18,forward_guidance_strength,2024-11-22,-16,0.03452005237340927
2024-12-18,forward_guidance_strength,2024-11-25,-15,0.03640998154878616
2024-12-18,forward_guidance_strength,2024-11-26,-14,0.03719192370772362
2024-12-18,forward_guidance_strength,2024-11-27,-13,0.03776712715625763
2024-12-18,forward_guidance_strength,2024-11-29,-12,0.03642677515745163
2024-12-18,forward_guidance_strength,2024-12-02,-11,0.03752059116959572
2024-12-18,forward_guidance_strength,2024-12-03,-10,0.03797299414873123
2024-12-18,forward_guidance_strength,2024-12-04,-9,0.040891118347644806
2024-12-18,forward_guidance_strength,2024-12-05,-8,0.04026443511247635
2024-12-18,forward_guidance_strength,2024-12-06,-7,0.041293296962976456
2024-12-18,forward_guidance_strength,2024-12-09,-6,0.04480050131678581
2024-12-18,forward_guidance_strength,2024-12-10,-5,0.04154675453901291
2024-12-18,forward_guidance_strength,2024-12-11,-4,0.0422019399702549
2024-12-18,forward_guidance_strength,2024-12-12,-3,0.038939863443374634
2024-12-18,forward_guidance_strength,2024-12-13,-2,0.036430682986974716
2024-12-18,forward_guidance_strength,2024-12-16,-1,0.037216149270534515
2024-12-18,forward_guidance_strength,2024-12-17,0,0.03825196623802185
2025-01-29,rate_decision,2024-12-19,-25,0.03747913986444473
2025-01-29,rate_decision,2024-12-20,-24,0.037244293838739395
2025-01-29,rate_decision,2024-12-23,-23,0.03646077588200569
2025-01-29,rate_decision,2024-12-24,-22,0.03576342388987541
2025-01-29,rate_decision,2024-12-26,-21,0.03714454919099808
2025-01-29,rate_decision,2024-12-27,-20,0.03891400247812271
2025-01-29,rate_decision,2024-12-30,-19,0.038940999656915665
2025-01-29,rate_decision,2024-12-31,-18,0.04600486904382706
2025-01-29,rate_decision,2025-01-02,-17,0.041975680738687515
2025-01-29,rate_decision,2025-01-03,-16,0.04427606239914894
2025-01-29,rate_decision,2025-01-06,-15,0.04250459372997284
2025-01-29,rate_decision,2025-01-07,-14,0.04297257587313652
2025-01-29,rate_decision,2025-01-08,-13,0.043435629457235336
2025-01-29,rate_decision,2025-01-09,-12,0.03887508064508438
2025-01-29,rate_decision,2025-01-10,-11,0.033424850553274155
2025-01-29,rate_decision,2025-01-13,-10,0.03406593203544617
2025-01-29,rate_decision,2025-01-14,-9,0.035146281123161316
2025-01-29,rate_decision,2025-01-15,-8,0.03556368127465248
2025-01-29,rate_decision,2025-01-16,-7,0.03790822625160217
2025-01-29,rate_decision,2025-01-17,-6,0.03740024194121361
2025-01-29,rate_decision,2025-01-21,-5,0.035948745906353
2025-01-29,rate_decision,2025-01-22,-4,0.03978436067700386
2025-01-29,rate_decision,2025-01-23,-3,0.03722992539405823
2025-01-29,rate_decision,2025-01-24,-2,0.03716469556093216
2025-01-29,rate_decision,2025-01-27,-1,0.03828413039445877
2025-01-29,rate_decision,2025-01-28,0,0.0360872745513916
2025-01-29,current_policy_stance,2024-12-19,-25,0.04322367534041405
2025-01-29,current_policy_stance,2024-12-20,-24,0.03828165680170059
2025-01-29,current_policy_stance,2024-12-23,-23,0.04122623801231384
2025-01-29,current_policy_stance,2024-12-24,-22,0.03967086225748062
2025-01-29,current_policy_stance,2024-12-26,-21,0.03708334639668465
2025-01-29,current_policy_stance,2024-12-27,-20,0.03670442849397659
2025-01-29,current_policy_stance,2024-12-30,-19,0.03772314265370369
2025-01-29,current_policy_stance,2024-12-31,-18,0.04287327080965042
2025-01-29,current_policy_stance,2025-01-02,-17,0.03900957107543945
2025-01-29,current_policy_stance,2025-01-03,-16,0.04045676440000534
2025-01-29,current_policy_stance,2025-01-06,-15,0.03701455146074295
2025-01-29,current_policy_stance,2025-01-07,-14,0.03615959361195564
2025-01-29,current_policy_stance,2025-01-08,-13,0.0383998304605484
2025-01-29,current_policy_stance,2025-01-09,-12,0.04060916602611542
2025-01-29,current_policy_stance,2025-01-10,-11,0.038173072040081024
2025-01-29,current_policy_stance,2025-01-13,-10,0.03509484976530075
2025-01-29,current_policy_stance,2025-01-14,-9,0.03601482883095741
2025-01-29,current_policy_stance,2025-01-15,-8,0.038747549057006836
2025-01-29,current_policy_stance,2025-01-16,-7,0.037911947816610336
2025-01-29,current_policy_stance,2025-01-17,-6,0.035848330706357956
2025-01-29,current_policy_stance,2025-01-21,-5,0.0321170911192894
2025-01-29,current_policy_stance,2025-01-22,-4,0.03480520471930504
2025-01-29,current_policy_stance,2025-01-23,-3,0.03381691500544548
2025-01-29,current_policy_stance,2025-01-24,-2,0.037693072110414505
2025-01-29,current_policy_stance,2025-01-27,-1,0.039874497801065445
2025-01-29,current_policy_stance,2025-01-28,0,0.051466528326272964
2025-01-29,policy_stance_shift,2024-12-19,-25,0.04401462525129318
2025-01-29,policy_stance_shift,2024-12-20,-24,0.039545152336359024
2025-01-29,policy_stance_shift,2024-12-23,-23,0.04124967381358147
2025-01-29,policy_stance_shift,2024-12-24,-22,0.03955625742673874
2025-01-29,policy_stance_shift,2024-12-26,-21,0.03750142082571983
2025-01-29,policy_stance_shift,2024-12-27,-20,0.037446945905685425
2025-01-29,policy_stance_shift,2024-12-30,-19,0.03820602595806122
2025-01-29,policy_stance_shift,2024-12-31,-18,0.04344774782657623
2025-01-29,policy_stance_shift,2025-01-02,-17,0.038771312683820724
2025-01-29,policy_stance_shift,2025-01-03,-16,0.0404566191136837
2025-01-29,policy_stance_shift,2025-01-06,-15,0.03727436810731888
2025-01-29,policy_stance_shift,2025-01-07,-14,0.03638843074440956
2025-01-29,policy_stance_shift,2025-01-08,-13,0.039182789623737335
2025-01-29,policy_stance_shift,2025-01-09,-12,0.041075192391872406
2025-01-29,policy_stance_shift,2025-01-10,-11,0.03731247037649155
2025-01-29,policy_stance_shift,2025-01-13,-10,0.03479431942105293
2025-01-29,policy_stance_shift,2025-01-14,-9,0.03624716401100159
2025-01-29,policy_stance_shift,2025-01-15,-8,0.038679398596286774
2025-01-29,policy_stance_shift,2025-01-16,-7,0.03761163726449013
2025-01-29,policy_stance_shift,2025-01-17,-6,0.035417281091213226
2025-01-29,policy_stance_shift,2025-01-21,-5,0.03173854947090149
2025-01-29,policy_stance_shift,2025-01-22,-4,0.034605056047439575
2025-01-29,policy_stance_shift,2025-01-23,-3,0.033072181046009064
2025-01-29,policy_stance_shift,2025-01-24,-2,0.0371873676776886
2025-01-29,policy_stance_shift,2025-01-27,-1,0.039351508021354675
2025-01-29,policy_stance_shift,2025-01-28,0,0.04986650124192238
2025-01-29,expected_rate_path_shift,2024-12-19,-25,0.045469626784324646
2025-01-29,expected_rate_path_shift,2024-12-20,-24,0.039080262184143066
2025-01-29,expected_rate_path_shift,2024-12-23,-23,0.04146888107061386
2025-01-29,expected_rate_path_shift,2024-12-24,-22,0.038627803325653076
2025-01-29,expected_rate_path_shift,2024-12-26,-21,0.0371517613530159
2025-01-29,expected_rate_path_shift,2024-12-27,-20,0.0374867208302021
2025-01-29,expected_rate_path_shift,2024-12-30,-19,0.037335265427827835
2025-01-29,expected_rate_path_shift,2024-12-31,-18,0.04345957934856415
2025-01-29,expected_rate_path_shift,2025-01-02,-17,0.038800179958343506
2025-01-29,expected_rate_path_shift,2025-01-03,-16,0.04064297676086426
2025-01-29,expected_rate_path_shift,2025-01-06,-15,0.03743533045053482
2025-01-29,expected_rate_path_shift,2025-01-07,-14,0.03709923475980759
2025-01-29,expected_rate_path_shift,2025-01-08,-13,0.039591386914253235
2025-01-29,expected_rate_path_shift,2025-01-09,-12,0.04150155186653137
2025-01-29,expected_rate_path_shift,2025-01-10,-11,0.03752569854259491
2025-01-29,expected_rate_path_shift,2025-01-13,-10,0.03423316031694412
2025-01-29,expected_rate_path_shift,2025-01-14,-9,0.03575318679213524
2025-01-29,expected_rate_path_shift,2025-01-15,-8,0.03823813796043396
2025-01-29,expected_rate_path_shift,2025-01-16,-7,0.03721827268600464
2025-01-29,expected_rate_path_shift,2025-01-17,-6,0.03589830547571182
2025-01-29,expected_rate_path_shift,2025-01-21,-5,0.03165226802229881
2025-01-29,expected_rate_path_shift,2025-01-22,-4,0.034861087799072266
2025-01-29,expected_rate_path_shift,2025-01-23,-3,0.03354501724243164
2025-01-29,expected_rate_path_shift,2025-01-24,-2,0.03690362721681595
2025-01-29,expected_rate_path_shift,2025-01-27,-1,0.0388914979994297
2025-01-29,expected_rate_path_shift,2025-01-28,0,0.05012918636202812
2025-01-29,inflation_assessment_shift,2024-12-19,-25,0.04328905791044235
2025-01-29,inflation_assessment_shift,2024-12-20,-24,0.038454119116067886
2025-01-29,inflation_assessment_shift,2024-12-23,-23,0.04282945394515991
2025-01-29,inflation_assessment_shift,2024-12-24,-22,0.04268528148531914
2025-01-29,inflation_assessment_shift,2024-12-26,-21,0.03662407025694847
2025-01-29,inflation_assessment_shift,2024-12-27,-20,0.033973097801208496
2025-01-29,inflation_assessment_shift,2024-12-30,-19,0.034503769129514694
2025-01-29,inflation_assessment_shift,2024-12-31,-18,0.03374745696783066
2025-01-29,inflation_assessment_shift,2025-01-02,-17,0.03657107800245285
2025-01-29,inflation_assessment_shift,2025-01-03,-16,0.03319903835654259
2025-01-29,inflation_assessment_shift,2025-01-06,-15,0.0334051176905632
2025-01-29,inflation_assessment_shift,2025-01-07,-14,0.033266738057136536
2025-01-29,inflation_assessment_shift,2025-01-08,-13,0.0351857990026474
2025-01-29,inflation_assessment_shift,2025-01-09,-12,0.03862808644771576
2025-01-29,inflation_assessment_shift,2025-01-10,-11,0.04244481772184372
2025-01-29,inflation_assessment_shift,2025-01-13,-10,0.042972348630428314
2025-01-29,inflation_assessment_shift,2025-01-14,-9,0.03998620808124542
2025-01-29,inflation_assessment_shift,2025-01-15,-8,0.040693894028663635
2025-01-29,inflation_assessment_shift,2025-01-16,-7,0.03982172906398773
2025-01-29,inflation_assessment_shift,2025-01-17,-6,0.037824396044015884
2025-01-29,inflation_assessment_shift,2025-01-21,-5,0.03501409664750099
2025-01-29,inflation_assessment_shift,2025-01-22,-4,0.034650497138500214
2025-01-29,inflation_assessment_shift,2025-01-23,-3,0.03879614174365997
2025-01-29,inflation_assessment_shift,2025-01-24,-2,0.03945544362068176
2025-01-29,inflation_assessment_shift,2025-01-27,-1,0.04125901684165001
2025-01-29,inflation_assessment_shift,2025-01-28,0,0.050719253718853
2025-01-29,inflation_risk_shift,2024-12-19,-25,0.04397491365671158
2025-01-29,inflation_risk_shift,2024-12-20,-24,0.03802959620952606
2025-01-29,inflation_risk_shift,2024-12-23,-23,0.042414113879203796
2025-01-29,inflation_risk_shift,2024-12-24,-22,0.04206583648920059
2025-01-29,inflation_risk_shift,2024-12-26,-21,0.03630511090159416
2025-01-29,inflation_risk_shift,2024-12-27,-20,0.03490808233618736
2025-01-29,inflation_risk_shift,2024-12-30,-19,0.035113587975502014
2025-01-29,inflation_risk_shift,2024-12-31,-18,0.03619711846113205
2025-01-29,inflation_risk_shift,2025-01-02,-17,0.03735893964767456
2025-01-29,inflation_risk_shift,2025-01-03,-16,0.03496178612112999
2025-01-29,inflation_risk_shift,2025-01-06,-15,0.034173425287008286
2025-01-29,inflation_risk_shift,2025-01-07,-14,0.032204702496528625
2025-01-29,inflation_risk_shift,2025-01-08,-13,0.035575397312641144
2025-01-29,inflation_risk_shift,2025-01-09,-12,0.03796142339706421
2025-01-29,inflation_risk_shift,2025-01-10,-11,0.041423503309488297
2025-01-29,inflation_risk_shift,2025-01-13,-10,0.04087770730257034
2025-01-29,inflation_risk_shift,2025-01-14,-9,0.03882404416799545
2025-01-29,inflation_risk_shift,2025-01-15,-8,0.04062572121620178
2025-01-29,inflation_risk_shift,2025-01-16,-7,0.03901888430118561
2025-01-29,inflation_risk_shift,2025-01-17,-6,0.03760808706283569
2025-01-29,inflation_risk_shift,2025-01-21,-5,0.03466993570327759
2025-01-29,inflation_risk_shift,2025-01-22,-4,0.035799168050289154
2025-01-29,inflation_risk_shift,2025-01-23,-3,0.0382099524140358
2025-01-29,inflation_risk_shift,2025-01-24,-2,0.039328206330537796
2025-01-29,inflation_risk_shift,2025-01-27,-1,0.042199891060590744
2025-01-29,inflation_risk_shift,2025-01-28,0,0.05017086863517761
2025-01-29,unemployment_assessment_shift,2024-12-19,-25,0.04552803933620453
2025-01-29,unemployment_assessment_shift,2024-12-20,-24,0.03886318579316139
2025-01-29,unemployment_assessment_shift,2024-12-23,-23,0.04138072207570076
2025-01-29,unemployment_assessment_shift,2024-12-24,-22,0.037961408495903015
2025-01-29,unemployment_assessment_shift,2024-12-26,-21,0.037132035940885544
2025-01-29,unemployment_assessment_shift,2024-12-27,-20,0.03790196776390076
2025-01-29,unemployment_assessment_shift,2024-12-30,-19,0.0375666618347168
2025-01-29,unemployment_assessment_shift,2024-12-31,-18,0.04389254376292229
2025-01-29,unemployment_assessment_shift,2025-01-02,-17,0.039184048771858215
2025-01-29,unemployment_assessment_shift,2025-01-03,-16,0.041237860918045044
2025-01-29,unemployment_assessment_shift,2025-01-06,-15,0.03788742423057556
2025-01-29,unemployment_assessment_shift,2025-01-07,-14,0.03783601522445679
2025-01-29,unemployment_assessment_shift,2025-01-08,-13,0.03992493078112602
2025-01-29,unemployment_assessment_shift,2025-01-09,-12,0.04174121469259262
2025-01-29,unemployment_assessment_shift,2025-01-10,-11,0.037349969148635864
2025-01-29,unemployment_assessment_shift,2025-01-13,-10,0.033847689628601074
2025-01-29,unemployment_assessment_shift,2025-01-14,-9,0.03558265417814255
2025-01-29,unemployment_assessment_shift,2025-01-15,-8,0.037791233509778976
2025-01-29,unemployment_assessment_shift,2025-01-16,-7,0.0373273640871048
2025-01-29,unemployment_assessment_shift,2025-01-17,-6,0.03598624840378761
2025-01-29,unemployment_assessment_shift,2025-01-21,-5,0.03153051808476448
2025-01-29,unemployment_assessment_shift,2025-01-22,-4,0.03479691222310066
2025-01-29,unemployment_assessment_shift,2025-01-23,-3,0.03337010741233826
2025-01-29,unemployment_assessment_shift,2025-01-24,-2,0.036686286330223083
2025-01-29,unemployment_assessment_shift,2025-01-27,-1,0.03845635801553726
2025-01-29,unemployment_assessment_shift,2025-01-28,0,0.049236565828323364
2025-01-29,labor_market_risk_shift,2024-12-19,-25,0.044044993817806244
2025-01-29,labor_market_risk_shift,2024-12-20,-24,0.038804180920124054
2025-01-29,labor_market_risk_shift,2024-12-23,-23,0.04084094986319542
2025-01-29,labor_market_risk_shift,2024-12-24,-22,0.03960485756397247
2025-01-29,labor_market_risk_shift,2024-12-26,-21,0.03693626448512077
2025-01-29,labor_market_risk_shift,2024-12-27,-20,0.037248045206069946
2025-01-29,labor_market_risk_shift,2024-12-30,-19,0.038238056004047394
2025-01-29,labor_market_risk_shift,2024-12-31,-18,0.043670326471328735
2025-01-29,labor_market_risk_shift,2025-01-02,-17,0.03895627707242966
2025-01-29,labor_market_risk_shift,2025-01-03,-16,0.040911782532930374
2025-01-29,labor_market_risk_shift,2025-01-06,-15,0.037238720804452896
2025-01-29,labor_market_risk_shift,2025-01-07,-14,0.03613530099391937
2025-01-29,labor_market_risk_shift,2025-01-08,-13,0.03909645229578018
2025-01-29,labor_market_risk_shift,2025-01-09,-12,0.04097844287753105
2025-01-29,labor_market_risk_shift,2025-01-10,-11,0.037325747311115265
2025-01-29,labor_market_risk_shift,2025-01-13,-10,0.034456703811883926
2025-01-29,labor_market_risk_shift,2025-01-14,-9,0.03577059879899025
2025-01-29,labor_market_risk_shift,2025-01-15,-8,0.03866619989275932
2025-01-29,labor_market_risk_shift,2025-01-16,-7,0.03745593875646591
2025-01-29,labor_market_risk_shift,2025-01-17,-6,0.0355130210518837
2025-01-29,labor_market_risk_shift,2025-01-21,-5,0.032040566205978394
2025-01-29,labor_market_risk_shift,2025-01-22,-4,0.03523022681474686
2025-01-29,labor_market_risk_shift,2025-01-23,-3,0.03324563056230545
2025-01-29,labor_market_risk_shift,2025-01-24,-2,0.03722340986132622
2025-01-29,labor_market_risk_shift,2025-01-27,-1,0.04001661390066147
2025-01-29,labor_market_risk_shift,2025-01-28,0,0.050350699573755264
2025-01-29,growth_activity_shift,2024-12-19,-25,0.043646425008773804
2025-01-29,growth_activity_shift,2024-12-20,-24,0.037789277732372284
2025-01-29,growth_activity_shift,2024-12-23,-23,0.04220971837639809
2025-01-29,growth_activity_shift,2024-12-24,-22,0.04143029451370239
2025-01-29,growth_activity_shift,2024-12-26,-21,0.03575367107987404
2025-01-29,growth_activity_shift,2024-12-27,-20,0.035548411309719086
2025-01-29,growth_activity_shift,2024-12-30,-19,0.03614138811826706
2025-01-29,growth_activity_shift,2024-12-31,-18,0.038591012358665466
2025-01-29,growth_activity_shift,2025-01-02,-17,0.03848728537559509
2025-01-29,growth_activity_shift,2025-01-03,-16,0.037106096744537354
2025-01-29,growth_activity_shift,2025-01-06,-15,0.03535771742463112
2025-01-29,growth_activity_shift,2025-01-07,-14,0.03403645008802414
2025-01-29,growth_activity_shift,2025-01-08,-13,0.03767045959830284
2025-01-29,growth_activity_shift,2025-01-09,-12,0.04002221301198006
2025-01-29,growth_activity_shift,2025-01-10,-11,0.0408792570233345
2025-01-29,growth_activity_shift,2025-01-13,-10,0.037908799946308136
2025-01-29,growth_activity_shift,2025-01-14,-9,0.03706999495625496
2025-01-29,growth_activity_shift,2025-01-15,-8,0.03993997722864151
2025-01-29,growth_activity_shift,2025-01-16,-7,0.03848685324192047
2025-01-29,growth_activity_shift,2025-01-17,-6,0.03689192235469818
2025-01-29,growth_activity_shift,2025-01-21,-5,0.032941270619630814
2025-01-29,growth_activity_shift,2025-01-22,-4,0.034749601036310196
2025-01-29,growth_activity_shift,2025-01-23,-3,0.035281285643577576
2025-01-29,growth_activity_shift,2025-01-24,-2,0.03796575218439102
2025-01-29,growth_activity_shift,2025-01-27,-1,0.041443344205617905
2025-01-29,growth_activity_shift,2025-01-28,0,0.052651546895504
2025-01-29,financial_conditions_shift,2024-12-19,-25,0.04559069126844406
2025-01-29,financial_conditions_shift,2024-12-20,-24,0.03938831761479378
2025-01-29,financial_conditions_shift,2024-12-23,-23,0.04294532537460327
2025-01-29,financial_conditions_shift,2024-12-24,-22,0.04074668884277344
2025-01-29,financial_conditions_shift,2024-12-26,-21,0.03691105544567108
2025-01-29,financial_conditions_shift,2024-12-27,-20,0.03610338270664215
2025-01-29,financial_conditions_shift,2024-12-30,-19,0.03581187501549721
2025-01-29,financial_conditions_shift,2024-12-31,-18,0.040574751794338226
2025-01-29,financial_conditions_shift,2025-01-02,-17,0.03825673088431358
2025-01-29,financial_conditions_shift,2025-01-03,-16,0.037819333374500275
2025-01-29,financial_conditions_shift,2025-01-06,-15,0.03654007613658905
2025-01-29,financial_conditions_shift,2025-01-07,-14,0.03540924936532974
2025-01-29,financial_conditions_shift,2025-01-08,-13,0.03887997567653656
2025-01-29,financial_conditions_shift,2025-01-09,-12,0.041355859488248825
2025-01-29,financial_conditions_shift,2025-01-10,-11,0.04012671485543251
2025-01-29,financial_conditions_shift,2025-01-13,-10,0.036796241998672485
2025-01-29,financial_conditions_shift,2025-01-14,-9,0.036555781960487366
2025-01-29,financial_conditions_shift,2025-01-15,-8,0.03871532529592514
2025-01-29,financial_conditions_shift,2025-01-16,-7,0.03704731911420822
2025-01-29,financial_conditions_shift,2025-01-17,-6,0.035212866961956024
2025-01-29,financial_conditions_shift,2025-01-21,-5,0.03082549199461937
2025-01-29,financial_conditions_shift,2025-01-22,-4,0.03389233723282814
2025-01-29,financial_conditions_shift,2025-01-23,-3,0.03423429653048515
2025-01-29,financial_conditions_shift,2025-01-24,-2,0.03707769885659218
2025-01-29,financial_conditions_shift,2025-01-27,-1,0.039820924401283264
2025-01-29,financial_conditions_shift,2025-01-28,0,0.053361695259809494
2025-01-29,balance_sheet_policy_shift,2024-12-19,-25,0.0417577289044857
2025-01-29,balance_sheet_policy_shift,2024-12-20,-24,0.03786075487732887
2025-01-29,balance_sheet_policy_shift,2024-12-23,-23,0.0409957692027092
2025-01-29,balance_sheet_policy_shift,2024-12-24,-22,0.04261421412229538
2025-01-29,balance_sheet_policy_shift,2024-12-26,-21,0.03707817941904068
2025-01-29,balance_sheet_policy_shift,2024-12-27,-20,0.03466934338212013
2025-01-29,balance_sheet_policy_shift,2024-12-30,-19,0.03520342335104942
2025-01-29,balance_sheet_policy_shift,2024-12-31,-18,0.03260023146867752
2025-01-29,balance_sheet_policy_shift,2025-01-02,-17,0.03661442920565605
2025-01-29,balance_sheet_policy_shift,2025-01-03,-16,0.0326656773686409
2025-01-29,balance_sheet_policy_shift,2025-01-06,-15,0.034089356660842896
2025-01-29,balance_sheet_policy_shift,2025-01-07,-14,0.03251580148935318
2025-01-29,balance_sheet_policy_shift,2025-01-08,-13,0.035038743168115616
2025-01-29,balance_sheet_policy_shift,2025-01-09,-12,0.03740755841135979
2025-01-29,balance_sheet_policy_shift,2025-01-10,-11,0.0419190376996994
2025-01-29,balance_sheet_policy_shift,2025-01-13,-10,0.043833859264850616
2025-01-29,balance_sheet_policy_shift,2025-01-14,-9,0.04029740393161774
2025-01-29,balance_sheet_policy_shift,2025-01-15,-8,0.04062654450535774
2025-01-29,balance_sheet_policy_shift,2025-01-16,-7,0.03970620781183243
2025-01-29,balance_sheet_policy_shift,2025-01-17,-6,0.03887685760855675
2025-01-29,balance_sheet_policy_shift,2025-01-21,-5,0.03920486941933632
2025-01-29,balance_sheet_policy_shift,2025-01-22,-4,0.03738562762737274
2025-01-29,balance_sheet_policy_shift,2025-01-23,-3,0.041162971407175064
2025-01-29,balance_sheet_policy_shift,2025-01-24,-2,0.0401034876704216
2025-01-29,balance_sheet_policy_shift,2025-01-27,-1,0.04182368144392967
2025-01-29,balance_sheet_policy_shift,2025-01-28,0,0.04394825920462608
2025-01-29,risk_balance_shift,2024-12-19,-25,0.044889770448207855
2025-01-29,risk_balance_shift,2024-12-20,-24,0.039113983511924744
2025-01-29,risk_balance_shift,2024-12-23,-23,0.04194726422429085
2025-01-29,risk_balance_shift,2024-12-24,-22,0.04018305242061615
2025-01-29,risk_balance_shift,2024-12-26,-21,0.036371778696775436
2025-01-29,risk_balance_shift,2024-12-27,-20,0.03593476116657257
2025-01-29,risk_balance_shift,2024-12-30,-19,0.036527618765830994
2025-01-29,risk_balance_shift,2024-12-31,-18,0.04119814932346344
2025-01-29,risk_balance_shift,2025-01-02,-17,0.038552574813365936
2025-01-29,risk_balance_shift,2025-01-03,-16,0.03900272026658058
2025-01-29,risk_balance_shift,2025-01-06,-15,0.036305710673332214
2025-01-29,risk_balance_shift,2025-01-07,-14,0.035395409911870956
2025-01-29,risk_balance_shift,2025-01-08,-13,0.038651611655950546
2025-01-29,risk_balance_shift,2025-01-09,-12,0.04117007553577423
2025-01-29,risk_balance_shift,2025-01-10,-11,0.03862428665161133
2025-01-29,risk_balance_shift,2025-01-13,-10,0.0357821099460125
2025-01-29,risk_balance_shift,2025-01-14,-9,0.03618612885475159
2025-01-29,risk_balance_shift,2025-01-15,-8,0.03900191932916641
2025-01-29,risk_balance_shift,2025-01-16,-7,0.03737899288535118
2025-01-29,risk_balance_shift,2025-01-17,-6,0.035984497517347336
2025-01-29,risk_balance_shift,2025-01-21,-5,0.03175169974565506
2025-01-29,risk_balance_shift,2025-01-22,-4,0.03464150056242943
2025-01-29,risk_balance_shift,2025-01-23,-3,0.03393926844000816
2025-01-29,risk_balance_shift,2025-01-24,-2,0.03730712831020355
2025-01-29,risk_balance_shift,2025-01-27,-1,0.04033646360039711
2025-01-29,risk_balance_shift,2025-01-28,0,0.05382153391838074
2025-01-29,committee_dispersion,2024-12-19,-25,0.039535731077194214
2025-01-29,committee_dispersion,2024-12-20,-24,0.03768691420555115
2025-01-29,committee_dispersion,2024-12-23,-23,0.039870649576187134
2025-01-29,committee_dispersion,2024-12-24,-22,0.042262762784957886
2025-01-29,committee_dispersion,2024-12-26,-21,0.037987880408763885
2025-01-29,committee_dispersion,2024-12-27,-20,0.035344623029232025
2025-01-29,committee_dispersion,2024-12-30,-19,0.035592202097177505
2025-01-29,committee_dispersion,2024-12-31,-18,0.031517017632722855
2025-01-29,committee_dispersion,2025-01-02,-17,0.03596187382936478
2025-01-29,committee_dispersion,2025-01-03,-16,0.03182458505034447
2025-01-29,committee_dispersion,2025-01-06,-15,0.0339626669883728
2025-01-29,committee_dispersion,2025-01-07,-14,0.0334743894636631
2025-01-29,committee_dispersion,2025-01-08,-13,0.034494467079639435
2025-01-29,committee_dispersion,2025-01-09,-12,0.036621928215026855
2025-01-29,committee_dispersion,2025-01-10,-11,0.04261340573430061
2025-01-29,committee_dispersion,2025-01-13,-10,0.04576558992266655
2025-01-29,committee_dispersion,2025-01-14,-9,0.04193227365612984
2025-01-29,committee_dispersion,2025-01-15,-8,0.04051511734724045
2025-01-29,committee_dispersion,2025-01-16,-7,0.04012793302536011
2025-01-29,committee_dispersion,2025-01-17,-6,0.0398796908557415
2025-01-29,committee_dispersion,2025-01-21,-5,0.041714973747730255
2025-01-29,committee_dispersion,2025-01-22,-4,0.038279689848423004
2025-01-29,committee_dispersion,2025-01-23,-3,0.04299617558717728
2025-01-29,committee_dispersion,2025-01-24,-2,0.04020560532808304
2025-01-29,committee_dispersion,2025-01-27,-1,0.04043634235858917
2025-01-29,committee_dispersion,2025-01-28,0,0.039395470172166824
2025-01-29,policy_uncertainty,2024-12-19,-25,0.04375341162085533
2025-01-29,policy_uncertainty,2024-12-20,-24,0.03829668462276459
2025-01-29,policy_uncertainty,2024-12-23,-23,0.04122764989733696
2025-01-29,policy_uncertainty,2024-12-24,-22,0.03926253691315651
2025-01-29,policy_uncertainty,2024-12-26,-21,0.03684861585497856
2025-01-29,policy_uncertainty,2024-12-27,-20,0.03707104176282883
2025-01-29,policy_uncertainty,2024-12-30,-19,0.03760272264480591
2025-01-29,policy_uncertainty,2024-12-31,-18,0.0436791256070137
2025-01-29,policy_uncertainty,2025-01-02,-17,0.03907941281795502
2025-01-29,policy_uncertainty,2025-01-03,-16,0.041222572326660156
2025-01-29,policy_uncertainty,2025-01-06,-15,0.03762325644493103
2025-01-29,policy_uncertainty,2025-01-07,-14,0.036254048347473145
2025-01-29,policy_uncertainty,2025-01-08,-13,0.038822971284389496
2025-01-29,policy_uncertainty,2025-01-09,-12,0.040991589426994324
2025-01-29,policy_uncertainty,2025-01-10,-11,0.03874823451042175
2025-01-29,policy_uncertainty,2025-01-13,-10,0.03499406576156616
2025-01-29,policy_uncertainty,2025-01-14,-9,0.03583312779664993
2025-01-29,policy_uncertainty,2025-01-15,-8,0.038118354976177216
2025-01-29,policy_uncertainty,2025-01-16,-7,0.03703533858060837
2025-01-29,policy_uncertainty,2025-01-17,-6,0.0354544036090374
2025-01-29,policy_uncertainty,2025-01-21,-5,0.03174370899796486
2025-01-29,policy_uncertainty,2025-01-22,-4,0.03528822213411331
2025-01-29,policy_uncertainty,2025-01-23,-3,0.03345300257205963
2025-01-29,policy_uncertainty,2025-01-24,-2,0.036915123462677
2025-01-29,policy_uncertainty,2025-01-27,-1,0.03965841233730316
2025-01-29,policy_uncertainty,2025-01-28,0,0.05102234706282616
2025-01-29,forward_guidance_strength,2024-12-19,-25,0.04390280693769455
2025-01-29,forward_guidance_strength,2024-12-20,-24,0.039645612239837646
2025-01-29,forward_guidance_strength,2024-12-23,-23,0.04284375160932541
2025-01-29,forward_guidance_strength,2024-12-24,-22,0.04277082905173302
2025-01-29,forward_guidance_strength,2024-12-26,-21,0.037636127322912216
2025-01-29,forward_guidance_strength,2024-12-27,-20,0.03587854653596878
2025-01-29,forward_guidance_strength,2024-12-30,-19,0.036903757601976395
2025-01-29,forward_guidance_strength,2024-12-31,-18,0.03893505036830902
2025-01-29,forward_guidance_strength,2025-01-02,-17,0.03745000436902046
2025-01-29,forward_guidance_strength,2025-01-03,-16,0.037185437977313995
2025-01-29,forward_guidance_strength,2025-01-06,-15,0.03507981821894646
2025-01-29,forward_guidance_strength,2025-01-07,-14,0.034387268126010895
2025-01-29,forward_guidance_strength,2025-01-08,-13,0.037352003157138824
2025-01-29,forward_guidance_strength,2025-01-09,-12,0.03948597237467766
2025-01-29,forward_guidance_strength,2025-01-10,-11,0.040178824216127396
2025-01-29,forward_guidance_strength,2025-01-13,-10,0.03902660310268402
2025-01-29,forward_guidance_strength,2025-01-14,-9,0.03785671293735504
2025-01-29,forward_guidance_strength,2025-01-15,-8,0.03989604860544205
2025-01-29,forward_guidance_strength,2025-01-16,-7,0.03819528967142105
2025-01-29,forward_guidance_strength,2025-01-17,-6,0.03518897667527199
2025-01-29,forward_guidance_strength,2025-01-21,-5,0.032016266137361526
2025-01-29,forward_guidance_strength,2025-01-22,-4,0.03358127176761627
2025-01-29,forward_guidance_strength,2025-01-23,-3,0.03459513187408447
2025-01-29,forward_guidance_strength,2025-01-24,-2,0.03831353038549423
2025-01-29,forward_guidance_strength,2025-01-27,-1,0.04021388292312622
2025-01-29,forward_guidance_strength,2025-01-28,0,0.05148046463727951
2025-03-19,rate_decision,2025-01-30,-32,0.033333439379930496
2025-03-19,rate_decision,2025-01-31,-31,0.030240334570407867
2025-03-19,rate_decision,2025-02-03,-30,0.02925133891403675
2025-03-19,rate_decision,2025-02-04,-29,0.029628831893205643
2025-03-19,rate_decision,2025-02-05,-28,0.030880000442266464
2025-03-19,rate_decision,2025-02-06,-27,0.029487010091543198
2025-03-19,rate_decision,2025-02-07,-26,0.02625132165849209
2025-03-19,rate_decision,2025-02-10,-25,0.030427705496549606
2025-03-19,rate_decision,2025-02-11,-24,0.02735286019742489
2025-03-19,rate_decision,2025-02-12,-23,0.026530982926487923
2025-03-19,rate_decision,2025-02-13,-22,0.028722090646624565
2025-03-19,rate_decision,2025-02-14,-21,0.029162302613258362
2025-03-19,rate_decision,2025-02-18,-20,0.02721417509019375
2025-03-19,rate_decision,2025-02-19,-19,0.02702469751238823
2025-03-19,rate_decision,2025-02-20,-18,0.028205160051584244
2025-03-19,rate_decision,2025-02-21,-17,0.028734620660543442
2025-03-19,rate_decision,2025-02-24,-16,0.02891000360250473
2025-03-19,rate_decision,2025-02-25,-15,0.029412144795060158
2025-03-19,rate_decision,2025-02-26,-14,0.029538162052631378
2025-03-19,rate_decision,2025-02-27,-13,0.0301725622266531
2025-03-19,rate_decision,2025-02-28,-12,0.029807191342115402
2025-03-19,rate_decision,2025-03-03,-11,0.03024272993206978
2025-03-19,rate_decision,2025-03-04,-10,0.03104986995458603
2025-03-19,rate_decision,2025-03-05,-9,0.031782057136297226
2025-03-19,rate_decision,2025-03-06,-8,0.03135460987687111
2025-03-19,rate_decision,2025-03-07,-7,0.03288809955120087
2025-03-19,rate_decision,2025-03-10,-6,0.033181171864271164
2025-03-19,rate_decision,2025-03-11,-5,0.04141092300415039
2025-03-19,rate_decision,2025-03-12,-4,0.0322067067027092
2025-03-19,rate_decision,2025-03-13,-3,0.03392847627401352
2025-03-19,rate_decision,2025-03-14,-2,0.0350562147796154
2025-03-19,rate_decision,2025-03-17,-1,0.026466405019164085
2025-03-19,rate_decision,2025-03-18,0,0.030145755037665367
2025-03-19,current_policy_stance,2025-01-30,-32,0.03004756197333336
2025-03-19,current_policy_stance,2025-01-31,-31,0.02512253075838089
2025-03-19,current_policy_stance,2025-02-03,-30,0.024968713521957397
2025-03-19,current_policy_stance,2025-02-04,-29,0.027434444054961205
2025-03-19,current_policy_stance,2025-02-05,-28,0.03028654307126999
2025-03-19,current_policy_stance,2025-02-06,-27,0.028734130784869194
2025-03-19,current_policy_stance,2025-02-07,-26,0.02731812559068203
2025-03-19,current_policy_stance,2025-02-10,-25,0.0265396349132061
2025-03-19,current_policy_stance,2025-02-11,-24,0.028883572667837143
2025-03-19,current_policy_stance,2025-02-12,-23,0.026503058150410652
2025-03-19,current_policy_stance,2025-02-13,-22,0.029643366113305092
2025-03-19,current_policy_stance,2025-02-14,-21,0.0317961759865284
2025-03-19,current_policy_stance,2025-02-18,-20,0.03070806711912155
2025-03-19,current_policy_stance,2025-02-19,-19,0.027720332145690918
2025-03-19,current_policy_stance,2025-02-20,-18,0.028591439127922058
2025-03-19,current_policy_stance,2025-02-21,-17,0.028912167996168137
2025-03-19,current_policy_stance,2025-02-24,-16,0.029783502221107483
2025-03-19,current_policy_stance,2025-02-25,-15,0.030114097520709038
2025-03-19,current_policy_stance,2025-02-26,-14,0.030350336804986
2025-03-19,current_policy_stance,2025-02-27,-13,0.03038758598268032
2025-03-19,current_policy_stance,2025-02-28,-12,0.030393976718187332
2025-03-19,current_policy_stance,2025-03-03,-11,0.034495219588279724
2025-03-19,current_policy_stance,2025-03-04,-10,0.033788785338401794
2025-03-19,current_policy_stance,2025-03-05,-9,0.032960422337055206
2025-03-19,current_policy_stance,2025-03-06,-8,0.0369882807135582
2025-03-19,current_policy_stance,2025-03-07,-7,0.034101370722055435
2025-03-19,current_policy_stance,2025-03-10,-6,0.03566492348909378
2025-03-19,current_policy_stance,2025-03-11,-5,0.03917808085680008
2025-03-19,current_policy_stance,2025-03-12,-4,0.027639124542474747
2025-03-19,current_policy_stance,2025-03-13,-3,0.03406541794538498
2025-03-19,current_policy_stance,2025-03-14,-2,0.029036590829491615
2025-03-19,current_policy_stance,2025-03-17,-1,0.028756961226463318
2025-03-19,current_policy_stance,2025-03-18,0,0.029085451737046242
2025-03-19,policy_stance_shift,2025-01-30,-32,0.028301261365413666
2025-03-19,policy_stance_shift,2025-01-31,-31,0.027466056868433952
2025-03-19,policy_stance_shift,2025-02-03,-30,0.030825091525912285
2025-03-19,policy_stance_shift,2025-02-04,-29,0.029996097087860107
2025-03-19,policy_stance_shift,2025-02-05,-28,0.03414064645767212
2025-03-19,policy_stance_shift,2025-02-06,-27,0.02837475575506687
2025-03-19,policy_stance_shift,2025-02-07,-26,0.028586015105247498
2025-03-19,policy_stance_shift,2025-02-10,-25,0.02770525962114334
2025-03-19,policy_stance_shift,2025-02-11,-24,0.03138040006160736
2025-03-19,policy_stance_shift,2025-02-12,-23,0.029548507183790207
2025-03-19,policy_stance_shift,2025-02-13,-22,0.031273793429136276
2025-03-19,policy_stance_shift,2025-02-14,-21,0.030748998746275902
2025-03-19,policy_stance_shift,2025-02-18,-20,0.029907774180173874
2025-03-19,policy_stance_shift,2025-02-19,-19,0.030858561396598816
2025-03-19,policy_stance_shift,2025-02-20,-18,0.030635641887784004
2025-03-19,policy_stance_shift,2025-02-21,-17,0.03321370482444763
2025-03-19,policy_stance_shift,2025-02-24,-16,0.033452216535806656
2025-03-19,policy_stance_shift,2025-02-25,-15,0.032919444143772125
2025-03-19,policy_stance_shift,2025-02-26,-14,0.033013004809617996
2025-03-19,policy_stance_shift,2025-02-27,-13,0.030147120356559753
2025-03-19,policy_stance_shift,2025-02-28,-12,0.03281068801879883
2025-03-19,policy_stance_shift,2025-03-03,-11,0.03164937347173691
2025-03-19,policy_stance_shift,2025-03-04,-10,0.030197279527783394
2025-03-19,policy_stance_shift,2025-03-05,-9,0.02976173534989357
2025-03-19,policy_stance_shift,2025-03-06,-8,0.03342873603105545
2025-03-19,policy_stance_shift,2025-03-07,-7,0.0251375250518322
2025-03-19,policy_stance_shift,2025-03-10,-6,0.030090980231761932
2025-03-19,policy_stance_shift,2025-03-11,-5,0.027500607073307037
2025-03-19,policy_stance_shift,2025-03-12,-4,0.025516176596283913
2025-03-19,policy_stance_shift,2025-03-13,-3,0.032453518360853195
2025-03-19,policy_stance_shift,2025-03-14,-2,0.026142818853259087
2025-03-19,policy_stance_shift,2025-03-17,-1,0.030815692618489265
2025-03-19,policy_stance_shift,2025-03-18,0,0.03200051933526993
2025-03-19,expected_rate_path_shift,2025-01-30,-32,0.026402704417705536
2025-03-19,expected_rate_path_shift,2025-01-31,-31,0.027676310390233994
2025-03-19,expected_rate_path_shift,2025-02-03,-30,0.030791673809289932
2025-03-19,expected_rate_path_shift,2025-02-04,-29,0.02943255752325058
2025-03-19,expected_rate_path_shift,2025-02-05,-28,0.034698307514190674
2025-03-19,expected_rate_path_shift,2025-02-06,-27,0.029277479276061058
2025-03-19,expected_rate_path_shift,2025-02-07,-26,0.028727618977427483
2025-03-19,expected_rate_path_shift,2025-02-10,-25,0.027459554374217987
2025-03-19,expected_rate_path_shift,2025-02-11,-24,0.03238917514681816
2025-03-19,expected_rate_path_shift,2025-02-12,-23,0.03035990335047245
2025-03-19,expected_rate_path_shift,2025-02-13,-22,0.030678661540150642
2025-03-19,expected_rate_path_shift,2025-02-14,-21,0.03032919391989708
2025-03-19,expected_rate_path_shift,2025-02-18,-20,0.03015035018324852
2025-03-19,expected_rate_path_shift,2025-02-19,-19,0.029942305758595467
2025-03-19,expected_rate_path_shift,2025-02-20,-18,0.03015158325433731
2025-03-19,expected_rate_path_shift,2025-02-21,-17,0.03311377018690109
2025-03-19,expected_rate_path_shift,2025-02-24,-16,0.033058520406484604
2025-03-19,expected_rate_path_shift,2025-02-25,-15,0.03282865881919861
2025-03-19,expected_rate_path_shift,2025-02-26,-14,0.03285857290029526
2025-03-19,expected_rate_path_shift,2025-02-27,-13,0.030291203409433365
2025-03-19,expected_rate_path_shift,2025-02-28,-12,0.03285367414355278
2025-03-19,expected_rate_path_shift,2025-03-03,-11,0.03189019486308098
2025-03-19,expected_rate_path_shift,2025-03-04,-10,0.03147071599960327
2025-03-19,expected_rate_path_shift,2025-03-05,-9,0.02968512289226055
2025-03-19,expected_rate_path_shift,2025-03-06,-8,0.03329167142510414
2025-03-19,expected_rate_path_shift,2025-03-07,-7,0.024835072457790375
2025-03-19,expected_rate_path_shift,2025-03-10,-6,0.02984766475856304
2025-03-19,expected_rate_path_shift,2025-03-11,-5,0.028093531727790833
2025-03-19,expected_rate_path_shift,2025-03-12,-4,0.025150977075099945
2025-03-19,expected_rate_path_shift,2025-03-13,-3,0.03168368339538574
2025-03-19,expected_rate_path_shift,2025-03-14,-2,0.026743389666080475
2025-03-19,expected_rate_path_shift,2025-03-17,-1,0.0320516899228096
2025-03-19,expected_rate_path_shift,2025-03-18,0,0.031784482300281525
2025-03-19,inflation_assessment_shift,2025-01-30,-32,0.029522396624088287
2025-03-19,inflation_assessment_shift,2025-01-31,-31,0.02517535351216793
2025-03-19,inflation_assessment_shift,2025-02-03,-30,0.02493578940629959
2025-03-19,inflation_assessment_shift,2025-02-04,-29,0.02772442251443863
2025-03-19,inflation_assessment_shift,2025-02-05,-28,0.030471261590719223
2025-03-19,inflation_assessment_shift,2025-02-06,-27,0.028928041458129883
2025-03-19,inflation_assessment_shift,2025-02-07,-26,0.027907773852348328
2025-03-19,inflation_assessment_shift,2025-02-10,-25,0.026485372334718704
2025-03-19,inflation_assessment_shift,2025-02-11,-24,0.02887881174683571
2025-03-19,inflation_assessment_shift,2025-02-12,-23,0.026701733469963074
2025-03-19,inflation_assessment_shift,2025-02-13,-22,0.02973572164773941
2025-03-19,inflation_assessment_shift,2025-02-14,-21,0.03163985162973404
2025-03-19,inflation_assessment_shift,2025-02-18,-20,0.03035377338528633
2025-03-19,inflation_assessment_shift,2025-02-19,-19,0.027389593422412872
2025-03-19,inflation_assessment_shift,2025-02-20,-18,0.028293494135141373
2025-03-19,inflation_assessment_shift,2025-02-21,-17,0.028734372928738594
2025-03-19,inflation_assessment_shift,2025-02-24,-16,0.029798582196235657
2025-03-19,inflation_assessment_shift,2025-02-25,-15,0.030051356181502342
2025-03-19,inflation_assessment_shift,2025-02-26,-14,0.03009912185370922
2025-03-19,inflation_assessment_shift,2025-02-27,-13,0.030317295342683792
2025-03-19,inflation_assessment_shift,2025-02-28,-12,0.030636969953775406
2025-03-19,inflation_assessment_shift,2025-03-03,-11,0.03437260165810585
2025-03-19,inflation_assessment_shift,2025-03-04,-10,0.033765245229005814
2025-03-19,inflation_assessment_shift,2025-03-05,-9,0.03258518502116203
2025-03-19,inflation_assessment_shift,2025-03-06,-8,0.03685964643955231
2025-03-19,inflation_assessment_shift,2025-03-07,-7,0.034049421548843384
2025-03-19,inflation_assessment_shift,2025-03-10,-6,0.03582705557346344
2025-03-19,inflation_assessment_shift,2025-03-11,-5,0.03979366272687912
2025-03-19,inflation_assessment_shift,2025-03-12,-4,0.027531228959560394
2025-03-19,inflation_assessment_shift,2025-03-13,-3,0.03458411619067192
2025-03-19,inflation_assessment_shift,2025-03-14,-2,0.028665050864219666
2025-03-19,inflation_assessment_shift,2025-03-17,-1,0.028904352337121964
2025-03-19,inflation_assessment_shift,2025-03-18,0,0.029281368479132652
2025-03-19,inflation_risk_shift,2025-01-30,-32,0.029133766889572144
2025-03-19,inflation_risk_shift,2025-01-31,-31,0.02473241090774536
2025-03-19,inflation_risk_shift,2025-02-03,-30,0.025188198313117027
2025-03-19,inflation_risk_shift,2025-02-04,-29,0.027514755725860596
2025-03-19,inflation_risk_shift,2025-02-05,-28,0.03161771968007088
2025-03-19,inflation_risk_shift,2025-02-06,-27,0.02776019088923931
2025-03-19,inflation_risk_shift,2025-02-07,-26,0.02731407806277275
2025-03-19,inflation_risk_shift,2025-02-10,-25,0.026398541405797005
2025-03-19,inflation_risk_shift,2025-02-11,-24,0.028590358793735504
2025-03-19,inflation_risk_shift,2025-02-12,-23,0.02648947201669216
2025-03-19,inflation_risk_shift,2025-02-13,-22,0.029920194298028946
2025-03-19,inflation_risk_shift,2025-02-14,-21,0.03057532012462616
2025-03-19,inflation_risk_shift,2025-02-18,-20,0.030379697680473328
2025-03-19,inflation_risk_shift,2025-02-19,-19,0.027466826140880585
2025-03-19,inflation_risk_shift,2025-02-20,-18,0.028562957420945168
2025-03-19,inflation_risk_shift,2025-02-21,-17,0.029849804937839508
2025-03-19,inflation_risk_shift,2025-02-24,-16,0.030582040548324585
2025-03-19,inflation_risk_shift,2025-02-25,-15,0.03147018328309059
2025-03-19,inflation_risk_shift,2025-02-26,-14,0.031383492052555084
2025-03-19,inflation_risk_shift,2025-02-27,-13,0.031124087050557137
2025-03-19,inflation_risk_shift,2025-02-28,-12,0.0314447283744812
2025-03-19,inflation_risk_shift,2025-03-03,-11,0.03519704192876816
2025-03-19,inflation_risk_shift,2025-03-04,-10,0.034672126173973083
2025-03-19,inflation_risk_shift,2025-03-05,-9,0.032891273498535156
2025-03-19,inflation_risk_shift,2025-03-06,-8,0.03742840141057968
2025-03-19,inflation_risk_shift,2025-03-07,-7,0.032172247767448425
2025-03-19,inflation_risk_shift,2025-03-10,-6,0.03557736054062843
2025-03-19,inflation_risk_shift,2025-03-11,-5,0.03733477368950844
2025-03-19,inflation_risk_shift,2025-03-12,-4,0.02708514779806137
2025-03-19,inflation_risk_shift,2025-03-13,-3,0.03424472734332085
2025-03-19,inflation_risk_shift,2025-03-14,-2,0.027418814599514008
2025-03-19,inflation_risk_shift,2025-03-17,-1,0.02931315451860428
2025-03-19,inflation_risk_shift,2025-03-18,0,0.02916610613465309
2025-03-19,unemployment_assessment_shift,2025-01-30,-32,0.027002179995179176
2025-03-19,unemployment_assessment_shift,2025-01-31,-31,0.028396323323249817
2025-03-19,unemployment_assessment_shift,2025-02-03,-30,0.030691709369421005
2025-03-19,unemployment_assessment_shift,2025-02-04,-29,0.029450660571455956
2025-03-19,unemployment_assessment_shift,2025-02-05,-28,0.034125301986932755
2025-03-19,unemployment_assessment_shift,2025-02-06,-27,0.02998078241944313
2025-03-19,unemployment_assessment_shift,2025-02-07,-26,0.02952626347541809
2025-03-19,unemployment_assessment_shift,2025-02-10,-25,0.02757682278752327
2025-03-19,unemployment_assessment_shift,2025-02-11,-24,0.03259926289319992
2025-03-19,unemployment_assessment_shift,2025-02-12,-23,0.03102331981062889
2025-03-19,unemployment_assessment_shift,2025-02-13,-22,0.030325451865792274
2025-03-19,unemployment_assessment_shift,2025-02-14,-21,0.030604228377342224
2025-03-19,unemployment_assessment_shift,2025-02-18,-20,0.030575545504689217
2025-03-19,unemployment_assessment_shift,2025-02-19,-19,0.029589487239718437
2025-03-19,unemployment_assessment_shift,2025-02-20,-18,0.029891230165958405
2025-03-19,unemployment_assessment_shift,2025-02-21,-17,0.032721929252147675
2025-03-19,unemployment_assessment_shift,2025-02-24,-16,0.032924823462963104
2025-03-19,unemployment_assessment_shift,2025-02-25,-15,0.03221553936600685
2025-03-19,unemployment_assessment_shift,2025-02-26,-14,0.03257717564702034
2025-03-19,unemployment_assessment_shift,2025-02-27,-13,0.03006804920732975
2025-03-19,unemployment_assessment_shift,2025-02-28,-12,0.03225698694586754
2025-03-19,unemployment_assessment_shift,2025-03-03,-11,0.031386785209178925
2025-03-19,unemployment_assessment_shift,2025-03-04,-10,0.031210340559482574
2025-03-19,unemployment_assessment_shift,2025-03-05,-9,0.029456879943609238
2025-03-19,unemployment_assessment_shift,2025-03-06,-8,0.032824091613292694
2025-03-19,unemployment_assessment_shift,2025-03-07,-7,0.025316834449768066
2025-03-19,unemployment_assessment_shift,2025-03-10,-6,0.029224378988146782
2025-03-19,unemployment_assessment_shift,2025-03-11,-5,0.02827063389122486
2025-03-19,unemployment_assessment_shift,2025-03-12,-4,0.025594573467969894
2025-03-19,unemployment_assessment_shift,2025-03-13,-3,0.031123576685786247
2025-03-19,unemployment_assessment_shift,2025-03-14,-2,0.02763093262910843
2025-03-19,unemployment_assessment_shift,2025-03-17,-1,0.032309629023075104
2025-03-19,unemployment_assessment_shift,2025-03-18,0,0.031528253108263016
2025-03-19,labor_market_risk_shift,2025-01-30,-32,0.028749920427799225
2025-03-19,labor_market_risk_shift,2025-01-31,-31,0.029940512031316757
2025-03-19,labor_market_risk_shift,2025-02-03,-30,0.03314966708421707
2025-03-19,labor_market_risk_shift,2025-02-04,-29,0.03106924146413803
2025-03-19,labor_market_risk_shift,2025-02-05,-28,0.03349163010716438
2025-03-19,labor_market_risk_shift,2025-02-06,-27,0.02973177284002304
2025-03-19,labor_market_risk_shift,2025-02-07,-26,0.030661311000585556
2025-03-19,labor_market_risk_shift,2025-02-10,-25,0.02917400747537613
2025-03-19,labor_market_risk_shift,2025-02-11,-24,0.0316220186650753
2025-03-19,labor_market_risk_shift,2025-02-12,-23,0.03096083179116249
2025-03-19,labor_market_risk_shift,2025-02-13,-22,0.031034046784043312
2025-03-19,labor_market_risk_shift,2025-02-14,-21,0.029811538755893707
2025-03-19,labor_market_risk_shift,2025-02-18,-20,0.02956143021583557
2025-03-19,labor_market_risk_shift,2025-02-19,-19,0.031710702925920486
2025-03-19,labor_market_risk_shift,2025-02-20,-18,0.03137674927711487
2025-03-19,labor_market_risk_shift,2025-02-21,-17,0.03364989534020424
2025-03-19,labor_market_risk_shift,2025-02-24,-16,0.03318352252244949
2025-03-19,labor_market_risk_shift,2025-02-25,-15,0.032788991928100586
2025-03-19,labor_market_risk_shift,2025-02-26,-14,0.032826684415340424
2025-03-19,labor_market_risk_shift,2025-02-27,-13,0.03007335215806961
2025-03-19,labor_market_risk_shift,2025-02-28,-12,0.032438959926366806
2025-03-19,labor_market_risk_shift,2025-03-03,-11,0.029960567131638527
2025-03-19,labor_market_risk_shift,2025-03-04,-10,0.029433291405439377
2025-03-19,labor_market_risk_shift,2025-03-05,-9,0.029017696157097816
2025-03-19,labor_market_risk_shift,2025-03-06,-8,0.03017432428896427
2025-03-19,labor_market_risk_shift,2025-03-07,-7,0.024338509887456894
2025-03-19,labor_market_risk_shift,2025-03-10,-6,0.028132256120443344
2025-03-19,labor_market_risk_shift,2025-03-11,-5,0.025192396715283394
2025-03-19,labor_market_risk_shift,2025-03-12,-4,0.026828870177268982
2025-03-19,labor_market_risk_shift,2025-03-13,-3,0.02954718843102455
2025-03-19,labor_market_risk_shift,2025-03-14,-2,0.027458854019641876
2025-03-19,labor_market_risk_shift,2025-03-17,-1,0.031220100820064545
2025-03-19,labor_market_risk_shift,2025-03-18,0,0.031689174473285675
2025-03-19,growth_activity_shift,2025-01-30,-32,0.02844824641942978
2025-03-19,growth_activity_shift,2025-01-31,-31,0.029274052008986473
2025-03-19,growth_activity_shift,2025-02-03,-30,0.032180532813072205
2025-03-19,growth_activity_shift,2025-02-04,-29,0.030240895226597786
2025-03-19,growth_activity_shift,2025-02-05,-28,0.03409729152917862
2025-03-19,growth_activity_shift,2025-02-06,-27,0.02916862443089485
2025-03-19,growth_activity_shift,2025-02-07,-26,0.029744906350970268
2025-03-19,growth_activity_shift,2025-02-10,-25,0.028274420648813248
2025-03-19,growth_activity_shift,2025-02-11,-24,0.03170115500688553
2025-03-19,growth_activity_shift,2025-02-12,-23,0.030494939535856247
2025-03-19,growth_activity_shift,2025-02-13,-22,0.031006088480353355
2025-03-19,growth_activity_shift,2025-02-14,-21,0.02998088300228119
2025-03-19,growth_activity_shift,2025-02-18,-20,0.029807081446051598
2025-03-19,growth_activity_shift,2025-02-19,-19,0.03102228417992592
2025-03-19,growth_activity_shift,2025-02-20,-18,0.030943449586629868
2025-03-19,growth_activity_shift,2025-02-21,-17,0.033498961478471756
2025-03-19,growth_activity_shift,2025-02-24,-16,0.033367883414030075
2025-03-19,growth_activity_shift,2025-02-25,-15,0.03306666761636734
2025-03-19,growth_activity_shift,2025-02-26,-14,0.033091217279434204
2025-03-19,growth_activity_shift,2025-02-27,-13,0.03024248592555523
2025-03-19,growth_activity_shift,2025-02-28,-12,0.032720666378736496
2025-03-19,growth_activity_shift,2025-03-03,-11,0.03069308027625084
2025-03-19,growth_activity_shift,2025-03-04,-10,0.030062032863497734
2025-03-19,growth_activity_shift,2025-03-05,-9,0.029339084401726723
2025-03-19,growth_activity_shift,2025-03-06,-8,0.03127354755997658
2025-03-19,growth_activity_shift,2025-03-07,-7,0.024697527289390564
2025-03-19,growth_activity_shift,2025-03-10,-6,0.028736211359500885
2025-03-19,growth_activity_shift,2025-03-11,-5,0.025648653507232666
2025-03-19,growth_activity_shift,2025-03-12,-4,0.02627858892083168
2025-03-19,growth_activity_shift,2025-03-13,-3,0.03074459359049797
2025-03-19,growth_activity_shift,2025-03-14,-2,0.02699529379606247
2025-03-19,growth_activity_shift,2025-03-17,-1,0.031596921384334564
2025-03-19,growth_activity_shift,2025-03-18,0,0.031561702489852905
2025-03-19,financial_conditions_shift,2025-01-30,-32,0.027870934456586838
2025-03-19,financial_conditions_shift,2025-01-31,-31,0.025542207062244415
2025-03-19,financial_conditions_shift,2025-02-03,-30,0.025619573891162872
2025-03-19,financial_conditions_shift,2025-02-04,-29,0.027115367352962494
2025-03-19,financial_conditions_shift,2025-02-05,-28,0.0319954976439476
2025-03-19,financial_conditions_shift,2025-02-06,-27,0.027216866612434387
2025-03-19,financial_conditions_shift,2025-02-07,-26,0.0267836544662714
2025-03-19,financial_conditions_shift,2025-02-10,-25,0.026617227122187614
2025-03-19,financial_conditions_shift,2025-02-11,-24,0.030451420694589615
2025-03-19,financial_conditions_shift,2025-02-12,-23,0.027433915063738823
2025-03-19,financial_conditions_shift,2025-02-13,-22,0.030231697484850883
2025-03-19,financial_conditions_shift,2025-02-14,-21,0.031005654484033585
2025-03-19,financial_conditions_shift,2025-02-18,-20,0.030702967196702957
2025-03-19,financial_conditions_shift,2025-02-19,-19,0.02729143016040325
2025-03-19,financial_conditions_shift,2025-02-20,-18,0.028121713548898697
2025-03-19,financial_conditions_shift,2025-02-21,-17,0.029735660180449486
2025-03-19,financial_conditions_shift,2025-02-24,-16,0.030062822625041008
2025-03-19,financial_conditions_shift,2025-02-25,-15,0.030866514891386032
2025-03-19,financial_conditions_shift,2025-02-26,-14,0.03081454150378704
2025-03-19,financial_conditions_shift,2025-02-27,-13,0.02998161129653454
2025-03-19,financial_conditions_shift,2025-02-28,-12,0.03106348216533661
2025-03-19,financial_conditions_shift,2025-03-03,-11,0.034636132419109344
2025-03-19,financial_conditions_shift,2025-03-04,-10,0.03383006900548935
2025-03-19,financial_conditions_shift,2025-03-05,-9,0.03251750022172928
2025-03-19,financial_conditions_shift,2025-03-06,-8,0.038534387946128845
2025-03-19,financial_conditions_shift,2025-03-07,-7,0.031029507517814636
2025-03-19,financial_conditions_shift,2025-03-10,-6,0.03548312559723854
2025-03-19,financial_conditions_shift,2025-03-11,-5,0.03722795471549034
2025-03-19,financial_conditions_shift,2025-03-12,-4,0.02723468840122223
2025-03-19,financial_conditions_shift,2025-03-13,-3,0.035026293247938156
2025-03-19,financial_conditions_shift,2025-03-14,-2,0.02781596966087818
2025-03-19,financial_conditions_shift,2025-03-17,-1,0.03020775131881237
2025-03-19,financial_conditions_shift,2025-03-18,0,0.029931820929050446
2025-03-19,balance_sheet_policy_shift,2025-01-30,-32,0.028254233300685883
2025-03-19,balance_sheet_policy_shift,2025-01-31,-31,0.029625777155160904
2025-03-19,balance_sheet_policy_shift,2025-02-03,-30,0.03294192627072334
2025-03-19,balance_sheet_policy_shift,2025-02-04,-29,0.03091825172305107
2025-03-19,balance_sheet_policy_shift,2025-02-05,-28,0.03342472016811371
2025-03-19,balance_sheet_policy_shift,2025-02-06,-27,0.029153915122151375
2025-03-19,balance_sheet_policy_shift,2025-02-07,-26,0.030702784657478333
2025-03-19,balance_sheet_policy_shift,2025-02-10,-25,0.029426371678709984
2025-03-19,balance_sheet_policy_shift,2025-02-11,-24,0.03147979453206062
2025-03-19,balance_sheet_policy_shift,2025-02-12,-23,0.030778538435697556
2025-03-19,balance_sheet_policy_shift,2025-02-13,-22,0.031003721058368683
2025-03-19,balance_sheet_policy_shift,2025-02-14,-21,0.029724277555942535
2025-03-19,balance_sheet_policy_shift,2025-02-18,-20,0.029449157416820526
2025-03-19,balance_sheet_policy_shift,2025-02-19,-19,0.0316304937005043
2025-03-19,balance_sheet_policy_shift,2025-02-20,-18,0.03149781748652458
2025-03-19,balance_sheet_policy_shift,2025-02-21,-17,0.03381402790546417
2025-03-19,balance_sheet_policy_shift,2025-02-24,-16,0.03341066837310791
2025-03-19,balance_sheet_policy_shift,2025-02-25,-15,0.03323422372341156
2025-03-19,balance_sheet_policy_shift,2025-02-26,-14,0.033234115689992905
2025-03-19,balance_sheet_policy_shift,2025-02-27,-13,0.030524833127856255
2025-03-19,balance_sheet_policy_shift,2025-02-28,-12,0.03296303749084473
2025-03-19,balance_sheet_policy_shift,2025-03-03,-11,0.030394241213798523
2025-03-19,balance_sheet_policy_shift,2025-03-04,-10,0.029878955334424973
2025-03-19,balance_sheet_policy_shift,2025-03-05,-9,0.029202716425061226
2025-03-19,balance_sheet_policy_shift,2025-03-06,-8,0.03037828579545021
2025-03-19,balance_sheet_policy_shift,2025-03-07,-7,0.024406813085079193
2025-03-19,balance_sheet_policy_shift,2025-03-10,-6,0.028041021898388863
2025-03-19,balance_sheet_policy_shift,2025-03-11,-5,0.02482539229094982
2025-03-19,balance_sheet_policy_shift,2025-03-12,-4,0.02657601609826088
2025-03-19,balance_sheet_policy_shift,2025-03-13,-3,0.0295659601688385
2025-03-19,balance_sheet_policy_shift,2025-03-14,-2,0.027172524482011795
2025-03-19,balance_sheet_policy_shift,2025-03-17,-1,0.031074799597263336
2025-03-19,balance_sheet_policy_shift,2025-03-18,0,0.03129056468605995
2025-03-19,risk_balance_shift,2025-01-30,-32,0.028292901813983917
2025-03-19,risk_balance_shift,2025-01-31,-31,0.026850271970033646
2025-03-19,risk_balance_shift,2025-02-03,-30,0.029005534946918488
2025-03-19,risk_balance_shift,2025-02-04,-29,0.028530074283480644
2025-03-19,risk_balance_shift,2025-02-05,-28,0.034416209906339645
2025-03-19,risk_balance_shift,2025-02-06,-27,0.028833622112870216
2025-03-19,risk_balance_shift,2025-02-07,-26,0.028091691434383392
2025-03-19,risk_balance_shift,2025-02-10,-25,0.02725801430642605
2025-03-19,risk_balance_shift,2025-02-11,-24,0.03248806670308113
2025-03-19,risk_balance_shift,2025-02-12,-23,0.02898505888879299
2025-03-19,risk_balance_shift,2025-02-13,-22,0.03104800172150135
2025-03-19,risk_balance_shift,2025-02-14,-21,0.03073664754629135
2025-03-19,risk_balance_shift,2025-02-18,-20,0.029223598539829254
2025-03-19,risk_balance_shift,2025-02-19,-19,0.02952098660171032
2025-03-19,risk_balance_shift,2025-02-20,-18,0.030027084052562714
2025-03-19,risk_balance_shift,2025-02-21,-17,0.032771676778793335
2025-03-19,risk_balance_shift,2025-02-24,-16,0.03291202336549759
2025-03-19,risk_balance_shift,2025-02-25,-15,0.032887671142816544
2025-03-19,risk_balance_shift,2025-02-26,-14,0.03309517353773117
2025-03-19,risk_balance_shift,2025-02-27,-13,0.0303269624710083
2025-03-19,risk_balance_shift,2025-02-28,-12,0.03300924971699715
2025-03-19,risk_balance_shift,2025-03-03,-11,0.03281276300549507
2025-03-19,risk_balance_shift,2025-03-04,-10,0.03240061551332474
2025-03-19,risk_balance_shift,2025-03-05,-9,0.03074106201529503
2025-03-19,risk_balance_shift,2025-03-06,-8,0.03467991203069687
2025-03-19,risk_balance_shift,2025-03-07,-7,0.02576335147023201
2025-03-19,risk_balance_shift,2025-03-10,-6,0.030838511884212494
2025-03-19,risk_balance_shift,2025-03-11,-5,0.028442304581403732
2025-03-19,risk_balance_shift,2025-03-12,-4,0.024487856775522232
2025-03-19,risk_balance_shift,2025-03-13,-3,0.0329289436340332
2025-03-19,risk_balance_shift,2025-03-14,-2,0.026179196313023567
2025-03-19,risk_balance_shift,2025-03-17,-1,0.031003976240754128
2025-03-19,risk_balance_shift,2025-03-18,0,0.03141101449728012
2025-03-19,committee_dispersion,2025-01-30,-32,0.027661945670843124
2025-03-19,committee_dispersion,2025-01-31,-31,0.02522875927388668
2025-03-19,committee_dispersion,2025-02-03,-30,0.0277959406375885
2025-03-19,committee_dispersion,2025-02-04,-29,0.028258532285690308
2025-03-19,committee_dispersion,2025-02-05,-28,0.03421911597251892
2025-03-19,committee_dispersion,2025-02-06,-27,0.029401324689388275
2025-03-19,committee_dispersion,2025-02-07,-26,0.02748408354818821
2025-03-19,committee_dispersion,2025-02-10,-25,0.025961611419916153
2025-03-19,committee_dispersion,2025-02-11,-24,0.03173769637942314
2025-03-19,committee_dispersion,2025-02-12,-23,0.028677307069301605
2025-03-19,committee_dispersion,2025-02-13,-22,0.030974816530942917
2025-03-19,committee_dispersion,2025-02-14,-21,0.030331391841173172
2025-03-19,committee_dispersion,2025-02-18,-20,0.02975674532353878
2025-03-19,committee_dispersion,2025-02-19,-19,0.029072538018226624
2025-03-19,committee_dispersion,2025-02-20,-18,0.029654139652848244
2025-03-19,committee_dispersion,2025-02-21,-17,0.03261266648769379
2025-03-19,committee_dispersion,2025-02-24,-16,0.03305216133594513
2025-03-19,committee_dispersion,2025-02-25,-15,0.03342596814036369
2025-03-19,committee_dispersion,2025-02-26,-14,0.03335294499993324
2025-03-19,committee_dispersion,2025-02-27,-13,0.030936527997255325
2025-03-19,committee_dispersion,2025-02-28,-12,0.03345645219087601
2025-03-19,committee_dispersion,2025-03-03,-11,0.033538803458213806
2025-03-19,committee_dispersion,2025-03-04,-10,0.03284315764904022
2025-03-19,committee_dispersion,2025-03-05,-9,0.030709508806467056
2025-03-19,committee_dispersion,2025-03-06,-8,0.03458643704652786
2025-03-19,committee_dispersion,2025-03-07,-7,0.026739414781332016
2025-03-19,committee_dispersion,2025-03-10,-6,0.03181029111146927
2025-03-19,committee_dispersion,2025-03-11,-5,0.02991633675992489
2025-03-19,committee_dispersion,2025-03-12,-4,0.02474154345691204
2025-03-19,committee_dispersion,2025-03-13,-3,0.03293353319168091
2025-03-19,committee_dispersion,2025-03-14,-2,0.02641039341688156
2025-03-19,committee_dispersion,2025-03-17,-1,0.03143226355314255
2025-03-19,committee_dispersion,2025-03-18,0,0.03128562122583389
2025-03-19,policy_uncertainty,2025-01-30,-32,0.030310384929180145
2025-03-19,policy_uncertainty,2025-01-31,-31,0.025439269840717316
2025-03-19,policy_uncertainty,2025-02-03,-30,0.024584950879216194
2025-03-19,policy_uncertainty,2025-02-04,-29,0.027167024090886116
2025-03-19,policy_uncertainty,2025-02-05,-28,0.03078436106443405
2025-03-19,policy_uncertainty,2025-02-06,-27,0.029930992051959038
2025-03-19,policy_uncertainty,2025-02-07,-26,0.028154030442237854
2025-03-19,policy_uncertainty,2025-02-10,-25,0.027467533946037292
2025-03-19,policy_uncertainty,2025-02-11,-24,0.02953518182039261
2025-03-19,policy_uncertainty,2025-02-12,-23,0.02645339071750641
2025-03-19,policy_uncertainty,2025-02-13,-22,0.029706355184316635
2025-03-19,policy_uncertainty,2025-02-14,-21,0.03191205486655235
2025-03-19,policy_uncertainty,2025-02-18,-20,0.030463825911283493
2025-03-19,policy_uncertainty,2025-02-19,-19,0.027309535071253777
2025-03-19,policy_uncertainty,2025-02-20,-18,0.028231656178832054
2025-03-19,policy_uncertainty,2025-02-21,-17,0.028291482478380203
2025-03-19,policy_uncertainty,2025-02-24,-16,0.028760796412825584
2025-03-19,policy_uncertainty,2025-02-25,-15,0.029349839314818382
2025-03-19,policy_uncertainty,2025-02-26,-14,0.02922363020479679
2025-03-19,policy_uncertainty,2025-02-27,-13,0.029090669006109238
2025-03-19,policy_uncertainty,2025-02-28,-12,0.029331646859645844
2025-03-19,policy_uncertainty,2025-03-03,-11,0.033792927861213684
2025-03-19,policy_uncertainty,2025-03-04,-10,0.03302723541855812
2025-03-19,policy_uncertainty,2025-03-05,-9,0.03270883113145828
2025-03-19,policy_uncertainty,2025-03-06,-8,0.0370030477643013
2025-03-19,policy_uncertainty,2025-03-07,-7,0.033614903688430786
2025-03-19,policy_uncertainty,2025-03-10,-6,0.03576895594596863
2025-03-19,policy_uncertainty,2025-03-11,-5,0.040516722947359085
2025-03-19,policy_uncertainty,2025-03-12,-4,0.028184404596686363
2025-03-19,policy_uncertainty,2025-03-13,-3,0.035006191581487656
2025-03-19,policy_uncertainty,2025-03-14,-2,0.030594363808631897
2025-03-19,policy_uncertainty,2025-03-17,-1,0.028984706848859787
2025-03-19,policy_uncertainty,2025-03-18,0,0.029299065470695496
2025-03-19,forward_guidance_strength,2025-01-30,-32,0.02762099914252758
2025-03-19,forward_guidance_strength,2025-01-31,-31,0.025270769372582436
2025-03-19,forward_guidance_strength,2025-02-03,-30,0.02810593694448471
2025-03-19,forward_guidance_strength,2025-02-04,-29,0.02897331677377224
2025-03-19,forward_guidance_strength,2025-02-05,-28,0.03180202469229698
2025-03-19,forward_guidance_strength,2025-02-06,-27,0.026404693722724915
2025-03-19,forward_guidance_strength,2025-02-07,-26,0.026516132056713104
2025-03-19,forward_guidance_strength,2025-02-10,-25,0.02591090463101864
2025-03-19,forward_guidance_strength,2025-02-11,-24,0.02965652570128441
2025-03-19,forward_guidance_strength,2025-02-12,-23,0.02843642793595791
2025-03-19,forward_guidance_strength,2025-02-13,-22,0.031502895057201385
2025-03-19,forward_guidance_strength,2025-02-14,-21,0.030471984297037125
2025-03-19,forward_guidance_strength,2025-02-18,-20,0.03045845404267311
2025-03-19,forward_guidance_strength,2025-02-19,-19,0.030131351202726364
2025-03-19,forward_guidance_strength,2025-02-20,-18,0.0300653837621212
2025-03-19,forward_guidance_strength,2025-02-21,-17,0.03245771303772926
2025-03-19,forward_guidance_strength,2025-02-24,-16,0.03365244343876839
2025-03-19,forward_guidance_strength,2025-02-25,-15,0.033514346927404404
2025-03-19,forward_guidance_strength,2025-02-26,-14,0.03339431434869766
2025-03-19,forward_guidance_strength,2025-02-27,-13,0.031721245497465134
2025-03-19,forward_guidance_strength,2025-02-28,-12,0.03410396724939346
2025-03-19,forward_guidance_strength,2025-03-03,-11,0.03328212723135948
2025-03-19,forward_guidance_strength,2025-03-04,-10,0.03206782042980194
2025-03-19,forward_guidance_strength,2025-03-05,-9,0.031539320945739746
2025-03-19,forward_guidance_strength,2025-03-06,-8,0.03696446120738983
2025-03-19,forward_guidance_strength,2025-03-07,-7,0.028058819472789764
2025-03-19,forward_guidance_strength,2025-03-10,-6,0.03277587890625
2025-03-19,forward_guidance_strength,2025-03-11,-5,0.030525002628564835
2025-03-19,forward_guidance_strength,2025-03-12,-4,0.025734078139066696
2025-03-19,forward_guidance_strength,2025-03-13,-3,0.03257119655609131
2025-03-19,forward_guidance_strength,2025-03-14,-2,0.024945268407464027
2025-03-19,forward_guidance_strength,2025-03-17,-1,0.030358770862221718
2025-03-19,forward_guidance_strength,2025-03-18,0,0.03100539743900299
2025-05-07,rate_decision,2025-03-20,-32,0.03534966707229614
2025-05-07,rate_decision,2025-03-21,-31,0.032724618911743164
2025-05-07,rate_decision,2025-03-24,-30,0.030249983072280884
2025-05-07,rate_decision,2025-03-25,-29,0.03191708028316498
2025-05-07,rate_decision,2025-03-26,-28,0.031037770211696625
2025-05-07,rate_decision,2025-03-27,-27,0.030145397409796715
2025-05-07,rate_decision,2025-03-28,-26,0.029877349734306335
2025-05-07,rate_decision,2025-03-31,-25,0.030271250754594803
2025-05-07,rate_decision,2025-04-01,-24,0.029742464423179626
2025-05-07,rate_decision,2025-04-02,-23,0.02954297885298729
2025-05-07,rate_decision,2025-04-03,-22,0.02937963604927063
2025-05-07,rate_decision,2025-04-04,-21,0.031617116183042526
2025-05-07,rate_decision,2025-04-07,-20,0.03124297223985195
2025-05-07,rate_decision,2025-04-08,-19,0.03465373069047928
2025-05-07,rate_decision,2025-04-09,-18,0.036642760038375854
2025-05-07,rate_decision,2025-04-10,-17,0.031200526282191277
2025-05-07,rate_decision,2025-04-11,-16,0.03228679299354553
2025-05-07,rate_decision,2025-04-14,-15,0.029982052743434906
2025-05-07,rate_decision,2025-04-15,-14,0.030047448351979256
2025-05-07,rate_decision,2025-04-16,-13,0.028936859220266342
2025-05-07,rate_decision,2025-04-17,-12,0.030477099120616913
2025-05-07,rate_decision,2025-04-21,-11,0.03090042620897293
2025-05-07,rate_decision,2025-04-22,-10,0.03131653741002083
2025-05-07,rate_decision,2025-04-23,-9,0.028657039627432823
2025-05-07,rate_decision,2025-04-24,-8,0.026682734489440918
2025-05-07,rate_decision,2025-04-25,-7,0.027542106807231903
2025-05-07,rate_decision,2025-04-28,-6,0.02705245278775692
2025-05-07,rate_decision,2025-04-29,-5,0.026302743703126907
2025-05-07,rate_decision,2025-04-30,-4,0.026749879121780396
2025-05-07,rate_decision,2025-05-01,-3,0.026888981461524963
2025-05-07,rate_decision,2025-05-02,-2,0.02975364401936531
2025-05-07,rate_decision,2025-05-05,-1,0.031339626759290695
2025-05-07,rate_decision,2025-05-06,0,0.029488299041986465
2025-05-07,current_policy_stance,2025-03-20,-32,0.03107243962585926
2025-05-07,current_policy_stance,2025-03-21,-31,0.030322473496198654
2025-05-07,current_policy_stance,2025-03-24,-30,0.030170615762472153
2025-05-07,current_policy_stance,2025-03-25,-29,0.025852737948298454
2025-05-07,current_policy_stance,2025-03-26,-28,0.026969734579324722
2025-05-07,current_policy_stance,2025-03-27,-27,0.026627615094184875
2025-05-07,current_policy_stance,2025-03-28,-26,0.02522154524922371
2025-05-07,current_policy_stance,2025-03-31,-25,0.02748974971473217
2025-05-07,current_policy_stance,2025-04-01,-24,0.026544099673628807
2025-05-07,current_policy_stance,2025-04-02,-23,0.028238695114850998
2025-05-07,current_policy_stance,2025-04-03,-22,0.030938297510147095
2025-05-07,current_policy_stance,2025-04-04,-21,0.032786775380373
2025-05-07,current_policy_stance,2025-04-07,-20,0.03556934744119644
2025-05-07,current_policy_stance,2025-04-08,-19,0.032812751829624176
2025-05-07,current_policy_stance,2025-04-09,-18,0.03292281553149223
2025-05-07,current_policy_stance,2025-04-10,-17,0.030267491936683655
2025-05-07,current_policy_stance,2025-04-11,-16,0.02560475841164589
2025-05-07,current_policy_stance,2025-04-14,-15,0.03003111109137535
2025-05-07,current_policy_stance,2025-04-15,-14,0.03080187737941742
2025-05-07,current_policy_stance,2025-04-16,-13,0.0367792509496212
2025-05-07,current_policy_stance,2025-04-17,-12,0.041434790939092636
2025-05-07,current_policy_stance,2025-04-21,-11,0.030856581404805183
2025-05-07,current_policy_stance,2025-04-22,-10,0.0315832793712616
2025-05-07,current_policy_stance,2025-04-23,-9,0.03141389787197113
2025-05-07,current_policy_stance,2025-04-24,-8,0.030476165935397148
2025-05-07,current_policy_stance,2025-04-25,-7,0.030577868223190308
2025-05-07,current_policy_stance,2025-04-28,-6,0.032344188541173935
2025-05-07,current_policy_stance,2025-04-29,-5,0.03235910087823868
2025-05-07,current_policy_stance,2025-04-30,-4,0.03402949124574661
2025-05-07,current_policy_stance,2025-05-01,-3,0.027983408421278
2025-05-07,current_policy_stance,2025-05-02,-2,0.026232291013002396
2025-05-07,current_policy_stance,2025-05-05,-1,0.02607470378279686
2025-05-07,current_policy_stance,2025-05-06,0,0.027610071003437042
2025-05-07,policy_stance_shift,2025-03-20,-32,0.025591176003217697
2025-05-07,policy_stance_shift,2025-03-21,-31,0.02678809128701687
2025-05-07,policy_stance_shift,2025-03-24,-30,0.024564005434513092
2025-05-07,policy_stance_shift,2025-03-25,-29,0.02508929930627346
2025-05-07,policy_stance_shift,2025-03-26,-28,0.026994775980710983
2025-05-07,policy_stance_shift,2025-03-27,-27,0.02623443864285946
2025-05-07,policy_stance_shift,2025-03-28,-26,0.027296096086502075
2025-05-07,policy_stance_shift,2025-03-31,-25,0.026847124099731445
2025-05-07,policy_stance_shift,2025-04-01,-24,0.02873815968632698
2025-05-07,policy_stance_shift,2025-04-02,-23,0.028268080204725266
2025-05-07,policy_stance_shift,2025-04-03,-22,0.03244541212916374
2025-05-07,policy_stance_shift,2025-04-04,-21,0.034115616232156754
2025-05-07,policy_stance_shift,2025-04-07,-20,0.029660776257514954
2025-05-07,policy_stance_shift,2025-04-08,-19,0.031279388815164566
2025-05-07,policy_stance_shift,2025-04-09,-18,0.02970331534743309
2025-05-07,policy_stance_shift,2025-04-10,-17,0.03033895045518875
2025-05-07,policy_stance_shift,2025-04-11,-16,0.023966308683156967
2025-05-07,policy_stance_shift,2025-04-14,-15,0.0280604287981987
2025-05-07,policy_stance_shift,2025-04-15,-14,0.02805277705192566
2025-05-07,policy_stance_shift,2025-04-16,-13,0.03415154665708542
2025-05-07,policy_stance_shift,2025-04-17,-12,0.03584583103656769
2025-05-07,policy_stance_shift,2025-04-21,-11,0.027921803295612335
2025-05-07,policy_stance_shift,2025-04-22,-10,0.034008197486400604
2025-05-07,policy_stance_shift,2025-04-23,-9,0.03230888769030571
2025-05-07,policy_stance_shift,2025-04-24,-8,0.034961629658937454
2025-05-07,policy_stance_shift,2025-04-25,-7,0.033983759582042694
2025-05-07,policy_stance_shift,2025-04-28,-6,0.03878374770283699
2025-05-07,policy_stance_shift,2025-04-29,-5,0.038077495992183685
2025-05-07,policy_stance_shift,2025-04-30,-4,0.039373643696308136
2025-05-07,policy_stance_shift,2025-05-01,-3,0.02946445718407631
2025-05-07,policy_stance_shift,2025-05-02,-2,0.030558820813894272
2025-05-07,policy_stance_shift,2025-05-05,-1,0.02747771516442299
2025-05-07,policy_stance_shift,2025-05-06,0,0.029048223048448563
2025-05-07,expected_rate_path_shift,2025-03-20,-32,0.022523056715726852
2025-05-07,expected_rate_path_shift,2025-03-21,-31,0.02476442977786064
2025-05-07,expected_rate_path_shift,2025-03-24,-30,0.023104779422283173
2025-05-07,expected_rate_path_shift,2025-03-25,-29,0.026280414313077927
2025-05-07,expected_rate_path_shift,2025-03-26,-28,0.028420351445674896
2025-05-07,expected_rate_path_shift,2025-03-27,-27,0.027892595157027245
2025-05-07,expected_rate_path_shift,2025-03-28,-26,0.029843047261238098
2025-05-07,expected_rate_path_shift,2025-03-31,-25,0.02785608172416687
2025-05-07,expected_rate_path_shift,2025-04-01,-24,0.03171383589506149
2025-05-07,expected_rate_path_shift,2025-04-02,-23,0.02929549850523472
2025-05-07,expected_rate_path_shift,2025-04-03,-22,0.0318334735929966
2025-05-07,expected_rate_path_shift,2025-04-04,-21,0.03329991549253464
2025-05-07,expected_rate_path_shift,2025-04-07,-20,0.027259856462478638
2025-05-07,expected_rate_path_shift,2025-04-08,-19,0.02958817407488823
2025-05-07,expected_rate_path_shift,2025-04-09,-18,0.02781832590699196
2025-05-07,expected_rate_path_shift,2025-04-10,-17,0.030149366706609726
2025-05-07,expected_rate_path_shift,2025-04-11,-16,0.025895923376083374
2025-05-07,expected_rate_path_shift,2025-04-14,-15,0.02713755890727043
2025-05-07,expected_rate_path_shift,2025-04-15,-14,0.027325328439474106
2025-05-07,expected_rate_path_shift,2025-04-16,-13,0.030297566205263138
2025-05-07,expected_rate_path_shift,2025-04-17,-12,0.028755564242601395
2025-05-07,expected_rate_path_shift,2025-04-21,-11,0.028106577694416046
2025-05-07,expected_rate_path_shift,2025-04-22,-10,0.03462628275156021
2025-05-07,expected_rate_path_shift,2025-04-23,-9,0.032369568943977356
2025-05-07,expected_rate_path_shift,2025-04-24,-8,0.035899750888347626
2025-05-07,expected_rate_path_shift,2025-04-25,-7,0.034543901681900024
2025-05-07,expected_rate_path_shift,2025-04-28,-6,0.0386987179517746
2025-05-07,expected_rate_path_shift,2025-04-29,-5,0.03780534118413925
2025-05-07,expected_rate_path_shift,2025-04-30,-4,0.0396902933716774
2025-05-07,expected_rate_path_shift,2025-05-01,-3,0.03256460651755333
2025-05-07,expected_rate_path_shift,2025-05-02,-2,0.035117726773023605
2025-05-07,expected_rate_path_shift,2025-05-05,-1,0.02959124930202961
2025-05-07,expected_rate_path_shift,2025-05-06,0,0.029930826276540756
2025-05-07,inflation_assessment_shift,2025-03-20,-32,0.02354358322918415
2025-05-07,inflation_assessment_shift,2025-03-21,-31,0.025503525510430336
2025-05-07,inflation_assessment_shift,2025-03-24,-30,0.024122536182403564
2025-05-07,inflation_assessment_shift,2025-03-25,-29,0.02427469938993454
2025-05-07,inflation_assessment_shift,2025-03-26,-28,0.02793172188103199
2025-05-07,inflation_assessment_shift,2025-03-27,-27,0.026237215846776962
2025-05-07,inflation_assessment_shift,2025-03-28,-26,0.02726506069302559
2025-05-07,inflation_assessment_shift,2025-03-31,-25,0.026317039504647255
2025-05-07,inflation_assessment_shift,2025-04-01,-24,0.028897855430841446
2025-05-07,inflation_assessment_shift,2025-04-02,-23,0.02820751816034317
2025-05-07,inflation_assessment_shift,2025-04-03,-22,0.03250536322593689
2025-05-07,inflation_assessment_shift,2025-04-04,-21,0.03463265299797058
2025-05-07,inflation_assessment_shift,2025-04-07,-20,0.02981007844209671
2025-05-07,inflation_assessment_shift,2025-04-08,-19,0.030769793316721916
2025-05-07,inflation_assessment_shift,2025-04-09,-18,0.02857743762433529
2025-05-07,inflation_assessment_shift,2025-04-10,-17,0.030684271827340126
2025-05-07,inflation_assessment_shift,2025-04-11,-16,0.02367774024605751
2025-05-07,inflation_assessment_shift,2025-04-14,-15,0.026752931997179985
2025-05-07,inflation_assessment_shift,2025-04-15,-14,0.02614610642194748
2025-05-07,inflation_assessment_shift,2025-04-16,-13,0.031889256089925766
2025-05-07,inflation_assessment_shift,2025-04-17,-12,0.03412569686770439
2025-05-07,inflation_assessment_shift,2025-04-21,-11,0.02917630225419998
2025-05-07,inflation_assessment_shift,2025-04-22,-10,0.034584082663059235
2025-05-07,inflation_assessment_shift,2025-04-23,-9,0.03213208541274071
2025-05-07,inflation_assessment_shift,2025-04-24,-8,0.034864481538534164
2025-05-07,inflation_assessment_shift,2025-04-25,-7,0.034121301025152206
2025-05-07,inflation_assessment_shift,2025-04-28,-6,0.04000750184059143
2025-05-07,inflation_assessment_shift,2025-04-29,-5,0.03979860618710518
2025-05-07,inflation_assessment_shift,2025-04-30,-4,0.042784444987773895
2025-05-07,inflation_assessment_shift,2025-05-01,-3,0.03164653107523918
2025-05-07,inflation_assessment_shift,2025-05-02,-2,0.032188087701797485
2025-05-07,inflation_assessment_shift,2025-05-05,-1,0.028138671070337296
2025-05-07,inflation_assessment_shift,2025-05-06,0,0.028685810044407845
2025-05-07,inflation_risk_shift,2025-03-20,-32,0.03007662296295166
2025-05-07,inflation_risk_shift,2025-03-21,-31,0.028551485389471054
2025-05-07,inflation_risk_shift,2025-03-24,-30,0.028179142624139786
2025-05-07,inflation_risk_shift,2025-03-25,-29,0.024888038635253906
2025-05-07,inflation_risk_shift,2025-03-26,-28,0.026007816195487976
2025-05-07,inflation_risk_shift,2025-03-27,-27,0.026034267619252205
2025-05-07,inflation_risk_shift,2025-03-28,-26,0.025212666019797325
2025-05-07,inflation_risk_shift,2025-03-31,-25,0.02691594883799553
2025-05-07,inflation_risk_shift,2025-04-01,-24,0.027058644220232964
2025-05-07,inflation_risk_shift,2025-04-02,-23,0.02833431214094162
2025-05-07,inflation_risk_shift,2025-04-03,-22,0.03216814249753952
2025-05-07,inflation_risk_shift,2025-04-04,-21,0.03377150371670723
2025-05-07,inflation_risk_shift,2025-04-07,-20,0.03507554531097412
2025-05-07,inflation_risk_shift,2025-04-08,-19,0.03305239975452423
2025-05-07,inflation_risk_shift,2025-04-09,-18,0.03277324512600899
2025-05-07,inflation_risk_shift,2025-04-10,-17,0.030440039932727814
2025-05-07,inflation_risk_shift,2025-04-11,-16,0.02423582784831524
2025-05-07,inflation_risk_shift,2025-04-14,-15,0.029432307928800583
2025-05-07,inflation_risk_shift,2025-04-15,-14,0.029192358255386353
2025-05-07,inflation_risk_shift,2025-04-16,-13,0.0373239740729332
2025-05-07,inflation_risk_shift,2025-04-17,-12,0.04003860801458359
2025-05-07,inflation_risk_shift,2025-04-21,-11,0.030080560594797134
2025-05-07,inflation_risk_shift,2025-04-22,-10,0.031479209661483765
2025-05-07,inflation_risk_shift,2025-04-23,-9,0.03170771896839142
2025-05-07,inflation_risk_shift,2025-04-24,-8,0.03190470486879349
2025-05-07,inflation_risk_shift,2025-04-25,-7,0.031791821122169495
2025-05-07,inflation_risk_shift,2025-04-28,-6,0.034967176616191864
2025-05-07,inflation_risk_shift,2025-04-29,-5,0.034792374819517136
2025-05-07,inflation_risk_shift,2025-04-30,-4,0.036190200597047806
2025-05-07,inflation_risk_shift,2025-05-01,-3,0.027816694229841232
2025-05-07,inflation_risk_shift,2025-05-02,-2,0.026827368885278702
2025-05-07,inflation_risk_shift,2025-05-05,-1,0.026269592344760895
2025-05-07,inflation_risk_shift,2025-05-06,0,0.02740968018770218
2025-05-07,unemployment_assessment_shift,2025-03-20,-32,0.02224639430642128
2025-05-07,unemployment_assessment_shift,2025-03-21,-31,0.02447192743420601
2025-05-07,unemployment_assessment_shift,2025-03-24,-30,0.023509416729211807
2025-05-07,unemployment_assessment_shift,2025-03-25,-29,0.025791175663471222
2025-05-07,unemployment_assessment_shift,2025-03-26,-28,0.028542067855596542
2025-05-07,unemployment_assessment_shift,2025-03-27,-27,0.02781546115875244
2025-05-07,unemployment_assessment_shift,2025-03-28,-26,0.029501009732484818
2025-05-07,unemployment_assessment_shift,2025-03-31,-25,0.027551155537366867
2025-05-07,unemployment_assessment_shift,2025-04-01,-24,0.031329117715358734
2025-05-07,unemployment_assessment_shift,2025-04-02,-23,0.02922724559903145
2025-05-07,unemployment_assessment_shift,2025-04-03,-22,0.03150693699717522
2025-05-07,unemployment_assessment_shift,2025-04-04,-21,0.03337051346898079
2025-05-07,unemployment_assessment_shift,2025-04-07,-20,0.027526525780558586
2025-05-07,unemployment_assessment_shift,2025-04-08,-19,0.029758425429463387
2025-05-07,unemployment_assessment_shift,2025-04-09,-18,0.028135038912296295
2025-05-07,unemployment_assessment_shift,2025-04-10,-17,0.030530961230397224
2025-05-07,unemployment_assessment_shift,2025-04-11,-16,0.026192577555775642
2025-05-07,unemployment_assessment_shift,2025-04-14,-15,0.027207575738430023
2025-05-07,unemployment_assessment_shift,2025-04-15,-14,0.027454521507024765
2025-05-07,unemployment_assessment_shift,2025-04-16,-13,0.030779831111431122
2025-05-07,unemployment_assessment_shift,2025-04-17,-12,0.029123855754733086
2025-05-07,unemployment_assessment_shift,2025-04-21,-11,0.028054511174559593
2025-05-07,unemployment_assessment_shift,2025-04-22,-10,0.03485660254955292
2025-05-07,unemployment_assessment_shift,2025-04-23,-9,0.03261636942625046
2025-05-07,unemployment_assessment_shift,2025-04-24,-8,0.035430364310741425
2025-05-07,unemployment_assessment_shift,2025-04-25,-7,0.03450379520654678
2025-05-07,unemployment_assessment_shift,2025-04-28,-6,0.03874149173498154
2025-05-07,unemployment_assessment_shift,2025-04-29,-5,0.0378292053937912
2025-05-07,unemployment_assessment_shift,2025-04-30,-4,0.03942191228270531
2025-05-07,unemployment_assessment_shift,2025-05-01,-3,0.03237883001565933
2025-05-07,unemployment_assessment_shift,2025-05-02,-2,0.035206351429224014
2025-05-07,unemployment_assessment_shift,2025-05-05,-1,0.029715020209550858
2025-05-07,unemployment_assessment_shift,2025-05-06,0,0.02967377007007599
2025-05-07,labor_market_risk_shift,2025-03-20,-32,0.023606641218066216
2025-05-07,labor_market_risk_shift,2025-03-21,-31,0.025445066392421722
2025-05-07,labor_market_risk_shift,2025-03-24,-30,0.023807087913155556
2025-05-07,labor_market_risk_shift,2025-03-25,-29,0.02707679383456707
2025-05-07,labor_market_risk_shift,2025-03-26,-28,0.028112761676311493
2025-05-07,labor_market_risk_shift,2025-03-27,-27,0.02787656895816326
2025-05-07,labor_market_risk_shift,2025-03-28,-26,0.03012240305542946
2025-05-07,labor_market_risk_shift,2025-03-31,-25,0.02802937850356102
2025-05-07,labor_market_risk_shift,2025-04-01,-24,0.03159071505069733
2025-05-07,labor_market_risk_shift,2025-04-02,-23,0.02946067415177822
2025-05-07,labor_market_risk_shift,2025-04-03,-22,0.03160472959280014
2025-05-07,labor_market_risk_shift,2025-04-04,-21,0.03283483535051346
2025-05-07,labor_market_risk_shift,2025-04-07,-20,0.02670176513493061
2025-05-07,labor_market_risk_shift,2025-04-08,-19,0.028917187824845314
2025-05-07,labor_market_risk_shift,2025-04-09,-18,0.02741997316479683
2025-05-07,labor_market_risk_shift,2025-04-10,-17,0.029374564066529274
2025-05-07,labor_market_risk_shift,2025-04-11,-16,0.025652356445789337
2025-05-07,labor_market_risk_shift,2025-04-14,-15,0.02702947147190571
2025-05-07,labor_market_risk_shift,2025-04-15,-14,0.027773508802056313
2025-05-07,labor_market_risk_shift,2025-04-16,-13,0.030121441930532455
2025-05-07,labor_market_risk_shift,2025-04-17,-12,0.030437245965003967
2025-05-07,labor_market_risk_shift,2025-04-21,-11,0.028626805171370506
2025-05-07,labor_market_risk_shift,2025-04-22,-10,0.03510725125670433
2025-05-07,labor_market_risk_shift,2025-04-23,-9,0.03197185695171356
2025-05-07,labor_market_risk_shift,2025-04-24,-8,0.03551146388053894
2025-05-07,labor_market_risk_shift,2025-04-25,-7,0.034157201647758484
2025-05-07,labor_market_risk_shift,2025-04-28,-6,0.03827138990163803
2025-05-07,labor_market_risk_shift,2025-04-29,-5,0.03751537948846817
2025-05-07,labor_market_risk_shift,2025-04-30,-4,0.03860541433095932
2025-05-07,labor_market_risk_shift,2025-05-01,-3,0.033091701567173004
2025-05-07,labor_market_risk_shift,2025-05-02,-2,0.03524152562022209
2025-05-07,labor_market_risk_shift,2025-05-05,-1,0.029079865664243698
2025-05-07,labor_market_risk_shift,2025-05-06,0,0.029824960976839066
2025-05-07,growth_activity_shift,2025-03-20,-32,0.02319929003715515
2025-05-07,growth_activity_shift,2025-03-21,-31,0.02480616793036461
2025-05-07,growth_activity_shift,2025-03-24,-30,0.023996105417609215
2025-05-07,growth_activity_shift,2025-03-25,-29,0.027086861431598663
2025-05-07,growth_activity_shift,2025-03-26,-28,0.028508460149168968
2025-05-07,growth_activity_shift,2025-03-27,-27,0.02794487401843071
2025-05-07,growth_activity_shift,2025-03-28,-26,0.030114099383354187
2025-05-07,growth_activity_shift,2025-03-31,-25,0.028090206906199455
2025-05-07,growth_activity_shift,2025-04-01,-24,0.03184618800878525
2025-05-07,growth_activity_shift,2025-04-02,-23,0.02958257496356964
2025-05-07,growth_activity_shift,2025-04-03,-22,0.03165500983595848
2025-05-07,growth_activity_shift,2025-04-04,-21,0.03257964551448822
2025-05-07,growth_activity_shift,2025-04-07,-20,0.026402197778224945
2025-05-07,growth_activity_shift,2025-04-08,-19,0.028722288087010384
2025-05-07,growth_activity_shift,2025-04-09,-18,0.027702737599611282
2025-05-07,growth_activity_shift,2025-04-10,-17,0.0294358991086483
2025-05-07,growth_activity_shift,2025-04-11,-16,0.025503378361463547
2025-05-07,growth_activity_shift,2025-04-14,-15,0.02687123417854309
2025-05-07,growth_activity_shift,2025-04-15,-14,0.027563735842704773
2025-05-07,growth_activity_shift,2025-04-16,-13,0.030132129788398743
2025-05-07,growth_activity_shift,2025-04-17,-12,0.0300239697098732
2025-05-07,growth_activity_shift,2025-04-21,-11,0.02873079478740692
2025-05-07,growth_activity_shift,2025-04-22,-10,0.03568466380238533
2025-05-07,growth_activity_shift,2025-04-23,-9,0.03223594278097153
2025-05-07,growth_activity_shift,2025-04-24,-8,0.035412147641181946
2025-05-07,growth_activity_shift,2025-04-25,-7,0.0343734435737133
2025-05-07,growth_activity_shift,2025-04-28,-6,0.038705095648765564
2025-05-07,growth_activity_shift,2025-04-29,-5,0.03759210184216499
2025-05-07,growth_activity_shift,2025-04-30,-4,0.0384693443775177
2025-05-07,growth_activity_shift,2025-05-01,-3,0.03271348774433136
2025-05-07,growth_activity_shift,2025-05-02,-2,0.035357359796762466
2025-05-07,growth_activity_shift,2025-05-05,-1,0.02923940308392048
2025-05-07,growth_activity_shift,2025-05-06,0,0.029719185084104538
2025-05-07,financial_conditions_shift,2025-03-20,-32,0.029860105365514755
2025-05-07,financial_conditions_shift,2025-03-21,-31,0.029043428599834442
2025-05-07,financial_conditions_shift,2025-03-24,-30,0.02845127321779728
2025-05-07,financial_conditions_shift,2025-03-25,-29,0.0249862689524889
2025-05-07,financial_conditions_shift,2025-03-26,-28,0.02694706618785858
2025-05-07,financial_conditions_shift,2025-03-27,-27,0.026224028319120407
2025-05-07,financial_conditions_shift,2025-03-28,-26,0.024958409368991852
2025-05-07,financial_conditions_shift,2025-03-31,-25,0.026638424023985863
2025-05-07,financial_conditions_shift,2025-04-01,-24,0.026448842138051987
2025-05-07,financial_conditions_shift,2025-04-02,-23,0.027672523632645607
2025-05-07,financial_conditions_shift,2025-04-03,-22,0.031416572630405426
2025-05-07,financial_conditions_shift,2025-04-04,-21,0.03362507000565529
2025-05-07,financial_conditions_shift,2025-04-07,-20,0.03574524447321892
2025-05-07,financial_conditions_shift,2025-04-08,-19,0.033628106117248535
2025-05-07,financial_conditions_shift,2025-04-09,-18,0.03433949127793312
2025-05-07,financial_conditions_shift,2025-04-10,-17,0.03186699002981186
2025-05-07,financial_conditions_shift,2025-04-11,-16,0.0256662480533123
2025-05-07,financial_conditions_shift,2025-04-14,-15,0.030437864363193512
2025-05-07,financial_conditions_shift,2025-04-15,-14,0.030196549370884895
2025-05-07,financial_conditions_shift,2025-04-16,-13,0.037937432527542114
2025-05-07,financial_conditions_shift,2025-04-17,-12,0.038738884031772614
2025-05-07,financial_conditions_shift,2025-04-21,-11,0.03009084053337574
2025-05-07,financial_conditions_shift,2025-04-22,-10,0.03063863329589367
2025-05-07,financial_conditions_shift,2025-04-23,-9,0.03141273185610771
2025-05-07,financial_conditions_shift,2025-04-24,-8,0.030613712966442108
2025-05-07,financial_conditions_shift,2025-04-25,-7,0.030643556267023087
2025-05-07,financial_conditions_shift,2025-04-28,-6,0.033224787563085556
2025-05-07,financial_conditions_shift,2025-04-29,-5,0.033043306320905685
2025-05-07,financial_conditions_shift,2025-04-30,-4,0.035299625247716904
2025-05-07,financial_conditions_shift,2025-05-01,-3,0.02736605890095234
2025-05-07,financial_conditions_shift,2025-05-02,-2,0.027492038905620575
2025-05-07,financial_conditions_shift,2025-05-05,-1,0.027411896735429764
2025-05-07,financial_conditions_shift,2025-05-06,0,0.02793397568166256
2025-05-07,balance_sheet_policy_shift,2025-03-20,-32,0.026938630267977715
2025-05-07,balance_sheet_policy_shift,2025-03-21,-31,0.02741175703704357
2025-05-07,balance_sheet_policy_shift,2025-03-24,-30,0.025400297716259956
2025-05-07,balance_sheet_policy_shift,2025-03-25,-29,0.025165041908621788
2025-05-07,balance_sheet_policy_shift,2025-03-26,-28,0.02677060477435589
2025-05-07,balance_sheet_policy_shift,2025-03-27,-27,0.025416376069188118
2025-05-07,balance_sheet_policy_shift,2025-03-28,-26,0.026264118030667305
2025-05-07,balance_sheet_policy_shift,2025-03-31,-25,0.026469938457012177
2025-05-07,balance_sheet_policy_shift,2025-04-01,-24,0.028108783066272736
2025-05-07,balance_sheet_policy_shift,2025-04-02,-23,0.02775934338569641
2025-05-07,balance_sheet_policy_shift,2025-04-03,-22,0.03319407254457474
2025-05-07,balance_sheet_policy_shift,2025-04-04,-21,0.035108532756567
2025-05-07,balance_sheet_policy_shift,2025-04-07,-20,0.032220810651779175
2025-05-07,balance_sheet_policy_shift,2025-04-08,-19,0.03272167220711708
2025-05-07,balance_sheet_policy_shift,2025-04-09,-18,0.03071318194270134
2025-05-07,balance_sheet_policy_shift,2025-04-10,-17,0.03044324554502964
2025-05-07,balance_sheet_policy_shift,2025-04-11,-16,0.023051872849464417
2025-05-07,balance_sheet_policy_shift,2025-04-14,-15,0.027596857398748398
2025-05-07,balance_sheet_policy_shift,2025-04-15,-14,0.027027126401662827
2025-05-07,balance_sheet_policy_shift,2025-04-16,-13,0.03505636751651764
2025-05-07,balance_sheet_policy_shift,2025-04-17,-12,0.03631657734513283
2025-05-07,balance_sheet_policy_shift,2025-04-21,-11,0.028430962935090065
2025-05-07,balance_sheet_policy_shift,2025-04-22,-10,0.03294012323021889
2025-05-07,balance_sheet_policy_shift,2025-04-23,-9,0.03109019249677658
2025-05-07,balance_sheet_policy_shift,2025-04-24,-8,0.03406408429145813
2025-05-07,balance_sheet_policy_shift,2025-04-25,-7,0.03306441009044647
2025-05-07,balance_sheet_policy_shift,2025-04-28,-6,0.03866374120116234
2025-05-07,balance_sheet_policy_shift,2025-04-29,-5,0.03795144706964493
2025-05-07,balance_sheet_policy_shift,2025-04-30,-4,0.04050665348768234
2025-05-07,balance_sheet_policy_shift,2025-05-01,-3,0.029382167384028435
2025-05-07,balance_sheet_policy_shift,2025-05-02,-2,0.029104016721248627
2025-05-07,balance_sheet_policy_shift,2025-05-05,-1,0.026997461915016174
2025-05-07,balance_sheet_policy_shift,2025-05-06,0,0.028649529442191124
2025-05-07,risk_balance_shift,2025-03-20,-32,0.024589013308286667
2025-05-07,risk_balance_shift,2025-03-21,-31,0.026107508689165115
2025-05-07,risk_balance_shift,2025-03-24,-30,0.02425546944141388
2025-05-07,risk_balance_shift,2025-03-25,-29,0.024867676198482513
2025-05-07,risk_balance_shift,2025-03-26,-28,0.027705902233719826
2025-05-07,risk_balance_shift,2025-03-27,-27,0.025699850171804428
2025-05-07,risk_balance_shift,2025-03-28,-26,0.026874307543039322
2025-05-07,risk_balance_shift,2025-03-31,-25,0.026531336829066277
2025-05-07,risk_balance_shift,2025-04-01,-24,0.028875678777694702
2025-05-07,risk_balance_shift,2025-04-02,-23,0.028088673949241638
2025-05-07,risk_balance_shift,2025-04-03,-22,0.03256957605481148
2025-05-07,risk_balance_shift,2025-04-04,-21,0.03487144038081169
2025-05-07,risk_balance_shift,2025-04-07,-20,0.030643578618764877
2025-05-07,risk_balance_shift,2025-04-08,-19,0.031207704916596413
2025-05-07,risk_balance_shift,2025-04-09,-18,0.030231187120079994
2025-05-07,risk_balance_shift,2025-04-10,-17,0.030686089769005775
2025-05-07,risk_balance_shift,2025-04-11,-16,0.023502299562096596
2025-05-07,risk_balance_shift,2025-04-14,-15,0.02685363031923771
2025-05-07,risk_balance_shift,2025-04-15,-14,0.02639165148139
2025-05-07,risk_balance_shift,2025-04-16,-13,0.03230714052915573
2025-05-07,risk_balance_shift,2025-04-17,-12,0.03499295189976692
2025-05-07,risk_balance_shift,2025-04-21,-11,0.028568584471940994
2025-05-07,risk_balance_shift,2025-04-22,-10,0.03422515466809273
2025-05-07,risk_balance_shift,2025-04-23,-9,0.032265350222587585
2025-05-07,risk_balance_shift,2025-04-24,-8,0.034771475940942764
2025-05-07,risk_balance_shift,2025-04-25,-7,0.03396885097026825
2025-05-07,risk_balance_shift,2025-04-28,-6,0.039365317672491074
2025-05-07,risk_balance_shift,2025-04-29,-5,0.03875065967440605
2025-05-07,risk_balance_shift,2025-04-30,-4,0.040480319410562515
2025-05-07,risk_balance_shift,2025-05-01,-3,0.030749645084142685
2025-05-07,risk_balance_shift,2025-05-02,-2,0.03196141496300697
2025-05-07,risk_balance_shift,2025-05-05,-1,0.02800857648253441
2025-05-07,risk_balance_shift,2025-05-06,0,0.029031965881586075
2025-05-07,committee_dispersion,2025-03-20,-32,0.023165017366409302
2025-05-07,committee_dispersion,2025-03-21,-31,0.025188550353050232
2025-05-07,committee_dispersion,2025-03-24,-30,0.024225085973739624
2025-05-07,committee_dispersion,2025-03-25,-29,0.028287170454859734
2025-05-07,committee_dispersion,2025-03-26,-28,0.028879612684249878
2025-05-07,committee_dispersion,2025-03-27,-27,0.02939526177942753
2025-05-07,committee_dispersion,2025-03-28,-26,0.03187675029039383
2025-05-07,committee_dispersion,2025-03-31,-25,0.02907845750451088
2025-05-07,committee_dispersion,2025-04-01,-24,0.033102162182331085
2025-05-07,committee_dispersion,2025-04-02,-23,0.030380820855498314
2025-05-07,committee_dispersion,2025-04-03,-22,0.031015753746032715
2025-05-07,committee_dispersion,2025-04-04,-21,0.03170302137732506
2025-05-07,committee_dispersion,2025-04-07,-20,0.02563413232564926
2025-05-07,committee_dispersion,2025-04-08,-19,0.0280013345181942
2025-05-07,committee_dispersion,2025-04-09,-18,0.02651398815214634
2025-05-07,committee_dispersion,2025-04-10,-17,0.02935856394469738
2025-05-07,committee_dispersion,2025-04-11,-16,0.027192754670977592
2025-05-07,committee_dispersion,2025-04-14,-15,0.02718118205666542
2025-05-07,committee_dispersion,2025-04-15,-14,0.0279921293258667
2025-05-07,committee_dispersion,2025-04-16,-13,0.028446123003959656
2025-05-07,committee_dispersion,2025-04-17,-12,0.02782333455979824
2025-05-07,committee_dispersion,2025-04-21,-11,0.02884248085319996
2025-05-07,committee_dispersion,2025-04-22,-10,0.034746989607810974
2025-05-07,committee_dispersion,2025-04-23,-9,0.03187153488397598
2025-05-07,committee_dispersion,2025-04-24,-8,0.035033173859119415
2025-05-07,committee_dispersion,2025-04-25,-7,0.03383271023631096
2025-05-07,committee_dispersion,2025-04-28,-6,0.03678091615438461
2025-05-07,committee_dispersion,2025-04-29,-5,0.03617709502577782
2025-05-07,committee_dispersion,2025-04-30,-4,0.037078212946653366
2025-05-07,committee_dispersion,2025-05-01,-3,0.03399403393268585
2025-05-07,committee_dispersion,2025-05-02,-2,0.0361713208258152
2025-05-07,committee_dispersion,2025-05-05,-1,0.030601784586906433
2025-05-07,committee_dispersion,2025-05-06,0,0.03042854741215706
2025-05-07,policy_uncertainty,2025-03-20,-32,0.03400760143995285
2025-05-07,policy_uncertainty,2025-03-21,-31,0.03262399882078171
2025-05-07,policy_uncertainty,2025-03-24,-30,0.03211711347103119
2025-05-07,policy_uncertainty,2025-03-25,-29,0.027320444583892822
2025-05-07,policy_uncertainty,2025-03-26,-28,0.027860959991812706
2025-05-07,policy_uncertainty,2025-03-27,-27,0.027227628976106644
2025-05-07,policy_uncertainty,2025-03-28,-26,0.02542322874069214
2025-05-07,policy_uncertainty,2025-03-31,-25,0.028119007125496864
2025-05-07,policy_uncertainty,2025-04-01,-24,0.025959685444831848
2025-05-07,policy_uncertainty,2025-04-02,-23,0.02844351902604103
2025-05-07,policy_uncertainty,2025-04-03,-22,0.030329672619700432
2025-05-07,policy_uncertainty,2025-04-04,-21,0.03165218606591225
2025-05-07,policy_uncertainty,2025-04-07,-20,0.0367191806435585
2025-05-07,policy_uncertainty,2025-04-08,-19,0.03349819779396057
2025-05-07,policy_uncertainty,2025-04-09,-18,0.0352383591234684
2025-05-07,policy_uncertainty,2025-04-10,-17,0.030850207433104515
2025-05-07,policy_uncertainty,2025-04-11,-16,0.027935782447457314
2025-05-07,policy_uncertainty,2025-04-14,-15,0.03146984055638313
2025-05-07,policy_uncertainty,2025-04-15,-14,0.03230702131986618
2025-05-07,policy_uncertainty,2025-04-16,-13,0.036167897284030914
2025-05-07,policy_uncertainty,2025-04-17,-12,0.03913628309965134
2025-05-07,policy_uncertainty,2025-04-21,-11,0.030558891594409943
2025-05-07,policy_uncertainty,2025-04-22,-10,0.02936985343694687
2025-05-07,policy_uncertainty,2025-04-23,-9,0.030422568321228027
2025-05-07,policy_uncertainty,2025-04-24,-8,0.02840578742325306
2025-05-07,policy_uncertainty,2025-04-25,-7,0.02874315343797207
2025-05-07,policy_uncertainty,2025-04-28,-6,0.029193412512540817
2025-05-07,policy_uncertainty,2025-04-29,-5,0.029697149991989136
2025-05-07,policy_uncertainty,2025-04-30,-4,0.0308452807366848
2025-05-07,policy_uncertainty,2025-05-01,-3,0.027011964470148087
2025-05-07,policy_uncertainty,2025-05-02,-2,0.025650503113865852
2025-05-07,policy_uncertainty,2025-05-05,-1,0.02736850082874298
2025-05-07,policy_uncertainty,2025-05-06,0,0.02832510694861412
2025-05-07,forward_guidance_strength,2025-03-20,-32,0.02342282235622406
2025-05-07,forward_guidance_strength,2025-03-21,-31,0.024621665477752686
2025-05-07,forward_guidance_strength,2025-03-24,-30,0.023699656128883362
2025-05-07,forward_guidance_strength,2025-03-25,-29,0.02703789621591568
2025-05-07,forward_guidance_strength,2025-03-26,-28,0.0281086266040802
2025-05-07,forward_guidance_strength,2025-03-27,-27,0.028376180678606033
2025-05-07,forward_guidance_strength,2025-03-28,-26,0.03027370758354664
2025-05-07,forward_guidance_strength,2025-03-31,-25,0.027908477932214737
2025-05-07,forward_guidance_strength,2025-04-01,-24,0.0315106175839901
2025-05-07,forward_guidance_strength,2025-04-02,-23,0.029741080477833748
2025-05-07,forward_guidance_strength,2025-04-03,-22,0.03175479918718338
2025-05-07,forward_guidance_strength,2025-04-04,-21,0.03186401352286339
2025-05-07,forward_guidance_strength,2025-04-07,-20,0.025860082358121872
2025-05-07,forward_guidance_strength,2025-04-08,-19,0.02862733229994774
2025-05-07,forward_guidance_strength,2025-04-09,-18,0.026133745908737183
2025-05-07,forward_guidance_strength,2025-04-10,-17,0.02952556684613228
2025-05-07,forward_guidance_strength,2025-04-11,-16,0.02552199736237526
2025-05-07,forward_guidance_strength,2025-04-14,-15,0.027258936315774918
2025-05-07,forward_guidance_strength,2025-04-15,-14,0.02754346653819084
2025-05-07,forward_guidance_strength,2025-04-16,-13,0.030173491686582565
2025-05-07,forward_guidance_strength,2025-04-17,-12,0.030342265963554382
2025-05-07,forward_guidance_strength,2025-04-21,-11,0.02908831648528576
2025-05-07,forward_guidance_strength,2025-04-22,-10,0.03566642105579376
2025-05-07,forward_guidance_strength,2025-04-23,-9,0.03231056034564972
2025-05-07,forward_guidance_strength,2025-04-24,-8,0.03599689155817032
2025-05-07,forward_guidance_strength,2025-04-25,-7,0.034630097448825836
2025-05-07,forward_guidance_strength,2025-04-28,-6,0.03908859193325043
2025-05-07,forward_guidance_strength,2025-04-29,-5,0.03791198134422302
2025-05-07,forward_guidance_strength,2025-04-30,-4,0.03848868981003761
2025-05-07,forward_guidance_strength,2025-05-01,-3,0.03268266096711159
2025-05-07,forward_guidance_strength,2025-05-02,-2,0.035081442445516586
2025-05-07,forward_guidance_strength,2025-05-05,-1,0.029704894870519638
2025-05-07,forward_guidance_strength,2025-05-06,0,0.03004302829504013
