meeting_date,event_token,price_date,business_day_offset,attention
2008-03-18,rate_decision,2008-01-31,-31,0.02774820476770401
2008-03-18,rate_decision,2008-02-01,-30,0.03150179982185364
2008-03-18,rate_decision,2008-02-04,-29,0.02919374592602253
2008-03-18,rate_decision,2008-02-05,-28,0.028612203896045685
2008-03-18,rate_decision,2008-02-06,-27,0.03286547213792801
2008-03-18,rate_decision,2008-02-07,-26,0.030286237597465515
2008-03-18,rate_decision,2008-02-08,-25,0.029854746535420418
2008-03-18,rate_decision,2008-02-11,-24,0.03146746754646301
2008-03-18,rate_decision,2008-02-12,-23,0.029252348467707634
2008-03-18,rate_decision,2008-02-13,-22,0.032477207481861115
2008-03-18,rate_decision,2008-02-14,-21,0.03156488388776779
2008-03-18,rate_decision,2008-02-15,-20,0.03025604411959648
2008-03-18,rate_decision,2008-02-19,-19,0.03399541601538658
2008-03-18,rate_decision,2008-02-20,-18,0.03186248615384102
2008-03-18,rate_decision,2008-02-21,-17,0.03118155710399151
2008-03-18,rate_decision,2008-02-22,-16,0.03455955907702446
2008-03-18,rate_decision,2008-02-25,-15,0.032145965844392776
2008-03-18,rate_decision,2008-02-26,-14,0.028860963881015778
2008-03-18,rate_decision,2008-02-27,-13,0.030748482793569565
2008-03-18,rate_decision,2008-02-28,-12,0.031020648777484894
2008-03-18,rate_decision,2008-02-29,-11,0.029816316440701485
2008-03-18,rate_decision,2008-03-03,-10,0.030079590156674385
2008-03-18,rate_decision,2008-03-04,-9,0.0317210890352726
2008-03-18,rate_decision,2008-03-05,-8,0.030402861535549164
2008-03-18,rate_decision,2008-03-06,-7,0.032128963619470596
2008-03-18,rate_decision,2008-03-07,-6,0.02860196866095066
2008-03-18,rate_decision,2008-03-10,-5,0.033489733934402466
2008-03-18,rate_decision,2008-03-11,-4,0.028319135308265686
2008-03-18,rate_decision,2008-03-12,-3,0.0309667456895113
2008-03-18,rate_decision,2008-03-13,-2,0.03303774446249008
2008-03-18,rate_decision,2008-03-14,-1,0.0320553295314312
2008-03-18,rate_decision,2008-03-17,0,0.03992507606744766
2008-03-18,current_policy_stance,2008-01-31,-31,0.025496916845440865
2008-03-18,current_policy_stance,2008-02-01,-30,0.029994776472449303
2008-03-18,current_policy_stance,2008-02-04,-29,0.03289331868290901
2008-03-18,current_policy_stance,2008-02-05,-28,0.03086099773645401
2008-03-18,current_policy_stance,2008-02-06,-27,0.035323262214660645
2008-03-18,current_policy_stance,2008-02-07,-26,0.03217373788356781
2008-03-18,current_policy_stance,2008-02-08,-25,0.030540388077497482
2008-03-18,current_policy_stance,2008-02-11,-24,0.035605721175670624
2008-03-18,current_policy_stance,2008-02-12,-23,0.02947671338915825
2008-03-18,current_policy_stance,2008-02-13,-22,0.034526728093624115
2008-03-18,current_policy_stance,2008-02-14,-21,0.03237375617027283
2008-03-18,current_policy_stance,2008-02-15,-20,0.024016516283154488
2008-03-18,current_policy_stance,2008-02-19,-19,0.031050579622387886
2008-03-18,current_policy_stance,2008-02-20,-18,0.02973891794681549
2008-03-18,current_policy_stance,2008-02-21,-17,0.02832723781466484
2008-03-18,current_policy_stance,2008-02-22,-16,0.03009313903748989
2008-03-18,current_policy_stance,2008-02-25,-15,0.028963817283511162
2008-03-18,current_policy_stance,2008-02-26,-14,0.02457658387720585
2008-03-18,current_policy_stance,2008-02-27,-13,0.028275415301322937
2008-03-18,current_policy_stance,2008-02-28,-12,0.03011268377304077
2008-03-18,current_policy_stance,2008-02-29,-11,0.032301165163517
2008-03-18,current_policy_stance,2008-03-03,-10,0.03269531950354576
2008-03-18,current_policy_stance,2008-03-04,-9,0.03335220366716385
2008-03-18,current_policy_stance,2008-03-05,-8,0.030773233622312546
2008-03-18,current_policy_stance,2008-03-06,-7,0.035296302288770676
2008-03-18,current_policy_stance,2008-03-07,-6,0.033906590193510056
2008-03-18,current_policy_stance,2008-03-10,-5,0.03528427332639694
2008-03-18,current_policy_stance,2008-03-11,-4,0.033636514097452164
2008-03-18,current_policy_stance,2008-03-12,-3,0.028670059517025948
2008-03-18,current_policy_stance,2008-03-13,-2,0.032174304127693176
2008-03-18,current_policy_stance,2008-03-14,-1,0.029130663722753525
2008-03-18,current_policy_stance,2008-03-17,0,0.03835819661617279
2008-03-18,policy_stance_shift,2008-01-31,-31,0.0255222637206316
2008-03-18,policy_stance_shift,2008-02-01,-30,0.03003334254026413
2008-03-18,policy_stance_shift,2008-02-04,-29,0.0326208770275116
2008-03-18,policy_stance_shift,2008-02-05,-28,0.030861735343933105
2008-03-18,policy_stance_shift,2008-02-06,-27,0.03570158779621124
2008-03-18,policy_stance_shift,2008-02-07,-26,0.031913116574287415
2008-03-18,policy_stance_shift,2008-02-08,-25,0.03035331703722477
2008-03-18,policy_stance_shift,2008-02-11,-24,0.035630956292152405
2008-03-18,policy_stance_shift,2008-02-12,-23,0.029619788751006126
2008-03-18,policy_stance_shift,2008-02-13,-22,0.03442203253507614
2008-03-18,policy_stance_shift,2008-02-14,-21,0.03257787972688675
2008-03-18,policy_stance_shift,2008-02-15,-20,0.024567335844039917
2008-03-18,policy_stance_shift,2008-02-19,-19,0.031486112624406815
2008-03-18,policy_stance_shift,2008-02-20,-18,0.029658010229468346
2008-03-18,policy_stance_shift,2008-02-21,-17,0.028435060754418373
2008-03-18,policy_stance_shift,2008-02-22,-16,0.0305701345205307
2008-03-18,policy_stance_shift,2008-02-25,-15,0.02907237410545349
2008-03-18,policy_stance_shift,2008-02-26,-14,0.02444501221179962
2008-03-18,policy_stance_shift,2008-02-27,-13,0.028005065396428108
2008-03-18,policy_stance_shift,2008-02-28,-12,0.029953880235552788
2008-03-18,policy_stance_shift,2008-02-29,-11,0.03222155198454857
2008-03-18,policy_stance_shift,2008-03-03,-10,0.03262067213654518
2008-03-18,policy_stance_shift,2008-03-04,-9,0.03311009705066681
2008-03-18,policy_stance_shift,2008-03-05,-8,0.030522778630256653
2008-03-18,policy_stance_shift,2008-03-06,-7,0.03495675325393677
2008-03-18,policy_stance_shift,2008-03-07,-6,0.03386909142136574
2008-03-18,policy_stance_shift,2008-03-10,-5,0.03533536568284035
2008-03-18,policy_stance_shift,2008-03-11,-4,0.03359699249267578
2008-03-18,policy_stance_shift,2008-03-12,-3,0.028536349534988403
2008-03-18,policy_stance_shift,2008-03-13,-2,0.03184286132454872
2008-03-18,policy_stance_shift,2008-03-14,-1,0.029320968315005302
2008-03-18,policy_stance_shift,2008-03-17,0,0.03861663490533829
2008-03-18,expected_rate_path_shift,2008-01-31,-31,0.02528349868953228
2008-03-18,expected_rate_path_shift,2008-02-01,-30,0.029669346287846565
2008-03-18,expected_rate_path_shift,2008-02-04,-29,0.03279782086610794
2008-03-18,expected_rate_path_shift,2008-02-05,-28,0.03071003034710884
2008-03-18,expected_rate_path_shift,2008-02-06,-27,0.035511795431375504
2008-03-18,expected_rate_path_shift,2008-02-07,-26,0.0323290154337883
2008-03-18,expected_rate_path_shift,2008-02-08,-25,0.030308973044157028
2008-03-18,expected_rate_path_shift,2008-02-11,-24,0.035681962966918945
2008-03-18,expected_rate_path_shift,2008-02-12,-23,0.02946695312857628
2008-03-18,expected_rate_path_shift,2008-02-13,-22,0.03401421383023262
2008-03-18,expected_rate_path_shift,2008-02-14,-21,0.03263884782791138
2008-03-18,expected_rate_path_shift,2008-02-15,-20,0.02404860593378544
2008-03-18,expected_rate_path_shift,2008-02-19,-19,0.031188003718852997
2008-03-18,expected_rate_path_shift,2008-02-20,-18,0.02968653291463852
2008-03-18,expected_rate_path_shift,2008-02-21,-17,0.028173303231596947
2008-03-18,expected_rate_path_shift,2008-02-22,-16,0.03014807030558586
2008-03-18,expected_rate_path_shift,2008-02-25,-15,0.02912997268140316
2008-03-18,expected_rate_path_shift,2008-02-26,-14,0.024500226601958275
2008-03-18,expected_rate_path_shift,2008-02-27,-13,0.028321195393800735
2008-03-18,expected_rate_path_shift,2008-02-28,-12,0.03009617328643799
2008-03-18,expected_rate_path_shift,2008-02-29,-11,0.03214162588119507
2008-03-18,expected_rate_path_shift,2008-03-03,-10,0.03278881311416626
2008-03-18,expected_rate_path_shift,2008-03-04,-9,0.033380672335624695
2008-03-18,expected_rate_path_shift,2008-03-05,-8,0.0308403130620718
2008-03-18,expected_rate_path_shift,2008-03-06,-7,0.03523990511894226
2008-03-18,expected_rate_path_shift,2008-03-07,-6,0.03438654541969299
2008-03-18,expected_rate_path_shift,2008-03-10,-5,0.03518318757414818
2008-03-18,expected_rate_path_shift,2008-03-11,-4,0.034222450107336044
2008-03-18,expected_rate_path_shift,2008-03-12,-3,0.028571680188179016
2008-03-18,expected_rate_path_shift,2008-03-13,-2,0.032216522842645645
2008-03-18,expected_rate_path_shift,2008-03-14,-1,0.029282834380865097
2008-03-18,expected_rate_path_shift,2008-03-17,0,0.03804090991616249
2008-03-18,inflation_assessment_shift,2008-01-31,-31,0.03369856998324394
2008-03-18,inflation_assessment_shift,2008-02-01,-30,0.030256090685725212
2008-03-18,inflation_assessment_shift,2008-02-04,-29,0.0314742848277092
2008-03-18,inflation_assessment_shift,2008-02-05,-28,0.030406976118683815
2008-03-18,inflation_assessment_shift,2008-02-06,-27,0.030527479946613312
2008-03-18,inflation_assessment_shift,2008-02-07,-26,0.03231792524456978
2008-03-18,inflation_assessment_shift,2008-02-08,-25,0.03092401847243309
2008-03-18,inflation_assessment_shift,2008-02-11,-24,0.029509546235203743
2008-03-18,inflation_assessment_shift,2008-02-12,-23,0.031677454710006714
2008-03-18,inflation_assessment_shift,2008-02-13,-22,0.026847055181860924
2008-03-18,inflation_assessment_shift,2008-02-14,-21,0.03252248093485832
2008-03-18,inflation_assessment_shift,2008-02-15,-20,0.03536910563707352
2008-03-18,inflation_assessment_shift,2008-02-19,-19,0.030509190633893013
2008-03-18,inflation_assessment_shift,2008-02-20,-18,0.032025061547756195
2008-03-18,inflation_assessment_shift,2008-02-21,-17,0.034083619713783264
2008-03-18,inflation_assessment_shift,2008-02-22,-16,0.029045075178146362
2008-03-18,inflation_assessment_shift,2008-02-25,-15,0.031389400362968445
2008-03-18,inflation_assessment_shift,2008-02-26,-14,0.03641932085156441
2008-03-18,inflation_assessment_shift,2008-02-27,-13,0.033821992576122284
2008-03-18,inflation_assessment_shift,2008-02-28,-12,0.031715184450149536
2008-03-18,inflation_assessment_shift,2008-02-29,-11,0.02789822407066822
2008-03-18,inflation_assessment_shift,2008-03-03,-10,0.028751853853464127
2008-03-18,inflation_assessment_shift,2008-03-04,-9,0.02990410476922989
2008-03-18,inflation_assessment_shift,2008-03-05,-8,0.03102513588964939
2008-03-18,inflation_assessment_shift,2008-03-06,-7,0.02966666966676712
2008-03-18,inflation_assessment_shift,2008-03-07,-6,0.031902626156806946
2008-03-18,inflation_assessment_shift,2008-03-10,-5,0.030612604692578316
2008-03-18,inflation_assessment_shift,2008-03-11,-4,0.032875433564186096
2008-03-18,inflation_assessment_shift,2008-03-12,-3,0.03418882191181183
2008-03-18,inflation_assessment_shift,2008-03-13,-2,0.031051483005285263
2008-03-18,inflation_assessment_shift,2008-03-14,-1,0.03282318264245987
2008-03-18,inflation_assessment_shift,2008-03-17,0,0.024759992957115173
2008-03-18,inflation_risk_shift,2008-01-31,-31,0.03469473496079445
2008-03-18,inflation_risk_shift,2008-02-01,-30,0.030583592131733894
2008-03-18,inflation_risk_shift,2008-02-04,-29,0.031118756160140038
2008-03-18,inflation_risk_shift,2008-02-05,-28,0.03036571480333805
2008-03-18,inflation_risk_shift,2008-02-06,-27,0.02934221178293228
2008-03-18,inflation_risk_shift,2008-02-07,-26,0.0321902371942997
2008-03-18,inflation_risk_shift,2008-02-08,-25,0.03055846318602562
2008-03-18,inflation_risk_shift,2008-02-11,-24,0.02819826453924179
2008-03-18,inflation_risk_shift,2008-02-12,-23,0.0319860577583313
2008-03-18,inflation_risk_shift,2008-02-13,-22,0.025914466008543968
2008-03-18,inflation_risk_shift,2008-02-14,-21,0.03252978250384331
2008-03-18,inflation_risk_shift,2008-02-15,-20,0.03623926639556885
2008-03-18,inflation_risk_shift,2008-02-19,-19,0.030170220881700516
2008-03-18,inflation_risk_shift,2008-02-20,-18,0.03232120722532272
2008-03-18,inflation_risk_shift,2008-02-21,-17,0.03390476852655411
2008-03-18,inflation_risk_shift,2008-02-22,-16,0.029935210943222046
2008-03-18,inflation_risk_shift,2008-02-25,-15,0.032920241355895996
2008-03-18,inflation_risk_shift,2008-02-26,-14,0.038170259445905685
2008-03-18,inflation_risk_shift,2008-02-27,-13,0.03467117249965668
2008-03-18,inflation_risk_shift,2008-02-28,-12,0.031903091818094254
2008-03-18,inflation_risk_shift,2008-02-29,-11,0.027722181752324104
2008-03-18,inflation_risk_shift,2008-03-03,-10,0.028714431449770927
2008-03-18,inflation_risk_shift,2008-03-04,-9,0.029584184288978577
2008-03-18,inflation_risk_shift,2008-03-05,-8,0.03123657777905464
2008-03-18,inflation_risk_shift,2008-03-06,-7,0.029033919796347618
2008-03-18,inflation_risk_shift,2008-03-07,-6,0.03142539784312248
2008-03-18,inflation_risk_shift,2008-03-10,-5,0.029691537842154503
2008-03-18,inflation_risk_shift,2008-03-11,-4,0.03274829685688019
2008-03-18,inflation_risk_shift,2008-03-12,-3,0.03437703847885132
2008-03-18,inflation_risk_shift,2008-03-13,-2,0.031107865273952484
2008-03-18,inflation_risk_shift,2008-03-14,-1,0.03295532613992691
2008-03-18,inflation_risk_shift,2008-03-17,0,0.0236855186522007
2008-03-18,unemployment_assessment_shift,2008-01-31,-31,0.025679035112261772
2008-03-18,unemployment_assessment_shift,2008-02-01,-30,0.02906886115670204
2008-03-18,unemployment_assessment_shift,2008-02-04,-29,0.03238610550761223
2008-03-18,unemployment_assessment_shift,2008-02-05,-28,0.031026292592287064
2008-03-18,unemployment_assessment_shift,2008-02-06,-27,0.035908978432416916
2008-03-18,unemployment_assessment_shift,2008-02-07,-26,0.032464880496263504
2008-03-18,unemployment_assessment_shift,2008-02-08,-25,0.03074677847325802
2008-03-18,unemployment_assessment_shift,2008-02-11,-24,0.03573594614863396
2008-03-18,unemployment_assessment_shift,2008-02-12,-23,0.029364492744207382
2008-03-18,unemployment_assessment_shift,2008-02-13,-22,0.03346884995698929
2008-03-18,unemployment_assessment_shift,2008-02-14,-21,0.03250233829021454
2008-03-18,unemployment_assessment_shift,2008-02-15,-20,0.025289904326200485
2008-03-18,unemployment_assessment_shift,2008-02-19,-19,0.03153563663363457
2008-03-18,unemployment_assessment_shift,2008-02-20,-18,0.02988167479634285
2008-03-18,unemployment_assessment_shift,2008-02-21,-17,0.029819125309586525
2008-03-18,unemployment_assessment_shift,2008-02-22,-16,0.029586320742964745
2008-03-18,unemployment_assessment_shift,2008-02-25,-15,0.02841360867023468
2008-03-18,unemployment_assessment_shift,2008-02-26,-14,0.024849753826856613
2008-03-18,unemployment_assessment_shift,2008-02-27,-13,0.028150048106908798
2008-03-18,unemployment_assessment_shift,2008-02-28,-12,0.029971610754728317
2008-03-18,unemployment_assessment_shift,2008-02-29,-11,0.031166672706604004
2008-03-18,unemployment_assessment_shift,2008-03-03,-10,0.03181607648730278
2008-03-18,unemployment_assessment_shift,2008-03-04,-9,0.032961662858724594
2008-03-18,unemployment_assessment_shift,2008-03-05,-8,0.0306084044277668
2008-03-18,unemployment_assessment_shift,2008-03-06,-7,0.03487405180931091
2008-03-18,unemployment_assessment_shift,2008-03-07,-6,0.035000063478946686
2008-03-18,unemployment_assessment_shift,2008-03-10,-5,0.035513974726200104
2008-03-18,unemployment_assessment_shift,2008-03-11,-4,0.033866673707962036
2008-03-18,unemployment_assessment_shift,2008-03-12,-3,0.029487986117601395
2008-03-18,unemployment_assessment_shift,2008-03-13,-2,0.03193306550383568
2008-03-18,unemployment_assessment_shift,2008-03-14,-1,0.030119869858026505
2008-03-18,unemployment_assessment_shift,2008-03-17,0,0.03680124878883362
2008-03-18,labor_market_risk_shift,2008-01-31,-31,0.025404110550880432
2008-03-18,labor_market_risk_shift,2008-02-01,-30,0.029776770621538162
2008-03-18,labor_market_risk_shift,2008-02-04,-29,0.0328165628015995
2008-03-18,labor_market_risk_shift,2008-02-05,-28,0.03070215880870819
2008-03-18,labor_market_risk_shift,2008-02-06,-27,0.03531082347035408
2008-03-18,labor_market_risk_shift,2008-02-07,-26,0.03204861283302307
2008-03-18,labor_market_risk_shift,2008-02-08,-25,0.03038930520415306
2008-03-18,labor_market_risk_shift,2008-02-11,-24,0.03581699728965759
2008-03-18,labor_market_risk_shift,2008-02-12,-23,0.029311131685972214
2008-03-18,labor_market_risk_shift,2008-02-13,-22,0.0344008207321167
2008-03-18,labor_market_risk_shift,2008-02-14,-21,0.032397083938121796
2008-03-18,labor_market_risk_shift,2008-02-15,-20,0.024014536291360855
2008-03-18,labor_market_risk_shift,2008-02-19,-19,0.03127042576670647
2008-03-18,labor_market_risk_shift,2008-02-20,-18,0.02966022677719593
2008-03-18,labor_market_risk_shift,2008-02-21,-17,0.028351716697216034
2008-03-18,labor_market_risk_shift,2008-02-22,-16,0.030176084488630295
2008-03-18,labor_market_risk_shift,2008-02-25,-15,0.029104270040988922
2008-03-18,labor_market_risk_shift,2008-02-26,-14,0.02454267255961895
2008-03-18,labor_market_risk_shift,2008-02-27,-13,0.02833486907184124
2008-03-18,labor_market_risk_shift,2008-02-28,-12,0.03028537705540657
2008-03-18,labor_market_risk_shift,2008-02-29,-11,0.032482679933309555
2008-03-18,labor_market_risk_shift,2008-03-03,-10,0.03282080963253975
2008-03-18,labor_market_risk_shift,2008-03-04,-9,0.03320976346731186
2008-03-18,labor_market_risk_shift,2008-03-05,-8,0.03051953762769699
2008-03-18,labor_market_risk_shift,2008-03-06,-7,0.0350695475935936
2008-03-18,labor_market_risk_shift,2008-03-07,-6,0.03383881226181984
2008-03-18,labor_market_risk_shift,2008-03-10,-5,0.035179946571588516
2008-03-18,labor_market_risk_shift,2008-03-11,-4,0.033663153648376465
2008-03-18,labor_market_risk_shift,2008-03-12,-3,0.02870948612689972
2008-03-18,labor_market_risk_shift,2008-03-13,-2,0.0322946272790432
2008-03-18,labor_market_risk_shift,2008-03-14,-1,0.029412757605314255
2008-03-18,labor_market_risk_shift,2008-03-17,0,0.038684338331222534
2008-03-18,growth_activity_shift,2008-01-31,-31,0.025643547996878624
2008-03-18,growth_activity_shift,2008-02-01,-30,0.03003516048192978
2008-03-18,growth_activity_shift,2008-02-04,-29,0.03260423243045807
2008-03-18,growth_activity_shift,2008-02-05,-28,0.03054107539355755
2008-03-18,growth_activity_shift,2008-02-06,-27,0.035375166684389114
2008-03-18,growth_activity_shift,2008-02-07,-26,0.03207358717918396
2008-03-18,growth_activity_shift,2008-02-08,-25,0.030436169356107712
2008-03-18,growth_activity_shift,2008-02-11,-24,0.035921644419431686
2008-03-18,growth_activity_shift,2008-02-12,-23,0.02959514781832695
2008-03-18,growth_activity_shift,2008-02-13,-22,0.03458203002810478
2008-03-18,growth_activity_shift,2008-02-14,-21,0.03278442099690437
2008-03-18,growth_activity_shift,2008-02-15,-20,0.024740615859627724
2008-03-18,growth_activity_shift,2008-02-19,-19,0.031624458730220795
2008-03-18,growth_activity_shift,2008-02-20,-18,0.02979132905602455
2008-03-18,growth_activity_shift,2008-02-21,-17,0.028764184564352036
2008-03-18,growth_activity_shift,2008-02-22,-16,0.0312608927488327
2008-03-18,growth_activity_shift,2008-02-25,-15,0.02911408059298992
2008-03-18,growth_activity_shift,2008-02-26,-14,0.02462049201130867
2008-03-18,growth_activity_shift,2008-02-27,-13,0.02813267521560192
2008-03-18,growth_activity_shift,2008-02-28,-12,0.029975704848766327
2008-03-18,growth_activity_shift,2008-02-29,-11,0.03191279247403145
2008-03-18,growth_activity_shift,2008-03-03,-10,0.0322757288813591
2008-03-18,growth_activity_shift,2008-03-04,-9,0.032846786081790924
2008-03-18,growth_activity_shift,2008-03-05,-8,0.030215032398700714
2008-03-18,growth_activity_shift,2008-03-06,-7,0.034516844898462296
2008-03-18,growth_activity_shift,2008-03-07,-6,0.03358135744929314
2008-03-18,growth_activity_shift,2008-03-10,-5,0.035432882606983185
2008-03-18,growth_activity_shift,2008-03-11,-4,0.03366455063223839
2008-03-18,growth_activity_shift,2008-03-12,-3,0.028730660676956177
2008-03-18,growth_activity_shift,2008-03-13,-2,0.03170672804117203
2008-03-18,growth_activity_shift,2008-03-14,-1,0.02916506677865982
2008-03-18,growth_activity_shift,2008-03-17,0,0.038334935903549194
2008-03-18,financial_conditions_shift,2008-01-31,-31,0.035482607781887054
2008-03-18,financial_conditions_shift,2008-02-01,-30,0.030591823160648346
2008-03-18,financial_conditions_shift,2008-02-04,-29,0.030773218721151352
2008-03-18,financial_conditions_shift,2008-02-05,-28,0.030448902398347855
2008-03-18,financial_conditions_shift,2008-02-06,-27,0.028800765052437782
2008-03-18,financial_conditions_shift,2008-02-07,-26,0.0319070965051651
2008-03-18,financial_conditions_shift,2008-02-08,-25,0.030776720494031906
2008-03-18,financial_conditions_shift,2008-02-11,-24,0.02784797176718712
2008-03-18,financial_conditions_shift,2008-02-12,-23,0.03222011774778366
2008-03-18,financial_conditions_shift,2008-02-13,-22,0.025777991861104965
2008-03-18,financial_conditions_shift,2008-02-14,-21,0.03235475718975067
2008-03-18,financial_conditions_shift,2008-02-15,-20,0.037255316972732544
2008-03-18,financial_conditions_shift,2008-02-19,-19,0.030118001624941826
2008-03-18,financial_conditions_shift,2008-02-20,-18,0.03252251073718071
2008-03-18,financial_conditions_shift,2008-02-21,-17,0.03451738506555557
2008-03-18,financial_conditions_shift,2008-02-22,-16,0.029961660504341125
2008-03-18,financial_conditions_shift,2008-02-25,-15,0.032927799969911575
2008-03-18,financial_conditions_shift,2008-02-26,-14,0.039054423570632935
2008-03-18,financial_conditions_shift,2008-02-27,-13,0.03464502468705177
2008-03-18,financial_conditions_shift,2008-02-28,-12,0.03173421695828438
2008-03-18,financial_conditions_shift,2008-02-29,-11,0.02786419913172722
2008-03-18,financial_conditions_shift,2008-03-03,-10,0.028665192425251007
2008-03-18,financial_conditions_shift,2008-03-04,-9,0.02930774912238121
2008-03-18,financial_conditions_shift,2008-03-05,-8,0.031271517276763916
2008-03-18,financial_conditions_shift,2008-03-06,-7,0.028718862682580948
2008-03-18,financial_conditions_shift,2008-03-07,-6,0.031034711748361588
2008-03-18,financial_conditions_shift,2008-03-10,-5,0.029211530461907387
2008-03-18,financial_conditions_shift,2008-03-11,-4,0.03193167597055435
2008-03-18,financial_conditions_shift,2008-03-12,-3,0.03466913476586342
2008-03-18,financial_conditions_shift,2008-03-13,-2,0.030946854501962662
2008-03-18,financial_conditions_shift,2008-03-14,-1,0.03324299305677414
2008-03-18,financial_conditions_shift,2008-03-17,0,0.023417266085743904
2008-03-18,risk_balance_shift,2008-01-31,-31,0.025452079251408577
2008-03-18,risk_balance_shift,2008-02-01,-30,0.02942487597465515
2008-03-18,risk_balance_shift,2008-02-04,-29,0.03239063546061516
2008-03-18,risk_balance_shift,2008-02-05,-28,0.03041372075676918
2008-03-18,risk_balance_shift,2008-02-06,-27,0.036117073148489
2008-03-18,risk_balance_shift,2008-02-07,-26,0.03235199674963951
2008-03-18,risk_balance_shift,2008-02-08,-25,0.030412686988711357
2008-03-18,risk_balance_shift,2008-02-11,-24,0.03610245883464813
2008-03-18,risk_balance_shift,2008-02-12,-23,0.029506225138902664
2008-03-18,risk_balance_shift,2008-02-13,-22,0.034301500767469406
2008-03-18,risk_balance_shift,2008-02-14,-21,0.032644860446453094
2008-03-18,risk_balance_shift,2008-02-15,-20,0.02589416690170765
2008-03-18,risk_balance_shift,2008-02-19,-19,0.03224632889032364
2008-03-18,risk_balance_shift,2008-02-20,-18,0.03010369837284088
2008-03-18,risk_balance_shift,2008-02-21,-17,0.029633432626724243
2008-03-18,risk_balance_shift,2008-02-22,-16,0.03101099655032158
2008-03-18,risk_balance_shift,2008-02-25,-15,0.029119504615664482
2008-03-18,risk_balance_shift,2008-02-26,-14,0.02487049251794815
2008-03-18,risk_balance_shift,2008-02-27,-13,0.027834605425596237
2008-03-18,risk_balance_shift,2008-02-28,-12,0.02937985211610794
2008-03-18,risk_balance_shift,2008-02-29,-11,0.03090972639620304
2008-03-18,risk_balance_shift,2008-03-03,-10,0.031375136226415634
2008-03-18,risk_balance_shift,2008-03-04,-9,0.032404541969299316
2008-03-18,risk_balance_shift,2008-03-05,-8,0.02998218685388565
2008-03-18,risk_balance_shift,2008-03-06,-7,0.0343608632683754
2008-03-18,risk_balance_shift,2008-03-07,-6,0.03355363756418228
2008-03-18,risk_balance_shift,2008-03-10,-5,0.03568932041525841
2008-03-18,risk_balance_shift,2008-03-11,-4,0.033284127712249756
2008-03-18,risk_balance_shift,2008-03-12,-3,0.02949834242463112
2008-03-18,risk_balance_shift,2008-03-13,-2,0.03181518614292145
2008-03-18,risk_balance_shift,2008-03-14,-1,0.02971096709370613
2008-03-18,risk_balance_shift,2008-03-17,0,0.038204774260520935
2008-03-18,committee_dispersion,2008-01-31,-31,0.03401637822389603
2008-03-18,committee_dispersion,2008-02-01,-30,0.03019554354250431
2008-03-18,committee_dispersion,2008-02-04,-29,0.03184250369668007
2008-03-18,committee_dispersion,2008-02-05,-28,0.030321644619107246
2008-03-18,committee_dispersion,2008-02-06,-27,0.029874704778194427
2008-03-18,committee_dispersion,2008-02-07,-26,0.0323842391371727
2008-03-18,committee_dispersion,2008-02-08,-25,0.03062478080391884
2008-03-18,committee_dispersion,2008-02-11,-24,0.028900960460305214
2008-03-18,committee_dispersion,2008-02-12,-23,0.0321490615606308
2008-03-18,committee_dispersion,2008-02-13,-22,0.025864263996481895
2008-03-18,committee_dispersion,2008-02-14,-21,0.03294264152646065
2008-03-18,committee_dispersion,2008-02-15,-20,0.03535189479589462
2008-03-18,committee_dispersion,2008-02-19,-19,0.030015122145414352
2008-03-18,committee_dispersion,2008-02-20,-18,0.03225557506084442
2008-03-18,committee_dispersion,2008-02-21,-17,0.03376121073961258
2008-03-18,committee_dispersion,2008-02-22,-16,0.028795035555958748
2008-03-18,committee_dispersion,2008-02-25,-15,0.03237598389387131
2008-03-18,committee_dispersion,2008-02-26,-14,0.03728809952735901
2008-03-18,committee_dispersion,2008-02-27,-13,0.03429151326417923
2008-03-18,committee_dispersion,2008-02-28,-12,0.03192489221692085
2008-03-18,committee_dispersion,2008-02-29,-11,0.027782678604125977
2008-03-18,committee_dispersion,2008-03-03,-10,0.028983373194932938
2008-03-18,committee_dispersion,2008-03-04,-9,0.029741622507572174
2008-03-18,committee_dispersion,2008-03-05,-8,0.031413547694683075
2008-03-18,committee_dispersion,2008-03-06,-7,0.029337523505091667
2008-03-18,committee_dispersion,2008-03-07,-6,0.03253662586212158
2008-03-18,committee_dispersion,2008-03-10,-5,0.029637590050697327
2008-03-18,committee_dispersion,2008-03-11,-4,0.03388455510139465
2008-03-18,committee_dispersion,2008-03-12,-3,0.03436752036213875
2008-03-18,committee_dispersion,2008-03-13,-2,0.031007081270217896
2008-03-18,committee_dispersion,2008-03-14,-1,0.032914336770772934
2008-03-18,committee_dispersion,2008-03-17,0,0.023217512294650078
2008-03-18,policy_uncertainty,2008-01-31,-31,0.033224184066057205
2008-03-18,policy_uncertainty,2008-02-01,-30,0.030025489628314972
2008-03-18,policy_uncertainty,2008-02-04,-29,0.03217484802007675
2008-03-18,policy_uncertainty,2008-02-05,-28,0.029930341988801956
2008-03-18,policy_uncertainty,2008-02-06,-27,0.030267419293522835
2008-03-18,policy_uncertainty,2008-02-07,-26,0.03299172222614288
2008-03-18,policy_uncertainty,2008-02-08,-25,0.03026517853140831
2008-03-18,policy_uncertainty,2008-02-11,-24,0.029244031757116318
2008-03-18,policy_uncertainty,2008-02-12,-23,0.031545836478471756
2008-03-18,policy_uncertainty,2008-02-13,-22,0.02580307610332966
2008-03-18,policy_uncertainty,2008-02-14,-21,0.032596737146377563
2008-03-18,policy_uncertainty,2008-02-15,-20,0.03384430333971977
2008-03-18,policy_uncertainty,2008-02-19,-19,0.03014392964541912
2008-03-18,policy_uncertainty,2008-02-20,-18,0.03227131441235542
2008-03-18,policy_uncertainty,2008-02-21,-17,0.032710008323192596
2008-03-18,policy_uncertainty,2008-02-22,-16,0.029055366292595863
2008-03-18,policy_uncertainty,2008-02-25,-15,0.032349810004234314
2008-03-18,policy_uncertainty,2008-02-26,-14,0.036043744534254074
2008-03-18,policy_uncertainty,2008-02-27,-13,0.03437386825680733
2008-03-18,policy_uncertainty,2008-02-28,-12,0.03220638632774353
2008-03-18,policy_uncertainty,2008-02-29,-11,0.027846798300743103
2008-03-18,policy_uncertainty,2008-03-03,-10,0.02917938306927681
2008-03-18,policy_uncertainty,2008-03-04,-9,0.030452199280261993
2008-03-18,policy_uncertainty,2008-03-05,-8,0.031379953026771545
2008-03-18,policy_uncertainty,2008-03-06,-7,0.0296974815428257
2008-03-18,policy_uncertainty,2008-03-07,-6,0.0329304113984108
2008-03-18,policy_uncertainty,2008-03-10,-5,0.03042411617934704
2008-03-18,policy_uncertainty,2008-03-11,-4,0.0345035120844841
2008-03-18,policy_uncertainty,2008-03-12,-3,0.034130800515413284
2008-03-18,policy_uncertainty,2008-03-13,-2,0.031567372381687164
2008-03-18,policy_uncertainty,2008-03-14,-1,0.032767876982688904
2008-03-18,policy_uncertainty,2008-03-17,0,0.024052534252405167
2008-03-18,forward_guidance_strength,2008-01-31,-31,0.027292029932141304
2008-03-18,forward_guidance_strength,2008-02-01,-30,0.029722632840275764
2008-03-18,forward_guidance_strength,2008-02-04,-29,0.03296208381652832
2008-03-18,forward_guidance_strength,2008-02-05,-28,0.030221879482269287
2008-03-18,forward_guidance_strength,2008-02-06,-27,0.034027695655822754
2008-03-18,forward_guidance_strength,2008-02-07,-26,0.033468496054410934
2008-03-18,forward_guidance_strength,2008-02-08,-25,0.030603183433413506
2008-03-18,forward_guidance_strength,2008-02-11,-24,0.03231964260339737
2008-03-18,forward_guidance_strength,2008-02-12,-23,0.030253462493419647
2008-03-18,forward_guidance_strength,2008-02-13,-22,0.029155995696783066
2008-03-18,forward_guidance_strength,2008-02-14,-21,0.03216247633099556
2008-03-18,forward_guidance_strength,2008-02-15,-20,0.02797728404402733
2008-03-18,forward_guidance_strength,2008-02-19,-19,0.03043890744447708
2008-03-18,forward_guidance_strength,2008-02-20,-18,0.03126192465424538
2008-03-18,forward_guidance_strength,2008-02-21,-17,0.030949579551815987
2008-03-18,forward_guidance_strength,2008-02-22,-16,0.02885483205318451
2008-03-18,forward_guidance_strength,2008-02-25,-15,0.030125513672828674
2008-03-18,forward_guidance_strength,2008-02-26,-14,0.029323039576411247
2008-03-18,forward_guidance_strength,2008-02-27,-13,0.031192626804113388
2008-03-18,forward_guidance_strength,2008-02-28,-12,0.03120279870927334
2008-03-18,forward_guidance_strength,2008-02-29,-11,0.029143985360860825
2008-03-18,forward_guidance_strength,2008-03-03,-10,0.03045090101659298
2008-03-18,forward_guidance_strength,2008-03-04,-9,0.03231939673423767
2008-03-18,forward_guidance_strength,2008-03-05,-8,0.03176964074373245
2008-03-18,forward_guidance_strength,2008-03-06,-7,0.03298560529947281
2008-03-18,forward_guidance_strength,2008-03-07,-6,0.035206012427806854
2008-03-18,forward_guidance_strength,2008-03-10,-5,0.033629655838012695
2008-03-18,forward_guidance_strength,2008-03-11,-4,0.03547030687332153
2008-03-18,forward_guidance_strength,2008-03-12,-3,0.032225947827100754
2008-03-18,forward_guidance_strength,2008-03-13,-2,0.03236794471740723
2008-03-18,forward_guidance_strength,2008-03-14,-1,0.03114405646920204
2008-03-18,forward_guidance_strength,2008-03-17,0,0.029770471155643463
2008-04-30,rate_decision,2008-03-19,-28,0.03048814833164215
2008-04-30,rate_decision,2008-03-20,-27,0.03564340993762016
2008-04-30,rate_decision,2008-03-24,-26,0.03129538893699646
2008-04-30,rate_decision,2008-03-25,-25,0.031200964003801346
2008-04-30,rate_decision,2008-03-26,-24,0.0310213565826416
2008-04-30,rate_decision,2008-03-27,-23,0.03445662185549736
2008-04-30,rate_decision,2008-03-28,-22,0.033914580941200256
2008-04-30,rate_decision,2008-03-31,-21,0.035497259348630905
2008-04-30,rate_decision,2008-04-01,-20,0.034000132232904434
2008-04-30,rate_decision,2008-04-02,-19,0.03795604407787323
2008-04-30,rate_decision,2008-04-03,-18,0.030970480293035507
2008-04-30,rate_decision,2008-04-04,-17,0.030259672552347183
2008-04-30,rate_decision,2008-04-07,-16,0.034083545207977295
2008-04-30,rate_decision,2008-04-08,-15,0.03213553503155708
2008-04-30,rate_decision,2008-04-09,-14,0.03848448023200035
2008-04-30,rate_decision,2008-04-10,-13,0.03494713082909584
2008-04-30,rate_decision,2008-04-11,-12,0.03802958130836487
2008-04-30,rate_decision,2008-04-14,-11,0.03493724763393402
2008-04-30,rate_decision,2008-04-15,-10,0.035566575825214386
2008-04-30,rate_decision,2008-04-16,-9,0.037135280668735504
2008-04-30,rate_decision,2008-04-17,-8,0.03468847647309303
2008-04-30,rate_decision,2008-04-18,-7,0.03493759036064148
2008-04-30,rate_decision,2008-04-21,-6,0.03600987046957016
2008-04-30,rate_decision,2008-04-22,-5,0.03679313510656357
2008-04-30,rate_decision,2008-04-23,-4,0.0360102504491806
2008-04-30,rate_decision,2008-04-24,-3,0.03653999790549278
2008-04-30,rate_decision,2008-04-25,-2,0.03590626269578934
2008-04-30,rate_decision,2008-04-28,-1,0.033348921686410904
2008-04-30,rate_decision,2008-04-29,0,0.0337420254945755
2008-04-30,current_policy_stance,2008-03-19,-28,0.03254834562540054
2008-04-30,current_policy_stance,2008-03-20,-27,0.0367446169257164
2008-04-30,current_policy_stance,2008-03-24,-26,0.035253435373306274
2008-04-30,current_policy_stance,2008-03-25,-25,0.031593095511198044
2008-04-30,current_policy_stance,2008-03-26,-24,0.032868288457393646
2008-04-30,current_policy_stance,2008-03-27,-23,0.035876013338565826
2008-04-30,current_policy_stance,2008-03-28,-22,0.03680463507771492
2008-04-30,current_policy_stance,2008-03-31,-21,0.03628021478652954
2008-04-30,current_policy_stance,2008-04-01,-20,0.03543392941355705
2008-04-30,current_policy_stance,2008-04-02,-19,0.0390792042016983
2008-04-30,current_policy_stance,2008-04-03,-18,0.03403235971927643
2008-04-30,current_policy_stance,2008-04-04,-17,0.02947702445089817
2008-04-30,current_policy_stance,2008-04-07,-16,0.036525726318359375
2008-04-30,current_policy_stance,2008-04-08,-15,0.034739114344120026
2008-04-30,current_policy_stance,2008-04-09,-14,0.03896680474281311
2008-04-30,current_policy_stance,2008-04-10,-13,0.03921859711408615
2008-04-30,current_policy_stance,2008-04-11,-12,0.04147418960928917
2008-04-30,current_policy_stance,2008-04-14,-11,0.04029230773448944
2008-04-30,current_policy_stance,2008-04-15,-10,0.03649713471531868
2008-04-30,current_policy_stance,2008-04-16,-9,0.03558546304702759
2008-04-30,current_policy_stance,2008-04-17,-8,0.03238074108958244
2008-04-30,current_policy_stance,2008-04-18,-7,0.03204084187746048
2008-04-30,current_policy_stance,2008-04-21,-6,0.03193104267120361
2008-04-30,current_policy_stance,2008-04-22,-5,0.03363071009516716
2008-04-30,current_policy_stance,2008-04-23,-4,0.030402865260839462
2008-04-30,current_policy_stance,2008-04-24,-3,0.03223239630460739
2008-04-30,current_policy_stance,2008-04-25,-2,0.030632538720965385
2008-04-30,current_policy_stance,2008-04-28,-1,0.02814028225839138
2008-04-30,current_policy_stance,2008-04-29,0,0.02931809052824974
2008-04-30,policy_stance_shift,2008-03-19,-28,0.03976944088935852
2008-04-30,policy_stance_shift,2008-03-20,-27,0.03641968220472336
2008-04-30,policy_stance_shift,2008-03-24,-26,0.03666426241397858
2008-04-30,policy_stance_shift,2008-03-25,-25,0.03692309930920601
2008-04-30,policy_stance_shift,2008-03-26,-24,0.03577607125043869
2008-04-30,policy_stance_shift,2008-03-27,-23,0.03300777077674866
2008-04-30,policy_stance_shift,2008-03-28,-22,0.03172888234257698
2008-04-30,policy_stance_shift,2008-03-31,-21,0.030345100909471512
2008-04-30,policy_stance_shift,2008-04-01,-20,0.03505147621035576
2008-04-30,policy_stance_shift,2008-04-02,-19,0.032096944749355316
2008-04-30,policy_stance_shift,2008-04-03,-18,0.036580052226781845
2008-04-30,policy_stance_shift,2008-04-04,-17,0.036982178688049316
2008-04-30,policy_stance_shift,2008-04-07,-16,0.03013668768107891
2008-04-30,policy_stance_shift,2008-04-08,-15,0.034460779279470444
2008-04-30,policy_stance_shift,2008-04-09,-14,0.030508825555443764
2008-04-30,policy_stance_shift,2008-04-10,-13,0.0328611359000206
2008-04-30,policy_stance_shift,2008-04-11,-12,0.02918388694524765
2008-04-30,policy_stance_shift,2008-04-14,-11,0.029152043163776398
2008-04-30,policy_stance_shift,2008-04-15,-10,0.02979186177253723
2008-04-30,policy_stance_shift,2008-04-16,-9,0.03217422217130661
2008-04-30,policy_stance_shift,2008-04-17,-8,0.0355498231947422
2008-04-30,policy_stance_shift,2008-04-18,-7,0.03729642555117607
2008-04-30,policy_stance_shift,2008-04-21,-6,0.03546961396932602
2008-04-30,policy_stance_shift,2008-04-22,-5,0.03583524003624916
2008-04-30,policy_stance_shift,2008-04-23,-4,0.03511185944080353
2008-04-30,policy_stance_shift,2008-04-24,-3,0.03360786661505699
2008-04-30,policy_stance_shift,2008-04-25,-2,0.0370834544301033
2008-04-30,policy_stance_shift,2008-04-28,-1,0.04313480108976364
2008-04-30,policy_stance_shift,2008-04-29,0,0.03729650005698204
2008-04-30,expected_rate_path_shift,2008-03-19,-28,0.0402316153049469
2008-04-30,expected_rate_path_shift,2008-03-20,-27,0.03613986074924469
2008-04-30,expected_rate_path_shift,2008-03-24,-26,0.0365707129240036
2008-04-30,expected_rate_path_shift,2008-03-25,-25,0.037232208997011185
2008-04-30,expected_rate_path_shift,2008-03-26,-24,0.03608953580260277
2008-04-30,expected_rate_path_shift,2008-03-27,-23,0.033043794333934784
2008-04-30,expected_rate_path_shift,2008-03-28,-22,0.03175228834152222
2008-04-30,expected_rate_path_shift,2008-03-31,-21,0.030111361294984818
2008-04-30,expected_rate_path_shift,2008-04-01,-20,0.034875404089689255
2008-04-30,expected_rate_path_shift,2008-04-02,-19,0.03160480409860611
2008-04-30,expected_rate_path_shift,2008-04-03,-18,0.03659830614924431
2008-04-30,expected_rate_path_shift,2008-04-04,-17,0.036941688507795334
2008-04-30,expected_rate_path_shift,2008-04-07,-16,0.030008379369974136
2008-04-30,expected_rate_path_shift,2008-04-08,-15,0.034488268196582794
2008-04-30,expected_rate_path_shift,2008-04-09,-14,0.030089274048805237
2008-04-30,expected_rate_path_shift,2008-04-10,-13,0.03263837844133377
2008-04-30,expected_rate_path_shift,2008-04-11,-12,0.028747648000717163
2008-04-30,expected_rate_path_shift,2008-04-14,-11,0.029008619487285614
2008-04-30,expected_rate_path_shift,2008-04-15,-10,0.02960120514035225
2008-04-30,expected_rate_path_shift,2008-04-16,-9,0.031910378485918045
2008-04-30,expected_rate_path_shift,2008-04-17,-8,0.03526340425014496
2008-04-30,expected_rate_path_shift,2008-04-18,-7,0.03724560886621475
2008-04-30,expected_rate_path_shift,2008-04-21,-6,0.035450927913188934
2008-04-30,expected_rate_path_shift,2008-04-22,-5,0.035771071910858154
2008-04-30,expected_rate_path_shift,2008-04-23,-4,0.03505704179406166
2008-04-30,expected_rate_path_shift,2008-04-24,-3,0.03383483365178108
2008-04-30,expected_rate_path_shift,2008-04-25,-2,0.03758728876709938
2008-04-30,expected_rate_path_shift,2008-04-28,-1,0.04363809525966644
2008-04-30,expected_rate_path_shift,2008-04-29,0,0.03846799209713936
2008-04-30,inflation_assessment_shift,2008-03-19,-28,0.03897779807448387
2008-04-30,inflation_assessment_shift,2008-03-20,-27,0.03744496777653694
2008-04-30,inflation_assessment_shift,2008-03-24,-26,0.03631455451250076
2008-04-30,inflation_assessment_shift,2008-03-25,-25,0.0356062613427639
2008-04-30,inflation_assessment_shift,2008-03-26,-24,0.03532659262418747
2008-04-30,inflation_assessment_shift,2008-03-27,-23,0.03415275365114212
2008-04-30,inflation_assessment_shift,2008-03-28,-22,0.03383922204375267
2008-04-30,inflation_assessment_shift,2008-03-31,-21,0.0323612242937088
2008-04-30,inflation_assessment_shift,2008-04-01,-20,0.03467852994799614
2008-04-30,inflation_assessment_shift,2008-04-02,-19,0.03504592925310135
2008-04-30,inflation_assessment_shift,2008-04-03,-18,0.03641972690820694
2008-04-30,inflation_assessment_shift,2008-04-04,-17,0.03513048216700554
2008-04-30,inflation_assessment_shift,2008-04-07,-16,0.0319722518324852
2008-04-30,inflation_assessment_shift,2008-04-08,-15,0.03518496826291084
2008-04-30,inflation_assessment_shift,2008-04-09,-14,0.03365948796272278
2008-04-30,inflation_assessment_shift,2008-04-10,-13,0.03556389361619949
2008-04-30,inflation_assessment_shift,2008-04-11,-12,0.03281449154019356
2008-04-30,inflation_assessment_shift,2008-04-14,-11,0.031942930072546005
2008-04-30,inflation_assessment_shift,2008-04-15,-10,0.030730705708265305
2008-04-30,inflation_assessment_shift,2008-04-16,-9,0.03263311833143234
2008-04-30,inflation_assessment_shift,2008-04-17,-8,0.034491878002882004
2008-04-30,inflation_assessment_shift,2008-04-18,-7,0.035712312906980515
2008-04-30,inflation_assessment_shift,2008-04-21,-6,0.033927470445632935
2008-04-30,inflation_assessment_shift,2008-04-22,-5,0.034776102751493454
2008-04-30,inflation_assessment_shift,2008-04-23,-4,0.03248545154929161
2008-04-30,inflation_assessment_shift,2008-04-24,-3,0.03170870617032051
2008-04-30,inflation_assessment_shift,2008-04-25,-2,0.03461175411939621
2008-04-30,inflation_assessment_shift,2008-04-28,-1,0.03860969841480255
2008-04-30,inflation_assessment_shift,2008-04-29,0,0.033876724541187286
2008-04-30,inflation_risk_shift,2008-03-19,-28,0.039745576679706573
2008-04-30,inflation_risk_shift,2008-03-20,-27,0.03693053498864174
2008-04-30,inflation_risk_shift,2008-03-24,-26,0.03619363158941269
2008-04-30,inflation_risk_shift,2008-03-25,-25,0.03700176998972893
2008-04-30,inflation_risk_shift,2008-03-26,-24,0.036080438643693924
2008-04-30,inflation_risk_shift,2008-03-27,-23,0.03324882686138153
2008-04-30,inflation_risk_shift,2008-03-28,-22,0.03187837079167366
2008-04-30,inflation_risk_shift,2008-03-31,-21,0.03061818704009056
2008-04-30,inflation_risk_shift,2008-04-01,-20,0.034967970103025436
2008-04-30,inflation_risk_shift,2008-04-02,-19,0.032257501035928726
2008-04-30,inflation_risk_shift,2008-04-03,-18,0.036207303404808044
2008-04-30,inflation_risk_shift,2008-04-04,-17,0.03697168081998825
2008-04-30,inflation_risk_shift,2008-04-07,-16,0.030340930446982384
2008-04-30,inflation_risk_shift,2008-04-08,-15,0.03455066680908203
2008-04-30,inflation_risk_shift,2008-04-09,-14,0.030580434948205948
2008-04-30,inflation_risk_shift,2008-04-10,-13,0.032796259969472885
2008-04-30,inflation_risk_shift,2008-04-11,-12,0.029156453907489777
2008-04-30,inflation_risk_shift,2008-04-14,-11,0.028954776003956795
2008-04-30,inflation_risk_shift,2008-04-15,-10,0.029541362076997757
2008-04-30,inflation_risk_shift,2008-04-16,-9,0.03173790127038956
2008-04-30,inflation_risk_shift,2008-04-17,-8,0.0348818376660347
2008-04-30,inflation_risk_shift,2008-04-18,-7,0.036862052977085114
2008-04-30,inflation_risk_shift,2008-04-21,-6,0.035212717950344086
2008-04-30,inflation_risk_shift,2008-04-22,-5,0.03572216257452965
2008-04-30,inflation_risk_shift,2008-04-23,-4,0.03510379046201706
2008-04-30,inflation_risk_shift,2008-04-24,-3,0.03361772745847702
2008-04-30,inflation_risk_shift,2008-04-25,-2,0.03740611672401428
2008-04-30,inflation_risk_shift,2008-04-28,-1,0.043294720351696014
2008-04-30,inflation_risk_shift,2008-04-29,0,0.03813830763101578
2008-04-30,unemployment_assessment_shift,2008-03-19,-28,0.03237934038043022
2008-04-30,unemployment_assessment_shift,2008-03-20,-27,0.03706566244363785
2008-04-30,unemployment_assessment_shift,2008-03-24,-26,0.034612976014614105
2008-04-30,unemployment_assessment_shift,2008-03-25,-25,0.031023690477013588
2008-04-30,unemployment_assessment_shift,2008-03-26,-24,0.03308404982089996
2008-04-30,unemployment_assessment_shift,2008-03-27,-23,0.035938456654548645
2008-04-30,unemployment_assessment_shift,2008-03-28,-22,0.037120409309864044
2008-04-30,unemployment_assessment_shift,2008-03-31,-21,0.03745383769273758
2008-04-30,unemployment_assessment_shift,2008-04-01,-20,0.03514977544546127
2008-04-30,unemployment_assessment_shift,2008-04-02,-19,0.03915427252650261
2008-04-30,unemployment_assessment_shift,2008-04-03,-18,0.03394024074077606
2008-04-30,unemployment_assessment_shift,2008-04-04,-17,0.029936499893665314
2008-04-30,unemployment_assessment_shift,2008-04-07,-16,0.037319522351026535
2008-04-30,unemployment_assessment_shift,2008-04-08,-15,0.03503097593784332
2008-04-30,unemployment_assessment_shift,2008-04-09,-14,0.04052628576755524
2008-04-30,unemployment_assessment_shift,2008-04-10,-13,0.03950963914394379
2008-04-30,unemployment_assessment_shift,2008-04-11,-12,0.04260684922337532
2008-04-30,unemployment_assessment_shift,2008-04-14,-11,0.04091910272836685
2008-04-30,unemployment_assessment_shift,2008-04-15,-10,0.036875978112220764
2008-04-30,unemployment_assessment_shift,2008-04-16,-9,0.03557354211807251
2008-04-30,unemployment_assessment_shift,2008-04-17,-8,0.03187531232833862
2008-04-30,unemployment_assessment_shift,2008-04-18,-7,0.03125494718551636
2008-04-30,unemployment_assessment_shift,2008-04-21,-6,0.03139582276344299
2008-04-30,unemployment_assessment_shift,2008-04-22,-5,0.03311002627015114
2008-04-30,unemployment_assessment_shift,2008-04-23,-4,0.030192043632268906
2008-04-30,unemployment_assessment_shift,2008-04-24,-3,0.03170084208250046
2008-04-30,unemployment_assessment_shift,2008-04-25,-2,0.029474396258592606
2008-04-30,unemployment_assessment_shift,2008-04-28,-1,0.027070701122283936
2008-04-30,unemployment_assessment_shift,2008-04-29,0,0.02870480902493
2008-04-30,labor_market_risk_shift,2008-03-19,-28,0.032060638070106506
2008-04-30,labor_market_risk_shift,2008-03-20,-27,0.03702438622713089
2008-04-30,labor_market_risk_shift,2008-03-24,-26,0.03488349914550781
2008-04-30,labor_market_risk_shift,2008-03-25,-25,0.031162645667791367
2008-04-30,labor_market_risk_shift,2008-03-26,-24,0.03283063322305679
2008-04-30,labor_market_risk_shift,2008-03-27,-23,0.03615642338991165
2008-04-30,labor_market_risk_shift,2008-03-28,-22,0.037348367273807526
2008-04-30,labor_market_risk_shift,2008-03-31,-21,0.037248872220516205
2008-04-30,labor_market_risk_shift,2008-04-01,-20,0.03528638184070587
2008-04-30,labor_market_risk_shift,2008-04-02,-19,0.03919979929924011
2008-04-30,labor_market_risk_shift,2008-04-03,-18,0.03400369733572006
2008-04-30,labor_market_risk_shift,2008-04-04,-17,0.029564647004008293
2008-04-30,labor_market_risk_shift,2008-04-07,-16,0.0374688021838665
2008-04-30,labor_market_risk_shift,2008-04-08,-15,0.034920573234558105
2008-04-30,labor_market_risk_shift,2008-04-09,-14,0.039731718599796295
2008-04-30,labor_market_risk_shift,2008-04-10,-13,0.03953554481267929
2008-04-30,labor_market_risk_shift,2008-04-11,-12,0.04203767329454422
2008-04-30,labor_market_risk_shift,2008-04-14,-11,0.04078061506152153
2008-04-30,labor_market_risk_shift,2008-04-15,-10,0.036837510764598846
2008-04-30,labor_market_risk_shift,2008-04-16,-9,0.035886090248823166
2008-04-30,labor_market_risk_shift,2008-04-17,-8,0.03197907283902168
2008-04-30,labor_market_risk_shift,2008-04-18,-7,0.03129802271723747
2008-04-30,labor_market_risk_shift,2008-04-21,-6,0.03138107806444168
2008-04-30,labor_market_risk_shift,2008-04-22,-5,0.032974500209093094
2008-04-30,labor_market_risk_shift,2008-04-23,-4,0.03002660721540451
2008-04-30,labor_market_risk_shift,2008-04-24,-3,0.03181590884923935
2008-04-30,labor_market_risk_shift,2008-04-25,-2,0.029907457530498505
2008-04-30,labor_market_risk_shift,2008-04-28,-1,0.027360137552022934
2008-04-30,labor_market_risk_shift,2008-04-29,0,0.02928871102631092
2008-04-30,growth_activity_shift,2008-03-19,-28,0.03712369129061699
2008-04-30,growth_activity_shift,2008-03-20,-27,0.039315152913331985
2008-04-30,growth_activity_shift,2008-03-24,-26,0.03678008168935776
2008-04-30,growth_activity_shift,2008-03-25,-25,0.03487908095121384
2008-04-30,growth_activity_shift,2008-03-26,-24,0.035390011966228485
2008-04-30,growth_activity_shift,2008-03-27,-23,0.03594288229942322
2008-04-30,growth_activity_shift,2008-03-28,-22,0.03451069816946983
2008-04-30,growth_activity_shift,2008-03-31,-21,0.03442004323005676
2008-04-30,growth_activity_shift,2008-04-01,-20,0.035772692412137985
2008-04-30,growth_activity_shift,2008-04-02,-19,0.03637918084859848
2008-04-30,growth_activity_shift,2008-04-03,-18,0.0359618179500103
2008-04-30,growth_activity_shift,2008-04-04,-17,0.03380041942000389
2008-04-30,growth_activity_shift,2008-04-07,-16,0.03357727825641632
2008-04-30,growth_activity_shift,2008-04-08,-15,0.034429196268320084
2008-04-30,growth_activity_shift,2008-04-09,-14,0.0340893529355526
2008-04-30,growth_activity_shift,2008-04-10,-13,0.03633768856525421
2008-04-30,growth_activity_shift,2008-04-11,-12,0.03361894562840462
2008-04-30,growth_activity_shift,2008-04-14,-11,0.03313787281513214
2008-04-30,growth_activity_shift,2008-04-15,-10,0.03117971122264862
2008-04-30,growth_activity_shift,2008-04-16,-9,0.03220558166503906
2008-04-30,growth_activity_shift,2008-04-17,-8,0.033083271235227585
2008-04-30,growth_activity_shift,2008-04-18,-7,0.03418726474046707
2008-04-30,growth_activity_shift,2008-04-21,-6,0.03326785936951637
2008-04-30,growth_activity_shift,2008-04-22,-5,0.034596435725688934
2008-04-30,growth_activity_shift,2008-04-23,-4,0.032409533858299255
2008-04-30,growth_activity_shift,2008-04-24,-3,0.03175116702914238
2008-04-30,growth_activity_shift,2008-04-25,-2,0.0336034819483757
2008-04-30,growth_activity_shift,2008-04-28,-1,0.03503541648387909
2008-04-30,growth_activity_shift,2008-04-29,0,0.033214181661605835
2008-04-30,financial_conditions_shift,2008-03-19,-28,0.03305261954665184
2008-04-30,financial_conditions_shift,2008-03-20,-27,0.03725709021091461
2008-04-30,financial_conditions_shift,2008-03-24,-26,0.035178326070308685
2008-04-30,financial_conditions_shift,2008-03-25,-25,0.03156109154224396
2008-04-30,financial_conditions_shift,2008-03-26,-24,0.03329824283719063
2008-04-30,financial_conditions_shift,2008-03-27,-23,0.03576796129345894
2008-04-30,financial_conditions_shift,2008-03-28,-22,0.03642820566892624
2008-04-30,financial_conditions_shift,2008-03-31,-21,0.03637620061635971
2008-04-30,financial_conditions_shift,2008-04-01,-20,0.03511456772685051
2008-04-30,financial_conditions_shift,2008-04-02,-19,0.03887569159269333
2008-04-30,financial_conditions_shift,2008-04-03,-18,0.03435072302818298
2008-04-30,financial_conditions_shift,2008-04-04,-17,0.030340617522597313
2008-04-30,financial_conditions_shift,2008-04-07,-16,0.03702979534864426
2008-04-30,financial_conditions_shift,2008-04-08,-15,0.03546452522277832
2008-04-30,financial_conditions_shift,2008-04-09,-14,0.03975847363471985
2008-04-30,financial_conditions_shift,2008-04-10,-13,0.03961242735385895
2008-04-30,financial_conditions_shift,2008-04-11,-12,0.04147087410092354
2008-04-30,financial_conditions_shift,2008-04-14,-11,0.03967791423201561
2008-04-30,financial_conditions_shift,2008-04-15,-10,0.03604652360081673
2008-04-30,financial_conditions_shift,2008-04-16,-9,0.03519519791007042
2008-04-30,financial_conditions_shift,2008-04-17,-8,0.03204582631587982
2008-04-30,financial_conditions_shift,2008-04-18,-7,0.03152424097061157
2008-04-30,financial_conditions_shift,2008-04-21,-6,0.031328607350587845
2008-04-30,financial_conditions_shift,2008-04-22,-5,0.03300359845161438
2008-04-30,financial_conditions_shift,2008-04-23,-4,0.03019631654024124
2008-04-30,financial_conditions_shift,2008-04-24,-3,0.03185160830616951
2008-04-30,financial_conditions_shift,2008-04-25,-2,0.030612260103225708
2008-04-30,financial_conditions_shift,2008-04-28,-1,0.02847207523882389
2008-04-30,financial_conditions_shift,2008-04-29,0,0.029108401387929916
2008-04-30,risk_balance_shift,2008-03-19,-28,0.03920723870396614
2008-04-30,risk_balance_shift,2008-03-20,-27,0.03666338697075844
2008-04-30,risk_balance_shift,2008-03-24,-26,0.036274638026952744
2008-04-30,risk_balance_shift,2008-03-25,-25,0.03703422099351883
2008-04-30,risk_balance_shift,2008-03-26,-24,0.03618262708187103
2008-04-30,risk_balance_shift,2008-03-27,-23,0.032928165048360825
2008-04-30,risk_balance_shift,2008-03-28,-22,0.03165210038423538
2008-04-30,risk_balance_shift,2008-03-31,-21,0.030581161379814148
2008-04-30,risk_balance_shift,2008-04-01,-20,0.03444406017661095
2008-04-30,risk_balance_shift,2008-04-02,-19,0.03215157613158226
2008-04-30,risk_balance_shift,2008-04-03,-18,0.03620503470301628
2008-04-30,risk_balance_shift,2008-04-04,-17,0.03748296573758125
2008-04-30,risk_balance_shift,2008-04-07,-16,0.030368326231837273
2008-04-30,risk_balance_shift,2008-04-08,-15,0.03402509540319443
2008-04-30,risk_balance_shift,2008-04-09,-14,0.030305080115795135
2008-04-30,risk_balance_shift,2008-04-10,-13,0.03194979950785637
2008-04-30,risk_balance_shift,2008-04-11,-12,0.02879994735121727
2008-04-30,risk_balance_shift,2008-04-14,-11,0.028806013986468315
2008-04-30,risk_balance_shift,2008-04-15,-10,0.029911093413829803
2008-04-30,risk_balance_shift,2008-04-16,-9,0.0321408249437809
2008-04-30,risk_balance_shift,2008-04-17,-8,0.03545152395963669
2008-04-30,risk_balance_shift,2008-04-18,-7,0.03710288554430008
2008-04-30,risk_balance_shift,2008-04-21,-6,0.03554842621088028
2008-04-30,risk_balance_shift,2008-04-22,-5,0.035669341683387756
2008-04-30,risk_balance_shift,2008-04-23,-4,0.03548714891076088
2008-04-30,risk_balance_shift,2008-04-24,-3,0.03382471576333046
2008-04-30,risk_balance_shift,2008-04-25,-2,0.03753281012177467
2008-04-30,risk_balance_shift,2008-04-28,-1,0.04398326948285103
2008-04-30,risk_balance_shift,2008-04-29,0,0.03828652203083038
2008-04-30,committee_dispersion,2008-03-19,-28,0.04030751436948776
2008-04-30,committee_dispersion,2008-03-20,-27,0.035975076258182526
2008-04-30,committee_dispersion,2008-03-24,-26,0.03681333735585213
2008-04-30,committee_dispersion,2008-03-25,-25,0.037639353424310684
2008-04-30,committee_dispersion,2008-03-26,-24,0.03567354381084442
2008-04-30,committee_dispersion,2008-03-27,-23,0.03250835835933685
2008-04-30,committee_dispersion,2008-03-28,-22,0.03158023580908775
2008-04-30,committee_dispersion,2008-03-31,-21,0.030236391350626945
2008-04-30,committee_dispersion,2008-04-01,-20,0.03486243635416031
2008-04-30,committee_dispersion,2008-04-02,-19,0.031367167830467224
2008-04-30,committee_dispersion,2008-04-03,-18,0.03670309856534004
2008-04-30,committee_dispersion,2008-04-04,-17,0.037244319915771484
2008-04-30,committee_dispersion,2008-04-07,-16,0.02972147986292839
2008-04-30,committee_dispersion,2008-04-08,-15,0.03445775806903839
2008-04-30,committee_dispersion,2008-04-09,-14,0.029758820310235023
2008-04-30,committee_dispersion,2008-04-10,-13,0.032158125191926956
2008-04-30,committee_dispersion,2008-04-11,-12,0.028426486998796463
2008-04-30,committee_dispersion,2008-04-14,-11,0.02888636849820614
2008-04-30,committee_dispersion,2008-04-15,-10,0.0296460073441267
2008-04-30,committee_dispersion,2008-04-16,-9,0.03200937435030937
2008-04-30,committee_dispersion,2008-04-17,-8,0.03538965433835983
2008-04-30,committee_dispersion,2008-04-18,-7,0.037237394601106644
2008-04-30,committee_dispersion,2008-04-21,-6,0.035607218742370605
2008-04-30,committee_dispersion,2008-04-22,-5,0.03592228889465332
2008-04-30,committee_dispersion,2008-04-23,-4,0.0354602225124836
2008-04-30,committee_dispersion,2008-04-24,-3,0.03375767171382904
2008-04-30,committee_dispersion,2008-04-25,-2,0.03764134272933006
2008-04-30,committee_dispersion,2008-04-28,-1,0.04408421739935875
2008-04-30,committee_dispersion,2008-04-29,0,0.0389246940612793
2008-04-30,policy_uncertainty,2008-03-19,-28,0.04000572860240936
2008-04-30,policy_uncertainty,2008-03-20,-27,0.03694701939821243
2008-04-30,policy_uncertainty,2008-03-24,-26,0.03746191784739494
2008-04-30,policy_uncertainty,2008-03-25,-25,0.03721563518047333
2008-04-30,policy_uncertainty,2008-03-26,-24,0.03563307225704193
2008-04-30,policy_uncertainty,2008-03-27,-23,0.03393349424004555
2008-04-30,policy_uncertainty,2008-03-28,-22,0.03248085826635361
2008-04-30,policy_uncertainty,2008-03-31,-21,0.03041670098900795
2008-04-30,policy_uncertainty,2008-04-01,-20,0.034869588911533356
2008-04-30,policy_uncertainty,2008-04-02,-19,0.03270141780376434
2008-04-30,policy_uncertainty,2008-04-03,-18,0.036929596215486526
2008-04-30,policy_uncertainty,2008-04-04,-17,0.03622467815876007
2008-04-30,policy_uncertainty,2008-04-07,-16,0.03070586733520031
2008-04-30,policy_uncertainty,2008-04-08,-15,0.034959062933921814
2008-04-30,policy_uncertainty,2008-04-09,-14,0.03072935715317726
2008-04-30,policy_uncertainty,2008-04-10,-13,0.0338992178440094
2008-04-30,policy_uncertainty,2008-04-11,-12,0.02959393337368965
2008-04-30,policy_uncertainty,2008-04-14,-11,0.029360134154558182
2008-04-30,policy_uncertainty,2008-04-15,-10,0.02933630533516407
2008-04-30,policy_uncertainty,2008-04-16,-9,0.031999725848436356
2008-04-30,policy_uncertainty,2008-04-17,-8,0.03483195975422859
2008-04-30,policy_uncertainty,2008-04-18,-7,0.03673408180475235
2008-04-30,policy_uncertainty,2008-04-21,-6,0.03474855050444603
2008-04-30,policy_uncertainty,2008-04-22,-5,0.03531107306480408
2008-04-30,policy_uncertainty,2008-04-23,-4,0.03398639336228371
2008-04-30,policy_uncertainty,2008-04-24,-3,0.032974276691675186
2008-04-30,policy_uncertainty,2008-04-25,-2,0.03680488094687462
2008-04-30,policy_uncertainty,2008-04-28,-1,0.04209136590361595
2008-04-30,policy_uncertainty,2008-04-29,0,0.037114135921001434
2008-04-30,forward_guidance_strength,2008-03-19,-28,0.03391707316040993
2008-04-30,forward_guidance_strength,2008-03-20,-27,0.03737286478281021
2008-04-30,forward_guidance_strength,2008-03-24,-26,0.03559449687600136
2008-04-30,forward_guidance_strength,2008-03-25,-25,0.032564666122198105
2008-04-30,forward_guidance_strength,2008-03-26,-24,0.03303176164627075
2008-04-30,forward_guidance_strength,2008-03-27,-23,0.035461753606796265
2008-04-30,forward_guidance_strength,2008-03-28,-22,0.03593409061431885
2008-04-30,forward_guidance_strength,2008-03-31,-21,0.034956976771354675
2008-04-30,forward_guidance_strength,2008-04-01,-20,0.03516896441578865
2008-04-30,forward_guidance_strength,2008-04-02,-19,0.038449108600616455
2008-04-30,forward_guidance_strength,2008-04-03,-18,0.03480098396539688
2008-04-30,forward_guidance_strength,2008-04-04,-17,0.030279289931058884
2008-04-30,forward_guidance_strength,2008-04-07,-16,0.03564828634262085
2008-04-30,forward_guidance_strength,2008-04-08,-15,0.03565407544374466
2008-04-30,forward_guidance_strength,2008-04-09,-14,0.0386049784719944
2008-04-30,forward_guidance_strength,2008-04-10,-13,0.03933567926287651
2008-04-30,forward_guidance_strength,2008-04-11,-12,0.04026087746024132
2008-04-30,forward_guidance_strength,2008-04-14,-11,0.039152469485998154
2008-04-30,forward_guidance_strength,2008-04-15,-10,0.03563448414206505
2008-04-30,forward_guidance_strength,2008-04-16,-9,0.0352061428129673
2008-04-30,forward_guidance_strength,2008-04-17,-8,0.03274696320295334
2008-04-30,forward_guidance_strength,2008-04-18,-7,0.03266630321741104
2008-04-30,forward_guidance_strength,2008-04-21,-6,0.03187629207968712
2008-04-30,forward_guidance_strength,2008-04-22,-5,0.03332097828388214
2008-04-30,forward_guidance_strength,2008-04-23,-4,0.030152244493365288
2008-04-30,forward_guidance_strength,2008-04-24,-3,0.03169212490320206
2008-04-30,forward_guidance_strength,2008-04-25,-2,0.03136283531785011
2008-04-30,forward_guidance_strength,2008-04-28,-1,0.029553908854722977
2008-04-30,forward_guidance_strength,2008-04-29,0,0.029599327594041824
2008-06-25,rate_decision,2008-05-01,-37,0.026118647307157516
2008-06-25,rate_decision,2008-05-02,-36,0.023919248953461647
2008-06-25,rate_decision,2008-05-05,-35,0.023604873567819595
2008-06-25,rate_decision,2008-05-06,-34,0.021645251661539078
2008-06-25,rate_decision,2008-05-07,-33,0.024415582418441772
2008-06-25,rate_decision,2008-05-08,-32,0.029406562447547913
2008-06-25,rate_decision,2008-05-09,-31,0.027478031814098358
2008-06-25,rate_decision,2008-05-12,-30,0.02858065441250801
2008-06-25,rate_decision,2008-05-13,-29,0.029183585196733475
2008-06-25,rate_decision,2008-05-14,-28,0.02516433224081993
2008-06-25,rate_decision,2008-05-15,-27,0.024415260180830956
2008-06-25,rate_decision,2008-05-16,-26,0.025471359491348267
2008-06-25,rate_decision,2008-05-19,-25,0.028252875432372093
2008-06-25,rate_decision,2008-05-20,-24,0.026682740077376366
2008-06-25,rate_decision,2008-05-21,-23,0.029168330132961273
2008-06-25,rate_decision,2008-05-22,-22,0.028448160737752914
2008-06-25,rate_decision,2008-05-23,-21,0.02765556238591671
2008-06-25,rate_decision,2008-05-27,-20,0.02173098549246788
2008-06-25,rate_decision,2008-05-28,-19,0.021620064973831177
2008-06-25,rate_decision,2008-05-29,-18,0.02524259127676487
2008-06-25,rate_decision,2008-05-30,-17,0.025956403464078903
2008-06-25,rate_decision,2008-06-02,-16,0.027540773153305054
2008-06-25,rate_decision,2008-06-03,-15,0.026144996285438538
2008-06-25,rate_decision,2008-06-04,-14,0.03145831823348999
2008-06-25,rate_decision,2008-06-05,-13,0.03059641271829605
2008-06-25,rate_decision,2008-06-06,-12,0.026125019416213036
2008-06-25,rate_decision,2008-06-09,-11,0.02694258652627468
2008-06-25,rate_decision,2008-06-10,-10,0.024890784174203873
2008-06-25,rate_decision,2008-06-11,-9,0.02601446583867073
2008-06-25,rate_decision,2008-06-12,-8,0.022838030010461807
2008-06-25,rate_decision,2008-06-13,-7,0.02430228888988495
2008-06-25,rate_decision,2008-06-16,-6,0.025415513664484024
2008-06-25,rate_decision,2008-06-17,-5,0.02317502163350582
2008-06-25,rate_decision,2008-06-18,-4,0.02951986715197563
2008-06-25,rate_decision,2008-06-19,-3,0.024630414322018623
2008-06-25,rate_decision,2008-06-20,-2,0.03014797903597355
2008-06-25,rate_decision,2008-06-23,-1,0.027669038623571396
2008-06-25,rate_decision,2008-06-24,0,0.028427375480532646
2008-06-25,current_policy_stance,2008-05-01,-37,0.029315020889043808
2008-06-25,current_policy_stance,2008-05-02,-36,0.028373930603265762
2008-06-25,current_policy_stance,2008-05-05,-35,0.023060163483023643
2008-06-25,current_policy_stance,2008-05-06,-34,0.02569916844367981
2008-06-25,current_policy_stance,2008-05-07,-33,0.026348132640123367
2008-06-25,current_policy_stance,2008-05-08,-32,0.03028324991464615
2008-06-25,current_policy_stance,2008-05-09,-31,0.03126116096973419
2008-06-25,current_policy_stance,2008-05-12,-30,0.02778400480747223
2008-06-25,current_policy_stance,2008-05-13,-29,0.030087070539593697
2008-06-25,current_policy_stance,2008-05-14,-28,0.025330934673547745
2008-06-25,current_policy_stance,2008-05-15,-27,0.022287782281637192
2008-06-25,current_policy_stance,2008-05-16,-26,0.023038014769554138
2008-06-25,current_policy_stance,2008-05-19,-25,0.027167553082108498
2008-06-25,current_policy_stance,2008-05-20,-24,0.0247034914791584
2008-06-25,current_policy_stance,2008-05-21,-23,0.024599669501185417
2008-06-25,current_policy_stance,2008-05-22,-22,0.02734580636024475
2008-06-25,current_policy_stance,2008-05-23,-21,0.02393941953778267
2008-06-25,current_policy_stance,2008-05-27,-20,0.02316269278526306
2008-06-25,current_policy_stance,2008-05-28,-19,0.022618353366851807
2008-06-25,current_policy_stance,2008-05-29,-18,0.023628631606698036
2008-06-25,current_policy_stance,2008-05-30,-17,0.02512025460600853
2008-06-25,current_policy_stance,2008-06-02,-16,0.025505676865577698
2008-06-25,current_policy_stance,2008-06-03,-15,0.02671312913298607
2008-06-25,current_policy_stance,2008-06-04,-14,0.030505478382110596
2008-06-25,current_policy_stance,2008-06-05,-13,0.033993594348430634
2008-06-25,current_policy_stance,2008-06-06,-12,0.025659596547484398
2008-06-25,current_policy_stance,2008-06-09,-11,0.02773093990981579
2008-06-25,current_policy_stance,2008-06-10,-10,0.026340706273913383
2008-06-25,current_policy_stance,2008-06-11,-9,0.024677366018295288
2008-06-25,current_policy_stance,2008-06-12,-8,0.022769339382648468
2008-06-25,current_policy_stance,2008-06-13,-7,0.021768229082226753
2008-06-25,current_policy_stance,2008-06-16,-6,0.022780023515224457
2008-06-25,current_policy_stance,2008-06-17,-5,0.02234926074743271
2008-06-25,current_policy_stance,2008-06-18,-4,0.027450330555438995
2008-06-25,current_policy_stance,2008-06-19,-3,0.02901170402765274
2008-06-25,current_policy_stance,2008-06-20,-2,0.028607340529561043
2008-06-25,current_policy_stance,2008-06-23,-1,0.029714446514844894
2008-06-25,current_policy_stance,2008-06-24,0,0.029268331825733185
2008-06-25,policy_stance_shift,2008-05-01,-37,0.02372346818447113
2008-06-25,policy_stance_shift,2008-05-02,-36,0.02812272123992443
2008-06-25,policy_stance_shift,2008-05-05,-35,0.033156003803014755
2008-06-25,policy_stance_shift,2008-05-06,-34,0.02708427980542183
2008-06-25,policy_stance_shift,2008-05-07,-33,0.026843374595046043
2008-06-25,policy_stance_shift,2008-05-08,-32,0.022402256727218628
2008-06-25,policy_stance_shift,2008-05-09,-31,0.02346557006239891
2008-06-25,policy_stance_shift,2008-05-12,-30,0.023354632779955864
2008-06-25,policy_stance_shift,2008-05-13,-29,0.023456783965229988
2008-06-25,policy_stance_shift,2008-05-14,-28,0.029415633529424667
2008-06-25,policy_stance_shift,2008-05-15,-27,0.031103257089853287
2008-06-25,policy_stance_shift,2008-05-16,-26,0.024920009076595306
2008-06-25,policy_stance_shift,2008-05-19,-25,0.024258391931653023
2008-06-25,policy_stance_shift,2008-05-20,-24,0.026478301733732224
2008-06-25,policy_stance_shift,2008-05-21,-23,0.020903900265693665
2008-06-25,policy_stance_shift,2008-05-22,-22,0.025628171861171722
2008-06-25,policy_stance_shift,2008-05-23,-21,0.02639137953519821
2008-06-25,policy_stance_shift,2008-05-27,-20,0.02451782301068306
2008-06-25,policy_stance_shift,2008-05-28,-19,0.028684057295322418
2008-06-25,policy_stance_shift,2008-05-29,-18,0.031481437385082245
2008-06-25,policy_stance_shift,2008-05-30,-17,0.03164266422390938
2008-06-25,policy_stance_shift,2008-06-02,-16,0.02661287412047386
2008-06-25,policy_stance_shift,2008-06-03,-15,0.02432054653763771
2008-06-25,policy_stance_shift,2008-06-04,-14,0.0193032156676054
2008-06-25,policy_stance_shift,2008-06-05,-13,0.025718871504068375
2008-06-25,policy_stance_shift,2008-06-06,-12,0.02656535618007183
2008-06-25,policy_stance_shift,2008-06-09,-11,0.02502269670367241
2008-06-25,policy_stance_shift,2008-06-10,-10,0.02815740555524826
2008-06-25,policy_stance_shift,2008-06-11,-9,0.028275124728679657
2008-06-25,policy_stance_shift,2008-06-12,-8,0.027998846024274826
2008-06-25,policy_stance_shift,2008-06-13,-7,0.029559507966041565
2008-06-25,policy_stance_shift,2008-06-16,-6,0.028603728860616684
2008-06-25,policy_stance_shift,2008-06-17,-5,0.030139781534671783
2008-06-25,policy_stance_shift,2008-06-18,-4,0.02142537385225296
2008-06-25,policy_stance_shift,2008-06-19,-3,0.028343193233013153
2008-06-25,policy_stance_shift,2008-06-20,-2,0.022723959758877754
2008-06-25,policy_stance_shift,2008-06-23,-1,0.025272605940699577
2008-06-25,policy_stance_shift,2008-06-24,0,0.024922823533415794
2008-06-25,expected_rate_path_shift,2008-05-01,-37,0.023692648857831955
2008-06-25,expected_rate_path_shift,2008-05-02,-36,0.028484677895903587
2008-06-25,expected_rate_path_shift,2008-05-05,-35,0.0338623970746994
2008-06-25,expected_rate_path_shift,2008-05-06,-34,0.027470391243696213
2008-06-25,expected_rate_path_shift,2008-05-07,-33,0.026793252676725388
2008-06-25,expected_rate_path_shift,2008-05-08,-32,0.021973202005028725
2008-06-25,expected_rate_path_shift,2008-05-09,-31,0.023349374532699585
2008-06-25,expected_rate_path_shift,2008-05-12,-30,0.0235324464738369
2008-06-25,expected_rate_path_shift,2008-05-13,-29,0.02379792183637619
2008-06-25,expected_rate_path_shift,2008-05-14,-28,0.030132293701171875
2008-06-25,expected_rate_path_shift,2008-05-15,-27,0.0316130556166172
2008-06-25,expected_rate_path_shift,2008-05-16,-26,0.02523796074092388
2008-06-25,expected_rate_path_shift,2008-05-19,-25,0.024213749915361404
2008-06-25,expected_rate_path_shift,2008-05-20,-24,0.02640564553439617
2008-06-25,expected_rate_path_shift,2008-05-21,-23,0.020837780088186264
2008-06-25,expected_rate_path_shift,2008-05-22,-22,0.025546208024024963
2008-06-25,expected_rate_path_shift,2008-05-23,-21,0.02638368308544159
2008-06-25,expected_rate_path_shift,2008-05-27,-20,0.024470657110214233
2008-06-25,expected_rate_path_shift,2008-05-28,-19,0.028846263885498047
2008-06-25,expected_rate_path_shift,2008-05-29,-18,0.03170865774154663
2008-06-25,expected_rate_path_shift,2008-05-30,-17,0.032070137560367584
2008-06-25,expected_rate_path_shift,2008-06-02,-16,0.02654966339468956
2008-06-25,expected_rate_path_shift,2008-06-03,-15,0.023940471932291985
2008-06-25,expected_rate_path_shift,2008-06-04,-14,0.018679384142160416
2008-06-25,expected_rate_path_shift,2008-06-05,-13,0.025064747780561447
2008-06-25,expected_rate_path_shift,2008-06-06,-12,0.02643529325723648
2008-06-25,expected_rate_path_shift,2008-06-09,-11,0.02453225664794445
2008-06-25,expected_rate_path_shift,2008-06-10,-10,0.027900049462914467
2008-06-25,expected_rate_path_shift,2008-06-11,-9,0.02808232605457306
2008-06-25,expected_rate_path_shift,2008-06-12,-8,0.028281021863222122
2008-06-25,expected_rate_path_shift,2008-06-13,-7,0.030164280906319618
2008-06-25,expected_rate_path_shift,2008-06-16,-6,0.029127158224582672
2008-06-25,expected_rate_path_shift,2008-06-17,-5,0.030432477593421936
2008-06-25,expected_rate_path_shift,2008-06-18,-4,0.020629169419407845
2008-06-25,expected_rate_path_shift,2008-06-19,-3,0.027921784669160843
2008-06-25,expected_rate_path_shift,2008-06-20,-2,0.022183183580636978
2008-06-25,expected_rate_path_shift,2008-06-23,-1,0.024936793372035027
2008-06-25,expected_rate_path_shift,2008-06-24,0,0.024717548862099648
2008-06-25,inflation_assessment_shift,2008-05-01,-37,0.02326919138431549
2008-06-25,inflation_assessment_shift,2008-05-02,-36,0.027156468480825424
2008-06-25,inflation_assessment_shift,2008-05-05,-35,0.03409375622868538
2008-06-25,inflation_assessment_shift,2008-05-06,-34,0.027132105082273483
2008-06-25,inflation_assessment_shift,2008-05-07,-33,0.02683849073946476
2008-06-25,inflation_assessment_shift,2008-05-08,-32,0.021678131073713303
2008-06-25,inflation_assessment_shift,2008-05-09,-31,0.02248140424489975
2008-06-25,inflation_assessment_shift,2008-05-12,-30,0.023188166320323944
2008-06-25,inflation_assessment_shift,2008-05-13,-29,0.02311128005385399
2008-06-25,inflation_assessment_shift,2008-05-14,-28,0.02943550981581211
2008-06-25,inflation_assessment_shift,2008-05-15,-27,0.03226785361766815
2008-06-25,inflation_assessment_shift,2008-05-16,-26,0.025843949988484383
2008-06-25,inflation_assessment_shift,2008-05-19,-25,0.02420441433787346
2008-06-25,inflation_assessment_shift,2008-05-20,-24,0.026913147419691086
2008-06-25,inflation_assessment_shift,2008-05-21,-23,0.021226974204182625
2008-06-25,inflation_assessment_shift,2008-05-22,-22,0.025306014344096184
2008-06-25,inflation_assessment_shift,2008-05-23,-21,0.02694210782647133
2008-06-25,inflation_assessment_shift,2008-05-27,-20,0.02457493357360363
2008-06-25,inflation_assessment_shift,2008-05-28,-19,0.028945505619049072
2008-06-25,inflation_assessment_shift,2008-05-29,-18,0.03227926418185234
2008-06-25,inflation_assessment_shift,2008-05-30,-17,0.03206074982881546
2008-06-25,inflation_assessment_shift,2008-06-02,-16,0.026796266436576843
2008-06-25,inflation_assessment_shift,2008-06-03,-15,0.02422424778342247
2008-06-25,inflation_assessment_shift,2008-06-04,-14,0.018792495131492615
2008-06-25,inflation_assessment_shift,2008-06-05,-13,0.024067377671599388
2008-06-25,inflation_assessment_shift,2008-06-06,-12,0.026659809052944183
2008-06-25,inflation_assessment_shift,2008-06-09,-11,0.024654429405927658
2008-06-25,inflation_assessment_shift,2008-06-10,-10,0.0277602169662714
2008-06-25,inflation_assessment_shift,2008-06-11,-9,0.028566092252731323
2008-06-25,inflation_assessment_shift,2008-06-12,-8,0.028386879712343216
2008-06-25,inflation_assessment_shift,2008-06-13,-7,0.03099570795893669
2008-06-25,inflation_assessment_shift,2008-06-16,-6,0.030175169929862022
2008-06-25,inflation_assessment_shift,2008-06-17,-5,0.03098602034151554
2008-06-25,inflation_assessment_shift,2008-06-18,-4,0.021192200481891632
2008-06-25,inflation_assessment_shift,2008-06-19,-3,0.027061941102147102
2008-06-25,inflation_assessment_shift,2008-06-20,-2,0.022376704961061478
2008-06-25,inflation_assessment_shift,2008-06-23,-1,0.02416115254163742
2008-06-25,inflation_assessment_shift,2008-06-24,0,0.02419385500252247
2008-06-25,inflation_risk_shift,2008-05-01,-37,0.023389432579278946
2008-06-25,inflation_risk_shift,2008-05-02,-36,0.02744181640446186
2008-06-25,inflation_risk_shift,2008-05-05,-35,0.03433763235807419
2008-06-25,inflation_risk_shift,2008-05-06,-34,0.027339082211256027
2008-06-25,inflation_risk_shift,2008-05-07,-33,0.026736022904515266
2008-06-25,inflation_risk_shift,2008-05-08,-32,0.021548887714743614
2008-06-25,inflation_risk_shift,2008-05-09,-31,0.022746266797184944
2008-06-25,inflation_risk_shift,2008-05-12,-30,0.023530008271336555
2008-06-25,inflation_risk_shift,2008-05-13,-29,0.023342741653323174
2008-06-25,inflation_risk_shift,2008-05-14,-28,0.02994566224515438
2008-06-25,inflation_risk_shift,2008-05-15,-27,0.03244183585047722
2008-06-25,inflation_risk_shift,2008-05-16,-26,0.02587776444852352
2008-06-25,inflation_risk_shift,2008-05-19,-25,0.024092407897114754
2008-06-25,inflation_risk_shift,2008-05-20,-24,0.026785803958773613
2008-06-25,inflation_risk_shift,2008-05-21,-23,0.0212529506534338
2008-06-25,inflation_risk_shift,2008-05-22,-22,0.025216737762093544
2008-06-25,inflation_risk_shift,2008-05-23,-21,0.026803523302078247
2008-06-25,inflation_risk_shift,2008-05-27,-20,0.024696333333849907
2008-06-25,inflation_risk_shift,2008-05-28,-19,0.029071299359202385
2008-06-25,inflation_risk_shift,2008-05-29,-18,0.032192543148994446
2008-06-25,inflation_risk_shift,2008-05-30,-17,0.03199509158730507
2008-06-25,inflation_risk_shift,2008-06-02,-16,0.02665855921804905
2008-06-25,inflation_risk_shift,2008-06-03,-15,0.02406514249742031
2008-06-25,inflation_risk_shift,2008-06-04,-14,0.018523789942264557
2008-06-25,inflation_risk_shift,2008-06-05,-13,0.02405526116490364
2008-06-25,inflation_risk_shift,2008-06-06,-12,0.02667325735092163
2008-06-25,inflation_risk_shift,2008-06-09,-11,0.024402117356657982
2008-06-25,inflation_risk_shift,2008-06-10,-10,0.027757663279771805
2008-06-25,inflation_risk_shift,2008-06-11,-9,0.02849821373820305
2008-06-25,inflation_risk_shift,2008-06-12,-8,0.02867523767054081
2008-06-25,inflation_risk_shift,2008-06-13,-7,0.03089999593794346
2008-06-25,inflation_risk_shift,2008-06-16,-6,0.02986098825931549
2008-06-25,inflation_risk_shift,2008-06-17,-5,0.030976999551057816
2008-06-25,inflation_risk_shift,2008-06-18,-4,0.020836666226387024
2008-06-25,inflation_risk_shift,2008-06-19,-3,0.027076415717601776
2008-06-25,inflation_risk_shift,2008-06-20,-2,0.022157061845064163
2008-06-25,inflation_risk_shift,2008-06-23,-1,0.024011585861444473
2008-06-25,inflation_risk_shift,2008-06-24,0,0.024087166413664818
2008-06-25,unemployment_assessment_shift,2008-05-01,-37,0.030186999589204788
2008-06-25,unemployment_assessment_shift,2008-05-02,-36,0.027504710480570793
2008-06-25,unemployment_assessment_shift,2008-05-05,-35,0.02137058600783348
2008-06-25,unemployment_assessment_shift,2008-05-06,-34,0.024902503937482834
2008-06-25,unemployment_assessment_shift,2008-05-07,-33,0.026444824412465096
2008-06-25,unemployment_assessment_shift,2008-05-08,-32,0.03231147304177284
2008-06-25,unemployment_assessment_shift,2008-05-09,-31,0.032119639217853546
2008-06-25,unemployment_assessment_shift,2008-05-12,-30,0.027794964611530304
2008-06-25,unemployment_assessment_shift,2008-05-13,-29,0.030507976189255714
2008-06-25,unemployment_assessment_shift,2008-05-14,-28,0.023746158927679062
2008-06-25,unemployment_assessment_shift,2008-05-15,-27,0.020836787298321724
2008-06-25,unemployment_assessment_shift,2008-05-16,-26,0.0229328665882349
2008-06-25,unemployment_assessment_shift,2008-05-19,-25,0.027809202671051025
2008-06-25,unemployment_assessment_shift,2008-05-20,-24,0.02545873075723648
2008-06-25,unemployment_assessment_shift,2008-05-21,-23,0.02675732411444187
2008-06-25,unemployment_assessment_shift,2008-05-22,-22,0.026735488325357437
2008-06-25,unemployment_assessment_shift,2008-05-23,-21,0.024191386997699738
2008-06-25,unemployment_assessment_shift,2008-05-27,-20,0.02393689565360546
2008-06-25,unemployment_assessment_shift,2008-05-28,-19,0.02168114297091961
2008-06-25,unemployment_assessment_shift,2008-05-29,-18,0.021519269794225693
2008-06-25,unemployment_assessment_shift,2008-05-30,-17,0.022693466395139694
2008-06-25,unemployment_assessment_shift,2008-06-02,-16,0.025312969461083412
2008-06-25,unemployment_assessment_shift,2008-06-03,-15,0.027500204741954803
2008-06-25,unemployment_assessment_shift,2008-06-04,-14,0.034481480717659
2008-06-25,unemployment_assessment_shift,2008-06-05,-13,0.033588215708732605
2008-06-25,unemployment_assessment_shift,2008-06-06,-12,0.02598736621439457
2008-06-25,unemployment_assessment_shift,2008-06-09,-11,0.028779717162251472
2008-06-25,unemployment_assessment_shift,2008-06-10,-10,0.024843329563736916
2008-06-25,unemployment_assessment_shift,2008-06-11,-9,0.023695720359683037
2008-06-25,unemployment_assessment_shift,2008-06-12,-8,0.021634435281157494
2008-06-25,unemployment_assessment_shift,2008-06-13,-7,0.020420970395207405
2008-06-25,unemployment_assessment_shift,2008-06-16,-6,0.02163064479827881
2008-06-25,unemployment_assessment_shift,2008-06-17,-5,0.021278370171785355
2008-06-25,unemployment_assessment_shift,2008-06-18,-4,0.030134480446577072
2008-06-25,unemployment_assessment_shift,2008-06-19,-3,0.028075922280550003
2008-06-25,unemployment_assessment_shift,2008-06-20,-2,0.030695151537656784
2008-06-25,unemployment_assessment_shift,2008-06-23,-1,0.02994181588292122
2008-06-25,unemployment_assessment_shift,2008-06-24,0,0.030556797981262207
2008-06-25,labor_market_risk_shift,2008-05-01,-37,0.0307016558945179
2008-06-25,labor_market_risk_shift,2008-05-02,-36,0.028140153735876083
2008-06-25,labor_market_risk_shift,2008-05-05,-35,0.021176733076572418
2008-06-25,labor_market_risk_shift,2008-05-06,-34,0.025153040885925293
2008-06-25,labor_market_risk_shift,2008-05-07,-33,0.02628166228532791
2008-06-25,labor_market_risk_shift,2008-05-08,-32,0.03250833600759506
2008-06-25,labor_market_risk_shift,2008-05-09,-31,0.03344826027750969
2008-06-25,labor_market_risk_shift,2008-05-12,-30,0.028311146423220634
2008-06-25,labor_market_risk_shift,2008-05-13,-29,0.0310651957988739
2008-06-25,labor_market_risk_shift,2008-05-14,-28,0.02384008839726448
2008-06-25,labor_market_risk_shift,2008-05-15,-27,0.02070716954767704
2008-06-25,labor_market_risk_shift,2008-05-16,-26,0.023054905235767365
2008-06-25,labor_market_risk_shift,2008-05-19,-25,0.02761918306350708
2008-06-25,labor_market_risk_shift,2008-05-20,-24,0.025198141112923622
2008-06-25,labor_market_risk_shift,2008-05-21,-23,0.026715222746133804
2008-06-25,labor_market_risk_shift,2008-05-22,-22,0.027164984494447708
2008-06-25,labor_market_risk_shift,2008-05-23,-21,0.023744503036141396
2008-06-25,labor_market_risk_shift,2008-05-27,-20,0.023462671786546707
2008-06-25,labor_market_risk_shift,2008-05-28,-19,0.021483318880200386
2008-06-25,labor_market_risk_shift,2008-05-29,-18,0.021329933777451515
2008-06-25,labor_market_risk_shift,2008-05-30,-17,0.022746698930859566
2008-06-25,labor_market_risk_shift,2008-06-02,-16,0.025226980447769165
2008-06-25,labor_market_risk_shift,2008-06-03,-15,0.02775978110730648
2008-06-25,labor_market_risk_shift,2008-06-04,-14,0.034535329788923264
2008-06-25,labor_market_risk_shift,2008-06-05,-13,0.034277234226465225
2008-06-25,labor_market_risk_shift,2008-06-06,-12,0.025619957596063614
2008-06-25,labor_market_risk_shift,2008-06-09,-11,0.02869863621890545
2008-06-25,labor_market_risk_shift,2008-06-10,-10,0.025112666189670563
2008-06-25,labor_market_risk_shift,2008-06-11,-9,0.023190852254629135
2008-06-25,labor_market_risk_shift,2008-06-12,-8,0.021363848820328712
2008-06-25,labor_market_risk_shift,2008-06-13,-7,0.02024226263165474
2008-06-25,labor_market_risk_shift,2008-06-16,-6,0.021595878526568413
2008-06-25,labor_market_risk_shift,2008-06-17,-5,0.020882287994027138
2008-06-25,labor_market_risk_shift,2008-06-18,-4,0.029031291604042053
2008-06-25,labor_market_risk_shift,2008-06-19,-3,0.028390448540449142
2008-06-25,labor_market_risk_shift,2008-06-20,-2,0.030032161623239517
2008-06-25,labor_market_risk_shift,2008-06-23,-1,0.029824303463101387
2008-06-25,labor_market_risk_shift,2008-06-24,0,0.030363045632839203
2008-06-25,growth_activity_shift,2008-05-01,-37,0.025333069264888763
2008-06-25,growth_activity_shift,2008-05-02,-36,0.02805447392165661
2008-06-25,growth_activity_shift,2008-05-05,-35,0.03291241452097893
2008-06-25,growth_activity_shift,2008-05-06,-34,0.027057340368628502
2008-06-25,growth_activity_shift,2008-05-07,-33,0.027003752067685127
2008-06-25,growth_activity_shift,2008-05-08,-32,0.023064546287059784
2008-06-25,growth_activity_shift,2008-05-09,-31,0.02460492216050625
2008-06-25,growth_activity_shift,2008-05-12,-30,0.02440008893609047
2008-06-25,growth_activity_shift,2008-05-13,-29,0.024109048768877983
2008-06-25,growth_activity_shift,2008-05-14,-28,0.02917463146150112
2008-06-25,growth_activity_shift,2008-05-15,-27,0.030674759298563004
2008-06-25,growth_activity_shift,2008-05-16,-26,0.025044923648238182
2008-06-25,growth_activity_shift,2008-05-19,-25,0.024575278162956238
2008-06-25,growth_activity_shift,2008-05-20,-24,0.026660580188035965
2008-06-25,growth_activity_shift,2008-05-21,-23,0.02158312126994133
2008-06-25,growth_activity_shift,2008-05-22,-22,0.025234103202819824
2008-06-25,growth_activity_shift,2008-05-23,-21,0.026475459337234497
2008-06-25,growth_activity_shift,2008-05-27,-20,0.024227522313594818
2008-06-25,growth_activity_shift,2008-05-28,-19,0.027207225561141968
2008-06-25,growth_activity_shift,2008-05-29,-18,0.030901694670319557
2008-06-25,growth_activity_shift,2008-05-30,-17,0.03133457526564598
2008-06-25,growth_activity_shift,2008-06-02,-16,0.02667659893631935
2008-06-25,growth_activity_shift,2008-06-03,-15,0.024616578593850136
2008-06-25,growth_activity_shift,2008-06-04,-14,0.01992735080420971
2008-06-25,growth_activity_shift,2008-06-05,-13,0.026024026796221733
2008-06-25,growth_activity_shift,2008-06-06,-12,0.027035711333155632
2008-06-25,growth_activity_shift,2008-06-09,-11,0.02482781931757927
2008-06-25,growth_activity_shift,2008-06-10,-10,0.027178041636943817
2008-06-25,growth_activity_shift,2008-06-11,-9,0.02789614535868168
2008-06-25,growth_activity_shift,2008-06-12,-8,0.027156412601470947
2008-06-25,growth_activity_shift,2008-06-13,-7,0.028406938537955284
2008-06-25,growth_activity_shift,2008-06-16,-6,0.02815447375178337
2008-06-25,growth_activity_shift,2008-06-17,-5,0.029668163508176804
2008-06-25,growth_activity_shift,2008-06-18,-4,0.02203655242919922
2008-06-25,growth_activity_shift,2008-06-19,-3,0.028046049177646637
2008-06-25,growth_activity_shift,2008-06-20,-2,0.023007526993751526
2008-06-25,growth_activity_shift,2008-06-23,-1,0.024933038279414177
2008-06-25,growth_activity_shift,2008-06-24,0,0.024775076657533646
2008-06-25,financial_conditions_shift,2008-05-01,-37,0.029173593968153
2008-06-25,financial_conditions_shift,2008-05-02,-36,0.028323840349912643
2008-06-25,financial_conditions_shift,2008-05-05,-35,0.023018475621938705
2008-06-25,financial_conditions_shift,2008-05-06,-34,0.025939416140317917
2008-06-25,financial_conditions_shift,2008-05-07,-33,0.026660403236746788
2008-06-25,financial_conditions_shift,2008-05-08,-32,0.03069043532013893
2008-06-25,financial_conditions_shift,2008-05-09,-31,0.03141926974058151
2008-06-25,financial_conditions_shift,2008-05-12,-30,0.026965966448187828
2008-06-25,financial_conditions_shift,2008-05-13,-29,0.029036149382591248
2008-06-25,financial_conditions_shift,2008-05-14,-28,0.02496316283941269
2008-06-25,financial_conditions_shift,2008-05-15,-27,0.022066300734877586
2008-06-25,financial_conditions_shift,2008-05-16,-26,0.02329663187265396
2008-06-25,financial_conditions_shift,2008-05-19,-25,0.02732098288834095
2008-06-25,financial_conditions_shift,2008-05-20,-24,0.0250923503190279
2008-06-25,financial_conditions_shift,2008-05-21,-23,0.025506693869829178
2008-06-25,financial_conditions_shift,2008-05-22,-22,0.026581065729260445
2008-06-25,financial_conditions_shift,2008-05-23,-21,0.023686127737164497
2008-06-25,financial_conditions_shift,2008-05-27,-20,0.02320573478937149
2008-06-25,financial_conditions_shift,2008-05-28,-19,0.022857068106532097
2008-06-25,financial_conditions_shift,2008-05-29,-18,0.023255031555891037
2008-06-25,financial_conditions_shift,2008-05-30,-17,0.024270182475447655
2008-06-25,financial_conditions_shift,2008-06-02,-16,0.025786548852920532
2008-06-25,financial_conditions_shift,2008-06-03,-15,0.02717149630188942
2008-06-25,financial_conditions_shift,2008-06-04,-14,0.031992107629776
2008-06-25,financial_conditions_shift,2008-06-05,-13,0.03299424797296524
2008-06-25,financial_conditions_shift,2008-06-06,-12,0.02553318627178669
2008-06-25,financial_conditions_shift,2008-06-09,-11,0.026861974969506264
2008-06-25,financial_conditions_shift,2008-06-10,-10,0.025117699056863785
2008-06-25,financial_conditions_shift,2008-06-11,-9,0.023853862658143044
2008-06-25,financial_conditions_shift,2008-06-12,-8,0.02230193093419075
2008-06-25,financial_conditions_shift,2008-06-13,-7,0.021341275423765182
2008-06-25,financial_conditions_shift,2008-06-16,-6,0.02242230623960495
2008-06-25,financial_conditions_shift,2008-06-17,-5,0.022308025509119034
2008-06-25,financial_conditions_shift,2008-06-18,-4,0.02877996675670147
2008-06-25,financial_conditions_shift,2008-06-19,-3,0.028926480561494827
2008-06-25,financial_conditions_shift,2008-06-20,-2,0.030369997024536133
2008-06-25,financial_conditions_shift,2008-06-23,-1,0.030165264382958412
2008-06-25,financial_conditions_shift,2008-06-24,0,0.03074473887681961
2008-06-25,risk_balance_shift,2008-05-01,-37,0.02453400380909443
2008-06-25,risk_balance_shift,2008-05-02,-36,0.027908742427825928
2008-06-25,risk_balance_shift,2008-05-05,-35,0.03389391675591469
2008-06-25,risk_balance_shift,2008-05-06,-34,0.027042046189308167
2008-06-25,risk_balance_shift,2008-05-07,-33,0.026539217680692673
2008-06-25,risk_balance_shift,2008-05-08,-32,0.02229156717658043
2008-06-25,risk_balance_shift,2008-05-09,-31,0.02335260808467865
2008-06-25,risk_balance_shift,2008-05-12,-30,0.02398536168038845
2008-06-25,risk_balance_shift,2008-05-13,-29,0.023849481716752052
2008-06-25,risk_balance_shift,2008-05-14,-28,0.02963210642337799
2008-06-25,risk_balance_shift,2008-05-15,-27,0.03146887943148613
2008-06-25,risk_balance_shift,2008-05-16,-26,0.025116361677646637
2008-06-25,risk_balance_shift,2008-05-19,-25,0.024062499403953552
2008-06-25,risk_balance_shift,2008-05-20,-24,0.026707593351602554
2008-06-25,risk_balance_shift,2008-05-21,-23,0.02157452702522278
2008-06-25,risk_balance_shift,2008-05-22,-22,0.02549288608133793
2008-06-25,risk_balance_shift,2008-05-23,-21,0.02704424411058426
2008-06-25,risk_balance_shift,2008-05-27,-20,0.024694977328181267
2008-06-25,risk_balance_shift,2008-05-28,-19,0.028643086552619934
2008-06-25,risk_balance_shift,2008-05-29,-18,0.03157176077365875
2008-06-25,risk_balance_shift,2008-05-30,-17,0.03120785392820835
2008-06-25,risk_balance_shift,2008-06-02,-16,0.026092251762747765
2008-06-25,risk_balance_shift,2008-06-03,-15,0.023974517360329628
2008-06-25,risk_balance_shift,2008-06-04,-14,0.019443662837147713
2008-06-25,risk_balance_shift,2008-06-05,-13,0.024977631866931915
2008-06-25,risk_balance_shift,2008-06-06,-12,0.027184834703803062
2008-06-25,risk_balance_shift,2008-06-09,-11,0.02503737062215805
2008-06-25,risk_balance_shift,2008-06-10,-10,0.02790876105427742
2008-06-25,risk_balance_shift,2008-06-11,-9,0.028422068804502487
2008-06-25,risk_balance_shift,2008-06-12,-8,0.027852021157741547
2008-06-25,risk_balance_shift,2008-06-13,-7,0.0296461284160614
2008-06-25,risk_balance_shift,2008-06-16,-6,0.02896355465054512
2008-06-25,risk_balance_shift,2008-06-17,-5,0.02974492870271206
2008-06-25,risk_balance_shift,2008-06-18,-4,0.021146036684513092
2008-06-25,risk_balance_shift,2008-06-19,-3,0.027175605297088623
2008-06-25,risk_balance_shift,2008-06-20,-2,0.022559545934200287
2008-06-25,risk_balance_shift,2008-06-23,-1,0.02442895993590355
2008-06-25,risk_balance_shift,2008-06-24,0,0.02482839673757553
2008-06-25,committee_dispersion,2008-05-01,-37,0.025561396032571793
2008-06-25,committee_dispersion,2008-05-02,-36,0.029625067487359047
2008-06-25,committee_dispersion,2008-05-05,-35,0.030974186956882477
2008-06-25,committee_dispersion,2008-05-06,-34,0.026869729161262512
2008-06-25,committee_dispersion,2008-05-07,-33,0.027199843898415565
2008-06-25,committee_dispersion,2008-05-08,-32,0.024083515629172325
2008-06-25,committee_dispersion,2008-05-09,-31,0.026128482073545456
2008-06-25,committee_dispersion,2008-05-12,-30,0.02403116226196289
2008-06-25,committee_dispersion,2008-05-13,-29,0.025077534839510918
2008-06-25,committee_dispersion,2008-05-14,-28,0.02925083413720131
2008-06-25,committee_dispersion,2008-05-15,-27,0.028388144448399544
2008-06-25,committee_dispersion,2008-05-16,-26,0.023541035130620003
2008-06-25,committee_dispersion,2008-05-19,-25,0.024968856945633888
2008-06-25,committee_dispersion,2008-05-20,-24,0.026249488815665245
2008-06-25,committee_dispersion,2008-05-21,-23,0.02080419659614563
2008-06-25,committee_dispersion,2008-05-22,-22,0.026503996923565865
2008-06-25,committee_dispersion,2008-05-23,-21,0.025508757680654526
2008-06-25,committee_dispersion,2008-05-27,-20,0.023749198764562607
2008-06-25,committee_dispersion,2008-05-28,-19,0.027010807767510414
2008-06-25,committee_dispersion,2008-05-29,-18,0.029350757598876953
2008-06-25,committee_dispersion,2008-05-30,-17,0.030436687171459198
2008-06-25,committee_dispersion,2008-06-02,-16,0.026597172021865845
2008-06-25,committee_dispersion,2008-06-03,-15,0.02535763382911682
2008-06-25,committee_dispersion,2008-06-04,-14,0.02089359425008297
2008-06-25,committee_dispersion,2008-06-05,-13,0.029268909245729446
2008-06-25,committee_dispersion,2008-06-06,-12,0.026493242010474205
2008-06-25,committee_dispersion,2008-06-09,-11,0.025707345455884933
2008-06-25,committee_dispersion,2008-06-10,-10,0.02856414020061493
2008-06-25,committee_dispersion,2008-06-11,-9,0.027042321860790253
2008-06-25,committee_dispersion,2008-06-12,-8,0.025999847799539566
2008-06-25,committee_dispersion,2008-06-13,-7,0.026910671964287758
2008-06-25,committee_dispersion,2008-06-16,-6,0.026479821652173996
2008-06-25,committee_dispersion,2008-06-17,-5,0.028184354305267334
2008-06-25,committee_dispersion,2008-06-18,-4,0.021557116881012917
2008-06-25,committee_dispersion,2008-06-19,-3,0.029795028269290924
2008-06-25,committee_dispersion,2008-06-20,-2,0.023147257044911385
2008-06-25,committee_dispersion,2008-06-23,-1,0.026621997356414795
2008-06-25,committee_dispersion,2008-06-24,0,0.02606586366891861
2008-06-25,policy_uncertainty,2008-05-01,-37,0.024984028190374374
2008-06-25,policy_uncertainty,2008-05-02,-36,0.029033048078417778
2008-06-25,policy_uncertainty,2008-05-05,-35,0.03153582289814949
2008-06-25,policy_uncertainty,2008-05-06,-34,0.027582667768001556
2008-06-25,policy_uncertainty,2008-05-07,-33,0.02727551758289337
2008-06-25,policy_uncertainty,2008-05-08,-32,0.023824848234653473
2008-06-25,policy_uncertainty,2008-05-09,-31,0.02572588250041008
2008-06-25,policy_uncertainty,2008-05-12,-30,0.024229098111391068
2008-06-25,policy_uncertainty,2008-05-13,-29,0.025039836764335632
2008-06-25,policy_uncertainty,2008-05-14,-28,0.02971600368618965
2008-06-25,policy_uncertainty,2008-05-15,-27,0.029474357143044472
2008-06-25,policy_uncertainty,2008-05-16,-26,0.02433101087808609
2008-06-25,policy_uncertainty,2008-05-19,-25,0.024844763800501823
2008-06-25,policy_uncertainty,2008-05-20,-24,0.02600032649934292
2008-06-25,policy_uncertainty,2008-05-21,-23,0.020961467176675797
2008-06-25,policy_uncertainty,2008-05-22,-22,0.026186922565102577
2008-06-25,policy_uncertainty,2008-05-23,-21,0.025353949517011642
2008-06-25,policy_uncertainty,2008-05-27,-20,0.02334561012685299
2008-06-25,policy_uncertainty,2008-05-28,-19,0.026945587247610092
2008-06-25,policy_uncertainty,2008-05-29,-18,0.029851464554667473
2008-06-25,policy_uncertainty,2008-05-30,-17,0.030545976012945175
2008-06-25,policy_uncertainty,2008-06-02,-16,0.026460785418748856
2008-06-25,policy_uncertainty,2008-06-03,-15,0.02478613704442978
2008-06-25,policy_uncertainty,2008-06-04,-14,0.020796267315745354
2008-06-25,policy_uncertainty,2008-06-05,-13,0.0284650307148695
2008-06-25,policy_uncertainty,2008-06-06,-12,0.02661965973675251
2008-06-25,policy_uncertainty,2008-06-09,-11,0.025306353345513344
2008-06-25,policy_uncertainty,2008-06-10,-10,0.027895517647266388
2008-06-25,policy_uncertainty,2008-06-11,-9,0.027040759101510048
2008-06-25,policy_uncertainty,2008-06-12,-8,0.02654692530632019
2008-06-25,policy_uncertainty,2008-06-13,-7,0.027250174432992935
2008-06-25,policy_uncertainty,2008-06-16,-6,0.026498526334762573
2008-06-25,policy_uncertainty,2008-06-17,-5,0.028234142810106277
2008-06-25,policy_uncertainty,2008-06-18,-4,0.02181955613195896
2008-06-25,policy_uncertainty,2008-06-19,-3,0.029514001682400703
2008-06-25,policy_uncertainty,2008-06-20,-2,0.023510897532105446
2008-06-25,policy_uncertainty,2008-06-23,-1,0.026476722210645676
2008-06-25,policy_uncertainty,2008-06-24,0,0.025990312919020653
2008-06-25,forward_guidance_strength,2008-05-01,-37,0.027406644076108932
2008-06-25,forward_guidance_strength,2008-05-02,-36,0.02788141742348671
2008-06-25,forward_guidance_strength,2008-05-05,-35,0.023869900032877922
2008-06-25,forward_guidance_strength,2008-05-06,-34,0.025399889796972275
2008-06-25,forward_guidance_strength,2008-05-07,-33,0.02643061988055706
2008-06-25,forward_guidance_strength,2008-05-08,-32,0.02976500242948532
2008-06-25,forward_guidance_strength,2008-05-09,-31,0.02985222265124321
2008-06-25,forward_guidance_strength,2008-05-12,-30,0.02661437913775444
2008-06-25,forward_guidance_strength,2008-05-13,-29,0.029039910063147545
2008-06-25,forward_guidance_strength,2008-05-14,-28,0.02565772458910942
2008-06-25,forward_guidance_strength,2008-05-15,-27,0.0228695347905159
2008-06-25,forward_guidance_strength,2008-05-16,-26,0.022760270163416862
2008-06-25,forward_guidance_strength,2008-05-19,-25,0.027254264801740646
2008-06-25,forward_guidance_strength,2008-05-20,-24,0.025201313197612762
2008-06-25,forward_guidance_strength,2008-05-21,-23,0.023907475173473358
2008-06-25,forward_guidance_strength,2008-05-22,-22,0.027093827724456787
2008-06-25,forward_guidance_strength,2008-05-23,-21,0.024055389687418938
2008-06-25,forward_guidance_strength,2008-05-27,-20,0.023289736360311508
2008-06-25,forward_guidance_strength,2008-05-28,-19,0.023586267605423927
2008-06-25,forward_guidance_strength,2008-05-29,-18,0.024769285693764687
2008-06-25,forward_guidance_strength,2008-05-30,-17,0.02600671537220478
2008-06-25,forward_guidance_strength,2008-06-02,-16,0.026178283616900444
2008-06-25,forward_guidance_strength,2008-06-03,-15,0.026668604463338852
2008-06-25,forward_guidance_strength,2008-06-04,-14,0.029497917741537094
2008-06-25,forward_guidance_strength,2008-06-05,-13,0.03335905820131302
2008-06-25,forward_guidance_strength,2008-06-06,-12,0.025747423991560936
2008-06-25,forward_guidance_strength,2008-06-09,-11,0.02741454914212227
2008-06-25,forward_guidance_strength,2008-06-10,-10,0.026429345831274986
2008-06-25,forward_guidance_strength,2008-06-11,-9,0.024860695004463196
2008-06-25,forward_guidance_strength,2008-06-12,-8,0.02316337078809738
2008-06-25,forward_guidance_strength,2008-06-13,-7,0.022369712591171265
2008-06-25,forward_guidance_strength,2008-06-16,-6,0.022948773577809334
2008-06-25,forward_guidance_strength,2008-06-17,-5,0.023586055263876915
2008-06-25,forward_guidance_strength,2008-06-18,-4,0.02728389948606491
2008-06-25,forward_guidance_strength,2008-06-19,-3,0.029487766325473785
2008-06-25,forward_guidance_strength,2008-06-20,-2,0.02855684608221054
2008-06-25,forward_guidance_strength,2008-06-23,-1,0.030037622898817062
2008-06-25,forward_guidance_strength,2008-06-24,0,0.02969825640320778
2008-08-05,rate_decision,2008-06-26,-26,0.03497251868247986
2008-08-05,rate_decision,2008-06-27,-25,0.03751382231712341
2008-08-05,rate_decision,2008-06-30,-24,0.03740696236491203
2008-08-05,rate_decision,2008-07-01,-23,0.03549768403172493
2008-08-05,rate_decision,2008-07-02,-22,0.03571382910013199
2008-08-05,rate_decision,2008-07-03,-21,0.03494754806160927
2008-08-05,rate_decision,2008-07-07,-20,0.037964560091495514
2008-08-05,rate_decision,2008-07-08,-19,0.039957720786333084
2008-08-05,rate_decision,2008-07-09,-18,0.03553548455238342
2008-08-05,rate_decision,2008-07-10,-17,0.035203054547309875
2008-08-05,rate_decision,2008-07-11,-16,0.03722070902585983
2008-08-05,rate_decision,2008-07-14,-15,0.03687921166419983
2008-08-05,rate_decision,2008-07-15,-14,0.0314558781683445
2008-08-05,rate_decision,2008-07-16,-13,0.034097958356142044
2008-08-05,rate_decision,2008-07-17,-12,0.040407225489616394
2008-08-05,rate_decision,2008-07-18,-11,0.03698777034878731
2008-08-05,rate_decision,2008-07-21,-10,0.032519757747650146
2008-08-05,rate_decision,2008-07-22,-9,0.037992700934410095
2008-08-05,rate_decision,2008-07-23,-8,0.03481791913509369
2008-08-05,rate_decision,2008-07-24,-7,0.0375959649682045
2008-08-05,rate_decision,2008-07-25,-6,0.035288408398628235
2008-08-05,rate_decision,2008-07-28,-5,0.03445785865187645
2008-08-05,rate_decision,2008-07-29,-4,0.039748415350914
2008-08-05,rate_decision,2008-07-30,-3,0.037626855075359344
2008-08-05,rate_decision,2008-07-31,-2,0.042331524193286896
2008-08-05,rate_decision,2008-08-01,-1,0.03941098228096962
2008-08-05,rate_decision,2008-08-04,0,0.04644765332341194
2008-08-05,current_policy_stance,2008-06-26,-26,0.03743702545762062
2008-08-05,current_policy_stance,2008-06-27,-25,0.03564528003334999
2008-08-05,current_policy_stance,2008-06-30,-24,0.037536654621362686
2008-08-05,current_policy_stance,2008-07-01,-23,0.03678902983665466
2008-08-05,current_policy_stance,2008-07-02,-22,0.036712128669023514
2008-08-05,current_policy_stance,2008-07-03,-21,0.036468714475631714
2008-08-05,current_policy_stance,2008-07-07,-20,0.03636505454778671
2008-08-05,current_policy_stance,2008-07-08,-19,0.036166220903396606
2008-08-05,current_policy_stance,2008-07-09,-18,0.03464075177907944
2008-08-05,current_policy_stance,2008-07-10,-17,0.03491656482219696
2008-08-05,current_policy_stance,2008-07-11,-16,0.039674609899520874
2008-08-05,current_policy_stance,2008-07-14,-15,0.03615553304553032
2008-08-05,current_policy_stance,2008-07-15,-14,0.03378981351852417
2008-08-05,current_policy_stance,2008-07-16,-13,0.034801237285137177
2008-08-05,current_policy_stance,2008-07-17,-12,0.034493349492549896
2008-08-05,current_policy_stance,2008-07-18,-11,0.03838243708014488
2008-08-05,current_policy_stance,2008-07-21,-10,0.04022151231765747
2008-08-05,current_policy_stance,2008-07-22,-9,0.038687653839588165
2008-08-05,current_policy_stance,2008-07-23,-8,0.0390513651072979
2008-08-05,current_policy_stance,2008-07-24,-7,0.03667020797729492
2008-08-05,current_policy_stance,2008-07-25,-6,0.04031854495406151
2008-08-05,current_policy_stance,2008-07-28,-5,0.03743039816617966
2008-08-05,current_policy_stance,2008-07-29,-4,0.03709139674901962
2008-08-05,current_policy_stance,2008-07-30,-3,0.04140419512987137
2008-08-05,current_policy_stance,2008-07-31,-2,0.035923197865486145
2008-08-05,current_policy_stance,2008-08-01,-1,0.03814384341239929
2008-08-05,current_policy_stance,2008-08-04,0,0.03508325666189194
2008-08-05,policy_stance_shift,2008-06-26,-26,0.03661632537841797
2008-08-05,policy_stance_shift,2008-06-27,-25,0.03485824167728424
2008-08-05,policy_stance_shift,2008-06-30,-24,0.036722034215927124
2008-08-05,policy_stance_shift,2008-07-01,-23,0.035583000630140305
2008-08-05,policy_stance_shift,2008-07-02,-22,0.035528313368558884
2008-08-05,policy_stance_shift,2008-07-03,-21,0.03535573557019234
2008-08-05,policy_stance_shift,2008-07-07,-20,0.03607603535056114
2008-08-05,policy_stance_shift,2008-07-08,-19,0.03638265281915665
2008-08-05,policy_stance_shift,2008-07-09,-18,0.03627689555287361
2008-08-05,policy_stance_shift,2008-07-10,-17,0.03754926100373268
2008-08-05,policy_stance_shift,2008-07-11,-16,0.03937412425875664
2008-08-05,policy_stance_shift,2008-07-14,-15,0.035822320729494095
2008-08-05,policy_stance_shift,2008-07-15,-14,0.035725243389606476
2008-08-05,policy_stance_shift,2008-07-16,-13,0.03652935475111008
2008-08-05,policy_stance_shift,2008-07-17,-12,0.034682996571063995
2008-08-05,policy_stance_shift,2008-07-18,-11,0.03860772028565407
2008-08-05,policy_stance_shift,2008-07-21,-10,0.04077143967151642
2008-08-05,policy_stance_shift,2008-07-22,-9,0.03902628272771835
2008-08-05,policy_stance_shift,2008-07-23,-8,0.03685711696743965
2008-08-05,policy_stance_shift,2008-07-24,-7,0.034988392144441605
2008-08-05,policy_stance_shift,2008-07-25,-6,0.03941400721669197
2008-08-05,policy_stance_shift,2008-07-28,-5,0.03692822530865669
2008-08-05,policy_stance_shift,2008-07-29,-4,0.03659088909626007
2008-08-05,policy_stance_shift,2008-07-30,-3,0.04021013155579567
2008-08-05,policy_stance_shift,2008-07-31,-2,0.036712780594825745
2008-08-05,policy_stance_shift,2008-08-01,-1,0.040068794041872025
2008-08-05,policy_stance_shift,2008-08-04,0,0.036741677671670914
2008-08-05,expected_rate_path_shift,2008-06-26,-26,0.03548184037208557
2008-08-05,expected_rate_path_shift,2008-06-27,-25,0.03636473789811134
2008-08-05,expected_rate_path_shift,2008-06-30,-24,0.0381506122648716
2008-08-05,expected_rate_path_shift,2008-07-01,-23,0.03629472106695175
2008-08-05,expected_rate_path_shift,2008-07-02,-22,0.03649260848760605
2008-08-05,expected_rate_path_shift,2008-07-03,-21,0.03621089458465576
2008-08-05,expected_rate_path_shift,2008-07-07,-20,0.036940403282642365
2008-08-05,expected_rate_path_shift,2008-07-08,-19,0.03814132139086723
2008-08-05,expected_rate_path_shift,2008-07-09,-18,0.037492066621780396
2008-08-05,expected_rate_path_shift,2008-07-10,-17,0.036109793931245804
2008-08-05,expected_rate_path_shift,2008-07-11,-16,0.03959959000349045
2008-08-05,expected_rate_path_shift,2008-07-14,-15,0.035150013864040375
2008-08-05,expected_rate_path_shift,2008-07-15,-14,0.03420111909508705
2008-08-05,expected_rate_path_shift,2008-07-16,-13,0.03381235525012016
2008-08-05,expected_rate_path_shift,2008-07-17,-12,0.0332094207406044
2008-08-05,expected_rate_path_shift,2008-07-18,-11,0.036681078374385834
2008-08-05,expected_rate_path_shift,2008-07-21,-10,0.037272706627845764
2008-08-05,expected_rate_path_shift,2008-07-22,-9,0.03740900754928589
2008-08-05,expected_rate_path_shift,2008-07-23,-8,0.035081490874290466
2008-08-05,expected_rate_path_shift,2008-07-24,-7,0.03299534320831299
2008-08-05,expected_rate_path_shift,2008-07-25,-6,0.04051977023482323
2008-08-05,expected_rate_path_shift,2008-07-28,-5,0.03442366048693657
2008-08-05,expected_rate_path_shift,2008-07-29,-4,0.03790783882141113
2008-08-05,expected_rate_path_shift,2008-07-30,-3,0.04122592508792877
2008-08-05,expected_rate_path_shift,2008-07-31,-2,0.03760627657175064
2008-08-05,expected_rate_path_shift,2008-08-01,-1,0.04280155897140503
2008-08-05,expected_rate_path_shift,2008-08-04,0,0.04242381080985069
2008-08-05,inflation_assessment_shift,2008-06-26,-26,0.03328821063041687
2008-08-05,inflation_assessment_shift,2008-06-27,-25,0.03498437628149986
2008-08-05,inflation_assessment_shift,2008-06-30,-24,0.03594757989048958
2008-08-05,inflation_assessment_shift,2008-07-01,-23,0.03409972041845322
2008-08-05,inflation_assessment_shift,2008-07-02,-22,0.03394843265414238
2008-08-05,inflation_assessment_shift,2008-07-03,-21,0.03380611911416054
2008-08-05,inflation_assessment_shift,2008-07-07,-20,0.03717887029051781
2008-08-05,inflation_assessment_shift,2008-07-08,-19,0.03953944146633148
2008-08-05,inflation_assessment_shift,2008-07-09,-18,0.04062555730342865
2008-08-05,inflation_assessment_shift,2008-07-10,-17,0.037854693830013275
2008-08-05,inflation_assessment_shift,2008-07-11,-16,0.03802618384361267
2008-08-05,inflation_assessment_shift,2008-07-14,-15,0.03686820715665817
2008-08-05,inflation_assessment_shift,2008-07-15,-14,0.03787565231323242
2008-08-05,inflation_assessment_shift,2008-07-16,-13,0.03507380187511444
2008-08-05,inflation_assessment_shift,2008-07-17,-12,0.03693459928035736
2008-08-05,inflation_assessment_shift,2008-07-18,-11,0.035740651190280914
2008-08-05,inflation_assessment_shift,2008-07-21,-10,0.03299528360366821
2008-08-05,inflation_assessment_shift,2008-07-22,-9,0.03590063750743866
2008-08-05,inflation_assessment_shift,2008-07-23,-8,0.03137505054473877
2008-08-05,inflation_assessment_shift,2008-07-24,-7,0.03343813866376877
2008-08-05,inflation_assessment_shift,2008-07-25,-6,0.03701702877879143
2008-08-05,inflation_assessment_shift,2008-07-28,-5,0.0336657389998436
2008-08-05,inflation_assessment_shift,2008-07-29,-4,0.037998102605342865
2008-08-05,inflation_assessment_shift,2008-07-30,-3,0.037953924387693405
2008-08-05,inflation_assessment_shift,2008-07-31,-2,0.04201953858137131
2008-08-05,inflation_assessment_shift,2008-08-01,-1,0.04547196254134178
2008-08-05,inflation_assessment_shift,2008-08-04,0,0.05037249997258186
2008-08-05,inflation_risk_shift,2008-06-26,-26,0.033009547740221024
2008-08-05,inflation_risk_shift,2008-06-27,-25,0.03532995283603668
2008-08-05,inflation_risk_shift,2008-06-30,-24,0.03545761853456497
2008-08-05,inflation_risk_shift,2008-07-01,-23,0.03380468487739563
2008-08-05,inflation_risk_shift,2008-07-02,-22,0.03384118527173996
2008-08-05,inflation_risk_shift,2008-07-03,-21,0.03421453386545181
2008-08-05,inflation_risk_shift,2008-07-07,-20,0.037359919399023056
2008-08-05,inflation_risk_shift,2008-07-08,-19,0.038829125463962555
2008-08-05,inflation_risk_shift,2008-07-09,-18,0.04179826378822327
2008-08-05,inflation_risk_shift,2008-07-10,-17,0.03944232687354088
2008-08-05,inflation_risk_shift,2008-07-11,-16,0.03712102025747299
2008-08-05,inflation_risk_shift,2008-07-14,-15,0.035904526710510254
2008-08-05,inflation_risk_shift,2008-07-15,-14,0.03761405497789383
2008-08-05,inflation_risk_shift,2008-07-16,-13,0.03478499874472618
2008-08-05,inflation_risk_shift,2008-07-17,-12,0.03509578853845596
2008-08-05,inflation_risk_shift,2008-07-18,-11,0.03404776006937027
2008-08-05,inflation_risk_shift,2008-07-21,-10,0.0317540168762207
2008-08-05,inflation_risk_shift,2008-07-22,-9,0.03579999506473541
2008-08-05,inflation_risk_shift,2008-07-23,-8,0.03137814626097679
2008-08-05,inflation_risk_shift,2008-07-24,-7,0.03314279764890671
2008-08-05,inflation_risk_shift,2008-07-25,-6,0.038885846734046936
2008-08-05,inflation_risk_shift,2008-07-28,-5,0.033821310847997665
2008-08-05,inflation_risk_shift,2008-07-29,-4,0.03766825422644615
2008-08-05,inflation_risk_shift,2008-07-30,-3,0.03775666281580925
2008-08-05,inflation_risk_shift,2008-07-31,-2,0.04200971499085426
2008-08-05,inflation_risk_shift,2008-08-01,-1,0.04615294560790062
2008-08-05,inflation_risk_shift,2008-08-04,0,0.053975027054548264
2008-08-05,unemployment_assessment_shift,2008-06-26,-26,0.036838702857494354
2008-08-05,unemployment_assessment_shift,2008-06-27,-25,0.03547390550374985
2008-08-05,unemployment_assessment_shift,2008-06-30,-24,0.037670981138944626
2008-08-05,unemployment_assessment_shift,2008-07-01,-23,0.03602518141269684
2008-08-05,unemployment_assessment_shift,2008-07-02,-22,0.035791706293821335
2008-08-05,unemployment_assessment_shift,2008-07-03,-21,0.03532592952251434
2008-08-05,unemployment_assessment_shift,2008-07-07,-20,0.0360981747508049
2008-08-05,unemployment_assessment_shift,2008-07-08,-19,0.03718032315373421
2008-08-05,unemployment_assessment_shift,2008-07-09,-18,0.03722963109612465
2008-08-05,unemployment_assessment_shift,2008-07-10,-17,0.03583080321550369
2008-08-05,unemployment_assessment_shift,2008-07-11,-16,0.038966353982686996
2008-08-05,unemployment_assessment_shift,2008-07-14,-15,0.03663143515586853
2008-08-05,unemployment_assessment_shift,2008-07-15,-14,0.03587976470589638
2008-08-05,unemployment_assessment_shift,2008-07-16,-13,0.03436573967337608
2008-08-05,unemployment_assessment_shift,2008-07-17,-12,0.03510602191090584
2008-08-05,unemployment_assessment_shift,2008-07-18,-11,0.03835209459066391
2008-08-05,unemployment_assessment_shift,2008-07-21,-10,0.038785506039857864
2008-08-05,unemployment_assessment_shift,2008-07-22,-9,0.03748875483870506
2008-08-05,unemployment_assessment_shift,2008-07-23,-8,0.035633135586977005
2008-08-05,unemployment_assessment_shift,2008-07-24,-7,0.03585043177008629
2008-08-05,unemployment_assessment_shift,2008-07-25,-6,0.03721015155315399
2008-08-05,unemployment_assessment_shift,2008-07-28,-5,0.03610729053616524
2008-08-05,unemployment_assessment_shift,2008-07-29,-4,0.03683239221572876
2008-08-05,unemployment_assessment_shift,2008-07-30,-3,0.041228845715522766
2008-08-05,unemployment_assessment_shift,2008-07-31,-2,0.03811892867088318
2008-08-05,unemployment_assessment_shift,2008-08-01,-1,0.04082894325256348
2008-08-05,unemployment_assessment_shift,2008-08-04,0,0.039148859679698944
2008-08-05,labor_market_risk_shift,2008-06-26,-26,0.032849982380867004
2008-08-05,labor_market_risk_shift,2008-06-27,-25,0.035442039370536804
2008-08-05,labor_market_risk_shift,2008-06-30,-24,0.03636356070637703
2008-08-05,labor_market_risk_shift,2008-07-01,-23,0.03432675451040268
2008-08-05,labor_market_risk_shift,2008-07-02,-22,0.03435700014233589
2008-08-05,labor_market_risk_shift,2008-07-03,-21,0.03432174399495125
2008-08-05,labor_market_risk_shift,2008-07-07,-20,0.037253327667713165
2008-08-05,labor_market_risk_shift,2008-07-08,-19,0.03998013958334923
2008-08-05,labor_market_risk_shift,2008-07-09,-18,0.0408206433057785
2008-08-05,labor_market_risk_shift,2008-07-10,-17,0.03785466402769089
2008-08-05,labor_market_risk_shift,2008-07-11,-16,0.03808332979679108
2008-08-05,labor_market_risk_shift,2008-07-14,-15,0.03638293221592903
2008-08-05,labor_market_risk_shift,2008-07-15,-14,0.03642835468053818
2008-08-05,labor_market_risk_shift,2008-07-16,-13,0.0340493805706501
2008-08-05,labor_market_risk_shift,2008-07-17,-12,0.03577636927366257
2008-08-05,labor_market_risk_shift,2008-07-18,-11,0.03471555933356285
2008-08-05,labor_market_risk_shift,2008-07-21,-10,0.03189179301261902
2008-08-05,labor_market_risk_shift,2008-07-22,-9,0.03549075126647949
2008-08-05,labor_market_risk_shift,2008-07-23,-8,0.031025467440485954
2008-08-05,labor_market_risk_shift,2008-07-24,-7,0.032540448009967804
2008-08-05,labor_market_risk_shift,2008-07-25,-6,0.03788534924387932
2008-08-05,labor_market_risk_shift,2008-07-28,-5,0.033299487084150314
2008-08-05,labor_market_risk_shift,2008-07-29,-4,0.03833353519439697
2008-08-05,labor_market_risk_shift,2008-07-30,-3,0.0390038937330246
2008-08-05,labor_market_risk_shift,2008-07-31,-2,0.041753679513931274
2008-08-05,labor_market_risk_shift,2008-08-01,-1,0.04608077183365822
2008-08-05,labor_market_risk_shift,2008-08-04,0,0.053689055144786835
2008-08-05,growth_activity_shift,2008-06-26,-26,0.03538139909505844
2008-08-05,growth_activity_shift,2008-06-27,-25,0.03443419560790062
2008-08-05,growth_activity_shift,2008-06-30,-24,0.03562178090214729
2008-08-05,growth_activity_shift,2008-07-01,-23,0.03418753296136856
2008-08-05,growth_activity_shift,2008-07-02,-22,0.03396441042423248
2008-08-05,growth_activity_shift,2008-07-03,-21,0.034309566020965576
2008-08-05,growth_activity_shift,2008-07-07,-20,0.035801924765110016
2008-08-05,growth_activity_shift,2008-07-08,-19,0.03672896698117256
2008-08-05,growth_activity_shift,2008-07-09,-18,0.03756985813379288
2008-08-05,growth_activity_shift,2008-07-10,-17,0.03795407712459564
2008-08-05,growth_activity_shift,2008-07-11,-16,0.03835165873169899
2008-08-05,growth_activity_shift,2008-07-14,-15,0.035559482872486115
2008-08-05,growth_activity_shift,2008-07-15,-14,0.03614805266261101
2008-08-05,growth_activity_shift,2008-07-16,-13,0.03597484156489372
2008-08-05,growth_activity_shift,2008-07-17,-12,0.03426085412502289
2008-08-05,growth_activity_shift,2008-07-18,-11,0.0364655926823616
2008-08-05,growth_activity_shift,2008-07-21,-10,0.03726101666688919
2008-08-05,growth_activity_shift,2008-07-22,-9,0.03860428184270859
2008-08-05,growth_activity_shift,2008-07-23,-8,0.03534696251153946
2008-08-05,growth_activity_shift,2008-07-24,-7,0.03695734217762947
2008-08-05,growth_activity_shift,2008-07-25,-6,0.04091925173997879
2008-08-05,growth_activity_shift,2008-07-28,-5,0.036695584654808044
2008-08-05,growth_activity_shift,2008-07-29,-4,0.03726253658533096
2008-08-05,growth_activity_shift,2008-07-30,-3,0.03988908976316452
2008-08-05,growth_activity_shift,2008-07-31,-2,0.03832952678203583
2008-08-05,growth_activity_shift,2008-08-01,-1,0.043473273515701294
2008-08-05,growth_activity_shift,2008-08-04,0,0.04254691302776337
2008-08-05,financial_conditions_shift,2008-06-26,-26,0.04087362438440323
2008-08-05,financial_conditions_shift,2008-06-27,-25,0.036423198878765106
2008-08-05,financial_conditions_shift,2008-06-30,-24,0.03892720490694046
2008-08-05,financial_conditions_shift,2008-07-01,-23,0.038063984364271164
2008-08-05,financial_conditions_shift,2008-07-02,-22,0.037976205348968506
2008-08-05,financial_conditions_shift,2008-07-03,-21,0.03764408081769943
2008-08-05,financial_conditions_shift,2008-07-07,-20,0.035790737718343735
2008-08-05,financial_conditions_shift,2008-07-08,-19,0.03450748324394226
2008-08-05,financial_conditions_shift,2008-07-09,-18,0.03334474191069603
2008-08-05,financial_conditions_shift,2008-07-10,-17,0.03415301814675331
2008-08-05,financial_conditions_shift,2008-07-11,-16,0.0382370799779892
2008-08-05,financial_conditions_shift,2008-07-14,-15,0.035037312656641006
2008-08-05,financial_conditions_shift,2008-07-15,-14,0.03258170932531357
2008-08-05,financial_conditions_shift,2008-07-16,-13,0.03546242415904999
2008-08-05,financial_conditions_shift,2008-07-17,-12,0.03354978561401367
2008-08-05,financial_conditions_shift,2008-07-18,-11,0.03885611519217491
2008-08-05,financial_conditions_shift,2008-07-21,-10,0.04324041306972504
2008-08-05,financial_conditions_shift,2008-07-22,-9,0.03856769949197769
2008-08-05,financial_conditions_shift,2008-07-23,-8,0.041783370077610016
2008-08-05,financial_conditions_shift,2008-07-24,-7,0.0380958616733551
2008-08-05,financial_conditions_shift,2008-07-25,-6,0.03936397656798363
2008-08-05,financial_conditions_shift,2008-07-28,-5,0.039565082639455795
2008-08-05,financial_conditions_shift,2008-07-29,-4,0.036019228398799896
2008-08-05,financial_conditions_shift,2008-07-30,-3,0.04136313125491142
2008-08-05,financial_conditions_shift,2008-07-31,-2,0.03339414671063423
2008-08-05,financial_conditions_shift,2008-08-01,-1,0.035438619554042816
2008-08-05,financial_conditions_shift,2008-08-04,0,0.03173977881669998
2008-08-05,risk_balance_shift,2008-06-26,-26,0.03464839607477188
2008-08-05,risk_balance_shift,2008-06-27,-25,0.03393871709704399
2008-08-05,risk_balance_shift,2008-06-30,-24,0.0365508534014225
2008-08-05,risk_balance_shift,2008-07-01,-23,0.0343015156686306
2008-08-05,risk_balance_shift,2008-07-02,-22,0.03409405052661896
2008-08-05,risk_balance_shift,2008-07-03,-21,0.03388150781393051
2008-08-05,risk_balance_shift,2008-07-07,-20,0.035078611224889755
2008-08-05,risk_balance_shift,2008-07-08,-19,0.03663836419582367
2008-08-05,risk_balance_shift,2008-07-09,-18,0.03663050755858421
2008-08-05,risk_balance_shift,2008-07-10,-17,0.03794474899768829
2008-08-05,risk_balance_shift,2008-07-11,-16,0.03791714459657669
2008-08-05,risk_balance_shift,2008-07-14,-15,0.03537195548415184
2008-08-05,risk_balance_shift,2008-07-15,-14,0.03671165183186531
2008-08-05,risk_balance_shift,2008-07-16,-13,0.03654439374804497
2008-08-05,risk_balance_shift,2008-07-17,-12,0.03613029792904854
2008-08-05,risk_balance_shift,2008-07-18,-11,0.03801178187131882
2008-08-05,risk_balance_shift,2008-07-21,-10,0.03864196315407753
2008-08-05,risk_balance_shift,2008-07-22,-9,0.038034968078136444
2008-08-05,risk_balance_shift,2008-07-23,-8,0.034380581229925156
2008-08-05,risk_balance_shift,2008-07-24,-7,0.036202721297740936
2008-08-05,risk_balance_shift,2008-07-25,-6,0.038085635751485825
2008-08-05,risk_balance_shift,2008-07-28,-5,0.036053672432899475
2008-08-05,risk_balance_shift,2008-07-29,-4,0.03639692813158035
2008-08-05,risk_balance_shift,2008-07-30,-3,0.03884918987751007
2008-08-05,risk_balance_shift,2008-07-31,-2,0.03896148502826691
2008-08-05,risk_balance_shift,2008-08-01,-1,0.043114349246025085
2008-08-05,risk_balance_shift,2008-08-04,0,0.04688401520252228
2008-08-05,committee_dispersion,2008-06-26,-26,0.041578635573387146
2008-08-05,committee_dispersion,2008-06-27,-25,0.036916639655828476
2008-08-05,committee_dispersion,2008-06-30,-24,0.03895677253603935
2008-08-05,committee_dispersion,2008-07-01,-23,0.03846261650323868
2008-08-05,committee_dispersion,2008-07-02,-22,0.038617365062236786
2008-08-05,committee_dispersion,2008-07-03,-21,0.03811553493142128
2008-08-05,committee_dispersion,2008-07-07,-20,0.035438306629657745
2008-08-05,committee_dispersion,2008-07-08,-19,0.03405234217643738
2008-08-05,committee_dispersion,2008-07-09,-18,0.03230857476592064
2008-08-05,committee_dispersion,2008-07-10,-17,0.033304065465927124
2008-08-05,committee_dispersion,2008-07-11,-16,0.03809840977191925
2008-08-05,committee_dispersion,2008-07-14,-15,0.03520892560482025
2008-08-05,committee_dispersion,2008-07-15,-14,0.03288792073726654
2008-08-05,committee_dispersion,2008-07-16,-13,0.03612086921930313
2008-08-05,committee_dispersion,2008-07-17,-12,0.03382927179336548
2008-08-05,committee_dispersion,2008-07-18,-11,0.03950832784175873
2008-08-05,committee_dispersion,2008-07-21,-10,0.0449988879263401
2008-08-05,committee_dispersion,2008-07-22,-9,0.03871675580739975
2008-08-05,committee_dispersion,2008-07-23,-8,0.04390691593289375
2008-08-05,committee_dispersion,2008-07-24,-7,0.038776177912950516
2008-08-05,committee_dispersion,2008-07-25,-6,0.03965936228632927
2008-08-05,committee_dispersion,2008-07-28,-5,0.03981423005461693
2008-08-05,committee_dispersion,2008-07-29,-4,0.03610186278820038
2008-08-05,committee_dispersion,2008-07-30,-3,0.04115584120154381
2008-08-05,committee_dispersion,2008-07-31,-2,0.03182847797870636
2008-08-05,committee_dispersion,2008-08-01,-1,0.03313162177801132
2008-08-05,committee_dispersion,2008-08-04,0,0.028505288064479828
2008-08-05,policy_uncertainty,2008-06-26,-26,0.04173775389790535
2008-08-05,policy_uncertainty,2008-06-27,-25,0.03674439340829849
2008-08-05,policy_uncertainty,2008-06-30,-24,0.03890537470579147
2008-08-05,policy_uncertainty,2008-07-01,-23,0.03844280540943146
2008-08-05,policy_uncertainty,2008-07-02,-22,0.03835983946919441
2008-08-05,policy_uncertainty,2008-07-03,-21,0.03811279684305191
2008-08-05,policy_uncertainty,2008-07-07,-20,0.03562353923916817
2008-08-05,policy_uncertainty,2008-07-08,-19,0.034001559019088745
2008-08-05,policy_uncertainty,2008-07-09,-18,0.032035354524850845
2008-08-05,policy_uncertainty,2008-07-10,-17,0.03324972093105316
2008-08-05,policy_uncertainty,2008-07-11,-16,0.038204047828912735
2008-08-05,policy_uncertainty,2008-07-14,-15,0.034637194126844406
2008-08-05,policy_uncertainty,2008-07-15,-14,0.03216443210840225
2008-08-05,policy_uncertainty,2008-07-16,-13,0.03621717542409897
2008-08-05,policy_uncertainty,2008-07-17,-12,0.033222686499357224
2008-08-05,policy_uncertainty,2008-07-18,-11,0.03883296996355057
2008-08-05,policy_uncertainty,2008-07-21,-10,0.0443490669131279
2008-08-05,policy_uncertainty,2008-07-22,-9,0.038991544395685196
2008-08-05,policy_uncertainty,2008-07-23,-8,0.04359041899442673
2008-08-05,policy_uncertainty,2008-07-24,-7,0.038569897413253784
2008-08-05,policy_uncertainty,2008-07-25,-6,0.040281206369400024
2008-08-05,policy_uncertainty,2008-07-28,-5,0.04057241231203079
2008-08-05,policy_uncertainty,2008-07-29,-4,0.03627090901136398
2008-08-05,policy_uncertainty,2008-07-30,-3,0.04149908572435379
2008-08-05,policy_uncertainty,2008-07-31,-2,0.032164447009563446
2008-08-05,policy_uncertainty,2008-08-01,-1,0.03344077244400978
2008-08-05,policy_uncertainty,2008-08-04,0,0.02977863699197769
2008-08-05,forward_guidance_strength,2008-06-26,-26,0.036176253110170364
2008-08-05,forward_guidance_strength,2008-06-27,-25,0.03480022773146629
2008-08-05,forward_guidance_strength,2008-06-30,-24,0.03607872501015663
2008-08-05,forward_guidance_strength,2008-07-01,-23,0.035808272659778595
2008-08-05,forward_guidance_strength,2008-07-02,-22,0.03554655238986015
2008-08-05,forward_guidance_strength,2008-07-03,-21,0.03577672690153122
2008-08-05,forward_guidance_strength,2008-07-07,-20,0.036631472408771515
2008-08-05,forward_guidance_strength,2008-07-08,-19,0.036954473704099655
2008-08-05,forward_guidance_strength,2008-07-09,-18,0.0377761572599411
2008-08-05,forward_guidance_strength,2008-07-10,-17,0.03726411610841751
2008-08-05,forward_guidance_strength,2008-07-11,-16,0.0397932305932045
2008-08-05,forward_guidance_strength,2008-07-14,-15,0.03723273426294327
2008-08-05,forward_guidance_strength,2008-07-15,-14,0.035588525235652924
2008-08-05,forward_guidance_strength,2008-07-16,-13,0.03522646054625511
2008-08-05,forward_guidance_strength,2008-07-17,-12,0.034677136689424515
2008-08-05,forward_guidance_strength,2008-07-18,-11,0.03764165937900543
2008-08-05,forward_guidance_strength,2008-07-21,-10,0.03851960971951485
2008-08-05,forward_guidance_strength,2008-07-22,-9,0.03832083195447922
2008-08-05,forward_guidance_strength,2008-07-23,-8,0.03664673864841461
2008-08-05,forward_guidance_strength,2008-07-24,-7,0.035481926053762436
2008-08-05,forward_guidance_strength,2008-07-25,-6,0.03899145871400833
2008-08-05,forward_guidance_strength,2008-07-28,-5,0.03719466179609299
2008-08-05,forward_guidance_strength,2008-07-29,-4,0.036661237478256226
2008-08-05,forward_guidance_strength,2008-07-30,-3,0.04030216485261917
2008-08-05,forward_guidance_strength,2008-07-31,-2,0.037270527333021164
2008-08-05,forward_guidance_strength,2008-08-01,-1,0.039659660309553146
2008-08-05,forward_guidance_strength,2008-08-04,0,0.037978462874889374
2008-09-16,rate_decision,2008-08-06,-27,0.03559086471796036
2008-09-16,rate_decision,2008-08-07,-26,0.03485474735498428
2008-09-16,rate_decision,2008-08-08,-25,0.04008264094591141
2008-09-16,rate_decision,2008-08-11,-24,0.032617583870887756
2008-09-16,rate_decision,2008-08-12,-23,0.039148733019828796
2008-09-16,rate_decision,2008-08-13,-22,0.03556861728429794
2008-09-16,rate_decision,2008-08-14,-21,0.034119121730327606
2008-09-16,rate_decision,2008-08-15,-20,0.0365307480096817
2008-09-16,rate_decision,2008-08-18,-19,0.03954486548900604
2008-09-16,rate_decision,2008-08-19,-18,0.04119403287768364
2008-09-16,rate_decision,2008-08-20,-17,0.03417724743485451
2008-09-16,rate_decision,2008-08-21,-16,0.039658620953559875
2008-09-16,rate_decision,2008-08-22,-15,0.03412652388215065
2008-09-16,rate_decision,2008-08-25,-14,0.04063666611909866
2008-09-16,rate_decision,2008-08-26,-13,0.03111487440764904
2008-09-16,rate_decision,2008-08-27,-12,0.03153340518474579
2008-09-16,rate_decision,2008-08-28,-11,0.03695042431354523
2008-09-16,rate_decision,2008-08-29,-10,0.034755706787109375
2008-09-16,rate_decision,2008-09-02,-9,0.04007844626903534
2008-09-16,rate_decision,2008-09-03,-8,0.03721446543931961
2008-09-16,rate_decision,2008-09-04,-7,0.036256641149520874
2008-09-16,rate_decision,2008-09-05,-6,0.04111606255173683
2008-09-16,rate_decision,2008-09-08,-5,0.03604307025671005
2008-09-16,rate_decision,2008-09-09,-4,0.030429016798734665
2008-09-16,rate_decision,2008-09-10,-3,0.025349467992782593
2008-09-16,rate_decision,2008-09-11,-2,0.03328098729252815
2008-09-16,rate_decision,2008-09-12,-1,0.03469492495059967
2008-09-16,rate_decision,2008-09-15,0,0.03333146497607231
2008-09-16,current_policy_stance,2008-08-06,-27,0.04324888437986374
2008-09-16,current_policy_stance,2008-08-07,-26,0.0349041149020195
2008-09-16,current_policy_stance,2008-08-08,-25,0.04300718009471893
2008-09-16,current_policy_stance,2008-08-11,-24,0.036970026791095734
2008-09-16,current_policy_stance,2008-08-12,-23,0.0333016961812973
2008-09-16,current_policy_stance,2008-08-13,-22,0.03748158738017082
2008-09-16,current_policy_stance,2008-08-14,-21,0.033572569489479065
2008-09-16,current_policy_stance,2008-08-15,-20,0.03233197703957558
2008-09-16,current_policy_stance,2008-08-18,-19,0.03792078047990799
2008-09-16,current_policy_stance,2008-08-19,-18,0.04103795066475868
2008-09-16,current_policy_stance,2008-08-20,-17,0.03513231873512268
2008-09-16,current_policy_stance,2008-08-21,-16,0.03611835837364197
2008-09-16,current_policy_stance,2008-08-22,-15,0.03624716401100159
2008-09-16,current_policy_stance,2008-08-25,-14,0.03870745748281479
2008-09-16,current_policy_stance,2008-08-26,-13,0.038008786737918854
2008-09-16,current_policy_stance,2008-08-27,-12,0.029214810580015182
2008-09-16,current_policy_stance,2008-08-28,-11,0.030299698933959007
2008-09-16,current_policy_stance,2008-08-29,-10,0.033259011805057526
2008-09-16,current_policy_stance,2008-09-02,-9,0.032706066966056824
2008-09-16,current_policy_stance,2008-09-03,-8,0.036690663546323776
2008-09-16,current_policy_stance,2008-09-04,-7,0.038059353828430176
2008-09-16,current_policy_stance,2008-09-05,-6,0.04149683192372322
2008-09-16,current_policy_stance,2008-09-08,-5,0.03672882169485092
2008-09-16,current_policy_stance,2008-09-09,-4,0.03176988288760185
2008-09-16,current_policy_stance,2008-09-10,-3,0.029299451038241386
2008-09-16,current_policy_stance,2008-09-11,-2,0.03326069191098213
2008-09-16,current_policy_stance,2008-09-12,-1,0.0357949361205101
2008-09-16,current_policy_stance,2008-09-15,0,0.03342892602086067
2008-09-16,policy_stance_shift,2008-08-06,-27,0.0433429591357708
2008-09-16,policy_stance_shift,2008-08-07,-26,0.03578518331050873
2008-09-16,policy_stance_shift,2008-08-08,-25,0.04333915561437607
2008-09-16,policy_stance_shift,2008-08-11,-24,0.03706366568803787
2008-09-16,policy_stance_shift,2008-08-12,-23,0.032568320631980896
2008-09-16,policy_stance_shift,2008-08-13,-22,0.037002455443143845
2008-09-16,policy_stance_shift,2008-08-14,-21,0.03340702876448631
2008-09-16,policy_stance_shift,2008-08-15,-20,0.03216295689344406
2008-09-16,policy_stance_shift,2008-08-18,-19,0.03747125715017319
2008-09-16,policy_stance_shift,2008-08-19,-18,0.04022810608148575
2008-09-16,policy_stance_shift,2008-08-20,-17,0.035304293036460876
2008-09-16,policy_stance_shift,2008-08-21,-16,0.036773890256881714
2008-09-16,policy_stance_shift,2008-08-22,-15,0.03657287731766701
2008-09-16,policy_stance_shift,2008-08-25,-14,0.03831053525209427
2008-09-16,policy_stance_shift,2008-08-26,-13,0.03914591670036316
2008-09-16,policy_stance_shift,2008-08-27,-12,0.029806116595864296
2008-09-16,policy_stance_shift,2008-08-28,-11,0.029408680275082588
2008-09-16,policy_stance_shift,2008-08-29,-10,0.03336406126618385
2008-09-16,policy_stance_shift,2008-09-02,-9,0.032162558287382126
2008-09-16,policy_stance_shift,2008-09-03,-8,0.03657466545701027
2008-09-16,policy_stance_shift,2008-09-04,-7,0.03774204105138779
2008-09-16,policy_stance_shift,2008-09-05,-6,0.04060186445713043
2008-09-16,policy_stance_shift,2008-09-08,-5,0.03702310472726822
2008-09-16,policy_stance_shift,2008-09-09,-4,0.031491443514823914
2008-09-16,policy_stance_shift,2008-09-10,-3,0.02979378215968609
2008-09-16,policy_stance_shift,2008-09-11,-2,0.03405923396348953
2008-09-16,policy_stance_shift,2008-09-12,-1,0.03593733161687851
2008-09-16,policy_stance_shift,2008-09-15,0,0.03355652466416359
2008-09-16,expected_rate_path_shift,2008-08-06,-27,0.04424532502889633
2008-09-16,expected_rate_path_shift,2008-08-07,-26,0.034888170659542084
2008-09-16,expected_rate_path_shift,2008-08-08,-25,0.043389640748500824
2008-09-16,expected_rate_path_shift,2008-08-11,-24,0.037073392421007156
2008-09-16,expected_rate_path_shift,2008-08-12,-23,0.0323154516518116
2008-09-16,expected_rate_path_shift,2008-08-13,-22,0.03789869323372841
2008-09-16,expected_rate_path_shift,2008-08-14,-21,0.033404942601919174
2008-09-16,expected_rate_path_shift,2008-08-15,-20,0.032323889434337616
2008-09-16,expected_rate_path_shift,2008-08-18,-19,0.03742275387048721
2008-09-16,expected_rate_path_shift,2008-08-19,-18,0.04078887403011322
2008-09-16,expected_rate_path_shift,2008-08-20,-17,0.035601917654275894
2008-09-16,expected_rate_path_shift,2008-08-21,-16,0.03678397834300995
2008-09-16,expected_rate_path_shift,2008-08-22,-15,0.03641040623188019
2008-09-16,expected_rate_path_shift,2008-08-25,-14,0.03761529177427292
2008-09-16,expected_rate_path_shift,2008-08-26,-13,0.03840900957584381
2008-09-16,expected_rate_path_shift,2008-08-27,-12,0.02862974815070629
2008-09-16,expected_rate_path_shift,2008-08-28,-11,0.029818078503012657
2008-09-16,expected_rate_path_shift,2008-08-29,-10,0.03314722329378128
2008-09-16,expected_rate_path_shift,2008-09-02,-9,0.03215431421995163
2008-09-16,expected_rate_path_shift,2008-09-03,-8,0.03716395050287247
2008-09-16,expected_rate_path_shift,2008-09-04,-7,0.038636647164821625
2008-09-16,expected_rate_path_shift,2008-09-05,-6,0.042270440608263016
2008-09-16,expected_rate_path_shift,2008-09-08,-5,0.03735596686601639
2008-09-16,expected_rate_path_shift,2008-09-09,-4,0.03204150125384331
2008-09-16,expected_rate_path_shift,2008-09-10,-3,0.029967037960886955
2008-09-16,expected_rate_path_shift,2008-09-11,-2,0.03285280242562294
2008-09-16,expected_rate_path_shift,2008-09-12,-1,0.035442858934402466
2008-09-16,expected_rate_path_shift,2008-09-15,0,0.031947702169418335
2008-09-16,inflation_assessment_shift,2008-08-06,-27,0.04115907847881317
2008-09-16,inflation_assessment_shift,2008-08-07,-26,0.03492411971092224
2008-09-16,inflation_assessment_shift,2008-08-08,-25,0.04353363439440727
2008-09-16,inflation_assessment_shift,2008-08-11,-24,0.035276662558317184
2008-09-16,inflation_assessment_shift,2008-08-12,-23,0.032814767211675644
2008-09-16,inflation_assessment_shift,2008-08-13,-22,0.03673149272799492
2008-09-16,inflation_assessment_shift,2008-08-14,-21,0.033346690237522125
2008-09-16,inflation_assessment_shift,2008-08-15,-20,0.03167584165930748
2008-09-16,inflation_assessment_shift,2008-08-18,-19,0.03895457088947296
2008-09-16,inflation_assessment_shift,2008-08-19,-18,0.04107425734400749
2008-09-16,inflation_assessment_shift,2008-08-20,-17,0.03622926026582718
2008-09-16,inflation_assessment_shift,2008-08-21,-16,0.0383392795920372
2008-09-16,inflation_assessment_shift,2008-08-22,-15,0.03519616648554802
2008-09-16,inflation_assessment_shift,2008-08-25,-14,0.03893517702817917
2008-09-16,inflation_assessment_shift,2008-08-26,-13,0.03786206245422363
2008-09-16,inflation_assessment_shift,2008-08-27,-12,0.029758047312498093
2008-09-16,inflation_assessment_shift,2008-08-28,-11,0.03210288658738136
2008-09-16,inflation_assessment_shift,2008-08-29,-10,0.03283126652240753
2008-09-16,inflation_assessment_shift,2008-09-02,-9,0.03255313262343407
2008-09-16,inflation_assessment_shift,2008-09-03,-8,0.03739095851778984
2008-09-16,inflation_assessment_shift,2008-09-04,-7,0.04000743478536606
2008-09-16,inflation_assessment_shift,2008-09-05,-6,0.04238267242908478
2008-09-16,inflation_assessment_shift,2008-09-08,-5,0.036227237433195114
2008-09-16,inflation_assessment_shift,2008-09-09,-4,0.032639261335134506
2008-09-16,inflation_assessment_shift,2008-09-10,-3,0.028232965618371964
2008-09-16,inflation_assessment_shift,2008-09-11,-2,0.031743984669446945
2008-09-16,inflation_assessment_shift,2008-09-12,-1,0.03503090515732765
2008-09-16,inflation_assessment_shift,2008-09-15,0,0.03304620087146759
2008-09-16,inflation_risk_shift,2008-08-06,-27,0.04135972261428833
2008-09-16,inflation_risk_shift,2008-08-07,-26,0.03487898409366608
2008-09-16,inflation_risk_shift,2008-08-08,-25,0.04287295788526535
2008-09-16,inflation_risk_shift,2008-08-11,-24,0.035399433225393295
2008-09-16,inflation_risk_shift,2008-08-12,-23,0.03242967650294304
2008-09-16,inflation_risk_shift,2008-08-13,-22,0.037062205374240875
2008-09-16,inflation_risk_shift,2008-08-14,-21,0.03320499137043953
2008-09-16,inflation_risk_shift,2008-08-15,-20,0.031578682363033295
2008-09-16,inflation_risk_shift,2008-08-18,-19,0.038303010165691376
2008-09-16,inflation_risk_shift,2008-08-19,-18,0.04045012593269348
2008-09-16,inflation_risk_shift,2008-08-20,-17,0.03700082749128342
2008-09-16,inflation_risk_shift,2008-08-21,-16,0.03723789006471634
2008-09-16,inflation_risk_shift,2008-08-22,-15,0.03474424034357071
2008-09-16,inflation_risk_shift,2008-08-25,-14,0.0385437048971653
2008-09-16,inflation_risk_shift,2008-08-26,-13,0.03819408640265465
2008-09-16,inflation_risk_shift,2008-08-27,-12,0.03016790933907032
2008-09-16,inflation_risk_shift,2008-08-28,-11,0.032294269651174545
2008-09-16,inflation_risk_shift,2008-08-29,-10,0.03296780586242676
2008-09-16,inflation_risk_shift,2008-09-02,-9,0.03264874219894409
2008-09-16,inflation_risk_shift,2008-09-03,-8,0.037607066333293915
2008-09-16,inflation_risk_shift,2008-09-04,-7,0.04051379859447479
2008-09-16,inflation_risk_shift,2008-09-05,-6,0.04253178462386131
2008-09-16,inflation_risk_shift,2008-09-08,-5,0.0359971858561039
2008-09-16,inflation_risk_shift,2008-09-09,-4,0.03280007839202881
2008-09-16,inflation_risk_shift,2008-09-10,-3,0.029315996915102005
2008-09-16,inflation_risk_shift,2008-09-11,-2,0.032068848609924316
2008-09-16,inflation_risk_shift,2008-09-12,-1,0.03479524701833725
2008-09-16,inflation_risk_shift,2008-09-15,0,0.03303070366382599
2008-09-16,unemployment_assessment_shift,2008-08-06,-27,0.04153688624501228
2008-09-16,unemployment_assessment_shift,2008-08-07,-26,0.03532042354345322
2008-09-16,unemployment_assessment_shift,2008-08-08,-25,0.0433943048119545
2008-09-16,unemployment_assessment_shift,2008-08-11,-24,0.03502450883388519
2008-09-16,unemployment_assessment_shift,2008-08-12,-23,0.032958000898361206
2008-09-16,unemployment_assessment_shift,2008-08-13,-22,0.03649885579943657
2008-09-16,unemployment_assessment_shift,2008-08-14,-21,0.03323822095990181
2008-09-16,unemployment_assessment_shift,2008-08-15,-20,0.031500544399023056
2008-09-16,unemployment_assessment_shift,2008-08-18,-19,0.038631193339824677
2008-09-16,unemployment_assessment_shift,2008-08-19,-18,0.04093524068593979
2008-09-16,unemployment_assessment_shift,2008-08-20,-17,0.036533500999212265
2008-09-16,unemployment_assessment_shift,2008-08-21,-16,0.03807876259088516
2008-09-16,unemployment_assessment_shift,2008-08-22,-15,0.035101037472486496
2008-09-16,unemployment_assessment_shift,2008-08-25,-14,0.03947046399116516
2008-09-16,unemployment_assessment_shift,2008-08-26,-13,0.03783699870109558
2008-09-16,unemployment_assessment_shift,2008-08-27,-12,0.02967163175344467
2008-09-16,unemployment_assessment_shift,2008-08-28,-11,0.0316140353679657
2008-09-16,unemployment_assessment_shift,2008-08-29,-10,0.03261849656701088
2008-09-16,unemployment_assessment_shift,2008-09-02,-9,0.032416149973869324
2008-09-16,unemployment_assessment_shift,2008-09-03,-8,0.03736967220902443
2008-09-16,unemployment_assessment_shift,2008-09-04,-7,0.04023046791553497
2008-09-16,unemployment_assessment_shift,2008-09-05,-6,0.04280851036310196
2008-09-16,unemployment_assessment_shift,2008-09-08,-5,0.036370113492012024
2008-09-16,unemployment_assessment_shift,2008-09-09,-4,0.03316181153059006
2008-09-16,unemployment_assessment_shift,2008-09-10,-3,0.028607208281755447
2008-09-16,unemployment_assessment_shift,2008-09-11,-2,0.03138000890612602
2008-09-16,unemployment_assessment_shift,2008-09-12,-1,0.034532640129327774
2008-09-16,unemployment_assessment_shift,2008-09-15,0,0.03316030278801918
2008-09-16,labor_market_risk_shift,2008-08-06,-27,0.041324369609355927
2008-09-16,labor_market_risk_shift,2008-08-07,-26,0.034483253955841064
2008-09-16,labor_market_risk_shift,2008-08-08,-25,0.0432271771132946
2008-09-16,labor_market_risk_shift,2008-08-11,-24,0.035422954708337784
2008-09-16,labor_market_risk_shift,2008-08-12,-23,0.03274491801857948
2008-09-16,labor_market_risk_shift,2008-08-13,-22,0.037129856646060944
2008-09-16,labor_market_risk_shift,2008-08-14,-21,0.0334349162876606
2008-09-16,labor_market_risk_shift,2008-08-15,-20,0.03166943043470383
2008-09-16,labor_market_risk_shift,2008-08-18,-19,0.03902699053287506
2008-09-16,labor_market_risk_shift,2008-08-19,-18,0.04115908220410347
2008-09-16,labor_market_risk_shift,2008-08-20,-17,0.03580909222364426
2008-09-16,labor_market_risk_shift,2008-08-21,-16,0.03803739324212074
2008-09-16,labor_market_risk_shift,2008-08-22,-15,0.03487895429134369
2008-09-16,labor_market_risk_shift,2008-08-25,-14,0.038515329360961914
2008-09-16,labor_market_risk_shift,2008-08-26,-13,0.03789427876472473
2008-09-16,labor_market_risk_shift,2008-08-27,-12,0.029502566903829575
2008-09-16,labor_market_risk_shift,2008-08-28,-11,0.0325620211660862
2008-09-16,labor_market_risk_shift,2008-08-29,-10,0.03292465582489967
2008-09-16,labor_market_risk_shift,2008-09-02,-9,0.03258869796991348
2008-09-16,labor_market_risk_shift,2008-09-03,-8,0.0376569889485836
2008-09-16,labor_market_risk_shift,2008-09-04,-7,0.04051850736141205
2008-09-16,labor_market_risk_shift,2008-09-05,-6,0.04317767173051834
2008-09-16,labor_market_risk_shift,2008-09-08,-5,0.03624524921178818
2008-09-16,labor_market_risk_shift,2008-09-09,-4,0.03301621973514557
2008-09-16,labor_market_risk_shift,2008-09-10,-3,0.02827521413564682
2008-09-16,labor_market_risk_shift,2008-09-11,-2,0.03139011189341545
2008-09-16,labor_market_risk_shift,2008-09-12,-1,0.03493601828813553
2008-09-16,labor_market_risk_shift,2008-09-15,0,0.03244807571172714
2008-09-16,growth_activity_shift,2008-08-06,-27,0.04225798323750496
2008-09-16,growth_activity_shift,2008-08-07,-26,0.035175517201423645
2008-09-16,growth_activity_shift,2008-08-08,-25,0.0432804636657238
2008-09-16,growth_activity_shift,2008-08-11,-24,0.03583768010139465
2008-09-16,growth_activity_shift,2008-08-12,-23,0.03238215297460556
2008-09-16,growth_activity_shift,2008-08-13,-22,0.037019990384578705
2008-09-16,growth_activity_shift,2008-08-14,-21,0.033240459859371185
2008-09-16,growth_activity_shift,2008-08-15,-20,0.03156367689371109
2008-09-16,growth_activity_shift,2008-08-18,-19,0.0382896326482296
2008-09-16,growth_activity_shift,2008-08-19,-18,0.04036443307995796
2008-09-16,growth_activity_shift,2008-08-20,-17,0.03586113452911377
2008-09-16,growth_activity_shift,2008-08-21,-16,0.03755601868033409
2008-09-16,growth_activity_shift,2008-08-22,-15,0.035252947360277176
2008-09-16,growth_activity_shift,2008-08-25,-14,0.038444630801677704
2008-09-16,growth_activity_shift,2008-08-26,-13,0.038978561758995056
2008-09-16,growth_activity_shift,2008-08-27,-12,0.030023321509361267
2008-09-16,growth_activity_shift,2008-08-28,-11,0.03184763342142105
2008-09-16,growth_activity_shift,2008-08-29,-10,0.03300453722476959
2008-09-16,growth_activity_shift,2008-09-02,-9,0.03242217004299164
2008-09-16,growth_activity_shift,2008-09-03,-8,0.03715844079852104
2008-09-16,growth_activity_shift,2008-09-04,-7,0.03949401527643204
2008-09-16,growth_activity_shift,2008-09-05,-6,0.04234660416841507
2008-09-16,growth_activity_shift,2008-09-08,-5,0.03653165325522423
2008-09-16,growth_activity_shift,2008-09-09,-4,0.03273259475827217
2008-09-16,growth_activity_shift,2008-09-10,-3,0.028833869844675064
2008-09-16,growth_activity_shift,2008-09-11,-2,0.03239966183900833
2008-09-16,growth_activity_shift,2008-09-12,-1,0.034886572510004044
2008-09-16,growth_activity_shift,2008-09-15,0,0.032813623547554016
2008-09-16,financial_conditions_shift,2008-08-06,-27,0.03903615102171898
2008-09-16,financial_conditions_shift,2008-08-07,-26,0.038441840559244156
2008-09-16,financial_conditions_shift,2008-08-08,-25,0.03541034460067749
2008-09-16,financial_conditions_shift,2008-08-11,-24,0.03968304768204689
2008-09-16,financial_conditions_shift,2008-08-12,-23,0.03817392513155937
2008-09-16,financial_conditions_shift,2008-08-13,-22,0.035258159041404724
2008-09-16,financial_conditions_shift,2008-08-14,-21,0.03627324849367142
2008-09-16,financial_conditions_shift,2008-08-15,-20,0.0378580205142498
2008-09-16,financial_conditions_shift,2008-08-18,-19,0.03210414573550224
2008-09-16,financial_conditions_shift,2008-08-19,-18,0.03301120549440384
2008-09-16,financial_conditions_shift,2008-08-20,-17,0.033479612320661545
2008-09-16,financial_conditions_shift,2008-08-21,-16,0.03211596980690956
2008-09-16,financial_conditions_shift,2008-08-22,-15,0.039617545902729034
2008-09-16,financial_conditions_shift,2008-08-25,-14,0.03501036390662193
2008-09-16,financial_conditions_shift,2008-08-26,-13,0.037071701139211655
2008-09-16,financial_conditions_shift,2008-08-27,-12,0.03624458983540535
2008-09-16,financial_conditions_shift,2008-08-28,-11,0.03007597103714943
2008-09-16,financial_conditions_shift,2008-08-29,-10,0.03743872791528702
2008-09-16,financial_conditions_shift,2008-09-02,-9,0.036259427666664124
2008-09-16,financial_conditions_shift,2008-09-03,-8,0.033066343516111374
2008-09-16,financial_conditions_shift,2008-09-04,-7,0.03074576146900654
2008-09-16,financial_conditions_shift,2008-09-05,-6,0.030443018302321434
2008-09-16,financial_conditions_shift,2008-09-08,-5,0.03722767531871796
2008-09-16,financial_conditions_shift,2008-09-09,-4,0.03266063705086708
2008-09-16,financial_conditions_shift,2008-09-10,-3,0.03945775702595711
2008-09-16,financial_conditions_shift,2008-09-11,-2,0.04027492180466652
2008-09-16,financial_conditions_shift,2008-09-12,-1,0.03643891215324402
2008-09-16,financial_conditions_shift,2008-09-15,0,0.03712096065282822
2008-09-16,balance_sheet_policy_shift,2008-08-06,-27,0.03820235654711723
2008-09-16,balance_sheet_policy_shift,2008-08-07,-26,0.03394291549921036
2008-09-16,balance_sheet_policy_shift,2008-08-08,-25,0.041673868894577026
2008-09-16,balance_sheet_policy_shift,2008-08-11,-24,0.03360024839639664
2008-09-16,balance_sheet_policy_shift,2008-08-12,-23,0.033210307359695435
2008-09-16,balance_sheet_policy_shift,2008-08-13,-22,0.03643975779414177
2008-09-16,balance_sheet_policy_shift,2008-08-14,-21,0.03339197486639023
2008-09-16,balance_sheet_policy_shift,2008-08-15,-20,0.031857993453741074
2008-09-16,balance_sheet_policy_shift,2008-08-18,-19,0.039192117750644684
2008-09-16,balance_sheet_policy_shift,2008-08-19,-18,0.0403573252260685
2008-09-16,balance_sheet_policy_shift,2008-08-20,-17,0.037305284291505814
2008-09-16,balance_sheet_policy_shift,2008-08-21,-16,0.03846915438771248
2008-09-16,balance_sheet_policy_shift,2008-08-22,-15,0.0334969237446785
2008-09-16,balance_sheet_policy_shift,2008-08-25,-14,0.03894920274615288
2008-09-16,balance_sheet_policy_shift,2008-08-26,-13,0.037780486047267914
2008-09-16,balance_sheet_policy_shift,2008-08-27,-12,0.030615445226430893
2008-09-16,balance_sheet_policy_shift,2008-08-28,-11,0.03520011901855469
2008-09-16,balance_sheet_policy_shift,2008-08-29,-10,0.03248293697834015
2008-09-16,balance_sheet_policy_shift,2008-09-02,-9,0.03349504992365837
2008-09-16,balance_sheet_policy_shift,2008-09-03,-8,0.03782175853848457
2008-09-16,balance_sheet_policy_shift,2008-09-04,-7,0.04136597737669945
2008-09-16,balance_sheet_policy_shift,2008-09-05,-6,0.04306861758232117
2008-09-16,balance_sheet_policy_shift,2008-09-08,-5,0.03524105250835419
2008-09-16,balance_sheet_policy_shift,2008-09-09,-4,0.03497080132365227
2008-09-16,balance_sheet_policy_shift,2008-09-10,-3,0.02920849248766899
2008-09-16,balance_sheet_policy_shift,2008-09-11,-2,0.030858144164085388
2008-09-16,balance_sheet_policy_shift,2008-09-12,-1,0.03442411124706268
2008-09-16,balance_sheet_policy_shift,2008-09-15,0,0.03337758034467697
2008-09-16,risk_balance_shift,2008-08-06,-27,0.04341082274913788
2008-09-16,risk_balance_shift,2008-08-07,-26,0.03753320872783661
2008-09-16,risk_balance_shift,2008-08-08,-25,0.042116910219192505
2008-09-16,risk_balance_shift,2008-08-11,-24,0.03857673704624176
2008-09-16,risk_balance_shift,2008-08-12,-23,0.033881720155477524
2008-09-16,risk_balance_shift,2008-08-13,-22,0.0361432321369648
2008-09-16,risk_balance_shift,2008-08-14,-21,0.034032560884952545
2008-09-16,risk_balance_shift,2008-08-15,-20,0.032579027116298676
2008-09-16,risk_balance_shift,2008-08-18,-19,0.03599162772297859
2008-09-16,risk_balance_shift,2008-08-19,-18,0.03884820640087128
2008-09-16,risk_balance_shift,2008-08-20,-17,0.03377746418118477
2008-09-16,risk_balance_shift,2008-08-21,-16,0.036418624222278595
2008-09-16,risk_balance_shift,2008-08-22,-15,0.038516897708177567
2008-09-16,risk_balance_shift,2008-08-25,-14,0.038458578288555145
2008-09-16,risk_balance_shift,2008-08-26,-13,0.03941703215241432
2008-09-16,risk_balance_shift,2008-08-27,-12,0.030557606369256973
2008-09-16,risk_balance_shift,2008-08-28,-11,0.029070021584630013
2008-09-16,risk_balance_shift,2008-08-29,-10,0.03435254469513893
2008-09-16,risk_balance_shift,2008-09-02,-9,0.03271404281258583
2008-09-16,risk_balance_shift,2008-09-03,-8,0.03514773026108742
2008-09-16,risk_balance_shift,2008-09-04,-7,0.03506042808294296
2008-09-16,risk_balance_shift,2008-09-05,-6,0.03792060166597366
2008-09-16,risk_balance_shift,2008-09-08,-5,0.03783931955695152
2008-09-16,risk_balance_shift,2008-09-09,-4,0.03157297521829605
2008-09-16,risk_balance_shift,2008-09-10,-3,0.031106069684028625
2008-09-16,risk_balance_shift,2008-09-11,-2,0.03562958911061287
2008-09-16,risk_balance_shift,2008-09-12,-1,0.03539201244711876
2008-09-16,risk_balance_shift,2008-09-15,0,0.033934466540813446
2008-09-16,committee_dispersion,2008-08-06,-27,0.041608162224292755
2008-09-16,committee_dispersion,2008-08-07,-26,0.034476008266210556
2008-09-16,committee_dispersion,2008-08-08,-25,0.042963117361068726
2008-09-16,committee_dispersion,2008-08-11,-24,0.03576870262622833
2008-09-16,committee_dispersion,2008-08-12,-23,0.03220441937446594
2008-09-16,committee_dispersion,2008-08-13,-22,0.0368526317179203
2008-09-16,committee_dispersion,2008-08-14,-21,0.033130474388599396
2008-09-16,committee_dispersion,2008-08-15,-20,0.03166739642620087
2008-09-16,committee_dispersion,2008-08-18,-19,0.038362517952919006
2008-09-16,committee_dispersion,2008-08-19,-18,0.040803372859954834
2008-09-16,committee_dispersion,2008-08-20,-17,0.036490947008132935
2008-09-16,committee_dispersion,2008-08-21,-16,0.03762510046362877
2008-09-16,committee_dispersion,2008-08-22,-15,0.03516774624586105
2008-09-16,committee_dispersion,2008-08-25,-14,0.038397204130887985
2008-09-16,committee_dispersion,2008-08-26,-13,0.03842933848500252
2008-09-16,committee_dispersion,2008-08-27,-12,0.02980910986661911
2008-09-16,committee_dispersion,2008-08-28,-11,0.03219340741634369
2008-09-16,committee_dispersion,2008-08-29,-10,0.03309912979602814
2008-09-16,committee_dispersion,2008-09-02,-9,0.03234126418828964
2008-09-16,committee_dispersion,2008-09-03,-8,0.03746452555060387
2008-09-16,committee_dispersion,2008-09-04,-7,0.040177538990974426
2008-09-16,committee_dispersion,2008-09-05,-6,0.04262407124042511
2008-09-16,committee_dispersion,2008-09-08,-5,0.03639215603470802
2008-09-16,committee_dispersion,2008-09-09,-4,0.032861970365047455
2008-09-16,committee_dispersion,2008-09-10,-3,0.029534373432397842
2008-09-16,committee_dispersion,2008-09-11,-2,0.03164704889059067
2008-09-16,committee_dispersion,2008-09-12,-1,0.03532835468649864
2008-09-16,committee_dispersion,2008-09-15,0,0.03257995471358299
2008-09-16,policy_uncertainty,2008-08-06,-27,0.03916865587234497
2008-09-16,policy_uncertainty,2008-08-07,-26,0.03810796141624451
2008-09-16,policy_uncertainty,2008-08-08,-25,0.035156454890966415
2008-09-16,policy_uncertainty,2008-08-11,-24,0.04008552432060242
2008-09-16,policy_uncertainty,2008-08-12,-23,0.037676386535167694
2008-09-16,policy_uncertainty,2008-08-13,-22,0.03543126583099365
2008-09-16,policy_uncertainty,2008-08-14,-21,0.03641507402062416
2008-09-16,policy_uncertainty,2008-08-15,-20,0.038279835134744644
2008-09-16,policy_uncertainty,2008-08-18,-19,0.03194201737642288
2008-09-16,policy_uncertainty,2008-08-19,-18,0.03303912281990051
2008-09-16,policy_uncertainty,2008-08-20,-17,0.03288772329688072
2008-09-16,policy_uncertainty,2008-08-21,-16,0.03172861412167549
2008-09-16,policy_uncertainty,2008-08-22,-15,0.039418887346982956
2008-09-16,policy_uncertainty,2008-08-25,-14,0.034221500158309937
2008-09-16,policy_uncertainty,2008-08-26,-13,0.03751916065812111
2008-09-16,policy_uncertainty,2008-08-27,-12,0.03643673285841942
2008-09-16,policy_uncertainty,2008-08-28,-11,0.030178498476743698
2008-09-16,policy_uncertainty,2008-08-29,-10,0.03793267160654068
2008-09-16,policy_uncertainty,2008-09-02,-9,0.03633466735482216
2008-09-16,policy_uncertainty,2008-09-03,-8,0.03323826938867569
2008-09-16,policy_uncertainty,2008-09-04,-7,0.03061794675886631
2008-09-16,policy_uncertainty,2008-09-05,-6,0.0302804596722126
2008-09-16,policy_uncertainty,2008-09-08,-5,0.03715144097805023
2008-09-16,policy_uncertainty,2008-09-09,-4,0.03224107250571251
2008-09-16,policy_uncertainty,2008-09-10,-3,0.04026549682021141
2008-09-16,policy_uncertainty,2008-09-11,-2,0.040541596710681915
2008-09-16,policy_uncertainty,2008-09-12,-1,0.03680288791656494
2008-09-16,policy_uncertainty,2008-09-15,0,0.03690003976225853
2008-09-16,forward_guidance_strength,2008-08-06,-27,0.04136271774768829
2008-09-16,forward_guidance_strength,2008-08-07,-26,0.037384554743766785
2008-09-16,forward_guidance_strength,2008-08-08,-25,0.03773614019155502
2008-09-16,forward_guidance_strength,2008-08-11,-24,0.039594367146492004
2008-09-16,forward_guidance_strength,2008-08-12,-23,0.03680071234703064
2008-09-16,forward_guidance_strength,2008-08-13,-22,0.035839930176734924
2008-09-16,forward_guidance_strength,2008-08-14,-21,0.035543836653232574
2008-09-16,forward_guidance_strength,2008-08-15,-20,0.03621509298682213
2008-09-16,forward_guidance_strength,2008-08-18,-19,0.03347444534301758
2008-09-16,forward_guidance_strength,2008-08-19,-18,0.03556884825229645
2008-09-16,forward_guidance_strength,2008-08-20,-17,0.03339383751153946
2008-09-16,forward_guidance_strength,2008-08-21,-16,0.03261707350611687
2008-09-16,forward_guidance_strength,2008-08-22,-15,0.039701931178569794
2008-09-16,forward_guidance_strength,2008-08-25,-14,0.036698926240205765
2008-09-16,forward_guidance_strength,2008-08-26,-13,0.03719436749815941
2008-09-16,forward_guidance_strength,2008-08-27,-12,0.033620450645685196
2008-09-16,forward_guidance_strength,2008-08-28,-11,0.02836889773607254
2008-09-16,forward_guidance_strength,2008-08-29,-10,0.036443281918764114
2008-09-16,forward_guidance_strength,2008-09-02,-9,0.035006649792194366
2008-09-16,forward_guidance_strength,2008-09-03,-8,0.03362604230642319
2008-09-16,forward_guidance_strength,2008-09-04,-7,0.03171679005026817
2008-09-16,forward_guidance_strength,2008-09-05,-6,0.03296599164605141
2008-09-16,forward_guidance_strength,2008-09-08,-5,0.03749299794435501
2008-09-16,forward_guidance_strength,2008-09-09,-4,0.03135409951210022
2008-09-16,forward_guidance_strength,2008-09-10,-3,0.036562222987413406
2008-09-16,forward_guidance_strength,2008-09-11,-2,0.03952910378575325
2008-09-16,forward_guidance_strength,2008-09-12,-1,0.03728855401277542
2008-09-16,forward_guidance_strength,2008-09-15,0,0.0368981771171093
2008-10-29,rate_decision,2008-09-17,-28,0.029390258714556694
2008-10-29,rate_decision,2008-09-18,-27,0.032338596880435944
2008-10-29,rate_decision,2008-09-19,-26,0.031023701652884483
2008-10-29,rate_decision,2008-09-22,-25,0.03397280350327492
2008-10-29,rate_decision,2008-09-23,-24,0.028832843527197838
2008-10-29,rate_decision,2008-09-24,-23,0.030406102538108826
2008-10-29,rate_decision,2008-09-25,-22,0.03699950501322746
2008-10-29,rate_decision,2008-09-26,-21,0.03078630194067955
2008-10-29,rate_decision,2008-09-29,-20,0.03498999774456024
2008-10-29,rate_decision,2008-09-30,-19,0.03173719719052315
2008-10-29,rate_decision,2008-10-01,-18,0.03196941316127777
2008-10-29,rate_decision,2008-10-02,-17,0.034717854112386703
2008-10-29,rate_decision,2008-10-03,-16,0.03411966562271118
2008-10-29,rate_decision,2008-10-06,-15,0.03677244484424591
2008-10-29,rate_decision,2008-10-07,-14,0.03592074662446976
2008-10-29,rate_decision,2008-10-08,-13,0.03904421627521515
2008-10-29,rate_decision,2008-10-09,-12,0.03301572427153587
2008-10-29,rate_decision,2008-10-10,-11,0.036439135670661926
2008-10-29,rate_decision,2008-10-14,-10,0.033943209797143936
2008-10-29,rate_decision,2008-10-15,-9,0.03467535227537155
2008-10-29,rate_decision,2008-10-16,-8,0.033874426037073135
2008-10-29,rate_decision,2008-10-17,-7,0.0326140895485878
2008-10-29,rate_decision,2008-10-20,-6,0.032861799001693726
2008-10-29,rate_decision,2008-10-21,-5,0.03304079920053482
2008-10-29,rate_decision,2008-10-22,-4,0.03404388576745987
2008-10-29,rate_decision,2008-10-23,-3,0.036694806069135666
2008-10-29,rate_decision,2008-10-24,-2,0.03950352966785431
2008-10-29,rate_decision,2008-10-27,-1,0.042917147278785706
2008-10-29,rate_decision,2008-10-28,0,0.04335436969995499
2008-10-29,current_policy_stance,2008-09-17,-28,0.030395060777664185
2008-10-29,current_policy_stance,2008-09-18,-27,0.03173433989286423
2008-10-29,current_policy_stance,2008-09-19,-26,0.02876107767224312
2008-10-29,current_policy_stance,2008-09-22,-25,0.03255240246653557
2008-10-29,current_policy_stance,2008-09-23,-24,0.028901368379592896
2008-10-29,current_policy_stance,2008-09-24,-23,0.027392437681555748
2008-10-29,current_policy_stance,2008-09-25,-22,0.03279795125126839
2008-10-29,current_policy_stance,2008-09-26,-21,0.030482962727546692
2008-10-29,current_policy_stance,2008-09-29,-20,0.0330493189394474
2008-10-29,current_policy_stance,2008-09-30,-19,0.03357310965657234
2008-10-29,current_policy_stance,2008-10-01,-18,0.03200293332338333
2008-10-29,current_policy_stance,2008-10-02,-17,0.03394027426838875
2008-10-29,current_policy_stance,2008-10-03,-16,0.035584449768066406
2008-10-29,current_policy_stance,2008-10-06,-15,0.03966096416115761
2008-10-29,current_policy_stance,2008-10-07,-14,0.03684380650520325
2008-10-29,current_policy_stance,2008-10-08,-13,0.038281943649053574
2008-10-29,current_policy_stance,2008-10-09,-12,0.03266485035419464
2008-10-29,current_policy_stance,2008-10-10,-11,0.03378339856863022
2008-10-29,current_policy_stance,2008-10-14,-10,0.03168480098247528
2008-10-29,current_policy_stance,2008-10-15,-9,0.031133409589529037
2008-10-29,current_policy_stance,2008-10-16,-8,0.03551601991057396
2008-10-29,current_policy_stance,2008-10-17,-7,0.03617600351572037
2008-10-29,current_policy_stance,2008-10-20,-6,0.03930642455816269
2008-10-29,current_policy_stance,2008-10-21,-5,0.03989433869719505
2008-10-29,current_policy_stance,2008-10-22,-4,0.04489278420805931
2008-10-29,current_policy_stance,2008-10-23,-3,0.03833552449941635
2008-10-29,current_policy_stance,2008-10-24,-2,0.03660672530531883
2008-10-29,current_policy_stance,2008-10-27,-1,0.03372161090373993
2008-10-29,current_policy_stance,2008-10-28,0,0.04032975807785988
2008-10-29,policy_stance_shift,2008-09-17,-28,0.030156197026371956
2008-10-29,policy_stance_shift,2008-09-18,-27,0.03229650482535362
2008-10-29,policy_stance_shift,2008-09-19,-26,0.028924962505698204
2008-10-29,policy_stance_shift,2008-09-22,-25,0.03233523294329643
2008-10-29,policy_stance_shift,2008-09-23,-24,0.028832999989390373
2008-10-29,policy_stance_shift,2008-09-24,-23,0.027437623590230942
2008-10-29,policy_stance_shift,2008-09-25,-22,0.03264128416776657
2008-10-29,policy_stance_shift,2008-09-26,-21,0.03045482560992241
2008-10-29,policy_stance_shift,2008-09-29,-20,0.03345286101102829
2008-10-29,policy_stance_shift,2008-09-30,-19,0.03347025439143181
2008-10-29,policy_stance_shift,2008-10-01,-18,0.03182109817862511
2008-10-29,policy_stance_shift,2008-10-02,-17,0.03404377028346062
2008-10-29,policy_stance_shift,2008-10-03,-16,0.03562328219413757
2008-10-29,policy_stance_shift,2008-10-06,-15,0.039678141474723816
2008-10-29,policy_stance_shift,2008-10-07,-14,0.037074070423841476
2008-10-29,policy_stance_shift,2008-10-08,-13,0.038133248686790466
2008-10-29,policy_stance_shift,2008-10-09,-12,0.03262452781200409
2008-10-29,policy_stance_shift,2008-10-10,-11,0.034114472568035126
2008-10-29,policy_stance_shift,2008-10-14,-10,0.03170284256339073
2008-10-29,policy_stance_shift,2008-10-15,-9,0.030697859823703766
2008-10-29,policy_stance_shift,2008-10-16,-8,0.034832458943128586
2008-10-29,policy_stance_shift,2008-10-17,-7,0.03585657849907875
2008-10-29,policy_stance_shift,2008-10-20,-6,0.038720935583114624
2008-10-29,policy_stance_shift,2008-10-21,-5,0.03942751884460449
2008-10-29,policy_stance_shift,2008-10-22,-4,0.04502708837389946
2008-10-29,policy_stance_shift,2008-10-23,-3,0.03836458921432495
2008-10-29,policy_stance_shift,2008-10-24,-2,0.0368596650660038
2008-10-29,policy_stance_shift,2008-10-27,-1,0.03429138660430908
2008-10-29,policy_stance_shift,2008-10-28,0,0.04110372066497803
2008-10-29,expected_rate_path_shift,2008-09-17,-28,0.02991044521331787
2008-10-29,expected_rate_path_shift,2008-09-18,-27,0.031605012714862823
2008-10-29,expected_rate_path_shift,2008-09-19,-26,0.028487207368016243
2008-10-29,expected_rate_path_shift,2008-09-22,-25,0.03211038187146187
2008-10-29,expected_rate_path_shift,2008-09-23,-24,0.028893770650029182
2008-10-29,expected_rate_path_shift,2008-09-24,-23,0.02725980244576931
2008-10-29,expected_rate_path_shift,2008-09-25,-22,0.03257618099451065
2008-10-29,expected_rate_path_shift,2008-09-26,-21,0.03045739233493805
2008-10-29,expected_rate_path_shift,2008-09-29,-20,0.03278174251317978
2008-10-29,expected_rate_path_shift,2008-09-30,-19,0.033616699278354645
2008-10-29,expected_rate_path_shift,2008-10-01,-18,0.03187248110771179
2008-10-29,expected_rate_path_shift,2008-10-02,-17,0.03411555290222168
2008-10-29,expected_rate_path_shift,2008-10-03,-16,0.03584037721157074
2008-10-29,expected_rate_path_shift,2008-10-06,-15,0.039857540279626846
2008-10-29,expected_rate_path_shift,2008-10-07,-14,0.03707127645611763
2008-10-29,expected_rate_path_shift,2008-10-08,-13,0.038096822798252106
2008-10-29,expected_rate_path_shift,2008-10-09,-12,0.03254219889640808
2008-10-29,expected_rate_path_shift,2008-10-10,-11,0.033672429621219635
2008-10-29,expected_rate_path_shift,2008-10-14,-10,0.03156983479857445
2008-10-29,expected_rate_path_shift,2008-10-15,-9,0.030649088323116302
2008-10-29,expected_rate_path_shift,2008-10-16,-8,0.035009872168302536
2008-10-29,expected_rate_path_shift,2008-10-17,-7,0.03604485094547272
2008-10-29,expected_rate_path_shift,2008-10-20,-6,0.0391758568584919
2008-10-29,expected_rate_path_shift,2008-10-21,-5,0.0399128757417202
2008-10-29,expected_rate_path_shift,2008-10-22,-4,0.04550570249557495
2008-10-29,expected_rate_path_shift,2008-10-23,-3,0.03865467756986618
2008-10-29,expected_rate_path_shift,2008-10-24,-2,0.03711910918354988
2008-10-29,expected_rate_path_shift,2008-10-27,-1,0.03420273959636688
2008-10-29,expected_rate_path_shift,2008-10-28,0,0.04138806462287903
2008-10-29,inflation_assessment_shift,2008-09-17,-28,0.029658183455467224
2008-10-29,inflation_assessment_shift,2008-09-18,-27,0.0318097323179245
2008-10-29,inflation_assessment_shift,2008-09-19,-26,0.0288253016769886
2008-10-29,inflation_assessment_shift,2008-09-22,-25,0.03232971206307411
2008-10-29,inflation_assessment_shift,2008-09-23,-24,0.02827117219567299
2008-10-29,inflation_assessment_shift,2008-09-24,-23,0.026975957676768303
2008-10-29,inflation_assessment_shift,2008-09-25,-22,0.03313261270523071
2008-10-29,inflation_assessment_shift,2008-09-26,-21,0.03018122725188732
2008-10-29,inflation_assessment_shift,2008-09-29,-20,0.03338926285505295
2008-10-29,inflation_assessment_shift,2008-09-30,-19,0.033193107694387436
2008-10-29,inflation_assessment_shift,2008-10-01,-18,0.03181949630379677
2008-10-29,inflation_assessment_shift,2008-10-02,-17,0.034349679946899414
2008-10-29,inflation_assessment_shift,2008-10-03,-16,0.035654593259096146
2008-10-29,inflation_assessment_shift,2008-10-06,-15,0.04015019163489342
2008-10-29,inflation_assessment_shift,2008-10-07,-14,0.03737102448940277
2008-10-29,inflation_assessment_shift,2008-10-08,-13,0.038246676325798035
2008-10-29,inflation_assessment_shift,2008-10-09,-12,0.03230879455804825
2008-10-29,inflation_assessment_shift,2008-10-10,-11,0.033911462873220444
2008-10-29,inflation_assessment_shift,2008-10-14,-10,0.03114108368754387
2008-10-29,inflation_assessment_shift,2008-10-15,-9,0.03029698133468628
2008-10-29,inflation_assessment_shift,2008-10-16,-8,0.03352759778499603
2008-10-29,inflation_assessment_shift,2008-10-17,-7,0.035178810358047485
2008-10-29,inflation_assessment_shift,2008-10-20,-6,0.03914798051118851
2008-10-29,inflation_assessment_shift,2008-10-21,-5,0.039928801357746124
2008-10-29,inflation_assessment_shift,2008-10-22,-4,0.04612217843532562
2008-10-29,inflation_assessment_shift,2008-10-23,-3,0.03931954503059387
2008-10-29,inflation_assessment_shift,2008-10-24,-2,0.03775057941675186
2008-10-29,inflation_assessment_shift,2008-10-27,-1,0.03464183583855629
2008-10-29,inflation_assessment_shift,2008-10-28,0,0.04136640951037407
2008-10-29,inflation_risk_shift,2008-09-17,-28,0.029987327754497528
2008-10-29,inflation_risk_shift,2008-09-18,-27,0.032007958739995956
2008-10-29,inflation_risk_shift,2008-09-19,-26,0.02867407351732254
2008-10-29,inflation_risk_shift,2008-09-22,-25,0.0322389081120491
2008-10-29,inflation_risk_shift,2008-09-23,-24,0.028647365048527718
2008-10-29,inflation_risk_shift,2008-09-24,-23,0.02717132493853569
2008-10-29,inflation_risk_shift,2008-09-25,-22,0.03300231695175171
2008-10-29,inflation_risk_shift,2008-09-26,-21,0.03040582686662674
2008-10-29,inflation_risk_shift,2008-09-29,-20,0.03328689560294151
2008-10-29,inflation_risk_shift,2008-09-30,-19,0.03335878998041153
2008-10-29,inflation_risk_shift,2008-10-01,-18,0.03187371417880058
2008-10-29,inflation_risk_shift,2008-10-02,-17,0.03417476266622543
2008-10-29,inflation_risk_shift,2008-10-03,-16,0.035616666078567505
2008-10-29,inflation_risk_shift,2008-10-06,-15,0.03988369554281235
2008-10-29,inflation_risk_shift,2008-10-07,-14,0.03710179403424263
2008-10-29,inflation_risk_shift,2008-10-08,-13,0.03809246048331261
2008-10-29,inflation_risk_shift,2008-10-09,-12,0.03235334903001785
2008-10-29,inflation_risk_shift,2008-10-10,-11,0.03372664749622345
2008-10-29,inflation_risk_shift,2008-10-14,-10,0.031261324882507324
2008-10-29,inflation_risk_shift,2008-10-15,-9,0.030344830825924873
2008-10-29,inflation_risk_shift,2008-10-16,-8,0.033978331834077835
2008-10-29,inflation_risk_shift,2008-10-17,-7,0.03555414080619812
2008-10-29,inflation_risk_shift,2008-10-20,-6,0.03912264108657837
2008-10-29,inflation_risk_shift,2008-10-21,-5,0.039874617010354996
2008-10-29,inflation_risk_shift,2008-10-22,-4,0.045973554253578186
2008-10-29,inflation_risk_shift,2008-10-23,-3,0.03908906504511833
2008-10-29,inflation_risk_shift,2008-10-24,-2,0.037410203367471695
2008-10-29,inflation_risk_shift,2008-10-27,-1,0.03448748216032982
2008-10-29,inflation_risk_shift,2008-10-28,0,0.04129991680383682
2008-10-29,unemployment_assessment_shift,2008-09-17,-28,0.029782632365822792
2008-10-29,unemployment_assessment_shift,2008-09-18,-27,0.03190481662750244
2008-10-29,unemployment_assessment_shift,2008-09-19,-26,0.02878398448228836
2008-10-29,unemployment_assessment_shift,2008-09-22,-25,0.03218044340610504
2008-10-29,unemployment_assessment_shift,2008-09-23,-24,0.028551729395985603
2008-10-29,unemployment_assessment_shift,2008-09-24,-23,0.026995215564966202
2008-10-29,unemployment_assessment_shift,2008-09-25,-22,0.0328591912984848
2008-10-29,unemployment_assessment_shift,2008-09-26,-21,0.03037097677588463
2008-10-29,unemployment_assessment_shift,2008-09-29,-20,0.0336163230240345
2008-10-29,unemployment_assessment_shift,2008-09-30,-19,0.03315729647874832
2008-10-29,unemployment_assessment_shift,2008-10-01,-18,0.03185776621103287
2008-10-29,unemployment_assessment_shift,2008-10-02,-17,0.03432074189186096
2008-10-29,unemployment_assessment_shift,2008-10-03,-16,0.03568325191736221
2008-10-29,unemployment_assessment_shift,2008-10-06,-15,0.04009765759110451
2008-10-29,unemployment_assessment_shift,2008-10-07,-14,0.03729098290205002
2008-10-29,unemployment_assessment_shift,2008-10-08,-13,0.038248538970947266
2008-10-29,unemployment_assessment_shift,2008-10-09,-12,0.03253650665283203
2008-10-29,unemployment_assessment_shift,2008-10-10,-11,0.033982209861278534
2008-10-29,unemployment_assessment_shift,2008-10-14,-10,0.031213799491524696
2008-10-29,unemployment_assessment_shift,2008-10-15,-9,0.030547279864549637
2008-10-29,unemployment_assessment_shift,2008-10-16,-8,0.034066833555698395
2008-10-29,unemployment_assessment_shift,2008-10-17,-7,0.03538650646805763
2008-10-29,unemployment_assessment_shift,2008-10-20,-6,0.039058756083250046
2008-10-29,unemployment_assessment_shift,2008-10-21,-5,0.04014461487531662
2008-10-29,unemployment_assessment_shift,2008-10-22,-4,0.04597502946853638
2008-10-29,unemployment_assessment_shift,2008-10-23,-3,0.038928911089897156
2008-10-29,unemployment_assessment_shift,2008-10-24,-2,0.037204284220933914
2008-10-29,unemployment_assessment_shift,2008-10-27,-1,0.03424837440252304
2008-10-29,unemployment_assessment_shift,2008-10-28,0,0.041005369275808334
2008-10-29,labor_market_risk_shift,2008-09-17,-28,0.029491670429706573
2008-10-29,labor_market_risk_shift,2008-09-18,-27,0.03162607550621033
2008-10-29,labor_market_risk_shift,2008-09-19,-26,0.028630796819925308
2008-10-29,labor_market_risk_shift,2008-09-22,-25,0.032330676913261414
2008-10-29,labor_market_risk_shift,2008-09-23,-24,0.028370961546897888
2008-10-29,labor_market_risk_shift,2008-09-24,-23,0.026967229321599007
2008-10-29,labor_market_risk_shift,2008-09-25,-22,0.03305467590689659
2008-10-29,labor_market_risk_shift,2008-09-26,-21,0.03028395213186741
2008-10-29,labor_market_risk_shift,2008-09-29,-20,0.03308340907096863
2008-10-29,labor_market_risk_shift,2008-09-30,-19,0.033451102674007416
2008-10-29,labor_market_risk_shift,2008-10-01,-18,0.03196091949939728
2008-10-29,labor_market_risk_shift,2008-10-02,-17,0.03431735187768936
2008-10-29,labor_market_risk_shift,2008-10-03,-16,0.03576439246535301
2008-10-29,labor_market_risk_shift,2008-10-06,-15,0.04000299423933029
2008-10-29,labor_market_risk_shift,2008-10-07,-14,0.03715789318084717
2008-10-29,labor_market_risk_shift,2008-10-08,-13,0.038071487098932266
2008-10-29,labor_market_risk_shift,2008-10-09,-12,0.032301366329193115
2008-10-29,labor_market_risk_shift,2008-10-10,-11,0.03366411477327347
2008-10-29,labor_market_risk_shift,2008-10-14,-10,0.03120419755578041
2008-10-29,labor_market_risk_shift,2008-10-15,-9,0.030498236417770386
2008-10-29,labor_market_risk_shift,2008-10-16,-8,0.03426062688231468
2008-10-29,labor_market_risk_shift,2008-10-17,-7,0.03571933135390282
2008-10-29,labor_market_risk_shift,2008-10-20,-6,0.039439015090465546
2008-10-29,labor_market_risk_shift,2008-10-21,-5,0.040372781455516815
2008-10-29,labor_market_risk_shift,2008-10-22,-4,0.04627344012260437
2008-10-29,labor_market_risk_shift,2008-10-23,-3,0.03914599120616913
2008-10-29,labor_market_risk_shift,2008-10-24,-2,0.03755456209182739
2008-10-29,labor_market_risk_shift,2008-10-27,-1,0.0341654047369957
2008-10-29,labor_market_risk_shift,2008-10-28,0,0.04083535075187683
2008-10-29,growth_activity_shift,2008-09-17,-28,0.029750235378742218
2008-10-29,growth_activity_shift,2008-09-18,-27,0.03222111985087395
2008-10-29,growth_activity_shift,2008-09-19,-26,0.028854776173830032
2008-10-29,growth_activity_shift,2008-09-22,-25,0.032259292900562286
2008-10-29,growth_activity_shift,2008-09-23,-24,0.028634170070290565
2008-10-29,growth_activity_shift,2008-09-24,-23,0.027480095624923706
2008-10-29,growth_activity_shift,2008-09-25,-22,0.0333280973136425
2008-10-29,growth_activity_shift,2008-09-26,-21,0.030442267656326294
2008-10-29,growth_activity_shift,2008-09-29,-20,0.03336536884307861
2008-10-29,growth_activity_shift,2008-09-30,-19,0.03336701914668083
2008-10-29,growth_activity_shift,2008-10-01,-18,0.03168843686580658
2008-10-29,growth_activity_shift,2008-10-02,-17,0.033812474459409714
2008-10-29,growth_activity_shift,2008-10-03,-16,0.03529251366853714
2008-10-29,growth_activity_shift,2008-10-06,-15,0.03952332213521004
2008-10-29,growth_activity_shift,2008-10-07,-14,0.03688693046569824
2008-10-29,growth_activity_shift,2008-10-08,-13,0.0380614697933197
2008-10-29,growth_activity_shift,2008-10-09,-12,0.032358717173337936
2008-10-29,growth_activity_shift,2008-10-10,-11,0.03399834409356117
2008-10-29,growth_activity_shift,2008-10-14,-10,0.03136707469820976
2008-10-29,growth_activity_shift,2008-10-15,-9,0.030661042779684067
2008-10-29,growth_activity_shift,2008-10-16,-8,0.03429708257317543
2008-10-29,growth_activity_shift,2008-10-17,-7,0.03585933521389961
2008-10-29,growth_activity_shift,2008-10-20,-6,0.03918130323290825
2008-10-29,growth_activity_shift,2008-10-21,-5,0.03998139873147011
2008-10-29,growth_activity_shift,2008-10-22,-4,0.04590768367052078
2008-10-29,growth_activity_shift,2008-10-23,-3,0.039184097200632095
2008-10-29,growth_activity_shift,2008-10-24,-2,0.037264853715896606
2008-10-29,growth_activity_shift,2008-10-27,-1,0.03436194732785225
2008-10-29,growth_activity_shift,2008-10-28,0,0.04060950502753258
2008-10-29,financial_conditions_shift,2008-09-17,-28,0.038525402545928955
2008-10-29,financial_conditions_shift,2008-09-18,-27,0.035811468958854675
2008-10-29,financial_conditions_shift,2008-09-19,-26,0.03846602886915207
2008-10-29,financial_conditions_shift,2008-09-22,-25,0.035004086792469025
2008-10-29,financial_conditions_shift,2008-09-23,-24,0.039129309356212616
2008-10-29,financial_conditions_shift,2008-09-24,-23,0.04196877032518387
2008-10-29,financial_conditions_shift,2008-09-25,-22,0.03438255190849304
2008-10-29,financial_conditions_shift,2008-09-26,-21,0.03830337151885033
2008-10-29,financial_conditions_shift,2008-09-29,-20,0.03590736910700798
2008-10-29,financial_conditions_shift,2008-09-30,-19,0.03557232767343521
2008-10-29,financial_conditions_shift,2008-10-01,-18,0.03619058430194855
2008-10-29,financial_conditions_shift,2008-10-02,-17,0.034089136868715286
2008-10-29,financial_conditions_shift,2008-10-03,-16,0.03309367224574089
2008-10-29,financial_conditions_shift,2008-10-06,-15,0.02983774244785309
2008-10-29,financial_conditions_shift,2008-10-07,-14,0.03133510425686836
2008-10-29,financial_conditions_shift,2008-10-08,-13,0.031227314844727516
2008-10-29,financial_conditions_shift,2008-10-09,-12,0.03726974502205849
2008-10-29,financial_conditions_shift,2008-10-10,-11,0.03462974354624748
2008-10-29,financial_conditions_shift,2008-10-14,-10,0.03685533627867699
2008-10-29,financial_conditions_shift,2008-10-15,-9,0.03844315931200981
2008-10-29,financial_conditions_shift,2008-10-16,-8,0.038008131086826324
2008-10-29,financial_conditions_shift,2008-10-17,-7,0.03587256744503975
2008-10-29,financial_conditions_shift,2008-10-20,-6,0.031595174223184586
2008-10-29,financial_conditions_shift,2008-10-21,-5,0.030258338898420334
2008-10-29,financial_conditions_shift,2008-10-22,-4,0.026001792401075363
2008-10-29,financial_conditions_shift,2008-10-23,-3,0.029270408675074577
2008-10-29,financial_conditions_shift,2008-10-24,-2,0.029771992936730385
2008-10-29,financial_conditions_shift,2008-10-27,-1,0.03350368142127991
2008-10-29,financial_conditions_shift,2008-10-28,0,0.029675699770450592
2008-10-29,balance_sheet_policy_shift,2008-09-17,-28,0.029728155583143234
2008-10-29,balance_sheet_policy_shift,2008-09-18,-27,0.03214374929666519
2008-10-29,balance_sheet_policy_shift,2008-09-19,-26,0.029402747750282288
2008-10-29,balance_sheet_policy_shift,2008-09-22,-25,0.03274945169687271
2008-10-29,balance_sheet_policy_shift,2008-09-23,-24,0.02856108918786049
2008-10-29,balance_sheet_policy_shift,2008-09-24,-23,0.027049480006098747
2008-10-29,balance_sheet_policy_shift,2008-09-25,-22,0.03307214751839638
2008-10-29,balance_sheet_policy_shift,2008-09-26,-21,0.030200310051441193
2008-10-29,balance_sheet_policy_shift,2008-09-29,-20,0.03338370472192764
2008-10-29,balance_sheet_policy_shift,2008-09-30,-19,0.03314030542969704
2008-10-29,balance_sheet_policy_shift,2008-10-01,-18,0.032018523663282394
2008-10-29,balance_sheet_policy_shift,2008-10-02,-17,0.034431092441082
2008-10-29,balance_sheet_policy_shift,2008-10-03,-16,0.03550327196717262
2008-10-29,balance_sheet_policy_shift,2008-10-06,-15,0.04001937061548233
2008-10-29,balance_sheet_policy_shift,2008-10-07,-14,0.037361837923526764
2008-10-29,balance_sheet_policy_shift,2008-10-08,-13,0.038024451583623886
2008-10-29,balance_sheet_policy_shift,2008-10-09,-12,0.032385505735874176
2008-10-29,balance_sheet_policy_shift,2008-10-10,-11,0.033681102097034454
2008-10-29,balance_sheet_policy_shift,2008-10-14,-10,0.031302906572818756
2008-10-29,balance_sheet_policy_shift,2008-10-15,-9,0.030148891732096672
2008-10-29,balance_sheet_policy_shift,2008-10-16,-8,0.03278863802552223
2008-10-29,balance_sheet_policy_shift,2008-10-17,-7,0.034693241119384766
2008-10-29,balance_sheet_policy_shift,2008-10-20,-6,0.0388580858707428
2008-10-29,balance_sheet_policy_shift,2008-10-21,-5,0.03985494375228882
2008-10-29,balance_sheet_policy_shift,2008-10-22,-4,0.04638432711362839
2008-10-29,balance_sheet_policy_shift,2008-10-23,-3,0.03945401683449745
2008-10-29,balance_sheet_policy_shift,2008-10-24,-2,0.03782770037651062
2008-10-29,balance_sheet_policy_shift,2008-10-27,-1,0.03482266515493393
2008-10-29,balance_sheet_policy_shift,2008-10-28,0,0.04100823029875755
2008-10-29,risk_balance_shift,2008-09-17,-28,0.029616370797157288
2008-10-29,risk_balance_shift,2008-09-18,-27,0.03227345272898674
2008-10-29,risk_balance_shift,2008-09-19,-26,0.028958085924386978
2008-10-29,risk_balance_shift,2008-09-22,-25,0.03240478038787842
2008-10-29,risk_balance_shift,2008-09-23,-24,0.028497055172920227
2008-10-29,risk_balance_shift,2008-09-24,-23,0.027203233912587166
2008-10-29,risk_balance_shift,2008-09-25,-22,0.03298318758606911
2008-10-29,risk_balance_shift,2008-09-26,-21,0.030026862397789955
2008-10-29,risk_balance_shift,2008-09-29,-20,0.03335466608405113
2008-10-29,risk_balance_shift,2008-09-30,-19,0.03302127495408058
2008-10-29,risk_balance_shift,2008-10-01,-18,0.031590476632118225
2008-10-29,risk_balance_shift,2008-10-02,-17,0.033964719623327255
2008-10-29,risk_balance_shift,2008-10-03,-16,0.03530556708574295
2008-10-29,risk_balance_shift,2008-10-06,-15,0.03983178734779358
2008-10-29,risk_balance_shift,2008-10-07,-14,0.0371251218020916
2008-10-29,risk_balance_shift,2008-10-08,-13,0.03826797381043434
2008-10-29,risk_balance_shift,2008-10-09,-12,0.03243044391274452
2008-10-29,risk_balance_shift,2008-10-10,-11,0.0343286395072937
2008-10-29,risk_balance_shift,2008-10-14,-10,0.031443990767002106
2008-10-29,risk_balance_shift,2008-10-15,-9,0.030695199966430664
2008-10-29,risk_balance_shift,2008-10-16,-8,0.03427243232727051
2008-10-29,risk_balance_shift,2008-10-17,-7,0.03553665801882744
2008-10-29,risk_balance_shift,2008-10-20,-6,0.03868211433291435
2008-10-29,risk_balance_shift,2008-10-21,-5,0.03980144113302231
2008-10-29,risk_balance_shift,2008-10-22,-4,0.045769594609737396
2008-10-29,risk_balance_shift,2008-10-23,-3,0.03911077603697777
2008-10-29,risk_balance_shift,2008-10-24,-2,0.03727971017360687
2008-10-29,risk_balance_shift,2008-10-27,-1,0.03456692397594452
2008-10-29,risk_balance_shift,2008-10-28,0,0.04165741056203842
2008-10-29,committee_dispersion,2008-09-17,-28,0.03869301453232765
2008-10-29,committee_dispersion,2008-09-18,-27,0.03593730926513672
2008-10-29,committee_dispersion,2008-09-19,-26,0.038471706211566925
2008-10-29,committee_dispersion,2008-09-22,-25,0.03534485027194023
2008-10-29,committee_dispersion,2008-09-23,-24,0.03911688178777695
2008-10-29,committee_dispersion,2008-09-24,-23,0.04168954864144325
2008-10-29,committee_dispersion,2008-09-25,-22,0.03396890312433243
2008-10-29,committee_dispersion,2008-09-26,-21,0.03843814879655838
2008-10-29,committee_dispersion,2008-09-29,-20,0.035662442445755005
2008-10-29,committee_dispersion,2008-09-30,-19,0.035660646855831146
2008-10-29,committee_dispersion,2008-10-01,-18,0.036161672323942184
2008-10-29,committee_dispersion,2008-10-02,-17,0.03398183360695839
2008-10-29,committee_dispersion,2008-10-03,-16,0.03303859382867813
2008-10-29,committee_dispersion,2008-10-06,-15,0.029809189960360527
2008-10-29,committee_dispersion,2008-10-07,-14,0.03142838180065155
2008-10-29,committee_dispersion,2008-10-08,-13,0.031222712248563766
2008-10-29,committee_dispersion,2008-10-09,-12,0.037508219480514526
2008-10-29,committee_dispersion,2008-10-10,-11,0.03453100100159645
2008-10-29,committee_dispersion,2008-10-14,-10,0.03676411509513855
2008-10-29,committee_dispersion,2008-10-15,-9,0.03819846361875534
2008-10-29,committee_dispersion,2008-10-16,-8,0.03834875300526619
2008-10-29,committee_dispersion,2008-10-17,-7,0.03607834875583649
2008-10-29,committee_dispersion,2008-10-20,-6,0.0319402739405632
2008-10-29,committee_dispersion,2008-10-21,-5,0.0304998978972435
2008-10-29,committee_dispersion,2008-10-22,-4,0.026279866695404053
2008-10-29,committee_dispersion,2008-10-23,-3,0.029162414371967316
2008-10-29,committee_dispersion,2008-10-24,-2,0.029873011633753777
2008-10-29,committee_dispersion,2008-10-27,-1,0.0330110639333725
2008-10-29,committee_dispersion,2008-10-28,0,0.02917872928082943
2008-10-29,policy_uncertainty,2008-09-17,-28,0.037704549729824066
2008-10-29,policy_uncertainty,2008-09-18,-27,0.035656873136758804
2008-10-29,policy_uncertainty,2008-09-19,-26,0.03716393932700157
2008-10-29,policy_uncertainty,2008-09-22,-25,0.034623973071575165
2008-10-29,policy_uncertainty,2008-09-23,-24,0.038107167929410934
2008-10-29,policy_uncertainty,2008-09-24,-23,0.04075416177511215
2008-10-29,policy_uncertainty,2008-09-25,-22,0.033936940133571625
2008-10-29,policy_uncertainty,2008-09-26,-21,0.03802639991044998
2008-10-29,policy_uncertainty,2008-09-29,-20,0.03552583232522011
2008-10-29,policy_uncertainty,2008-09-30,-19,0.036007627844810486
2008-10-29,policy_uncertainty,2008-10-01,-18,0.036025211215019226
2008-10-29,policy_uncertainty,2008-10-02,-17,0.03408316522836685
2008-10-29,policy_uncertainty,2008-10-03,-16,0.03356397897005081
2008-10-29,policy_uncertainty,2008-10-06,-15,0.030407972633838654
2008-10-29,policy_uncertainty,2008-10-07,-14,0.03126206621527672
2008-10-29,policy_uncertainty,2008-10-08,-13,0.03169220685958862
2008-10-29,policy_uncertainty,2008-10-09,-12,0.03684939444065094
2008-10-29,policy_uncertainty,2008-10-10,-11,0.03448934108018875
2008-10-29,policy_uncertainty,2008-10-14,-10,0.036219120025634766
2008-10-29,policy_uncertainty,2008-10-15,-9,0.03773878514766693
2008-10-29,policy_uncertainty,2008-10-16,-8,0.03908170387148857
2008-10-29,policy_uncertainty,2008-10-17,-7,0.03698062151670456
2008-10-29,policy_uncertainty,2008-10-20,-6,0.032729532569646835
2008-10-29,policy_uncertainty,2008-10-21,-5,0.031270354986190796
2008-10-29,policy_uncertainty,2008-10-22,-4,0.02736271172761917
2008-10-29,policy_uncertainty,2008-10-23,-3,0.029821816831827164
2008-10-29,policy_uncertainty,2008-10-24,-2,0.030255813151597977
2008-10-29,policy_uncertainty,2008-10-27,-1,0.03269893303513527
2008-10-29,policy_uncertainty,2008-10-28,0,0.029959779232740402
2008-10-29,forward_guidance_strength,2008-09-17,-28,0.037601880729198456
2008-10-29,forward_guidance_strength,2008-09-18,-27,0.03537401184439659
2008-10-29,forward_guidance_strength,2008-09-19,-26,0.03713594004511833
2008-10-29,forward_guidance_strength,2008-09-22,-25,0.0350223071873188
2008-10-29,forward_guidance_strength,2008-09-23,-24,0.038138508796691895
2008-10-29,forward_guidance_strength,2008-09-24,-23,0.04049837216734886
2008-10-29,forward_guidance_strength,2008-09-25,-22,0.033677250146865845
2008-10-29,forward_guidance_strength,2008-09-26,-21,0.03761465847492218
2008-10-29,forward_guidance_strength,2008-09-29,-20,0.03592841327190399
2008-10-29,forward_guidance_strength,2008-09-30,-19,0.03584332764148712
2008-10-29,forward_guidance_strength,2008-10-01,-18,0.03596697747707367
2008-10-29,forward_guidance_strength,2008-10-02,-17,0.034045539796352386
2008-10-29,forward_guidance_strength,2008-10-03,-16,0.0334683395922184
2008-10-29,forward_guidance_strength,2008-10-06,-15,0.030858883634209633
2008-10-29,forward_guidance_strength,2008-10-07,-14,0.03188665956258774
2008-10-29,forward_guidance_strength,2008-10-08,-13,0.03221016749739647
2008-10-29,forward_guidance_strength,2008-10-09,-12,0.037120457738637924
2008-10-29,forward_guidance_strength,2008-10-10,-11,0.0349418967962265
2008-10-29,forward_guidance_strength,2008-10-14,-10,0.036599937826395035
2008-10-29,forward_guidance_strength,2008-10-15,-9,0.03837602585554123
2008-10-29,forward_guidance_strength,2008-10-16,-8,0.0392700731754303
2008-10-29,forward_guidance_strength,2008-10-17,-7,0.036367058753967285
2008-10-29,forward_guidance_strength,2008-10-20,-6,0.03212282061576843
2008-10-29,forward_guidance_strength,2008-10-21,-5,0.031081194058060646
2008-10-29,forward_guidance_strength,2008-10-22,-4,0.02701462432742119
2008-10-29,forward_guidance_strength,2008-10-23,-3,0.029363200068473816
2008-10-29,forward_guidance_strength,2008-10-24,-2,0.029670706018805504
2008-10-29,forward_guidance_strength,2008-10-27,-1,0.03264778479933739
2008-10-29,forward_guidance_strength,2008-10-28,0,0.03015301376581192
2008-12-16,rate_decision,2008-10-30,-30,0.03242241591215134
2008-12-16,rate_decision,2008-10-31,-29,0.0334945023059845
2008-12-16,rate_decision,2008-11-03,-28,0.03230670467019081
2008-12-16,rate_decision,2008-11-04,-27,0.03330976516008377
2008-12-16,rate_decision,2008-11-05,-26,0.03365255519747734
2008-12-16,rate_decision,2008-11-06,-25,0.032090719789266586
2008-12-16,rate_decision,2008-11-07,-24,0.033178336918354034
2008-12-16,rate_decision,2008-11-10,-23,0.02942386269569397
2008-12-16,rate_decision,2008-11-12,-22,0.032841458916664124
2008-12-16,rate_decision,2008-11-13,-21,0.029005344957113266
2008-12-16,rate_decision,2008-11-14,-20,0.029037274420261383
2008-12-16,rate_decision,2008-11-17,-19,0.030321389436721802
2008-12-16,rate_decision,2008-11-18,-18,0.031330350786447525
2008-12-16,rate_decision,2008-11-19,-17,0.03228924423456192
2008-12-16,rate_decision,2008-11-20,-16,0.03150089830160141
2008-12-16,rate_decision,2008-11-21,-15,0.03351780027151108
2008-12-16,rate_decision,2008-11-24,-14,0.03177393600344658
2008-12-16,rate_decision,2008-11-25,-13,0.03047945722937584
2008-12-16,rate_decision,2008-11-26,-12,0.030136369168758392
2008-12-16,rate_decision,2008-11-28,-11,0.030420316383242607
2008-12-16,rate_decision,2008-12-01,-10,0.03129497542977333
2008-12-16,rate_decision,2008-12-02,-9,0.03340601176023483
2008-12-16,rate_decision,2008-12-03,-8,0.032489120960235596
2008-12-16,rate_decision,2008-12-04,-7,0.03194770589470863
2008-12-16,rate_decision,2008-12-05,-6,0.032978057861328125
2008-12-16,rate_decision,2008-12-08,-5,0.031795043498277664
2008-12-16,rate_decision,2008-12-09,-4,0.03077305294573307
2008-12-16,rate_decision,2008-12-10,-3,0.030978769063949585
2008-12-16,rate_decision,2008-12-11,-2,0.034537896513938904
2008-12-16,rate_decision,2008-12-12,-1,0.038664162158966064
2008-12-16,rate_decision,2008-12-15,0,0.03860250115394592
2008-12-16,current_policy_stance,2008-10-30,-30,0.0275026336312294
2008-12-16,current_policy_stance,2008-10-31,-29,0.0269458070397377
2008-12-16,current_policy_stance,2008-11-03,-28,0.030124198645353317
2008-12-16,current_policy_stance,2008-11-04,-27,0.03274266794323921
2008-12-16,current_policy_stance,2008-11-05,-26,0.038421131670475006
2008-12-16,current_policy_stance,2008-11-06,-25,0.035127297043800354
2008-12-16,current_policy_stance,2008-11-07,-24,0.03584877401590347
2008-12-16,current_policy_stance,2008-11-10,-23,0.03126462548971176
2008-12-16,current_policy_stance,2008-11-12,-22,0.029257358983159065
2008-12-16,current_policy_stance,2008-11-13,-21,0.033153511583805084
2008-12-16,current_policy_stance,2008-11-14,-20,0.028163133189082146
2008-12-16,current_policy_stance,2008-11-17,-19,0.031185682862997055
2008-12-16,current_policy_stance,2008-11-18,-18,0.03480936214327812
2008-12-16,current_policy_stance,2008-11-19,-17,0.034901782870292664
2008-12-16,current_policy_stance,2008-11-20,-16,0.03161194175481796
2008-12-16,current_policy_stance,2008-11-21,-15,0.03517879918217659
2008-12-16,current_policy_stance,2008-11-24,-14,0.032993294298648834
2008-12-16,current_policy_stance,2008-11-25,-13,0.02847236767411232
2008-12-16,current_policy_stance,2008-11-26,-12,0.030338356271386147
2008-12-16,current_policy_stance,2008-11-28,-11,0.03091847524046898
2008-12-16,current_policy_stance,2008-12-01,-10,0.030553415417671204
2008-12-16,current_policy_stance,2008-12-02,-9,0.03477003425359726
2008-12-16,current_policy_stance,2008-12-03,-8,0.03468021750450134
2008-12-16,current_policy_stance,2008-12-04,-7,0.031070638447999954
2008-12-16,current_policy_stance,2008-12-05,-6,0.03334116190671921
2008-12-16,current_policy_stance,2008-12-08,-5,0.0323355458676815
2008-12-16,current_policy_stance,2008-12-09,-4,0.028932102024555206
2008-12-16,current_policy_stance,2008-12-10,-3,0.0320177860558033
2008-12-16,current_policy_stance,2008-12-11,-2,0.032090120017528534
2008-12-16,current_policy_stance,2008-12-12,-1,0.03373720869421959
2008-12-16,current_policy_stance,2008-12-15,0,0.037510551512241364
2008-12-16,policy_stance_shift,2008-10-30,-30,0.027683299034833908
2008-12-16,policy_stance_shift,2008-10-31,-29,0.027002055197954178
2008-12-16,policy_stance_shift,2008-11-03,-28,0.030053135007619858
2008-12-16,policy_stance_shift,2008-11-04,-27,0.03282978758215904
2008-12-16,policy_stance_shift,2008-11-05,-26,0.03838460147380829
2008-12-16,policy_stance_shift,2008-11-06,-25,0.03513464331626892
2008-12-16,policy_stance_shift,2008-11-07,-24,0.035877205431461334
2008-12-16,policy_stance_shift,2008-11-10,-23,0.03151552751660347
2008-12-16,policy_stance_shift,2008-11-12,-22,0.029622331261634827
2008-12-16,policy_stance_shift,2008-11-13,-21,0.03331105038523674
2008-12-16,policy_stance_shift,2008-11-14,-20,0.028243212029337883
2008-12-16,policy_stance_shift,2008-11-17,-19,0.031151624396443367
2008-12-16,policy_stance_shift,2008-11-18,-18,0.03468596562743187
2008-12-16,policy_stance_shift,2008-11-19,-17,0.034819766879081726
2008-12-16,policy_stance_shift,2008-11-20,-16,0.03160260617733002
2008-12-16,policy_stance_shift,2008-11-21,-15,0.035232268273830414
2008-12-16,policy_stance_shift,2008-11-24,-14,0.03298041597008705
2008-12-16,policy_stance_shift,2008-11-25,-13,0.02828158438205719
2008-12-16,policy_stance_shift,2008-11-26,-12,0.030166059732437134
2008-12-16,policy_stance_shift,2008-11-28,-11,0.030787024646997452
2008-12-16,policy_stance_shift,2008-12-01,-10,0.030439065769314766
2008-12-16,policy_stance_shift,2008-12-02,-9,0.034594204276800156
2008-12-16,policy_stance_shift,2008-12-03,-8,0.034575097262859344
2008-12-16,policy_stance_shift,2008-12-04,-7,0.030887503176927567
2008-12-16,policy_stance_shift,2008-12-05,-6,0.03327537328004837
2008-12-16,policy_stance_shift,2008-12-08,-5,0.032375626266002655
2008-12-16,policy_stance_shift,2008-12-09,-4,0.028869085013866425
2008-12-16,policy_stance_shift,2008-12-10,-3,0.032187268137931824
2008-12-16,policy_stance_shift,2008-12-11,-2,0.032085612416267395
2008-12-16,policy_stance_shift,2008-12-12,-1,0.033845461905002594
2008-12-16,policy_stance_shift,2008-12-15,0,0.037501558661460876
2008-12-16,expected_rate_path_shift,2008-10-30,-30,0.027275243774056435
2008-12-16,expected_rate_path_shift,2008-10-31,-29,0.026935242116451263
2008-12-16,expected_rate_path_shift,2008-11-03,-28,0.03005303256213665
2008-12-16,expected_rate_path_shift,2008-11-04,-27,0.032560884952545166
2008-12-16,expected_rate_path_shift,2008-11-05,-26,0.038271259516477585
2008-12-16,expected_rate_path_shift,2008-11-06,-25,0.03501385822892189
2008-12-16,expected_rate_path_shift,2008-11-07,-24,0.03591769188642502
2008-12-16,expected_rate_path_shift,2008-11-10,-23,0.03131173551082611
2008-12-16,expected_rate_path_shift,2008-11-12,-22,0.028972219675779343
2008-12-16,expected_rate_path_shift,2008-11-13,-21,0.033248692750930786
2008-12-16,expected_rate_path_shift,2008-11-14,-20,0.028011851012706757
2008-12-16,expected_rate_path_shift,2008-11-17,-19,0.03130220249295235
2008-12-16,expected_rate_path_shift,2008-11-18,-18,0.034676454961299896
2008-12-16,expected_rate_path_shift,2008-11-19,-17,0.0349055752158165
2008-12-16,expected_rate_path_shift,2008-11-20,-16,0.031972888857126236
2008-12-16,expected_rate_path_shift,2008-11-21,-15,0.03548402339220047
2008-12-16,expected_rate_path_shift,2008-11-24,-14,0.03316003829240799
2008-12-16,expected_rate_path_shift,2008-11-25,-13,0.028551902621984482
2008-12-16,expected_rate_path_shift,2008-11-26,-12,0.03045716881752014
2008-12-16,expected_rate_path_shift,2008-11-28,-11,0.030895687639713287
2008-12-16,expected_rate_path_shift,2008-12-01,-10,0.030463039875030518
2008-12-16,expected_rate_path_shift,2008-12-02,-9,0.03467044606804848
2008-12-16,expected_rate_path_shift,2008-12-03,-8,0.034619249403476715
2008-12-16,expected_rate_path_shift,2008-12-04,-7,0.031091846525669098
2008-12-16,expected_rate_path_shift,2008-12-05,-6,0.03334640711545944
2008-12-16,expected_rate_path_shift,2008-12-08,-5,0.03238029405474663
2008-12-16,expected_rate_path_shift,2008-12-09,-4,0.02875548042356968
2008-12-16,expected_rate_path_shift,2008-12-10,-3,0.03221386671066284
2008-12-16,expected_rate_path_shift,2008-12-11,-2,0.031907957047224045
2008-12-16,expected_rate_path_shift,2008-12-12,-1,0.03388747572898865
2008-12-16,expected_rate_path_shift,2008-12-15,0,0.03768632560968399
2008-12-16,inflation_assessment_shift,2008-10-30,-30,0.027324769645929337
2008-12-16,inflation_assessment_shift,2008-10-31,-29,0.026826951652765274
2008-12-16,inflation_assessment_shift,2008-11-03,-28,0.029853684827685356
2008-12-16,inflation_assessment_shift,2008-11-04,-27,0.032720595598220825
2008-12-16,inflation_assessment_shift,2008-11-05,-26,0.038165051490068436
2008-12-16,inflation_assessment_shift,2008-11-06,-25,0.034881118685007095
2008-12-16,inflation_assessment_shift,2008-11-07,-24,0.03588934987783432
2008-12-16,inflation_assessment_shift,2008-11-10,-23,0.03129709139466286
2008-12-16,inflation_assessment_shift,2008-11-12,-22,0.029367536306381226
2008-12-16,inflation_assessment_shift,2008-11-13,-21,0.032964445650577545
2008-12-16,inflation_assessment_shift,2008-11-14,-20,0.028253916651010513
2008-12-16,inflation_assessment_shift,2008-11-17,-19,0.031220166012644768
2008-12-16,inflation_assessment_shift,2008-11-18,-18,0.03483295813202858
2008-12-16,inflation_assessment_shift,2008-11-19,-17,0.03507974371314049
2008-12-16,inflation_assessment_shift,2008-11-20,-16,0.03175748884677887
2008-12-16,inflation_assessment_shift,2008-11-21,-15,0.03522677719593048
2008-12-16,inflation_assessment_shift,2008-11-24,-14,0.033153027296066284
2008-12-16,inflation_assessment_shift,2008-11-25,-13,0.028440140187740326
2008-12-16,inflation_assessment_shift,2008-11-26,-12,0.030249889940023422
2008-12-16,inflation_assessment_shift,2008-11-28,-11,0.030959326773881912
2008-12-16,inflation_assessment_shift,2008-12-01,-10,0.030618833377957344
2008-12-16,inflation_assessment_shift,2008-12-02,-9,0.03476783633232117
2008-12-16,inflation_assessment_shift,2008-12-03,-8,0.03469610586762428
2008-12-16,inflation_assessment_shift,2008-12-04,-7,0.03087613172829151
2008-12-16,inflation_assessment_shift,2008-12-05,-6,0.03329208493232727
2008-12-16,inflation_assessment_shift,2008-12-08,-5,0.03233164921402931
2008-12-16,inflation_assessment_shift,2008-12-09,-4,0.028922496363520622
2008-12-16,inflation_assessment_shift,2008-12-10,-3,0.032061103731393814
2008-12-16,inflation_assessment_shift,2008-12-11,-2,0.032248564064502716
2008-12-16,inflation_assessment_shift,2008-12-12,-1,0.03412232547998428
2008-12-16,inflation_assessment_shift,2008-12-15,0,0.037598855793476105
2008-12-16,inflation_risk_shift,2008-10-30,-30,0.027925077825784683
2008-12-16,inflation_risk_shift,2008-10-31,-29,0.02792946994304657
2008-12-16,inflation_risk_shift,2008-11-03,-28,0.030735693871974945
2008-12-16,inflation_risk_shift,2008-11-04,-27,0.032687682658433914
2008-12-16,inflation_risk_shift,2008-11-05,-26,0.03783874958753586
2008-12-16,inflation_risk_shift,2008-11-06,-25,0.03523653745651245
2008-12-16,inflation_risk_shift,2008-11-07,-24,0.03588234633207321
2008-12-16,inflation_risk_shift,2008-11-10,-23,0.0319441519677639
2008-12-16,inflation_risk_shift,2008-11-12,-22,0.02944779582321644
2008-12-16,inflation_risk_shift,2008-11-13,-21,0.03375393524765968
2008-12-16,inflation_risk_shift,2008-11-14,-20,0.028482915833592415
2008-12-16,inflation_risk_shift,2008-11-17,-19,0.03148984536528587
2008-12-16,inflation_risk_shift,2008-11-18,-18,0.034372035413980484
2008-12-16,inflation_risk_shift,2008-11-19,-17,0.03457722067832947
2008-12-16,inflation_risk_shift,2008-11-20,-16,0.03138008713722229
2008-12-16,inflation_risk_shift,2008-11-21,-15,0.034992117434740067
2008-12-16,inflation_risk_shift,2008-11-24,-14,0.0333857387304306
2008-12-16,inflation_risk_shift,2008-11-25,-13,0.028518741950392723
2008-12-16,inflation_risk_shift,2008-11-26,-12,0.03019152767956257
2008-12-16,inflation_risk_shift,2008-11-28,-11,0.030714314430952072
2008-12-16,inflation_risk_shift,2008-12-01,-10,0.030169948935508728
2008-12-16,inflation_risk_shift,2008-12-02,-9,0.033881090581417084
2008-12-16,inflation_risk_shift,2008-12-03,-8,0.034177377820014954
2008-12-16,inflation_risk_shift,2008-12-04,-7,0.030621416866779327
2008-12-16,inflation_risk_shift,2008-12-05,-6,0.03310353681445122
2008-12-16,inflation_risk_shift,2008-12-08,-5,0.03252920135855675
2008-12-16,inflation_risk_shift,2008-12-09,-4,0.028721529990434647
2008-12-16,inflation_risk_shift,2008-12-10,-3,0.032475024461746216
2008-12-16,inflation_risk_shift,2008-12-11,-2,0.03204486519098282
2008-12-16,inflation_risk_shift,2008-12-12,-1,0.033984795212745667
2008-12-16,inflation_risk_shift,2008-12-15,0,0.03680524230003357
2008-12-16,unemployment_assessment_shift,2008-10-30,-30,0.027617258951067924
2008-12-16,unemployment_assessment_shift,2008-10-31,-29,0.02711961418390274
2008-12-16,unemployment_assessment_shift,2008-11-03,-28,0.03026355430483818
2008-12-16,unemployment_assessment_shift,2008-11-04,-27,0.03294960409402847
2008-12-16,unemployment_assessment_shift,2008-11-05,-26,0.0383562333881855
2008-12-16,unemployment_assessment_shift,2008-11-06,-25,0.03528505936264992
2008-12-16,unemployment_assessment_shift,2008-11-07,-24,0.03605375811457634
2008-12-16,unemployment_assessment_shift,2008-11-10,-23,0.031676240265369415
2008-12-16,unemployment_assessment_shift,2008-11-12,-22,0.02963973395526409
2008-12-16,unemployment_assessment_shift,2008-11-13,-21,0.03301909193396568
2008-12-16,unemployment_assessment_shift,2008-11-14,-20,0.02798878401517868
2008-12-16,unemployment_assessment_shift,2008-11-17,-19,0.030830461531877518
2008-12-16,unemployment_assessment_shift,2008-11-18,-18,0.03447730466723442
2008-12-16,unemployment_assessment_shift,2008-11-19,-17,0.03485371917486191
2008-12-16,unemployment_assessment_shift,2008-11-20,-16,0.03163065388798714
2008-12-16,unemployment_assessment_shift,2008-11-21,-15,0.03493613377213478
2008-12-16,unemployment_assessment_shift,2008-11-24,-14,0.03303874656558037
2008-12-16,unemployment_assessment_shift,2008-11-25,-13,0.028297074139118195
2008-12-16,unemployment_assessment_shift,2008-11-26,-12,0.02995982952415943
2008-12-16,unemployment_assessment_shift,2008-11-28,-11,0.03074125573039055
2008-12-16,unemployment_assessment_shift,2008-12-01,-10,0.03037361428141594
2008-12-16,unemployment_assessment_shift,2008-12-02,-9,0.03437921404838562
2008-12-16,unemployment_assessment_shift,2008-12-03,-8,0.03468535840511322
2008-12-16,unemployment_assessment_shift,2008-12-04,-7,0.030994977802038193
2008-12-16,unemployment_assessment_shift,2008-12-05,-6,0.03340204805135727
2008-12-16,unemployment_assessment_shift,2008-12-08,-5,0.03259711712598801
2008-12-16,unemployment_assessment_shift,2008-12-09,-4,0.029293831437826157
2008-12-16,unemployment_assessment_shift,2008-12-10,-3,0.03213350474834442
2008-12-16,unemployment_assessment_shift,2008-12-11,-2,0.032234422862529755
2008-12-16,unemployment_assessment_shift,2008-12-12,-1,0.034097831696271896
2008-12-16,unemployment_assessment_shift,2008-12-15,0,0.03707394003868103
2008-12-16,labor_market_risk_shift,2008-10-30,-30,0.027341235429048538
2008-12-16,labor_market_risk_shift,2008-10-31,-29,0.027623189613223076
2008-12-16,labor_market_risk_shift,2008-11-03,-28,0.030589204281568527
2008-12-16,labor_market_risk_shift,2008-11-04,-27,0.0332920141518116
2008-12-16,labor_market_risk_shift,2008-11-05,-26,0.03848975896835327
2008-12-16,labor_market_risk_shift,2008-11-06,-25,0.035088833421468735
2008-12-16,labor_market_risk_shift,2008-11-07,-24,0.036004990339279175
2008-12-16,labor_market_risk_shift,2008-11-10,-23,0.03135315701365471
2008-12-16,labor_market_risk_shift,2008-11-12,-22,0.028520621359348297
2008-12-16,labor_market_risk_shift,2008-11-13,-21,0.03343232721090317
2008-12-16,labor_market_risk_shift,2008-11-14,-20,0.02830621227622032
2008-12-16,labor_market_risk_shift,2008-11-17,-19,0.03131723031401634
2008-12-16,labor_market_risk_shift,2008-11-18,-18,0.03473493456840515
2008-12-16,labor_market_risk_shift,2008-11-19,-17,0.0350375697016716
2008-12-16,labor_market_risk_shift,2008-11-20,-16,0.03154115378856659
2008-12-16,labor_market_risk_shift,2008-11-21,-15,0.03486054390668869
2008-12-16,labor_market_risk_shift,2008-11-24,-14,0.033213697373867035
2008-12-16,labor_market_risk_shift,2008-11-25,-13,0.02851969003677368
2008-12-16,labor_market_risk_shift,2008-11-26,-12,0.03028770349919796
2008-12-16,labor_market_risk_shift,2008-11-28,-11,0.03097451850771904
2008-12-16,labor_market_risk_shift,2008-12-01,-10,0.030465470626950264
2008-12-16,labor_market_risk_shift,2008-12-02,-9,0.03441876173019409
2008-12-16,labor_market_risk_shift,2008-12-03,-8,0.034447263926267624
2008-12-16,labor_market_risk_shift,2008-12-04,-7,0.030467640608549118
2008-12-16,labor_market_risk_shift,2008-12-05,-6,0.03292398527264595
2008-12-16,labor_market_risk_shift,2008-12-08,-5,0.03218112885951996
2008-12-16,labor_market_risk_shift,2008-12-09,-4,0.028791816905140877
2008-12-16,labor_market_risk_shift,2008-12-10,-3,0.03245753049850464
2008-12-16,labor_market_risk_shift,2008-12-11,-2,0.032178495079278946
2008-12-16,labor_market_risk_shift,2008-12-12,-1,0.03447216376662254
2008-12-16,labor_market_risk_shift,2008-12-15,0,0.03666716441512108
2008-12-16,growth_activity_shift,2008-10-30,-30,0.028391441330313683
2008-12-16,growth_activity_shift,2008-10-31,-29,0.028716228902339935
2008-12-16,growth_activity_shift,2008-11-03,-28,0.0312812402844429
2008-12-16,growth_activity_shift,2008-11-04,-27,0.033550336956977844
2008-12-16,growth_activity_shift,2008-11-05,-26,0.03832567483186722
2008-12-16,growth_activity_shift,2008-11-06,-25,0.035524241626262665
2008-12-16,growth_activity_shift,2008-11-07,-24,0.036334238946437836
2008-12-16,growth_activity_shift,2008-11-10,-23,0.031929388642311096
2008-12-16,growth_activity_shift,2008-11-12,-22,0.029587779194116592
2008-12-16,growth_activity_shift,2008-11-13,-21,0.03408766910433769
2008-12-16,growth_activity_shift,2008-11-14,-20,0.02863314375281334
2008-12-16,growth_activity_shift,2008-11-17,-19,0.031129585579037666
2008-12-16,growth_activity_shift,2008-11-18,-18,0.03418131172657013
2008-12-16,growth_activity_shift,2008-11-19,-17,0.034388467669487
2008-12-16,growth_activity_shift,2008-11-20,-16,0.030831318348646164
2008-12-16,growth_activity_shift,2008-11-21,-15,0.03438391163945198
2008-12-16,growth_activity_shift,2008-11-24,-14,0.03322731703519821
2008-12-16,growth_activity_shift,2008-11-25,-13,0.028473490849137306
2008-12-16,growth_activity_shift,2008-11-26,-12,0.029952727258205414
2008-12-16,growth_activity_shift,2008-11-28,-11,0.030563943088054657
2008-12-16,growth_activity_shift,2008-12-01,-10,0.02994740754365921
2008-12-16,growth_activity_shift,2008-12-02,-9,0.03337974101305008
2008-12-16,growth_activity_shift,2008-12-03,-8,0.03379689157009125
2008-12-16,growth_activity_shift,2008-12-04,-7,0.030123312026262283
2008-12-16,growth_activity_shift,2008-12-05,-6,0.03286511078476906
2008-12-16,growth_activity_shift,2008-12-08,-5,0.03248990327119827
2008-12-16,growth_activity_shift,2008-12-09,-4,0.02913769893348217
2008-12-16,growth_activity_shift,2008-12-10,-3,0.03259815275669098
2008-12-16,growth_activity_shift,2008-12-11,-2,0.032160039991140366
2008-12-16,growth_activity_shift,2008-12-12,-1,0.03404678776860237
2008-12-16,growth_activity_shift,2008-12-15,0,0.03596150875091553
2008-12-16,financial_conditions_shift,2008-10-30,-30,0.0296766497194767
2008-12-16,financial_conditions_shift,2008-10-31,-29,0.03110590949654579
2008-12-16,financial_conditions_shift,2008-11-03,-28,0.03260631486773491
2008-12-16,financial_conditions_shift,2008-11-04,-27,0.03341822326183319
2008-12-16,financial_conditions_shift,2008-11-05,-26,0.037734948098659515
2008-12-16,financial_conditions_shift,2008-11-06,-25,0.035550620406866074
2008-12-16,financial_conditions_shift,2008-11-07,-24,0.03625904396176338
2008-12-16,financial_conditions_shift,2008-11-10,-23,0.03389223664999008
2008-12-16,financial_conditions_shift,2008-11-12,-22,0.030331380665302277
2008-12-16,financial_conditions_shift,2008-11-13,-21,0.03428969532251358
2008-12-16,financial_conditions_shift,2008-11-14,-20,0.029494592919945717
2008-12-16,financial_conditions_shift,2008-11-17,-19,0.031422656029462814
2008-12-16,financial_conditions_shift,2008-11-18,-18,0.033162154257297516
2008-12-16,financial_conditions_shift,2008-11-19,-17,0.03331243619322777
2008-12-16,financial_conditions_shift,2008-11-20,-16,0.03030335158109665
2008-12-16,financial_conditions_shift,2008-11-21,-15,0.033384501934051514
2008-12-16,financial_conditions_shift,2008-11-24,-14,0.033418647944927216
2008-12-16,financial_conditions_shift,2008-11-25,-13,0.029185999184846878
2008-12-16,financial_conditions_shift,2008-11-26,-12,0.02997755818068981
2008-12-16,financial_conditions_shift,2008-11-28,-11,0.030370475724339485
2008-12-16,financial_conditions_shift,2008-12-01,-10,0.029679112136363983
2008-12-16,financial_conditions_shift,2008-12-02,-9,0.032303351908922195
2008-12-16,financial_conditions_shift,2008-12-03,-8,0.03326641768217087
2008-12-16,financial_conditions_shift,2008-12-04,-7,0.029580654576420784
2008-12-16,financial_conditions_shift,2008-12-05,-6,0.032424576580524445
2008-12-16,financial_conditions_shift,2008-12-08,-5,0.03289748728275299
2008-12-16,financial_conditions_shift,2008-12-09,-4,0.02940806746482849
2008-12-16,financial_conditions_shift,2008-12-10,-3,0.0330730602145195
2008-12-16,financial_conditions_shift,2008-12-11,-2,0.03183140233159065
2008-12-16,financial_conditions_shift,2008-12-12,-1,0.03360309079289436
2008-12-16,financial_conditions_shift,2008-12-15,0,0.033035341650247574
2008-12-16,balance_sheet_policy_shift,2008-10-30,-30,0.0270059946924448
2008-12-16,balance_sheet_policy_shift,2008-10-31,-29,0.02549021691083908
2008-12-16,balance_sheet_policy_shift,2008-11-03,-28,0.028631651774048805
2008-12-16,balance_sheet_policy_shift,2008-11-04,-27,0.031777963042259216
2008-12-16,balance_sheet_policy_shift,2008-11-05,-26,0.03749184310436249
2008-12-16,balance_sheet_policy_shift,2008-11-06,-25,0.034238703548908234
2008-12-16,balance_sheet_policy_shift,2008-11-07,-24,0.03463850915431976
2008-12-16,balance_sheet_policy_shift,2008-11-10,-23,0.030451219528913498
2008-12-16,balance_sheet_policy_shift,2008-11-12,-22,0.029840730130672455
2008-12-16,balance_sheet_policy_shift,2008-11-13,-21,0.03214773163199425
2008-12-16,balance_sheet_policy_shift,2008-11-14,-20,0.028303522616624832
2008-12-16,balance_sheet_policy_shift,2008-11-17,-19,0.031097762286663055
2008-12-16,balance_sheet_policy_shift,2008-11-18,-18,0.035050712525844574
2008-12-16,balance_sheet_policy_shift,2008-11-19,-17,0.034982845187187195
2008-12-16,balance_sheet_policy_shift,2008-11-20,-16,0.03310154005885124
2008-12-16,balance_sheet_policy_shift,2008-11-21,-15,0.035990938544273376
2008-12-16,balance_sheet_policy_shift,2008-11-24,-14,0.03268355131149292
2008-12-16,balance_sheet_policy_shift,2008-11-25,-13,0.029043836519122124
2008-12-16,balance_sheet_policy_shift,2008-11-26,-12,0.031042905524373055
2008-12-16,balance_sheet_policy_shift,2008-11-28,-11,0.03147546201944351
2008-12-16,balance_sheet_policy_shift,2008-12-01,-10,0.031344275921583176
2008-12-16,balance_sheet_policy_shift,2008-12-02,-9,0.03568007051944733
2008-12-16,balance_sheet_policy_shift,2008-12-03,-8,0.034868448972702026
2008-12-16,balance_sheet_policy_shift,2008-12-04,-7,0.03216831758618355
2008-12-16,balance_sheet_policy_shift,2008-12-05,-6,0.03372681885957718
2008-12-16,balance_sheet_policy_shift,2008-12-08,-5,0.032112110406160355
2008-12-16,balance_sheet_policy_shift,2008-12-09,-4,0.029404211789369583
2008-12-16,balance_sheet_policy_shift,2008-12-10,-3,0.031574901193380356
2008-12-16,balance_sheet_policy_shift,2008-12-11,-2,0.032278548926115036
2008-12-16,balance_sheet_policy_shift,2008-12-12,-1,0.0331914909183979
2008-12-16,balance_sheet_policy_shift,2008-12-15,0,0.03916316479444504
2008-12-16,risk_balance_shift,2008-10-30,-30,0.027970340102910995
2008-12-16,risk_balance_shift,2008-10-31,-29,0.027684379369020462
2008-12-16,risk_balance_shift,2008-11-03,-28,0.030109670013189316
2008-12-16,risk_balance_shift,2008-11-04,-27,0.03276155889034271
2008-12-16,risk_balance_shift,2008-11-05,-26,0.038236990571022034
2008-12-16,risk_balance_shift,2008-11-06,-25,0.0349951833486557
2008-12-16,risk_balance_shift,2008-11-07,-24,0.036072369664907455
2008-12-16,risk_balance_shift,2008-11-10,-23,0.03165130689740181
2008-12-16,risk_balance_shift,2008-11-12,-22,0.029269162565469742
2008-12-16,risk_balance_shift,2008-11-13,-21,0.03318403288722038
2008-12-16,risk_balance_shift,2008-11-14,-20,0.028175832703709602
2008-12-16,risk_balance_shift,2008-11-17,-19,0.0307602696120739
2008-12-16,risk_balance_shift,2008-11-18,-18,0.034136347472667694
2008-12-16,risk_balance_shift,2008-11-19,-17,0.03443595767021179
2008-12-16,risk_balance_shift,2008-11-20,-16,0.03125216066837311
2008-12-16,risk_balance_shift,2008-11-21,-15,0.034926578402519226
2008-12-16,risk_balance_shift,2008-11-24,-14,0.033318907022476196
2008-12-16,risk_balance_shift,2008-11-25,-13,0.02853986993432045
2008-12-16,risk_balance_shift,2008-11-26,-12,0.03023449331521988
2008-12-16,risk_balance_shift,2008-11-28,-11,0.030669644474983215
2008-12-16,risk_balance_shift,2008-12-01,-10,0.030169522389769554
2008-12-16,risk_balance_shift,2008-12-02,-9,0.03419715538620949
2008-12-16,risk_balance_shift,2008-12-03,-8,0.03426259011030197
2008-12-16,risk_balance_shift,2008-12-04,-7,0.03067626990377903
2008-12-16,risk_balance_shift,2008-12-05,-6,0.03337481990456581
2008-12-16,risk_balance_shift,2008-12-08,-5,0.0325825959444046
2008-12-16,risk_balance_shift,2008-12-09,-4,0.029360435903072357
2008-12-16,risk_balance_shift,2008-12-10,-3,0.03261426463723183
2008-12-16,risk_balance_shift,2008-12-11,-2,0.03240953013300896
2008-12-16,risk_balance_shift,2008-12-12,-1,0.03437444940209389
2008-12-16,risk_balance_shift,2008-12-15,0,0.037593286484479904
2008-12-16,committee_dispersion,2008-10-30,-30,0.03716468811035156
2008-12-16,committee_dispersion,2008-10-31,-29,0.041111476719379425
2008-12-16,committee_dispersion,2008-11-03,-28,0.037356846034526825
2008-12-16,committee_dispersion,2008-11-04,-27,0.0339677594602108
2008-12-16,committee_dispersion,2008-11-05,-26,0.030332714319229126
2008-12-16,committee_dispersion,2008-11-06,-25,0.03162188082933426
2008-12-16,committee_dispersion,2008-11-07,-24,0.03194889426231384
2008-12-16,committee_dispersion,2008-11-10,-23,0.03541227802634239
2008-12-16,committee_dispersion,2008-11-12,-22,0.033680327236652374
2008-12-16,committee_dispersion,2008-11-13,-21,0.03396949917078018
2008-12-16,committee_dispersion,2008-11-14,-20,0.03572181612253189
2008-12-16,committee_dispersion,2008-11-17,-19,0.033043015748262405
2008-12-16,committee_dispersion,2008-11-18,-18,0.029324611648917198
2008-12-16,committee_dispersion,2008-11-19,-17,0.029937997460365295
2008-12-16,committee_dispersion,2008-11-20,-16,0.029376015067100525
2008-12-16,committee_dispersion,2008-11-21,-15,0.028345197439193726
2008-12-16,committee_dispersion,2008-11-24,-14,0.032093632966279984
2008-12-16,committee_dispersion,2008-11-25,-13,0.034227803349494934
2008-12-16,committee_dispersion,2008-11-26,-12,0.03154066950082779
2008-12-16,committee_dispersion,2008-11-28,-11,0.03147280961275101
2008-12-16,committee_dispersion,2008-12-01,-10,0.031468939036130905
2008-12-16,committee_dispersion,2008-12-02,-9,0.02808396704494953
2008-12-16,committee_dispersion,2008-12-03,-8,0.029478859156370163
2008-12-16,committee_dispersion,2008-12-04,-7,0.030378103256225586
2008-12-16,committee_dispersion,2008-12-05,-6,0.030273277312517166
2008-12-16,committee_dispersion,2008-12-08,-5,0.033018968999385834
2008-12-16,committee_dispersion,2008-12-09,-4,0.0338178426027298
2008-12-16,committee_dispersion,2008-12-10,-3,0.033017709851264954
2008-12-16,committee_dispersion,2008-12-11,-2,0.031335122883319855
2008-12-16,committee_dispersion,2008-12-12,-1,0.0319218784570694
2008-12-16,committee_dispersion,2008-12-15,0,0.025555403903126717
2008-12-16,policy_uncertainty,2008-10-30,-30,0.03708396852016449
2008-12-16,policy_uncertainty,2008-10-31,-29,0.04122878983616829
2008-12-16,policy_uncertainty,2008-11-03,-28,0.03738744556903839
2008-12-16,policy_uncertainty,2008-11-04,-27,0.03400454297661781
2008-12-16,policy_uncertainty,2008-11-05,-26,0.030742105096578598
2008-12-16,policy_uncertainty,2008-11-06,-25,0.03193152695894241
2008-12-16,policy_uncertainty,2008-11-07,-24,0.03238055855035782
2008-12-16,policy_uncertainty,2008-11-10,-23,0.035317011177539825
2008-12-16,policy_uncertainty,2008-11-12,-22,0.03315437585115433
2008-12-16,policy_uncertainty,2008-11-13,-21,0.034415263682603836
2008-12-16,policy_uncertainty,2008-11-14,-20,0.035643480718135834
2008-12-16,policy_uncertainty,2008-11-17,-19,0.03318373113870621
2008-12-16,policy_uncertainty,2008-11-18,-18,0.029560159891843796
2008-12-16,policy_uncertainty,2008-11-19,-17,0.030037488788366318
2008-12-16,policy_uncertainty,2008-11-20,-16,0.029068225994706154
2008-12-16,policy_uncertainty,2008-11-21,-15,0.028303341940045357
2008-12-16,policy_uncertainty,2008-11-24,-14,0.03224462643265724
2008-12-16,policy_uncertainty,2008-11-25,-13,0.033986322581768036
2008-12-16,policy_uncertainty,2008-11-26,-12,0.0315527506172657
2008-12-16,policy_uncertainty,2008-11-28,-11,0.031488511711359024
2008-12-16,policy_uncertainty,2008-12-01,-10,0.031235089525580406
2008-12-16,policy_uncertainty,2008-12-02,-9,0.02810845524072647
2008-12-16,policy_uncertainty,2008-12-03,-8,0.02955201268196106
2008-12-16,policy_uncertainty,2008-12-04,-7,0.029897673055529594
2008-12-16,policy_uncertainty,2008-12-05,-6,0.030091023072600365
2008-12-16,policy_uncertainty,2008-12-08,-5,0.0329941064119339
2008-12-16,policy_uncertainty,2008-12-09,-4,0.03318915516138077
2008-12-16,policy_uncertainty,2008-12-10,-3,0.03310776874423027
2008-12-16,policy_uncertainty,2008-12-11,-2,0.03137125074863434
2008-12-16,policy_uncertainty,2008-12-12,-1,0.03201684728264809
2008-12-16,policy_uncertainty,2008-12-15,0,0.02572241798043251
2008-12-16,forward_guidance_strength,2008-10-30,-30,0.03720546141266823
2008-12-16,forward_guidance_strength,2008-10-31,-29,0.04125995934009552
2008-12-16,forward_guidance_strength,2008-11-03,-28,0.037507906556129456
2008-12-16,forward_guidance_strength,2008-11-04,-27,0.034156426787376404
2008-12-16,forward_guidance_strength,2008-11-05,-26,0.030718348920345306
2008-12-16,forward_guidance_strength,2008-11-06,-25,0.03221603482961655
2008-12-16,forward_guidance_strength,2008-11-07,-24,0.03235548734664917
2008-12-16,forward_guidance_strength,2008-11-10,-23,0.03529425710439682
2008-12-16,forward_guidance_strength,2008-11-12,-22,0.03416924923658371
2008-12-16,forward_guidance_strength,2008-11-13,-21,0.0338975265622139
2008-12-16,forward_guidance_strength,2008-11-14,-20,0.03539338707923889
2008-12-16,forward_guidance_strength,2008-11-17,-19,0.03279908001422882
2008-12-16,forward_guidance_strength,2008-11-18,-18,0.029422257095575333
2008-12-16,forward_guidance_strength,2008-11-19,-17,0.029744066298007965
2008-12-16,forward_guidance_strength,2008-11-20,-16,0.029055505990982056
2008-12-16,forward_guidance_strength,2008-11-21,-15,0.02828706055879593
2008-12-16,forward_guidance_strength,2008-11-24,-14,0.03185461461544037
2008-12-16,forward_guidance_strength,2008-11-25,-13,0.033791422843933105
2008-12-16,forward_guidance_strength,2008-11-26,-12,0.031210124492645264
2008-12-16,forward_guidance_strength,2008-11-28,-11,0.03123999945819378
2008-12-16,forward_guidance_strength,2008-12-01,-10,0.0311909057199955
2008-12-16,forward_guidance_strength,2008-12-02,-9,0.028085678815841675
2008-12-16,forward_guidance_strength,2008-12-03,-8,0.029486842453479767
2008-12-16,forward_guidance_strength,2008-12-04,-7,0.03023739531636238
2008-12-16,forward_guidance_strength,2008-12-05,-6,0.03022855706512928
2008-12-16,forward_guidance_strength,2008-12-08,-5,0.032955482602119446
2008-12-16,forward_guidance_strength,2008-12-09,-4,0.03392830491065979
2008-12-16,forward_guidance_strength,2008-12-10,-3,0.032907821238040924
2008-12-16,forward_guidance_strength,2008-12-11,-2,0.03151005506515503
2008-12-16,forward_guidance_strength,2008-12-12,-1,0.03208471089601517
2008-12-16,forward_guidance_strength,2008-12-15,0,0.02580605074763298
2009-01-28,rate_decision,2008-12-17,-26,0.042027462273836136
2009-01-28,rate_decision,2008-12-18,-25,0.04109521582722664
2009-01-28,rate_decision,2008-12-19,-24,0.039060309529304504
2009-01-28,rate_decision,2008-12-22,-23,0.03675587475299835
2009-01-28,rate_decision,2008-12-23,-22,0.03416752815246582
2009-01-28,rate_decision,2008-12-24,-21,0.033557355403900146
2009-01-28,rate_decision,2008-12-26,-20,0.03771053999662399
2009-01-28,rate_decision,2008-12-29,-19,0.03838181495666504
2009-01-28,rate_decision,2008-12-30,-18,0.038190584629774094
2009-01-28,rate_decision,2008-12-31,-17,0.03709431737661362
2009-01-28,rate_decision,2009-01-02,-16,0.03734000027179718
2009-01-28,rate_decision,2009-01-05,-15,0.03537904471158981
2009-01-28,rate_decision,2009-01-06,-14,0.0334613136947155
2009-01-28,rate_decision,2009-01-07,-13,0.03487468138337135
2009-01-28,rate_decision,2009-01-08,-12,0.03938611224293709
2009-01-28,rate_decision,2009-01-09,-11,0.040365904569625854
2009-01-28,rate_decision,2009-01-12,-10,0.043168019503355026
2009-01-28,rate_decision,2009-01-13,-9,0.042490847408771515
2009-01-28,rate_decision,2009-01-14,-8,0.0412343293428421
2009-01-28,rate_decision,2009-01-15,-7,0.039541903883218765
2009-01-28,rate_decision,2009-01-16,-6,0.03475227206945419
2009-01-28,rate_decision,2009-01-20,-5,0.0349128358066082
2009-01-28,rate_decision,2009-01-21,-4,0.03166307136416435
2009-01-28,rate_decision,2009-01-22,-3,0.029703615233302116
2009-01-28,rate_decision,2009-01-23,-2,0.03168228641152382
2009-01-28,rate_decision,2009-01-26,-1,0.03435268998146057
2009-01-28,rate_decision,2009-01-27,0,0.03765009343624115
2009-01-28,current_policy_stance,2008-12-17,-26,0.038367241621017456
2009-01-28,current_policy_stance,2008-12-18,-25,0.0398876816034317
2009-01-28,current_policy_stance,2008-12-19,-24,0.037947528064250946
2009-01-28,current_policy_stance,2008-12-22,-23,0.03447893634438515
2009-01-28,current_policy_stance,2008-12-23,-22,0.032089248299598694
2009-01-28,current_policy_stance,2008-12-24,-21,0.030145667493343353
2009-01-28,current_policy_stance,2008-12-26,-20,0.03541482985019684
2009-01-28,current_policy_stance,2008-12-29,-19,0.03699193894863129
2009-01-28,current_policy_stance,2008-12-30,-18,0.03741862252354622
2009-01-28,current_policy_stance,2008-12-31,-17,0.037546947598457336
2009-01-28,current_policy_stance,2009-01-02,-16,0.03875110670924187
2009-01-28,current_policy_stance,2009-01-05,-15,0.035392336547374725
2009-01-28,current_policy_stance,2009-01-06,-14,0.034184347838163376
2009-01-28,current_policy_stance,2009-01-07,-13,0.03418531268835068
2009-01-28,current_policy_stance,2009-01-08,-12,0.03964126110076904
2009-01-28,current_policy_stance,2009-01-09,-11,0.043866392225027084
2009-01-28,current_policy_stance,2009-01-12,-10,0.04798543080687523
2009-01-28,current_policy_stance,2009-01-13,-9,0.04684992879629135
2009-01-28,current_policy_stance,2009-01-14,-8,0.04399515688419342
2009-01-28,current_policy_stance,2009-01-15,-7,0.043049588799476624
2009-01-28,current_policy_stance,2009-01-16,-6,0.03827161341905594
2009-01-28,current_policy_stance,2009-01-20,-5,0.0374777726829052
2009-01-28,current_policy_stance,2009-01-21,-4,0.034671928733587265
2009-01-28,current_policy_stance,2009-01-22,-3,0.028535202145576477
2009-01-28,current_policy_stance,2009-01-23,-2,0.03268814831972122
2009-01-28,current_policy_stance,2009-01-26,-1,0.03145381063222885
2009-01-28,current_policy_stance,2009-01-27,0,0.028712056577205658
2009-01-28,policy_stance_shift,2008-12-17,-26,0.03989022597670555
2009-01-28,policy_stance_shift,2008-12-18,-25,0.037883512675762177
2009-01-28,policy_stance_shift,2008-12-19,-24,0.0381777361035347
2009-01-28,policy_stance_shift,2008-12-22,-23,0.03503578156232834
2009-01-28,policy_stance_shift,2008-12-23,-22,0.032514333724975586
2009-01-28,policy_stance_shift,2008-12-24,-21,0.031977783888578415
2009-01-28,policy_stance_shift,2008-12-26,-20,0.03431783616542816
2009-01-28,policy_stance_shift,2008-12-29,-19,0.034983232617378235
2009-01-28,policy_stance_shift,2008-12-30,-18,0.03529252111911774
2009-01-28,policy_stance_shift,2008-12-31,-17,0.03514614701271057
2009-01-28,policy_stance_shift,2009-01-02,-16,0.03861214220523834
2009-01-28,policy_stance_shift,2009-01-05,-15,0.037701550871133804
2009-01-28,policy_stance_shift,2009-01-06,-14,0.03693471848964691
2009-01-28,policy_stance_shift,2009-01-07,-13,0.03718356788158417
2009-01-28,policy_stance_shift,2009-01-08,-12,0.038799889385700226
2009-01-28,policy_stance_shift,2009-01-09,-11,0.041999753564596176
2009-01-28,policy_stance_shift,2009-01-12,-10,0.042220406234264374
2009-01-28,policy_stance_shift,2009-01-13,-9,0.04247144237160683
2009-01-28,policy_stance_shift,2009-01-14,-8,0.04048473387956619
2009-01-28,policy_stance_shift,2009-01-15,-7,0.03684938699007034
2009-01-28,policy_stance_shift,2009-01-16,-6,0.03554593771696091
2009-01-28,policy_stance_shift,2009-01-20,-5,0.03395569324493408
2009-01-28,policy_stance_shift,2009-01-21,-4,0.03404698893427849
2009-01-28,policy_stance_shift,2009-01-22,-3,0.033697228878736496
2009-01-28,policy_stance_shift,2009-01-23,-2,0.03755688667297363
2009-01-28,policy_stance_shift,2009-01-26,-1,0.039885278791189194
2009-01-28,policy_stance_shift,2009-01-27,0,0.03683529794216156
2009-01-28,expected_rate_path_shift,2008-12-17,-26,0.0411466509103775
2009-01-28,expected_rate_path_shift,2008-12-18,-25,0.03846970200538635
2009-01-28,expected_rate_path_shift,2008-12-19,-24,0.03922416269779205
2009-01-28,expected_rate_path_shift,2008-12-22,-23,0.03628145158290863
2009-01-28,expected_rate_path_shift,2008-12-23,-22,0.03405081853270531
2009-01-28,expected_rate_path_shift,2008-12-24,-21,0.03378261253237724
2009-01-28,expected_rate_path_shift,2008-12-26,-20,0.03393072634935379
2009-01-28,expected_rate_path_shift,2008-12-29,-19,0.034051697701215744
2009-01-28,expected_rate_path_shift,2008-12-30,-18,0.03353896737098694
2009-01-28,expected_rate_path_shift,2008-12-31,-17,0.03342653810977936
2009-01-28,expected_rate_path_shift,2009-01-02,-16,0.037101179361343384
2009-01-28,expected_rate_path_shift,2009-01-05,-15,0.03720194473862648
2009-01-28,expected_rate_path_shift,2009-01-06,-14,0.037012938410043716
2009-01-28,expected_rate_path_shift,2009-01-07,-13,0.03805948421359062
2009-01-28,expected_rate_path_shift,2009-01-08,-12,0.03843004256486893
2009-01-28,expected_rate_path_shift,2009-01-09,-11,0.0411129929125309
2009-01-28,expected_rate_path_shift,2009-01-12,-10,0.03973527252674103
2009-01-28,expected_rate_path_shift,2009-01-13,-9,0.041461534798145294
2009-01-28,expected_rate_path_shift,2009-01-14,-8,0.03926345333456993
2009-01-28,expected_rate_path_shift,2009-01-15,-7,0.03562585264444351
2009-01-28,expected_rate_path_shift,2009-01-16,-6,0.03472340106964111
2009-01-28,expected_rate_path_shift,2009-01-20,-5,0.032212913036346436
2009-01-28,expected_rate_path_shift,2009-01-21,-4,0.03352073207497597
2009-01-28,expected_rate_path_shift,2009-01-22,-3,0.035226624459028244
2009-01-28,expected_rate_path_shift,2009-01-23,-2,0.03842013329267502
2009-01-28,expected_rate_path_shift,2009-01-26,-1,0.04265117645263672
2009-01-28,expected_rate_path_shift,2009-01-27,0,0.0403369665145874
2009-01-28,inflation_assessment_shift,2008-12-17,-26,0.039532966911792755
2009-01-28,inflation_assessment_shift,2008-12-18,-25,0.03994143009185791
2009-01-28,inflation_assessment_shift,2008-12-19,-24,0.038393277674913406
2009-01-28,inflation_assessment_shift,2008-12-22,-23,0.034606706351041794
2009-01-28,inflation_assessment_shift,2008-12-23,-22,0.03184966742992401
2009-01-28,inflation_assessment_shift,2008-12-24,-21,0.029998116195201874
2009-01-28,inflation_assessment_shift,2008-12-26,-20,0.034988295286893845
2009-01-28,inflation_assessment_shift,2008-12-29,-19,0.03644266724586487
2009-01-28,inflation_assessment_shift,2008-12-30,-18,0.036793626844882965
2009-01-28,inflation_assessment_shift,2008-12-31,-17,0.036703452467918396
2009-01-28,inflation_assessment_shift,2009-01-02,-16,0.03859269618988037
2009-01-28,inflation_assessment_shift,2009-01-05,-15,0.0359501875936985
2009-01-28,inflation_assessment_shift,2009-01-06,-14,0.034755170345306396
2009-01-28,inflation_assessment_shift,2009-01-07,-13,0.03479309380054474
2009-01-28,inflation_assessment_shift,2009-01-08,-12,0.03966153413057327
2009-01-28,inflation_assessment_shift,2009-01-09,-11,0.04396774619817734
2009-01-28,inflation_assessment_shift,2009-01-12,-10,0.04741206392645836
2009-01-28,inflation_assessment_shift,2009-01-13,-9,0.04674379900097847
2009-01-28,inflation_assessment_shift,2009-01-14,-8,0.044013213366270065
2009-01-28,inflation_assessment_shift,2009-01-15,-7,0.041745565831661224
2009-01-28,inflation_assessment_shift,2009-01-16,-6,0.03744852915406227
2009-01-28,inflation_assessment_shift,2009-01-20,-5,0.03599616885185242
2009-01-28,inflation_assessment_shift,2009-01-21,-4,0.03383531793951988
2009-01-28,inflation_assessment_shift,2009-01-22,-3,0.029055804014205933
2009-01-28,inflation_assessment_shift,2009-01-23,-2,0.03342870622873306
2009-01-28,inflation_assessment_shift,2009-01-26,-1,0.03307846188545227
2009-01-28,inflation_assessment_shift,2009-01-27,0,0.030271748080849648
2009-01-28,inflation_risk_shift,2008-12-17,-26,0.03970995545387268
2009-01-28,inflation_risk_shift,2008-12-18,-25,0.039473436772823334
2009-01-28,inflation_risk_shift,2008-12-19,-24,0.03903503343462944
2009-01-28,inflation_risk_shift,2008-12-22,-23,0.035917893052101135
2009-01-28,inflation_risk_shift,2008-12-23,-22,0.03267626464366913
2009-01-28,inflation_risk_shift,2008-12-24,-21,0.030957937240600586
2009-01-28,inflation_risk_shift,2008-12-26,-20,0.03411894291639328
2009-01-28,inflation_risk_shift,2008-12-29,-19,0.03505896031856537
2009-01-28,inflation_risk_shift,2008-12-30,-18,0.035442713648080826
2009-01-28,inflation_risk_shift,2008-12-31,-17,0.0355418361723423
2009-01-28,inflation_risk_shift,2009-01-02,-16,0.03788404166698456
2009-01-28,inflation_risk_shift,2009-01-05,-15,0.036460913717746735
2009-01-28,inflation_risk_shift,2009-01-06,-14,0.03548753261566162
2009-01-28,inflation_risk_shift,2009-01-07,-13,0.036209139972925186
2009-01-28,inflation_risk_shift,2009-01-08,-12,0.03934837132692337
2009-01-28,inflation_risk_shift,2009-01-09,-11,0.043600570410490036
2009-01-28,inflation_risk_shift,2009-01-12,-10,0.04507197439670563
2009-01-28,inflation_risk_shift,2009-01-13,-9,0.045473240315914154
2009-01-28,inflation_risk_shift,2009-01-14,-8,0.042576830834150314
2009-01-28,inflation_risk_shift,2009-01-15,-7,0.040108874440193176
2009-01-28,inflation_risk_shift,2009-01-16,-6,0.036455899477005005
2009-01-28,inflation_risk_shift,2009-01-20,-5,0.03462386876344681
2009-01-28,inflation_risk_shift,2009-01-21,-4,0.03323030099272728
2009-01-28,inflation_risk_shift,2009-01-22,-3,0.030664069578051567
2009-01-28,inflation_risk_shift,2009-01-23,-2,0.035303156822919846
2009-01-28,inflation_risk_shift,2009-01-26,-1,0.03699672967195511
2009-01-28,inflation_risk_shift,2009-01-27,0,0.032571520656347275
2009-01-28,unemployment_assessment_shift,2008-12-17,-26,0.04165548458695412
2009-01-28,unemployment_assessment_shift,2008-12-18,-25,0.03982725739479065
2009-01-28,unemployment_assessment_shift,2008-12-19,-24,0.03931969404220581
2009-01-28,unemployment_assessment_shift,2008-12-22,-23,0.035578176379203796
2009-01-28,unemployment_assessment_shift,2008-12-23,-22,0.03254403546452522
2009-01-28,unemployment_assessment_shift,2008-12-24,-21,0.030908145010471344
2009-01-28,unemployment_assessment_shift,2008-12-26,-20,0.034466154873371124
2009-01-28,unemployment_assessment_shift,2008-12-29,-19,0.03579890727996826
2009-01-28,unemployment_assessment_shift,2008-12-30,-18,0.03576698899269104
2009-01-28,unemployment_assessment_shift,2008-12-31,-17,0.0353563167154789
2009-01-28,unemployment_assessment_shift,2009-01-02,-16,0.038176920264959335
2009-01-28,unemployment_assessment_shift,2009-01-05,-15,0.036991462111473083
2009-01-28,unemployment_assessment_shift,2009-01-06,-14,0.03567095100879669
2009-01-28,unemployment_assessment_shift,2009-01-07,-13,0.03577199578285217
2009-01-28,unemployment_assessment_shift,2009-01-08,-12,0.038342464715242386
2009-01-28,unemployment_assessment_shift,2009-01-09,-11,0.04200824350118637
2009-01-28,unemployment_assessment_shift,2009-01-12,-10,0.04335320368409157
2009-01-28,unemployment_assessment_shift,2009-01-13,-9,0.04465577006340027
2009-01-28,unemployment_assessment_shift,2009-01-14,-8,0.04273412004113197
2009-01-28,unemployment_assessment_shift,2009-01-15,-7,0.03956863284111023
2009-01-28,unemployment_assessment_shift,2009-01-16,-6,0.03631284087896347
2009-01-28,unemployment_assessment_shift,2009-01-20,-5,0.034823037683963776
2009-01-28,unemployment_assessment_shift,2009-01-21,-4,0.03347770497202873
2009-01-28,unemployment_assessment_shift,2009-01-22,-3,0.031211480498313904
2009-01-28,unemployment_assessment_shift,2009-01-23,-2,0.035587720572948456
2009-01-28,unemployment_assessment_shift,2009-01-26,-1,0.036430761218070984
2009-01-28,unemployment_assessment_shift,2009-01-27,0,0.03366151452064514
2009-01-28,labor_market_risk_shift,2008-12-17,-26,0.04101584106683731
2009-01-28,labor_market_risk_shift,2008-12-18,-25,0.04057128354907036
2009-01-28,labor_market_risk_shift,2008-12-19,-24,0.03901434317231178
2009-01-28,labor_market_risk_shift,2008-12-22,-23,0.034762900322675705
2009-01-28,labor_market_risk_shift,2008-12-23,-22,0.03171984851360321
2009-01-28,labor_market_risk_shift,2008-12-24,-21,0.030227836221456528
2009-01-28,labor_market_risk_shift,2008-12-26,-20,0.0347888246178627
2009-01-28,labor_market_risk_shift,2008-12-29,-19,0.035916198045015335
2009-01-28,labor_market_risk_shift,2008-12-30,-18,0.03576485067605972
2009-01-28,labor_market_risk_shift,2008-12-31,-17,0.03557681292295456
2009-01-28,labor_market_risk_shift,2009-01-02,-16,0.038317903876304626
2009-01-28,labor_market_risk_shift,2009-01-05,-15,0.03619053214788437
2009-01-28,labor_market_risk_shift,2009-01-06,-14,0.03507259860634804
2009-01-28,labor_market_risk_shift,2009-01-07,-13,0.03550941124558449
2009-01-28,labor_market_risk_shift,2009-01-08,-12,0.03981652483344078
2009-01-28,labor_market_risk_shift,2009-01-09,-11,0.044354625046253204
2009-01-28,labor_market_risk_shift,2009-01-12,-10,0.04675551503896713
2009-01-28,labor_market_risk_shift,2009-01-13,-9,0.04660249501466751
2009-01-28,labor_market_risk_shift,2009-01-14,-8,0.04358251020312309
2009-01-28,labor_market_risk_shift,2009-01-15,-7,0.040458787232637405
2009-01-28,labor_market_risk_shift,2009-01-16,-6,0.036384955048561096
2009-01-28,labor_market_risk_shift,2009-01-20,-5,0.034631676971912384
2009-01-28,labor_market_risk_shift,2009-01-21,-4,0.033325619995594025
2009-01-28,labor_market_risk_shift,2009-01-22,-3,0.02950223907828331
2009-01-28,labor_market_risk_shift,2009-01-23,-2,0.03396908938884735
2009-01-28,labor_market_risk_shift,2009-01-26,-1,0.03450361639261246
2009-01-28,labor_market_risk_shift,2009-01-27,0,0.031663164496421814
2009-01-28,growth_activity_shift,2008-12-17,-26,0.04043186455965042
2009-01-28,growth_activity_shift,2008-12-18,-25,0.039011064916849136
2009-01-28,growth_activity_shift,2008-12-19,-24,0.038643911480903625
2009-01-28,growth_activity_shift,2008-12-22,-23,0.03515323996543884
2009-01-28,growth_activity_shift,2008-12-23,-22,0.03238141909241676
2009-01-28,growth_activity_shift,2008-12-24,-21,0.031381167471408844
2009-01-28,growth_activity_shift,2008-12-26,-20,0.034599531441926956
2009-01-28,growth_activity_shift,2008-12-29,-19,0.035857975482940674
2009-01-28,growth_activity_shift,2008-12-30,-18,0.03614099323749542
2009-01-28,growth_activity_shift,2008-12-31,-17,0.03595945984125137
2009-01-28,growth_activity_shift,2009-01-02,-16,0.038243748247623444
2009-01-28,growth_activity_shift,2009-01-05,-15,0.03703763708472252
2009-01-28,growth_activity_shift,2009-01-06,-14,0.03603537380695343
2009-01-28,growth_activity_shift,2009-01-07,-13,0.03610619157552719
2009-01-28,growth_activity_shift,2009-01-08,-12,0.03914154693484306
2009-01-28,growth_activity_shift,2009-01-09,-11,0.0430433452129364
2009-01-28,growth_activity_shift,2009-01-12,-10,0.04402613639831543
2009-01-28,growth_activity_shift,2009-01-13,-9,0.04402779042720795
2009-01-28,growth_activity_shift,2009-01-14,-8,0.041849710047245026
2009-01-28,growth_activity_shift,2009-01-15,-7,0.03908529877662659
2009-01-28,growth_activity_shift,2009-01-16,-6,0.03631625697016716
2009-01-28,growth_activity_shift,2009-01-20,-5,0.03489379584789276
2009-01-28,growth_activity_shift,2009-01-21,-4,0.03347346931695938
2009-01-28,growth_activity_shift,2009-01-22,-3,0.03133205324411392
2009-01-28,growth_activity_shift,2009-01-23,-2,0.03568558767437935
2009-01-28,growth_activity_shift,2009-01-26,-1,0.03660595417022705
2009-01-28,growth_activity_shift,2009-01-27,0,0.033535465598106384
2009-01-28,financial_conditions_shift,2008-12-17,-26,0.04022981971502304
2009-01-28,financial_conditions_shift,2008-12-18,-25,0.0363277941942215
2009-01-28,financial_conditions_shift,2008-12-19,-24,0.0383075475692749
2009-01-28,financial_conditions_shift,2008-12-22,-23,0.03740040212869644
2009-01-28,financial_conditions_shift,2008-12-23,-22,0.036257386207580566
2009-01-28,financial_conditions_shift,2008-12-24,-21,0.0382804274559021
2009-01-28,financial_conditions_shift,2008-12-26,-20,0.03538338094949722
2009-01-28,financial_conditions_shift,2008-12-29,-19,0.03441593423485756
2009-01-28,financial_conditions_shift,2008-12-30,-18,0.03363678976893425
2009-01-28,financial_conditions_shift,2008-12-31,-17,0.03359758481383324
2009-01-28,financial_conditions_shift,2009-01-02,-16,0.03644535690546036
2009-01-28,financial_conditions_shift,2009-01-05,-15,0.03822006285190582
2009-01-28,financial_conditions_shift,2009-01-06,-14,0.03782561421394348
2009-01-28,financial_conditions_shift,2009-01-07,-13,0.03896342217922211
2009-01-28,financial_conditions_shift,2009-01-08,-12,0.03678321838378906
2009-01-28,financial_conditions_shift,2009-01-09,-11,0.03795326128602028
2009-01-28,financial_conditions_shift,2009-01-12,-10,0.035218432545661926
2009-01-28,financial_conditions_shift,2009-01-13,-9,0.03672197833657265
2009-01-28,financial_conditions_shift,2009-01-14,-8,0.03599962219595909
2009-01-28,financial_conditions_shift,2009-01-15,-7,0.03255132958292961
2009-01-28,financial_conditions_shift,2009-01-16,-6,0.033885784447193146
2009-01-28,financial_conditions_shift,2009-01-20,-5,0.03224838897585869
2009-01-28,financial_conditions_shift,2009-01-21,-4,0.03393062576651573
2009-01-28,financial_conditions_shift,2009-01-22,-3,0.039100129157304764
2009-01-28,financial_conditions_shift,2009-01-23,-2,0.0402655228972435
2009-01-28,financial_conditions_shift,2009-01-26,-1,0.044940199702978134
2009-01-28,financial_conditions_shift,2009-01-27,0,0.04511001333594322
2009-01-28,balance_sheet_policy_shift,2008-12-17,-26,0.038957349956035614
2009-01-28,balance_sheet_policy_shift,2008-12-18,-25,0.04002654552459717
2009-01-28,balance_sheet_policy_shift,2008-12-19,-24,0.03805812820792198
2009-01-28,balance_sheet_policy_shift,2008-12-22,-23,0.03472558408975601
2009-01-28,balance_sheet_policy_shift,2008-12-23,-22,0.03222249448299408
2009-01-28,balance_sheet_policy_shift,2008-12-24,-21,0.0304715596139431
2009-01-28,balance_sheet_policy_shift,2008-12-26,-20,0.035309914499521255
2009-01-28,balance_sheet_policy_shift,2008-12-29,-19,0.03680215775966644
2009-01-28,balance_sheet_policy_shift,2008-12-30,-18,0.03722934052348137
2009-01-28,balance_sheet_policy_shift,2008-12-31,-17,0.037457436323165894
2009-01-28,balance_sheet_policy_shift,2009-01-02,-16,0.038725413382053375
2009-01-28,balance_sheet_policy_shift,2009-01-05,-15,0.03591315820813179
2009-01-28,balance_sheet_policy_shift,2009-01-06,-14,0.03471193090081215
2009-01-28,balance_sheet_policy_shift,2009-01-07,-13,0.03448067978024483
2009-01-28,balance_sheet_policy_shift,2009-01-08,-12,0.03854873776435852
2009-01-28,balance_sheet_policy_shift,2009-01-09,-11,0.04287710040807724
2009-01-28,balance_sheet_policy_shift,2009-01-12,-10,0.04657711088657379
2009-01-28,balance_sheet_policy_shift,2009-01-13,-9,0.04587741941213608
2009-01-28,balance_sheet_policy_shift,2009-01-14,-8,0.043691329658031464
2009-01-28,balance_sheet_policy_shift,2009-01-15,-7,0.04234869405627251
2009-01-28,balance_sheet_policy_shift,2009-01-16,-6,0.038015417754650116
2009-01-28,balance_sheet_policy_shift,2009-01-20,-5,0.03717601299285889
2009-01-28,balance_sheet_policy_shift,2009-01-21,-4,0.03481384739279747
2009-01-28,balance_sheet_policy_shift,2009-01-22,-3,0.029500553384423256
2009-01-28,balance_sheet_policy_shift,2009-01-23,-2,0.03322538733482361
2009-01-28,balance_sheet_policy_shift,2009-01-26,-1,0.0325486920773983
2009-01-28,balance_sheet_policy_shift,2009-01-27,0,0.029707979410886765
2009-01-28,risk_balance_shift,2008-12-17,-26,0.039725162088871
2009-01-28,risk_balance_shift,2008-12-18,-25,0.03969074413180351
2009-01-28,risk_balance_shift,2008-12-19,-24,0.038862183690071106
2009-01-28,risk_balance_shift,2008-12-22,-23,0.03541691601276398
2009-01-28,risk_balance_shift,2008-12-23,-22,0.03263869509100914
2009-01-28,risk_balance_shift,2008-12-24,-21,0.03104502707719803
2009-01-28,risk_balance_shift,2008-12-26,-20,0.035019293427467346
2009-01-28,risk_balance_shift,2008-12-29,-19,0.03601744771003723
2009-01-28,risk_balance_shift,2008-12-30,-18,0.036460235714912415
2009-01-28,risk_balance_shift,2008-12-31,-17,0.03672848641872406
2009-01-28,risk_balance_shift,2009-01-02,-16,0.03912882134318352
2009-01-28,risk_balance_shift,2009-01-05,-15,0.03719094395637512
2009-01-28,risk_balance_shift,2009-01-06,-14,0.035348113626241684
2009-01-28,risk_balance_shift,2009-01-07,-13,0.0349251925945282
2009-01-28,risk_balance_shift,2009-01-08,-12,0.03824872151017189
2009-01-28,risk_balance_shift,2009-01-09,-11,0.0417027473449707
2009-01-28,risk_balance_shift,2009-01-12,-10,0.044176530092954636
2009-01-28,risk_balance_shift,2009-01-13,-9,0.04432178661227226
2009-01-28,risk_balance_shift,2009-01-14,-8,0.04258029907941818
2009-01-28,risk_balance_shift,2009-01-15,-7,0.04050704464316368
2009-01-28,risk_balance_shift,2009-01-16,-6,0.0369529202580452
2009-01-28,risk_balance_shift,2009-01-20,-5,0.03618400916457176
2009-01-28,risk_balance_shift,2009-01-21,-4,0.03452621400356293
2009-01-28,risk_balance_shift,2009-01-22,-3,0.030839519575238228
2009-01-28,risk_balance_shift,2009-01-23,-2,0.03537929803133011
2009-01-28,risk_balance_shift,2009-01-26,-1,0.034537456929683685
2009-01-28,risk_balance_shift,2009-01-27,0,0.031846195459365845
2009-01-28,committee_dispersion,2008-12-17,-26,0.03780857473611832
2009-01-28,committee_dispersion,2008-12-18,-25,0.0338650643825531
2009-01-28,committee_dispersion,2008-12-19,-24,0.03623630106449127
2009-01-28,committee_dispersion,2008-12-22,-23,0.03698448836803436
2009-01-28,committee_dispersion,2008-12-23,-22,0.037854623049497604
2009-01-28,committee_dispersion,2008-12-24,-21,0.04133130609989166
2009-01-28,committee_dispersion,2008-12-26,-20,0.035519059747457504
2009-01-28,committee_dispersion,2008-12-29,-19,0.03426875174045563
2009-01-28,committee_dispersion,2008-12-30,-18,0.03363647311925888
2009-01-28,committee_dispersion,2008-12-31,-17,0.03314165398478508
2009-01-28,committee_dispersion,2009-01-02,-16,0.035255540162324905
2009-01-28,committee_dispersion,2009-01-05,-15,0.038200750946998596
2009-01-28,committee_dispersion,2009-01-06,-14,0.03908132389187813
2009-01-28,committee_dispersion,2009-01-07,-13,0.04036383330821991
2009-01-28,committee_dispersion,2009-01-08,-12,0.036102570593357086
2009-01-28,committee_dispersion,2009-01-09,-11,0.035224106162786484
2009-01-28,committee_dispersion,2009-01-12,-10,0.030717138200998306
2009-01-28,committee_dispersion,2009-01-13,-9,0.03189059719443321
2009-01-28,committee_dispersion,2009-01-14,-8,0.032297734171152115
2009-01-28,committee_dispersion,2009-01-15,-7,0.030181720852851868
2009-01-28,committee_dispersion,2009-01-16,-6,0.03390583023428917
2009-01-28,committee_dispersion,2009-01-20,-5,0.032214462757110596
2009-01-28,committee_dispersion,2009-01-21,-4,0.035496123135089874
2009-01-28,committee_dispersion,2009-01-22,-3,0.04401426389813423
2009-01-28,committee_dispersion,2009-01-23,-2,0.04151609167456627
2009-01-28,committee_dispersion,2009-01-26,-1,0.04759395495057106
2009-01-28,committee_dispersion,2009-01-27,0,0.055297642946243286
2009-01-28,policy_uncertainty,2008-12-17,-26,0.03832041099667549
2009-01-28,policy_uncertainty,2008-12-18,-25,0.03421676158905029
2009-01-28,policy_uncertainty,2008-12-19,-24,0.03671297803521156
2009-01-28,policy_uncertainty,2008-12-22,-23,0.03741735219955444
2009-01-28,policy_uncertainty,2008-12-23,-22,0.03805813193321228
2009-01-28,policy_uncertainty,2008-12-24,-21,0.04168218374252319
2009-01-28,policy_uncertainty,2008-12-26,-20,0.03556496277451515
2009-01-28,policy_uncertainty,2008-12-29,-19,0.0341540090739727
2009-01-28,policy_uncertainty,2008-12-30,-18,0.0333205945789814
2009-01-28,policy_uncertainty,2008-12-31,-17,0.032860755920410156
2009-01-28,policy_uncertainty,2009-01-02,-16,0.03501739352941513
2009-01-28,policy_uncertainty,2009-01-05,-15,0.03791797161102295
2009-01-28,policy_uncertainty,2009-01-06,-14,0.03867718577384949
2009-01-28,policy_uncertainty,2009-01-07,-13,0.04008154198527336
2009-01-28,policy_uncertainty,2009-01-08,-12,0.03618612512946129
2009-01-28,policy_uncertainty,2009-01-09,-11,0.035676006227731705
2009-01-28,policy_uncertainty,2009-01-12,-10,0.03131654113531113
2009-01-28,policy_uncertainty,2009-01-13,-9,0.03269302472472191
2009-01-28,policy_uncertainty,2009-01-14,-8,0.032753076404333115
2009-01-28,policy_uncertainty,2009-01-15,-7,0.030504710972309113
2009-01-28,policy_uncertainty,2009-01-16,-6,0.03364161401987076
2009-01-28,policy_uncertainty,2009-01-20,-5,0.03180252015590668
2009-01-28,policy_uncertainty,2009-01-21,-4,0.03501015529036522
2009-01-28,policy_uncertainty,2009-01-22,-3,0.04367876425385475
2009-01-28,policy_uncertainty,2009-01-23,-2,0.041286956518888474
2009-01-28,policy_uncertainty,2009-01-26,-1,0.047180093824863434
2009-01-28,policy_uncertainty,2009-01-27,0,0.054268158972263336
2009-01-28,forward_guidance_strength,2008-12-17,-26,0.03754332289099693
2009-01-28,forward_guidance_strength,2008-12-18,-25,0.03362615033984184
2009-01-28,forward_guidance_strength,2008-12-19,-24,0.03589089214801788
2009-01-28,forward_guidance_strength,2008-12-22,-23,0.03698312118649483
2009-01-28,forward_guidance_strength,2008-12-23,-22,0.03779783099889755
2009-01-28,forward_guidance_strength,2008-12-24,-21,0.04143625125288963
2009-01-28,forward_guidance_strength,2008-12-26,-20,0.035833314061164856
2009-01-28,forward_guidance_strength,2008-12-29,-19,0.03466236963868141
2009-01-28,forward_guidance_strength,2008-12-30,-18,0.033731549978256226
2009-01-28,forward_guidance_strength,2008-12-31,-17,0.03327763080596924
2009-01-28,forward_guidance_strength,2009-01-02,-16,0.03544427454471588
2009-01-28,forward_guidance_strength,2009-01-05,-15,0.03827536851167679
2009-01-28,forward_guidance_strength,2009-01-06,-14,0.03902922570705414
2009-01-28,forward_guidance_strength,2009-01-07,-13,0.0403476320207119
2009-01-28,forward_guidance_strength,2009-01-08,-12,0.036232948303222656
2009-01-28,forward_guidance_strength,2009-01-09,-11,0.03547488898038864
2009-01-28,forward_guidance_strength,2009-01-12,-10,0.031245317310094833
2009-01-28,forward_guidance_strength,2009-01-13,-9,0.03252227604389191
2009-01-28,forward_guidance_strength,2009-01-14,-8,0.032725367695093155
2009-01-28,forward_guidance_strength,2009-01-15,-7,0.030476482585072517
2009-01-28,forward_guidance_strength,2009-01-16,-6,0.03356246277689934
2009-01-28,forward_guidance_strength,2009-01-20,-5,0.032246701419353485
2009-01-28,forward_guidance_strength,2009-01-21,-4,0.03520508483052254
2009-01-28,forward_guidance_strength,2009-01-22,-3,0.04383815452456474
2009-01-28,forward_guidance_strength,2009-01-23,-2,0.041678719222545624
2009-01-28,forward_guidance_strength,2009-01-26,-1,0.04700731858611107
2009-01-28,forward_guidance_strength,2009-01-27,0,0.05390533059835434
2009-03-18,rate_decision,2009-01-29,-32,0.03103340044617653
2009-03-18,rate_decision,2009-01-30,-31,0.031702637672424316
2009-03-18,rate_decision,2009-02-02,-30,0.02804725244641304
2009-03-18,rate_decision,2009-02-03,-29,0.02895725890994072
2009-03-18,rate_decision,2009-02-04,-28,0.03105371631681919
2009-03-18,rate_decision,2009-02-05,-27,0.027011888101696968
2009-03-18,rate_decision,2009-02-06,-26,0.026071272790431976
2009-03-18,rate_decision,2009-02-09,-25,0.031557194888591766
2009-03-18,rate_decision,2009-02-10,-24,0.03472359478473663
2009-03-18,rate_decision,2009-02-11,-23,0.027979612350463867
2009-03-18,rate_decision,2009-02-12,-22,0.03342393785715103
2009-03-18,rate_decision,2009-02-13,-21,0.031007904559373856
2009-03-18,rate_decision,2009-02-17,-20,0.029493890702724457
2009-03-18,rate_decision,2009-02-18,-19,0.028455760329961777
2009-03-18,rate_decision,2009-02-19,-18,0.02894018590450287
2009-03-18,rate_decision,2009-02-20,-17,0.03642140328884125
2009-03-18,rate_decision,2009-02-23,-16,0.027401786297559738
2009-03-18,rate_decision,2009-02-24,-15,0.02892226353287697
2009-03-18,rate_decision,2009-02-25,-14,0.026482783257961273
2009-03-18,rate_decision,2009-02-26,-13,0.03247006982564926
2009-03-18,rate_decision,2009-02-27,-12,0.03165221959352493
2009-03-18,rate_decision,2009-03-02,-11,0.02729344367980957
2009-03-18,rate_decision,2009-03-03,-10,0.03444194793701172
2009-03-18,rate_decision,2009-03-04,-9,0.034623511135578156
2009-03-18,rate_decision,2009-03-05,-8,0.03775456175208092
2009-03-18,rate_decision,2009-03-06,-7,0.03069731406867504
2009-03-18,rate_decision,2009-03-09,-6,0.02845580130815506
2009-03-18,rate_decision,2009-03-10,-5,0.031211744993925095
2009-03-18,rate_decision,2009-03-11,-4,0.031606413424015045
2009-03-18,rate_decision,2009-03-12,-3,0.029253415763378143
2009-03-18,rate_decision,2009-03-13,-2,0.027288176119327545
2009-03-18,rate_decision,2009-03-16,-1,0.029018135741353035
2009-03-18,rate_decision,2009-03-17,0,0.025545503944158554
2009-03-18,current_policy_stance,2009-01-29,-32,0.032471202313899994
2009-03-18,current_policy_stance,2009-01-30,-31,0.024836592376232147
2009-03-18,current_policy_stance,2009-02-02,-30,0.025704242289066315
2009-03-18,current_policy_stance,2009-02-03,-29,0.027475396171212196
2009-03-18,current_policy_stance,2009-02-04,-28,0.026695139706134796
2009-03-18,current_policy_stance,2009-02-05,-27,0.022158944979310036
2009-03-18,current_policy_stance,2009-02-06,-26,0.022799910977482796
2009-03-18,current_policy_stance,2009-02-09,-25,0.02681807242333889
2009-03-18,current_policy_stance,2009-02-10,-24,0.02652287483215332
2009-03-18,current_policy_stance,2009-02-11,-23,0.029406875371932983
2009-03-18,current_policy_stance,2009-02-12,-22,0.03580837696790695
2009-03-18,current_policy_stance,2009-02-13,-21,0.035105928778648376
2009-03-18,current_policy_stance,2009-02-17,-20,0.029004519805312157
2009-03-18,current_policy_stance,2009-02-18,-19,0.03389453515410423
2009-03-18,current_policy_stance,2009-02-19,-18,0.03147532418370247
2009-03-18,current_policy_stance,2009-02-20,-17,0.03281751275062561
2009-03-18,current_policy_stance,2009-02-23,-16,0.029100965708494186
2009-03-18,current_policy_stance,2009-02-24,-15,0.02633904479444027
2009-03-18,current_policy_stance,2009-02-25,-14,0.02559947408735752
2009-03-18,current_policy_stance,2009-02-26,-13,0.026350129395723343
2009-03-18,current_policy_stance,2009-02-27,-12,0.02916916459798813
2009-03-18,current_policy_stance,2009-03-02,-11,0.02450430579483509
2009-03-18,current_policy_stance,2009-03-03,-10,0.03622462600469589
2009-03-18,current_policy_stance,2009-03-04,-9,0.037395231425762177
2009-03-18,current_policy_stance,2009-03-05,-8,0.03773641586303711
2009-03-18,current_policy_stance,2009-03-06,-7,0.03554229438304901
2009-03-18,current_policy_stance,2009-03-09,-6,0.0311628058552742
2009-03-18,current_policy_stance,2009-03-10,-5,0.03555586189031601
2009-03-18,current_policy_stance,2009-03-11,-4,0.030397925525903702
2009-03-18,current_policy_stance,2009-03-12,-3,0.03203057497739792
2009-03-18,current_policy_stance,2009-03-13,-2,0.030688391998410225
2009-03-18,current_policy_stance,2009-03-16,-1,0.03571601212024689
2009-03-18,current_policy_stance,2009-03-17,0,0.03349132463335991
2009-03-18,policy_stance_shift,2009-01-29,-32,0.03097437508404255
2009-03-18,policy_stance_shift,2009-01-30,-31,0.024933118373155594
2009-03-18,policy_stance_shift,2009-02-02,-30,0.025303471833467484
2009-03-18,policy_stance_shift,2009-02-03,-29,0.027254154905676842
2009-03-18,policy_stance_shift,2009-02-04,-28,0.02626514434814453
2009-03-18,policy_stance_shift,2009-02-05,-27,0.023356987163424492
2009-03-18,policy_stance_shift,2009-02-06,-26,0.024283291772007942
2009-03-18,policy_stance_shift,2009-02-09,-25,0.02800048142671585
2009-03-18,policy_stance_shift,2009-02-10,-24,0.026847608387470245
2009-03-18,policy_stance_shift,2009-02-11,-23,0.02971593849360943
2009-03-18,policy_stance_shift,2009-02-12,-22,0.034556709229946136
2009-03-18,policy_stance_shift,2009-02-13,-21,0.03502515330910683
2009-03-18,policy_stance_shift,2009-02-17,-20,0.028854219242930412
2009-03-18,policy_stance_shift,2009-02-18,-19,0.03288790211081505
2009-03-18,policy_stance_shift,2009-02-19,-18,0.03215865045785904
2009-03-18,policy_stance_shift,2009-02-20,-17,0.03208925202488899
2009-03-18,policy_stance_shift,2009-02-23,-16,0.02958931028842926
2009-03-18,policy_stance_shift,2009-02-24,-15,0.02592640556395054
2009-03-18,policy_stance_shift,2009-02-25,-14,0.026012293994426727
2009-03-18,policy_stance_shift,2009-02-26,-13,0.026760295033454895
2009-03-18,policy_stance_shift,2009-02-27,-12,0.028904031962156296
2009-03-18,policy_stance_shift,2009-03-02,-11,0.02564101666212082
2009-03-18,policy_stance_shift,2009-03-03,-10,0.03514880686998367
2009-03-18,policy_stance_shift,2009-03-04,-9,0.037669628858566284
2009-03-18,policy_stance_shift,2009-03-05,-8,0.037135131657123566
2009-03-18,policy_stance_shift,2009-03-06,-7,0.03543223813176155
2009-03-18,policy_stance_shift,2009-03-09,-6,0.03178727254271507
2009-03-18,policy_stance_shift,2009-03-10,-5,0.035741984844207764
2009-03-18,policy_stance_shift,2009-03-11,-4,0.030261866748332977
2009-03-18,policy_stance_shift,2009-03-12,-3,0.031777672469615936
2009-03-18,policy_stance_shift,2009-03-13,-2,0.03049730882048607
2009-03-18,policy_stance_shift,2009-03-16,-1,0.03605886176228523
2009-03-18,policy_stance_shift,2009-03-17,0,0.03314940631389618
2009-03-18,expected_rate_path_shift,2009-01-29,-32,0.030181532725691795
2009-03-18,expected_rate_path_shift,2009-01-30,-31,0.025593629106879234
2009-03-18,expected_rate_path_shift,2009-02-02,-30,0.02468310482800007
2009-03-18,expected_rate_path_shift,2009-02-03,-29,0.027087915688753128
2009-03-18,expected_rate_path_shift,2009-02-04,-28,0.02619335800409317
2009-03-18,expected_rate_path_shift,2009-02-05,-27,0.023889940232038498
2009-03-18,expected_rate_path_shift,2009-02-06,-26,0.025265920907258987
2009-03-18,expected_rate_path_shift,2009-02-09,-25,0.029025821015238762
2009-03-18,expected_rate_path_shift,2009-02-10,-24,0.027681004256010056
2009-03-18,expected_rate_path_shift,2009-02-11,-23,0.030495155602693558
2009-03-18,expected_rate_path_shift,2009-02-12,-22,0.03326099365949631
2009-03-18,expected_rate_path_shift,2009-02-13,-21,0.03567331284284592
2009-03-18,expected_rate_path_shift,2009-02-17,-20,0.028591731563210487
2009-03-18,expected_rate_path_shift,2009-02-18,-19,0.03261218219995499
2009-03-18,expected_rate_path_shift,2009-02-19,-18,0.03275882080197334
2009-03-18,expected_rate_path_shift,2009-02-20,-17,0.031603291630744934
2009-03-18,expected_rate_path_shift,2009-02-23,-16,0.02973121777176857
2009-03-18,expected_rate_path_shift,2009-02-24,-15,0.025052780285477638
2009-03-18,expected_rate_path_shift,2009-02-25,-14,0.02631937339901924
2009-03-18,expected_rate_path_shift,2009-02-26,-13,0.02688790298998356
2009-03-18,expected_rate_path_shift,2009-02-27,-12,0.0289449505507946
2009-03-18,expected_rate_path_shift,2009-03-02,-11,0.02591058239340782
2009-03-18,expected_rate_path_shift,2009-03-03,-10,0.03411995247006416
2009-03-18,expected_rate_path_shift,2009-03-04,-9,0.0382077619433403
2009-03-18,expected_rate_path_shift,2009-03-05,-8,0.03631729632616043
2009-03-18,expected_rate_path_shift,2009-03-06,-7,0.035711538046598434
2009-03-18,expected_rate_path_shift,2009-03-09,-6,0.03203146159648895
2009-03-18,expected_rate_path_shift,2009-03-10,-5,0.035873740911483765
2009-03-18,expected_rate_path_shift,2009-03-11,-4,0.030285391956567764
2009-03-18,expected_rate_path_shift,2009-03-12,-3,0.03141002357006073
2009-03-18,expected_rate_path_shift,2009-03-13,-2,0.029873250052332878
2009-03-18,expected_rate_path_shift,2009-03-16,-1,0.03491167724132538
2009-03-18,expected_rate_path_shift,2009-03-17,0,0.033813368529081345
2009-03-18,inflation_assessment_shift,2009-01-29,-32,0.029195653274655342
2009-03-18,inflation_assessment_shift,2009-01-30,-31,0.02673253044486046
2009-03-18,inflation_assessment_shift,2009-02-02,-30,0.02584109641611576
2009-03-18,inflation_assessment_shift,2009-02-03,-29,0.026847880333662033
2009-03-18,inflation_assessment_shift,2009-02-04,-28,0.026236318051815033
2009-03-18,inflation_assessment_shift,2009-02-05,-27,0.025558937340974808
2009-03-18,inflation_assessment_shift,2009-02-06,-26,0.02587031200528145
2009-03-18,inflation_assessment_shift,2009-02-09,-25,0.030388398095965385
2009-03-18,inflation_assessment_shift,2009-02-10,-24,0.029039617627859116
2009-03-18,inflation_assessment_shift,2009-02-11,-23,0.030243342742323875
2009-03-18,inflation_assessment_shift,2009-02-12,-22,0.03210577741265297
2009-03-18,inflation_assessment_shift,2009-02-13,-21,0.03505578264594078
2009-03-18,inflation_assessment_shift,2009-02-17,-20,0.0289516169577837
2009-03-18,inflation_assessment_shift,2009-02-18,-19,0.030797909945249557
2009-03-18,inflation_assessment_shift,2009-02-19,-18,0.0327104777097702
2009-03-18,inflation_assessment_shift,2009-02-20,-17,0.03195837140083313
2009-03-18,inflation_assessment_shift,2009-02-23,-16,0.030195727944374084
2009-03-18,inflation_assessment_shift,2009-02-24,-15,0.02552250400185585
2009-03-18,inflation_assessment_shift,2009-02-25,-14,0.02701737731695175
2009-03-18,inflation_assessment_shift,2009-02-26,-13,0.02832677587866783
2009-03-18,inflation_assessment_shift,2009-02-27,-12,0.029678015038371086
2009-03-18,inflation_assessment_shift,2009-03-02,-11,0.028257789090275764
2009-03-18,inflation_assessment_shift,2009-03-03,-10,0.03368863835930824
2009-03-18,inflation_assessment_shift,2009-03-04,-9,0.03757476806640625
2009-03-18,inflation_assessment_shift,2009-03-05,-8,0.03563850373029709
2009-03-18,inflation_assessment_shift,2009-03-06,-7,0.03413541242480278
2009-03-18,inflation_assessment_shift,2009-03-09,-6,0.031632546335458755
2009-03-18,inflation_assessment_shift,2009-03-10,-5,0.034969720989465714
2009-03-18,inflation_assessment_shift,2009-03-11,-4,0.03052760660648346
2009-03-18,inflation_assessment_shift,2009-03-12,-3,0.03152420371770859
2009-03-18,inflation_assessment_shift,2009-03-13,-2,0.029708286747336388
2009-03-18,inflation_assessment_shift,2009-03-16,-1,0.03259393572807312
2009-03-18,inflation_assessment_shift,2009-03-17,0,0.03147422522306442
2009-03-18,inflation_risk_shift,2009-01-29,-32,0.030650736764073372
2009-03-18,inflation_risk_shift,2009-01-30,-31,0.024540459737181664
2009-03-18,inflation_risk_shift,2009-02-02,-30,0.025071099400520325
2009-03-18,inflation_risk_shift,2009-02-03,-29,0.027156133204698563
2009-03-18,inflation_risk_shift,2009-02-04,-28,0.026277881115674973
2009-03-18,inflation_risk_shift,2009-02-05,-27,0.023225171491503716
2009-03-18,inflation_risk_shift,2009-02-06,-26,0.024173356592655182
2009-03-18,inflation_risk_shift,2009-02-09,-25,0.02761744149029255
2009-03-18,inflation_risk_shift,2009-02-10,-24,0.02659737691283226
2009-03-18,inflation_risk_shift,2009-02-11,-23,0.029658854007720947
2009-03-18,inflation_risk_shift,2009-02-12,-22,0.0348178930580616
2009-03-18,inflation_risk_shift,2009-02-13,-21,0.035056766122579575
2009-03-18,inflation_risk_shift,2009-02-17,-20,0.029177214950323105
2009-03-18,inflation_risk_shift,2009-02-18,-19,0.03304923698306084
2009-03-18,inflation_risk_shift,2009-02-19,-18,0.03207125514745712
2009-03-18,inflation_risk_shift,2009-02-20,-17,0.032100528478622437
2009-03-18,inflation_risk_shift,2009-02-23,-16,0.029614711180329323
2009-03-18,inflation_risk_shift,2009-02-24,-15,0.026100294664502144
2009-03-18,inflation_risk_shift,2009-02-25,-14,0.026156311854720116
2009-03-18,inflation_risk_shift,2009-02-26,-13,0.026693236082792282
2009-03-18,inflation_risk_shift,2009-02-27,-12,0.028949404135346413
2009-03-18,inflation_risk_shift,2009-03-02,-11,0.02526046335697174
2009-03-18,inflation_risk_shift,2009-03-03,-10,0.03552194684743881
2009-03-18,inflation_risk_shift,2009-03-04,-9,0.03750081732869148
2009-03-18,inflation_risk_shift,2009-03-05,-8,0.03682969883084297
2009-03-18,inflation_risk_shift,2009-03-06,-7,0.035332586616277695
2009-03-18,inflation_risk_shift,2009-03-09,-6,0.03184393793344498
2009-03-18,inflation_risk_shift,2009-03-10,-5,0.03590879961848259
2009-03-18,inflation_risk_shift,2009-03-11,-4,0.030384089797735214
2009-03-18,inflation_risk_shift,2009-03-12,-3,0.03145483508706093
2009-03-18,inflation_risk_shift,2009-03-13,-2,0.030764438211917877
2009-03-18,inflation_risk_shift,2009-03-16,-1,0.03615996986627579
2009-03-18,inflation_risk_shift,2009-03-17,0,0.03428304195404053
2009-03-18,unemployment_assessment_shift,2009-01-29,-32,0.03120657429099083
2009-03-18,unemployment_assessment_shift,2009-01-30,-31,0.025229206308722496
2009-03-18,unemployment_assessment_shift,2009-02-02,-30,0.02554995007812977
2009-03-18,unemployment_assessment_shift,2009-02-03,-29,0.026776066049933434
2009-03-18,unemployment_assessment_shift,2009-02-04,-28,0.025789881125092506
2009-03-18,unemployment_assessment_shift,2009-02-05,-27,0.02272905968129635
2009-03-18,unemployment_assessment_shift,2009-02-06,-26,0.023070888593792915
2009-03-18,unemployment_assessment_shift,2009-02-09,-25,0.027530435472726822
2009-03-18,unemployment_assessment_shift,2009-02-10,-24,0.02731817588210106
2009-03-18,unemployment_assessment_shift,2009-02-11,-23,0.0298017468303442
2009-03-18,unemployment_assessment_shift,2009-02-12,-22,0.03489309176802635
2009-03-18,unemployment_assessment_shift,2009-02-13,-21,0.03549430891871452
2009-03-18,unemployment_assessment_shift,2009-02-17,-20,0.02951253019273281
2009-03-18,unemployment_assessment_shift,2009-02-18,-19,0.033314742147922516
2009-03-18,unemployment_assessment_shift,2009-02-19,-18,0.03227981925010681
2009-03-18,unemployment_assessment_shift,2009-02-20,-17,0.03317445516586304
2009-03-18,unemployment_assessment_shift,2009-02-23,-16,0.029728129506111145
2009-03-18,unemployment_assessment_shift,2009-02-24,-15,0.025869349017739296
2009-03-18,unemployment_assessment_shift,2009-02-25,-14,0.025196943432092667
2009-03-18,unemployment_assessment_shift,2009-02-26,-13,0.026357224211096764
2009-03-18,unemployment_assessment_shift,2009-02-27,-12,0.02892429381608963
2009-03-18,unemployment_assessment_shift,2009-03-02,-11,0.025483086705207825
2009-03-18,unemployment_assessment_shift,2009-03-03,-10,0.035533227026462555
2009-03-18,unemployment_assessment_shift,2009-03-04,-9,0.03811410814523697
2009-03-18,unemployment_assessment_shift,2009-03-05,-8,0.03838266432285309
2009-03-18,unemployment_assessment_shift,2009-03-06,-7,0.03608878329396248
2009-03-18,unemployment_assessment_shift,2009-03-09,-6,0.03185431659221649
2009-03-18,unemployment_assessment_shift,2009-03-10,-5,0.03551151603460312
2009-03-18,unemployment_assessment_shift,2009-03-11,-4,0.03070402517914772
2009-03-18,unemployment_assessment_shift,2009-03-12,-3,0.03192661702632904
2009-03-18,unemployment_assessment_shift,2009-03-13,-2,0.03037402033805847
2009-03-18,unemployment_assessment_shift,2009-03-16,-1,0.034181930124759674
2009-03-18,unemployment_assessment_shift,2009-03-17,0,0.032098885625600815
2009-03-18,labor_market_risk_shift,2009-01-29,-32,0.030307656154036522
2009-03-18,labor_market_risk_shift,2009-01-30,-31,0.025806795805692673
2009-03-18,labor_market_risk_shift,2009-02-02,-30,0.024790704250335693
2009-03-18,labor_market_risk_shift,2009-02-03,-29,0.026833336800336838
2009-03-18,labor_market_risk_shift,2009-02-04,-28,0.025749195367097855
2009-03-18,labor_market_risk_shift,2009-02-05,-27,0.023509878665208817
2009-03-18,labor_market_risk_shift,2009-02-06,-26,0.02417711541056633
2009-03-18,labor_market_risk_shift,2009-02-09,-25,0.029433466494083405
2009-03-18,labor_market_risk_shift,2009-02-10,-24,0.02876012586057186
2009-03-18,labor_market_risk_shift,2009-02-11,-23,0.030955106019973755
2009-03-18,labor_market_risk_shift,2009-02-12,-22,0.033762358129024506
2009-03-18,labor_market_risk_shift,2009-02-13,-21,0.03588462993502617
2009-03-18,labor_market_risk_shift,2009-02-17,-20,0.02898585982620716
2009-03-18,labor_market_risk_shift,2009-02-18,-19,0.03234745189547539
2009-03-18,labor_market_risk_shift,2009-02-19,-18,0.032758504152297974
2009-03-18,labor_market_risk_shift,2009-02-20,-17,0.03221116214990616
2009-03-18,labor_market_risk_shift,2009-02-23,-16,0.029581036418676376
2009-03-18,labor_market_risk_shift,2009-02-24,-15,0.02479938417673111
2009-03-18,labor_market_risk_shift,2009-02-25,-14,0.025744842365384102
2009-03-18,labor_market_risk_shift,2009-02-26,-13,0.027143094688653946
2009-03-18,labor_market_risk_shift,2009-02-27,-12,0.02961469069123268
2009-03-18,labor_market_risk_shift,2009-03-02,-11,0.026819653809070587
2009-03-18,labor_market_risk_shift,2009-03-03,-10,0.034791819751262665
2009-03-18,labor_market_risk_shift,2009-03-04,-9,0.038785792887210846
2009-03-18,labor_market_risk_shift,2009-03-05,-8,0.037307530641555786
2009-03-18,labor_market_risk_shift,2009-03-06,-7,0.03582875058054924
2009-03-18,labor_market_risk_shift,2009-03-09,-6,0.03187758848071098
2009-03-18,labor_market_risk_shift,2009-03-10,-5,0.03537532314658165
2009-03-18,labor_market_risk_shift,2009-03-11,-4,0.0300297811627388
2009-03-18,labor_market_risk_shift,2009-03-12,-3,0.031588271260261536
2009-03-18,labor_market_risk_shift,2009-03-13,-2,0.02991664409637451
2009-03-18,labor_market_risk_shift,2009-03-16,-1,0.033555954694747925
2009-03-18,labor_market_risk_shift,2009-03-17,0,0.0309665035456419
2009-03-18,growth_activity_shift,2009-01-29,-32,0.029873600229620934
2009-03-18,growth_activity_shift,2009-01-30,-31,0.025886641815304756
2009-03-18,growth_activity_shift,2009-02-02,-30,0.026054829359054565
2009-03-18,growth_activity_shift,2009-02-03,-29,0.027283690869808197
2009-03-18,growth_activity_shift,2009-02-04,-28,0.026254994794726372
2009-03-18,growth_activity_shift,2009-02-05,-27,0.02471381053328514
2009-03-18,growth_activity_shift,2009-02-06,-26,0.025332104414701462
2009-03-18,growth_activity_shift,2009-02-09,-25,0.028678828850388527
2009-03-18,growth_activity_shift,2009-02-10,-24,0.027785224840044975
2009-03-18,growth_activity_shift,2009-02-11,-23,0.029946517199277878
2009-03-18,growth_activity_shift,2009-02-12,-22,0.033460646867752075
2009-03-18,growth_activity_shift,2009-02-13,-21,0.03448227420449257
2009-03-18,growth_activity_shift,2009-02-17,-20,0.02947087213397026
2009-03-18,growth_activity_shift,2009-02-18,-19,0.03228030726313591
2009-03-18,growth_activity_shift,2009-02-19,-18,0.03213824704289436
2009-03-18,growth_activity_shift,2009-02-20,-17,0.03198236599564552
2009-03-18,growth_activity_shift,2009-02-23,-16,0.030178533867001534
2009-03-18,growth_activity_shift,2009-02-24,-15,0.025998318567872047
2009-03-18,growth_activity_shift,2009-02-25,-14,0.02643386647105217
2009-03-18,growth_activity_shift,2009-02-26,-13,0.027450421825051308
2009-03-18,growth_activity_shift,2009-02-27,-12,0.02905459702014923
2009-03-18,growth_activity_shift,2009-03-02,-11,0.02676684595644474
2009-03-18,growth_activity_shift,2009-03-03,-10,0.03454578295350075
2009-03-18,growth_activity_shift,2009-03-04,-9,0.03724440187215805
2009-03-18,growth_activity_shift,2009-03-05,-8,0.03633939474821091
2009-03-18,growth_activity_shift,2009-03-06,-7,0.03517991304397583
2009-03-18,growth_activity_shift,2009-03-09,-6,0.03209308534860611
2009-03-18,growth_activity_shift,2009-03-10,-5,0.034685537219047546
2009-03-18,growth_activity_shift,2009-03-11,-4,0.030224867165088654
2009-03-18,growth_activity_shift,2009-03-12,-3,0.0313948318362236
2009-03-18,growth_activity_shift,2009-03-13,-2,0.030859993770718575
2009-03-18,growth_activity_shift,2009-03-16,-1,0.03463907539844513
2009-03-18,growth_activity_shift,2009-03-17,0,0.031285591423511505
2009-03-18,financial_conditions_shift,2009-01-29,-32,0.025540975853800774
2009-03-18,financial_conditions_shift,2009-01-30,-31,0.033108003437519073
2009-03-18,financial_conditions_shift,2009-02-02,-30,0.029885437339544296
2009-03-18,financial_conditions_shift,2009-02-03,-29,0.029292019084095955
2009-03-18,financial_conditions_shift,2009-02-04,-28,0.030244067311286926
2009-03-18,financial_conditions_shift,2009-02-05,-27,0.03605136275291443
2009-03-18,financial_conditions_shift,2009-02-06,-26,0.03635174781084061
2009-03-18,financial_conditions_shift,2009-02-09,-25,0.03525643050670624
2009-03-18,financial_conditions_shift,2009-02-10,-24,0.0337001197040081
2009-03-18,financial_conditions_shift,2009-02-11,-23,0.030697502195835114
2009-03-18,financial_conditions_shift,2009-02-12,-22,0.02611914463341236
2009-03-18,financial_conditions_shift,2009-02-13,-21,0.029462620615959167
2009-03-18,financial_conditions_shift,2009-02-17,-20,0.029609639197587967
2009-03-18,financial_conditions_shift,2009-02-18,-19,0.026437779888510704
2009-03-18,financial_conditions_shift,2009-02-19,-18,0.03173050284385681
2009-03-18,financial_conditions_shift,2009-02-20,-17,0.028005871921777725
2009-03-18,financial_conditions_shift,2009-02-23,-16,0.030709700658917427
2009-03-18,financial_conditions_shift,2009-02-24,-15,0.02763381227850914
2009-03-18,financial_conditions_shift,2009-02-25,-14,0.03216011822223663
2009-03-18,financial_conditions_shift,2009-02-26,-13,0.03297104313969612
2009-03-18,financial_conditions_shift,2009-02-27,-12,0.030201636254787445
2009-03-18,financial_conditions_shift,2009-03-02,-11,0.03473486006259918
2009-03-18,financial_conditions_shift,2009-03-03,-10,0.026837680488824844
2009-03-18,financial_conditions_shift,2009-03-04,-9,0.030292846262454987
2009-03-18,financial_conditions_shift,2009-03-05,-8,0.027622193098068237
2009-03-18,financial_conditions_shift,2009-03-06,-7,0.028936363756656647
2009-03-18,financial_conditions_shift,2009-03-09,-6,0.03125310316681862
2009-03-18,financial_conditions_shift,2009-03-10,-5,0.02977623976767063
2009-03-18,financial_conditions_shift,2009-03-11,-4,0.03032548725605011
2009-03-18,financial_conditions_shift,2009-03-12,-3,0.028705233708024025
2009-03-18,financial_conditions_shift,2009-03-13,-2,0.028963828459382057
2009-03-18,financial_conditions_shift,2009-03-16,-1,0.028580423444509506
2009-03-18,financial_conditions_shift,2009-03-17,0,0.02880222164094448
2009-03-18,balance_sheet_policy_shift,2009-01-29,-32,0.03322190046310425
2009-03-18,balance_sheet_policy_shift,2009-01-30,-31,0.024645809084177017
2009-03-18,balance_sheet_policy_shift,2009-02-02,-30,0.026618346571922302
2009-03-18,balance_sheet_policy_shift,2009-02-03,-29,0.027962319552898407
2009-03-18,balance_sheet_policy_shift,2009-02-04,-28,0.027034293860197067
2009-03-18,balance_sheet_policy_shift,2009-02-05,-27,0.02205410972237587
2009-03-18,balance_sheet_policy_shift,2009-02-06,-26,0.022290702909231186
2009-03-18,balance_sheet_policy_shift,2009-02-09,-25,0.025600403547286987
2009-03-18,balance_sheet_policy_shift,2009-02-10,-24,0.025967184454202652
2009-03-18,balance_sheet_policy_shift,2009-02-11,-23,0.02953932248055935
2009-03-18,balance_sheet_policy_shift,2009-02-12,-22,0.036399438977241516
2009-03-18,balance_sheet_policy_shift,2009-02-13,-21,0.034272871911525726
2009-03-18,balance_sheet_policy_shift,2009-02-17,-20,0.029710035771131516
2009-03-18,balance_sheet_policy_shift,2009-02-18,-19,0.03489171713590622
2009-03-18,balance_sheet_policy_shift,2009-02-19,-18,0.03058997541666031
2009-03-18,balance_sheet_policy_shift,2009-02-20,-17,0.032806701958179474
2009-03-18,balance_sheet_policy_shift,2009-02-23,-16,0.029348313808441162
2009-03-18,balance_sheet_policy_shift,2009-02-24,-15,0.02794826775789261
2009-03-18,balance_sheet_policy_shift,2009-02-25,-14,0.02586725726723671
2009-03-18,balance_sheet_policy_shift,2009-02-26,-13,0.02626454085111618
2009-03-18,balance_sheet_policy_shift,2009-02-27,-12,0.029172372072935104
2009-03-18,balance_sheet_policy_shift,2009-03-02,-11,0.024376800283789635
2009-03-18,balance_sheet_policy_shift,2009-03-03,-10,0.036512553691864014
2009-03-18,balance_sheet_policy_shift,2009-03-04,-9,0.03564779832959175
2009-03-18,balance_sheet_policy_shift,2009-03-05,-8,0.03716635704040527
2009-03-18,balance_sheet_policy_shift,2009-03-06,-7,0.03543794900178909
2009-03-18,balance_sheet_policy_shift,2009-03-09,-6,0.030783172696828842
2009-03-18,balance_sheet_policy_shift,2009-03-10,-5,0.03468741104006767
2009-03-18,balance_sheet_policy_shift,2009-03-11,-4,0.030528169125318527
2009-03-18,balance_sheet_policy_shift,2009-03-12,-3,0.032249096781015396
2009-03-18,balance_sheet_policy_shift,2009-03-13,-2,0.03103337436914444
2009-03-18,balance_sheet_policy_shift,2009-03-16,-1,0.03569500148296356
2009-03-18,balance_sheet_policy_shift,2009-03-17,0,0.0336763896048069
2009-03-18,risk_balance_shift,2009-01-29,-32,0.03013712540268898
2009-03-18,risk_balance_shift,2009-01-30,-31,0.026299849152565002
2009-03-18,risk_balance_shift,2009-02-02,-30,0.026571150869131088
2009-03-18,risk_balance_shift,2009-02-03,-29,0.027347199618816376
2009-03-18,risk_balance_shift,2009-02-04,-28,0.02609446831047535
2009-03-18,risk_balance_shift,2009-02-05,-27,0.0254010409116745
2009-03-18,risk_balance_shift,2009-02-06,-26,0.025178510695695877
2009-03-18,risk_balance_shift,2009-02-09,-25,0.028525371104478836
2009-03-18,risk_balance_shift,2009-02-10,-24,0.027485908940434456
2009-03-18,risk_balance_shift,2009-02-11,-23,0.029030386358499527
2009-03-18,risk_balance_shift,2009-02-12,-22,0.032702505588531494
2009-03-18,risk_balance_shift,2009-02-13,-21,0.03348328173160553
2009-03-18,risk_balance_shift,2009-02-17,-20,0.029609428718686104
2009-03-18,risk_balance_shift,2009-02-18,-19,0.031994570046663284
2009-03-18,risk_balance_shift,2009-02-19,-18,0.031910624355077744
2009-03-18,risk_balance_shift,2009-02-20,-17,0.03182273730635643
2009-03-18,risk_balance_shift,2009-02-23,-16,0.02990804985165596
2009-03-18,risk_balance_shift,2009-02-24,-15,0.02615763619542122
2009-03-18,risk_balance_shift,2009-02-25,-14,0.0273002777248621
2009-03-18,risk_balance_shift,2009-02-26,-13,0.02833193726837635
2009-03-18,risk_balance_shift,2009-02-27,-12,0.02887282893061638
2009-03-18,risk_balance_shift,2009-03-02,-11,0.026837127283215523
2009-03-18,risk_balance_shift,2009-03-03,-10,0.033464595675468445
2009-03-18,risk_balance_shift,2009-03-04,-9,0.03588634356856346
2009-03-18,risk_balance_shift,2009-03-05,-8,0.0363161601126194
2009-03-18,risk_balance_shift,2009-03-06,-7,0.035028863698244095
2009-03-18,risk_balance_shift,2009-03-09,-6,0.032987214624881744
2009-03-18,risk_balance_shift,2009-03-10,-5,0.03573762625455856
2009-03-18,risk_balance_shift,2009-03-11,-4,0.030804429203271866
2009-03-18,risk_balance_shift,2009-03-12,-3,0.03203412517905235
2009-03-18,risk_balance_shift,2009-03-13,-2,0.03068428300321102
2009-03-18,risk_balance_shift,2009-03-16,-1,0.03494837507605553
2009-03-18,risk_balance_shift,2009-03-17,0,0.03110596165060997
2009-03-18,committee_dispersion,2009-01-29,-32,0.026164591312408447
2009-03-18,committee_dispersion,2009-01-30,-31,0.03302137181162834
2009-03-18,committee_dispersion,2009-02-02,-30,0.030056878924369812
2009-03-18,committee_dispersion,2009-02-03,-29,0.029588906094431877
2009-03-18,committee_dispersion,2009-02-04,-28,0.0302402563393116
2009-03-18,committee_dispersion,2009-02-05,-27,0.03640640527009964
2009-03-18,committee_dispersion,2009-02-06,-26,0.03625461086630821
2009-03-18,committee_dispersion,2009-02-09,-25,0.03563366457819939
2009-03-18,committee_dispersion,2009-02-10,-24,0.0339081808924675
2009-03-18,committee_dispersion,2009-02-11,-23,0.03171125799417496
2009-03-18,committee_dispersion,2009-02-12,-22,0.02562951110303402
2009-03-18,committee_dispersion,2009-02-13,-21,0.030459025874733925
2009-03-18,committee_dispersion,2009-02-17,-20,0.029346942901611328
2009-03-18,committee_dispersion,2009-02-18,-19,0.02674213983118534
2009-03-18,committee_dispersion,2009-02-19,-18,0.032008446753025055
2009-03-18,committee_dispersion,2009-02-20,-17,0.02804569900035858
2009-03-18,committee_dispersion,2009-02-23,-16,0.031723346561193466
2009-03-18,committee_dispersion,2009-02-24,-15,0.027565738186240196
2009-03-18,committee_dispersion,2009-02-25,-14,0.03184371814131737
2009-03-18,committee_dispersion,2009-02-26,-13,0.031952280551195145
2009-03-18,committee_dispersion,2009-02-27,-12,0.029846765100955963
2009-03-18,committee_dispersion,2009-03-02,-11,0.03475210815668106
2009-03-18,committee_dispersion,2009-03-03,-10,0.026208532974123955
2009-03-18,committee_dispersion,2009-03-04,-9,0.03013397380709648
2009-03-18,committee_dispersion,2009-03-05,-8,0.027172666043043137
2009-03-18,committee_dispersion,2009-03-06,-7,0.029120400547981262
2009-03-18,committee_dispersion,2009-03-09,-6,0.030791951343417168
2009-03-18,committee_dispersion,2009-03-10,-5,0.02942703664302826
2009-03-18,committee_dispersion,2009-03-11,-4,0.029664676636457443
2009-03-18,committee_dispersion,2009-03-12,-3,0.028590139001607895
2009-03-18,committee_dispersion,2009-03-13,-2,0.02843824028968811
2009-03-18,committee_dispersion,2009-03-16,-1,0.02808605134487152
2009-03-18,committee_dispersion,2009-03-17,0,0.02946450002491474
2009-03-18,policy_uncertainty,2009-01-29,-32,0.026361705735325813
2009-03-18,policy_uncertainty,2009-01-30,-31,0.032625313848257065
2009-03-18,policy_uncertainty,2009-02-02,-30,0.029308443889021873
2009-03-18,policy_uncertainty,2009-02-03,-29,0.029638420790433884
2009-03-18,policy_uncertainty,2009-02-04,-28,0.029980342835187912
2009-03-18,policy_uncertainty,2009-02-05,-27,0.03600272908806801
2009-03-18,policy_uncertainty,2009-02-06,-26,0.03682276979088783
2009-03-18,policy_uncertainty,2009-02-09,-25,0.03586742281913757
2009-03-18,policy_uncertainty,2009-02-10,-24,0.034043364226818085
2009-03-18,policy_uncertainty,2009-02-11,-23,0.03124568797647953
2009-03-18,policy_uncertainty,2009-02-12,-22,0.025985613465309143
2009-03-18,policy_uncertainty,2009-02-13,-21,0.03033222258090973
2009-03-18,policy_uncertainty,2009-02-17,-20,0.02931918390095234
2009-03-18,policy_uncertainty,2009-02-18,-19,0.026708025485277176
2009-03-18,policy_uncertainty,2009-02-19,-18,0.03203516826033592
2009-03-18,policy_uncertainty,2009-02-20,-17,0.02807207591831684
2009-03-18,policy_uncertainty,2009-02-23,-16,0.031075306236743927
2009-03-18,policy_uncertainty,2009-02-24,-15,0.027361638844013214
2009-03-18,policy_uncertainty,2009-02-25,-14,0.03190368041396141
2009-03-18,policy_uncertainty,2009-02-26,-13,0.0318986177444458
2009-03-18,policy_uncertainty,2009-02-27,-12,0.03004329837858677
2009-03-18,policy_uncertainty,2009-03-02,-11,0.034478288143873215
2009-03-18,policy_uncertainty,2009-03-03,-10,0.026921328157186508
2009-03-18,policy_uncertainty,2009-03-04,-9,0.030654240399599075
2009-03-18,policy_uncertainty,2009-03-05,-8,0.027416612952947617
2009-03-18,policy_uncertainty,2009-03-06,-7,0.02873346023261547
2009-03-18,policy_uncertainty,2009-03-09,-6,0.03089953400194645
2009-03-18,policy_uncertainty,2009-03-10,-5,0.029727287590503693
2009-03-18,policy_uncertainty,2009-03-11,-4,0.029583467170596123
2009-03-18,policy_uncertainty,2009-03-12,-3,0.028544193133711815
2009-03-18,policy_uncertainty,2009-03-13,-2,0.028638403862714767
2009-03-18,policy_uncertainty,2009-03-16,-1,0.028128955513238907
2009-03-18,policy_uncertainty,2009-03-17,0,0.02964320033788681
2009-03-18,forward_guidance_strength,2009-01-29,-32,0.02619355358183384
2009-03-18,forward_guidance_strength,2009-01-30,-31,0.03418789058923721
2009-03-18,forward_guidance_strength,2009-02-02,-30,0.031386129558086395
2009-03-18,forward_guidance_strength,2009-02-03,-29,0.030269041657447815
2009-03-18,forward_guidance_strength,2009-02-04,-28,0.03159395605325699
2009-03-18,forward_guidance_strength,2009-02-05,-27,0.038400668650865555
2009-03-18,forward_guidance_strength,2009-02-06,-26,0.03821616619825363
2009-03-18,forward_guidance_strength,2009-02-09,-25,0.03580152988433838
2009-03-18,forward_guidance_strength,2009-02-10,-24,0.03461729735136032
2009-03-18,forward_guidance_strength,2009-02-11,-23,0.030452009290456772
2009-03-18,forward_guidance_strength,2009-02-12,-22,0.02550201490521431
2009-03-18,forward_guidance_strength,2009-02-13,-21,0.028531407937407494
2009-03-18,forward_guidance_strength,2009-02-17,-20,0.029355352744460106
2009-03-18,forward_guidance_strength,2009-02-18,-19,0.02591530978679657
2009-03-18,forward_guidance_strength,2009-02-19,-18,0.03105613775551319
2009-03-18,forward_guidance_strength,2009-02-20,-17,0.027981789782643318
2009-03-18,forward_guidance_strength,2009-02-23,-16,0.030654162168502808
2009-03-18,forward_guidance_strength,2009-02-24,-15,0.028492175042629242
2009-03-18,forward_guidance_strength,2009-02-25,-14,0.03280475735664368
2009-03-18,forward_guidance_strength,2009-02-26,-13,0.033105939626693726
2009-03-18,forward_guidance_strength,2009-02-27,-12,0.03025507554411888
2009-03-18,forward_guidance_strength,2009-03-02,-11,0.035230256617069244
2009-03-18,forward_guidance_strength,2009-03-03,-10,0.026029758155345917
2009-03-18,forward_guidance_strength,2009-03-04,-9,0.02867032028734684
2009-03-18,forward_guidance_strength,2009-03-05,-8,0.026552965864539146
2009-03-18,forward_guidance_strength,2009-03-06,-7,0.02742628939449787
2009-03-18,forward_guidance_strength,2009-03-09,-6,0.030159689486026764
2009-03-18,forward_guidance_strength,2009-03-10,-5,0.028523048385977745
2009-03-18,forward_guidance_strength,2009-03-11,-4,0.029805339872837067
2009-03-18,forward_guidance_strength,2009-03-12,-3,0.028020765632390976
2009-03-18,forward_guidance_strength,2009-03-13,-2,0.028423883020877838
2009-03-18,forward_guidance_strength,2009-03-16,-1,0.027623280882835388
2009-03-18,forward_guidance_strength,2009-03-17,0,0.02876204624772072
2009-04-29,rate_decision,2009-03-19,-27,0.03767126798629761
2009-04-29,rate_decision,2009-03-20,-26,0.038892779499292374
2009-04-29,rate_decision,2009-03-23,-25,0.03715311735868454
2009-04-29,rate_decision,2009-03-24,-24,0.03720783442258835
2009-04-29,rate_decision,2009-03-25,-23,0.031741779297590256
2009-04-29,rate_decision,2009-03-26,-22,0.03489569574594498
2009-04-29,rate_decision,2009-03-27,-21,0.03975563496351242
2009-04-29,rate_decision,2009-03-30,-20,0.03864537179470062
2009-04-29,rate_decision,2009-03-31,-19,0.042679738253355026
2009-04-29,rate_decision,2009-04-01,-18,0.03714766353368759
2009-04-29,rate_decision,2009-04-02,-17,0.0355541855096817
2009-04-29,rate_decision,2009-04-03,-16,0.03447486087679863
2009-04-29,rate_decision,2009-04-06,-15,0.03626447170972824
2009-04-29,rate_decision,2009-04-07,-14,0.03191453963518143
2009-04-29,rate_decision,2009-04-08,-13,0.03459201380610466
2009-04-29,rate_decision,2009-04-09,-12,0.040507398545742035
2009-04-29,rate_decision,2009-04-13,-11,0.04228069633245468
2009-04-29,rate_decision,2009-04-14,-10,0.04241573438048363
2009-04-29,rate_decision,2009-04-15,-9,0.03457796573638916
2009-04-29,rate_decision,2009-04-16,-8,0.03537663817405701
2009-04-29,rate_decision,2009-04-17,-7,0.03423710912466049
2009-04-29,rate_decision,2009-04-20,-6,0.03134661167860031
2009-04-29,rate_decision,2009-04-21,-5,0.028822140768170357
2009-04-29,rate_decision,2009-04-22,-4,0.031142212450504303
2009-04-29,rate_decision,2009-04-23,-3,0.03621712699532509
2009-04-29,rate_decision,2009-04-24,-2,0.030542397871613503
2009-04-29,rate_decision,2009-04-27,-1,0.0317978709936142
2009-04-29,rate_decision,2009-04-28,0,0.03214516490697861
2009-04-29,current_policy_stance,2009-03-19,-27,0.038733355700969696
2009-04-29,current_policy_stance,2009-03-20,-26,0.03795216977596283
2009-04-29,current_policy_stance,2009-03-23,-25,0.03633579611778259
2009-04-29,current_policy_stance,2009-03-24,-24,0.0319344662129879
2009-04-29,current_policy_stance,2009-03-25,-23,0.031995419412851334
2009-04-29,current_policy_stance,2009-03-26,-22,0.0286545492708683
2009-04-29,current_policy_stance,2009-03-27,-21,0.03599391132593155
2009-04-29,current_policy_stance,2009-03-30,-20,0.03579623997211456
2009-04-29,current_policy_stance,2009-03-31,-19,0.04148201644420624
2009-04-29,current_policy_stance,2009-04-01,-18,0.0383085235953331
2009-04-29,current_policy_stance,2009-04-02,-17,0.03719581291079521
2009-04-29,current_policy_stance,2009-04-03,-16,0.03563948720693588
2009-04-29,current_policy_stance,2009-04-06,-15,0.03407813981175423
2009-04-29,current_policy_stance,2009-04-07,-14,0.029111087322235107
2009-04-29,current_policy_stance,2009-04-08,-13,0.029334010556340218
2009-04-29,current_policy_stance,2009-04-09,-12,0.03816895931959152
2009-04-29,current_policy_stance,2009-04-13,-11,0.037704162299633026
2009-04-29,current_policy_stance,2009-04-14,-10,0.044575825333595276
2009-04-29,current_policy_stance,2009-04-15,-9,0.039159759879112244
2009-04-29,current_policy_stance,2009-04-16,-8,0.041854340583086014
2009-04-29,current_policy_stance,2009-04-17,-7,0.0385919027030468
2009-04-29,current_policy_stance,2009-04-20,-6,0.03160177916288376
2009-04-29,current_policy_stance,2009-04-21,-5,0.035403404384851456
2009-04-29,current_policy_stance,2009-04-22,-4,0.031794846057891846
2009-04-29,current_policy_stance,2009-04-23,-3,0.034372180700302124
2009-04-29,current_policy_stance,2009-04-24,-2,0.034682244062423706
2009-04-29,current_policy_stance,2009-04-27,-1,0.02940385788679123
2009-04-29,current_policy_stance,2009-04-28,0,0.0401417538523674
2009-04-29,policy_stance_shift,2009-03-19,-27,0.037937674671411514
2009-04-29,policy_stance_shift,2009-03-20,-26,0.038024500012397766
2009-04-29,policy_stance_shift,2009-03-23,-25,0.03942105919122696
2009-04-29,policy_stance_shift,2009-03-24,-24,0.035077016800642014
2009-04-29,policy_stance_shift,2009-03-25,-23,0.03549647703766823
2009-04-29,policy_stance_shift,2009-03-26,-22,0.03447454050183296
2009-04-29,policy_stance_shift,2009-03-27,-21,0.03711418807506561
2009-04-29,policy_stance_shift,2009-03-30,-20,0.036614496260881424
2009-04-29,policy_stance_shift,2009-03-31,-19,0.03694165498018265
2009-04-29,policy_stance_shift,2009-04-01,-18,0.03521747887134552
2009-04-29,policy_stance_shift,2009-04-02,-17,0.03369628265500069
2009-04-29,policy_stance_shift,2009-04-03,-16,0.035411760210990906
2009-04-29,policy_stance_shift,2009-04-06,-15,0.03466978669166565
2009-04-29,policy_stance_shift,2009-04-07,-14,0.03337615728378296
2009-04-29,policy_stance_shift,2009-04-08,-13,0.03301100432872772
2009-04-29,policy_stance_shift,2009-04-09,-12,0.036753103137016296
2009-04-29,policy_stance_shift,2009-04-13,-11,0.03770315647125244
2009-04-29,policy_stance_shift,2009-04-14,-10,0.036746397614479065
2009-04-29,policy_stance_shift,2009-04-15,-9,0.03634948283433914
2009-04-29,policy_stance_shift,2009-04-16,-8,0.0326564759016037
2009-04-29,policy_stance_shift,2009-04-17,-7,0.03730376809835434
2009-04-29,policy_stance_shift,2009-04-20,-6,0.0314883291721344
2009-04-29,policy_stance_shift,2009-04-21,-5,0.032142363488674164
2009-04-29,policy_stance_shift,2009-04-22,-4,0.03409973531961441
2009-04-29,policy_stance_shift,2009-04-23,-3,0.03262697905302048
2009-04-29,policy_stance_shift,2009-04-24,-2,0.039759427309036255
2009-04-29,policy_stance_shift,2009-04-27,-1,0.03582534193992615
2009-04-29,policy_stance_shift,2009-04-28,0,0.04006136953830719
2009-04-29,expected_rate_path_shift,2009-03-19,-27,0.038814518600702286
2009-04-29,expected_rate_path_shift,2009-03-20,-26,0.03957550600171089
2009-04-29,expected_rate_path_shift,2009-03-23,-25,0.04093652963638306
2009-04-29,expected_rate_path_shift,2009-03-24,-24,0.03590300679206848
2009-04-29,expected_rate_path_shift,2009-03-25,-23,0.03617843985557556
2009-04-29,expected_rate_path_shift,2009-03-26,-22,0.03484893962740898
2009-04-29,expected_rate_path_shift,2009-03-27,-21,0.03779282420873642
2009-04-29,expected_rate_path_shift,2009-03-30,-20,0.03662775456905365
2009-04-29,expected_rate_path_shift,2009-03-31,-19,0.03669865056872368
2009-04-29,expected_rate_path_shift,2009-04-01,-18,0.03502392768859863
2009-04-29,expected_rate_path_shift,2009-04-02,-17,0.03329535201191902
2009-04-29,expected_rate_path_shift,2009-04-03,-16,0.03514224663376808
2009-04-29,expected_rate_path_shift,2009-04-06,-15,0.03460463136434555
2009-04-29,expected_rate_path_shift,2009-04-07,-14,0.033404335379600525
2009-04-29,expected_rate_path_shift,2009-04-08,-13,0.033005811274051666
2009-04-29,expected_rate_path_shift,2009-04-09,-12,0.03743135929107666
2009-04-29,expected_rate_path_shift,2009-04-13,-11,0.03729970008134842
2009-04-29,expected_rate_path_shift,2009-04-14,-10,0.036727190017700195
2009-04-29,expected_rate_path_shift,2009-04-15,-9,0.03695493936538696
2009-04-29,expected_rate_path_shift,2009-04-16,-8,0.032287683337926865
2009-04-29,expected_rate_path_shift,2009-04-17,-7,0.0372321642935276
2009-04-29,expected_rate_path_shift,2009-04-20,-6,0.029979189857840538
2009-04-29,expected_rate_path_shift,2009-04-21,-5,0.031041957437992096
2009-04-29,expected_rate_path_shift,2009-04-22,-4,0.033387184143066406
2009-04-29,expected_rate_path_shift,2009-04-23,-3,0.031700242310762405
2009-04-29,expected_rate_path_shift,2009-04-24,-2,0.03952194005250931
2009-04-29,expected_rate_path_shift,2009-04-27,-1,0.03406526520848274
2009-04-29,expected_rate_path_shift,2009-04-28,0,0.04051867872476578
2009-04-29,inflation_assessment_shift,2009-03-19,-27,0.0375160276889801
2009-04-29,inflation_assessment_shift,2009-03-20,-26,0.037752773612737656
2009-04-29,inflation_assessment_shift,2009-03-23,-25,0.03972584381699562
2009-04-29,inflation_assessment_shift,2009-03-24,-24,0.03657728433609009
2009-04-29,inflation_assessment_shift,2009-03-25,-23,0.036309417337179184
2009-04-29,inflation_assessment_shift,2009-03-26,-22,0.037649624049663544
2009-04-29,inflation_assessment_shift,2009-03-27,-21,0.0378761813044548
2009-04-29,inflation_assessment_shift,2009-03-30,-20,0.03723112493753433
2009-04-29,inflation_assessment_shift,2009-03-31,-19,0.03600271791219711
2009-04-29,inflation_assessment_shift,2009-04-01,-18,0.03495172783732414
2009-04-29,inflation_assessment_shift,2009-04-02,-17,0.033155761659145355
2009-04-29,inflation_assessment_shift,2009-04-03,-16,0.03487952798604965
2009-04-29,inflation_assessment_shift,2009-04-06,-15,0.03516627103090286
2009-04-29,inflation_assessment_shift,2009-04-07,-14,0.03491155058145523
2009-04-29,inflation_assessment_shift,2009-04-08,-13,0.03488022834062576
2009-04-29,inflation_assessment_shift,2009-04-09,-12,0.036698393523693085
2009-04-29,inflation_assessment_shift,2009-04-13,-11,0.03784889727830887
2009-04-29,inflation_assessment_shift,2009-04-14,-10,0.03508022055029869
2009-04-29,inflation_assessment_shift,2009-04-15,-9,0.035154104232788086
2009-04-29,inflation_assessment_shift,2009-04-16,-8,0.03046320378780365
2009-04-29,inflation_assessment_shift,2009-04-17,-7,0.03679347783327103
2009-04-29,inflation_assessment_shift,2009-04-20,-6,0.03197631984949112
2009-04-29,inflation_assessment_shift,2009-04-21,-5,0.030782969668507576
2009-04-29,inflation_assessment_shift,2009-04-22,-4,0.034422099590301514
2009-04-29,inflation_assessment_shift,2009-04-23,-3,0.03269084170460701
2009-04-29,inflation_assessment_shift,2009-04-24,-2,0.038832344114780426
2009-04-29,inflation_assessment_shift,2009-04-27,-1,0.03706028312444687
2009-04-29,inflation_assessment_shift,2009-04-28,0,0.03761079162359238
2009-04-29,inflation_risk_shift,2009-03-19,-27,0.03620396554470062
2009-04-29,inflation_risk_shift,2009-03-20,-26,0.037411827594041824
2009-04-29,inflation_risk_shift,2009-03-23,-25,0.039671316742897034
2009-04-29,inflation_risk_shift,2009-03-24,-24,0.03771764785051346
2009-04-29,inflation_risk_shift,2009-03-25,-23,0.03783882036805153
2009-04-29,inflation_risk_shift,2009-03-26,-22,0.04022262617945671
2009-04-29,inflation_risk_shift,2009-03-27,-21,0.036677442491054535
2009-04-29,inflation_risk_shift,2009-03-30,-20,0.036213941872119904
2009-04-29,inflation_risk_shift,2009-03-31,-19,0.0330183207988739
2009-04-29,inflation_risk_shift,2009-04-01,-18,0.03359261900186539
2009-04-29,inflation_risk_shift,2009-04-02,-17,0.03262797370553017
2009-04-29,inflation_risk_shift,2009-04-03,-16,0.03536266088485718
2009-04-29,inflation_risk_shift,2009-04-06,-15,0.03561805188655853
2009-04-29,inflation_risk_shift,2009-04-07,-14,0.03757024556398392
2009-04-29,inflation_risk_shift,2009-04-08,-13,0.037230484187603
2009-04-29,inflation_risk_shift,2009-04-09,-12,0.03579016774892807
2009-04-29,inflation_risk_shift,2009-04-13,-11,0.035971805453300476
2009-04-29,inflation_risk_shift,2009-04-14,-10,0.031613972038030624
2009-04-29,inflation_risk_shift,2009-04-15,-9,0.034797973930835724
2009-04-29,inflation_risk_shift,2009-04-16,-8,0.029618315398693085
2009-04-29,inflation_risk_shift,2009-04-17,-7,0.035391710698604584
2009-04-29,inflation_risk_shift,2009-04-20,-6,0.032577574253082275
2009-04-29,inflation_risk_shift,2009-04-21,-5,0.03129536658525467
2009-04-29,inflation_risk_shift,2009-04-22,-4,0.035738833248615265
2009-04-29,inflation_risk_shift,2009-04-23,-3,0.03293599188327789
2009-04-29,inflation_risk_shift,2009-04-24,-2,0.040237847715616226
2009-04-29,inflation_risk_shift,2009-04-27,-1,0.039460282772779465
2009-04-29,inflation_risk_shift,2009-04-28,0,0.03759225457906723
2009-04-29,unemployment_assessment_shift,2009-03-19,-27,0.037999801337718964
2009-04-29,unemployment_assessment_shift,2009-03-20,-26,0.03812391683459282
2009-04-29,unemployment_assessment_shift,2009-03-23,-25,0.04106450825929642
2009-04-29,unemployment_assessment_shift,2009-03-24,-24,0.03831646591424942
2009-04-29,unemployment_assessment_shift,2009-03-25,-23,0.03712751716375351
2009-04-29,unemployment_assessment_shift,2009-03-26,-22,0.04007650539278984
2009-04-29,unemployment_assessment_shift,2009-03-27,-21,0.037339236587285995
2009-04-29,unemployment_assessment_shift,2009-03-30,-20,0.036935847252607346
2009-04-29,unemployment_assessment_shift,2009-03-31,-19,0.0344524011015892
2009-04-29,unemployment_assessment_shift,2009-04-01,-18,0.0342688150703907
2009-04-29,unemployment_assessment_shift,2009-04-02,-17,0.032724760472774506
2009-04-29,unemployment_assessment_shift,2009-04-03,-16,0.03466522693634033
2009-04-29,unemployment_assessment_shift,2009-04-06,-15,0.03554654121398926
2009-04-29,unemployment_assessment_shift,2009-04-07,-14,0.03676091134548187
2009-04-29,unemployment_assessment_shift,2009-04-08,-13,0.03652547299861908
2009-04-29,unemployment_assessment_shift,2009-04-09,-12,0.03530992195010185
2009-04-29,unemployment_assessment_shift,2009-04-13,-11,0.0370834618806839
2009-04-29,unemployment_assessment_shift,2009-04-14,-10,0.03301248699426651
2009-04-29,unemployment_assessment_shift,2009-04-15,-9,0.03412384167313576
2009-04-29,unemployment_assessment_shift,2009-04-16,-8,0.02899918146431446
2009-04-29,unemployment_assessment_shift,2009-04-17,-7,0.03499618172645569
2009-04-29,unemployment_assessment_shift,2009-04-20,-6,0.033044107258319855
2009-04-29,unemployment_assessment_shift,2009-04-21,-5,0.030999429523944855
2009-04-29,unemployment_assessment_shift,2009-04-22,-4,0.03508799895644188
2009-04-29,unemployment_assessment_shift,2009-04-23,-3,0.03323885798454285
2009-04-29,unemployment_assessment_shift,2009-04-24,-2,0.03818359971046448
2009-04-29,unemployment_assessment_shift,2009-04-27,-1,0.038474757224321365
2009-04-29,unemployment_assessment_shift,2009-04-28,0,0.03551820293068886
2009-04-29,labor_market_risk_shift,2009-03-19,-27,0.0393783338367939
2009-04-29,labor_market_risk_shift,2009-03-20,-26,0.03902416676282883
2009-04-29,labor_market_risk_shift,2009-03-23,-25,0.04047402739524841
2009-04-29,labor_market_risk_shift,2009-03-24,-24,0.035825297236442566
2009-04-29,labor_market_risk_shift,2009-03-25,-23,0.03542676568031311
2009-04-29,labor_market_risk_shift,2009-03-26,-22,0.035252343863248825
2009-04-29,labor_market_risk_shift,2009-03-27,-21,0.03842667490243912
2009-04-29,labor_market_risk_shift,2009-03-30,-20,0.03754764422774315
2009-04-29,labor_market_risk_shift,2009-03-31,-19,0.03761716187000275
2009-04-29,labor_market_risk_shift,2009-04-01,-18,0.0355381965637207
2009-04-29,labor_market_risk_shift,2009-04-02,-17,0.033402182161808014
2009-04-29,labor_market_risk_shift,2009-04-03,-16,0.034664638340473175
2009-04-29,labor_market_risk_shift,2009-04-06,-15,0.0345749631524086
2009-04-29,labor_market_risk_shift,2009-04-07,-14,0.03289564698934555
2009-04-29,labor_market_risk_shift,2009-04-08,-13,0.03316034749150276
2009-04-29,labor_market_risk_shift,2009-04-09,-12,0.03770778700709343
2009-04-29,labor_market_risk_shift,2009-04-13,-11,0.03855668380856514
2009-04-29,labor_market_risk_shift,2009-04-14,-10,0.03779088333249092
2009-04-29,labor_market_risk_shift,2009-04-15,-9,0.03619757667183876
2009-04-29,labor_market_risk_shift,2009-04-16,-8,0.03171572834253311
2009-04-29,labor_market_risk_shift,2009-04-17,-7,0.03703060373663902
2009-04-29,labor_market_risk_shift,2009-04-20,-6,0.030226174741983414
2009-04-29,labor_market_risk_shift,2009-04-21,-5,0.03066376969218254
2009-04-29,labor_market_risk_shift,2009-04-22,-4,0.03302573040127754
2009-04-29,labor_market_risk_shift,2009-04-23,-3,0.03198281303048134
2009-04-29,labor_market_risk_shift,2009-04-24,-2,0.03836418688297272
2009-04-29,labor_market_risk_shift,2009-04-27,-1,0.03403310477733612
2009-04-29,labor_market_risk_shift,2009-04-28,0,0.039496585726737976
2009-04-29,growth_activity_shift,2009-03-19,-27,0.036045804619789124
2009-04-29,growth_activity_shift,2009-03-20,-26,0.03617939352989197
2009-04-29,growth_activity_shift,2009-03-23,-25,0.03875621780753136
2009-04-29,growth_activity_shift,2009-03-24,-24,0.03885310888290405
2009-04-29,growth_activity_shift,2009-03-25,-23,0.03850153088569641
2009-04-29,growth_activity_shift,2009-03-26,-22,0.042619042098522186
2009-04-29,growth_activity_shift,2009-03-27,-21,0.03673742711544037
2009-04-29,growth_activity_shift,2009-03-30,-20,0.03624461963772774
2009-04-29,growth_activity_shift,2009-03-31,-19,0.032056935131549835
2009-04-29,growth_activity_shift,2009-04-01,-18,0.03309270367026329
2009-04-29,growth_activity_shift,2009-04-02,-17,0.03248867765069008
2009-04-29,growth_activity_shift,2009-04-03,-16,0.03492787107825279
2009-04-29,growth_activity_shift,2009-04-06,-15,0.035592220723629
2009-04-29,growth_activity_shift,2009-04-07,-14,0.03960231691598892
2009-04-29,growth_activity_shift,2009-04-08,-13,0.039688870310783386
2009-04-29,growth_activity_shift,2009-04-09,-12,0.03497834876179695
2009-04-29,growth_activity_shift,2009-04-13,-11,0.035853344947099686
2009-04-29,growth_activity_shift,2009-04-14,-10,0.030108962208032608
2009-04-29,growth_activity_shift,2009-04-15,-9,0.03328655660152435
2009-04-29,growth_activity_shift,2009-04-16,-8,0.02816988155245781
2009-04-29,growth_activity_shift,2009-04-17,-7,0.034415870904922485
2009-04-29,growth_activity_shift,2009-04-20,-6,0.034157950431108475
2009-04-29,growth_activity_shift,2009-04-21,-5,0.03144436329603195
2009-04-29,growth_activity_shift,2009-04-22,-4,0.036643072962760925
2009-04-29,growth_activity_shift,2009-04-23,-3,0.033871572464704514
2009-04-29,growth_activity_shift,2009-04-24,-2,0.039378032088279724
2009-04-29,growth_activity_shift,2009-04-27,-1,0.04101066291332245
2009-04-29,growth_activity_shift,2009-04-28,0,0.035294633358716965
2009-04-29,financial_conditions_shift,2009-03-19,-27,0.03531936556100845
2009-04-29,financial_conditions_shift,2009-03-20,-26,0.03591519594192505
2009-04-29,financial_conditions_shift,2009-03-23,-25,0.03865308314561844
2009-04-29,financial_conditions_shift,2009-03-24,-24,0.03862113505601883
2009-04-29,financial_conditions_shift,2009-03-25,-23,0.03932732716202736
2009-04-29,financial_conditions_shift,2009-03-26,-22,0.04337913170456886
2009-04-29,financial_conditions_shift,2009-03-27,-21,0.03687725588679314
2009-04-29,financial_conditions_shift,2009-03-30,-20,0.03610716760158539
2009-04-29,financial_conditions_shift,2009-03-31,-19,0.0314766950905323
2009-04-29,financial_conditions_shift,2009-04-01,-18,0.032488301396369934
2009-04-29,financial_conditions_shift,2009-04-02,-17,0.03187995404005051
2009-04-29,financial_conditions_shift,2009-04-03,-16,0.03484388440847397
2009-04-29,financial_conditions_shift,2009-04-06,-15,0.035782407969236374
2009-04-29,financial_conditions_shift,2009-04-07,-14,0.040263582020998
2009-04-29,financial_conditions_shift,2009-04-08,-13,0.040125589817762375
2009-04-29,financial_conditions_shift,2009-04-09,-12,0.034799762070178986
2009-04-29,financial_conditions_shift,2009-04-13,-11,0.03555888682603836
2009-04-29,financial_conditions_shift,2009-04-14,-10,0.02941976860165596
2009-04-29,financial_conditions_shift,2009-04-15,-9,0.033114954829216
2009-04-29,financial_conditions_shift,2009-04-16,-8,0.027755536139011383
2009-04-29,financial_conditions_shift,2009-04-17,-7,0.03468276932835579
2009-04-29,financial_conditions_shift,2009-04-20,-6,0.03470864146947861
2009-04-29,financial_conditions_shift,2009-04-21,-5,0.03173329681158066
2009-04-29,financial_conditions_shift,2009-04-22,-4,0.03755366429686546
2009-04-29,financial_conditions_shift,2009-04-23,-3,0.03405587002635002
2009-04-29,financial_conditions_shift,2009-04-24,-2,0.03937234729528427
2009-04-29,financial_conditions_shift,2009-04-27,-1,0.04150514304637909
2009-04-29,financial_conditions_shift,2009-04-28,0,0.03467932343482971
2009-04-29,balance_sheet_policy_shift,2009-03-19,-27,0.0339396670460701
2009-04-29,balance_sheet_policy_shift,2009-03-20,-26,0.03462682664394379
2009-04-29,balance_sheet_policy_shift,2009-03-23,-25,0.03704551234841347
2009-04-29,balance_sheet_policy_shift,2009-03-24,-24,0.038957539945840836
2009-04-29,balance_sheet_policy_shift,2009-03-25,-23,0.039603110402822495
2009-04-29,balance_sheet_policy_shift,2009-03-26,-22,0.04447750002145767
2009-04-29,balance_sheet_policy_shift,2009-03-27,-21,0.03620179742574692
2009-04-29,balance_sheet_policy_shift,2009-03-30,-20,0.035538800060749054
2009-04-29,balance_sheet_policy_shift,2009-03-31,-19,0.030518990010023117
2009-04-29,balance_sheet_policy_shift,2009-04-01,-18,0.03226667270064354
2009-04-29,balance_sheet_policy_shift,2009-04-02,-17,0.032281648367643356
2009-04-29,balance_sheet_policy_shift,2009-04-03,-16,0.03500209003686905
2009-04-29,balance_sheet_policy_shift,2009-04-06,-15,0.03601465001702309
2009-04-29,balance_sheet_policy_shift,2009-04-07,-14,0.04191703721880913
2009-04-29,balance_sheet_policy_shift,2009-04-08,-13,0.041892677545547485
2009-04-29,balance_sheet_policy_shift,2009-04-09,-12,0.03382377326488495
2009-04-29,balance_sheet_policy_shift,2009-04-13,-11,0.03452925384044647
2009-04-29,balance_sheet_policy_shift,2009-04-14,-10,0.028171535581350327
2009-04-29,balance_sheet_policy_shift,2009-04-15,-9,0.03245776891708374
2009-04-29,balance_sheet_policy_shift,2009-04-16,-8,0.02784689888358116
2009-04-29,balance_sheet_policy_shift,2009-04-17,-7,0.033959969878196716
2009-04-29,balance_sheet_policy_shift,2009-04-20,-6,0.036801163107156754
2009-04-29,balance_sheet_policy_shift,2009-04-21,-5,0.032861072570085526
2009-04-29,balance_sheet_policy_shift,2009-04-22,-4,0.038805507123470306
2009-04-29,balance_sheet_policy_shift,2009-04-23,-3,0.034890204668045044
2009-04-29,balance_sheet_policy_shift,2009-04-24,-2,0.038821861147880554
2009-04-29,balance_sheet_policy_shift,2009-04-27,-1,0.04272277653217316
2009-04-29,balance_sheet_policy_shift,2009-04-28,0,0.034023676067590714
2009-04-29,risk_balance_shift,2009-03-19,-27,0.03750309348106384
2009-04-29,risk_balance_shift,2009-03-20,-26,0.03800442814826965
2009-04-29,risk_balance_shift,2009-03-23,-25,0.03938129544258118
2009-04-29,risk_balance_shift,2009-03-24,-24,0.03791852295398712
2009-04-29,risk_balance_shift,2009-03-25,-23,0.03681447356939316
2009-04-29,risk_balance_shift,2009-03-26,-22,0.037245407700538635
2009-04-29,risk_balance_shift,2009-03-27,-21,0.03703872114419937
2009-04-29,risk_balance_shift,2009-03-30,-20,0.03628974035382271
2009-04-29,risk_balance_shift,2009-03-31,-19,0.03550378978252411
2009-04-29,risk_balance_shift,2009-04-01,-18,0.03504195064306259
2009-04-29,risk_balance_shift,2009-04-02,-17,0.034110166132450104
2009-04-29,risk_balance_shift,2009-04-03,-16,0.03537634015083313
2009-04-29,risk_balance_shift,2009-04-06,-15,0.03549959138035774
2009-04-29,risk_balance_shift,2009-04-07,-14,0.034627094864845276
2009-04-29,risk_balance_shift,2009-04-08,-13,0.0347343310713768
2009-04-29,risk_balance_shift,2009-04-09,-12,0.03533943369984627
2009-04-29,risk_balance_shift,2009-04-13,-11,0.03638417646288872
2009-04-29,risk_balance_shift,2009-04-14,-10,0.0348845012485981
2009-04-29,risk_balance_shift,2009-04-15,-9,0.03423835337162018
2009-04-29,risk_balance_shift,2009-04-16,-8,0.031336262822151184
2009-04-29,risk_balance_shift,2009-04-17,-7,0.036410003900527954
2009-04-29,risk_balance_shift,2009-04-20,-6,0.03263179212808609
2009-04-29,risk_balance_shift,2009-04-21,-5,0.03211286664009094
2009-04-29,risk_balance_shift,2009-04-22,-4,0.03414050489664078
2009-04-29,risk_balance_shift,2009-04-23,-3,0.033739589154720306
2009-04-29,risk_balance_shift,2009-04-24,-2,0.03823181241750717
2009-04-29,risk_balance_shift,2009-04-27,-1,0.03755216300487518
2009-04-29,risk_balance_shift,2009-04-28,0,0.0379096195101738
2009-04-29,committee_dispersion,2009-03-19,-27,0.03746277093887329
2009-04-29,committee_dispersion,2009-03-20,-26,0.03709195926785469
2009-04-29,committee_dispersion,2009-03-23,-25,0.040338195860385895
2009-04-29,committee_dispersion,2009-03-24,-24,0.03657231107354164
2009-04-29,committee_dispersion,2009-03-25,-23,0.03734339401125908
2009-04-29,committee_dispersion,2009-03-26,-22,0.038609765470027924
2009-04-29,committee_dispersion,2009-03-27,-21,0.036547452211380005
2009-04-29,committee_dispersion,2009-03-30,-20,0.036289799958467484
2009-04-29,committee_dispersion,2009-03-31,-19,0.03362326696515083
2009-04-29,committee_dispersion,2009-04-01,-18,0.03387192636728287
2009-04-29,committee_dispersion,2009-04-02,-17,0.03211448714137077
2009-04-29,committee_dispersion,2009-04-03,-16,0.034885238856077194
2009-04-29,committee_dispersion,2009-04-06,-15,0.034903157502412796
2009-04-29,committee_dispersion,2009-04-07,-14,0.03672855347394943
2009-04-29,committee_dispersion,2009-04-08,-13,0.035807326436042786
2009-04-29,committee_dispersion,2009-04-09,-12,0.035348642617464066
2009-04-29,committee_dispersion,2009-04-13,-11,0.03677220642566681
2009-04-29,committee_dispersion,2009-04-14,-10,0.03250746428966522
2009-04-29,committee_dispersion,2009-04-15,-9,0.03497442603111267
2009-04-29,committee_dispersion,2009-04-16,-8,0.02866712585091591
2009-04-29,committee_dispersion,2009-04-17,-7,0.03688598796725273
2009-04-29,committee_dispersion,2009-04-20,-6,0.03271229565143585
2009-04-29,committee_dispersion,2009-04-21,-5,0.031303539872169495
2009-04-29,committee_dispersion,2009-04-22,-4,0.03638552501797676
2009-04-29,committee_dispersion,2009-04-23,-3,0.03253353759646416
2009-04-29,committee_dispersion,2009-04-24,-2,0.04089013859629631
2009-04-29,committee_dispersion,2009-04-27,-1,0.03901233524084091
2009-04-29,committee_dispersion,2009-04-28,0,0.03981716185808182
2009-04-29,policy_uncertainty,2009-03-19,-27,0.03633105382323265
2009-04-29,policy_uncertainty,2009-03-20,-26,0.03701161593198776
2009-04-29,policy_uncertainty,2009-03-23,-25,0.03980812802910805
2009-04-29,policy_uncertainty,2009-03-24,-24,0.03772178292274475
2009-04-29,policy_uncertainty,2009-03-25,-23,0.038805242627859116
2009-04-29,policy_uncertainty,2009-03-26,-22,0.04113982245326042
2009-04-29,policy_uncertainty,2009-03-27,-21,0.03725319728255272
2009-04-29,policy_uncertainty,2009-03-30,-20,0.03647076338529587
2009-04-29,policy_uncertainty,2009-03-31,-19,0.03285931050777435
2009-04-29,policy_uncertainty,2009-04-01,-18,0.03302816301584244
2009-04-29,policy_uncertainty,2009-04-02,-17,0.031834956258535385
2009-04-29,policy_uncertainty,2009-04-03,-16,0.034825362265110016
2009-04-29,policy_uncertainty,2009-04-06,-15,0.035206303000450134
2009-04-29,policy_uncertainty,2009-04-07,-14,0.03841809183359146
2009-04-29,policy_uncertainty,2009-04-08,-13,0.03794136643409729
2009-04-29,policy_uncertainty,2009-04-09,-12,0.03576092794537544
2009-04-29,policy_uncertainty,2009-04-13,-11,0.036189015954732895
2009-04-29,policy_uncertainty,2009-04-14,-10,0.0310983844101429
2009-04-29,policy_uncertainty,2009-04-15,-9,0.03411377966403961
2009-04-29,policy_uncertainty,2009-04-16,-8,0.027939477935433388
2009-04-29,policy_uncertainty,2009-04-17,-7,0.03551756963133812
2009-04-29,policy_uncertainty,2009-04-20,-6,0.03306473791599274
2009-04-29,policy_uncertainty,2009-04-21,-5,0.03093181923031807
2009-04-29,policy_uncertainty,2009-04-22,-4,0.036564406007528305
2009-04-29,policy_uncertainty,2009-04-23,-3,0.032555487006902695
2009-04-29,policy_uncertainty,2009-04-24,-2,0.03992072492837906
2009-04-29,policy_uncertainty,2009-04-27,-1,0.03973165899515152
2009-04-29,policy_uncertainty,2009-04-28,0,0.0379568450152874
2009-04-29,forward_guidance_strength,2009-03-19,-27,0.03473590314388275
2009-04-29,forward_guidance_strength,2009-03-20,-26,0.03542982414364815
2009-04-29,forward_guidance_strength,2009-03-23,-25,0.038046665489673615
2009-04-29,forward_guidance_strength,2009-03-24,-24,0.03767586499452591
2009-04-29,forward_guidance_strength,2009-03-25,-23,0.0387275256216526
2009-04-29,forward_guidance_strength,2009-03-26,-22,0.042878687381744385
2009-04-29,forward_guidance_strength,2009-03-27,-21,0.037022240459918976
2009-04-29,forward_guidance_strength,2009-03-30,-20,0.03604022413492203
2009-04-29,forward_guidance_strength,2009-03-31,-19,0.03198612853884697
2009-04-29,forward_guidance_strength,2009-04-01,-18,0.03254108130931854
2009-04-29,forward_guidance_strength,2009-04-02,-17,0.03180817514657974
2009-04-29,forward_guidance_strength,2009-04-03,-16,0.03482239320874214
2009-04-29,forward_guidance_strength,2009-04-06,-15,0.03581381216645241
2009-04-29,forward_guidance_strength,2009-04-07,-14,0.04014330729842186
2009-04-29,forward_guidance_strength,2009-04-08,-13,0.03987130522727966
2009-04-29,forward_guidance_strength,2009-04-09,-12,0.034978609532117844
2009-04-29,forward_guidance_strength,2009-04-13,-11,0.035944897681474686
2009-04-29,forward_guidance_strength,2009-04-14,-10,0.029658745974302292
2009-04-29,forward_guidance_strength,2009-04-15,-9,0.03296174108982086
2009-04-29,forward_guidance_strength,2009-04-16,-8,0.028095155954360962
2009-04-29,forward_guidance_strength,2009-04-17,-7,0.034575797617435455
2009-04-29,forward_guidance_strength,2009-04-20,-6,0.034843072295188904
2009-04-29,forward_guidance_strength,2009-04-21,-5,0.031985439360141754
2009-04-29,forward_guidance_strength,2009-04-22,-4,0.03794436901807785
2009-04-29,forward_guidance_strength,2009-04-23,-3,0.034414950758218765
2009-04-29,forward_guidance_strength,2009-04-24,-2,0.03921739384531975
2009-04-29,forward_guidance_strength,2009-04-27,-1,0.04164864122867584
2009-04-29,forward_guidance_strength,2009-04-28,0,0.03618805110454559
2009-06-24,rate_decision,2009-04-30,-37,0.022522950544953346
2009-06-24,rate_decision,2009-05-01,-36,0.02280985191464424
2009-06-24,rate_decision,2009-05-04,-35,0.027448615059256554
2009-06-24,rate_decision,2009-05-05,-34,0.02359694615006447
2009-06-24,rate_decision,2009-05-06,-33,0.021268712356686592
2009-06-24,rate_decision,2009-05-07,-32,0.021300410851836205
2009-06-24,rate_decision,2009-05-08,-31,0.02392023429274559
2009-06-24,rate_decision,2009-05-11,-30,0.02482840046286583
2009-06-24,rate_decision,2009-05-12,-29,0.026225043460726738
2009-06-24,rate_decision,2009-05-13,-28,0.02734920009970665
2009-06-24,rate_decision,2009-05-14,-27,0.024590754881501198
2009-06-24,rate_decision,2009-05-15,-26,0.021101806312799454
2009-06-24,rate_decision,2009-05-18,-25,0.022318067029118538
2009-06-24,rate_decision,2009-05-19,-24,0.023661818355321884
2009-06-24,rate_decision,2009-05-20,-23,0.0225051362067461
2009-06-24,rate_decision,2009-05-21,-22,0.02286386676132679
2009-06-24,rate_decision,2009-05-22,-21,0.023761041462421417
2009-06-24,rate_decision,2009-05-26,-20,0.02321789041161537
2009-06-24,rate_decision,2009-05-27,-19,0.02636004239320755
2009-06-24,rate_decision,2009-05-28,-18,0.026036003604531288
2009-06-24,rate_decision,2009-05-29,-17,0.02565724030137062
2009-06-24,rate_decision,2009-06-01,-16,0.029084501788020134
2009-06-24,rate_decision,2009-06-02,-15,0.032783087342977524
2009-06-24,rate_decision,2009-06-03,-14,0.02600858360528946
2009-06-24,rate_decision,2009-06-04,-13,0.02473965846002102
2009-06-24,rate_decision,2009-06-05,-12,0.027809876948595047
2009-06-24,rate_decision,2009-06-08,-11,0.028756964951753616
2009-06-24,rate_decision,2009-06-09,-10,0.026888476684689522
2009-06-24,rate_decision,2009-06-10,-9,0.02682996168732643
2009-06-24,rate_decision,2009-06-11,-8,0.02855098806321621
2009-06-24,rate_decision,2009-06-12,-7,0.03241247683763504
2009-06-24,rate_decision,2009-06-15,-6,0.030906517058610916
2009-06-24,rate_decision,2009-06-16,-5,0.02943047508597374
2009-06-24,rate_decision,2009-06-17,-4,0.02736831083893776
2009-06-24,rate_decision,2009-06-18,-3,0.029079440981149673
2009-06-24,rate_decision,2009-06-19,-2,0.03349057585000992
2009-06-24,rate_decision,2009-06-22,-1,0.03221958130598068
2009-06-24,rate_decision,2009-06-23,0,0.03029647469520569
2009-06-24,current_policy_stance,2009-04-30,-37,0.028824936598539352
2009-06-24,current_policy_stance,2009-05-01,-36,0.0268327035009861
2009-06-24,current_policy_stance,2009-05-04,-35,0.030966725200414658
2009-06-24,current_policy_stance,2009-05-05,-34,0.02555233985185623
2009-06-24,current_policy_stance,2009-05-06,-33,0.026101993396878242
2009-06-24,current_policy_stance,2009-05-07,-32,0.028674740344285965
2009-06-24,current_policy_stance,2009-05-08,-31,0.02424367517232895
2009-06-24,current_policy_stance,2009-05-11,-30,0.02422616258263588
2009-06-24,current_policy_stance,2009-05-12,-29,0.031874336302280426
2009-06-24,current_policy_stance,2009-05-13,-28,0.034092068672180176
2009-06-24,current_policy_stance,2009-05-14,-27,0.030394461005926132
2009-06-24,current_policy_stance,2009-05-15,-26,0.02367158979177475
2009-06-24,current_policy_stance,2009-05-18,-25,0.028186269104480743
2009-06-24,current_policy_stance,2009-05-19,-24,0.025505414232611656
2009-06-24,current_policy_stance,2009-05-20,-23,0.02527274750173092
2009-06-24,current_policy_stance,2009-05-21,-22,0.025821197777986526
2009-06-24,current_policy_stance,2009-05-22,-21,0.022634126245975494
2009-06-24,current_policy_stance,2009-05-26,-20,0.02114799991250038
2009-06-24,current_policy_stance,2009-05-27,-19,0.022900082170963287
2009-06-24,current_policy_stance,2009-05-28,-18,0.020540347322821617
2009-06-24,current_policy_stance,2009-05-29,-17,0.021349076181650162
2009-06-24,current_policy_stance,2009-06-01,-16,0.027685757726430893
2009-06-24,current_policy_stance,2009-06-02,-15,0.029083548113703728
2009-06-24,current_policy_stance,2009-06-03,-14,0.027785668149590492
2009-06-24,current_policy_stance,2009-06-04,-13,0.022143281996250153
2009-06-24,current_policy_stance,2009-06-05,-12,0.024203991517424583
2009-06-24,current_policy_stance,2009-06-08,-11,0.022615816444158554
2009-06-24,current_policy_stance,2009-06-09,-10,0.022148679941892624
2009-06-24,current_policy_stance,2009-06-10,-9,0.022008933126926422
2009-06-24,current_policy_stance,2009-06-11,-8,0.021921876817941666
2009-06-24,current_policy_stance,2009-06-12,-7,0.02615046501159668
2009-06-24,current_policy_stance,2009-06-15,-6,0.030761530622839928
2009-06-24,current_policy_stance,2009-06-16,-5,0.030438806861639023
2009-06-24,current_policy_stance,2009-06-17,-4,0.02838067337870598
2009-06-24,current_policy_stance,2009-06-18,-3,0.02900014817714691
2009-06-24,current_policy_stance,2009-06-19,-2,0.027760162949562073
2009-06-24,current_policy_stance,2009-06-22,-1,0.029888290911912918
2009-06-24,current_policy_stance,2009-06-23,0,0.029209373518824577
2009-06-24,policy_stance_shift,2009-04-30,-37,0.022462189197540283
2009-06-24,policy_stance_shift,2009-05-01,-36,0.02539858967065811
2009-06-24,policy_stance_shift,2009-05-04,-35,0.02541922777891159
2009-06-24,policy_stance_shift,2009-05-05,-34,0.024569228291511536
2009-06-24,policy_stance_shift,2009-05-06,-33,0.025488585233688354
2009-06-24,policy_stance_shift,2009-05-07,-32,0.02470291405916214
2009-06-24,policy_stance_shift,2009-05-08,-31,0.025415413081645966
2009-06-24,policy_stance_shift,2009-05-11,-30,0.024999070912599564
2009-06-24,policy_stance_shift,2009-05-12,-29,0.026946481317281723
2009-06-24,policy_stance_shift,2009-05-13,-28,0.026522032916545868
2009-06-24,policy_stance_shift,2009-05-14,-27,0.026080939918756485
2009-06-24,policy_stance_shift,2009-05-15,-26,0.023438818752765656
2009-06-24,policy_stance_shift,2009-05-18,-25,0.022492222487926483
2009-06-24,policy_stance_shift,2009-05-19,-24,0.022988956421613693
2009-06-24,policy_stance_shift,2009-05-20,-23,0.022670192644000053
2009-06-24,policy_stance_shift,2009-05-21,-22,0.023180019110441208
2009-06-24,policy_stance_shift,2009-05-22,-21,0.02337970957159996
2009-06-24,policy_stance_shift,2009-05-26,-20,0.02595743164420128
2009-06-24,policy_stance_shift,2009-05-27,-19,0.02519236132502556
2009-06-24,policy_stance_shift,2009-05-28,-18,0.026050060987472534
2009-06-24,policy_stance_shift,2009-05-29,-17,0.026808597147464752
2009-06-24,policy_stance_shift,2009-06-01,-16,0.026270361617207527
2009-06-24,policy_stance_shift,2009-06-02,-15,0.02620050683617592
2009-06-24,policy_stance_shift,2009-06-03,-14,0.027958398684859276
2009-06-24,policy_stance_shift,2009-06-04,-13,0.02565198764204979
2009-06-24,policy_stance_shift,2009-06-05,-12,0.024384377524256706
2009-06-24,policy_stance_shift,2009-06-08,-11,0.02649533376097679
2009-06-24,policy_stance_shift,2009-06-09,-10,0.02700158581137657
2009-06-24,policy_stance_shift,2009-06-10,-9,0.02720170095562935
2009-06-24,policy_stance_shift,2009-06-11,-8,0.026486439630389214
2009-06-24,policy_stance_shift,2009-06-12,-7,0.028005314990878105
2009-06-24,policy_stance_shift,2009-06-15,-6,0.02954121306538582
2009-06-24,policy_stance_shift,2009-06-16,-5,0.03097967803478241
2009-06-24,policy_stance_shift,2009-06-17,-4,0.028828632086515427
2009-06-24,policy_stance_shift,2009-06-18,-3,0.03207658231258392
2009-06-24,policy_stance_shift,2009-06-19,-2,0.03092886693775654
2009-06-24,policy_stance_shift,2009-06-22,-1,0.031030744314193726
2009-06-24,policy_stance_shift,2009-06-23,0,0.030795201659202576
2009-06-24,expected_rate_path_shift,2009-04-30,-37,0.02231520414352417
2009-06-24,expected_rate_path_shift,2009-05-01,-36,0.025362756103277206
2009-06-24,expected_rate_path_shift,2009-05-04,-35,0.02513958141207695
2009-06-24,expected_rate_path_shift,2009-05-05,-34,0.024053014814853668
2009-06-24,expected_rate_path_shift,2009-05-06,-33,0.024192582815885544
2009-06-24,expected_rate_path_shift,2009-05-07,-32,0.024819454178214073
2009-06-24,expected_rate_path_shift,2009-05-08,-31,0.025539349764585495
2009-06-24,expected_rate_path_shift,2009-05-11,-30,0.02497006766498089
2009-06-24,expected_rate_path_shift,2009-05-12,-29,0.027747534215450287
2009-06-24,expected_rate_path_shift,2009-05-13,-28,0.02716786414384842
2009-06-24,expected_rate_path_shift,2009-05-14,-27,0.026928551495075226
2009-06-24,expected_rate_path_shift,2009-05-15,-26,0.023679792881011963
2009-06-24,expected_rate_path_shift,2009-05-18,-25,0.022642437368631363
2009-06-24,expected_rate_path_shift,2009-05-19,-24,0.022905662655830383
2009-06-24,expected_rate_path_shift,2009-05-20,-23,0.02173796482384205
2009-06-24,expected_rate_path_shift,2009-05-21,-22,0.022761214524507523
2009-06-24,expected_rate_path_shift,2009-05-22,-21,0.023133186623454094
2009-06-24,expected_rate_path_shift,2009-05-26,-20,0.025330830365419388
2009-06-24,expected_rate_path_shift,2009-05-27,-19,0.02525845728814602
2009-06-24,expected_rate_path_shift,2009-05-28,-18,0.025473013520240784
2009-06-24,expected_rate_path_shift,2009-05-29,-17,0.02573324553668499
2009-06-24,expected_rate_path_shift,2009-06-01,-16,0.025925178080797195
2009-06-24,expected_rate_path_shift,2009-06-02,-15,0.025119738653302193
2009-06-24,expected_rate_path_shift,2009-06-03,-14,0.026837727054953575
2009-06-24,expected_rate_path_shift,2009-06-04,-13,0.024303341284394264
2009-06-24,expected_rate_path_shift,2009-06-05,-12,0.023472927510738373
2009-06-24,expected_rate_path_shift,2009-06-08,-11,0.025893069803714752
2009-06-24,expected_rate_path_shift,2009-06-09,-10,0.02621132880449295
2009-06-24,expected_rate_path_shift,2009-06-10,-9,0.027063583955168724
2009-06-24,expected_rate_path_shift,2009-06-11,-8,0.0261808093637228
2009-06-24,expected_rate_path_shift,2009-06-12,-7,0.028547776862978935
2009-06-24,expected_rate_path_shift,2009-06-15,-6,0.03018234483897686
2009-06-24,expected_rate_path_shift,2009-06-16,-5,0.031918738037347794
2009-06-24,expected_rate_path_shift,2009-06-17,-4,0.03045143559575081
2009-06-24,expected_rate_path_shift,2009-06-18,-3,0.03434620425105095
2009-06-24,expected_rate_path_shift,2009-06-19,-2,0.03152424469590187
2009-06-24,expected_rate_path_shift,2009-06-22,-1,0.03255269303917885
2009-06-24,expected_rate_path_shift,2009-06-23,0,0.032577116042375565
2009-06-24,inflation_assessment_shift,2009-04-30,-37,0.02119084633886814
2009-06-24,inflation_assessment_shift,2009-05-01,-36,0.024336015805602074
2009-06-24,inflation_assessment_shift,2009-05-04,-35,0.02323223650455475
2009-06-24,inflation_assessment_shift,2009-05-05,-34,0.024936093017458916
2009-06-24,inflation_assessment_shift,2009-05-06,-33,0.02378237433731556
2009-06-24,inflation_assessment_shift,2009-05-07,-32,0.022349318489432335
2009-06-24,inflation_assessment_shift,2009-05-08,-31,0.02679894119501114
2009-06-24,inflation_assessment_shift,2009-05-11,-30,0.026082191616296768
2009-06-24,inflation_assessment_shift,2009-05-12,-29,0.02363949455320835
2009-06-24,inflation_assessment_shift,2009-05-13,-28,0.022644352167844772
2009-06-24,inflation_assessment_shift,2009-05-14,-27,0.0237371027469635
2009-06-24,inflation_assessment_shift,2009-05-15,-26,0.023928044363856316
2009-06-24,inflation_assessment_shift,2009-05-18,-25,0.021500440314412117
2009-06-24,inflation_assessment_shift,2009-05-19,-24,0.02356049045920372
2009-06-24,inflation_assessment_shift,2009-05-20,-23,0.022799106314778328
2009-06-24,inflation_assessment_shift,2009-05-21,-22,0.023100055754184723
2009-06-24,inflation_assessment_shift,2009-05-22,-21,0.025273162871599197
2009-06-24,inflation_assessment_shift,2009-05-26,-20,0.0294937863945961
2009-06-24,inflation_assessment_shift,2009-05-27,-19,0.027057917788624763
2009-06-24,inflation_assessment_shift,2009-05-28,-18,0.030648116022348404
2009-06-24,inflation_assessment_shift,2009-05-29,-17,0.030308429151773453
2009-06-24,inflation_assessment_shift,2009-06-01,-16,0.02495085820555687
2009-06-24,inflation_assessment_shift,2009-06-02,-15,0.02490996941924095
2009-06-24,inflation_assessment_shift,2009-06-03,-14,0.027463192120194435
2009-06-24,inflation_assessment_shift,2009-06-04,-13,0.027048788964748383
2009-06-24,inflation_assessment_shift,2009-06-05,-12,0.025585515424609184
2009-06-24,inflation_assessment_shift,2009-06-08,-11,0.028852729126811028
2009-06-24,inflation_assessment_shift,2009-06-09,-10,0.028743870556354523
2009-06-24,inflation_assessment_shift,2009-06-10,-9,0.029243919998407364
2009-06-24,inflation_assessment_shift,2009-06-11,-8,0.029848402366042137
2009-06-24,inflation_assessment_shift,2009-06-12,-7,0.02901359274983406
2009-06-24,inflation_assessment_shift,2009-06-15,-6,0.02712170034646988
2009-06-24,inflation_assessment_shift,2009-06-16,-5,0.02867044135928154
2009-06-24,inflation_assessment_shift,2009-06-17,-4,0.02730843424797058
2009-06-24,inflation_assessment_shift,2009-06-18,-3,0.030808869749307632
2009-06-24,inflation_assessment_shift,2009-06-19,-2,0.030852660536766052
2009-06-24,inflation_assessment_shift,2009-06-22,-1,0.029741410166025162
2009-06-24,inflation_assessment_shift,2009-06-23,0,0.029437128454446793
2009-06-24,inflation_risk_shift,2009-04-30,-37,0.02114999108016491
2009-06-24,inflation_risk_shift,2009-05-01,-36,0.025386512279510498
2009-06-24,inflation_risk_shift,2009-05-04,-35,0.024688992649316788
2009-06-24,inflation_risk_shift,2009-05-05,-34,0.024373533204197884
2009-06-24,inflation_risk_shift,2009-05-06,-33,0.025225024670362473
2009-06-24,inflation_risk_shift,2009-05-07,-32,0.025294916704297066
2009-06-24,inflation_risk_shift,2009-05-08,-31,0.02688564918935299
2009-06-24,inflation_risk_shift,2009-05-11,-30,0.026148028671741486
2009-06-24,inflation_risk_shift,2009-05-12,-29,0.02663830853998661
2009-06-24,inflation_risk_shift,2009-05-13,-28,0.025668499991297722
2009-06-24,inflation_risk_shift,2009-05-14,-27,0.025854380801320076
2009-06-24,inflation_risk_shift,2009-05-15,-26,0.025077074766159058
2009-06-24,inflation_risk_shift,2009-05-18,-25,0.022754909470677376
2009-06-24,inflation_risk_shift,2009-05-19,-24,0.022618992254137993
2009-06-24,inflation_risk_shift,2009-05-20,-23,0.021683868020772934
2009-06-24,inflation_risk_shift,2009-05-21,-22,0.02233252115547657
2009-06-24,inflation_risk_shift,2009-05-22,-21,0.02312118373811245
2009-06-24,inflation_risk_shift,2009-05-26,-20,0.026347387582063675
2009-06-24,inflation_risk_shift,2009-05-27,-19,0.02533642016351223
2009-06-24,inflation_risk_shift,2009-05-28,-18,0.026666957885026932
2009-06-24,inflation_risk_shift,2009-05-29,-17,0.026775559410452843
2009-06-24,inflation_risk_shift,2009-06-01,-16,0.025729497894644737
2009-06-24,inflation_risk_shift,2009-06-02,-15,0.02472756616771221
2009-06-24,inflation_risk_shift,2009-06-03,-14,0.025889359414577484
2009-06-24,inflation_risk_shift,2009-06-04,-13,0.025627437978982925
2009-06-24,inflation_risk_shift,2009-06-05,-12,0.02434687316417694
2009-06-24,inflation_risk_shift,2009-06-08,-11,0.027068881317973137
2009-06-24,inflation_risk_shift,2009-06-09,-10,0.027212519198656082
2009-06-24,inflation_risk_shift,2009-06-10,-9,0.02880403771996498
2009-06-24,inflation_risk_shift,2009-06-11,-8,0.02808176726102829
2009-06-24,inflation_risk_shift,2009-06-12,-7,0.02836504578590393
2009-06-24,inflation_risk_shift,2009-06-15,-6,0.028453830629587173
2009-06-24,inflation_risk_shift,2009-06-16,-5,0.02984539419412613
2009-06-24,inflation_risk_shift,2009-06-17,-4,0.02905929833650589
2009-06-24,inflation_risk_shift,2009-06-18,-3,0.033047620207071304
2009-06-24,inflation_risk_shift,2009-06-19,-2,0.031367428600788116
2009-06-24,inflation_risk_shift,2009-06-22,-1,0.030619554221630096
2009-06-24,inflation_risk_shift,2009-06-23,0,0.031725190579891205
2009-06-24,unemployment_assessment_shift,2009-04-30,-37,0.026834141463041306
2009-06-24,unemployment_assessment_shift,2009-05-01,-36,0.026086514815688133
2009-06-24,unemployment_assessment_shift,2009-05-04,-35,0.029356591403484344
2009-06-24,unemployment_assessment_shift,2009-05-05,-34,0.024053115397691727
2009-06-24,unemployment_assessment_shift,2009-05-06,-33,0.025078443810343742
2009-06-24,unemployment_assessment_shift,2009-05-07,-32,0.026141559705138206
2009-06-24,unemployment_assessment_shift,2009-05-08,-31,0.02387295290827751
2009-06-24,unemployment_assessment_shift,2009-05-11,-30,0.023607447743415833
2009-06-24,unemployment_assessment_shift,2009-05-12,-29,0.03044990263879299
2009-06-24,unemployment_assessment_shift,2009-05-13,-28,0.03265255317091942
2009-06-24,unemployment_assessment_shift,2009-05-14,-27,0.029540784657001495
2009-06-24,unemployment_assessment_shift,2009-05-15,-26,0.022796792909502983
2009-06-24,unemployment_assessment_shift,2009-05-18,-25,0.025860730558633804
2009-06-24,unemployment_assessment_shift,2009-05-19,-24,0.024550922214984894
2009-06-24,unemployment_assessment_shift,2009-05-20,-23,0.02421354316174984
2009-06-24,unemployment_assessment_shift,2009-05-21,-22,0.024564571678638458
2009-06-24,unemployment_assessment_shift,2009-05-22,-21,0.02202078327536583
2009-06-24,unemployment_assessment_shift,2009-05-26,-20,0.021743113175034523
2009-06-24,unemployment_assessment_shift,2009-05-27,-19,0.023434214293956757
2009-06-24,unemployment_assessment_shift,2009-05-28,-18,0.021745124831795692
2009-06-24,unemployment_assessment_shift,2009-05-29,-17,0.02263251692056656
2009-06-24,unemployment_assessment_shift,2009-06-01,-16,0.027350518852472305
2009-06-24,unemployment_assessment_shift,2009-06-02,-15,0.02868068218231201
2009-06-24,unemployment_assessment_shift,2009-06-03,-14,0.028247419744729996
2009-06-24,unemployment_assessment_shift,2009-06-04,-13,0.022935617715120316
2009-06-24,unemployment_assessment_shift,2009-06-05,-12,0.02382873184978962
2009-06-24,unemployment_assessment_shift,2009-06-08,-11,0.02327456697821617
2009-06-24,unemployment_assessment_shift,2009-06-09,-10,0.023067161440849304
2009-06-24,unemployment_assessment_shift,2009-06-10,-9,0.0226697139441967
2009-06-24,unemployment_assessment_shift,2009-06-11,-8,0.022924628108739853
2009-06-24,unemployment_assessment_shift,2009-06-12,-7,0.027264179661870003
2009-06-24,unemployment_assessment_shift,2009-06-15,-6,0.03171386942267418
2009-06-24,unemployment_assessment_shift,2009-06-16,-5,0.03206200152635574
2009-06-24,unemployment_assessment_shift,2009-06-17,-4,0.02969685196876526
2009-06-24,unemployment_assessment_shift,2009-06-18,-3,0.030922185629606247
2009-06-24,unemployment_assessment_shift,2009-06-19,-2,0.03022146224975586
2009-06-24,unemployment_assessment_shift,2009-06-22,-1,0.032476864755153656
2009-06-24,unemployment_assessment_shift,2009-06-23,0,0.031427234411239624
2009-06-24,labor_market_risk_shift,2009-04-30,-37,0.025417596101760864
2009-06-24,labor_market_risk_shift,2009-05-01,-36,0.025669042021036148
2009-06-24,labor_market_risk_shift,2009-05-04,-35,0.02841523475944996
2009-06-24,labor_market_risk_shift,2009-05-05,-34,0.024241194128990173
2009-06-24,labor_market_risk_shift,2009-05-06,-33,0.024456560611724854
2009-06-24,labor_market_risk_shift,2009-05-07,-32,0.025457944720983505
2009-06-24,labor_market_risk_shift,2009-05-08,-31,0.024923544377088547
2009-06-24,labor_market_risk_shift,2009-05-11,-30,0.024599093943834305
2009-06-24,labor_market_risk_shift,2009-05-12,-29,0.031535230576992035
2009-06-24,labor_market_risk_shift,2009-05-13,-28,0.032178085297346115
2009-06-24,labor_market_risk_shift,2009-05-14,-27,0.02956867218017578
2009-06-24,labor_market_risk_shift,2009-05-15,-26,0.02253546193242073
2009-06-24,labor_market_risk_shift,2009-05-18,-25,0.024812662973999977
2009-06-24,labor_market_risk_shift,2009-05-19,-24,0.02390568144619465
2009-06-24,labor_market_risk_shift,2009-05-20,-23,0.023426249623298645
2009-06-24,labor_market_risk_shift,2009-05-21,-22,0.02399960532784462
2009-06-24,labor_market_risk_shift,2009-05-22,-21,0.021637991070747375
2009-06-24,labor_market_risk_shift,2009-05-26,-20,0.02152135595679283
2009-06-24,labor_market_risk_shift,2009-05-27,-19,0.023162005469202995
2009-06-24,labor_market_risk_shift,2009-05-28,-18,0.021940847858786583
2009-06-24,labor_market_risk_shift,2009-05-29,-17,0.023079870268702507
2009-06-24,labor_market_risk_shift,2009-06-01,-16,0.027012575417757034
2009-06-24,labor_market_risk_shift,2009-06-02,-15,0.027472060173749924
2009-06-24,labor_market_risk_shift,2009-06-03,-14,0.027878470718860626
2009-06-24,labor_market_risk_shift,2009-06-04,-13,0.02240028604865074
2009-06-24,labor_market_risk_shift,2009-06-05,-12,0.02316366881132126
2009-06-24,labor_market_risk_shift,2009-06-08,-11,0.02336941473186016
2009-06-24,labor_market_risk_shift,2009-06-09,-10,0.023091889917850494
2009-06-24,labor_market_risk_shift,2009-06-10,-9,0.023173538967967033
2009-06-24,labor_market_risk_shift,2009-06-11,-8,0.02356661483645439
2009-06-24,labor_market_risk_shift,2009-06-12,-7,0.027908403426408768
2009-06-24,labor_market_risk_shift,2009-06-15,-6,0.03228602930903435
2009-06-24,labor_market_risk_shift,2009-06-16,-5,0.032651714980602264
2009-06-24,labor_market_risk_shift,2009-06-17,-4,0.03049677237868309
2009-06-24,labor_market_risk_shift,2009-06-18,-3,0.03224781155586243
2009-06-24,labor_market_risk_shift,2009-06-19,-2,0.031072989106178284
2009-06-24,labor_market_risk_shift,2009-06-22,-1,0.033205945044755936
2009-06-24,labor_market_risk_shift,2009-06-23,0,0.03251790255308151
2009-06-24,growth_activity_shift,2009-04-30,-37,0.021255120635032654
2009-06-24,growth_activity_shift,2009-05-01,-36,0.025213943794369698
2009-06-24,growth_activity_shift,2009-05-04,-35,0.02214251086115837
2009-06-24,growth_activity_shift,2009-05-05,-34,0.024847306311130524
2009-06-24,growth_activity_shift,2009-05-06,-33,0.02493925206363201
2009-06-24,growth_activity_shift,2009-05-07,-32,0.022611739113926888
2009-06-24,growth_activity_shift,2009-05-08,-31,0.026939891278743744
2009-06-24,growth_activity_shift,2009-05-11,-30,0.027584314346313477
2009-06-24,growth_activity_shift,2009-05-12,-29,0.023234255611896515
2009-06-24,growth_activity_shift,2009-05-13,-28,0.02151099033653736
2009-06-24,growth_activity_shift,2009-05-14,-27,0.023374605923891068
2009-06-24,growth_activity_shift,2009-05-15,-26,0.02670498937368393
2009-06-24,growth_activity_shift,2009-05-18,-25,0.02162131294608116
2009-06-24,growth_activity_shift,2009-05-19,-24,0.023802947252988815
2009-06-24,growth_activity_shift,2009-05-20,-23,0.023179490119218826
2009-06-24,growth_activity_shift,2009-05-21,-22,0.02316608652472496
2009-06-24,growth_activity_shift,2009-05-22,-21,0.026000693440437317
2009-06-24,growth_activity_shift,2009-05-26,-20,0.029848352074623108
2009-06-24,growth_activity_shift,2009-05-27,-19,0.027302436530590057
2009-06-24,growth_activity_shift,2009-05-28,-18,0.032195817679166794
2009-06-24,growth_activity_shift,2009-05-29,-17,0.032065585255622864
2009-06-24,growth_activity_shift,2009-06-01,-16,0.02417076751589775
2009-06-24,growth_activity_shift,2009-06-02,-15,0.02331809140741825
2009-06-24,growth_activity_shift,2009-06-03,-14,0.026126857846975327
2009-06-24,growth_activity_shift,2009-06-04,-13,0.02860352396965027
2009-06-24,growth_activity_shift,2009-06-05,-12,0.025723392143845558
2009-06-24,growth_activity_shift,2009-06-08,-11,0.029674267396330833
2009-06-24,growth_activity_shift,2009-06-09,-10,0.030594203621149063
2009-06-24,growth_activity_shift,2009-06-10,-9,0.03126011788845062
2009-06-24,growth_activity_shift,2009-06-11,-8,0.03177371993660927
2009-06-24,growth_activity_shift,2009-06-12,-7,0.029267124831676483
2009-06-24,growth_activity_shift,2009-06-15,-6,0.025436200201511383
2009-06-24,growth_activity_shift,2009-06-16,-5,0.026222536340355873
2009-06-24,growth_activity_shift,2009-06-17,-4,0.026540815830230713
2009-06-24,growth_activity_shift,2009-06-18,-3,0.028472665697336197
2009-06-24,growth_activity_shift,2009-06-19,-2,0.028745846822857857
2009-06-24,growth_activity_shift,2009-06-22,-1,0.027211006730794907
2009-06-24,growth_activity_shift,2009-06-23,0,0.027317222207784653
2009-06-24,financial_conditions_shift,2009-04-30,-37,0.02687675505876541
2009-06-24,financial_conditions_shift,2009-05-01,-36,0.026113757863640785
2009-06-24,financial_conditions_shift,2009-05-04,-35,0.02904791571199894
2009-06-24,financial_conditions_shift,2009-05-05,-34,0.024657804518938065
2009-06-24,financial_conditions_shift,2009-05-06,-33,0.02576843649148941
2009-06-24,financial_conditions_shift,2009-05-07,-32,0.02724289335310459
2009-06-24,financial_conditions_shift,2009-05-08,-31,0.02448684722185135
2009-06-24,financial_conditions_shift,2009-05-11,-30,0.02390940859913826
2009-06-24,financial_conditions_shift,2009-05-12,-29,0.03082479164004326
2009-06-24,financial_conditions_shift,2009-05-13,-28,0.032600898295640945
2009-06-24,financial_conditions_shift,2009-05-14,-27,0.029592381790280342
2009-06-24,financial_conditions_shift,2009-05-15,-26,0.02343633770942688
2009-06-24,financial_conditions_shift,2009-05-18,-25,0.026637215167284012
2009-06-24,financial_conditions_shift,2009-05-19,-24,0.025008413940668106
2009-06-24,financial_conditions_shift,2009-05-20,-23,0.024264734238386154
2009-06-24,financial_conditions_shift,2009-05-21,-22,0.02476714737713337
2009-06-24,financial_conditions_shift,2009-05-22,-21,0.022106874734163284
2009-06-24,financial_conditions_shift,2009-05-26,-20,0.021512368693947792
2009-06-24,financial_conditions_shift,2009-05-27,-19,0.02309362217783928
2009-06-24,financial_conditions_shift,2009-05-28,-18,0.021337643265724182
2009-06-24,financial_conditions_shift,2009-05-29,-17,0.022256534546613693
2009-06-24,financial_conditions_shift,2009-06-01,-16,0.027515070512890816
2009-06-24,financial_conditions_shift,2009-06-02,-15,0.02843829058110714
2009-06-24,financial_conditions_shift,2009-06-03,-14,0.027498124167323112
2009-06-24,financial_conditions_shift,2009-06-04,-13,0.02272617444396019
2009-06-24,financial_conditions_shift,2009-06-05,-12,0.0236422847956419
2009-06-24,financial_conditions_shift,2009-06-08,-11,0.023526694625616074
2009-06-24,financial_conditions_shift,2009-06-09,-10,0.023277027532458305
2009-06-24,financial_conditions_shift,2009-06-10,-9,0.023312248289585114
2009-06-24,financial_conditions_shift,2009-06-11,-8,0.02333289571106434
2009-06-24,financial_conditions_shift,2009-06-12,-7,0.02709268406033516
2009-06-24,financial_conditions_shift,2009-06-15,-6,0.031212976202368736
2009-06-24,financial_conditions_shift,2009-06-16,-5,0.031244127079844475
2009-06-24,financial_conditions_shift,2009-06-17,-4,0.029399564489722252
2009-06-24,financial_conditions_shift,2009-06-18,-3,0.03072064369916916
2009-06-24,financial_conditions_shift,2009-06-19,-2,0.029657380655407906
2009-06-24,financial_conditions_shift,2009-06-22,-1,0.031206471845507622
2009-06-24,financial_conditions_shift,2009-06-23,0,0.030654551461338997
2009-06-24,balance_sheet_policy_shift,2009-04-30,-37,0.021173017099499702
2009-06-24,balance_sheet_policy_shift,2009-05-01,-36,0.024430152028799057
2009-06-24,balance_sheet_policy_shift,2009-05-04,-35,0.02267441712319851
2009-06-24,balance_sheet_policy_shift,2009-05-05,-34,0.025055889040231705
2009-06-24,balance_sheet_policy_shift,2009-05-06,-33,0.02456359751522541
2009-06-24,balance_sheet_policy_shift,2009-05-07,-32,0.02297508344054222
2009-06-24,balance_sheet_policy_shift,2009-05-08,-31,0.026659056544303894
2009-06-24,balance_sheet_policy_shift,2009-05-11,-30,0.026666488498449326
2009-06-24,balance_sheet_policy_shift,2009-05-12,-29,0.024069558829069138
2009-06-24,balance_sheet_policy_shift,2009-05-13,-28,0.022601580247282982
2009-06-24,balance_sheet_policy_shift,2009-05-14,-27,0.024134039878845215
2009-06-24,balance_sheet_policy_shift,2009-05-15,-26,0.02536885440349579
2009-06-24,balance_sheet_policy_shift,2009-05-18,-25,0.02173902653157711
2009-06-24,balance_sheet_policy_shift,2009-05-19,-24,0.023966383188962936
2009-06-24,balance_sheet_policy_shift,2009-05-20,-23,0.023174341768026352
2009-06-24,balance_sheet_policy_shift,2009-05-21,-22,0.023233972489833832
2009-06-24,balance_sheet_policy_shift,2009-05-22,-21,0.02549007534980774
2009-06-24,balance_sheet_policy_shift,2009-05-26,-20,0.029141053557395935
2009-06-24,balance_sheet_policy_shift,2009-05-27,-19,0.026948116719722748
2009-06-24,balance_sheet_policy_shift,2009-05-28,-18,0.030307793989777565
2009-06-24,balance_sheet_policy_shift,2009-05-29,-17,0.03063632734119892
2009-06-24,balance_sheet_policy_shift,2009-06-01,-16,0.02436262182891369
2009-06-24,balance_sheet_policy_shift,2009-06-02,-15,0.02400851435959339
2009-06-24,balance_sheet_policy_shift,2009-06-03,-14,0.02760542929172516
2009-06-24,balance_sheet_policy_shift,2009-06-04,-13,0.027596447616815567
2009-06-24,balance_sheet_policy_shift,2009-06-05,-12,0.02565261721611023
2009-06-24,balance_sheet_policy_shift,2009-06-08,-11,0.02911861054599285
2009-06-24,balance_sheet_policy_shift,2009-06-09,-10,0.02961255982518196
2009-06-24,balance_sheet_policy_shift,2009-06-10,-9,0.029978590086102486
2009-06-24,balance_sheet_policy_shift,2009-06-11,-8,0.02993587590754032
2009-06-24,balance_sheet_policy_shift,2009-06-12,-7,0.028768274933099747
2009-06-24,balance_sheet_policy_shift,2009-06-15,-6,0.02647586539387703
2009-06-24,balance_sheet_policy_shift,2009-06-16,-5,0.027777474373579025
2009-06-24,balance_sheet_policy_shift,2009-06-17,-4,0.027102144435048103
2009-06-24,balance_sheet_policy_shift,2009-06-18,-3,0.02997763827443123
2009-06-24,balance_sheet_policy_shift,2009-06-19,-2,0.029691005125641823
2009-06-24,balance_sheet_policy_shift,2009-06-22,-1,0.028766121715307236
2009-06-24,balance_sheet_policy_shift,2009-06-23,0,0.028561383485794067
2009-06-24,risk_balance_shift,2009-04-30,-37,0.021604647859930992
2009-06-24,risk_balance_shift,2009-05-01,-36,0.024692434817552567
2009-06-24,risk_balance_shift,2009-05-04,-35,0.02326180972158909
2009-06-24,risk_balance_shift,2009-05-05,-34,0.02452162839472294
2009-06-24,risk_balance_shift,2009-05-06,-33,0.024817071855068207
2009-06-24,risk_balance_shift,2009-05-07,-32,0.02221299707889557
2009-06-24,risk_balance_shift,2009-05-08,-31,0.025952622294425964
2009-06-24,risk_balance_shift,2009-05-11,-30,0.02595623955130577
2009-06-24,risk_balance_shift,2009-05-12,-29,0.023371748626232147
2009-06-24,risk_balance_shift,2009-05-13,-28,0.022780796512961388
2009-06-24,risk_balance_shift,2009-05-14,-27,0.024574993178248405
2009-06-24,risk_balance_shift,2009-05-15,-26,0.025626912713050842
2009-06-24,risk_balance_shift,2009-05-18,-25,0.02232379838824272
2009-06-24,risk_balance_shift,2009-05-19,-24,0.023799004033207893
2009-06-24,risk_balance_shift,2009-05-20,-23,0.023405693471431732
2009-06-24,risk_balance_shift,2009-05-21,-22,0.023412935435771942
2009-06-24,risk_balance_shift,2009-05-22,-21,0.025030583143234253
2009-06-24,risk_balance_shift,2009-05-26,-20,0.02854209765791893
2009-06-24,risk_balance_shift,2009-05-27,-19,0.0266669113188982
2009-06-24,risk_balance_shift,2009-05-28,-18,0.02983570098876953
2009-06-24,risk_balance_shift,2009-05-29,-17,0.030494043603539467
2009-06-24,risk_balance_shift,2009-06-01,-16,0.024430572986602783
2009-06-24,risk_balance_shift,2009-06-02,-15,0.024176031351089478
2009-06-24,risk_balance_shift,2009-06-03,-14,0.027943722903728485
2009-06-24,risk_balance_shift,2009-06-04,-13,0.027788901701569557
2009-06-24,risk_balance_shift,2009-06-05,-12,0.0252133347094059
2009-06-24,risk_balance_shift,2009-06-08,-11,0.028843093663454056
2009-06-24,risk_balance_shift,2009-06-09,-10,0.02970699407160282
2009-06-24,risk_balance_shift,2009-06-10,-9,0.02965879626572132
2009-06-24,risk_balance_shift,2009-06-11,-8,0.029746277257800102
2009-06-24,risk_balance_shift,2009-06-12,-7,0.028560400009155273
2009-06-24,risk_balance_shift,2009-06-15,-6,0.02646506205201149
2009-06-24,risk_balance_shift,2009-06-16,-5,0.027949538081884384
2009-06-24,risk_balance_shift,2009-06-17,-4,0.027927659451961517
2009-06-24,risk_balance_shift,2009-06-18,-3,0.02977266162633896
2009-06-24,risk_balance_shift,2009-06-19,-2,0.030216826125979424
2009-06-24,risk_balance_shift,2009-06-22,-1,0.029305318370461464
2009-06-24,risk_balance_shift,2009-06-23,0,0.029410120099782944
2009-06-24,committee_dispersion,2009-04-30,-37,0.02115626074373722
2009-06-24,committee_dispersion,2009-05-01,-36,0.024581048637628555
2009-06-24,committee_dispersion,2009-05-04,-35,0.02333555370569229
2009-06-24,committee_dispersion,2009-05-05,-34,0.025520363822579384
2009-06-24,committee_dispersion,2009-05-06,-33,0.02480999007821083
2009-06-24,committee_dispersion,2009-05-07,-32,0.023578384891152382
2009-06-24,committee_dispersion,2009-05-08,-31,0.0271671861410141
2009-06-24,committee_dispersion,2009-05-11,-30,0.026657983660697937
2009-06-24,committee_dispersion,2009-05-12,-29,0.025633554905653
2009-06-24,committee_dispersion,2009-05-13,-28,0.023739466443657875
2009-06-24,committee_dispersion,2009-05-14,-27,0.024954482913017273
2009-06-24,committee_dispersion,2009-05-15,-26,0.024182787165045738
2009-06-24,committee_dispersion,2009-05-18,-25,0.021537235006690025
2009-06-24,committee_dispersion,2009-05-19,-24,0.023323897272348404
2009-06-24,committee_dispersion,2009-05-20,-23,0.02220746874809265
2009-06-24,committee_dispersion,2009-05-21,-22,0.022739863023161888
2009-06-24,committee_dispersion,2009-05-22,-21,0.024366702884435654
2009-06-24,committee_dispersion,2009-05-26,-20,0.027912994846701622
2009-06-24,committee_dispersion,2009-05-27,-19,0.025998469442129135
2009-06-24,committee_dispersion,2009-05-28,-18,0.02912091463804245
2009-06-24,committee_dispersion,2009-05-29,-17,0.02970990352332592
2009-06-24,committee_dispersion,2009-06-01,-16,0.02521882951259613
2009-06-24,committee_dispersion,2009-06-02,-15,0.02493635006248951
2009-06-24,committee_dispersion,2009-06-03,-14,0.028170540928840637
2009-06-24,committee_dispersion,2009-06-04,-13,0.026440270245075226
2009-06-24,committee_dispersion,2009-06-05,-12,0.025239307433366776
2009-06-24,committee_dispersion,2009-06-08,-11,0.0283285453915596
2009-06-24,committee_dispersion,2009-06-09,-10,0.02806870825588703
2009-06-24,committee_dispersion,2009-06-10,-9,0.02814088948071003
2009-06-24,committee_dispersion,2009-06-11,-8,0.028417255729436874
2009-06-24,committee_dispersion,2009-06-12,-7,0.028230920433998108
2009-06-24,committee_dispersion,2009-06-15,-6,0.027594123035669327
2009-06-24,committee_dispersion,2009-06-16,-5,0.029720861464738846
2009-06-24,committee_dispersion,2009-06-17,-4,0.02799678035080433
2009-06-24,committee_dispersion,2009-06-18,-3,0.031412143260240555
2009-06-24,committee_dispersion,2009-06-19,-2,0.03021181747317314
2009-06-24,committee_dispersion,2009-06-22,-1,0.029773075133562088
2009-06-24,committee_dispersion,2009-06-23,0,0.029865050688385963
2009-06-24,policy_uncertainty,2009-04-30,-37,0.02392362244427204
2009-06-24,policy_uncertainty,2009-05-01,-36,0.025603406131267548
2009-06-24,policy_uncertainty,2009-05-04,-35,0.026370741426944733
2009-06-24,policy_uncertainty,2009-05-05,-34,0.024156339466571808
2009-06-24,policy_uncertainty,2009-05-06,-33,0.024807626381516457
2009-06-24,policy_uncertainty,2009-05-07,-32,0.02572694420814514
2009-06-24,policy_uncertainty,2009-05-08,-31,0.025781340897083282
2009-06-24,policy_uncertainty,2009-05-11,-30,0.025349203497171402
2009-06-24,policy_uncertainty,2009-05-12,-29,0.029955623671412468
2009-06-24,policy_uncertainty,2009-05-13,-28,0.029433151707053185
2009-06-24,policy_uncertainty,2009-05-14,-27,0.027904538437724113
2009-06-24,policy_uncertainty,2009-05-15,-26,0.02321901172399521
2009-06-24,policy_uncertainty,2009-05-18,-25,0.023816589266061783
2009-06-24,policy_uncertainty,2009-05-19,-24,0.023434212431311607
2009-06-24,policy_uncertainty,2009-05-20,-23,0.022284934297204018
2009-06-24,policy_uncertainty,2009-05-21,-22,0.023383330553770065
2009-06-24,policy_uncertainty,2009-05-22,-21,0.022290240973234177
2009-06-24,policy_uncertainty,2009-05-26,-20,0.023398663848638535
2009-06-24,policy_uncertainty,2009-05-27,-19,0.023921646177768707
2009-06-24,policy_uncertainty,2009-05-28,-18,0.023869406431913376
2009-06-24,policy_uncertainty,2009-05-29,-17,0.02436155267059803
2009-06-24,policy_uncertainty,2009-06-01,-16,0.026620659977197647
2009-06-24,policy_uncertainty,2009-06-02,-15,0.026197543367743492
2009-06-24,policy_uncertainty,2009-06-03,-14,0.02750633843243122
2009-06-24,policy_uncertainty,2009-06-04,-13,0.023994499817490578
2009-06-24,policy_uncertainty,2009-06-05,-12,0.02388131618499756
2009-06-24,policy_uncertainty,2009-06-08,-11,0.02481415867805481
2009-06-24,policy_uncertainty,2009-06-09,-10,0.024969596415758133
2009-06-24,policy_uncertainty,2009-06-10,-9,0.02578911744058132
2009-06-24,policy_uncertainty,2009-06-11,-8,0.025434134528040886
2009-06-24,policy_uncertainty,2009-06-12,-7,0.02807515300810337
2009-06-24,policy_uncertainty,2009-06-15,-6,0.031001457944512367
2009-06-24,policy_uncertainty,2009-06-16,-5,0.031901732087135315
2009-06-24,policy_uncertainty,2009-06-17,-4,0.02969672530889511
2009-06-24,policy_uncertainty,2009-06-18,-3,0.032650768756866455
2009-06-24,policy_uncertainty,2009-06-19,-2,0.030911410227417946
2009-06-24,policy_uncertainty,2009-06-22,-1,0.03167102858424187
2009-06-24,policy_uncertainty,2009-06-23,0,0.031892240047454834
2009-06-24,forward_guidance_strength,2009-04-30,-37,0.021436218172311783
2009-06-24,forward_guidance_strength,2009-05-01,-36,0.02495586685836315
2009-06-24,forward_guidance_strength,2009-05-04,-35,0.021996255964040756
2009-06-24,forward_guidance_strength,2009-05-05,-34,0.025112666189670563
2009-06-24,forward_guidance_strength,2009-05-06,-33,0.024672891944646835
2009-06-24,forward_guidance_strength,2009-05-07,-32,0.023042596876621246
2009-06-24,forward_guidance_strength,2009-05-08,-31,0.027172427624464035
2009-06-24,forward_guidance_strength,2009-05-11,-30,0.027434926480054855
2009-06-24,forward_guidance_strength,2009-05-12,-29,0.022641535848379135
2009-06-24,forward_guidance_strength,2009-05-13,-28,0.02112935669720173
2009-06-24,forward_guidance_strength,2009-05-14,-27,0.022792426869273186
2009-06-24,forward_guidance_strength,2009-05-15,-26,0.025996223092079163
2009-06-24,forward_guidance_strength,2009-05-18,-25,0.021637320518493652
2009-06-24,forward_guidance_strength,2009-05-19,-24,0.02402494288980961
2009-06-24,forward_guidance_strength,2009-05-20,-23,0.023194104433059692
2009-06-24,forward_guidance_strength,2009-05-21,-22,0.023330846801400185
2009-06-24,forward_guidance_strength,2009-05-22,-21,0.026768559589982033
2009-06-24,forward_guidance_strength,2009-05-26,-20,0.03054851107299328
2009-06-24,forward_guidance_strength,2009-05-27,-19,0.027910403907299042
2009-06-24,forward_guidance_strength,2009-05-28,-18,0.032587289810180664
2009-06-24,forward_guidance_strength,2009-05-29,-17,0.03178585320711136
2009-06-24,forward_guidance_strength,2009-06-01,-16,0.024039937183260918
2009-06-24,forward_guidance_strength,2009-06-02,-15,0.023593980818986893
2009-06-24,forward_guidance_strength,2009-06-03,-14,0.02614140510559082
2009-06-24,forward_guidance_strength,2009-06-04,-13,0.0286378413438797
2009-06-24,forward_guidance_strength,2009-06-05,-12,0.026744823902845383
2009-06-24,forward_guidance_strength,2009-06-08,-11,0.030631311237812042
2009-06-24,forward_guidance_strength,2009-06-09,-10,0.030881250277161598
2009-06-24,forward_guidance_strength,2009-06-10,-9,0.03155645355582237
2009-06-24,forward_guidance_strength,2009-06-11,-8,0.03175860643386841
2009-06-24,forward_guidance_strength,2009-06-12,-7,0.029030872508883476
2009-06-24,forward_guidance_strength,2009-06-15,-6,0.025038588792085648
2009-06-24,forward_guidance_strength,2009-06-16,-5,0.025896068662405014
2009-06-24,forward_guidance_strength,2009-06-17,-4,0.02581917680799961
2009-06-24,forward_guidance_strength,2009-06-18,-3,0.028067776933312416
2009-06-24,forward_guidance_strength,2009-06-19,-2,0.028435157611966133
2009-06-24,forward_guidance_strength,2009-06-22,-1,0.026726793497800827
2009-06-24,forward_guidance_strength,2009-06-23,0,0.02682873234152794
2009-08-12,rate_decision,2009-06-25,-32,0.03528102487325668
2009-08-12,rate_decision,2009-06-26,-31,0.035227831453084946
2009-08-12,rate_decision,2009-06-29,-30,0.03318636119365692
2009-08-12,rate_decision,2009-06-30,-29,0.03284936398267746
2009-08-12,rate_decision,2009-07-01,-28,0.03184935823082924
2009-08-12,rate_decision,2009-07-02,-27,0.03135015070438385
2009-08-12,rate_decision,2009-07-06,-26,0.0310184545814991
2009-08-12,rate_decision,2009-07-07,-25,0.030517112463712692
2009-08-12,rate_decision,2009-07-08,-24,0.03413506597280502
2009-08-12,rate_decision,2009-07-09,-23,0.03243217617273331
2009-08-12,rate_decision,2009-07-10,-22,0.03202551603317261
2009-08-12,rate_decision,2009-07-13,-21,0.024348940700292587
2009-08-12,rate_decision,2009-07-14,-20,0.027415253221988678
2009-08-12,rate_decision,2009-07-15,-19,0.026204615831375122
2009-08-12,rate_decision,2009-07-16,-18,0.02617786079645157
2009-08-12,rate_decision,2009-07-17,-17,0.02917087823152542
2009-08-12,rate_decision,2009-07-20,-16,0.03124427981674671
2009-08-12,rate_decision,2009-07-21,-15,0.029105300083756447
2009-08-12,rate_decision,2009-07-22,-14,0.030596697703003883
2009-08-12,rate_decision,2009-07-23,-13,0.031851716339588165
2009-08-12,rate_decision,2009-07-24,-12,0.03352122753858566
2009-08-12,rate_decision,2009-07-27,-11,0.024371987208724022
2009-08-12,rate_decision,2009-07-28,-10,0.0260910764336586
2009-08-12,rate_decision,2009-07-29,-9,0.036777276545763016
2009-08-12,rate_decision,2009-07-30,-8,0.03215726092457771
2009-08-12,rate_decision,2009-07-31,-7,0.029802633449435234
2009-08-12,rate_decision,2009-08-03,-6,0.02603236585855484
2009-08-12,rate_decision,2009-08-04,-5,0.03336815536022186
2009-08-12,rate_decision,2009-08-05,-4,0.023502741008996964
2009-08-12,rate_decision,2009-08-06,-3,0.023174062371253967
2009-08-12,rate_decision,2009-08-07,-2,0.026278620585799217
2009-08-12,rate_decision,2009-08-10,-1,0.02919667772948742
2009-08-12,rate_decision,2009-08-11,0,0.03973791375756264
2009-08-12,current_policy_stance,2009-06-25,-32,0.034142617136240005
2009-08-12,current_policy_stance,2009-06-26,-31,0.035089798271656036
2009-08-12,current_policy_stance,2009-06-29,-30,0.03314283490180969
2009-08-12,current_policy_stance,2009-06-30,-29,0.032260943204164505
2009-08-12,current_policy_stance,2009-07-01,-28,0.03138664364814758
2009-08-12,current_policy_stance,2009-07-02,-27,0.03084634244441986
2009-08-12,current_policy_stance,2009-07-06,-26,0.031771160662174225
2009-08-12,current_policy_stance,2009-07-07,-25,0.030542274937033653
2009-08-12,current_policy_stance,2009-07-08,-24,0.03598487749695778
2009-08-12,current_policy_stance,2009-07-09,-23,0.03726206719875336
2009-08-12,current_policy_stance,2009-07-10,-22,0.03586116433143616
2009-08-12,current_policy_stance,2009-07-13,-21,0.030241509899497032
2009-08-12,current_policy_stance,2009-07-14,-20,0.027681659907102585
2009-08-12,current_policy_stance,2009-07-15,-19,0.029476862400770187
2009-08-12,current_policy_stance,2009-07-16,-18,0.024393541738390923
2009-08-12,current_policy_stance,2009-07-17,-17,0.028566915541887283
2009-08-12,current_policy_stance,2009-07-20,-16,0.02692052535712719
2009-08-12,current_policy_stance,2009-07-21,-15,0.029426930472254753
2009-08-12,current_policy_stance,2009-07-22,-14,0.033384840935468674
2009-08-12,current_policy_stance,2009-07-23,-13,0.03373130410909653
2009-08-12,current_policy_stance,2009-07-24,-12,0.03359410539269447
2009-08-12,current_policy_stance,2009-07-27,-11,0.02772294543683529
2009-08-12,current_policy_stance,2009-07-28,-10,0.022494588047266006
2009-08-12,current_policy_stance,2009-07-29,-9,0.02855347841978073
2009-08-12,current_policy_stance,2009-07-30,-8,0.028473515063524246
2009-08-12,current_policy_stance,2009-07-31,-7,0.03244830667972565
2009-08-12,current_policy_stance,2009-08-03,-6,0.029222745448350906
2009-08-12,current_policy_stance,2009-08-04,-5,0.031017040833830833
2009-08-12,current_policy_stance,2009-08-05,-4,0.027132844552397728
2009-08-12,current_policy_stance,2009-08-06,-3,0.02184779942035675
2009-08-12,current_policy_stance,2009-08-07,-2,0.0256782416254282
2009-08-12,current_policy_stance,2009-08-10,-1,0.022258173674345016
2009-08-12,current_policy_stance,2009-08-11,0,0.03744136914610863
2009-08-12,policy_stance_shift,2009-06-25,-32,0.03001829981803894
2009-08-12,policy_stance_shift,2009-06-26,-31,0.030151307582855225
2009-08-12,policy_stance_shift,2009-06-29,-30,0.03180511295795441
2009-08-12,policy_stance_shift,2009-06-30,-29,0.030670132488012314
2009-08-12,policy_stance_shift,2009-07-01,-28,0.031210273504257202
2009-08-12,policy_stance_shift,2009-07-02,-27,0.03075549378991127
2009-08-12,policy_stance_shift,2009-07-06,-26,0.028623811900615692
2009-08-12,policy_stance_shift,2009-07-07,-25,0.031017757952213287
2009-08-12,policy_stance_shift,2009-07-08,-24,0.027933094650506973
2009-08-12,policy_stance_shift,2009-07-09,-23,0.03071756102144718
2009-08-12,policy_stance_shift,2009-07-10,-22,0.027072913944721222
2009-08-12,policy_stance_shift,2009-07-13,-21,0.028731931000947952
2009-08-12,policy_stance_shift,2009-07-14,-20,0.028262251988053322
2009-08-12,policy_stance_shift,2009-07-15,-19,0.03008458763360977
2009-08-12,policy_stance_shift,2009-07-16,-18,0.03294023126363754
2009-08-12,policy_stance_shift,2009-07-17,-17,0.030444715172052383
2009-08-12,policy_stance_shift,2009-07-20,-16,0.028667191043496132
2009-08-12,policy_stance_shift,2009-07-21,-15,0.030635090544819832
2009-08-12,policy_stance_shift,2009-07-22,-14,0.02936171554028988
2009-08-12,policy_stance_shift,2009-07-23,-13,0.031931255012750626
2009-08-12,policy_stance_shift,2009-07-24,-12,0.031235400587320328
2009-08-12,policy_stance_shift,2009-07-27,-11,0.03279401361942291
2009-08-12,policy_stance_shift,2009-07-28,-10,0.03356940671801567
2009-08-12,policy_stance_shift,2009-07-29,-9,0.030024932697415352
2009-08-12,policy_stance_shift,2009-07-30,-8,0.0307516697794199
2009-08-12,policy_stance_shift,2009-07-31,-7,0.02531351149082184
2009-08-12,policy_stance_shift,2009-08-03,-6,0.028913747519254684
2009-08-12,policy_stance_shift,2009-08-04,-5,0.02677195519208908
2009-08-12,policy_stance_shift,2009-08-05,-4,0.03262419253587723
2009-08-12,policy_stance_shift,2009-08-06,-3,0.034189578145742416
2009-08-12,policy_stance_shift,2009-08-07,-2,0.030445028096437454
2009-08-12,policy_stance_shift,2009-08-10,-1,0.033129673451185226
2009-08-12,policy_stance_shift,2009-08-11,0,0.029202144593000412
2009-08-12,expected_rate_path_shift,2009-06-25,-32,0.03141270577907562
2009-08-12,expected_rate_path_shift,2009-06-26,-31,0.03288054093718529
2009-08-12,expected_rate_path_shift,2009-06-29,-30,0.033578645437955856
2009-08-12,expected_rate_path_shift,2009-06-30,-29,0.03250113129615784
2009-08-12,expected_rate_path_shift,2009-07-01,-28,0.03316084295511246
2009-08-12,expected_rate_path_shift,2009-07-02,-27,0.03237636387348175
2009-08-12,expected_rate_path_shift,2009-07-06,-26,0.030549095943570137
2009-08-12,expected_rate_path_shift,2009-07-07,-25,0.03203030675649643
2009-08-12,expected_rate_path_shift,2009-07-08,-24,0.02984197996556759
2009-08-12,expected_rate_path_shift,2009-07-09,-23,0.033505283296108246
2009-08-12,expected_rate_path_shift,2009-07-10,-22,0.028901048004627228
2009-08-12,expected_rate_path_shift,2009-07-13,-21,0.029400425031781197
2009-08-12,expected_rate_path_shift,2009-07-14,-20,0.027437176555395126
2009-08-12,expected_rate_path_shift,2009-07-15,-19,0.029579415917396545
2009-08-12,expected_rate_path_shift,2009-07-16,-18,0.030216239392757416
2009-08-12,expected_rate_path_shift,2009-07-17,-17,0.030359018594026566
2009-08-12,expected_rate_path_shift,2009-07-20,-16,0.027578746899962425
2009-08-12,expected_rate_path_shift,2009-07-21,-15,0.02874036878347397
2009-08-12,expected_rate_path_shift,2009-07-22,-14,0.028943300247192383
2009-08-12,expected_rate_path_shift,2009-07-23,-13,0.031945619732141495
2009-08-12,expected_rate_path_shift,2009-07-24,-12,0.03055807203054428
2009-08-12,expected_rate_path_shift,2009-07-27,-11,0.031406376510858536
2009-08-12,expected_rate_path_shift,2009-07-28,-10,0.03065437637269497
2009-08-12,expected_rate_path_shift,2009-07-29,-9,0.02983386069536209
2009-08-12,expected_rate_path_shift,2009-07-30,-8,0.02964501827955246
2009-08-12,expected_rate_path_shift,2009-07-31,-7,0.024876320734620094
2009-08-12,expected_rate_path_shift,2009-08-03,-6,0.02857484668493271
2009-08-12,expected_rate_path_shift,2009-08-04,-5,0.02645251527428627
2009-08-12,expected_rate_path_shift,2009-08-05,-4,0.03191908821463585
2009-08-12,expected_rate_path_shift,2009-08-06,-3,0.030702561140060425
2009-08-12,expected_rate_path_shift,2009-08-07,-2,0.030205313116312027
2009-08-12,expected_rate_path_shift,2009-08-10,-1,0.030234258621931076
2009-08-12,expected_rate_path_shift,2009-08-11,0,0.02999916300177574
2009-08-12,inflation_assessment_shift,2009-06-25,-32,0.03146028518676758
2009-08-12,inflation_assessment_shift,2009-06-26,-31,0.03196100518107414
2009-08-12,inflation_assessment_shift,2009-06-29,-30,0.03298037871718407
2009-08-12,inflation_assessment_shift,2009-06-30,-29,0.03200714290142059
2009-08-12,inflation_assessment_shift,2009-07-01,-28,0.03259563073515892
2009-08-12,inflation_assessment_shift,2009-07-02,-27,0.03203790634870529
2009-08-12,inflation_assessment_shift,2009-07-06,-26,0.029955262318253517
2009-08-12,inflation_assessment_shift,2009-07-07,-25,0.03198957443237305
2009-08-12,inflation_assessment_shift,2009-07-08,-24,0.029537258669734
2009-08-12,inflation_assessment_shift,2009-07-09,-23,0.032478995621204376
2009-08-12,inflation_assessment_shift,2009-07-10,-22,0.028801441192626953
2009-08-12,inflation_assessment_shift,2009-07-13,-21,0.028947951272130013
2009-08-12,inflation_assessment_shift,2009-07-14,-20,0.027614552527666092
2009-08-12,inflation_assessment_shift,2009-07-15,-19,0.02943882904946804
2009-08-12,inflation_assessment_shift,2009-07-16,-18,0.031204557046294212
2009-08-12,inflation_assessment_shift,2009-07-17,-17,0.029813703149557114
2009-08-12,inflation_assessment_shift,2009-07-20,-16,0.028650790452957153
2009-08-12,inflation_assessment_shift,2009-07-21,-15,0.030362267047166824
2009-08-12,inflation_assessment_shift,2009-07-22,-14,0.02931172028183937
2009-08-12,inflation_assessment_shift,2009-07-23,-13,0.031779106706380844
2009-08-12,inflation_assessment_shift,2009-07-24,-12,0.031501490622758865
2009-08-12,inflation_assessment_shift,2009-07-27,-11,0.03082478791475296
2009-08-12,inflation_assessment_shift,2009-07-28,-10,0.031079912558197975
2009-08-12,inflation_assessment_shift,2009-07-29,-9,0.029899992048740387
2009-08-12,inflation_assessment_shift,2009-07-30,-8,0.03020651452243328
2009-08-12,inflation_assessment_shift,2009-07-31,-7,0.025560054928064346
2009-08-12,inflation_assessment_shift,2009-08-03,-6,0.027680205181241035
2009-08-12,inflation_assessment_shift,2009-08-04,-5,0.026638677343726158
2009-08-12,inflation_assessment_shift,2009-08-05,-4,0.030699653550982475
2009-08-12,inflation_assessment_shift,2009-08-06,-3,0.030751431360840797
2009-08-12,inflation_assessment_shift,2009-08-07,-2,0.029596447944641113
2009-08-12,inflation_assessment_shift,2009-08-10,-1,0.031764961779117584
2009-08-12,inflation_assessment_shift,2009-08-11,0,0.030867483466863632
2009-08-12,inflation_risk_shift,2009-06-25,-32,0.030805354937911034
2009-08-12,inflation_risk_shift,2009-06-26,-31,0.032409682869911194
2009-08-12,inflation_risk_shift,2009-06-29,-30,0.03305027633905411
2009-08-12,inflation_risk_shift,2009-06-30,-29,0.031329572200775146
2009-08-12,inflation_risk_shift,2009-07-01,-28,0.03269394487142563
2009-08-12,inflation_risk_shift,2009-07-02,-27,0.03295492008328438
2009-08-12,inflation_risk_shift,2009-07-06,-26,0.030612219125032425
2009-08-12,inflation_risk_shift,2009-07-07,-25,0.03180615231394768
2009-08-12,inflation_risk_shift,2009-07-08,-24,0.030282776802778244
2009-08-12,inflation_risk_shift,2009-07-09,-23,0.032699234783649445
2009-08-12,inflation_risk_shift,2009-07-10,-22,0.02950059249997139
2009-08-12,inflation_risk_shift,2009-07-13,-21,0.028946898877620697
2009-08-12,inflation_risk_shift,2009-07-14,-20,0.027614682912826538
2009-08-12,inflation_risk_shift,2009-07-15,-19,0.029241450130939484
2009-08-12,inflation_risk_shift,2009-07-16,-18,0.029667023569345474
2009-08-12,inflation_risk_shift,2009-07-17,-17,0.029584260657429695
2009-08-12,inflation_risk_shift,2009-07-20,-16,0.027398735284805298
2009-08-12,inflation_risk_shift,2009-07-21,-15,0.028571579605340958
2009-08-12,inflation_risk_shift,2009-07-22,-14,0.03001541830599308
2009-08-12,inflation_risk_shift,2009-07-23,-13,0.03231824189424515
2009-08-12,inflation_risk_shift,2009-07-24,-12,0.03206795081496239
2009-08-12,inflation_risk_shift,2009-07-27,-11,0.03145790472626686
2009-08-12,inflation_risk_shift,2009-07-28,-10,0.03070979192852974
2009-08-12,inflation_risk_shift,2009-07-29,-9,0.029756788164377213
2009-08-12,inflation_risk_shift,2009-07-30,-8,0.029526133090257645
2009-08-12,inflation_risk_shift,2009-07-31,-7,0.025683889165520668
2009-08-12,inflation_risk_shift,2009-08-03,-6,0.0288669615983963
2009-08-12,inflation_risk_shift,2009-08-04,-5,0.027496881783008575
2009-08-12,inflation_risk_shift,2009-08-05,-4,0.03152870386838913
2009-08-12,inflation_risk_shift,2009-08-06,-3,0.030114131048321724
2009-08-12,inflation_risk_shift,2009-08-07,-2,0.03010610118508339
2009-08-12,inflation_risk_shift,2009-08-10,-1,0.03007218986749649
2009-08-12,inflation_risk_shift,2009-08-11,0,0.031109556555747986
2009-08-12,unemployment_assessment_shift,2009-06-25,-32,0.030135758221149445
2009-08-12,unemployment_assessment_shift,2009-06-26,-31,0.029811173677444458
2009-08-12,unemployment_assessment_shift,2009-06-29,-30,0.03186706826090813
2009-08-12,unemployment_assessment_shift,2009-06-30,-29,0.030898088589310646
2009-08-12,unemployment_assessment_shift,2009-07-01,-28,0.03158271312713623
2009-08-12,unemployment_assessment_shift,2009-07-02,-27,0.030792435631155968
2009-08-12,unemployment_assessment_shift,2009-07-06,-26,0.02870972827076912
2009-08-12,unemployment_assessment_shift,2009-07-07,-25,0.03177278861403465
2009-08-12,unemployment_assessment_shift,2009-07-08,-24,0.026942536234855652
2009-08-12,unemployment_assessment_shift,2009-07-09,-23,0.029377035796642303
2009-08-12,unemployment_assessment_shift,2009-07-10,-22,0.02675088867545128
2009-08-12,unemployment_assessment_shift,2009-07-13,-21,0.02946123294532299
2009-08-12,unemployment_assessment_shift,2009-07-14,-20,0.028477754443883896
2009-08-12,unemployment_assessment_shift,2009-07-15,-19,0.029275313019752502
2009-08-12,unemployment_assessment_shift,2009-07-16,-18,0.03453277423977852
2009-08-12,unemployment_assessment_shift,2009-07-17,-17,0.03013453632593155
2009-08-12,unemployment_assessment_shift,2009-07-20,-16,0.029793106019496918
2009-08-12,unemployment_assessment_shift,2009-07-21,-15,0.030253566801548004
2009-08-12,unemployment_assessment_shift,2009-07-22,-14,0.02720978856086731
2009-08-12,unemployment_assessment_shift,2009-07-23,-13,0.029395747929811478
2009-08-12,unemployment_assessment_shift,2009-07-24,-12,0.029697947204113007
2009-08-12,unemployment_assessment_shift,2009-07-27,-11,0.03200344741344452
2009-08-12,unemployment_assessment_shift,2009-07-28,-10,0.03553365543484688
2009-08-12,unemployment_assessment_shift,2009-07-29,-9,0.03078877367079258
2009-08-12,unemployment_assessment_shift,2009-07-30,-8,0.030889973044395447
2009-08-12,unemployment_assessment_shift,2009-07-31,-7,0.02435889095067978
2009-08-12,unemployment_assessment_shift,2009-08-03,-6,0.027733037248253822
2009-08-12,unemployment_assessment_shift,2009-08-04,-5,0.025999121367931366
2009-08-12,unemployment_assessment_shift,2009-08-05,-4,0.03181722015142441
2009-08-12,unemployment_assessment_shift,2009-08-06,-3,0.03570910915732384
2009-08-12,unemployment_assessment_shift,2009-08-07,-2,0.031242741271853447
2009-08-12,unemployment_assessment_shift,2009-08-10,-1,0.0368608795106411
2009-08-12,unemployment_assessment_shift,2009-08-11,0,0.030191175639629364
2009-08-12,labor_market_risk_shift,2009-06-25,-32,0.030477676540613174
2009-08-12,labor_market_risk_shift,2009-06-26,-31,0.030260037630796432
2009-08-12,labor_market_risk_shift,2009-06-29,-30,0.032022371888160706
2009-08-12,labor_market_risk_shift,2009-06-30,-29,0.0316980704665184
2009-08-12,labor_market_risk_shift,2009-07-01,-28,0.03246147930622101
2009-08-12,labor_market_risk_shift,2009-07-02,-27,0.031662262976169586
2009-08-12,labor_market_risk_shift,2009-07-06,-26,0.029314473271369934
2009-08-12,labor_market_risk_shift,2009-07-07,-25,0.03203631192445755
2009-08-12,labor_market_risk_shift,2009-07-08,-24,0.027636496350169182
2009-08-12,labor_market_risk_shift,2009-07-09,-23,0.030461173504590988
2009-08-12,labor_market_risk_shift,2009-07-10,-22,0.026531193405389786
2009-08-12,labor_market_risk_shift,2009-07-13,-21,0.029100846499204636
2009-08-12,labor_market_risk_shift,2009-07-14,-20,0.02805681899189949
2009-08-12,labor_market_risk_shift,2009-07-15,-19,0.029506541788578033
2009-08-12,labor_market_risk_shift,2009-07-16,-18,0.03376767784357071
2009-08-12,labor_market_risk_shift,2009-07-17,-17,0.03025549277663231
2009-08-12,labor_market_risk_shift,2009-07-20,-16,0.02952134609222412
2009-08-12,labor_market_risk_shift,2009-07-21,-15,0.030726168304681778
2009-08-12,labor_market_risk_shift,2009-07-22,-14,0.027372805401682854
2009-08-12,labor_market_risk_shift,2009-07-23,-13,0.0299571231007576
2009-08-12,labor_market_risk_shift,2009-07-24,-12,0.02917770855128765
2009-08-12,labor_market_risk_shift,2009-07-27,-11,0.031279057264328
2009-08-12,labor_market_risk_shift,2009-07-28,-10,0.03446360304951668
2009-08-12,labor_market_risk_shift,2009-07-29,-9,0.03071811981499195
2009-08-12,labor_market_risk_shift,2009-07-30,-8,0.030699681490659714
2009-08-12,labor_market_risk_shift,2009-07-31,-7,0.02403378114104271
2009-08-12,labor_market_risk_shift,2009-08-03,-6,0.027727629989385605
2009-08-12,labor_market_risk_shift,2009-08-04,-5,0.02503717504441738
2009-08-12,labor_market_risk_shift,2009-08-05,-4,0.03157700225710869
2009-08-12,labor_market_risk_shift,2009-08-06,-3,0.03477446734905243
2009-08-12,labor_market_risk_shift,2009-08-07,-2,0.031337130814790726
2009-08-12,labor_market_risk_shift,2009-08-10,-1,0.03652019426226616
2009-08-12,labor_market_risk_shift,2009-08-11,0,0.029828030616044998
2009-08-12,growth_activity_shift,2009-06-25,-32,0.028163190931081772
2009-08-12,growth_activity_shift,2009-06-26,-31,0.027405261993408203
2009-08-12,growth_activity_shift,2009-06-29,-30,0.02998780459165573
2009-08-12,growth_activity_shift,2009-06-30,-29,0.029516898095607758
2009-08-12,growth_activity_shift,2009-07-01,-28,0.03029952570796013
2009-08-12,growth_activity_shift,2009-07-02,-27,0.029917655512690544
2009-08-12,growth_activity_shift,2009-07-06,-26,0.0278630293905735
2009-08-12,growth_activity_shift,2009-07-07,-25,0.03032042272388935
2009-08-12,growth_activity_shift,2009-07-08,-24,0.02573160082101822
2009-08-12,growth_activity_shift,2009-07-09,-23,0.027392616495490074
2009-08-12,growth_activity_shift,2009-07-10,-22,0.02534610964357853
2009-08-12,growth_activity_shift,2009-07-13,-21,0.029390420764684677
2009-08-12,growth_activity_shift,2009-07-14,-20,0.029327085241675377
2009-08-12,growth_activity_shift,2009-07-15,-19,0.02965102344751358
2009-08-12,growth_activity_shift,2009-07-16,-18,0.03639330714941025
2009-08-12,growth_activity_shift,2009-07-17,-17,0.03046395443379879
2009-08-12,growth_activity_shift,2009-07-20,-16,0.03046329692006111
2009-08-12,growth_activity_shift,2009-07-21,-15,0.03129741922020912
2009-08-12,growth_activity_shift,2009-07-22,-14,0.02748863957822323
2009-08-12,growth_activity_shift,2009-07-23,-13,0.028880394995212555
2009-08-12,growth_activity_shift,2009-07-24,-12,0.02886963076889515
2009-08-12,growth_activity_shift,2009-07-27,-11,0.03239385038614273
2009-08-12,growth_activity_shift,2009-07-28,-10,0.03766368329524994
2009-08-12,growth_activity_shift,2009-07-29,-9,0.03090507909655571
2009-08-12,growth_activity_shift,2009-07-30,-8,0.030982892960309982
2009-08-12,growth_activity_shift,2009-07-31,-7,0.024620860815048218
2009-08-12,growth_activity_shift,2009-08-03,-6,0.028838180005550385
2009-08-12,growth_activity_shift,2009-08-04,-5,0.026043720543384552
2009-08-12,growth_activity_shift,2009-08-05,-4,0.033183060586452484
2009-08-12,growth_activity_shift,2009-08-06,-3,0.039180073887109756
2009-08-12,growth_activity_shift,2009-08-07,-2,0.03218038007616997
2009-08-12,growth_activity_shift,2009-08-10,-1,0.039261575788259506
2009-08-12,growth_activity_shift,2009-08-11,0,0.03057732805609703
2009-08-12,financial_conditions_shift,2009-06-25,-32,0.034433186054229736
2009-08-12,financial_conditions_shift,2009-06-26,-31,0.03566066920757294
2009-08-12,financial_conditions_shift,2009-06-29,-30,0.03437133878469467
2009-08-12,financial_conditions_shift,2009-06-30,-29,0.032798852771520615
2009-08-12,financial_conditions_shift,2009-07-01,-28,0.032753296196460724
2009-08-12,financial_conditions_shift,2009-07-02,-27,0.031908899545669556
2009-08-12,financial_conditions_shift,2009-07-06,-26,0.031813111156225204
2009-08-12,financial_conditions_shift,2009-07-07,-25,0.03167472034692764
2009-08-12,financial_conditions_shift,2009-07-08,-24,0.03451111912727356
2009-08-12,financial_conditions_shift,2009-07-09,-23,0.036278631538152695
2009-08-12,financial_conditions_shift,2009-07-10,-22,0.03383966535329819
2009-08-12,financial_conditions_shift,2009-07-13,-21,0.029405541718006134
2009-08-12,financial_conditions_shift,2009-07-14,-20,0.027091406285762787
2009-08-12,financial_conditions_shift,2009-07-15,-19,0.02923407033085823
2009-08-12,financial_conditions_shift,2009-07-16,-18,0.025716356933116913
2009-08-12,financial_conditions_shift,2009-07-17,-17,0.028789952397346497
2009-08-12,financial_conditions_shift,2009-07-20,-16,0.027004748582839966
2009-08-12,financial_conditions_shift,2009-07-21,-15,0.028802646324038506
2009-08-12,financial_conditions_shift,2009-07-22,-14,0.03234858810901642
2009-08-12,financial_conditions_shift,2009-07-23,-13,0.033191852271556854
2009-08-12,financial_conditions_shift,2009-07-24,-12,0.033031124621629715
2009-08-12,financial_conditions_shift,2009-07-27,-11,0.028378674760460854
2009-08-12,financial_conditions_shift,2009-07-28,-10,0.0245375856757164
2009-08-12,financial_conditions_shift,2009-07-29,-9,0.028879044577479362
2009-08-12,financial_conditions_shift,2009-07-30,-8,0.02887086383998394
2009-08-12,financial_conditions_shift,2009-07-31,-7,0.02961454540491104
2009-08-12,financial_conditions_shift,2009-08-03,-6,0.028553014621138573
2009-08-12,financial_conditions_shift,2009-08-04,-5,0.02917030081152916
2009-08-12,financial_conditions_shift,2009-08-05,-4,0.027898911386728287
2009-08-12,financial_conditions_shift,2009-08-06,-3,0.02380727231502533
2009-08-12,financial_conditions_shift,2009-08-07,-2,0.02670092135667801
2009-08-12,financial_conditions_shift,2009-08-10,-1,0.024520300328731537
2009-08-12,financial_conditions_shift,2009-08-11,0,0.034408777952194214
2009-08-12,balance_sheet_policy_shift,2009-06-25,-32,0.026576882228255272
2009-08-12,balance_sheet_policy_shift,2009-06-26,-31,0.02570239081978798
2009-08-12,balance_sheet_policy_shift,2009-06-29,-30,0.028324441984295845
2009-08-12,balance_sheet_policy_shift,2009-06-30,-29,0.028639914467930794
2009-08-12,balance_sheet_policy_shift,2009-07-01,-28,0.029386524111032486
2009-08-12,balance_sheet_policy_shift,2009-07-02,-27,0.029401985928416252
2009-08-12,balance_sheet_policy_shift,2009-07-06,-26,0.027527203783392906
2009-08-12,balance_sheet_policy_shift,2009-07-07,-25,0.02962922491133213
2009-08-12,balance_sheet_policy_shift,2009-07-08,-24,0.024313539266586304
2009-08-12,balance_sheet_policy_shift,2009-07-09,-23,0.025088349357247353
2009-08-12,balance_sheet_policy_shift,2009-07-10,-22,0.02432169020175934
2009-08-12,balance_sheet_policy_shift,2009-07-13,-21,0.02936653047800064
2009-08-12,balance_sheet_policy_shift,2009-07-14,-20,0.030400782823562622
2009-08-12,balance_sheet_policy_shift,2009-07-15,-19,0.030347127467393875
2009-08-12,balance_sheet_policy_shift,2009-07-16,-18,0.03793630376458168
2009-08-12,balance_sheet_policy_shift,2009-07-17,-17,0.031029755249619484
2009-08-12,balance_sheet_policy_shift,2009-07-20,-16,0.031505223363637924
2009-08-12,balance_sheet_policy_shift,2009-07-21,-15,0.0305379256606102
2009-08-12,balance_sheet_policy_shift,2009-07-22,-14,0.026102973148226738
2009-08-12,balance_sheet_policy_shift,2009-07-23,-13,0.028187884017825127
2009-08-12,balance_sheet_policy_shift,2009-07-24,-12,0.0272194966673851
2009-08-12,balance_sheet_policy_shift,2009-07-27,-11,0.032995447516441345
2009-08-12,balance_sheet_policy_shift,2009-07-28,-10,0.04029141739010811
2009-08-12,balance_sheet_policy_shift,2009-07-29,-9,0.031087078154087067
2009-08-12,balance_sheet_policy_shift,2009-07-30,-8,0.031203031539916992
2009-08-12,balance_sheet_policy_shift,2009-07-31,-7,0.024620456621050835
2009-08-12,balance_sheet_policy_shift,2009-08-03,-6,0.029371168464422226
2009-08-12,balance_sheet_policy_shift,2009-08-04,-5,0.026214152574539185
2009-08-12,balance_sheet_policy_shift,2009-08-05,-4,0.03394961729645729
2009-08-12,balance_sheet_policy_shift,2009-08-06,-3,0.04232924059033394
2009-08-12,balance_sheet_policy_shift,2009-08-07,-2,0.03397580236196518
2009-08-12,balance_sheet_policy_shift,2009-08-10,-1,0.041846245527267456
2009-08-12,balance_sheet_policy_shift,2009-08-11,0,0.030570149421691895
2009-08-12,risk_balance_shift,2009-06-25,-32,0.029139356687664986
2009-08-12,risk_balance_shift,2009-06-26,-31,0.0293137114495039
2009-08-12,risk_balance_shift,2009-06-29,-30,0.030816126614809036
2009-08-12,risk_balance_shift,2009-06-30,-29,0.03009006567299366
2009-08-12,risk_balance_shift,2009-07-01,-28,0.03074001520872116
2009-08-12,risk_balance_shift,2009-07-02,-27,0.029838956892490387
2009-08-12,risk_balance_shift,2009-07-06,-26,0.02781222015619278
2009-08-12,risk_balance_shift,2009-07-07,-25,0.030209386721253395
2009-08-12,risk_balance_shift,2009-07-08,-24,0.027165643870830536
2009-08-12,risk_balance_shift,2009-07-09,-23,0.029039574787020683
2009-08-12,risk_balance_shift,2009-07-10,-22,0.026770010590553284
2009-08-12,risk_balance_shift,2009-07-13,-21,0.029427871108055115
2009-08-12,risk_balance_shift,2009-07-14,-20,0.028978677466511726
2009-08-12,risk_balance_shift,2009-07-15,-19,0.030131425708532333
2009-08-12,risk_balance_shift,2009-07-16,-18,0.03481864184141159
2009-08-12,risk_balance_shift,2009-07-17,-17,0.030262455344200134
2009-08-12,risk_balance_shift,2009-07-20,-16,0.029139259830117226
2009-08-12,risk_balance_shift,2009-07-21,-15,0.031292565166950226
2009-08-12,risk_balance_shift,2009-07-22,-14,0.028485722839832306
2009-08-12,risk_balance_shift,2009-07-23,-13,0.030277423560619354
2009-08-12,risk_balance_shift,2009-07-24,-12,0.030737753957509995
2009-08-12,risk_balance_shift,2009-07-27,-11,0.0321224108338356
2009-08-12,risk_balance_shift,2009-07-28,-10,0.03512348234653473
2009-08-12,risk_balance_shift,2009-07-29,-9,0.030444398522377014
2009-08-12,risk_balance_shift,2009-07-30,-8,0.030166203156113625
2009-08-12,risk_balance_shift,2009-07-31,-7,0.02533796802163124
2009-08-12,risk_balance_shift,2009-08-03,-6,0.028259295970201492
2009-08-12,risk_balance_shift,2009-08-04,-5,0.02663201093673706
2009-08-12,risk_balance_shift,2009-08-05,-4,0.03245352953672409
2009-08-12,risk_balance_shift,2009-08-06,-3,0.03662931174039841
2009-08-12,risk_balance_shift,2009-08-07,-2,0.03159448876976967
2009-08-12,risk_balance_shift,2009-08-10,-1,0.03609313815832138
2009-08-12,risk_balance_shift,2009-08-11,0,0.030656881630420685
2009-08-12,committee_dispersion,2009-06-25,-32,0.028105640783905983
2009-08-12,committee_dispersion,2009-06-26,-31,0.02760397270321846
2009-08-12,committee_dispersion,2009-06-29,-30,0.030052322894334793
2009-08-12,committee_dispersion,2009-06-30,-29,0.029960714280605316
2009-08-12,committee_dispersion,2009-07-01,-28,0.030733466148376465
2009-08-12,committee_dispersion,2009-07-02,-27,0.030462119728326797
2009-08-12,committee_dispersion,2009-07-06,-26,0.02783917263150215
2009-08-12,committee_dispersion,2009-07-07,-25,0.03094487637281418
2009-08-12,committee_dispersion,2009-07-08,-24,0.025269513949751854
2009-08-12,committee_dispersion,2009-07-09,-23,0.027639733627438545
2009-08-12,committee_dispersion,2009-07-10,-22,0.02519741654396057
2009-08-12,committee_dispersion,2009-07-13,-21,0.029471030458807945
2009-08-12,committee_dispersion,2009-07-14,-20,0.028743192553520203
2009-08-12,committee_dispersion,2009-07-15,-19,0.030439067631959915
2009-08-12,committee_dispersion,2009-07-16,-18,0.035728536546230316
2009-08-12,committee_dispersion,2009-07-17,-17,0.03050225041806698
2009-08-12,committee_dispersion,2009-07-20,-16,0.030171850696206093
2009-08-12,committee_dispersion,2009-07-21,-15,0.030762270092964172
2009-08-12,committee_dispersion,2009-07-22,-14,0.026784008368849754
2009-08-12,committee_dispersion,2009-07-23,-13,0.029969606548547745
2009-08-12,committee_dispersion,2009-07-24,-12,0.02835950255393982
2009-08-12,committee_dispersion,2009-07-27,-11,0.032869718968868256
2009-08-12,committee_dispersion,2009-07-28,-10,0.03783140331506729
2009-08-12,committee_dispersion,2009-07-29,-9,0.030590113252401352
2009-08-12,committee_dispersion,2009-07-30,-8,0.031069209799170494
2009-08-12,committee_dispersion,2009-07-31,-7,0.023752233013510704
2009-08-12,committee_dispersion,2009-08-03,-6,0.028957968577742577
2009-08-12,committee_dispersion,2009-08-04,-5,0.025672366842627525
2009-08-12,committee_dispersion,2009-08-05,-4,0.034500256180763245
2009-08-12,committee_dispersion,2009-08-06,-3,0.038426730781793594
2009-08-12,committee_dispersion,2009-08-07,-2,0.03234274685382843
2009-08-12,committee_dispersion,2009-08-10,-1,0.03937454894185066
2009-08-12,committee_dispersion,2009-08-11,0,0.029872413724660873
2009-08-12,policy_uncertainty,2009-06-25,-32,0.03329905867576599
2009-08-12,policy_uncertainty,2009-06-26,-31,0.03462814912199974
2009-08-12,policy_uncertainty,2009-06-29,-30,0.03414986655116081
2009-08-12,policy_uncertainty,2009-06-30,-29,0.03270970284938812
2009-08-12,policy_uncertainty,2009-07-01,-28,0.03295977786183357
2009-08-12,policy_uncertainty,2009-07-02,-27,0.03277118504047394
2009-08-12,policy_uncertainty,2009-07-06,-26,0.03190024942159653
2009-08-12,policy_uncertainty,2009-07-07,-25,0.03226355463266373
2009-08-12,policy_uncertainty,2009-07-08,-24,0.03289934620261192
2009-08-12,policy_uncertainty,2009-07-09,-23,0.03622789308428764
2009-08-12,policy_uncertainty,2009-07-10,-22,0.03212857246398926
2009-08-12,policy_uncertainty,2009-07-13,-21,0.02954670786857605
2009-08-12,policy_uncertainty,2009-07-14,-20,0.0273304283618927
2009-08-12,policy_uncertainty,2009-07-15,-19,0.029035057872533798
2009-08-12,policy_uncertainty,2009-07-16,-18,0.02634618803858757
2009-08-12,policy_uncertainty,2009-07-17,-17,0.02916818857192993
2009-08-12,policy_uncertainty,2009-07-20,-16,0.02689770981669426
2009-08-12,policy_uncertainty,2009-07-21,-15,0.028776291757822037
2009-08-12,policy_uncertainty,2009-07-22,-14,0.031427063047885895
2009-08-12,policy_uncertainty,2009-07-23,-13,0.03302876278758049
2009-08-12,policy_uncertainty,2009-07-24,-12,0.03226872906088829
2009-08-12,policy_uncertainty,2009-07-27,-11,0.02932899259030819
2009-08-12,policy_uncertainty,2009-07-28,-10,0.026286836713552475
2009-08-12,policy_uncertainty,2009-07-29,-9,0.028975194320082664
2009-08-12,policy_uncertainty,2009-07-30,-8,0.029058117419481277
2009-08-12,policy_uncertainty,2009-07-31,-7,0.02815857157111168
2009-08-12,policy_uncertainty,2009-08-03,-6,0.02874162420630455
2009-08-12,policy_uncertainty,2009-08-04,-5,0.028128646314144135
2009-08-12,policy_uncertainty,2009-08-05,-4,0.02921469509601593
2009-08-12,policy_uncertainty,2009-08-06,-3,0.025686033070087433
2009-08-12,policy_uncertainty,2009-08-07,-2,0.027730517089366913
2009-08-12,policy_uncertainty,2009-08-10,-1,0.025700250640511513
2009-08-12,policy_uncertainty,2009-08-11,0,0.033228058367967606
2009-08-12,forward_guidance_strength,2009-06-25,-32,0.02760806679725647
2009-08-12,forward_guidance_strength,2009-06-26,-31,0.02643771469593048
2009-08-12,forward_guidance_strength,2009-06-29,-30,0.029280519112944603
2009-08-12,forward_guidance_strength,2009-06-30,-29,0.029220685362815857
2009-08-12,forward_guidance_strength,2009-07-01,-28,0.029805613681674004
2009-08-12,forward_guidance_strength,2009-07-02,-27,0.029614001512527466
2009-08-12,forward_guidance_strength,2009-07-06,-26,0.027853216975927353
2009-08-12,forward_guidance_strength,2009-07-07,-25,0.030125079676508904
2009-08-12,forward_guidance_strength,2009-07-08,-24,0.02504628151655197
2009-08-12,forward_guidance_strength,2009-07-09,-23,0.02643287181854248
2009-08-12,forward_guidance_strength,2009-07-10,-22,0.02465519681572914
2009-08-12,forward_guidance_strength,2009-07-13,-21,0.028732607141137123
2009-08-12,forward_guidance_strength,2009-07-14,-20,0.029509279876947403
2009-08-12,forward_guidance_strength,2009-07-15,-19,0.03012978285551071
2009-08-12,forward_guidance_strength,2009-07-16,-18,0.037205807864665985
2009-08-12,forward_guidance_strength,2009-07-17,-17,0.031107502058148384
2009-08-12,forward_guidance_strength,2009-07-20,-16,0.030975190922617912
2009-08-12,forward_guidance_strength,2009-07-21,-15,0.03046010248363018
2009-08-12,forward_guidance_strength,2009-07-22,-14,0.02656971849501133
2009-08-12,forward_guidance_strength,2009-07-23,-13,0.02898719534277916
2009-08-12,forward_guidance_strength,2009-07-24,-12,0.02816252037882805
2009-08-12,forward_guidance_strength,2009-07-27,-11,0.032888490706682205
2009-08-12,forward_guidance_strength,2009-07-28,-10,0.03910205513238907
2009-08-12,forward_guidance_strength,2009-07-29,-9,0.03149550035595894
2009-08-12,forward_guidance_strength,2009-07-30,-8,0.03149138018488884
2009-08-12,forward_guidance_strength,2009-07-31,-7,0.02434028685092926
2009-08-12,forward_guidance_strength,2009-08-03,-6,0.029063686728477478
2009-08-12,forward_guidance_strength,2009-08-04,-5,0.02630624547600746
2009-08-12,forward_guidance_strength,2009-08-05,-4,0.03347861394286156
2009-08-12,forward_guidance_strength,2009-08-06,-3,0.04048267379403114
2009-08-12,forward_guidance_strength,2009-08-07,-2,0.03333471342921257
2009-08-12,forward_guidance_strength,2009-08-10,-1,0.04036879912018776
2009-08-12,forward_guidance_strength,2009-08-11,0,0.029728543013334274
2009-09-23,rate_decision,2009-08-13,-27,0.04173809289932251
2009-09-23,rate_decision,2009-08-14,-26,0.04102489352226257
2009-09-23,rate_decision,2009-08-17,-25,0.04161001741886139
2009-09-23,rate_decision,2009-08-18,-24,0.04163237661123276
2009-09-23,rate_decision,2009-08-19,-23,0.03771179914474487
2009-09-23,rate_decision,2009-08-20,-22,0.03581448644399643
2009-09-23,rate_decision,2009-08-21,-21,0.033571746200323105
2009-09-23,rate_decision,2009-08-24,-20,0.04011819139122963
2009-09-23,rate_decision,2009-08-25,-19,0.032473061233758926
2009-09-23,rate_decision,2009-08-26,-18,0.03241097182035446
2009-09-23,rate_decision,2009-08-27,-17,0.038084812462329865
2009-09-23,rate_decision,2009-08-28,-16,0.03648822754621506
2009-09-23,rate_decision,2009-08-31,-15,0.04140269011259079
2009-09-23,rate_decision,2009-09-01,-14,0.04021292179822922
2009-09-23,rate_decision,2009-09-02,-13,0.03823418915271759
2009-09-23,rate_decision,2009-09-03,-12,0.03519516438245773
2009-09-23,rate_decision,2009-09-04,-11,0.03119538724422455
2009-09-23,rate_decision,2009-09-08,-10,0.03075646236538887
2009-09-23,rate_decision,2009-09-09,-9,0.03399376943707466
2009-09-23,rate_decision,2009-09-10,-8,0.033740170300006866
2009-09-23,rate_decision,2009-09-11,-7,0.03476523980498314
2009-09-23,rate_decision,2009-09-14,-6,0.0347989946603775
2009-09-23,rate_decision,2009-09-15,-5,0.03706783801317215
2009-09-23,rate_decision,2009-09-16,-4,0.029828600585460663
2009-09-23,rate_decision,2009-09-17,-3,0.02877321094274521
2009-09-23,rate_decision,2009-09-18,-2,0.028766024857759476
2009-09-23,rate_decision,2009-09-21,-1,0.03657210245728493
2009-09-23,rate_decision,2009-09-22,0,0.032018546015024185
2009-09-23,current_policy_stance,2009-08-13,-27,0.03370115906000137
2009-09-23,current_policy_stance,2009-08-14,-26,0.035823922604322433
2009-09-23,current_policy_stance,2009-08-17,-25,0.03732817992568016
2009-09-23,current_policy_stance,2009-08-18,-24,0.038852229714393616
2009-09-23,current_policy_stance,2009-08-19,-23,0.035607628524303436
2009-09-23,current_policy_stance,2009-08-20,-22,0.03656008839607239
2009-09-23,current_policy_stance,2009-08-21,-21,0.0373070202767849
2009-09-23,current_policy_stance,2009-08-24,-20,0.033363062888383865
2009-09-23,current_policy_stance,2009-08-25,-19,0.034343041479587555
2009-09-23,current_policy_stance,2009-08-26,-18,0.030949365347623825
2009-09-23,current_policy_stance,2009-08-27,-17,0.0352228544652462
2009-09-23,current_policy_stance,2009-08-28,-16,0.033625420182943344
2009-09-23,current_policy_stance,2009-08-31,-15,0.04023930802941322
2009-09-23,current_policy_stance,2009-09-01,-14,0.04322802647948265
2009-09-23,current_policy_stance,2009-09-02,-13,0.04338529706001282
2009-09-23,current_policy_stance,2009-09-03,-12,0.04083617404103279
2009-09-23,current_policy_stance,2009-09-04,-11,0.03953170031309128
2009-09-23,current_policy_stance,2009-09-08,-10,0.04029152914881706
2009-09-23,current_policy_stance,2009-09-09,-9,0.03958989679813385
2009-09-23,current_policy_stance,2009-09-10,-8,0.0350518561899662
2009-09-23,current_policy_stance,2009-09-11,-7,0.039820924401283264
2009-09-23,current_policy_stance,2009-09-14,-6,0.03586850315332413
2009-09-23,current_policy_stance,2009-09-15,-5,0.0366487018764019
2009-09-23,current_policy_stance,2009-09-16,-4,0.03006395697593689
2009-09-23,current_policy_stance,2009-09-17,-3,0.026652084663510323
2009-09-23,current_policy_stance,2009-09-18,-2,0.03184409439563751
2009-09-23,current_policy_stance,2009-09-21,-1,0.028132304549217224
2009-09-23,current_policy_stance,2009-09-22,0,0.026131674647331238
2009-09-23,policy_stance_shift,2009-08-13,-27,0.03461292386054993
2009-09-23,policy_stance_shift,2009-08-14,-26,0.03540770709514618
2009-09-23,policy_stance_shift,2009-08-17,-25,0.03586745262145996
2009-09-23,policy_stance_shift,2009-08-18,-24,0.036818649619817734
2009-09-23,policy_stance_shift,2009-08-19,-23,0.03795064985752106
2009-09-23,policy_stance_shift,2009-08-20,-22,0.03459441661834717
2009-09-23,policy_stance_shift,2009-08-21,-21,0.0400262326002121
2009-09-23,policy_stance_shift,2009-08-24,-20,0.035851649940013885
2009-09-23,policy_stance_shift,2009-08-25,-19,0.03570950776338577
2009-09-23,policy_stance_shift,2009-08-26,-18,0.035020679235458374
2009-09-23,policy_stance_shift,2009-08-27,-17,0.0345410592854023
2009-09-23,policy_stance_shift,2009-08-28,-16,0.03778579831123352
2009-09-23,policy_stance_shift,2009-08-31,-15,0.03474605083465576
2009-09-23,policy_stance_shift,2009-09-01,-14,0.03618047758936882
2009-09-23,policy_stance_shift,2009-09-02,-13,0.03293079510331154
2009-09-23,policy_stance_shift,2009-09-03,-12,0.03558826446533203
2009-09-23,policy_stance_shift,2009-09-04,-11,0.03727823495864868
2009-09-23,policy_stance_shift,2009-09-08,-10,0.03497079014778137
2009-09-23,policy_stance_shift,2009-09-09,-9,0.03527629375457764
2009-09-23,policy_stance_shift,2009-09-10,-8,0.03277940675616264
2009-09-23,policy_stance_shift,2009-09-11,-7,0.033130716532468796
2009-09-23,policy_stance_shift,2009-09-14,-6,0.03649722412228584
2009-09-23,policy_stance_shift,2009-09-15,-5,0.03275047987699509
2009-09-23,policy_stance_shift,2009-09-16,-4,0.03774022310972214
2009-09-23,policy_stance_shift,2009-09-17,-3,0.03483378142118454
2009-09-23,policy_stance_shift,2009-09-18,-2,0.03501473367214203
2009-09-23,policy_stance_shift,2009-09-21,-1,0.0396612174808979
2009-09-23,policy_stance_shift,2009-09-22,0,0.0364345982670784
2009-09-23,expected_rate_path_shift,2009-08-13,-27,0.034582313150167465
2009-09-23,expected_rate_path_shift,2009-08-14,-26,0.03639688715338707
2009-09-23,expected_rate_path_shift,2009-08-17,-25,0.03694294020533562
2009-09-23,expected_rate_path_shift,2009-08-18,-24,0.039352696388959885
2009-09-23,expected_rate_path_shift,2009-08-19,-23,0.04022464156150818
2009-09-23,expected_rate_path_shift,2009-08-20,-22,0.03659256547689438
2009-09-23,expected_rate_path_shift,2009-08-21,-21,0.041239939630031586
2009-09-23,expected_rate_path_shift,2009-08-24,-20,0.03477359563112259
2009-09-23,expected_rate_path_shift,2009-08-25,-19,0.03630737215280533
2009-09-23,expected_rate_path_shift,2009-08-26,-18,0.03357202187180519
2009-09-23,expected_rate_path_shift,2009-08-27,-17,0.03501719981431961
2009-09-23,expected_rate_path_shift,2009-08-28,-16,0.03729979693889618
2009-09-23,expected_rate_path_shift,2009-08-31,-15,0.03635628893971443
2009-09-23,expected_rate_path_shift,2009-09-01,-14,0.03902629762887955
2009-09-23,expected_rate_path_shift,2009-09-02,-13,0.03610766679048538
2009-09-23,expected_rate_path_shift,2009-09-03,-12,0.03867568075656891
2009-09-23,expected_rate_path_shift,2009-09-04,-11,0.03972482681274414
2009-09-23,expected_rate_path_shift,2009-09-08,-10,0.037417925894260406
2009-09-23,expected_rate_path_shift,2009-09-09,-9,0.03643762692809105
2009-09-23,expected_rate_path_shift,2009-09-10,-8,0.03191523253917694
2009-09-23,expected_rate_path_shift,2009-09-11,-7,0.033011920750141144
2009-09-23,expected_rate_path_shift,2009-09-14,-6,0.03543877601623535
2009-09-23,expected_rate_path_shift,2009-09-15,-5,0.03170362487435341
2009-09-23,expected_rate_path_shift,2009-09-16,-4,0.03399179130792618
2009-09-23,expected_rate_path_shift,2009-09-17,-3,0.0301104374229908
2009-09-23,expected_rate_path_shift,2009-09-18,-2,0.032812777906656265
2009-09-23,expected_rate_path_shift,2009-09-21,-1,0.03464163839817047
2009-09-23,expected_rate_path_shift,2009-09-22,0,0.03032553195953369
2009-09-23,inflation_assessment_shift,2009-08-13,-27,0.03473203629255295
2009-09-23,inflation_assessment_shift,2009-08-14,-26,0.03594575822353363
2009-09-23,inflation_assessment_shift,2009-08-17,-25,0.036726079881191254
2009-09-23,inflation_assessment_shift,2009-08-18,-24,0.03830373287200928
2009-09-23,inflation_assessment_shift,2009-08-19,-23,0.0387471467256546
2009-09-23,inflation_assessment_shift,2009-08-20,-22,0.0351964607834816
2009-09-23,inflation_assessment_shift,2009-08-21,-21,0.040453970432281494
2009-09-23,inflation_assessment_shift,2009-08-24,-20,0.036344774067401886
2009-09-23,inflation_assessment_shift,2009-08-25,-19,0.035655468702316284
2009-09-23,inflation_assessment_shift,2009-08-26,-18,0.03433896601200104
2009-09-23,inflation_assessment_shift,2009-08-27,-17,0.035343363881111145
2009-09-23,inflation_assessment_shift,2009-08-28,-16,0.037809789180755615
2009-09-23,inflation_assessment_shift,2009-08-31,-15,0.03639966621994972
2009-09-23,inflation_assessment_shift,2009-09-01,-14,0.038195542991161346
2009-09-23,inflation_assessment_shift,2009-09-02,-13,0.035245463252067566
2009-09-23,inflation_assessment_shift,2009-09-03,-12,0.03727307915687561
2009-09-23,inflation_assessment_shift,2009-09-04,-11,0.03749813884496689
2009-09-23,inflation_assessment_shift,2009-09-08,-10,0.03561936318874359
2009-09-23,inflation_assessment_shift,2009-09-09,-9,0.03620698302984238
2009-09-23,inflation_assessment_shift,2009-09-10,-8,0.03304876759648323
2009-09-23,inflation_assessment_shift,2009-09-11,-7,0.033348847180604935
2009-09-23,inflation_assessment_shift,2009-09-14,-6,0.03522428497672081
2009-09-23,inflation_assessment_shift,2009-09-15,-5,0.032330162823200226
2009-09-23,inflation_assessment_shift,2009-09-16,-4,0.03488004952669144
2009-09-23,inflation_assessment_shift,2009-09-17,-3,0.031915318220853806
2009-09-23,inflation_assessment_shift,2009-09-18,-2,0.033187538385391235
2009-09-23,inflation_assessment_shift,2009-09-21,-1,0.03668534755706787
2009-09-23,inflation_assessment_shift,2009-09-22,0,0.03334389254450798
2009-09-23,inflation_risk_shift,2009-08-13,-27,0.03504844754934311
2009-09-23,inflation_risk_shift,2009-08-14,-26,0.035147152841091156
2009-09-23,inflation_risk_shift,2009-08-17,-25,0.03500776365399361
2009-09-23,inflation_risk_shift,2009-08-18,-24,0.035572998225688934
2009-09-23,inflation_risk_shift,2009-08-19,-23,0.03895910456776619
2009-09-23,inflation_risk_shift,2009-08-20,-22,0.03488270193338394
2009-09-23,inflation_risk_shift,2009-08-21,-21,0.04042070358991623
2009-09-23,inflation_risk_shift,2009-08-24,-20,0.036740612238645554
2009-09-23,inflation_risk_shift,2009-08-25,-19,0.03615313023328781
2009-09-23,inflation_risk_shift,2009-08-26,-18,0.03638385608792305
2009-09-23,inflation_risk_shift,2009-08-27,-17,0.035112302750349045
2009-09-23,inflation_risk_shift,2009-08-28,-16,0.03852987661957741
2009-09-23,inflation_risk_shift,2009-08-31,-15,0.033299725502729416
2009-09-23,inflation_risk_shift,2009-09-01,-14,0.03409937024116516
2009-09-23,inflation_risk_shift,2009-09-02,-13,0.031966682523489
2009-09-23,inflation_risk_shift,2009-09-03,-12,0.03560490161180496
2009-09-23,inflation_risk_shift,2009-09-04,-11,0.03741510212421417
2009-09-23,inflation_risk_shift,2009-09-08,-10,0.03483981639146805
2009-09-23,inflation_risk_shift,2009-09-09,-9,0.0344911552965641
2009-09-23,inflation_risk_shift,2009-09-10,-8,0.032091379165649414
2009-09-23,inflation_risk_shift,2009-09-11,-7,0.03154277428984642
2009-09-23,inflation_risk_shift,2009-09-14,-6,0.03589613735675812
2009-09-23,inflation_risk_shift,2009-09-15,-5,0.03161316365003586
2009-09-23,inflation_risk_shift,2009-09-16,-4,0.03786260634660721
2009-09-23,inflation_risk_shift,2009-09-17,-3,0.03574560955166817
2009-09-23,inflation_risk_shift,2009-09-18,-2,0.03518921509385109
2009-09-23,inflation_risk_shift,2009-09-21,-1,0.04136837273836136
2009-09-23,inflation_risk_shift,2009-09-22,0,0.03901532664895058
2009-09-23,unemployment_assessment_shift,2009-08-13,-27,0.0345679447054863
2009-09-23,unemployment_assessment_shift,2009-08-14,-26,0.03741677105426788
2009-09-23,unemployment_assessment_shift,2009-08-17,-25,0.038691505789756775
2009-09-23,unemployment_assessment_shift,2009-08-18,-24,0.041140612214803696
2009-09-23,unemployment_assessment_shift,2009-08-19,-23,0.039728790521621704
2009-09-23,unemployment_assessment_shift,2009-08-20,-22,0.03685203939676285
2009-09-23,unemployment_assessment_shift,2009-08-21,-21,0.03954343870282173
2009-09-23,unemployment_assessment_shift,2009-08-24,-20,0.03572337329387665
2009-09-23,unemployment_assessment_shift,2009-08-25,-19,0.03516622632741928
2009-09-23,unemployment_assessment_shift,2009-08-26,-18,0.03200454264879227
2009-09-23,unemployment_assessment_shift,2009-08-27,-17,0.03424541652202606
2009-09-23,unemployment_assessment_shift,2009-08-28,-16,0.0348634198307991
2009-09-23,unemployment_assessment_shift,2009-08-31,-15,0.0380830317735672
2009-09-23,unemployment_assessment_shift,2009-09-01,-14,0.04176273196935654
2009-09-23,unemployment_assessment_shift,2009-09-02,-13,0.03972073644399643
2009-09-23,unemployment_assessment_shift,2009-09-03,-12,0.03935689479112625
2009-09-23,unemployment_assessment_shift,2009-09-04,-11,0.0390457920730114
2009-09-23,unemployment_assessment_shift,2009-09-08,-10,0.03781602531671524
2009-09-23,unemployment_assessment_shift,2009-09-09,-9,0.03766555339097977
2009-09-23,unemployment_assessment_shift,2009-09-10,-8,0.03348291292786598
2009-09-23,unemployment_assessment_shift,2009-09-11,-7,0.03545745462179184
2009-09-23,unemployment_assessment_shift,2009-09-14,-6,0.03470836579799652
2009-09-23,unemployment_assessment_shift,2009-09-15,-5,0.03341935575008392
2009-09-23,unemployment_assessment_shift,2009-09-16,-4,0.0311066135764122
2009-09-23,unemployment_assessment_shift,2009-09-17,-3,0.027866467833518982
2009-09-23,unemployment_assessment_shift,2009-09-18,-2,0.03170394152402878
2009-09-23,unemployment_assessment_shift,2009-09-21,-1,0.031213797628879547
2009-09-23,unemployment_assessment_shift,2009-09-22,0,0.027646280825138092
2009-09-23,labor_market_risk_shift,2009-08-13,-27,0.035452596843242645
2009-09-23,labor_market_risk_shift,2009-08-14,-26,0.037051957100629807
2009-09-23,labor_market_risk_shift,2009-08-17,-25,0.03777454420924187
2009-09-23,labor_market_risk_shift,2009-08-18,-24,0.040005628019571304
2009-09-23,labor_market_risk_shift,2009-08-19,-23,0.03983694687485695
2009-09-23,labor_market_risk_shift,2009-08-20,-22,0.03608326613903046
2009-09-23,labor_market_risk_shift,2009-08-21,-21,0.04091453179717064
2009-09-23,labor_market_risk_shift,2009-08-24,-20,0.035831157118082047
2009-09-23,labor_market_risk_shift,2009-08-25,-19,0.036627888679504395
2009-09-23,labor_market_risk_shift,2009-08-26,-18,0.034120701253414154
2009-09-23,labor_market_risk_shift,2009-08-27,-17,0.03568120300769806
2009-09-23,labor_market_risk_shift,2009-08-28,-16,0.03837776556611061
2009-09-23,labor_market_risk_shift,2009-08-31,-15,0.03775877133011818
2009-09-23,labor_market_risk_shift,2009-09-01,-14,0.04001995176076889
2009-09-23,labor_market_risk_shift,2009-09-02,-13,0.03654700517654419
2009-09-23,labor_market_risk_shift,2009-09-03,-12,0.03853703662753105
2009-09-23,labor_market_risk_shift,2009-09-04,-11,0.03823690861463547
2009-09-23,labor_market_risk_shift,2009-09-08,-10,0.03584917634725571
2009-09-23,labor_market_risk_shift,2009-09-09,-9,0.03644249588251114
2009-09-23,labor_market_risk_shift,2009-09-10,-8,0.032765425741672516
2009-09-23,labor_market_risk_shift,2009-09-11,-7,0.03336908668279648
2009-09-23,labor_market_risk_shift,2009-09-14,-6,0.034710947424173355
2009-09-23,labor_market_risk_shift,2009-09-15,-5,0.031080937013030052
2009-09-23,labor_market_risk_shift,2009-09-16,-4,0.03269176557660103
2009-09-23,labor_market_risk_shift,2009-09-17,-3,0.02929285727441311
2009-09-23,labor_market_risk_shift,2009-09-18,-2,0.0314200334250927
2009-09-23,labor_market_risk_shift,2009-09-21,-1,0.033429186791181564
2009-09-23,labor_market_risk_shift,2009-09-22,0,0.030090227723121643
2009-09-23,growth_activity_shift,2009-08-13,-27,0.03630656749010086
2009-09-23,growth_activity_shift,2009-08-14,-26,0.035292163491249084
2009-09-23,growth_activity_shift,2009-08-17,-25,0.03437086194753647
2009-09-23,growth_activity_shift,2009-08-18,-24,0.03412817791104317
2009-09-23,growth_activity_shift,2009-08-19,-23,0.03786967322230339
2009-09-23,growth_activity_shift,2009-08-20,-22,0.034180738031864166
2009-09-23,growth_activity_shift,2009-08-21,-21,0.03795839846134186
2009-09-23,growth_activity_shift,2009-08-24,-20,0.03707645833492279
2009-09-23,growth_activity_shift,2009-08-25,-19,0.036101486533880234
2009-09-23,growth_activity_shift,2009-08-26,-18,0.037773311138153076
2009-09-23,growth_activity_shift,2009-08-27,-17,0.034628864377737045
2009-09-23,growth_activity_shift,2009-08-28,-16,0.03837765008211136
2009-09-23,growth_activity_shift,2009-08-31,-15,0.03150589391589165
2009-09-23,growth_activity_shift,2009-09-01,-14,0.031314417719841
2009-09-23,growth_activity_shift,2009-09-02,-13,0.02997744269669056
2009-09-23,growth_activity_shift,2009-09-03,-12,0.03354407474398613
2009-09-23,growth_activity_shift,2009-09-04,-11,0.035574186593294144
2009-09-23,growth_activity_shift,2009-09-08,-10,0.032456789165735245
2009-09-23,growth_activity_shift,2009-09-09,-9,0.032747551798820496
2009-09-23,growth_activity_shift,2009-09-10,-8,0.03297603875398636
2009-09-23,growth_activity_shift,2009-09-11,-7,0.031006623059511185
2009-09-23,growth_activity_shift,2009-09-14,-6,0.0357012040913105
2009-09-23,growth_activity_shift,2009-09-15,-5,0.031235357746481895
2009-09-23,growth_activity_shift,2009-09-16,-4,0.03978312760591507
2009-09-23,growth_activity_shift,2009-09-17,-3,0.04039434343576431
2009-09-23,growth_activity_shift,2009-09-18,-2,0.03589547052979469
2009-09-23,growth_activity_shift,2009-09-21,-1,0.04470588639378548
2009-09-23,growth_activity_shift,2009-09-22,0,0.04711727052927017
2009-09-23,financial_conditions_shift,2009-08-13,-27,0.035066019743680954
2009-09-23,financial_conditions_shift,2009-08-14,-26,0.036730024963617325
2009-09-23,financial_conditions_shift,2009-08-17,-25,0.0378371998667717
2009-09-23,financial_conditions_shift,2009-08-18,-24,0.03955645486712456
2009-09-23,financial_conditions_shift,2009-08-19,-23,0.03967570140957832
2009-09-23,financial_conditions_shift,2009-08-20,-22,0.03564709052443504
2009-09-23,financial_conditions_shift,2009-08-21,-21,0.040562115609645844
2009-09-23,financial_conditions_shift,2009-08-24,-20,0.03527243807911873
2009-09-23,financial_conditions_shift,2009-08-25,-19,0.035082973539829254
2009-09-23,financial_conditions_shift,2009-08-26,-18,0.03303038328886032
2009-09-23,financial_conditions_shift,2009-08-27,-17,0.034773677587509155
2009-09-23,financial_conditions_shift,2009-08-28,-16,0.03664766252040863
2009-09-23,financial_conditions_shift,2009-08-31,-15,0.037987906485795975
2009-09-23,financial_conditions_shift,2009-09-01,-14,0.04045511782169342
2009-09-23,financial_conditions_shift,2009-09-02,-13,0.03801989555358887
2009-09-23,financial_conditions_shift,2009-09-03,-12,0.03871103376150131
2009-09-23,financial_conditions_shift,2009-09-04,-11,0.03925430774688721
2009-09-23,financial_conditions_shift,2009-09-08,-10,0.03745381534099579
2009-09-23,financial_conditions_shift,2009-09-09,-9,0.037206679582595825
2009-09-23,financial_conditions_shift,2009-09-10,-8,0.03255317360162735
2009-09-23,financial_conditions_shift,2009-09-11,-7,0.03406301140785217
2009-09-23,financial_conditions_shift,2009-09-14,-6,0.03461383655667305
2009-09-23,financial_conditions_shift,2009-09-15,-5,0.032723523676395416
2009-09-23,financial_conditions_shift,2009-09-16,-4,0.03221540153026581
2009-09-23,financial_conditions_shift,2009-09-17,-3,0.028866972774267197
2009-09-23,financial_conditions_shift,2009-09-18,-2,0.032980650663375854
2009-09-23,financial_conditions_shift,2009-09-21,-1,0.03416701406240463
2009-09-23,financial_conditions_shift,2009-09-22,0,0.028845949098467827
2009-09-23,balance_sheet_policy_shift,2009-08-13,-27,0.03395106643438339
2009-09-23,balance_sheet_policy_shift,2009-08-14,-26,0.03606507182121277
2009-09-23,balance_sheet_policy_shift,2009-08-17,-25,0.037268780171871185
2009-09-23,balance_sheet_policy_shift,2009-08-18,-24,0.03844279423356056
2009-09-23,balance_sheet_policy_shift,2009-08-19,-23,0.03511069342494011
2009-09-23,balance_sheet_policy_shift,2009-08-20,-22,0.036784905940294266
2009-09-23,balance_sheet_policy_shift,2009-08-21,-21,0.03617590293288231
2009-09-23,balance_sheet_policy_shift,2009-08-24,-20,0.03324154391884804
2009-09-23,balance_sheet_policy_shift,2009-08-25,-19,0.034213412553071976
2009-09-23,balance_sheet_policy_shift,2009-08-26,-18,0.03127159923315048
2009-09-23,balance_sheet_policy_shift,2009-08-27,-17,0.035206444561481476
2009-09-23,balance_sheet_policy_shift,2009-08-28,-16,0.0332692489027977
2009-09-23,balance_sheet_policy_shift,2009-08-31,-15,0.04038161784410477
2009-09-23,balance_sheet_policy_shift,2009-09-01,-14,0.042863234877586365
2009-09-23,balance_sheet_policy_shift,2009-09-02,-13,0.044295523315668106
2009-09-23,balance_sheet_policy_shift,2009-09-03,-12,0.0405292734503746
2009-09-23,balance_sheet_policy_shift,2009-09-04,-11,0.038903601467609406
2009-09-23,balance_sheet_policy_shift,2009-09-08,-10,0.04012535512447357
2009-09-23,balance_sheet_policy_shift,2009-09-09,-9,0.03926267474889755
2009-09-23,balance_sheet_policy_shift,2009-09-10,-8,0.03564513847231865
2009-09-23,balance_sheet_policy_shift,2009-09-11,-7,0.04065123200416565
2009-09-23,balance_sheet_policy_shift,2009-09-14,-6,0.03570128604769707
2009-09-23,balance_sheet_policy_shift,2009-09-15,-5,0.037332311272621155
2009-09-23,balance_sheet_policy_shift,2009-09-16,-4,0.029972638934850693
2009-09-23,balance_sheet_policy_shift,2009-09-17,-3,0.027256760746240616
2009-09-23,balance_sheet_policy_shift,2009-09-18,-2,0.03198642656207085
2009-09-23,balance_sheet_policy_shift,2009-09-21,-1,0.027668677270412445
2009-09-23,balance_sheet_policy_shift,2009-09-22,0,0.026422733440995216
2009-09-23,risk_balance_shift,2009-08-13,-27,0.03552011027932167
2009-09-23,risk_balance_shift,2009-08-14,-26,0.035457052290439606
2009-09-23,risk_balance_shift,2009-08-17,-25,0.0352134071290493
2009-09-23,risk_balance_shift,2009-08-18,-24,0.035914063453674316
2009-09-23,risk_balance_shift,2009-08-19,-23,0.038565367460250854
2009-09-23,risk_balance_shift,2009-08-20,-22,0.03465735912322998
2009-09-23,risk_balance_shift,2009-08-21,-21,0.03941081091761589
2009-09-23,risk_balance_shift,2009-08-24,-20,0.036703698337078094
2009-09-23,risk_balance_shift,2009-08-25,-19,0.03615294396877289
2009-09-23,risk_balance_shift,2009-08-26,-18,0.03614421188831329
2009-09-23,risk_balance_shift,2009-08-27,-17,0.03417835012078285
2009-09-23,risk_balance_shift,2009-08-28,-16,0.037734758108854294
2009-09-23,risk_balance_shift,2009-08-31,-15,0.03251345083117485
2009-09-23,risk_balance_shift,2009-09-01,-14,0.03314938768744469
2009-09-23,risk_balance_shift,2009-09-02,-13,0.031225472688674927
2009-09-23,risk_balance_shift,2009-09-03,-12,0.03475113958120346
2009-09-23,risk_balance_shift,2009-09-04,-11,0.03636123612523079
2009-09-23,risk_balance_shift,2009-09-08,-10,0.03316778689622879
2009-09-23,risk_balance_shift,2009-09-09,-9,0.033656004816293716
2009-09-23,risk_balance_shift,2009-09-10,-8,0.032707978039979935
2009-09-23,risk_balance_shift,2009-09-11,-7,0.03151308745145798
2009-09-23,risk_balance_shift,2009-09-14,-6,0.035540107637643814
2009-09-23,risk_balance_shift,2009-09-15,-5,0.031586769968271255
2009-09-23,risk_balance_shift,2009-09-16,-4,0.0384550504386425
2009-09-23,risk_balance_shift,2009-09-17,-3,0.03770533576607704
2009-09-23,risk_balance_shift,2009-09-18,-2,0.03586136922240257
2009-09-23,risk_balance_shift,2009-09-21,-1,0.04290603846311569
2009-09-23,risk_balance_shift,2009-09-22,0,0.04324765503406525
2009-09-23,committee_dispersion,2009-08-13,-27,0.03573140501976013
2009-09-23,committee_dispersion,2009-08-14,-26,0.03525667265057564
2009-09-23,committee_dispersion,2009-08-17,-25,0.03445467725396156
2009-09-23,committee_dispersion,2009-08-18,-24,0.0351511649787426
2009-09-23,committee_dispersion,2009-08-19,-23,0.038399018347263336
2009-09-23,committee_dispersion,2009-08-20,-22,0.033669363707304
2009-09-23,committee_dispersion,2009-08-21,-21,0.03954339399933815
2009-09-23,committee_dispersion,2009-08-24,-20,0.03653669357299805
2009-09-23,committee_dispersion,2009-08-25,-19,0.03632913902401924
2009-09-23,committee_dispersion,2009-08-26,-18,0.03684043884277344
2009-09-23,committee_dispersion,2009-08-27,-17,0.0344797782599926
2009-09-23,committee_dispersion,2009-08-28,-16,0.03883747756481171
2009-09-23,committee_dispersion,2009-08-31,-15,0.03258991986513138
2009-09-23,committee_dispersion,2009-09-01,-14,0.033303774893283844
2009-09-23,committee_dispersion,2009-09-02,-13,0.03081684187054634
2009-09-23,committee_dispersion,2009-09-03,-12,0.034388408064842224
2009-09-23,committee_dispersion,2009-09-04,-11,0.036477599292993546
2009-09-23,committee_dispersion,2009-09-08,-10,0.03308800607919693
2009-09-23,committee_dispersion,2009-09-09,-9,0.033863164484500885
2009-09-23,committee_dispersion,2009-09-10,-8,0.03275858610868454
2009-09-23,committee_dispersion,2009-09-11,-7,0.03129307180643082
2009-09-23,committee_dispersion,2009-09-14,-6,0.03594004362821579
2009-09-23,committee_dispersion,2009-09-15,-5,0.030874188989400864
2009-09-23,committee_dispersion,2009-09-16,-4,0.03969366475939751
2009-09-23,committee_dispersion,2009-09-17,-3,0.03794113174080849
2009-09-23,committee_dispersion,2009-09-18,-2,0.034829214215278625
2009-09-23,committee_dispersion,2009-09-21,-1,0.04285342991352081
2009-09-23,committee_dispersion,2009-09-22,0,0.04405970126390457
2009-09-23,policy_uncertainty,2009-08-13,-27,0.03431257605552673
2009-09-23,policy_uncertainty,2009-08-14,-26,0.03652350604534149
2009-09-23,policy_uncertainty,2009-08-17,-25,0.037666402757167816
2009-09-23,policy_uncertainty,2009-08-18,-24,0.03951360657811165
2009-09-23,policy_uncertainty,2009-08-19,-23,0.03803697228431702
2009-09-23,policy_uncertainty,2009-08-20,-22,0.03590061515569687
2009-09-23,policy_uncertainty,2009-08-21,-21,0.03952987492084503
2009-09-23,policy_uncertainty,2009-08-24,-20,0.0337652713060379
2009-09-23,policy_uncertainty,2009-08-25,-19,0.03551486134529114
2009-09-23,policy_uncertainty,2009-08-26,-18,0.0325220562517643
2009-09-23,policy_uncertainty,2009-08-27,-17,0.03539139777421951
2009-09-23,policy_uncertainty,2009-08-28,-16,0.03595724329352379
2009-09-23,policy_uncertainty,2009-08-31,-15,0.03946186974644661
2009-09-23,policy_uncertainty,2009-09-01,-14,0.04250917583703995
2009-09-23,policy_uncertainty,2009-09-02,-13,0.04034634679555893
2009-09-23,policy_uncertainty,2009-09-03,-12,0.04004403203725815
2009-09-23,policy_uncertainty,2009-09-04,-11,0.040153615176677704
2009-09-23,policy_uncertainty,2009-09-08,-10,0.03906117379665375
2009-09-23,policy_uncertainty,2009-09-09,-9,0.038414083421230316
2009-09-23,policy_uncertainty,2009-09-10,-8,0.03325625881552696
2009-09-23,policy_uncertainty,2009-09-11,-7,0.03627726063132286
2009-09-23,policy_uncertainty,2009-09-14,-6,0.03518889844417572
2009-09-23,policy_uncertainty,2009-09-15,-5,0.0336117148399353
2009-09-23,policy_uncertainty,2009-09-16,-4,0.03127753734588623
2009-09-23,policy_uncertainty,2009-09-17,-3,0.027157125994563103
2009-09-23,policy_uncertainty,2009-09-18,-2,0.03172857314348221
2009-09-23,policy_uncertainty,2009-09-21,-1,0.030066078528761864
2009-09-23,policy_uncertainty,2009-09-22,0,0.026811903342604637
2009-09-23,forward_guidance_strength,2009-08-13,-27,0.03629791736602783
2009-09-23,forward_guidance_strength,2009-08-14,-26,0.0348108671605587
2009-09-23,forward_guidance_strength,2009-08-17,-25,0.03419383242726326
2009-09-23,forward_guidance_strength,2009-08-18,-24,0.0340777263045311
2009-09-23,forward_guidance_strength,2009-08-19,-23,0.03720659390091896
2009-09-23,forward_guidance_strength,2009-08-20,-22,0.03381334990262985
2009-09-23,forward_guidance_strength,2009-08-21,-21,0.037673890590667725
2009-09-23,forward_guidance_strength,2009-08-24,-20,0.03693706914782524
2009-09-23,forward_guidance_strength,2009-08-25,-19,0.03588281571865082
2009-09-23,forward_guidance_strength,2009-08-26,-18,0.03745446354150772
2009-09-23,forward_guidance_strength,2009-08-27,-17,0.035004496574401855
2009-09-23,forward_guidance_strength,2009-08-28,-16,0.03852418437600136
2009-09-23,forward_guidance_strength,2009-08-31,-15,0.031874001026153564
2009-09-23,forward_guidance_strength,2009-09-01,-14,0.0317133292555809
2009-09-23,forward_guidance_strength,2009-09-02,-13,0.029514938592910767
2009-09-23,forward_guidance_strength,2009-09-03,-12,0.032603342086076736
2009-09-23,forward_guidance_strength,2009-09-04,-11,0.03506534919142723
2009-09-23,forward_guidance_strength,2009-09-08,-10,0.03301309049129486
2009-09-23,forward_guidance_strength,2009-09-09,-9,0.033234596252441406
2009-09-23,forward_guidance_strength,2009-09-10,-8,0.03309296444058418
2009-09-23,forward_guidance_strength,2009-09-11,-7,0.030856996774673462
2009-09-23,forward_guidance_strength,2009-09-14,-6,0.03579596057534218
2009-09-23,forward_guidance_strength,2009-09-15,-5,0.03174793720245361
2009-09-23,forward_guidance_strength,2009-09-16,-4,0.04009658843278885
2009-09-23,forward_guidance_strength,2009-09-17,-3,0.04066124185919762
2009-09-23,forward_guidance_strength,2009-09-18,-2,0.03645370155572891
2009-09-23,forward_guidance_strength,2009-09-21,-1,0.045341022312641144
2009-09-23,forward_guidance_strength,2009-09-22,0,0.04705771803855896
2009-11-04,rate_decision,2009-09-24,-27,0.04110081493854523
2009-11-04,rate_decision,2009-09-25,-26,0.03569026663899422
2009-11-04,rate_decision,2009-09-28,-25,0.0342334546148777
2009-11-04,rate_decision,2009-09-29,-24,0.03634056821465492
2009-11-04,rate_decision,2009-09-30,-23,0.03764423727989197
2009-11-04,rate_decision,2009-10-01,-22,0.03537390008568764
2009-11-04,rate_decision,2009-10-02,-21,0.0329611599445343
2009-11-04,rate_decision,2009-10-05,-20,0.03838717192411423
2009-11-04,rate_decision,2009-10-06,-19,0.03840390965342522
2009-11-04,rate_decision,2009-10-07,-18,0.03313566371798515
2009-11-04,rate_decision,2009-10-08,-17,0.03275613114237785
2009-11-04,rate_decision,2009-10-09,-16,0.033468976616859436
2009-11-04,rate_decision,2009-10-13,-15,0.03442038595676422
2009-11-04,rate_decision,2009-10-14,-14,0.029864899814128876
2009-11-04,rate_decision,2009-10-15,-13,0.036925990134477615
2009-11-04,rate_decision,2009-10-16,-12,0.04533091187477112
2009-11-04,rate_decision,2009-10-19,-11,0.03632240742444992
2009-11-04,rate_decision,2009-10-20,-10,0.0375654436647892
2009-11-04,rate_decision,2009-10-21,-9,0.033922530710697174
2009-11-04,rate_decision,2009-10-22,-8,0.029897604137659073
2009-11-04,rate_decision,2009-10-23,-7,0.02765275165438652
2009-11-04,rate_decision,2009-10-26,-6,0.033032018691301346
2009-11-04,rate_decision,2009-10-27,-5,0.0330423004925251
2009-11-04,rate_decision,2009-10-28,-4,0.036458879709243774
2009-11-04,rate_decision,2009-10-29,-3,0.0382109060883522
2009-11-04,rate_decision,2009-10-30,-2,0.04390454664826393
2009-11-04,rate_decision,2009-11-02,-1,0.04173922538757324
2009-11-04,rate_decision,2009-11-03,0,0.03221297636628151
2009-11-04,current_policy_stance,2009-09-24,-27,0.03247003257274628
2009-11-04,current_policy_stance,2009-09-25,-26,0.0326269268989563
2009-11-04,current_policy_stance,2009-09-28,-25,0.029540494084358215
2009-11-04,current_policy_stance,2009-09-29,-24,0.03188370168209076
2009-11-04,current_policy_stance,2009-09-30,-23,0.03365912288427353
2009-11-04,current_policy_stance,2009-10-01,-22,0.03443516045808792
2009-11-04,current_policy_stance,2009-10-02,-21,0.035662416368722916
2009-11-04,current_policy_stance,2009-10-05,-20,0.03913699835538864
2009-11-04,current_policy_stance,2009-10-06,-19,0.0426860973238945
2009-11-04,current_policy_stance,2009-10-07,-18,0.03372304514050484
2009-11-04,current_policy_stance,2009-10-08,-17,0.04218883812427521
2009-11-04,current_policy_stance,2009-10-09,-16,0.0364261232316494
2009-11-04,current_policy_stance,2009-10-13,-15,0.032416537404060364
2009-11-04,current_policy_stance,2009-10-14,-14,0.035605307668447495
2009-11-04,current_policy_stance,2009-10-15,-13,0.033163540065288544
2009-11-04,current_policy_stance,2009-10-16,-12,0.033427461981773376
2009-11-04,current_policy_stance,2009-10-19,-11,0.033684052526950836
2009-11-04,current_policy_stance,2009-10-20,-10,0.04476308077573776
2009-11-04,current_policy_stance,2009-10-21,-9,0.03596368432044983
2009-11-04,current_policy_stance,2009-10-22,-8,0.029848549515008926
2009-11-04,current_policy_stance,2009-10-23,-7,0.032519690692424774
2009-11-04,current_policy_stance,2009-10-26,-6,0.03410088270902634
2009-11-04,current_policy_stance,2009-10-27,-5,0.026864659041166306
2009-11-04,current_policy_stance,2009-10-28,-4,0.03560527786612511
2009-11-04,current_policy_stance,2009-10-29,-3,0.043255798518657684
2009-11-04,current_policy_stance,2009-10-30,-2,0.04423879086971283
2009-11-04,current_policy_stance,2009-11-02,-1,0.043756622821092606
2009-11-04,current_policy_stance,2009-11-03,0,0.03634710982441902
2009-11-04,policy_stance_shift,2009-09-24,-27,0.03354492411017418
2009-11-04,policy_stance_shift,2009-09-25,-26,0.03264925628900528
2009-11-04,policy_stance_shift,2009-09-28,-25,0.03099147230386734
2009-11-04,policy_stance_shift,2009-09-29,-24,0.032942626625299454
2009-11-04,policy_stance_shift,2009-09-30,-23,0.03347210958600044
2009-11-04,policy_stance_shift,2009-10-01,-22,0.030277017503976822
2009-11-04,policy_stance_shift,2009-10-02,-21,0.032725296914577484
2009-11-04,policy_stance_shift,2009-10-05,-20,0.03320915997028351
2009-11-04,policy_stance_shift,2009-10-06,-19,0.03799309581518173
2009-11-04,policy_stance_shift,2009-10-07,-18,0.03353609889745712
2009-11-04,policy_stance_shift,2009-10-08,-17,0.035871610045433044
2009-11-04,policy_stance_shift,2009-10-09,-16,0.03731599822640419
2009-11-04,policy_stance_shift,2009-10-13,-15,0.035680897533893585
2009-11-04,policy_stance_shift,2009-10-14,-14,0.03942912817001343
2009-11-04,policy_stance_shift,2009-10-15,-13,0.03977050259709358
2009-11-04,policy_stance_shift,2009-10-16,-12,0.03928765282034874
2009-11-04,policy_stance_shift,2009-10-19,-11,0.04064396768808365
2009-11-04,policy_stance_shift,2009-10-20,-10,0.033961281180381775
2009-11-04,policy_stance_shift,2009-10-21,-9,0.036111269146203995
2009-11-04,policy_stance_shift,2009-10-22,-8,0.03159593790769577
2009-11-04,policy_stance_shift,2009-10-23,-7,0.030690351501107216
2009-11-04,policy_stance_shift,2009-10-26,-6,0.03658435493707657
2009-11-04,policy_stance_shift,2009-10-27,-5,0.033632781356573105
2009-11-04,policy_stance_shift,2009-10-28,-4,0.03647246211767197
2009-11-04,policy_stance_shift,2009-10-29,-3,0.04068564251065254
2009-11-04,policy_stance_shift,2009-10-30,-2,0.038488682359457016
2009-11-04,policy_stance_shift,2009-11-02,-1,0.043826911598443985
2009-11-04,policy_stance_shift,2009-11-03,0,0.03860945999622345
2009-11-04,expected_rate_path_shift,2009-09-24,-27,0.03499498590826988
2009-11-04,expected_rate_path_shift,2009-09-25,-26,0.03468992933630943
2009-11-04,expected_rate_path_shift,2009-09-28,-25,0.03221609443426132
2009-11-04,expected_rate_path_shift,2009-09-29,-24,0.03402518853545189
2009-11-04,expected_rate_path_shift,2009-09-30,-23,0.0341690331697464
2009-11-04,expected_rate_path_shift,2009-10-01,-22,0.030761443078517914
2009-11-04,expected_rate_path_shift,2009-10-02,-21,0.033979643136262894
2009-11-04,expected_rate_path_shift,2009-10-05,-20,0.033062174916267395
2009-11-04,expected_rate_path_shift,2009-10-06,-19,0.038838941603899
2009-11-04,expected_rate_path_shift,2009-10-07,-18,0.03261110186576843
2009-11-04,expected_rate_path_shift,2009-10-08,-17,0.034842703491449356
2009-11-04,expected_rate_path_shift,2009-10-09,-16,0.037103332579135895
2009-11-04,expected_rate_path_shift,2009-10-13,-15,0.03405595198273659
2009-11-04,expected_rate_path_shift,2009-10-14,-14,0.03890087455511093
2009-11-04,expected_rate_path_shift,2009-10-15,-13,0.03947294130921364
2009-11-04,expected_rate_path_shift,2009-10-16,-12,0.038935162127017975
2009-11-04,expected_rate_path_shift,2009-10-19,-11,0.03998028114438057
2009-11-04,expected_rate_path_shift,2009-10-20,-10,0.031721193343400955
2009-11-04,expected_rate_path_shift,2009-10-21,-9,0.03598308190703392
2009-11-04,expected_rate_path_shift,2009-10-22,-8,0.030283132568001747
2009-11-04,expected_rate_path_shift,2009-10-23,-7,0.03006001189351082
2009-11-04,expected_rate_path_shift,2009-10-26,-6,0.03614407032728195
2009-11-04,expected_rate_path_shift,2009-10-27,-5,0.03226142376661301
2009-11-04,expected_rate_path_shift,2009-10-28,-4,0.036116380244493484
2009-11-04,expected_rate_path_shift,2009-10-29,-3,0.04188203066587448
2009-11-04,expected_rate_path_shift,2009-10-30,-2,0.03658358007669449
2009-11-04,expected_rate_path_shift,2009-11-02,-1,0.04590149223804474
2009-11-04,expected_rate_path_shift,2009-11-03,0,0.04042382538318634
2009-11-04,inflation_assessment_shift,2009-09-24,-27,0.03454724699258804
2009-11-04,inflation_assessment_shift,2009-09-25,-26,0.033306270837783813
2009-11-04,inflation_assessment_shift,2009-09-28,-25,0.0320078544318676
2009-11-04,inflation_assessment_shift,2009-09-29,-24,0.0336550809442997
2009-11-04,inflation_assessment_shift,2009-09-30,-23,0.034076448529958725
2009-11-04,inflation_assessment_shift,2009-10-01,-22,0.030497226864099503
2009-11-04,inflation_assessment_shift,2009-10-02,-21,0.03241275995969772
2009-11-04,inflation_assessment_shift,2009-10-05,-20,0.0329766646027565
2009-11-04,inflation_assessment_shift,2009-10-06,-19,0.037731654942035675
2009-11-04,inflation_assessment_shift,2009-10-07,-18,0.033208806067705154
2009-11-04,inflation_assessment_shift,2009-10-08,-17,0.03461522236466408
2009-11-04,inflation_assessment_shift,2009-10-09,-16,0.03688378259539604
2009-11-04,inflation_assessment_shift,2009-10-13,-15,0.03628329932689667
2009-11-04,inflation_assessment_shift,2009-10-14,-14,0.03818407654762268
2009-11-04,inflation_assessment_shift,2009-10-15,-13,0.03983402997255325
2009-11-04,inflation_assessment_shift,2009-10-16,-12,0.04000774398446083
2009-11-04,inflation_assessment_shift,2009-10-19,-11,0.040812112390995026
2009-11-04,inflation_assessment_shift,2009-10-20,-10,0.032507993280887604
2009-11-04,inflation_assessment_shift,2009-10-21,-9,0.03569526970386505
2009-11-04,inflation_assessment_shift,2009-10-22,-8,0.030625570565462112
2009-11-04,inflation_assessment_shift,2009-10-23,-7,0.029746100306510925
2009-11-04,inflation_assessment_shift,2009-10-26,-6,0.03653696924448013
2009-11-04,inflation_assessment_shift,2009-10-27,-5,0.035277605056762695
2009-11-04,inflation_assessment_shift,2009-10-28,-4,0.036382485181093216
2009-11-04,inflation_assessment_shift,2009-10-29,-3,0.04080800339579582
2009-11-04,inflation_assessment_shift,2009-10-30,-2,0.03824862837791443
2009-11-04,inflation_assessment_shift,2009-11-02,-1,0.04416203871369362
2009-11-04,inflation_assessment_shift,2009-11-03,0,0.03896902874112129
2009-11-04,inflation_risk_shift,2009-09-24,-27,0.03415592759847641
2009-11-04,inflation_risk_shift,2009-09-25,-26,0.03340162709355354
2009-11-04,inflation_risk_shift,2009-09-28,-25,0.031402114778757095
2009-11-04,inflation_risk_shift,2009-09-29,-24,0.03314625844359398
2009-11-04,inflation_risk_shift,2009-09-30,-23,0.03361741825938225
2009-11-04,inflation_risk_shift,2009-10-01,-22,0.031062569469213486
2009-11-04,inflation_risk_shift,2009-10-02,-21,0.033745378255844116
2009-11-04,inflation_risk_shift,2009-10-05,-20,0.034231506288051605
2009-11-04,inflation_risk_shift,2009-10-06,-19,0.038332968950271606
2009-11-04,inflation_risk_shift,2009-10-07,-18,0.032996248453855515
2009-11-04,inflation_risk_shift,2009-10-08,-17,0.036171805113554
2009-11-04,inflation_risk_shift,2009-10-09,-16,0.03614519536495209
2009-11-04,inflation_risk_shift,2009-10-13,-15,0.033845823258161545
2009-11-04,inflation_risk_shift,2009-10-14,-14,0.038235437124967575
2009-11-04,inflation_risk_shift,2009-10-15,-13,0.03834262117743492
2009-11-04,inflation_risk_shift,2009-10-16,-12,0.037789613008499146
2009-11-04,inflation_risk_shift,2009-10-19,-11,0.0389062725007534
2009-11-04,inflation_risk_shift,2009-10-20,-10,0.03469712659716606
2009-11-04,inflation_risk_shift,2009-10-21,-9,0.03562058508396149
2009-11-04,inflation_risk_shift,2009-10-22,-8,0.03128950670361519
2009-11-04,inflation_risk_shift,2009-10-23,-7,0.030376363545656204
2009-11-04,inflation_risk_shift,2009-10-26,-6,0.03612400218844414
2009-11-04,inflation_risk_shift,2009-10-27,-5,0.03188620135188103
2009-11-04,inflation_risk_shift,2009-10-28,-4,0.03642762824892998
2009-11-04,inflation_risk_shift,2009-10-29,-3,0.04244884103536606
2009-11-04,inflation_risk_shift,2009-10-30,-2,0.040476441383361816
2009-11-04,inflation_risk_shift,2009-11-02,-1,0.045013587921857834
2009-11-04,inflation_risk_shift,2009-11-03,0,0.040110908448696136
2009-11-04,unemployment_assessment_shift,2009-09-24,-27,0.0335167795419693
2009-11-04,unemployment_assessment_shift,2009-09-25,-26,0.03353079780936241
2009-11-04,unemployment_assessment_shift,2009-09-28,-25,0.02983771078288555
2009-11-04,unemployment_assessment_shift,2009-09-29,-24,0.03199394792318344
2009-11-04,unemployment_assessment_shift,2009-09-30,-23,0.03381604701280594
2009-11-04,unemployment_assessment_shift,2009-10-01,-22,0.03261337801814079
2009-11-04,unemployment_assessment_shift,2009-10-02,-21,0.03408395126461983
2009-11-04,unemployment_assessment_shift,2009-10-05,-20,0.037031322717666626
2009-11-04,unemployment_assessment_shift,2009-10-06,-19,0.04226275905966759
2009-11-04,unemployment_assessment_shift,2009-10-07,-18,0.03348054736852646
2009-11-04,unemployment_assessment_shift,2009-10-08,-17,0.03986065089702606
2009-11-04,unemployment_assessment_shift,2009-10-09,-16,0.036652930080890656
2009-11-04,unemployment_assessment_shift,2009-10-13,-15,0.03301583230495453
2009-11-04,unemployment_assessment_shift,2009-10-14,-14,0.03669998049736023
2009-11-04,unemployment_assessment_shift,2009-10-15,-13,0.035565201193094254
2009-11-04,unemployment_assessment_shift,2009-10-16,-12,0.03565823659300804
2009-11-04,unemployment_assessment_shift,2009-10-19,-11,0.035521820187568665
2009-11-04,unemployment_assessment_shift,2009-10-20,-10,0.04000701755285263
2009-11-04,unemployment_assessment_shift,2009-10-21,-9,0.03505504131317139
2009-11-04,unemployment_assessment_shift,2009-10-22,-8,0.029201127588748932
2009-11-04,unemployment_assessment_shift,2009-10-23,-7,0.029857764020562172
2009-11-04,unemployment_assessment_shift,2009-10-26,-6,0.03423411771655083
2009-11-04,unemployment_assessment_shift,2009-10-27,-5,0.0279142614454031
2009-11-04,unemployment_assessment_shift,2009-10-28,-4,0.035455286502838135
2009-11-04,unemployment_assessment_shift,2009-10-29,-3,0.04346846416592598
2009-11-04,unemployment_assessment_shift,2009-10-30,-2,0.04417700320482254
2009-11-04,unemployment_assessment_shift,2009-11-02,-1,0.046287789940834045
2009-11-04,unemployment_assessment_shift,2009-11-03,0,0.03920018672943115
2009-11-04,labor_market_risk_shift,2009-09-24,-27,0.033720266073942184
2009-11-04,labor_market_risk_shift,2009-09-25,-26,0.03365025296807289
2009-11-04,labor_market_risk_shift,2009-09-28,-25,0.030236374586820602
2009-11-04,labor_market_risk_shift,2009-09-29,-24,0.03313510864973068
2009-11-04,labor_market_risk_shift,2009-09-30,-23,0.034228116273880005
2009-11-04,labor_market_risk_shift,2009-10-01,-22,0.031908512115478516
2009-11-04,labor_market_risk_shift,2009-10-02,-21,0.03394506871700287
2009-11-04,labor_market_risk_shift,2009-10-05,-20,0.03552396222949028
2009-11-04,labor_market_risk_shift,2009-10-06,-19,0.0418817438185215
2009-11-04,labor_market_risk_shift,2009-10-07,-18,0.03256964311003685
2009-11-04,labor_market_risk_shift,2009-10-08,-17,0.03815525397658348
2009-11-04,labor_market_risk_shift,2009-10-09,-16,0.03690740093588829
2009-11-04,labor_market_risk_shift,2009-10-13,-15,0.03289163112640381
2009-11-04,labor_market_risk_shift,2009-10-14,-14,0.03661297634243965
2009-11-04,labor_market_risk_shift,2009-10-15,-13,0.03641127794981003
2009-11-04,labor_market_risk_shift,2009-10-16,-12,0.037030648440122604
2009-11-04,labor_market_risk_shift,2009-10-19,-11,0.03695753961801529
2009-11-04,labor_market_risk_shift,2009-10-20,-10,0.03649807348847389
2009-11-04,labor_market_risk_shift,2009-10-21,-9,0.035237133502960205
2009-11-04,labor_market_risk_shift,2009-10-22,-8,0.028205718845129013
2009-11-04,labor_market_risk_shift,2009-10-23,-7,0.028503041714429855
2009-11-04,labor_market_risk_shift,2009-10-26,-6,0.035107340663671494
2009-11-04,labor_market_risk_shift,2009-10-27,-5,0.029445264488458633
2009-11-04,labor_market_risk_shift,2009-10-28,-4,0.036333076655864716
2009-11-04,labor_market_risk_shift,2009-10-29,-3,0.044611796736717224
2009-11-04,labor_market_risk_shift,2009-10-30,-2,0.042842619121074677
2009-11-04,labor_market_risk_shift,2009-11-02,-1,0.048308681696653366
2009-11-04,labor_market_risk_shift,2009-11-03,0,0.0391414612531662
2009-11-04,growth_activity_shift,2009-09-24,-27,0.03605023771524429
2009-11-04,growth_activity_shift,2009-09-25,-26,0.03429796174168587
2009-11-04,growth_activity_shift,2009-09-28,-25,0.03510662913322449
2009-11-04,growth_activity_shift,2009-09-29,-24,0.03511471673846245
2009-11-04,growth_activity_shift,2009-09-30,-23,0.03422258049249649
2009-11-04,growth_activity_shift,2009-10-01,-22,0.030996089801192284
2009-11-04,growth_activity_shift,2009-10-02,-21,0.03282032161951065
2009-11-04,growth_activity_shift,2009-10-05,-20,0.03172265738248825
2009-11-04,growth_activity_shift,2009-10-06,-19,0.034007444977760315
2009-11-04,growth_activity_shift,2009-10-07,-18,0.03440764546394348
2009-11-04,growth_activity_shift,2009-10-08,-17,0.031643494963645935
2009-11-04,growth_activity_shift,2009-10-09,-16,0.03522387892007828
2009-11-04,growth_activity_shift,2009-10-13,-15,0.03758150339126587
2009-11-04,growth_activity_shift,2009-10-14,-14,0.037601128220558167
2009-11-04,growth_activity_shift,2009-10-15,-13,0.040370311588048935
2009-11-04,growth_activity_shift,2009-10-16,-12,0.04155365750193596
2009-11-04,growth_activity_shift,2009-10-19,-11,0.043438870459795
2009-11-04,growth_activity_shift,2009-10-20,-10,0.030314818024635315
2009-11-04,growth_activity_shift,2009-10-21,-9,0.03530871495604515
2009-11-04,growth_activity_shift,2009-10-22,-8,0.03462490811944008
2009-11-04,growth_activity_shift,2009-10-23,-7,0.03097250498831272
2009-11-04,growth_activity_shift,2009-10-26,-6,0.0363539382815361
2009-11-04,growth_activity_shift,2009-10-27,-5,0.04065034165978432
2009-11-04,growth_activity_shift,2009-10-28,-4,0.0372290313243866
2009-11-04,growth_activity_shift,2009-10-29,-3,0.037221215665340424
2009-11-04,growth_activity_shift,2009-10-30,-2,0.03402034565806389
2009-11-04,growth_activity_shift,2009-11-02,-1,0.038593925535678864
2009-11-04,growth_activity_shift,2009-11-03,0,0.038551121950149536
2009-11-04,financial_conditions_shift,2009-09-24,-27,0.03459727019071579
2009-11-04,financial_conditions_shift,2009-09-25,-26,0.0336652509868145
2009-11-04,financial_conditions_shift,2009-09-28,-25,0.03203399479389191
2009-11-04,financial_conditions_shift,2009-09-29,-24,0.03346581384539604
2009-11-04,financial_conditions_shift,2009-09-30,-23,0.034348223358392715
2009-11-04,financial_conditions_shift,2009-10-01,-22,0.03122084215283394
2009-11-04,financial_conditions_shift,2009-10-02,-21,0.03322838246822357
2009-11-04,financial_conditions_shift,2009-10-05,-20,0.033477820456027985
2009-11-04,financial_conditions_shift,2009-10-06,-19,0.03837139159440994
2009-11-04,financial_conditions_shift,2009-10-07,-18,0.03365866094827652
2009-11-04,financial_conditions_shift,2009-10-08,-17,0.03479229658842087
2009-11-04,financial_conditions_shift,2009-10-09,-16,0.037386491894721985
2009-11-04,financial_conditions_shift,2009-10-13,-15,0.03578067198395729
2009-11-04,financial_conditions_shift,2009-10-14,-14,0.038743965327739716
2009-11-04,financial_conditions_shift,2009-10-15,-13,0.03951543569564819
2009-11-04,financial_conditions_shift,2009-10-16,-12,0.03940006345510483
2009-11-04,financial_conditions_shift,2009-10-19,-11,0.03902365639805794
2009-11-04,financial_conditions_shift,2009-10-20,-10,0.032214995473623276
2009-11-04,financial_conditions_shift,2009-10-21,-9,0.03464023023843765
2009-11-04,financial_conditions_shift,2009-10-22,-8,0.031069986522197723
2009-11-04,financial_conditions_shift,2009-10-23,-7,0.029518868774175644
2009-11-04,financial_conditions_shift,2009-10-26,-6,0.03701477870345116
2009-11-04,financial_conditions_shift,2009-10-27,-5,0.03387237340211868
2009-11-04,financial_conditions_shift,2009-10-28,-4,0.03624894469976425
2009-11-04,financial_conditions_shift,2009-10-29,-3,0.040975358337163925
2009-11-04,financial_conditions_shift,2009-10-30,-2,0.03858368843793869
2009-11-04,financial_conditions_shift,2009-11-02,-1,0.04354286193847656
2009-11-04,financial_conditions_shift,2009-11-03,0,0.039607685059309006
2009-11-04,balance_sheet_policy_shift,2009-09-24,-27,0.03726576641201973
2009-11-04,balance_sheet_policy_shift,2009-09-25,-26,0.03569589927792549
2009-11-04,balance_sheet_policy_shift,2009-09-28,-25,0.03891879320144653
2009-11-04,balance_sheet_policy_shift,2009-09-29,-24,0.03720363602042198
2009-11-04,balance_sheet_policy_shift,2009-09-30,-23,0.035545676946640015
2009-11-04,balance_sheet_policy_shift,2009-10-01,-22,0.03216790035367012
2009-11-04,balance_sheet_policy_shift,2009-10-02,-21,0.033218368887901306
2009-11-04,balance_sheet_policy_shift,2009-10-05,-20,0.030300023034214973
2009-11-04,balance_sheet_policy_shift,2009-10-06,-19,0.031448714435100555
2009-11-04,balance_sheet_policy_shift,2009-10-07,-18,0.035721682012081146
2009-11-04,balance_sheet_policy_shift,2009-10-08,-17,0.029414454475045204
2009-11-04,balance_sheet_policy_shift,2009-10-09,-16,0.035517625510692596
2009-11-04,balance_sheet_policy_shift,2009-10-13,-15,0.03948618844151497
2009-11-04,balance_sheet_policy_shift,2009-10-14,-14,0.037103425711393356
2009-11-04,balance_sheet_policy_shift,2009-10-15,-13,0.04066544771194458
2009-11-04,balance_sheet_policy_shift,2009-10-16,-12,0.04149835556745529
2009-11-04,balance_sheet_policy_shift,2009-10-19,-11,0.04327518120408058
2009-11-04,balance_sheet_policy_shift,2009-10-20,-10,0.028393279761075974
2009-11-04,balance_sheet_policy_shift,2009-10-21,-9,0.03642922267317772
2009-11-04,balance_sheet_policy_shift,2009-10-22,-8,0.03686129301786423
2009-11-04,balance_sheet_policy_shift,2009-10-23,-7,0.03301779925823212
2009-11-04,balance_sheet_policy_shift,2009-10-26,-6,0.036880310624837875
2009-11-04,balance_sheet_policy_shift,2009-10-27,-5,0.04496442526578903
2009-11-04,balance_sheet_policy_shift,2009-10-28,-4,0.035632647573947906
2009-11-04,balance_sheet_policy_shift,2009-10-29,-3,0.03279615938663483
2009-11-04,balance_sheet_policy_shift,2009-10-30,-2,0.029694240540266037
2009-11-04,balance_sheet_policy_shift,2009-11-02,-1,0.03370610252022743
2009-11-04,balance_sheet_policy_shift,2009-11-03,0,0.03717736154794693
2009-11-04,risk_balance_shift,2009-09-24,-27,0.033449817448854446
2009-11-04,risk_balance_shift,2009-09-25,-26,0.033188093453645706
2009-11-04,risk_balance_shift,2009-09-28,-25,0.03200535103678703
2009-11-04,risk_balance_shift,2009-09-29,-24,0.03351709991693497
2009-11-04,risk_balance_shift,2009-09-30,-23,0.03347194567322731
2009-11-04,risk_balance_shift,2009-10-01,-22,0.030255690217018127
2009-11-04,risk_balance_shift,2009-10-02,-21,0.03191317245364189
2009-11-04,risk_balance_shift,2009-10-05,-20,0.03243200480937958
2009-11-04,risk_balance_shift,2009-10-06,-19,0.03679681941866875
2009-11-04,risk_balance_shift,2009-10-07,-18,0.03426370397210121
2009-11-04,risk_balance_shift,2009-10-08,-17,0.03474278002977371
2009-11-04,risk_balance_shift,2009-10-09,-16,0.03708096593618393
2009-11-04,risk_balance_shift,2009-10-13,-15,0.03735014796257019
2009-11-04,risk_balance_shift,2009-10-14,-14,0.03924613818526268
2009-11-04,risk_balance_shift,2009-10-15,-13,0.040333475917577744
2009-11-04,risk_balance_shift,2009-10-16,-12,0.04022222012281418
2009-11-04,risk_balance_shift,2009-10-19,-11,0.04082047939300537
2009-11-04,risk_balance_shift,2009-10-20,-10,0.03261996805667877
2009-11-04,risk_balance_shift,2009-10-21,-9,0.03577820956707001
2009-11-04,risk_balance_shift,2009-10-22,-8,0.032708145678043365
2009-11-04,risk_balance_shift,2009-10-23,-7,0.030427943915128708
2009-11-04,risk_balance_shift,2009-10-26,-6,0.0373530276119709
2009-11-04,risk_balance_shift,2009-10-27,-5,0.035920172929763794
2009-11-04,risk_balance_shift,2009-10-28,-4,0.035798344761133194
2009-11-04,risk_balance_shift,2009-10-29,-3,0.0384097583591938
2009-11-04,risk_balance_shift,2009-10-30,-2,0.037142813205718994
2009-11-04,risk_balance_shift,2009-11-02,-1,0.043490927666425705
2009-11-04,risk_balance_shift,2009-11-03,0,0.03926072269678116
2009-11-04,committee_dispersion,2009-09-24,-27,0.036831099539995193
2009-11-04,committee_dispersion,2009-09-25,-26,0.03531251475214958
2009-11-04,committee_dispersion,2009-09-28,-25,0.03733250871300697
2009-11-04,committee_dispersion,2009-09-29,-24,0.036388278007507324
2009-11-04,committee_dispersion,2009-09-30,-23,0.035138294100761414
2009-11-04,committee_dispersion,2009-10-01,-22,0.03122517094016075
2009-11-04,committee_dispersion,2009-10-02,-21,0.03303685039281845
2009-11-04,committee_dispersion,2009-10-05,-20,0.02984032966196537
2009-11-04,committee_dispersion,2009-10-06,-19,0.032868072390556335
2009-11-04,committee_dispersion,2009-10-07,-18,0.03475240617990494
2009-11-04,committee_dispersion,2009-10-08,-17,0.029657309874892235
2009-11-04,committee_dispersion,2009-10-09,-16,0.036083851009607315
2009-11-04,committee_dispersion,2009-10-13,-15,0.03839823603630066
2009-11-04,committee_dispersion,2009-10-14,-14,0.03757061809301376
2009-11-04,committee_dispersion,2009-10-15,-13,0.04092974215745926
2009-11-04,committee_dispersion,2009-10-16,-12,0.04194553568959236
2009-11-04,committee_dispersion,2009-10-19,-11,0.04438651353120804
2009-11-04,committee_dispersion,2009-10-20,-10,0.02813107892870903
2009-11-04,committee_dispersion,2009-10-21,-9,0.037095628678798676
2009-11-04,committee_dispersion,2009-10-22,-8,0.035247545689344406
2009-11-04,committee_dispersion,2009-10-23,-7,0.03201175481081009
2009-11-04,committee_dispersion,2009-10-26,-6,0.03691473975777626
2009-11-04,committee_dispersion,2009-10-27,-5,0.0440618172287941
2009-11-04,committee_dispersion,2009-10-28,-4,0.03573089838027954
2009-11-04,committee_dispersion,2009-10-29,-3,0.03474781662225723
2009-11-04,committee_dispersion,2009-10-30,-2,0.030455417931079865
2009-11-04,committee_dispersion,2009-11-02,-1,0.03556054085493088
2009-11-04,committee_dispersion,2009-11-03,0,0.03834541514515877
2009-11-04,policy_uncertainty,2009-09-24,-27,0.03593837469816208
2009-11-04,policy_uncertainty,2009-09-25,-26,0.03478226065635681
2009-11-04,policy_uncertainty,2009-09-28,-25,0.03340867906808853
2009-11-04,policy_uncertainty,2009-09-29,-24,0.034982819110155106
2009-11-04,policy_uncertainty,2009-09-30,-23,0.03479451313614845
2009-11-04,policy_uncertainty,2009-10-01,-22,0.030698755756020546
2009-11-04,policy_uncertainty,2009-10-02,-21,0.03369411081075668
2009-11-04,policy_uncertainty,2009-10-05,-20,0.03207940235733986
2009-11-04,policy_uncertainty,2009-10-06,-19,0.037019047886133194
2009-11-04,policy_uncertainty,2009-10-07,-18,0.033000603318214417
2009-11-04,policy_uncertainty,2009-10-08,-17,0.033178046345710754
2009-11-04,policy_uncertainty,2009-10-09,-16,0.036415327340364456
2009-11-04,policy_uncertainty,2009-10-13,-15,0.034393440932035446
2009-11-04,policy_uncertainty,2009-10-14,-14,0.0380002036690712
2009-11-04,policy_uncertainty,2009-10-15,-13,0.039718836545944214
2009-11-04,policy_uncertainty,2009-10-16,-12,0.03952806070446968
2009-11-04,policy_uncertainty,2009-10-19,-11,0.04122932255268097
2009-11-04,policy_uncertainty,2009-10-20,-10,0.030607908964157104
2009-11-04,policy_uncertainty,2009-10-21,-9,0.036163631826639175
2009-11-04,policy_uncertainty,2009-10-22,-8,0.03139441832900047
2009-11-04,policy_uncertainty,2009-10-23,-7,0.030312571674585342
2009-11-04,policy_uncertainty,2009-10-26,-6,0.03682409226894379
2009-11-04,policy_uncertainty,2009-10-27,-5,0.03619970753788948
2009-11-04,policy_uncertainty,2009-10-28,-4,0.03636141121387482
2009-11-04,policy_uncertainty,2009-10-29,-3,0.04105758294463158
2009-11-04,policy_uncertainty,2009-10-30,-2,0.03560668230056763
2009-11-04,policy_uncertainty,2009-11-02,-1,0.042329274117946625
2009-11-04,policy_uncertainty,2009-11-03,0,0.04028090834617615
2009-11-04,forward_guidance_strength,2009-09-24,-27,0.03772861883044243
2009-11-04,forward_guidance_strength,2009-09-25,-26,0.03516193851828575
2009-11-04,forward_guidance_strength,2009-09-28,-25,0.037874430418014526
2009-11-04,forward_guidance_strength,2009-09-29,-24,0.036716166883707047
2009-11-04,forward_guidance_strength,2009-09-30,-23,0.03533085435628891
2009-11-04,forward_guidance_strength,2009-10-01,-22,0.031793683767318726
2009-11-04,forward_guidance_strength,2009-10-02,-21,0.03295713663101196
2009-11-04,forward_guidance_strength,2009-10-05,-20,0.03069392219185829
2009-11-04,forward_guidance_strength,2009-10-06,-19,0.031790390610694885
2009-11-04,forward_guidance_strength,2009-10-07,-18,0.03495020419359207
2009-11-04,forward_guidance_strength,2009-10-08,-17,0.029640674591064453
2009-11-04,forward_guidance_strength,2009-10-09,-16,0.035398464649915695
2009-11-04,forward_guidance_strength,2009-10-13,-15,0.039172228425741196
2009-11-04,forward_guidance_strength,2009-10-14,-14,0.037225231528282166
2009-11-04,forward_guidance_strength,2009-10-15,-13,0.041059814393520355
2009-11-04,forward_guidance_strength,2009-10-16,-12,0.04258761927485466
2009-11-04,forward_guidance_strength,2009-10-19,-11,0.043124858289957047
2009-11-04,forward_guidance_strength,2009-10-20,-10,0.028674054890871048
2009-11-04,forward_guidance_strength,2009-10-21,-9,0.03613375499844551
2009-11-04,forward_guidance_strength,2009-10-22,-8,0.03649810329079628
2009-11-04,forward_guidance_strength,2009-10-23,-7,0.03313018009066582
2009-11-04,forward_guidance_strength,2009-10-26,-6,0.037495583295822144
2009-11-04,forward_guidance_strength,2009-10-27,-5,0.04440999776124954
2009-11-04,forward_guidance_strength,2009-10-28,-4,0.035837072879076004
2009-11-04,forward_guidance_strength,2009-10-29,-3,0.03362202271819115
2009-11-04,forward_guidance_strength,2009-10-30,-2,0.030378904193639755
2009-11-04,forward_guidance_strength,2009-11-02,-1,0.0334380678832531
2009-11-04,forward_guidance_strength,2009-11-03,0,0.03717605769634247
2009-12-16,rate_decision,2009-11-05,-26,0.03534912317991257
2009-12-16,rate_decision,2009-11-06,-25,0.03413181006908417
2009-12-16,rate_decision,2009-11-09,-24,0.03479990363121033
2009-12-16,rate_decision,2009-11-10,-23,0.036053139716386795
2009-12-16,rate_decision,2009-11-12,-22,0.0397154837846756
2009-12-16,rate_decision,2009-11-13,-21,0.0425269678235054
2009-12-16,rate_decision,2009-11-16,-20,0.040905315428972244
2009-12-16,rate_decision,2009-11-17,-19,0.04026997834444046
2009-12-16,rate_decision,2009-11-18,-18,0.03699902445077896
2009-12-16,rate_decision,2009-11-19,-17,0.03453204408288002
2009-12-16,rate_decision,2009-11-20,-16,0.032817237079143524
2009-12-16,rate_decision,2009-11-23,-15,0.035540368407964706
2009-12-16,rate_decision,2009-11-24,-14,0.03948455676436424
2009-12-16,rate_decision,2009-11-25,-13,0.04190169274806976
2009-12-16,rate_decision,2009-11-27,-12,0.04293612390756607
2009-12-16,rate_decision,2009-11-30,-11,0.038416385650634766
2009-12-16,rate_decision,2009-12-01,-10,0.03510798513889313
2009-12-16,rate_decision,2009-12-02,-9,0.033420030027627945
2009-12-16,rate_decision,2009-12-03,-8,0.03181671351194382
2009-12-16,rate_decision,2009-12-04,-7,0.03423325717449188
2009-12-16,rate_decision,2009-12-07,-6,0.03805380314588547
2009-12-16,rate_decision,2009-12-08,-5,0.03872460499405861
2009-12-16,rate_decision,2009-12-09,-4,0.03886771947145462
2009-12-16,rate_decision,2009-12-10,-3,0.03810057416558266
2009-12-16,rate_decision,2009-12-11,-2,0.034221552312374115
2009-12-16,rate_decision,2009-12-14,-1,0.03571686893701553
2009-12-16,rate_decision,2009-12-15,0,0.03535774350166321
2009-12-16,current_policy_stance,2009-11-05,-26,0.03750886023044586
2009-12-16,current_policy_stance,2009-11-06,-25,0.04012523591518402
2009-12-16,current_policy_stance,2009-11-09,-24,0.039963264018297195
2009-12-16,current_policy_stance,2009-11-10,-23,0.038444969803094864
2009-12-16,current_policy_stance,2009-11-12,-22,0.03967740759253502
2009-12-16,current_policy_stance,2009-11-13,-21,0.039171040058135986
2009-12-16,current_policy_stance,2009-11-16,-20,0.036220431327819824
2009-12-16,current_policy_stance,2009-11-17,-19,0.03947129100561142
2009-12-16,current_policy_stance,2009-11-18,-18,0.038381561636924744
2009-12-16,current_policy_stance,2009-11-19,-17,0.03453291952610016
2009-12-16,current_policy_stance,2009-11-20,-16,0.03489931300282478
2009-12-16,current_policy_stance,2009-11-23,-15,0.034940045326948166
2009-12-16,current_policy_stance,2009-11-24,-14,0.035252515226602554
2009-12-16,current_policy_stance,2009-11-25,-13,0.04247870668768883
2009-12-16,current_policy_stance,2009-11-27,-12,0.043746985495090485
2009-12-16,current_policy_stance,2009-11-30,-11,0.04156308248639107
2009-12-16,current_policy_stance,2009-12-01,-10,0.0375077985227108
2009-12-16,current_policy_stance,2009-12-02,-9,0.03350762650370598
2009-12-16,current_policy_stance,2009-12-03,-8,0.03198318928480148
2009-12-16,current_policy_stance,2009-12-04,-7,0.0355302169919014
2009-12-16,current_policy_stance,2009-12-07,-6,0.033762723207473755
2009-12-16,current_policy_stance,2009-12-08,-5,0.036243706941604614
2009-12-16,current_policy_stance,2009-12-09,-4,0.038878295570611954
2009-12-16,current_policy_stance,2009-12-10,-3,0.039053041487932205
2009-12-16,current_policy_stance,2009-12-11,-2,0.03483816981315613
2009-12-16,current_policy_stance,2009-12-14,-1,0.030680229887366295
2009-12-16,current_policy_stance,2009-12-15,0,0.03163738176226616
2009-12-16,policy_stance_shift,2009-11-05,-26,0.038389354944229126
2009-12-16,policy_stance_shift,2009-11-06,-25,0.035386133939027786
2009-12-16,policy_stance_shift,2009-11-09,-24,0.03761214390397072
2009-12-16,policy_stance_shift,2009-11-10,-23,0.037462782114744186
2009-12-16,policy_stance_shift,2009-11-12,-22,0.03624260425567627
2009-12-16,policy_stance_shift,2009-11-13,-21,0.03704443201422691
2009-12-16,policy_stance_shift,2009-11-16,-20,0.0332256555557251
2009-12-16,policy_stance_shift,2009-11-17,-19,0.035066042095422745
2009-12-16,policy_stance_shift,2009-11-18,-18,0.0352124348282814
2009-12-16,policy_stance_shift,2009-11-19,-17,0.03348265960812569
2009-12-16,policy_stance_shift,2009-11-20,-16,0.03539567068219185
2009-12-16,policy_stance_shift,2009-11-23,-15,0.03521689027547836
2009-12-16,policy_stance_shift,2009-11-24,-14,0.03517743572592735
2009-12-16,policy_stance_shift,2009-11-25,-13,0.03627657890319824
2009-12-16,policy_stance_shift,2009-11-27,-12,0.03524515777826309
2009-12-16,policy_stance_shift,2009-11-30,-11,0.034417979419231415
2009-12-16,policy_stance_shift,2009-12-01,-10,0.03447537124156952
2009-12-16,policy_stance_shift,2009-12-02,-9,0.03620745241641998
2009-12-16,policy_stance_shift,2009-12-03,-8,0.03691021725535393
2009-12-16,policy_stance_shift,2009-12-04,-7,0.03625145182013512
2009-12-16,policy_stance_shift,2009-12-07,-6,0.03804734721779823
2009-12-16,policy_stance_shift,2009-12-08,-5,0.03888669237494469
2009-12-16,policy_stance_shift,2009-12-09,-4,0.04064884036779404
2009-12-16,policy_stance_shift,2009-12-10,-3,0.04157065227627754
2009-12-16,policy_stance_shift,2009-12-11,-2,0.043897729367017746
2009-12-16,policy_stance_shift,2009-12-14,-1,0.04541674256324768
2009-12-16,policy_stance_shift,2009-12-15,0,0.0368334986269474
2009-12-16,expected_rate_path_shift,2009-11-05,-26,0.03797361999750137
2009-12-16,expected_rate_path_shift,2009-11-06,-25,0.03554541990160942
2009-12-16,expected_rate_path_shift,2009-11-09,-24,0.03863244131207466
2009-12-16,expected_rate_path_shift,2009-11-10,-23,0.038637638092041016
2009-12-16,expected_rate_path_shift,2009-11-12,-22,0.03706769645214081
2009-12-16,expected_rate_path_shift,2009-11-13,-21,0.03802276775240898
2009-12-16,expected_rate_path_shift,2009-11-16,-20,0.03408031538128853
2009-12-16,expected_rate_path_shift,2009-11-17,-19,0.036293916404247284
2009-12-16,expected_rate_path_shift,2009-11-18,-18,0.03667287528514862
2009-12-16,expected_rate_path_shift,2009-11-19,-17,0.035154733806848526
2009-12-16,expected_rate_path_shift,2009-11-20,-16,0.03672562167048454
2009-12-16,expected_rate_path_shift,2009-11-23,-15,0.03601280599832535
2009-12-16,expected_rate_path_shift,2009-11-24,-14,0.03526628389954567
2009-12-16,expected_rate_path_shift,2009-11-25,-13,0.03701115772128105
2009-12-16,expected_rate_path_shift,2009-11-27,-12,0.03528031334280968
2009-12-16,expected_rate_path_shift,2009-11-30,-11,0.03488487750291824
2009-12-16,expected_rate_path_shift,2009-12-01,-10,0.03521033376455307
2009-12-16,expected_rate_path_shift,2009-12-02,-9,0.03651705011725426
2009-12-16,expected_rate_path_shift,2009-12-03,-8,0.036052580922842026
2009-12-16,expected_rate_path_shift,2009-12-04,-7,0.0354725606739521
2009-12-16,expected_rate_path_shift,2009-12-07,-6,0.036454521119594574
2009-12-16,expected_rate_path_shift,2009-12-08,-5,0.03714316710829735
2009-12-16,expected_rate_path_shift,2009-12-09,-4,0.038983892649412155
2009-12-16,expected_rate_path_shift,2009-12-10,-3,0.03999900445342064
2009-12-16,expected_rate_path_shift,2009-12-11,-2,0.04183220863342285
2009-12-16,expected_rate_path_shift,2009-12-14,-1,0.04359063878655434
2009-12-16,expected_rate_path_shift,2009-12-15,0,0.03548157960176468
2009-12-16,inflation_assessment_shift,2009-11-05,-26,0.03800143674015999
2009-12-16,inflation_assessment_shift,2009-11-06,-25,0.03504594415426254
2009-12-16,inflation_assessment_shift,2009-11-09,-24,0.0380101278424263
2009-12-16,inflation_assessment_shift,2009-11-10,-23,0.038290541619062424
2009-12-16,inflation_assessment_shift,2009-11-12,-22,0.036698807030916214
2009-12-16,inflation_assessment_shift,2009-11-13,-21,0.037883952260017395
2009-12-16,inflation_assessment_shift,2009-11-16,-20,0.03398092836141586
2009-12-16,inflation_assessment_shift,2009-11-17,-19,0.03530541807413101
2009-12-16,inflation_assessment_shift,2009-11-18,-18,0.035628706216812134
2009-12-16,inflation_assessment_shift,2009-11-19,-17,0.03370441123843193
2009-12-16,inflation_assessment_shift,2009-11-20,-16,0.03557966277003288
2009-12-16,inflation_assessment_shift,2009-11-23,-15,0.0360737070441246
2009-12-16,inflation_assessment_shift,2009-11-24,-14,0.03583064675331116
2009-12-16,inflation_assessment_shift,2009-11-25,-13,0.03589003160595894
2009-12-16,inflation_assessment_shift,2009-11-27,-12,0.034650616347789764
2009-12-16,inflation_assessment_shift,2009-11-30,-11,0.033874694257974625
2009-12-16,inflation_assessment_shift,2009-12-01,-10,0.03430146351456642
2009-12-16,inflation_assessment_shift,2009-12-02,-9,0.036161426454782486
2009-12-16,inflation_assessment_shift,2009-12-03,-8,0.03662363439798355
2009-12-16,inflation_assessment_shift,2009-12-04,-7,0.03585595637559891
2009-12-16,inflation_assessment_shift,2009-12-07,-6,0.03819597139954567
2009-12-16,inflation_assessment_shift,2009-12-08,-5,0.038331255316734314
2009-12-16,inflation_assessment_shift,2009-12-09,-4,0.039554908871650696
2009-12-16,inflation_assessment_shift,2009-12-10,-3,0.04079391062259674
2009-12-16,inflation_assessment_shift,2009-12-11,-2,0.04283514991402626
2009-12-16,inflation_assessment_shift,2009-12-14,-1,0.044563423842191696
2009-12-16,inflation_assessment_shift,2009-12-15,0,0.03833326697349548
2009-12-16,inflation_risk_shift,2009-11-05,-26,0.03820931911468506
2009-12-16,inflation_risk_shift,2009-11-06,-25,0.03659354895353317
2009-12-16,inflation_risk_shift,2009-11-09,-24,0.039111025631427765
2009-12-16,inflation_risk_shift,2009-11-10,-23,0.038901109248399734
2009-12-16,inflation_risk_shift,2009-11-12,-22,0.037660036236047745
2009-12-16,inflation_risk_shift,2009-11-13,-21,0.03807603567838669
2009-12-16,inflation_risk_shift,2009-11-16,-20,0.03437197208404541
2009-12-16,inflation_risk_shift,2009-11-17,-19,0.03622021526098251
2009-12-16,inflation_risk_shift,2009-11-18,-18,0.036451611667871475
2009-12-16,inflation_risk_shift,2009-11-19,-17,0.03495810553431511
2009-12-16,inflation_risk_shift,2009-11-20,-16,0.0361449159681797
2009-12-16,inflation_risk_shift,2009-11-23,-15,0.03573033958673477
2009-12-16,inflation_risk_shift,2009-11-24,-14,0.035494763404130936
2009-12-16,inflation_risk_shift,2009-11-25,-13,0.03794633224606514
2009-12-16,inflation_risk_shift,2009-11-27,-12,0.03680476173758507
2009-12-16,inflation_risk_shift,2009-11-30,-11,0.035810768604278564
2009-12-16,inflation_risk_shift,2009-12-01,-10,0.035844217985868454
2009-12-16,inflation_risk_shift,2009-12-02,-9,0.036065150052309036
2009-12-16,inflation_risk_shift,2009-12-03,-8,0.03510100767016411
2009-12-16,inflation_risk_shift,2009-12-04,-7,0.03453676775097847
2009-12-16,inflation_risk_shift,2009-12-07,-6,0.035401128232479095
2009-12-16,inflation_risk_shift,2009-12-08,-5,0.036737553775310516
2009-12-16,inflation_risk_shift,2009-12-09,-4,0.03941000998020172
2009-12-16,inflation_risk_shift,2009-12-10,-3,0.040116000920534134
2009-12-16,inflation_risk_shift,2009-12-11,-2,0.04140984266996384
2009-12-16,inflation_risk_shift,2009-12-14,-1,0.04163999482989311
2009-12-16,inflation_risk_shift,2009-12-15,0,0.03525346890091896
2009-12-16,unemployment_assessment_shift,2009-11-05,-26,0.038483086973428726
2009-12-16,unemployment_assessment_shift,2009-11-06,-25,0.03335206210613251
2009-12-16,unemployment_assessment_shift,2009-11-09,-24,0.03609822317957878
2009-12-16,unemployment_assessment_shift,2009-11-10,-23,0.036657530814409256
2009-12-16,unemployment_assessment_shift,2009-11-12,-22,0.034330252557992935
2009-12-16,unemployment_assessment_shift,2009-11-13,-21,0.03620760887861252
2009-12-16,unemployment_assessment_shift,2009-11-16,-20,0.033977240324020386
2009-12-16,unemployment_assessment_shift,2009-11-17,-19,0.033919647336006165
2009-12-16,unemployment_assessment_shift,2009-11-18,-18,0.0349854938685894
2009-12-16,unemployment_assessment_shift,2009-11-19,-17,0.035257551819086075
2009-12-16,unemployment_assessment_shift,2009-11-20,-16,0.03651086986064911
2009-12-16,unemployment_assessment_shift,2009-11-23,-15,0.03689651936292648
2009-12-16,unemployment_assessment_shift,2009-11-24,-14,0.03654864430427551
2009-12-16,unemployment_assessment_shift,2009-11-25,-13,0.03261011093854904
2009-12-16,unemployment_assessment_shift,2009-11-27,-12,0.030877724289894104
2009-12-16,unemployment_assessment_shift,2009-11-30,-11,0.03142792731523514
2009-12-16,unemployment_assessment_shift,2009-12-01,-10,0.03381567820906639
2009-12-16,unemployment_assessment_shift,2009-12-02,-9,0.038010336458683014
2009-12-16,unemployment_assessment_shift,2009-12-03,-8,0.03989199921488762
2009-12-16,unemployment_assessment_shift,2009-12-04,-7,0.03651099652051926
2009-12-16,unemployment_assessment_shift,2009-12-07,-6,0.04082200303673744
2009-12-16,unemployment_assessment_shift,2009-12-08,-5,0.038412053138017654
2009-12-16,unemployment_assessment_shift,2009-12-09,-4,0.037710048258304596
2009-12-16,unemployment_assessment_shift,2009-12-10,-3,0.03882040083408356
2009-12-16,unemployment_assessment_shift,2009-12-11,-2,0.0442173145711422
2009-12-16,unemployment_assessment_shift,2009-12-14,-1,0.05011266469955444
2009-12-16,unemployment_assessment_shift,2009-12-15,0,0.0435359925031662
2009-12-16,labor_market_risk_shift,2009-11-05,-26,0.03900241106748581
2009-12-16,labor_market_risk_shift,2009-11-06,-25,0.03633818402886391
2009-12-16,labor_market_risk_shift,2009-11-09,-24,0.039193980395793915
2009-12-16,labor_market_risk_shift,2009-11-10,-23,0.0400228314101696
2009-12-16,labor_market_risk_shift,2009-11-12,-22,0.038407765328884125
2009-12-16,labor_market_risk_shift,2009-11-13,-21,0.0395791195333004
2009-12-16,labor_market_risk_shift,2009-11-16,-20,0.03527446463704109
2009-12-16,labor_market_risk_shift,2009-11-17,-19,0.03724401816725731
2009-12-16,labor_market_risk_shift,2009-11-18,-18,0.03730171173810959
2009-12-16,labor_market_risk_shift,2009-11-19,-17,0.034074973315000534
2009-12-16,labor_market_risk_shift,2009-11-20,-16,0.035603247582912445
2009-12-16,labor_market_risk_shift,2009-11-23,-15,0.03634754195809364
2009-12-16,labor_market_risk_shift,2009-11-24,-14,0.03628336265683174
2009-12-16,labor_market_risk_shift,2009-11-25,-13,0.037821605801582336
2009-12-16,labor_market_risk_shift,2009-11-27,-12,0.03607509657740593
2009-12-16,labor_market_risk_shift,2009-11-30,-11,0.03508324176073074
2009-12-16,labor_market_risk_shift,2009-12-01,-10,0.03437093645334244
2009-12-16,labor_market_risk_shift,2009-12-02,-9,0.03505691513419151
2009-12-16,labor_market_risk_shift,2009-12-03,-8,0.034607671201229095
2009-12-16,labor_market_risk_shift,2009-12-04,-7,0.03516245260834694
2009-12-16,labor_market_risk_shift,2009-12-07,-6,0.036985691636800766
2009-12-16,labor_market_risk_shift,2009-12-08,-5,0.03712567687034607
2009-12-16,labor_market_risk_shift,2009-12-09,-4,0.03836837783455849
2009-12-16,labor_market_risk_shift,2009-12-10,-3,0.03942140191793442
2009-12-16,labor_market_risk_shift,2009-12-11,-2,0.03952256590127945
2009-12-16,labor_market_risk_shift,2009-12-14,-1,0.04034118726849556
2009-12-16,labor_market_risk_shift,2009-12-15,0,0.03538355603814125
2009-12-16,growth_activity_shift,2009-11-05,-26,0.038019463419914246
2009-12-16,growth_activity_shift,2009-11-06,-25,0.033514875918626785
2009-12-16,growth_activity_shift,2009-11-09,-24,0.036052074283361435
2009-12-16,growth_activity_shift,2009-11-10,-23,0.03638599067926407
2009-12-16,growth_activity_shift,2009-11-12,-22,0.03402022272348404
2009-12-16,growth_activity_shift,2009-11-13,-21,0.03533702343702316
2009-12-16,growth_activity_shift,2009-11-16,-20,0.0338532030582428
2009-12-16,growth_activity_shift,2009-11-17,-19,0.033300284296274185
2009-12-16,growth_activity_shift,2009-11-18,-18,0.03434242308139801
2009-12-16,growth_activity_shift,2009-11-19,-17,0.03586606681346893
2009-12-16,growth_activity_shift,2009-11-20,-16,0.037351805716753006
2009-12-16,growth_activity_shift,2009-11-23,-15,0.03700197488069534
2009-12-16,growth_activity_shift,2009-11-24,-14,0.03629268705844879
2009-12-16,growth_activity_shift,2009-11-25,-13,0.03171001374721527
2009-12-16,growth_activity_shift,2009-11-27,-12,0.030033141374588013
2009-12-16,growth_activity_shift,2009-11-30,-11,0.031110279262065887
2009-12-16,growth_activity_shift,2009-12-01,-10,0.03392193093895912
2009-12-16,growth_activity_shift,2009-12-02,-9,0.03885885328054428
2009-12-16,growth_activity_shift,2009-12-03,-8,0.040771134197711945
2009-12-16,growth_activity_shift,2009-12-04,-7,0.03583754599094391
2009-12-16,growth_activity_shift,2009-12-07,-6,0.04043851047754288
2009-12-16,growth_activity_shift,2009-12-08,-5,0.038631319999694824
2009-12-16,growth_activity_shift,2009-12-09,-4,0.03788326680660248
2009-12-16,growth_activity_shift,2009-12-10,-3,0.03880314528942108
2009-12-16,growth_activity_shift,2009-12-11,-2,0.04479748010635376
2009-12-16,growth_activity_shift,2009-12-14,-1,0.05142208933830261
2009-12-16,growth_activity_shift,2009-12-15,0,0.04444316402077675
2009-12-16,financial_conditions_shift,2009-11-05,-26,0.03839424252510071
2009-12-16,financial_conditions_shift,2009-11-06,-25,0.03351791203022003
2009-12-16,financial_conditions_shift,2009-11-09,-24,0.03663678839802742
2009-12-16,financial_conditions_shift,2009-11-10,-23,0.03676065802574158
2009-12-16,financial_conditions_shift,2009-11-12,-22,0.034134022891521454
2009-12-16,financial_conditions_shift,2009-11-13,-21,0.0357377752661705
2009-12-16,financial_conditions_shift,2009-11-16,-20,0.03339047729969025
2009-12-16,financial_conditions_shift,2009-11-17,-19,0.033329371362924576
2009-12-16,financial_conditions_shift,2009-11-18,-18,0.034752797335386276
2009-12-16,financial_conditions_shift,2009-11-19,-17,0.03531641885638237
2009-12-16,financial_conditions_shift,2009-11-20,-16,0.0367409884929657
2009-12-16,financial_conditions_shift,2009-11-23,-15,0.0370972566306591
2009-12-16,financial_conditions_shift,2009-11-24,-14,0.03662661835551262
2009-12-16,financial_conditions_shift,2009-11-25,-13,0.032886043190956116
2009-12-16,financial_conditions_shift,2009-11-27,-12,0.0308523066341877
2009-12-16,financial_conditions_shift,2009-11-30,-11,0.030896496027708054
2009-12-16,financial_conditions_shift,2009-12-01,-10,0.03329279273748398
2009-12-16,financial_conditions_shift,2009-12-02,-9,0.03797893971204758
2009-12-16,financial_conditions_shift,2009-12-03,-8,0.039837926626205444
2009-12-16,financial_conditions_shift,2009-12-04,-7,0.03675912693142891
2009-12-16,financial_conditions_shift,2009-12-07,-6,0.04132789000868797
2009-12-16,financial_conditions_shift,2009-12-08,-5,0.038701124489307404
2009-12-16,financial_conditions_shift,2009-12-09,-4,0.03814506158232689
2009-12-16,financial_conditions_shift,2009-12-10,-3,0.03875526785850525
2009-12-16,financial_conditions_shift,2009-12-11,-2,0.04431131109595299
2009-12-16,financial_conditions_shift,2009-12-14,-1,0.050727974623441696
2009-12-16,financial_conditions_shift,2009-12-15,0,0.04309241473674774
2009-12-16,balance_sheet_policy_shift,2009-11-05,-26,0.037702254951000214
2009-12-16,balance_sheet_policy_shift,2009-11-06,-25,0.0339568667113781
2009-12-16,balance_sheet_policy_shift,2009-11-09,-24,0.03627576306462288
2009-12-16,balance_sheet_policy_shift,2009-11-10,-23,0.03665658086538315
2009-12-16,balance_sheet_policy_shift,2009-11-12,-22,0.03441207855939865
2009-12-16,balance_sheet_policy_shift,2009-11-13,-21,0.03550393879413605
2009-12-16,balance_sheet_policy_shift,2009-11-16,-20,0.033441364765167236
2009-12-16,balance_sheet_policy_shift,2009-11-17,-19,0.03370881825685501
2009-12-16,balance_sheet_policy_shift,2009-11-18,-18,0.034439314156770706
2009-12-16,balance_sheet_policy_shift,2009-11-19,-17,0.035335663706064224
2009-12-16,balance_sheet_policy_shift,2009-11-20,-16,0.03640934079885483
2009-12-16,balance_sheet_policy_shift,2009-11-23,-15,0.036527056246995926
2009-12-16,balance_sheet_policy_shift,2009-11-24,-14,0.03642813861370087
2009-12-16,balance_sheet_policy_shift,2009-11-25,-13,0.0329313687980175
2009-12-16,balance_sheet_policy_shift,2009-11-27,-12,0.0314529724419117
2009-12-16,balance_sheet_policy_shift,2009-11-30,-11,0.032063938677310944
2009-12-16,balance_sheet_policy_shift,2009-12-01,-10,0.03383234515786171
2009-12-16,balance_sheet_policy_shift,2009-12-02,-9,0.0382152684032917
2009-12-16,balance_sheet_policy_shift,2009-12-03,-8,0.03972601145505905
2009-12-16,balance_sheet_policy_shift,2009-12-04,-7,0.036392342299222946
2009-12-16,balance_sheet_policy_shift,2009-12-07,-6,0.04048634693026543
2009-12-16,balance_sheet_policy_shift,2009-12-08,-5,0.03908665478229523
2009-12-16,balance_sheet_policy_shift,2009-12-09,-4,0.0383419394493103
2009-12-16,balance_sheet_policy_shift,2009-12-10,-3,0.03933762386441231
2009-12-16,balance_sheet_policy_shift,2009-12-11,-2,0.04482094943523407
2009-12-16,balance_sheet_policy_shift,2009-12-14,-1,0.049912724643945694
2009-12-16,balance_sheet_policy_shift,2009-12-15,0,0.0426023043692112
2009-12-16,risk_balance_shift,2009-11-05,-26,0.038426145911216736
2009-12-16,risk_balance_shift,2009-11-06,-25,0.03402980417013168
2009-12-16,risk_balance_shift,2009-11-09,-24,0.03645800054073334
2009-12-16,risk_balance_shift,2009-11-10,-23,0.03624856472015381
2009-12-16,risk_balance_shift,2009-11-12,-22,0.034349750727415085
2009-12-16,risk_balance_shift,2009-11-13,-21,0.03569239750504494
2009-12-16,risk_balance_shift,2009-11-16,-20,0.03280217945575714
2009-12-16,risk_balance_shift,2009-11-17,-19,0.034123003482818604
2009-12-16,risk_balance_shift,2009-11-18,-18,0.03495834022760391
2009-12-16,risk_balance_shift,2009-11-19,-17,0.033821072429418564
2009-12-16,risk_balance_shift,2009-11-20,-16,0.03570269048213959
2009-12-16,risk_balance_shift,2009-11-23,-15,0.03610663861036301
2009-12-16,risk_balance_shift,2009-11-24,-14,0.03559606894850731
2009-12-16,risk_balance_shift,2009-11-25,-13,0.03368338942527771
2009-12-16,risk_balance_shift,2009-11-27,-12,0.0322907529771328
2009-12-16,risk_balance_shift,2009-11-30,-11,0.033046066761016846
2009-12-16,risk_balance_shift,2009-12-01,-10,0.03436944633722305
2009-12-16,risk_balance_shift,2009-12-02,-9,0.0378459170460701
2009-12-16,risk_balance_shift,2009-12-03,-8,0.03894872963428497
2009-12-16,risk_balance_shift,2009-12-04,-7,0.03730279579758644
2009-12-16,risk_balance_shift,2009-12-07,-6,0.03993615880608559
2009-12-16,risk_balance_shift,2009-12-08,-5,0.03882352262735367
2009-12-16,risk_balance_shift,2009-12-09,-4,0.0398678183555603
2009-12-16,risk_balance_shift,2009-12-10,-3,0.04121788963675499
2009-12-16,risk_balance_shift,2009-12-11,-2,0.04482066631317139
2009-12-16,risk_balance_shift,2009-12-14,-1,0.04868471994996071
2009-12-16,risk_balance_shift,2009-12-15,0,0.04084748774766922
2009-12-16,committee_dispersion,2009-11-05,-26,0.03769053518772125
2009-12-16,committee_dispersion,2009-11-06,-25,0.03317496180534363
2009-12-16,committee_dispersion,2009-11-09,-24,0.035623516887426376
2009-12-16,committee_dispersion,2009-11-10,-23,0.03638853877782822
2009-12-16,committee_dispersion,2009-11-12,-22,0.033638954162597656
2009-12-16,committee_dispersion,2009-11-13,-21,0.03494678810238838
2009-12-16,committee_dispersion,2009-11-16,-20,0.03350699692964554
2009-12-16,committee_dispersion,2009-11-17,-19,0.032847728580236435
2009-12-16,committee_dispersion,2009-11-18,-18,0.03410118445754051
2009-12-16,committee_dispersion,2009-11-19,-17,0.03595491871237755
2009-12-16,committee_dispersion,2009-11-20,-16,0.036984898149967194
2009-12-16,committee_dispersion,2009-11-23,-15,0.03723914176225662
2009-12-16,committee_dispersion,2009-11-24,-14,0.0365167073905468
2009-12-16,committee_dispersion,2009-11-25,-13,0.03147090598940849
2009-12-16,committee_dispersion,2009-11-27,-12,0.029802976176142693
2009-12-16,committee_dispersion,2009-11-30,-11,0.03091805800795555
2009-12-16,committee_dispersion,2009-12-01,-10,0.03363250941038132
2009-12-16,committee_dispersion,2009-12-02,-9,0.03923213481903076
2009-12-16,committee_dispersion,2009-12-03,-8,0.041030678898096085
2009-12-16,committee_dispersion,2009-12-04,-7,0.036652110517024994
2009-12-16,committee_dispersion,2009-12-07,-6,0.041273221373558044
2009-12-16,committee_dispersion,2009-12-08,-5,0.038671985268592834
2009-12-16,committee_dispersion,2009-12-09,-4,0.03736725449562073
2009-12-16,committee_dispersion,2009-12-10,-3,0.038550302386283875
2009-12-16,committee_dispersion,2009-12-11,-2,0.044642187654972076
2009-12-16,committee_dispersion,2009-12-14,-1,0.05163337290287018
2009-12-16,committee_dispersion,2009-12-15,0,0.04650743678212166
2009-12-16,policy_uncertainty,2009-11-05,-26,0.038265593349933624
2009-12-16,policy_uncertainty,2009-11-06,-25,0.0390302948653698
2009-12-16,policy_uncertainty,2009-11-09,-24,0.039918452501297
2009-12-16,policy_uncertainty,2009-11-10,-23,0.03951204940676689
2009-12-16,policy_uncertainty,2009-11-12,-22,0.03943867236375809
2009-12-16,policy_uncertainty,2009-11-13,-21,0.03982505202293396
2009-12-16,policy_uncertainty,2009-11-16,-20,0.03586776182055473
2009-12-16,policy_uncertainty,2009-11-17,-19,0.038522060960531235
2009-12-16,policy_uncertainty,2009-11-18,-18,0.038042351603507996
2009-12-16,policy_uncertainty,2009-11-19,-17,0.03471531346440315
2009-12-16,policy_uncertainty,2009-11-20,-16,0.03589606285095215
2009-12-16,policy_uncertainty,2009-11-23,-15,0.036018356680870056
2009-12-16,policy_uncertainty,2009-11-24,-14,0.03534901887178421
2009-12-16,policy_uncertainty,2009-11-25,-13,0.04103314131498337
2009-12-16,policy_uncertainty,2009-11-27,-12,0.04061300307512283
2009-12-16,policy_uncertainty,2009-11-30,-11,0.038664840161800385
2009-12-16,policy_uncertainty,2009-12-01,-10,0.03619597479701042
2009-12-16,policy_uncertainty,2009-12-02,-9,0.0346551313996315
2009-12-16,policy_uncertainty,2009-12-03,-8,0.033086203038692474
2009-12-16,policy_uncertainty,2009-12-04,-7,0.034902796149253845
2009-12-16,policy_uncertainty,2009-12-07,-6,0.033884912729263306
2009-12-16,policy_uncertainty,2009-12-08,-5,0.03564890846610069
2009-12-16,policy_uncertainty,2009-12-09,-4,0.038443513214588165
2009-12-16,policy_uncertainty,2009-12-10,-3,0.03871140256524086
2009-12-16,policy_uncertainty,2009-12-11,-2,0.036884602159261703
2009-12-16,policy_uncertainty,2009-12-14,-1,0.03429615497589111
2009-12-16,policy_uncertainty,2009-12-15,0,0.032578397542238235
2009-12-16,forward_guidance_strength,2009-11-05,-26,0.03840289264917374
2009-12-16,forward_guidance_strength,2009-11-06,-25,0.0333101861178875
2009-12-16,forward_guidance_strength,2009-11-09,-24,0.03575511649250984
2009-12-16,forward_guidance_strength,2009-11-10,-23,0.03625335171818733
2009-12-16,forward_guidance_strength,2009-11-12,-22,0.03384594991803169
2009-12-16,forward_guidance_strength,2009-11-13,-21,0.03498340770602226
2009-12-16,forward_guidance_strength,2009-11-16,-20,0.03338122367858887
2009-12-16,forward_guidance_strength,2009-11-17,-19,0.03291867673397064
2009-12-16,forward_guidance_strength,2009-11-18,-18,0.033986710011959076
2009-12-16,forward_guidance_strength,2009-11-19,-17,0.03598727285861969
2009-12-16,forward_guidance_strength,2009-11-20,-16,0.0370657853782177
2009-12-16,forward_guidance_strength,2009-11-23,-15,0.036851514130830765
2009-12-16,forward_guidance_strength,2009-11-24,-14,0.03674045205116272
2009-12-16,forward_guidance_strength,2009-11-25,-13,0.03183357045054436
2009-12-16,forward_guidance_strength,2009-11-27,-12,0.030151117593050003
2009-12-16,forward_guidance_strength,2009-11-30,-11,0.030824605375528336
2009-12-16,forward_guidance_strength,2009-12-01,-10,0.03361823409795761
2009-12-16,forward_guidance_strength,2009-12-02,-9,0.03857359290122986
2009-12-16,forward_guidance_strength,2009-12-03,-8,0.04121111333370209
2009-12-16,forward_guidance_strength,2009-12-04,-7,0.03675968945026398
2009-12-16,forward_guidance_strength,2009-12-07,-6,0.041483402252197266
2009-12-16,forward_guidance_strength,2009-12-08,-5,0.03882912918925285
2009-12-16,forward_guidance_strength,2009-12-09,-4,0.03759336471557617
2009-12-16,forward_guidance_strength,2009-12-10,-3,0.03875191882252693
2009-12-16,forward_guidance_strength,2009-12-11,-2,0.044725991785526276
2009-12-16,forward_guidance_strength,2009-12-14,-1,0.051429472863674164
2009-12-16,forward_guidance_strength,2009-12-15,0,0.04473225772380829
2010-01-27,rate_decision,2009-12-17,-25,0.03969590738415718
2010-01-27,rate_decision,2009-12-18,-24,0.03623689338564873
2010-01-27,rate_decision,2009-12-21,-23,0.04301764816045761
2010-01-27,rate_decision,2009-12-22,-22,0.04312809556722641
2010-01-27,rate_decision,2009-12-23,-21,0.034813687205314636
2010-01-27,rate_decision,2009-12-24,-20,0.03857167065143585
2010-01-27,rate_decision,2009-12-28,-19,0.04269818216562271
2010-01-27,rate_decision,2009-12-29,-18,0.04084143787622452
2010-01-27,rate_decision,2009-12-30,-17,0.037988655269145966
2010-01-27,rate_decision,2009-12-31,-16,0.04033787176012993
2010-01-27,rate_decision,2010-01-04,-15,0.0379050076007843
2010-01-27,rate_decision,2010-01-05,-14,0.03304997831583023
2010-01-27,rate_decision,2010-01-06,-13,0.03562242537736893
2010-01-27,rate_decision,2010-01-07,-12,0.03592517971992493
2010-01-27,rate_decision,2010-01-08,-11,0.04011361300945282
2010-01-27,rate_decision,2010-01-11,-10,0.040709711611270905
2010-01-27,rate_decision,2010-01-12,-9,0.03968031331896782
2010-01-27,rate_decision,2010-01-13,-8,0.04149288684129715
2010-01-27,rate_decision,2010-01-14,-7,0.03958158567547798
2010-01-27,rate_decision,2010-01-15,-6,0.038304638117551804
2010-01-27,rate_decision,2010-01-19,-5,0.03609829023480415
2010-01-27,rate_decision,2010-01-20,-4,0.04139753803610802
2010-01-27,rate_decision,2010-01-21,-3,0.03721464425325394
2010-01-27,rate_decision,2010-01-22,-2,0.036766521632671356
2010-01-27,rate_decision,2010-01-25,-1,0.035726580768823624
2010-01-27,rate_decision,2010-01-26,0,0.03308103233575821
2010-01-27,current_policy_stance,2009-12-17,-25,0.0378984734416008
2010-01-27,current_policy_stance,2009-12-18,-24,0.03793029487133026
2010-01-27,current_policy_stance,2009-12-21,-23,0.03883037716150284
2010-01-27,current_policy_stance,2009-12-22,-22,0.03992890194058418
2010-01-27,current_policy_stance,2009-12-23,-21,0.03307438641786575
2010-01-27,current_policy_stance,2009-12-24,-20,0.03192808851599693
2010-01-27,current_policy_stance,2009-12-28,-19,0.03402048349380493
2010-01-27,current_policy_stance,2009-12-29,-18,0.031445495784282684
2010-01-27,current_policy_stance,2009-12-30,-17,0.03041791543364525
2010-01-27,current_policy_stance,2009-12-31,-16,0.03584539145231247
2010-01-27,current_policy_stance,2010-01-04,-15,0.031215284019708633
2010-01-27,current_policy_stance,2010-01-05,-14,0.03212153911590576
2010-01-27,current_policy_stance,2010-01-06,-13,0.04276617616415024
2010-01-27,current_policy_stance,2010-01-07,-12,0.03923727944493294
2010-01-27,current_policy_stance,2010-01-08,-11,0.041274141520261765
2010-01-27,current_policy_stance,2010-01-11,-10,0.042055562138557434
2010-01-27,current_policy_stance,2010-01-12,-9,0.04332427680492401
2010-01-27,current_policy_stance,2010-01-13,-8,0.045175906270742416
2010-01-27,current_policy_stance,2010-01-14,-7,0.040664270520210266
2010-01-27,current_policy_stance,2010-01-15,-6,0.03950909525156021
2010-01-27,current_policy_stance,2010-01-19,-5,0.039500802755355835
2010-01-27,current_policy_stance,2010-01-20,-4,0.04200097173452377
2010-01-27,current_policy_stance,2010-01-21,-3,0.03973562270402908
2010-01-27,current_policy_stance,2010-01-22,-2,0.041923269629478455
2010-01-27,current_policy_stance,2010-01-25,-1,0.04578845947980881
2010-01-27,current_policy_stance,2010-01-26,0,0.042387526482343674
2010-01-27,policy_stance_shift,2009-12-17,-25,0.03709537163376808
2010-01-27,policy_stance_shift,2009-12-18,-24,0.03811581805348396
2010-01-27,policy_stance_shift,2009-12-21,-23,0.03564305230975151
2010-01-27,policy_stance_shift,2009-12-22,-22,0.03850524500012398
2010-01-27,policy_stance_shift,2009-12-23,-21,0.039134204387664795
2010-01-27,policy_stance_shift,2009-12-24,-20,0.03954628109931946
2010-01-27,policy_stance_shift,2009-12-28,-19,0.037981290370225906
2010-01-27,policy_stance_shift,2009-12-29,-18,0.03780630603432655
2010-01-27,policy_stance_shift,2009-12-30,-17,0.036332424730062485
2010-01-27,policy_stance_shift,2009-12-31,-16,0.03594382479786873
2010-01-27,policy_stance_shift,2010-01-04,-15,0.03407028689980507
2010-01-27,policy_stance_shift,2010-01-05,-14,0.03497081995010376
2010-01-27,policy_stance_shift,2010-01-06,-13,0.040091998875141144
2010-01-27,policy_stance_shift,2010-01-07,-12,0.03793502599000931
2010-01-27,policy_stance_shift,2010-01-08,-11,0.04193753004074097
2010-01-27,policy_stance_shift,2010-01-11,-10,0.042519520968198776
2010-01-27,policy_stance_shift,2010-01-12,-9,0.0396321676671505
2010-01-27,policy_stance_shift,2010-01-13,-8,0.04227512329816818
2010-01-27,policy_stance_shift,2010-01-14,-7,0.039646875113248825
2010-01-27,policy_stance_shift,2010-01-15,-6,0.038697175681591034
2010-01-27,policy_stance_shift,2010-01-19,-5,0.039875224232673645
2010-01-27,policy_stance_shift,2010-01-20,-4,0.03592153638601303
2010-01-27,policy_stance_shift,2010-01-21,-3,0.03758195787668228
2010-01-27,policy_stance_shift,2010-01-22,-2,0.03999772667884827
2010-01-27,policy_stance_shift,2010-01-25,-1,0.03966962546110153
2010-01-27,policy_stance_shift,2010-01-26,0,0.03907361626625061
2010-01-27,expected_rate_path_shift,2009-12-17,-25,0.036540575325489044
2010-01-27,expected_rate_path_shift,2009-12-18,-24,0.03664074465632439
2010-01-27,expected_rate_path_shift,2009-12-21,-23,0.03549930453300476
2010-01-27,expected_rate_path_shift,2009-12-22,-22,0.03727862238883972
2010-01-27,expected_rate_path_shift,2009-12-23,-21,0.03459860384464264
2010-01-27,expected_rate_path_shift,2009-12-24,-20,0.03423711657524109
2010-01-27,expected_rate_path_shift,2009-12-28,-19,0.03457202762365341
2010-01-27,expected_rate_path_shift,2009-12-29,-18,0.032751087099313736
2010-01-27,expected_rate_path_shift,2009-12-30,-17,0.031367819756269455
2010-01-27,expected_rate_path_shift,2009-12-31,-16,0.03425370901823044
2010-01-27,expected_rate_path_shift,2010-01-04,-15,0.030439630150794983
2010-01-27,expected_rate_path_shift,2010-01-05,-14,0.03215184435248375
2010-01-27,expected_rate_path_shift,2010-01-06,-13,0.042157337069511414
2010-01-27,expected_rate_path_shift,2010-01-07,-12,0.03869091719388962
2010-01-27,expected_rate_path_shift,2010-01-08,-11,0.04279424622654915
2010-01-27,expected_rate_path_shift,2010-01-11,-10,0.04418625310063362
2010-01-27,expected_rate_path_shift,2010-01-12,-9,0.042484525591135025
2010-01-27,expected_rate_path_shift,2010-01-13,-8,0.04552004113793373
2010-01-27,expected_rate_path_shift,2010-01-14,-7,0.04149385541677475
2010-01-27,expected_rate_path_shift,2010-01-15,-6,0.04043567180633545
2010-01-27,expected_rate_path_shift,2010-01-19,-5,0.04083147272467613
2010-01-27,expected_rate_path_shift,2010-01-20,-4,0.03944367170333862
2010-01-27,expected_rate_path_shift,2010-01-21,-3,0.040213443338871
2010-01-27,expected_rate_path_shift,2010-01-22,-2,0.043448980897665024
2010-01-27,expected_rate_path_shift,2010-01-25,-1,0.04580089449882507
2010-01-27,expected_rate_path_shift,2010-01-26,0,0.042167581617832184
2010-01-27,inflation_assessment_shift,2009-12-17,-25,0.03772849217057228
2010-01-27,inflation_assessment_shift,2009-12-18,-24,0.03789633512496948
2010-01-27,inflation_assessment_shift,2009-12-21,-23,0.036307524889707565
2010-01-27,inflation_assessment_shift,2009-12-22,-22,0.038556959480047226
2010-01-27,inflation_assessment_shift,2009-12-23,-21,0.03798973560333252
2010-01-27,inflation_assessment_shift,2009-12-24,-20,0.03834064304828644
2010-01-27,inflation_assessment_shift,2009-12-28,-19,0.037664756178855896
2010-01-27,inflation_assessment_shift,2009-12-29,-18,0.037401940673589706
2010-01-27,inflation_assessment_shift,2009-12-30,-17,0.03512146323919296
2010-01-27,inflation_assessment_shift,2009-12-31,-16,0.03504352644085884
2010-01-27,inflation_assessment_shift,2010-01-04,-15,0.03444549813866615
2010-01-27,inflation_assessment_shift,2010-01-05,-14,0.03488427400588989
2010-01-27,inflation_assessment_shift,2010-01-06,-13,0.03938816115260124
2010-01-27,inflation_assessment_shift,2010-01-07,-12,0.03840717673301697
2010-01-27,inflation_assessment_shift,2010-01-08,-11,0.041952770203351974
2010-01-27,inflation_assessment_shift,2010-01-11,-10,0.04285962134599686
2010-01-27,inflation_assessment_shift,2010-01-12,-9,0.0399705171585083
2010-01-27,inflation_assessment_shift,2010-01-13,-8,0.04284615069627762
2010-01-27,inflation_assessment_shift,2010-01-14,-7,0.04042580723762512
2010-01-27,inflation_assessment_shift,2010-01-15,-6,0.03905261307954788
2010-01-27,inflation_assessment_shift,2010-01-19,-5,0.04014809429645538
2010-01-27,inflation_assessment_shift,2010-01-20,-4,0.0369524322450161
2010-01-27,inflation_assessment_shift,2010-01-21,-3,0.03822784498333931
2010-01-27,inflation_assessment_shift,2010-01-22,-2,0.04023255407810211
2010-01-27,inflation_assessment_shift,2010-01-25,-1,0.039555128663778305
2010-01-27,inflation_assessment_shift,2010-01-26,0,0.03859999030828476
2010-01-27,inflation_risk_shift,2009-12-17,-25,0.03599204495549202
2010-01-27,inflation_risk_shift,2009-12-18,-24,0.03804631903767586
2010-01-27,inflation_risk_shift,2009-12-21,-23,0.03560984879732132
2010-01-27,inflation_risk_shift,2009-12-22,-22,0.03713598474860191
2010-01-27,inflation_risk_shift,2009-12-23,-21,0.03554033115506172
2010-01-27,inflation_risk_shift,2009-12-24,-20,0.03558895364403725
2010-01-27,inflation_risk_shift,2009-12-28,-19,0.03509998694062233
2010-01-27,inflation_risk_shift,2009-12-29,-18,0.03460914269089699
2010-01-27,inflation_risk_shift,2009-12-30,-17,0.033394552767276764
2010-01-27,inflation_risk_shift,2009-12-31,-16,0.03443709388375282
2010-01-27,inflation_risk_shift,2010-01-04,-15,0.032146938145160675
2010-01-27,inflation_risk_shift,2010-01-05,-14,0.03463047370314598
2010-01-27,inflation_risk_shift,2010-01-06,-13,0.04115913063287735
2010-01-27,inflation_risk_shift,2010-01-07,-12,0.03851817548274994
2010-01-27,inflation_risk_shift,2010-01-08,-11,0.04188840463757515
2010-01-27,inflation_risk_shift,2010-01-11,-10,0.04403485357761383
2010-01-27,inflation_risk_shift,2010-01-12,-9,0.04176847264170647
2010-01-27,inflation_risk_shift,2010-01-13,-8,0.04323726147413254
2010-01-27,inflation_risk_shift,2010-01-14,-7,0.04122437536716461
2010-01-27,inflation_risk_shift,2010-01-15,-6,0.04007907211780548
2010-01-27,inflation_risk_shift,2010-01-19,-5,0.040706098079681396
2010-01-27,inflation_risk_shift,2010-01-20,-4,0.037562016397714615
2010-01-27,inflation_risk_shift,2010-01-21,-3,0.03923812136054039
2010-01-27,inflation_risk_shift,2010-01-22,-2,0.042908117175102234
2010-01-27,inflation_risk_shift,2010-01-25,-1,0.04421701282262802
2010-01-27,inflation_risk_shift,2010-01-26,0,0.041227225214242935
2010-01-27,unemployment_assessment_shift,2009-12-17,-25,0.037316687405109406
2010-01-27,unemployment_assessment_shift,2009-12-18,-24,0.0365808829665184
2010-01-27,unemployment_assessment_shift,2009-12-21,-23,0.03596220165491104
2010-01-27,unemployment_assessment_shift,2009-12-22,-22,0.03806256875395775
2010-01-27,unemployment_assessment_shift,2009-12-23,-21,0.037024371325969696
2010-01-27,unemployment_assessment_shift,2009-12-24,-20,0.03761354088783264
2010-01-27,unemployment_assessment_shift,2009-12-28,-19,0.0368819423019886
2010-01-27,unemployment_assessment_shift,2009-12-29,-18,0.036590106785297394
2010-01-27,unemployment_assessment_shift,2009-12-30,-17,0.034446246922016144
2010-01-27,unemployment_assessment_shift,2009-12-31,-16,0.03460191190242767
2010-01-27,unemployment_assessment_shift,2010-01-04,-15,0.03361355513334274
2010-01-27,unemployment_assessment_shift,2010-01-05,-14,0.033982954919338226
2010-01-27,unemployment_assessment_shift,2010-01-06,-13,0.03903184086084366
2010-01-27,unemployment_assessment_shift,2010-01-07,-12,0.03860999643802643
2010-01-27,unemployment_assessment_shift,2010-01-08,-11,0.04251979663968086
2010-01-27,unemployment_assessment_shift,2010-01-11,-10,0.04389059543609619
2010-01-27,unemployment_assessment_shift,2010-01-12,-9,0.04028784856200218
2010-01-27,unemployment_assessment_shift,2010-01-13,-8,0.04356564208865166
2010-01-27,unemployment_assessment_shift,2010-01-14,-7,0.04164518043398857
2010-01-27,unemployment_assessment_shift,2010-01-15,-6,0.03968896344304085
2010-01-27,unemployment_assessment_shift,2010-01-19,-5,0.0405014231801033
2010-01-27,unemployment_assessment_shift,2010-01-20,-4,0.03803925961256027
2010-01-27,unemployment_assessment_shift,2010-01-21,-3,0.03873138502240181
2010-01-27,unemployment_assessment_shift,2010-01-22,-2,0.04099437594413757
2010-01-27,unemployment_assessment_shift,2010-01-25,-1,0.04040595144033432
2010-01-27,unemployment_assessment_shift,2010-01-26,0,0.0394107811152935
2010-01-27,labor_market_risk_shift,2009-12-17,-25,0.03666819632053375
2010-01-27,labor_market_risk_shift,2009-12-18,-24,0.03666938841342926
2010-01-27,labor_market_risk_shift,2009-12-21,-23,0.03551768884062767
2010-01-27,labor_market_risk_shift,2009-12-22,-22,0.03725757077336311
2010-01-27,labor_market_risk_shift,2009-12-23,-21,0.03570673614740372
2010-01-27,labor_market_risk_shift,2009-12-24,-20,0.035801779478788376
2010-01-27,labor_market_risk_shift,2009-12-28,-19,0.036081213504076004
2010-01-27,labor_market_risk_shift,2009-12-29,-18,0.03525029867887497
2010-01-27,labor_market_risk_shift,2009-12-30,-17,0.03269670903682709
2010-01-27,labor_market_risk_shift,2009-12-31,-16,0.033997729420661926
2010-01-27,labor_market_risk_shift,2010-01-04,-15,0.033007241785526276
2010-01-27,labor_market_risk_shift,2010-01-05,-14,0.03397534415125847
2010-01-27,labor_market_risk_shift,2010-01-06,-13,0.04030977562069893
2010-01-27,labor_market_risk_shift,2010-01-07,-12,0.03871950879693031
2010-01-27,labor_market_risk_shift,2010-01-08,-11,0.04322768747806549
2010-01-27,labor_market_risk_shift,2010-01-11,-10,0.04392464458942413
2010-01-27,labor_market_risk_shift,2010-01-12,-9,0.04144490510225296
2010-01-27,labor_market_risk_shift,2010-01-13,-8,0.04507891833782196
2010-01-27,labor_market_risk_shift,2010-01-14,-7,0.04190080612897873
2010-01-27,labor_market_risk_shift,2010-01-15,-6,0.040426105260849
2010-01-27,labor_market_risk_shift,2010-01-19,-5,0.041161250323057175
2010-01-27,labor_market_risk_shift,2010-01-20,-4,0.0382552333176136
2010-01-27,labor_market_risk_shift,2010-01-21,-3,0.04004332795739174
2010-01-27,labor_market_risk_shift,2010-01-22,-2,0.04219387471675873
2010-01-27,labor_market_risk_shift,2010-01-25,-1,0.04159685969352722
2010-01-27,labor_market_risk_shift,2010-01-26,0,0.03908722475171089
2010-01-27,growth_activity_shift,2009-12-17,-25,0.037361763417720795
2010-01-27,growth_activity_shift,2009-12-18,-24,0.03913429006934166
2010-01-27,growth_activity_shift,2009-12-21,-23,0.03460733965039253
2010-01-27,growth_activity_shift,2009-12-22,-22,0.0365942046046257
2010-01-27,growth_activity_shift,2009-12-23,-21,0.039011940360069275
2010-01-27,growth_activity_shift,2009-12-24,-20,0.03996611386537552
2010-01-27,growth_activity_shift,2009-12-28,-19,0.03821418061852455
2010-01-27,growth_activity_shift,2009-12-29,-18,0.039721377193927765
2010-01-27,growth_activity_shift,2009-12-30,-17,0.03811831772327423
2010-01-27,growth_activity_shift,2009-12-31,-16,0.035436540842056274
2010-01-27,growth_activity_shift,2010-01-04,-15,0.035780053585767746
2010-01-27,growth_activity_shift,2010-01-05,-14,0.03701949492096901
2010-01-27,growth_activity_shift,2010-01-06,-13,0.038253337144851685
2010-01-27,growth_activity_shift,2010-01-07,-12,0.03787821903824806
2010-01-27,growth_activity_shift,2010-01-08,-11,0.041307587176561356
2010-01-27,growth_activity_shift,2010-01-11,-10,0.042096056044101715
2010-01-27,growth_activity_shift,2010-01-12,-9,0.03969115763902664
2010-01-27,growth_activity_shift,2010-01-13,-8,0.040982481092214584
2010-01-27,growth_activity_shift,2010-01-14,-7,0.03958864510059357
2010-01-27,growth_activity_shift,2010-01-15,-6,0.03908991441130638
2010-01-27,growth_activity_shift,2010-01-19,-5,0.040603600442409515
2010-01-27,growth_activity_shift,2010-01-20,-4,0.035223737359046936
2010-01-27,growth_activity_shift,2010-01-21,-3,0.03750886023044586
2010-01-27,growth_activity_shift,2010-01-22,-2,0.04006163775920868
2010-01-27,growth_activity_shift,2010-01-25,-1,0.03816702216863632
2010-01-27,growth_activity_shift,2010-01-26,0,0.03858216106891632
2010-01-27,financial_conditions_shift,2009-12-17,-25,0.03615396469831467
2010-01-27,financial_conditions_shift,2009-12-18,-24,0.03636941313743591
2010-01-27,financial_conditions_shift,2009-12-21,-23,0.035138994455337524
2010-01-27,financial_conditions_shift,2009-12-22,-22,0.03708917647600174
2010-01-27,financial_conditions_shift,2009-12-23,-21,0.036304883658885956
2010-01-27,financial_conditions_shift,2009-12-24,-20,0.03676901012659073
2010-01-27,financial_conditions_shift,2009-12-28,-19,0.036823540925979614
2010-01-27,financial_conditions_shift,2009-12-29,-18,0.036633335053920746
2010-01-27,financial_conditions_shift,2009-12-30,-17,0.03457051143050194
2010-01-27,financial_conditions_shift,2009-12-31,-16,0.035650819540023804
2010-01-27,financial_conditions_shift,2010-01-04,-15,0.034035395830869675
2010-01-27,financial_conditions_shift,2010-01-05,-14,0.034962527453899384
2010-01-27,financial_conditions_shift,2010-01-06,-13,0.040575940161943436
2010-01-27,financial_conditions_shift,2010-01-07,-12,0.03893911838531494
2010-01-27,financial_conditions_shift,2010-01-08,-11,0.04278479143977165
2010-01-27,financial_conditions_shift,2010-01-11,-10,0.04396494850516319
2010-01-27,financial_conditions_shift,2010-01-12,-9,0.04087553173303604
2010-01-27,financial_conditions_shift,2010-01-13,-8,0.04341776296496391
2010-01-27,financial_conditions_shift,2010-01-14,-7,0.041273605078458786
2010-01-27,financial_conditions_shift,2010-01-15,-6,0.03919922932982445
2010-01-27,financial_conditions_shift,2010-01-19,-5,0.040566861629486084
2010-01-27,financial_conditions_shift,2010-01-20,-4,0.03762873262166977
2010-01-27,financial_conditions_shift,2010-01-21,-3,0.03871488198637962
2010-01-27,financial_conditions_shift,2010-01-22,-2,0.041647396981716156
2010-01-27,financial_conditions_shift,2010-01-25,-1,0.04177923500537872
2010-01-27,financial_conditions_shift,2010-01-26,0,0.03813041001558304
2010-01-27,balance_sheet_policy_shift,2009-12-17,-25,0.037936318665742874
2010-01-27,balance_sheet_policy_shift,2009-12-18,-24,0.037971820682287216
2010-01-27,balance_sheet_policy_shift,2009-12-21,-23,0.03511390835046768
2010-01-27,balance_sheet_policy_shift,2009-12-22,-22,0.036091770976781845
2010-01-27,balance_sheet_policy_shift,2009-12-23,-21,0.043778374791145325
2010-01-27,balance_sheet_policy_shift,2009-12-24,-20,0.04658372327685356
2010-01-27,balance_sheet_policy_shift,2009-12-28,-19,0.04349629208445549
2010-01-27,balance_sheet_policy_shift,2009-12-29,-18,0.047638460993766785
2010-01-27,balance_sheet_policy_shift,2009-12-30,-17,0.046510785818099976
2010-01-27,balance_sheet_policy_shift,2009-12-31,-16,0.03814701363444328
2010-01-27,balance_sheet_policy_shift,2010-01-04,-15,0.04333686828613281
2010-01-27,balance_sheet_policy_shift,2010-01-05,-14,0.04219408333301544
2010-01-27,balance_sheet_policy_shift,2010-01-06,-13,0.034822285175323486
2010-01-27,balance_sheet_policy_shift,2010-01-07,-12,0.03702598810195923
2010-01-27,balance_sheet_policy_shift,2010-01-08,-11,0.03794727846980095
2010-01-27,balance_sheet_policy_shift,2010-01-11,-10,0.03788219019770622
2010-01-27,balance_sheet_policy_shift,2010-01-12,-9,0.03465671092271805
2010-01-27,balance_sheet_policy_shift,2010-01-13,-8,0.034570593386888504
2010-01-27,balance_sheet_policy_shift,2010-01-14,-7,0.036575138568878174
2010-01-27,balance_sheet_policy_shift,2010-01-15,-6,0.03704351559281349
2010-01-27,balance_sheet_policy_shift,2010-01-19,-5,0.03756218031048775
2010-01-27,balance_sheet_policy_shift,2010-01-20,-4,0.03310541436076164
2010-01-27,balance_sheet_policy_shift,2010-01-21,-3,0.03593005985021591
2010-01-27,balance_sheet_policy_shift,2010-01-22,-2,0.035609349608421326
2010-01-27,balance_sheet_policy_shift,2010-01-25,-1,0.0329941026866436
2010-01-27,balance_sheet_policy_shift,2010-01-26,0,0.03547576442360878
2010-01-27,risk_balance_shift,2009-12-17,-25,0.038410261273384094
2010-01-27,risk_balance_shift,2009-12-18,-24,0.03912431001663208
2010-01-27,risk_balance_shift,2009-12-21,-23,0.03720838576555252
2010-01-27,risk_balance_shift,2009-12-22,-22,0.03936103358864784
2010-01-27,risk_balance_shift,2009-12-23,-21,0.03742401301860809
2010-01-27,risk_balance_shift,2009-12-24,-20,0.03698109835386276
2010-01-27,risk_balance_shift,2009-12-28,-19,0.036506131291389465
2010-01-27,risk_balance_shift,2009-12-29,-18,0.03564635291695595
2010-01-27,risk_balance_shift,2009-12-30,-17,0.03350157290697098
2010-01-27,risk_balance_shift,2009-12-31,-16,0.03511953353881836
2010-01-27,risk_balance_shift,2010-01-04,-15,0.03260214254260063
2010-01-27,risk_balance_shift,2010-01-05,-14,0.033759355545043945
2010-01-27,risk_balance_shift,2010-01-06,-13,0.03995257616043091
2010-01-27,risk_balance_shift,2010-01-07,-12,0.038215894252061844
2010-01-27,risk_balance_shift,2010-01-08,-11,0.04227246344089508
2010-01-27,risk_balance_shift,2010-01-11,-10,0.042110130190849304
2010-01-27,risk_balance_shift,2010-01-12,-9,0.04048025608062744
2010-01-27,risk_balance_shift,2010-01-13,-8,0.04314465448260307
2010-01-27,risk_balance_shift,2010-01-14,-7,0.04029206559062004
2010-01-27,risk_balance_shift,2010-01-15,-6,0.03877542167901993
2010-01-27,risk_balance_shift,2010-01-19,-5,0.03968466445803642
2010-01-27,risk_balance_shift,2010-01-20,-4,0.03715122863650322
2010-01-27,risk_balance_shift,2010-01-21,-3,0.03832762688398361
2010-01-27,risk_balance_shift,2010-01-22,-2,0.041647832840681076
2010-01-27,risk_balance_shift,2010-01-25,-1,0.04164520651102066
2010-01-27,risk_balance_shift,2010-01-26,0,0.04065578430891037
2010-01-27,committee_dispersion,2009-12-17,-25,0.03692474588751793
2010-01-27,committee_dispersion,2009-12-18,-24,0.03791908174753189
2010-01-27,committee_dispersion,2009-12-21,-23,0.03452560305595398
2010-01-27,committee_dispersion,2009-12-22,-22,0.03655686974525452
2010-01-27,committee_dispersion,2009-12-23,-21,0.04084131866693497
2010-01-27,committee_dispersion,2009-12-24,-20,0.04232122749090195
2010-01-27,committee_dispersion,2009-12-28,-19,0.040114808827638626
2010-01-27,committee_dispersion,2009-12-29,-18,0.04225783422589302
2010-01-27,committee_dispersion,2009-12-30,-17,0.04030846059322357
2010-01-27,committee_dispersion,2009-12-31,-16,0.03584466129541397
2010-01-27,committee_dispersion,2010-01-04,-15,0.038344189524650574
2010-01-27,committee_dispersion,2010-01-05,-14,0.03822672367095947
2010-01-27,committee_dispersion,2010-01-06,-13,0.03697190061211586
2010-01-27,committee_dispersion,2010-01-07,-12,0.03799319639801979
2010-01-27,committee_dispersion,2010-01-08,-11,0.040817007422447205
2010-01-27,committee_dispersion,2010-01-11,-10,0.041923169046640396
2010-01-27,committee_dispersion,2010-01-12,-9,0.03698514401912689
2010-01-27,committee_dispersion,2010-01-13,-8,0.03945579379796982
2010-01-27,committee_dispersion,2010-01-14,-7,0.03906763345003128
2010-01-27,committee_dispersion,2010-01-15,-6,0.03842262551188469
2010-01-27,committee_dispersion,2010-01-19,-5,0.039621248841285706
2010-01-27,committee_dispersion,2010-01-20,-4,0.03434623032808304
2010-01-27,committee_dispersion,2010-01-21,-3,0.03727184236049652
2010-01-27,committee_dispersion,2010-01-22,-2,0.03829243406653404
2010-01-27,committee_dispersion,2010-01-25,-1,0.03669947758316994
2010-01-27,committee_dispersion,2010-01-26,0,0.037946756929159164
2010-01-27,policy_uncertainty,2009-12-17,-25,0.03681670129299164
2010-01-27,policy_uncertainty,2009-12-18,-24,0.03707896173000336
2010-01-27,policy_uncertainty,2009-12-21,-23,0.03680233284831047
2010-01-27,policy_uncertainty,2009-12-22,-22,0.0382130891084671
2010-01-27,policy_uncertainty,2009-12-23,-21,0.03361828625202179
2010-01-27,policy_uncertainty,2009-12-24,-20,0.03287917375564575
2010-01-27,policy_uncertainty,2009-12-28,-19,0.034047387540340424
2010-01-27,policy_uncertainty,2009-12-29,-18,0.032128654420375824
2010-01-27,policy_uncertainty,2009-12-30,-17,0.030644593760371208
2010-01-27,policy_uncertainty,2009-12-31,-16,0.03478347882628441
2010-01-27,policy_uncertainty,2010-01-04,-15,0.031197035685181618
2010-01-27,policy_uncertainty,2010-01-05,-14,0.03211282566189766
2010-01-27,policy_uncertainty,2010-01-06,-13,0.04276306554675102
2010-01-27,policy_uncertainty,2010-01-07,-12,0.03934003412723541
2010-01-27,policy_uncertainty,2010-01-08,-11,0.0417342483997345
2010-01-27,policy_uncertainty,2010-01-11,-10,0.04382939264178276
2010-01-27,policy_uncertainty,2010-01-12,-9,0.043353524059057236
2010-01-27,policy_uncertainty,2010-01-13,-8,0.045360371470451355
2010-01-27,policy_uncertainty,2010-01-14,-7,0.04169222339987755
2010-01-27,policy_uncertainty,2010-01-15,-6,0.04011275991797447
2010-01-27,policy_uncertainty,2010-01-19,-5,0.04085223004221916
2010-01-27,policy_uncertainty,2010-01-20,-4,0.04070573300123215
2010-01-27,policy_uncertainty,2010-01-21,-3,0.04000897333025932
2010-01-27,policy_uncertainty,2010-01-22,-2,0.04312513768672943
2010-01-27,policy_uncertainty,2010-01-25,-1,0.04561881721019745
2010-01-27,policy_uncertainty,2010-01-26,0,0.04118097200989723
2010-01-27,forward_guidance_strength,2009-12-17,-25,0.03743710741400719
2010-01-27,forward_guidance_strength,2009-12-18,-24,0.037324171513319016
2010-01-27,forward_guidance_strength,2009-12-21,-23,0.03483515977859497
2010-01-27,forward_guidance_strength,2009-12-22,-22,0.03709390014410019
2010-01-27,forward_guidance_strength,2009-12-23,-21,0.041316770017147064
2010-01-27,forward_guidance_strength,2009-12-24,-20,0.04347284883260727
2010-01-27,forward_guidance_strength,2009-12-28,-19,0.0412353090941906
2010-01-27,forward_guidance_strength,2009-12-29,-18,0.04336676746606827
2010-01-27,forward_guidance_strength,2009-12-30,-17,0.04182574898004532
2010-01-27,forward_guidance_strength,2009-12-31,-16,0.0371415913105011
2010-01-27,forward_guidance_strength,2010-01-04,-15,0.03929287940263748
2010-01-27,forward_guidance_strength,2010-01-05,-14,0.038708023726940155
2010-01-27,forward_guidance_strength,2010-01-06,-13,0.0371587872505188
2010-01-27,forward_guidance_strength,2010-01-07,-12,0.0378616638481617
2010-01-27,forward_guidance_strength,2010-01-08,-11,0.04099542275071144
2010-01-27,forward_guidance_strength,2010-01-11,-10,0.04050593450665474
2010-01-27,forward_guidance_strength,2010-01-12,-9,0.03711056709289551
2010-01-27,forward_guidance_strength,2010-01-13,-8,0.038763776421546936
2010-01-27,forward_guidance_strength,2010-01-14,-7,0.038249753415584564
2010-01-27,forward_guidance_strength,2010-01-15,-6,0.038201406598091125
2010-01-27,forward_guidance_strength,2010-01-19,-5,0.03893882781267166
2010-01-27,forward_guidance_strength,2010-01-20,-4,0.03427247330546379
2010-01-27,forward_guidance_strength,2010-01-21,-3,0.036217015236616135
2010-01-27,forward_guidance_strength,2010-01-22,-2,0.03703043609857559
2010-01-27,forward_guidance_strength,2010-01-25,-1,0.03576222062110901
2010-01-27,forward_guidance_strength,2010-01-26,0,0.035881467163562775
2010-03-16,rate_decision,2010-01-28,-31,0.03207751736044884
2010-03-16,rate_decision,2010-01-29,-30,0.03253614157438278
2010-03-16,rate_decision,2010-02-01,-29,0.026312250643968582
2010-03-16,rate_decision,2010-02-02,-28,0.030797015875577927
2010-03-16,rate_decision,2010-02-03,-27,0.0358336977660656
2010-03-16,rate_decision,2010-02-04,-26,0.03489327430725098
2010-03-16,rate_decision,2010-02-05,-25,0.035796068608760834
2010-03-16,rate_decision,2010-02-08,-24,0.030945906415581703
2010-03-16,rate_decision,2010-02-09,-23,0.029081011191010475
2010-03-16,rate_decision,2010-02-10,-22,0.026985686272382736
2010-03-16,rate_decision,2010-02-11,-21,0.028639473021030426
2010-03-16,rate_decision,2010-02-12,-20,0.030252117663621902
2010-03-16,rate_decision,2010-02-16,-19,0.03014141321182251
2010-03-16,rate_decision,2010-02-17,-18,0.03185196965932846
2010-03-16,rate_decision,2010-02-18,-17,0.02904798835515976
2010-03-16,rate_decision,2010-02-19,-16,0.028064703568816185
2010-03-16,rate_decision,2010-02-22,-15,0.031209629029035568
2010-03-16,rate_decision,2010-02-23,-14,0.03404540196061134
2010-03-16,rate_decision,2010-02-24,-13,0.035560376942157745
2010-03-16,rate_decision,2010-02-25,-12,0.03469979390501976
2010-03-16,rate_decision,2010-02-26,-11,0.03579387068748474
2010-03-16,rate_decision,2010-03-01,-10,0.03404441103339195
2010-03-16,rate_decision,2010-03-02,-9,0.03452612832188606
2010-03-16,rate_decision,2010-03-03,-8,0.030941041186451912
2010-03-16,rate_decision,2010-03-04,-7,0.029255622997879982
2010-03-16,rate_decision,2010-03-05,-6,0.02871610037982464
2010-03-16,rate_decision,2010-03-08,-5,0.028707893565297127
2010-03-16,rate_decision,2010-03-09,-4,0.0278781745582819
2010-03-16,rate_decision,2010-03-10,-3,0.029374491423368454
2010-03-16,rate_decision,2010-03-11,-2,0.031520456075668335
2010-03-16,rate_decision,2010-03-12,-1,0.032425880432128906
2010-03-16,rate_decision,2010-03-15,0,0.028044499456882477
2010-03-16,current_policy_stance,2010-01-28,-31,0.03431768715381622
2010-03-16,current_policy_stance,2010-01-29,-30,0.03289978206157684
2010-03-16,current_policy_stance,2010-02-01,-29,0.032857656478881836
2010-03-16,current_policy_stance,2010-02-02,-28,0.028167935088276863
2010-03-16,current_policy_stance,2010-02-03,-27,0.035642433911561966
2010-03-16,current_policy_stance,2010-02-04,-26,0.030242955312132835
2010-03-16,current_policy_stance,2010-02-05,-25,0.03903529420495033
2010-03-16,current_policy_stance,2010-02-08,-24,0.03108891472220421
2010-03-16,current_policy_stance,2010-02-09,-23,0.03261641040444374
2010-03-16,current_policy_stance,2010-02-10,-22,0.03437398001551628
2010-03-16,current_policy_stance,2010-02-11,-21,0.031096559017896652
2010-03-16,current_policy_stance,2010-02-12,-20,0.02758968062698841
2010-03-16,current_policy_stance,2010-02-16,-19,0.02892955020070076
2010-03-16,current_policy_stance,2010-02-17,-18,0.032786913216114044
2010-03-16,current_policy_stance,2010-02-18,-17,0.028828687965869904
2010-03-16,current_policy_stance,2010-02-19,-16,0.03114921972155571
2010-03-16,current_policy_stance,2010-02-22,-15,0.02769322320818901
2010-03-16,current_policy_stance,2010-02-23,-14,0.028102604672312737
2010-03-16,current_policy_stance,2010-02-24,-13,0.03497472032904625
2010-03-16,current_policy_stance,2010-02-25,-12,0.03225650638341904
2010-03-16,current_policy_stance,2010-02-26,-11,0.034637074917554855
2010-03-16,current_policy_stance,2010-03-01,-10,0.033509787172079086
2010-03-16,current_policy_stance,2010-03-02,-9,0.035435475409030914
2010-03-16,current_policy_stance,2010-03-03,-8,0.0326700359582901
2010-03-16,current_policy_stance,2010-03-04,-7,0.03204672783613205
2010-03-16,current_policy_stance,2010-03-05,-6,0.0342605784535408
2010-03-16,current_policy_stance,2010-03-08,-5,0.029945947229862213
2010-03-16,current_policy_stance,2010-03-09,-4,0.027797624468803406
2010-03-16,current_policy_stance,2010-03-10,-3,0.02775183692574501
2010-03-16,current_policy_stance,2010-03-11,-2,0.027504265308380127
2010-03-16,current_policy_stance,2010-03-12,-1,0.024744873866438866
2010-03-16,current_policy_stance,2010-03-15,0,0.02504507079720497
2010-03-16,policy_stance_shift,2010-01-28,-31,0.032830674201250076
2010-03-16,policy_stance_shift,2010-01-29,-30,0.0298055000603199
2010-03-16,policy_stance_shift,2010-02-01,-29,0.03147277981042862
2010-03-16,policy_stance_shift,2010-02-02,-28,0.02955438569188118
2010-03-16,policy_stance_shift,2010-02-03,-27,0.033307045698165894
2010-03-16,policy_stance_shift,2010-02-04,-26,0.029497111216187477
2010-03-16,policy_stance_shift,2010-02-05,-25,0.03317459672689438
2010-03-16,policy_stance_shift,2010-02-08,-24,0.03245028480887413
2010-03-16,policy_stance_shift,2010-02-09,-23,0.03235346078872681
2010-03-16,policy_stance_shift,2010-02-10,-22,0.033870093524456024
2010-03-16,policy_stance_shift,2010-02-11,-21,0.030270984396338463
2010-03-16,policy_stance_shift,2010-02-12,-20,0.028745809569954872
2010-03-16,policy_stance_shift,2010-02-16,-19,0.02898763306438923
2010-03-16,policy_stance_shift,2010-02-17,-18,0.03268834948539734
2010-03-16,policy_stance_shift,2010-02-18,-17,0.03241679072380066
2010-03-16,policy_stance_shift,2010-02-19,-16,0.033793337643146515
2010-03-16,policy_stance_shift,2010-02-22,-15,0.03167394548654556
2010-03-16,policy_stance_shift,2010-02-23,-14,0.029918357729911804
2010-03-16,policy_stance_shift,2010-02-24,-13,0.03320486471056938
2010-03-16,policy_stance_shift,2010-02-25,-12,0.03033554181456566
2010-03-16,policy_stance_shift,2010-02-26,-11,0.032041970640420914
2010-03-16,policy_stance_shift,2010-03-01,-10,0.03365909308195114
2010-03-16,policy_stance_shift,2010-03-02,-9,0.03249582648277283
2010-03-16,policy_stance_shift,2010-03-03,-8,0.03224716708064079
2010-03-16,policy_stance_shift,2010-03-04,-7,0.03196370601654053
2010-03-16,policy_stance_shift,2010-03-05,-6,0.03314131498336792
2010-03-16,policy_stance_shift,2010-03-08,-5,0.03041771799325943
2010-03-16,policy_stance_shift,2010-03-09,-4,0.02984638512134552
2010-03-16,policy_stance_shift,2010-03-10,-3,0.029819399118423462
2010-03-16,policy_stance_shift,2010-03-11,-2,0.02914433926343918
2010-03-16,policy_stance_shift,2010-03-12,-1,0.02883007749915123
2010-03-16,policy_stance_shift,2010-03-15,0,0.026041440665721893
2010-03-16,expected_rate_path_shift,2010-01-28,-31,0.03379293903708458
2010-03-16,expected_rate_path_shift,2010-01-29,-30,0.03118189051747322
2010-03-16,expected_rate_path_shift,2010-02-01,-29,0.03298801928758621
2010-03-16,expected_rate_path_shift,2010-02-02,-28,0.029090026393532753
2010-03-16,expected_rate_path_shift,2010-02-03,-27,0.03507518768310547
2010-03-16,expected_rate_path_shift,2010-02-04,-26,0.029424188658595085
2010-03-16,expected_rate_path_shift,2010-02-05,-25,0.036040257662534714
2010-03-16,expected_rate_path_shift,2010-02-08,-24,0.03279654681682587
2010-03-16,expected_rate_path_shift,2010-02-09,-23,0.03297537937760353
2010-03-16,expected_rate_path_shift,2010-02-10,-22,0.03368827700614929
2010-03-16,expected_rate_path_shift,2010-02-11,-21,0.029903892427682877
2010-03-16,expected_rate_path_shift,2010-02-12,-20,0.027520226314663887
2010-03-16,expected_rate_path_shift,2010-02-16,-19,0.027949132025241852
2010-03-16,expected_rate_path_shift,2010-02-17,-18,0.03235636651515961
2010-03-16,expected_rate_path_shift,2010-02-18,-17,0.030167769640684128
2010-03-16,expected_rate_path_shift,2010-02-19,-16,0.0321650393307209
2010-03-16,expected_rate_path_shift,2010-02-22,-15,0.029675686731934547
2010-03-16,expected_rate_path_shift,2010-02-23,-14,0.028949212282896042
2010-03-16,expected_rate_path_shift,2010-02-24,-13,0.034714795649051666
2010-03-16,expected_rate_path_shift,2010-02-25,-12,0.0315958596765995
2010-03-16,expected_rate_path_shift,2010-02-26,-11,0.034357309341430664
2010-03-16,expected_rate_path_shift,2010-03-01,-10,0.03515219688415527
2010-03-16,expected_rate_path_shift,2010-03-02,-9,0.035136643797159195
2010-03-16,expected_rate_path_shift,2010-03-03,-8,0.03372449055314064
2010-03-16,expected_rate_path_shift,2010-03-04,-7,0.03235496208071709
2010-03-16,expected_rate_path_shift,2010-03-05,-6,0.03322818875312805
2010-03-16,expected_rate_path_shift,2010-03-08,-5,0.029707519337534904
2010-03-16,expected_rate_path_shift,2010-03-09,-4,0.028260093182325363
2010-03-16,expected_rate_path_shift,2010-03-10,-3,0.028520086780190468
2010-03-16,expected_rate_path_shift,2010-03-11,-2,0.027593962848186493
2010-03-16,expected_rate_path_shift,2010-03-12,-1,0.026086350902915
2010-03-16,expected_rate_path_shift,2010-03-15,0,0.023827478289604187
2010-03-16,inflation_assessment_shift,2010-01-28,-31,0.034186966717243195
2010-03-16,inflation_assessment_shift,2010-01-29,-30,0.03249308466911316
2010-03-16,inflation_assessment_shift,2010-02-01,-29,0.03254207223653793
2010-03-16,inflation_assessment_shift,2010-02-02,-28,0.028168093413114548
2010-03-16,inflation_assessment_shift,2010-02-03,-27,0.03556036949157715
2010-03-16,inflation_assessment_shift,2010-02-04,-26,0.030421361327171326
2010-03-16,inflation_assessment_shift,2010-02-05,-25,0.03884279727935791
2010-03-16,inflation_assessment_shift,2010-02-08,-24,0.03116711974143982
2010-03-16,inflation_assessment_shift,2010-02-09,-23,0.03203064948320389
2010-03-16,inflation_assessment_shift,2010-02-10,-22,0.03402367979288101
2010-03-16,inflation_assessment_shift,2010-02-11,-21,0.031093399971723557
2010-03-16,inflation_assessment_shift,2010-02-12,-20,0.027687588706612587
2010-03-16,inflation_assessment_shift,2010-02-16,-19,0.02891458570957184
2010-03-16,inflation_assessment_shift,2010-02-17,-18,0.032875001430511475
2010-03-16,inflation_assessment_shift,2010-02-18,-17,0.028919944539666176
2010-03-16,inflation_assessment_shift,2010-02-19,-16,0.03140927478671074
2010-03-16,inflation_assessment_shift,2010-02-22,-15,0.028273504227399826
2010-03-16,inflation_assessment_shift,2010-02-23,-14,0.028527887538075447
2010-03-16,inflation_assessment_shift,2010-02-24,-13,0.035519763827323914
2010-03-16,inflation_assessment_shift,2010-02-25,-12,0.032694488763809204
2010-03-16,inflation_assessment_shift,2010-02-26,-11,0.03485514223575592
2010-03-16,inflation_assessment_shift,2010-03-01,-10,0.033714570105075836
2010-03-16,inflation_assessment_shift,2010-03-02,-9,0.03521095961332321
2010-03-16,inflation_assessment_shift,2010-03-03,-8,0.032446958124637604
2010-03-16,inflation_assessment_shift,2010-03-04,-7,0.03171813488006592
2010-03-16,inflation_assessment_shift,2010-03-05,-6,0.03406588360667229
2010-03-16,inflation_assessment_shift,2010-03-08,-5,0.029823018237948418
2010-03-16,inflation_assessment_shift,2010-03-09,-4,0.027670692652463913
2010-03-16,inflation_assessment_shift,2010-03-10,-3,0.027780748903751373
2010-03-16,inflation_assessment_shift,2010-03-11,-2,0.02765372022986412
2010-03-16,inflation_assessment_shift,2010-03-12,-1,0.024812882766127586
2010-03-16,inflation_assessment_shift,2010-03-15,0,0.024895653128623962
2010-03-16,inflation_risk_shift,2010-01-28,-31,0.03412950783967972
2010-03-16,inflation_risk_shift,2010-01-29,-30,0.03222736716270447
2010-03-16,inflation_risk_shift,2010-02-01,-29,0.033540062606334686
2010-03-16,inflation_risk_shift,2010-02-02,-28,0.028935279697179794
2010-03-16,inflation_risk_shift,2010-02-03,-27,0.03506346046924591
2010-03-16,inflation_risk_shift,2010-02-04,-26,0.029976576566696167
2010-03-16,inflation_risk_shift,2010-02-05,-25,0.03732341155409813
2010-03-16,inflation_risk_shift,2010-02-08,-24,0.03269147872924805
2010-03-16,inflation_risk_shift,2010-02-09,-23,0.03338541090488434
2010-03-16,inflation_risk_shift,2010-02-10,-22,0.033815983682870865
2010-03-16,inflation_risk_shift,2010-02-11,-21,0.029470182955265045
2010-03-16,inflation_risk_shift,2010-02-12,-20,0.02692950889468193
2010-03-16,inflation_risk_shift,2010-02-16,-19,0.0281448345631361
2010-03-16,inflation_risk_shift,2010-02-17,-18,0.0325184240937233
2010-03-16,inflation_risk_shift,2010-02-18,-17,0.029897702857851982
2010-03-16,inflation_risk_shift,2010-02-19,-16,0.0313810333609581
2010-03-16,inflation_risk_shift,2010-02-22,-15,0.02912219613790512
2010-03-16,inflation_risk_shift,2010-02-23,-14,0.028689948841929436
2010-03-16,inflation_risk_shift,2010-02-24,-13,0.03477044031023979
2010-03-16,inflation_risk_shift,2010-02-25,-12,0.031980063766241074
2010-03-16,inflation_risk_shift,2010-02-26,-11,0.03433447331190109
2010-03-16,inflation_risk_shift,2010-03-01,-10,0.03484337776899338
2010-03-16,inflation_risk_shift,2010-03-02,-9,0.0352947860956192
2010-03-16,inflation_risk_shift,2010-03-03,-8,0.033720463514328
2010-03-16,inflation_risk_shift,2010-03-04,-7,0.03266226127743721
2010-03-16,inflation_risk_shift,2010-03-05,-6,0.033164769411087036
2010-03-16,inflation_risk_shift,2010-03-08,-5,0.029007675126194954
2010-03-16,inflation_risk_shift,2010-03-09,-4,0.027573222294449806
2010-03-16,inflation_risk_shift,2010-03-10,-3,0.027756959199905396
2010-03-16,inflation_risk_shift,2010-03-11,-2,0.02751529961824417
2010-03-16,inflation_risk_shift,2010-03-12,-1,0.02574262022972107
2010-03-16,inflation_risk_shift,2010-03-15,0,0.024391228333115578
2010-03-16,unemployment_assessment_shift,2010-01-28,-31,0.030382931232452393
2010-03-16,unemployment_assessment_shift,2010-01-29,-30,0.027744121849536896
2010-03-16,unemployment_assessment_shift,2010-02-01,-29,0.030274873599410057
2010-03-16,unemployment_assessment_shift,2010-02-02,-28,0.03179598227143288
2010-03-16,unemployment_assessment_shift,2010-02-03,-27,0.030674921348690987
2010-03-16,unemployment_assessment_shift,2010-02-04,-26,0.03023424558341503
2010-03-16,unemployment_assessment_shift,2010-02-05,-25,0.02847563847899437
2010-03-16,unemployment_assessment_shift,2010-02-08,-24,0.03277372568845749
2010-03-16,unemployment_assessment_shift,2010-02-09,-23,0.031511347740888596
2010-03-16,unemployment_assessment_shift,2010-02-10,-22,0.030501220375299454
2010-03-16,unemployment_assessment_shift,2010-02-11,-21,0.029795140027999878
2010-03-16,unemployment_assessment_shift,2010-02-12,-20,0.031208649277687073
2010-03-16,unemployment_assessment_shift,2010-02-16,-19,0.02890324965119362
2010-03-16,unemployment_assessment_shift,2010-02-17,-18,0.02970943972468376
2010-03-16,unemployment_assessment_shift,2010-02-18,-17,0.0330943688750267
2010-03-16,unemployment_assessment_shift,2010-02-19,-16,0.03246743604540825
2010-03-16,unemployment_assessment_shift,2010-02-22,-15,0.03478069230914116
2010-03-16,unemployment_assessment_shift,2010-02-23,-14,0.03325309231877327
2010-03-16,unemployment_assessment_shift,2010-02-24,-13,0.031283874064683914
2010-03-16,unemployment_assessment_shift,2010-02-25,-12,0.030346503481268883
2010-03-16,unemployment_assessment_shift,2010-02-26,-11,0.03076389990746975
2010-03-16,unemployment_assessment_shift,2010-03-01,-10,0.03364238888025284
2010-03-16,unemployment_assessment_shift,2010-03-02,-9,0.031374040991067886
2010-03-16,unemployment_assessment_shift,2010-03-03,-8,0.03263620287179947
2010-03-16,unemployment_assessment_shift,2010-03-04,-7,0.031649358570575714
2010-03-16,unemployment_assessment_shift,2010-03-05,-6,0.030837956815958023
2010-03-16,unemployment_assessment_shift,2010-03-08,-5,0.03081018477678299
2010-03-16,unemployment_assessment_shift,2010-03-09,-4,0.03127959370613098
2010-03-16,unemployment_assessment_shift,2010-03-10,-3,0.0313858687877655
2010-03-16,unemployment_assessment_shift,2010-03-11,-2,0.031409308314323425
2010-03-16,unemployment_assessment_shift,2010-03-12,-1,0.034109439700841904
2010-03-16,unemployment_assessment_shift,2010-03-15,0,0.0308903269469738
2010-03-16,labor_market_risk_shift,2010-01-28,-31,0.033890221267938614
2010-03-16,labor_market_risk_shift,2010-01-29,-30,0.03016204759478569
2010-03-16,labor_market_risk_shift,2010-02-01,-29,0.032095350325107574
2010-03-16,labor_market_risk_shift,2010-02-02,-28,0.029772596433758736
2010-03-16,labor_market_risk_shift,2010-02-03,-27,0.035592373460531235
2010-03-16,labor_market_risk_shift,2010-02-04,-26,0.030510496348142624
2010-03-16,labor_market_risk_shift,2010-02-05,-25,0.034821487963199615
2010-03-16,labor_market_risk_shift,2010-02-08,-24,0.03302428498864174
2010-03-16,labor_market_risk_shift,2010-02-09,-23,0.03198052942752838
2010-03-16,labor_market_risk_shift,2010-02-10,-22,0.03255078196525574
2010-03-16,labor_market_risk_shift,2010-02-11,-21,0.02998252399265766
2010-03-16,labor_market_risk_shift,2010-02-12,-20,0.02844911254942417
2010-03-16,labor_market_risk_shift,2010-02-16,-19,0.027935996651649475
2010-03-16,labor_market_risk_shift,2010-02-17,-18,0.03143038600683212
2010-03-16,labor_market_risk_shift,2010-02-18,-17,0.029551107436418533
2010-03-16,labor_market_risk_shift,2010-02-19,-16,0.03219319507479668
2010-03-16,labor_market_risk_shift,2010-02-22,-15,0.031327199190855026
2010-03-16,labor_market_risk_shift,2010-02-23,-14,0.030846567824482918
2010-03-16,labor_market_risk_shift,2010-02-24,-13,0.03537581115961075
2010-03-16,labor_market_risk_shift,2010-02-25,-12,0.03240431100130081
2010-03-16,labor_market_risk_shift,2010-02-26,-11,0.034534916281700134
2010-03-16,labor_market_risk_shift,2010-03-01,-10,0.03550710901618004
2010-03-16,labor_market_risk_shift,2010-03-02,-9,0.034755535423755646
2010-03-16,labor_market_risk_shift,2010-03-03,-8,0.033345118165016174
2010-03-16,labor_market_risk_shift,2010-03-04,-7,0.03163390979170799
2010-03-16,labor_market_risk_shift,2010-03-05,-6,0.03252866864204407
2010-03-16,labor_market_risk_shift,2010-03-08,-5,0.0295453742146492
2010-03-16,labor_market_risk_shift,2010-03-09,-4,0.02785315178334713
2010-03-16,labor_market_risk_shift,2010-03-10,-3,0.028137747198343277
2010-03-16,labor_market_risk_shift,2010-03-11,-2,0.027423322200775146
2010-03-16,labor_market_risk_shift,2010-03-12,-1,0.02668716199696064
2010-03-16,labor_market_risk_shift,2010-03-15,0,0.024151604622602463
2010-03-16,growth_activity_shift,2010-01-28,-31,0.03064444102346897
2010-03-16,growth_activity_shift,2010-01-29,-30,0.028944969177246094
2010-03-16,growth_activity_shift,2010-02-01,-29,0.031064245849847794
2010-03-16,growth_activity_shift,2010-02-02,-28,0.03164665400981903
2010-03-16,growth_activity_shift,2010-02-03,-27,0.03075801581144333
2010-03-16,growth_activity_shift,2010-02-04,-26,0.029791798442602158
2010-03-16,growth_activity_shift,2010-02-05,-25,0.029450632631778717
2010-03-16,growth_activity_shift,2010-02-08,-24,0.03389624506235123
2010-03-16,growth_activity_shift,2010-02-09,-23,0.03315780684351921
2010-03-16,growth_activity_shift,2010-02-10,-22,0.03117331489920616
2010-03-16,growth_activity_shift,2010-02-11,-21,0.028745664283633232
2010-03-16,growth_activity_shift,2010-02-12,-20,0.030261192470788956
2010-03-16,growth_activity_shift,2010-02-16,-19,0.029803205281496048
2010-03-16,growth_activity_shift,2010-02-17,-18,0.030455879867076874
2010-03-16,growth_activity_shift,2010-02-18,-17,0.03294462338089943
2010-03-16,growth_activity_shift,2010-02-19,-16,0.03191685676574707
2010-03-16,growth_activity_shift,2010-02-22,-15,0.033381104469299316
2010-03-16,growth_activity_shift,2010-02-23,-14,0.032999489456415176
2010-03-16,growth_activity_shift,2010-02-24,-13,0.03104645386338234
2010-03-16,growth_activity_shift,2010-02-25,-12,0.030198605731129646
2010-03-16,growth_activity_shift,2010-02-26,-11,0.03072110377252102
2010-03-16,growth_activity_shift,2010-03-01,-10,0.03408551961183548
2010-03-16,growth_activity_shift,2010-03-02,-9,0.0319439172744751
2010-03-16,growth_activity_shift,2010-03-03,-8,0.033652495592832565
2010-03-16,growth_activity_shift,2010-03-04,-7,0.03245716542005539
2010-03-16,growth_activity_shift,2010-03-05,-6,0.03064640611410141
2010-03-16,growth_activity_shift,2010-03-08,-5,0.029858317226171494
2010-03-16,growth_activity_shift,2010-03-09,-4,0.030640557408332825
2010-03-16,growth_activity_shift,2010-03-10,-3,0.030640581622719765
2010-03-16,growth_activity_shift,2010-03-11,-2,0.03039119392633438
2010-03-16,growth_activity_shift,2010-03-12,-1,0.03289743512868881
2010-03-16,growth_activity_shift,2010-03-15,0,0.02978409081697464
2010-03-16,financial_conditions_shift,2010-01-28,-31,0.031613774597644806
2010-03-16,financial_conditions_shift,2010-01-29,-30,0.028588533401489258
2010-03-16,financial_conditions_shift,2010-02-01,-29,0.030920686200261116
2010-03-16,financial_conditions_shift,2010-02-02,-28,0.03173753619194031
2010-03-16,financial_conditions_shift,2010-02-03,-27,0.030625324696302414
2010-03-16,financial_conditions_shift,2010-02-04,-26,0.029923273250460625
2010-03-16,financial_conditions_shift,2010-02-05,-25,0.028133966028690338
2010-03-16,financial_conditions_shift,2010-02-08,-24,0.03274685889482498
2010-03-16,financial_conditions_shift,2010-02-09,-23,0.031481727957725525
2010-03-16,financial_conditions_shift,2010-02-10,-22,0.03054801933467388
2010-03-16,financial_conditions_shift,2010-02-11,-21,0.029600098729133606
2010-03-16,financial_conditions_shift,2010-02-12,-20,0.03101477399468422
2010-03-16,financial_conditions_shift,2010-02-16,-19,0.029354391619563103
2010-03-16,financial_conditions_shift,2010-02-17,-18,0.030076108872890472
2010-03-16,financial_conditions_shift,2010-02-18,-17,0.03318875655531883
2010-03-16,financial_conditions_shift,2010-02-19,-16,0.033566780388355255
2010-03-16,financial_conditions_shift,2010-02-22,-15,0.03492716699838638
2010-03-16,financial_conditions_shift,2010-02-23,-14,0.03358861431479454
2010-03-16,financial_conditions_shift,2010-02-24,-13,0.030985966324806213
2010-03-16,financial_conditions_shift,2010-02-25,-12,0.029861634597182274
2010-03-16,financial_conditions_shift,2010-02-26,-11,0.02982562780380249
2010-03-16,financial_conditions_shift,2010-03-01,-10,0.033109404146671295
2010-03-16,financial_conditions_shift,2010-03-02,-9,0.03053605929017067
2010-03-16,financial_conditions_shift,2010-03-03,-8,0.032148245722055435
2010-03-16,financial_conditions_shift,2010-03-04,-7,0.031052907928824425
2010-03-16,financial_conditions_shift,2010-03-05,-6,0.030480850487947464
2010-03-16,financial_conditions_shift,2010-03-08,-5,0.030811861157417297
2010-03-16,financial_conditions_shift,2010-03-09,-4,0.03137558698654175
2010-03-16,financial_conditions_shift,2010-03-10,-3,0.03119415044784546
2010-03-16,financial_conditions_shift,2010-03-11,-2,0.031423985958099365
2010-03-16,financial_conditions_shift,2010-03-12,-1,0.034705065190792084
2010-03-16,financial_conditions_shift,2010-03-15,0,0.03085228241980076
2010-03-16,balance_sheet_policy_shift,2010-01-28,-31,0.029650133103132248
2010-03-16,balance_sheet_policy_shift,2010-01-29,-30,0.02790023945271969
2010-03-16,balance_sheet_policy_shift,2010-02-01,-29,0.02987794205546379
2010-03-16,balance_sheet_policy_shift,2010-02-02,-28,0.03363467752933502
2010-03-16,balance_sheet_policy_shift,2010-02-03,-27,0.027702419087290764
2010-03-16,balance_sheet_policy_shift,2010-02-04,-26,0.03052522987127304
2010-03-16,balance_sheet_policy_shift,2010-02-05,-25,0.025462206453084946
2010-03-16,balance_sheet_policy_shift,2010-02-08,-24,0.03191818669438362
2010-03-16,balance_sheet_policy_shift,2010-02-09,-23,0.03037281148135662
2010-03-16,balance_sheet_policy_shift,2010-02-10,-22,0.028855599462985992
2010-03-16,balance_sheet_policy_shift,2010-02-11,-21,0.03015989065170288
2010-03-16,balance_sheet_policy_shift,2010-02-12,-20,0.0336056612432003
2010-03-16,balance_sheet_policy_shift,2010-02-16,-19,0.031423307955265045
2010-03-16,balance_sheet_policy_shift,2010-02-17,-18,0.02884397655725479
2010-03-16,balance_sheet_policy_shift,2010-02-18,-17,0.03425851836800575
2010-03-16,balance_sheet_policy_shift,2010-02-19,-16,0.031600456684827805
2010-03-16,balance_sheet_policy_shift,2010-02-22,-15,0.035337116569280624
2010-03-16,balance_sheet_policy_shift,2010-02-23,-14,0.03413686901330948
2010-03-16,balance_sheet_policy_shift,2010-02-24,-13,0.027697177603840828
2010-03-16,balance_sheet_policy_shift,2010-02-25,-12,0.02882034331560135
2010-03-16,balance_sheet_policy_shift,2010-02-26,-11,0.027652978897094727
2010-03-16,balance_sheet_policy_shift,2010-03-01,-10,0.030009355396032333
2010-03-16,balance_sheet_policy_shift,2010-03-02,-9,0.02770572528243065
2010-03-16,balance_sheet_policy_shift,2010-03-03,-8,0.030167438089847565
2010-03-16,balance_sheet_policy_shift,2010-03-04,-7,0.030617207288742065
2010-03-16,balance_sheet_policy_shift,2010-03-05,-6,0.028892524540424347
2010-03-16,balance_sheet_policy_shift,2010-03-08,-5,0.03191231191158295
2010-03-16,balance_sheet_policy_shift,2010-03-09,-4,0.03424141928553581
2010-03-16,balance_sheet_policy_shift,2010-03-10,-3,0.03379098325967789
2010-03-16,balance_sheet_policy_shift,2010-03-11,-2,0.03411432355642319
2010-03-16,balance_sheet_policy_shift,2010-03-12,-1,0.039560142904520035
2010-03-16,balance_sheet_policy_shift,2010-03-15,0,0.03955282270908356
2010-03-16,risk_balance_shift,2010-01-28,-31,0.03432629257440567
2010-03-16,risk_balance_shift,2010-01-29,-30,0.0305565744638443
2010-03-16,risk_balance_shift,2010-02-01,-29,0.032000038772821426
2010-03-16,risk_balance_shift,2010-02-02,-28,0.028116311877965927
2010-03-16,risk_balance_shift,2010-02-03,-27,0.0343678742647171
2010-03-16,risk_balance_shift,2010-02-04,-26,0.029419802129268646
2010-03-16,risk_balance_shift,2010-02-05,-25,0.03568679466843605
2010-03-16,risk_balance_shift,2010-02-08,-24,0.03205109015107155
2010-03-16,risk_balance_shift,2010-02-09,-23,0.03273286297917366
2010-03-16,risk_balance_shift,2010-02-10,-22,0.03395869955420494
2010-03-16,risk_balance_shift,2010-02-11,-21,0.03075183555483818
2010-03-16,risk_balance_shift,2010-02-12,-20,0.027808258309960365
2010-03-16,risk_balance_shift,2010-02-16,-19,0.028352847322821617
2010-03-16,risk_balance_shift,2010-02-17,-18,0.03280416131019592
2010-03-16,risk_balance_shift,2010-02-18,-17,0.030248427763581276
2010-03-16,risk_balance_shift,2010-02-19,-16,0.03342770040035248
2010-03-16,risk_balance_shift,2010-02-22,-15,0.02976253628730774
2010-03-16,risk_balance_shift,2010-02-23,-14,0.02895188331604004
2010-03-16,risk_balance_shift,2010-02-24,-13,0.03456292301416397
2010-03-16,risk_balance_shift,2010-02-25,-12,0.031300537288188934
2010-03-16,risk_balance_shift,2010-02-26,-11,0.03367692977190018
2010-03-16,risk_balance_shift,2010-03-01,-10,0.03427045792341232
2010-03-16,risk_balance_shift,2010-03-02,-9,0.03480968996882439
2010-03-16,risk_balance_shift,2010-03-03,-8,0.03317694365978241
2010-03-16,risk_balance_shift,2010-03-04,-7,0.03215879946947098
2010-03-16,risk_balance_shift,2010-03-05,-6,0.0337924025952816
2010-03-16,risk_balance_shift,2010-03-08,-5,0.030084000900387764
2010-03-16,risk_balance_shift,2010-03-09,-4,0.02816607430577278
2010-03-16,risk_balance_shift,2010-03-10,-3,0.02846173197031021
2010-03-16,risk_balance_shift,2010-03-11,-2,0.02859390527009964
2010-03-16,risk_balance_shift,2010-03-12,-1,0.026659708470106125
2010-03-16,risk_balance_shift,2010-03-15,0,0.024961918592453003
2010-03-16,committee_dispersion,2010-01-28,-31,0.03249453753232956
2010-03-16,committee_dispersion,2010-01-29,-30,0.029125001281499863
2010-03-16,committee_dispersion,2010-02-01,-29,0.031785398721694946
2010-03-16,committee_dispersion,2010-02-02,-28,0.02939460799098015
2010-03-16,committee_dispersion,2010-02-03,-27,0.033842191100120544
2010-03-16,committee_dispersion,2010-02-04,-26,0.029894288629293442
2010-03-16,committee_dispersion,2010-02-05,-25,0.033447422087192535
2010-03-16,committee_dispersion,2010-02-08,-24,0.03297616168856621
2010-03-16,committee_dispersion,2010-02-09,-23,0.032362744212150574
2010-03-16,committee_dispersion,2010-02-10,-22,0.03312147036194801
2010-03-16,committee_dispersion,2010-02-11,-21,0.03032068908214569
2010-03-16,committee_dispersion,2010-02-12,-20,0.02928559109568596
2010-03-16,committee_dispersion,2010-02-16,-19,0.028656940907239914
2010-03-16,committee_dispersion,2010-02-17,-18,0.031584423035383224
2010-03-16,committee_dispersion,2010-02-18,-17,0.031223181635141373
2010-03-16,committee_dispersion,2010-02-19,-16,0.032656896859407425
2010-03-16,committee_dispersion,2010-02-22,-15,0.032159458845853806
2010-03-16,committee_dispersion,2010-02-23,-14,0.030719511210918427
2010-03-16,committee_dispersion,2010-02-24,-13,0.03342292457818985
2010-03-16,committee_dispersion,2010-02-25,-12,0.030902210623025894
2010-03-16,committee_dispersion,2010-02-26,-11,0.03241487219929695
2010-03-16,committee_dispersion,2010-03-01,-10,0.03456424921751022
2010-03-16,committee_dispersion,2010-03-02,-9,0.033495936542749405
2010-03-16,committee_dispersion,2010-03-03,-8,0.03336035832762718
2010-03-16,committee_dispersion,2010-03-04,-7,0.03189200907945633
2010-03-16,committee_dispersion,2010-03-05,-6,0.033073991537094116
2010-03-16,committee_dispersion,2010-03-08,-5,0.030322322621941566
2010-03-16,committee_dispersion,2010-03-09,-4,0.029247688129544258
2010-03-16,committee_dispersion,2010-03-10,-3,0.02917364239692688
2010-03-16,committee_dispersion,2010-03-11,-2,0.02821093425154686
2010-03-16,committee_dispersion,2010-03-12,-1,0.0284961499273777
2010-03-16,committee_dispersion,2010-03-15,0,0.02637219987809658
2010-03-16,policy_uncertainty,2010-01-28,-31,0.034868381917476654
2010-03-16,policy_uncertainty,2010-01-29,-30,0.03205784037709236
2010-03-16,policy_uncertainty,2010-02-01,-29,0.0332631878554821
2010-03-16,policy_uncertainty,2010-02-02,-28,0.02866833098232746
2010-03-16,policy_uncertainty,2010-02-03,-27,0.03556337580084801
2010-03-16,policy_uncertainty,2010-02-04,-26,0.03015819936990738
2010-03-16,policy_uncertainty,2010-02-05,-25,0.03756439685821533
2010-03-16,policy_uncertainty,2010-02-08,-24,0.031928226351737976
2010-03-16,policy_uncertainty,2010-02-09,-23,0.032486654818058014
2010-03-16,policy_uncertainty,2010-02-10,-22,0.03383474424481392
2010-03-16,policy_uncertainty,2010-02-11,-21,0.03022810071706772
2010-03-16,policy_uncertainty,2010-02-12,-20,0.027388809248805046
2010-03-16,policy_uncertainty,2010-02-16,-19,0.028260886669158936
2010-03-16,policy_uncertainty,2010-02-17,-18,0.03239021077752113
2010-03-16,policy_uncertainty,2010-02-18,-17,0.029087074100971222
2010-03-16,policy_uncertainty,2010-02-19,-16,0.03143499419093132
2010-03-16,policy_uncertainty,2010-02-22,-15,0.02888609655201435
2010-03-16,policy_uncertainty,2010-02-23,-14,0.02877364493906498
2010-03-16,policy_uncertainty,2010-02-24,-13,0.03535247966647148
2010-03-16,policy_uncertainty,2010-02-25,-12,0.032496340572834015
2010-03-16,policy_uncertainty,2010-02-26,-11,0.034706007689237595
2010-03-16,policy_uncertainty,2010-03-01,-10,0.034343983978033066
2010-03-16,policy_uncertainty,2010-03-02,-9,0.03505146503448486
2010-03-16,policy_uncertainty,2010-03-03,-8,0.032950565218925476
2010-03-16,policy_uncertainty,2010-03-04,-7,0.03186114877462387
2010-03-16,policy_uncertainty,2010-03-05,-6,0.033411744982004166
2010-03-16,policy_uncertainty,2010-03-08,-5,0.029327621683478355
2010-03-16,policy_uncertainty,2010-03-09,-4,0.02767147868871689
2010-03-16,policy_uncertainty,2010-03-10,-3,0.027936719357967377
2010-03-16,policy_uncertainty,2010-03-11,-2,0.027537070214748383
2010-03-16,policy_uncertainty,2010-03-12,-1,0.02542067877948284
2010-03-16,policy_uncertainty,2010-03-15,0,0.02508951723575592
2010-03-16,forward_guidance_strength,2010-01-28,-31,0.030500900000333786
2010-03-16,forward_guidance_strength,2010-01-29,-30,0.028413260355591774
2010-03-16,forward_guidance_strength,2010-02-01,-29,0.03012084774672985
2010-03-16,forward_guidance_strength,2010-02-02,-28,0.03335346281528473
2010-03-16,forward_guidance_strength,2010-02-03,-27,0.029310692101716995
2010-03-16,forward_guidance_strength,2010-02-04,-26,0.03002994880080223
2010-03-16,forward_guidance_strength,2010-02-05,-25,0.026553791016340256
2010-03-16,forward_guidance_strength,2010-02-08,-24,0.032379284501075745
2010-03-16,forward_guidance_strength,2010-02-09,-23,0.031291089951992035
2010-03-16,forward_guidance_strength,2010-02-10,-22,0.03001674823462963
2010-03-16,forward_guidance_strength,2010-02-11,-21,0.029758527874946594
2010-03-16,forward_guidance_strength,2010-02-12,-20,0.03214878961443901
2010-03-16,forward_guidance_strength,2010-02-16,-19,0.0304950550198555
2010-03-16,forward_guidance_strength,2010-02-17,-18,0.02974739670753479
2010-03-16,forward_guidance_strength,2010-02-18,-17,0.03439975529909134
2010-03-16,forward_guidance_strength,2010-02-19,-16,0.0324215292930603
2010-03-16,forward_guidance_strength,2010-02-22,-15,0.03506940230727196
2010-03-16,forward_guidance_strength,2010-02-23,-14,0.03384196758270264
2010-03-16,forward_guidance_strength,2010-02-24,-13,0.02910955809056759
2010-03-16,forward_guidance_strength,2010-02-25,-12,0.028982866555452347
2010-03-16,forward_guidance_strength,2010-02-26,-11,0.028552187606692314
2010-03-16,forward_guidance_strength,2010-03-01,-10,0.03125254809856415
2010-03-16,forward_guidance_strength,2010-03-02,-9,0.028863437473773956
2010-03-16,forward_guidance_strength,2010-03-03,-8,0.030913198366761208
2010-03-16,forward_guidance_strength,2010-03-04,-7,0.03104472905397415
2010-03-16,forward_guidance_strength,2010-03-05,-6,0.029729653149843216
2010-03-16,forward_guidance_strength,2010-03-08,-5,0.03143218904733658
2010-03-16,forward_guidance_strength,2010-03-09,-4,0.033147599548101425
2010-03-16,forward_guidance_strength,2010-03-10,-3,0.03283374756574631
2010-03-16,forward_guidance_strength,2010-03-11,-2,0.03262479230761528
2010-03-16,forward_guidance_strength,2010-03-12,-1,0.03709283843636513
2010-03-16,forward_guidance_strength,2010-03-15,0,0.03456821292638779
2010-04-28,rate_decision,2010-03-17,-29,0.0281734187155962
2010-04-28,rate_decision,2010-03-18,-28,0.03268737345933914
2010-04-28,rate_decision,2010-03-19,-27,0.037712693214416504
2010-04-28,rate_decision,2010-03-22,-26,0.03071657381951809
2010-04-28,rate_decision,2010-03-23,-25,0.028169605880975723
2010-04-28,rate_decision,2010-03-24,-24,0.033049505203962326
2010-04-28,rate_decision,2010-03-25,-23,0.03661540895700455
2010-04-28,rate_decision,2010-03-26,-22,0.03369471803307533
2010-04-28,rate_decision,2010-03-29,-21,0.03772665932774544
2010-04-28,rate_decision,2010-03-30,-20,0.04099342226982117
2010-04-28,rate_decision,2010-03-31,-19,0.03746961057186127
2010-04-28,rate_decision,2010-04-01,-18,0.03130332753062248
2010-04-28,rate_decision,2010-04-02,-17,0.028834383934736252
2010-04-28,rate_decision,2010-04-05,-16,0.032148782163858414
2010-04-28,rate_decision,2010-04-06,-15,0.03409239277243614
2010-04-28,rate_decision,2010-04-07,-14,0.03205207735300064
2010-04-28,rate_decision,2010-04-08,-13,0.03597525507211685
2010-04-28,rate_decision,2010-04-09,-12,0.035184234380722046
2010-04-28,rate_decision,2010-04-12,-11,0.030697371810674667
2010-04-28,rate_decision,2010-04-13,-10,0.03073829971253872
2010-04-28,rate_decision,2010-04-14,-9,0.0347251296043396
2010-04-28,rate_decision,2010-04-15,-8,0.03480970859527588
2010-04-28,rate_decision,2010-04-16,-7,0.03121485933661461
2010-04-28,rate_decision,2010-04-19,-6,0.03475232049822807
2010-04-28,rate_decision,2010-04-20,-5,0.03645658493041992
2010-04-28,rate_decision,2010-04-21,-4,0.02923048846423626
2010-04-28,rate_decision,2010-04-22,-3,0.024948233738541603
2010-04-28,rate_decision,2010-04-23,-2,0.03210000693798065
2010-04-28,rate_decision,2010-04-26,-1,0.0400116890668869
2010-04-28,rate_decision,2010-04-27,0,0.033715829253196716
2010-04-28,current_policy_stance,2010-03-17,-29,0.03093487024307251
2010-04-28,current_policy_stance,2010-03-18,-28,0.03216617926955223
2010-04-28,current_policy_stance,2010-03-19,-27,0.03672264516353607
2010-04-28,current_policy_stance,2010-03-22,-26,0.028472671285271645
2010-04-28,current_policy_stance,2010-03-23,-25,0.026341823861002922
2010-04-28,current_policy_stance,2010-03-24,-24,0.030200786888599396
2010-04-28,current_policy_stance,2010-03-25,-23,0.029915764927864075
2010-04-28,current_policy_stance,2010-03-26,-22,0.02828446961939335
2010-04-28,current_policy_stance,2010-03-29,-21,0.031056281179189682
2010-04-28,current_policy_stance,2010-03-30,-20,0.03329279646277428
2010-04-28,current_policy_stance,2010-03-31,-19,0.03282685950398445
2010-04-28,current_policy_stance,2010-04-01,-18,0.03547583147883415
2010-04-28,current_policy_stance,2010-04-02,-17,0.032719384878873825
2010-04-28,current_policy_stance,2010-04-05,-16,0.03396986424922943
2010-04-28,current_policy_stance,2010-04-06,-15,0.028854630887508392
2010-04-28,current_policy_stance,2010-04-07,-14,0.029333380982279778
2010-04-28,current_policy_stance,2010-04-08,-13,0.03767801448702812
2010-04-28,current_policy_stance,2010-04-09,-12,0.03494831547141075
2010-04-28,current_policy_stance,2010-04-12,-11,0.031388118863105774
2010-04-28,current_policy_stance,2010-04-13,-10,0.03349096328020096
2010-04-28,current_policy_stance,2010-04-14,-9,0.038956791162490845
2010-04-28,current_policy_stance,2010-04-15,-8,0.035627804696559906
2010-04-28,current_policy_stance,2010-04-16,-7,0.03751828521490097
2010-04-28,current_policy_stance,2010-04-19,-6,0.04223330318927765
2010-04-28,current_policy_stance,2010-04-20,-5,0.04297656565904617
2010-04-28,current_policy_stance,2010-04-21,-4,0.037759892642498016
2010-04-28,current_policy_stance,2010-04-22,-3,0.030891627073287964
2010-04-28,current_policy_stance,2010-04-23,-2,0.035804297775030136
2010-04-28,current_policy_stance,2010-04-26,-1,0.029008058831095695
2010-04-28,current_policy_stance,2010-04-27,0,0.031149715185165405
2010-04-28,policy_stance_shift,2010-03-17,-29,0.028289683163166046
2010-04-28,policy_stance_shift,2010-03-18,-28,0.03268942981958389
2010-04-28,policy_stance_shift,2010-03-19,-27,0.02956821769475937
2010-04-28,policy_stance_shift,2010-03-22,-26,0.028658345341682434
2010-04-28,policy_stance_shift,2010-03-23,-25,0.03035062924027443
2010-04-28,policy_stance_shift,2010-03-24,-24,0.03197024390101433
2010-04-28,policy_stance_shift,2010-03-25,-23,0.031748488545417786
2010-04-28,policy_stance_shift,2010-03-26,-22,0.031955283135175705
2010-04-28,policy_stance_shift,2010-03-29,-21,0.033380188047885895
2010-04-28,policy_stance_shift,2010-03-30,-20,0.03332486003637314
2010-04-28,policy_stance_shift,2010-03-31,-19,0.035198330879211426
2010-04-28,policy_stance_shift,2010-04-01,-18,0.03645588457584381
2010-04-28,policy_stance_shift,2010-04-02,-17,0.03747882321476936
2010-04-28,policy_stance_shift,2010-04-05,-16,0.03392614796757698
2010-04-28,policy_stance_shift,2010-04-06,-15,0.03176020830869675
2010-04-28,policy_stance_shift,2010-04-07,-14,0.03057199716567993
2010-04-28,policy_stance_shift,2010-04-08,-13,0.03416595980525017
2010-04-28,policy_stance_shift,2010-04-09,-12,0.03339364007115364
2010-04-28,policy_stance_shift,2010-04-12,-11,0.03264157101511955
2010-04-28,policy_stance_shift,2010-04-13,-10,0.033291056752204895
2010-04-28,policy_stance_shift,2010-04-14,-9,0.034204255789518356
2010-04-28,policy_stance_shift,2010-04-15,-8,0.03263773024082184
2010-04-28,policy_stance_shift,2010-04-16,-7,0.03392617776989937
2010-04-28,policy_stance_shift,2010-04-19,-6,0.03808606043457985
2010-04-28,policy_stance_shift,2010-04-20,-5,0.038375988602638245
2010-04-28,policy_stance_shift,2010-04-21,-4,0.03623877465724945
2010-04-28,policy_stance_shift,2010-04-22,-3,0.03573247045278549
2010-04-28,policy_stance_shift,2010-04-23,-2,0.036070797592401505
2010-04-28,policy_stance_shift,2010-04-26,-1,0.031678952276706696
2010-04-28,policy_stance_shift,2010-04-27,0,0.032229792326688766
2010-04-28,expected_rate_path_shift,2010-03-17,-29,0.029189636930823326
2010-04-28,expected_rate_path_shift,2010-03-18,-28,0.03198644518852234
2010-04-28,expected_rate_path_shift,2010-03-19,-27,0.029734820127487183
2010-04-28,expected_rate_path_shift,2010-03-22,-26,0.02732929028570652
2010-04-28,expected_rate_path_shift,2010-03-23,-25,0.028330136090517044
2010-04-28,expected_rate_path_shift,2010-03-24,-24,0.031012680381536484
2010-04-28,expected_rate_path_shift,2010-03-25,-23,0.03039851412177086
2010-04-28,expected_rate_path_shift,2010-03-26,-22,0.030462220311164856
2010-04-28,expected_rate_path_shift,2010-03-29,-21,0.03242083266377449
2010-04-28,expected_rate_path_shift,2010-03-30,-20,0.03238924965262413
2010-04-28,expected_rate_path_shift,2010-03-31,-19,0.033015649765729904
2010-04-28,expected_rate_path_shift,2010-04-01,-18,0.03559521958231926
2010-04-28,expected_rate_path_shift,2010-04-02,-17,0.03571716696023941
2010-04-28,expected_rate_path_shift,2010-04-05,-16,0.033559758216142654
2010-04-28,expected_rate_path_shift,2010-04-06,-15,0.030264679342508316
2010-04-28,expected_rate_path_shift,2010-04-07,-14,0.029817670583724976
2010-04-28,expected_rate_path_shift,2010-04-08,-13,0.03538987785577774
2010-04-28,expected_rate_path_shift,2010-04-09,-12,0.03480085730552673
2010-04-28,expected_rate_path_shift,2010-04-12,-11,0.03346399962902069
2010-04-28,expected_rate_path_shift,2010-04-13,-10,0.034776728600263596
2010-04-28,expected_rate_path_shift,2010-04-14,-9,0.03663866966962814
2010-04-28,expected_rate_path_shift,2010-04-15,-8,0.03417021036148071
2010-04-28,expected_rate_path_shift,2010-04-16,-7,0.03619345650076866
2010-04-28,expected_rate_path_shift,2010-04-19,-6,0.040926918387413025
2010-04-28,expected_rate_path_shift,2010-04-20,-5,0.04093325883150101
2010-04-28,expected_rate_path_shift,2010-04-21,-4,0.03828949108719826
2010-04-28,expected_rate_path_shift,2010-04-22,-3,0.03613864257931709
2010-04-28,expected_rate_path_shift,2010-04-23,-2,0.03668898716568947
2010-04-28,expected_rate_path_shift,2010-04-26,-1,0.030101776123046875
2010-04-28,expected_rate_path_shift,2010-04-27,0,0.030263153836131096
2010-04-28,inflation_assessment_shift,2010-03-17,-29,0.02765580266714096
2010-04-28,inflation_assessment_shift,2010-03-18,-28,0.03154487535357475
2010-04-28,inflation_assessment_shift,2010-03-19,-27,0.029263438656926155
2010-04-28,inflation_assessment_shift,2010-03-22,-26,0.02878756634891033
2010-04-28,inflation_assessment_shift,2010-03-23,-25,0.03046921268105507
2010-04-28,inflation_assessment_shift,2010-03-24,-24,0.03195555508136749
2010-04-28,inflation_assessment_shift,2010-03-25,-23,0.032047245651483536
2010-04-28,inflation_assessment_shift,2010-03-26,-22,0.03268754109740257
2010-04-28,inflation_assessment_shift,2010-03-29,-21,0.0333927646279335
2010-04-28,inflation_assessment_shift,2010-03-30,-20,0.03388223797082901
2010-04-28,inflation_assessment_shift,2010-03-31,-19,0.034779615700244904
2010-04-28,inflation_assessment_shift,2010-04-01,-18,0.03477596491575241
2010-04-28,inflation_assessment_shift,2010-04-02,-17,0.03630500286817551
2010-04-28,inflation_assessment_shift,2010-04-05,-16,0.03347707539796829
2010-04-28,inflation_assessment_shift,2010-04-06,-15,0.032795682549476624
2010-04-28,inflation_assessment_shift,2010-04-07,-14,0.03149331733584404
2010-04-28,inflation_assessment_shift,2010-04-08,-13,0.03365051746368408
2010-04-28,inflation_assessment_shift,2010-04-09,-12,0.0336076095700264
2010-04-28,inflation_assessment_shift,2010-04-12,-11,0.032714009284973145
2010-04-28,inflation_assessment_shift,2010-04-13,-10,0.033408522605895996
2010-04-28,inflation_assessment_shift,2010-04-14,-9,0.034392863512039185
2010-04-28,inflation_assessment_shift,2010-04-15,-8,0.033014196902513504
2010-04-28,inflation_assessment_shift,2010-04-16,-7,0.03343969210982323
2010-04-28,inflation_assessment_shift,2010-04-19,-6,0.03739926964044571
2010-04-28,inflation_assessment_shift,2010-04-20,-5,0.03826158493757248
2010-04-28,inflation_assessment_shift,2010-04-21,-4,0.035264477133750916
2010-04-28,inflation_assessment_shift,2010-04-22,-3,0.035531606525182724
2010-04-28,inflation_assessment_shift,2010-04-23,-2,0.036111436784267426
2010-04-28,inflation_assessment_shift,2010-04-26,-1,0.03382086381316185
2010-04-28,inflation_assessment_shift,2010-04-27,0,0.0340704582631588
2010-04-28,inflation_risk_shift,2010-03-17,-29,0.028776170685887337
2010-04-28,inflation_risk_shift,2010-03-18,-28,0.031826283782720566
2010-04-28,inflation_risk_shift,2010-03-19,-27,0.028505001217126846
2010-04-28,inflation_risk_shift,2010-03-22,-26,0.0272093303501606
2010-04-28,inflation_risk_shift,2010-03-23,-25,0.029665756970643997
2010-04-28,inflation_risk_shift,2010-03-24,-24,0.03054465912282467
2010-04-28,inflation_risk_shift,2010-03-25,-23,0.02976190857589245
2010-04-28,inflation_risk_shift,2010-03-26,-22,0.030312834307551384
2010-04-28,inflation_risk_shift,2010-03-29,-21,0.03168601542711258
2010-04-28,inflation_risk_shift,2010-03-30,-20,0.031930334866046906
2010-04-28,inflation_risk_shift,2010-03-31,-19,0.03322441503405571
2010-04-28,inflation_risk_shift,2010-04-01,-18,0.03620687499642372
2010-04-28,inflation_risk_shift,2010-04-02,-17,0.03692397475242615
2010-04-28,inflation_risk_shift,2010-04-05,-16,0.03250540792942047
2010-04-28,inflation_risk_shift,2010-04-06,-15,0.030853917822241783
2010-04-28,inflation_risk_shift,2010-04-07,-14,0.030952487140893936
2010-04-28,inflation_risk_shift,2010-04-08,-13,0.03524904325604439
2010-04-28,inflation_risk_shift,2010-04-09,-12,0.034338656812906265
2010-04-28,inflation_risk_shift,2010-04-12,-11,0.03365206718444824
2010-04-28,inflation_risk_shift,2010-04-13,-10,0.03564073145389557
2010-04-28,inflation_risk_shift,2010-04-14,-9,0.035397741943597794
2010-04-28,inflation_risk_shift,2010-04-15,-8,0.03352068364620209
2010-04-28,inflation_risk_shift,2010-04-16,-7,0.03618699312210083
2010-04-28,inflation_risk_shift,2010-04-19,-6,0.039267800748348236
2010-04-28,inflation_risk_shift,2010-04-20,-5,0.03935551643371582
2010-04-28,inflation_risk_shift,2010-04-21,-4,0.037064328789711
2010-04-28,inflation_risk_shift,2010-04-22,-3,0.037106238305568695
2010-04-28,inflation_risk_shift,2010-04-23,-2,0.03725896403193474
2010-04-28,inflation_risk_shift,2010-04-26,-1,0.03193140774965286
2010-04-28,inflation_risk_shift,2010-04-27,0,0.03314445912837982
2010-04-28,unemployment_assessment_shift,2010-03-17,-29,0.028506100177764893
2010-04-28,unemployment_assessment_shift,2010-03-18,-28,0.03263615816831589
2010-04-28,unemployment_assessment_shift,2010-03-19,-27,0.02767043001949787
2010-04-28,unemployment_assessment_shift,2010-03-22,-26,0.031204955652356148
2010-04-28,unemployment_assessment_shift,2010-03-23,-25,0.034452568739652634
2010-04-28,unemployment_assessment_shift,2010-03-24,-24,0.033671021461486816
2010-04-28,unemployment_assessment_shift,2010-03-25,-23,0.03457186743617058
2010-04-28,unemployment_assessment_shift,2010-03-26,-22,0.03639212250709534
2010-04-28,unemployment_assessment_shift,2010-03-29,-21,0.03448023647069931
2010-04-28,unemployment_assessment_shift,2010-03-30,-20,0.03349403291940689
2010-04-28,unemployment_assessment_shift,2010-03-31,-19,0.03488534688949585
2010-04-28,unemployment_assessment_shift,2010-04-01,-18,0.032972175627946854
2010-04-28,unemployment_assessment_shift,2010-04-02,-17,0.036513786762952805
2010-04-28,unemployment_assessment_shift,2010-04-05,-16,0.03322884812951088
2010-04-28,unemployment_assessment_shift,2010-04-06,-15,0.035354435443878174
2010-04-28,unemployment_assessment_shift,2010-04-07,-14,0.032902587205171585
2010-04-28,unemployment_assessment_shift,2010-04-08,-13,0.03075890615582466
2010-04-28,unemployment_assessment_shift,2010-04-09,-12,0.032294705510139465
2010-04-28,unemployment_assessment_shift,2010-04-12,-11,0.03374116122722626
2010-04-28,unemployment_assessment_shift,2010-04-13,-10,0.033129431307315826
2010-04-28,unemployment_assessment_shift,2010-04-14,-9,0.03175533190369606
2010-04-28,unemployment_assessment_shift,2010-04-15,-8,0.03195704147219658
2010-04-28,unemployment_assessment_shift,2010-04-16,-7,0.031318336725234985
2010-04-28,unemployment_assessment_shift,2010-04-19,-6,0.033169206231832504
2010-04-28,unemployment_assessment_shift,2010-04-20,-5,0.033915527164936066
2010-04-28,unemployment_assessment_shift,2010-04-21,-4,0.03310664743185043
2010-04-28,unemployment_assessment_shift,2010-04-22,-3,0.03713551163673401
2010-04-28,unemployment_assessment_shift,2010-04-23,-2,0.034852877259254456
2010-04-28,unemployment_assessment_shift,2010-04-26,-1,0.03612121194601059
2010-04-28,unemployment_assessment_shift,2010-04-27,0,0.033807434141635895
2010-04-28,labor_market_risk_shift,2010-03-17,-29,0.027732819318771362
2010-04-28,labor_market_risk_shift,2010-03-18,-28,0.03086600825190544
2010-04-28,labor_market_risk_shift,2010-03-19,-27,0.027297308668494225
2010-04-28,labor_market_risk_shift,2010-03-22,-26,0.02955901250243187
2010-04-28,labor_market_risk_shift,2010-03-23,-25,0.032018031924963
2010-04-28,labor_market_risk_shift,2010-03-24,-24,0.03237351402640343
2010-04-28,labor_market_risk_shift,2010-03-25,-23,0.03348584100604057
2010-04-28,labor_market_risk_shift,2010-03-26,-22,0.03505614772439003
2010-04-28,labor_market_risk_shift,2010-03-29,-21,0.03375094011425972
2010-04-28,labor_market_risk_shift,2010-03-30,-20,0.03360803425312042
2010-04-28,labor_market_risk_shift,2010-03-31,-19,0.035726599395275116
2010-04-28,labor_market_risk_shift,2010-04-01,-18,0.03386107459664345
2010-04-28,labor_market_risk_shift,2010-04-02,-17,0.03522811084985733
2010-04-28,labor_market_risk_shift,2010-04-05,-16,0.03303610160946846
2010-04-28,labor_market_risk_shift,2010-04-06,-15,0.034609731286764145
2010-04-28,labor_market_risk_shift,2010-04-07,-14,0.032751306891441345
2010-04-28,labor_market_risk_shift,2010-04-08,-13,0.0322684720158577
2010-04-28,labor_market_risk_shift,2010-04-09,-12,0.03372684866189957
2010-04-28,labor_market_risk_shift,2010-04-12,-11,0.034503284841775894
2010-04-28,labor_market_risk_shift,2010-04-13,-10,0.03382698446512222
2010-04-28,labor_market_risk_shift,2010-04-14,-9,0.03294479101896286
2010-04-28,labor_market_risk_shift,2010-04-15,-8,0.03307165578007698
2010-04-28,labor_market_risk_shift,2010-04-16,-7,0.032733336091041565
2010-04-28,labor_market_risk_shift,2010-04-19,-6,0.03545089811086655
2010-04-28,labor_market_risk_shift,2010-04-20,-5,0.036293767392635345
2010-04-28,labor_market_risk_shift,2010-04-21,-4,0.034386876970529556
2010-04-28,labor_market_risk_shift,2010-04-22,-3,0.03628947585821152
2010-04-28,labor_market_risk_shift,2010-04-23,-2,0.034356873482465744
2010-04-28,labor_market_risk_shift,2010-04-26,-1,0.03549155220389366
2010-04-28,labor_market_risk_shift,2010-04-27,0,0.03369458392262459
2010-04-28,growth_activity_shift,2010-03-17,-29,0.028819194063544273
2010-04-28,growth_activity_shift,2010-03-18,-28,0.03248821571469307
2010-04-28,growth_activity_shift,2010-03-19,-27,0.026581773534417152
2010-04-28,growth_activity_shift,2010-03-22,-26,0.03049386292695999
2010-04-28,growth_activity_shift,2010-03-23,-25,0.03487483039498329
2010-04-28,growth_activity_shift,2010-03-24,-24,0.033078860491514206
2010-04-28,growth_activity_shift,2010-03-25,-23,0.03403041884303093
2010-04-28,growth_activity_shift,2010-03-26,-22,0.036339275538921356
2010-04-28,growth_activity_shift,2010-03-29,-21,0.034437257796525955
2010-04-28,growth_activity_shift,2010-03-30,-20,0.033277563750743866
2010-04-28,growth_activity_shift,2010-03-31,-19,0.0359671413898468
2010-04-28,growth_activity_shift,2010-04-01,-18,0.03421655297279358
2010-04-28,growth_activity_shift,2010-04-02,-17,0.036724042147397995
2010-04-28,growth_activity_shift,2010-04-05,-16,0.032263096421957016
2010-04-28,growth_activity_shift,2010-04-06,-15,0.03475376218557358
2010-04-28,growth_activity_shift,2010-04-07,-14,0.033577609807252884
2010-04-28,growth_activity_shift,2010-04-08,-13,0.031188560649752617
2010-04-28,growth_activity_shift,2010-04-09,-12,0.03200612589716911
2010-04-28,growth_activity_shift,2010-04-12,-11,0.03356272727251053
2010-04-28,growth_activity_shift,2010-04-13,-10,0.03410925716161728
2010-04-28,growth_activity_shift,2010-04-14,-9,0.031450871378183365
2010-04-28,growth_activity_shift,2010-04-15,-8,0.03129919618368149
2010-04-28,growth_activity_shift,2010-04-16,-7,0.03216780722141266
2010-04-28,growth_activity_shift,2010-04-19,-6,0.03351187705993652
2010-04-28,growth_activity_shift,2010-04-20,-5,0.03359430283308029
2010-04-28,growth_activity_shift,2010-04-21,-4,0.03382337838411331
2010-04-28,growth_activity_shift,2010-04-22,-3,0.037711743265390396
2010-04-28,growth_activity_shift,2010-04-23,-2,0.03445841372013092
2010-04-28,growth_activity_shift,2010-04-26,-1,0.034956738352775574
2010-04-28,growth_activity_shift,2010-04-27,0,0.034235525876283646
2010-04-28,financial_conditions_shift,2010-03-17,-29,0.028642797842621803
2010-04-28,financial_conditions_shift,2010-03-18,-28,0.03217282146215439
2010-04-28,financial_conditions_shift,2010-03-19,-27,0.030201470479369164
2010-04-28,financial_conditions_shift,2010-03-22,-26,0.028518564999103546
2010-04-28,financial_conditions_shift,2010-03-23,-25,0.029386818408966064
2010-04-28,financial_conditions_shift,2010-03-24,-24,0.031932514160871506
2010-04-28,financial_conditions_shift,2010-03-25,-23,0.032562315464019775
2010-04-28,financial_conditions_shift,2010-03-26,-22,0.032538317143917084
2010-04-28,financial_conditions_shift,2010-03-29,-21,0.03332127630710602
2010-04-28,financial_conditions_shift,2010-03-30,-20,0.033284954726696014
2010-04-28,financial_conditions_shift,2010-03-31,-19,0.033110570162534714
2010-04-28,financial_conditions_shift,2010-04-01,-18,0.03380473330616951
2010-04-28,financial_conditions_shift,2010-04-02,-17,0.03485563024878502
2010-04-28,financial_conditions_shift,2010-04-05,-16,0.033873412758111954
2010-04-28,financial_conditions_shift,2010-04-06,-15,0.032721709460020065
2010-04-28,financial_conditions_shift,2010-04-07,-14,0.031270548701286316
2010-04-28,financial_conditions_shift,2010-04-08,-13,0.03437170758843422
2010-04-28,financial_conditions_shift,2010-04-09,-12,0.03343601152300835
2010-04-28,financial_conditions_shift,2010-04-12,-11,0.031901802867650986
2010-04-28,financial_conditions_shift,2010-04-13,-10,0.033417221158742905
2010-04-28,financial_conditions_shift,2010-04-14,-9,0.03501338139176369
2010-04-28,financial_conditions_shift,2010-04-15,-8,0.033815622329711914
2010-04-28,financial_conditions_shift,2010-04-16,-7,0.034388862550258636
2010-04-28,financial_conditions_shift,2010-04-19,-6,0.03801766410470009
2010-04-28,financial_conditions_shift,2010-04-20,-5,0.038983043283224106
2010-04-28,financial_conditions_shift,2010-04-21,-4,0.03568379580974579
2010-04-28,financial_conditions_shift,2010-04-22,-3,0.035143960267305374
2010-04-28,financial_conditions_shift,2010-04-23,-2,0.03705708682537079
2010-04-28,financial_conditions_shift,2010-04-26,-1,0.03334648907184601
2010-04-28,financial_conditions_shift,2010-04-27,0,0.033224917948246
2010-04-28,balance_sheet_policy_shift,2010-03-17,-29,0.03143532574176788
2010-04-28,balance_sheet_policy_shift,2010-03-18,-28,0.033062729984521866
2010-04-28,balance_sheet_policy_shift,2010-03-19,-27,0.027352778241038322
2010-04-28,balance_sheet_policy_shift,2010-03-22,-26,0.03512001410126686
2010-04-28,balance_sheet_policy_shift,2010-03-23,-25,0.03932153061032295
2010-04-28,balance_sheet_policy_shift,2010-03-24,-24,0.035270530730485916
2010-04-28,balance_sheet_policy_shift,2010-03-25,-23,0.037421394139528275
2010-04-28,balance_sheet_policy_shift,2010-03-26,-22,0.04029921814799309
2010-04-28,balance_sheet_policy_shift,2010-03-29,-21,0.03550653159618378
2010-04-28,balance_sheet_policy_shift,2010-03-30,-20,0.03313542529940605
2010-04-28,balance_sheet_policy_shift,2010-03-31,-19,0.03568797931075096
2010-04-28,balance_sheet_policy_shift,2010-04-01,-18,0.03238290175795555
2010-04-28,balance_sheet_policy_shift,2010-04-02,-17,0.03551700338721275
2010-04-28,balance_sheet_policy_shift,2010-04-05,-16,0.03250302001833916
2010-04-28,balance_sheet_policy_shift,2010-04-06,-15,0.03761842101812363
2010-04-28,balance_sheet_policy_shift,2010-04-07,-14,0.035406939685344696
2010-04-28,balance_sheet_policy_shift,2010-04-08,-13,0.0291210375726223
2010-04-28,balance_sheet_policy_shift,2010-04-09,-12,0.030950285494327545
2010-04-28,balance_sheet_policy_shift,2010-04-12,-11,0.03417709097266197
2010-04-28,balance_sheet_policy_shift,2010-04-13,-10,0.03280007839202881
2010-04-28,balance_sheet_policy_shift,2010-04-14,-9,0.028916433453559875
2010-04-28,balance_sheet_policy_shift,2010-04-15,-8,0.030223479494452477
2010-04-28,balance_sheet_policy_shift,2010-04-16,-7,0.029738416895270348
2010-04-28,balance_sheet_policy_shift,2010-04-19,-6,0.028657320886850357
2010-04-28,balance_sheet_policy_shift,2010-04-20,-5,0.029073795303702354
2010-04-28,balance_sheet_policy_shift,2010-04-21,-4,0.03061794303357601
2010-04-28,balance_sheet_policy_shift,2010-04-22,-3,0.03658892959356308
2010-04-28,balance_sheet_policy_shift,2010-04-23,-2,0.03155955672264099
2010-04-28,balance_sheet_policy_shift,2010-04-26,-1,0.03724190592765808
2010-04-28,balance_sheet_policy_shift,2010-04-27,0,0.03329199180006981
2010-04-28,risk_balance_shift,2010-03-17,-29,0.028205517679452896
2010-04-28,risk_balance_shift,2010-03-18,-28,0.03317420929670334
2010-04-28,risk_balance_shift,2010-03-19,-27,0.0323215089738369
2010-04-28,risk_balance_shift,2010-03-22,-26,0.028312651440501213
2010-04-28,risk_balance_shift,2010-03-23,-25,0.029185181483626366
2010-04-28,risk_balance_shift,2010-03-24,-24,0.03271130472421646
2010-04-28,risk_balance_shift,2010-03-25,-23,0.03197789564728737
2010-04-28,risk_balance_shift,2010-03-26,-22,0.03110228292644024
2010-04-28,risk_balance_shift,2010-03-29,-21,0.03265305235981941
2010-04-28,risk_balance_shift,2010-03-30,-20,0.03297999128699303
2010-04-28,risk_balance_shift,2010-03-31,-19,0.034170739352703094
2010-04-28,risk_balance_shift,2010-04-01,-18,0.03577514737844467
2010-04-28,risk_balance_shift,2010-04-02,-17,0.03616291284561157
2010-04-28,risk_balance_shift,2010-04-05,-16,0.034153591841459274
2010-04-28,risk_balance_shift,2010-04-06,-15,0.03103865310549736
2010-04-28,risk_balance_shift,2010-04-07,-14,0.029534678906202316
2010-04-28,risk_balance_shift,2010-04-08,-13,0.03371686488389969
2010-04-28,risk_balance_shift,2010-04-09,-12,0.03200550377368927
2010-04-28,risk_balance_shift,2010-04-12,-11,0.03080478310585022
2010-04-28,risk_balance_shift,2010-04-13,-10,0.03202785551548004
2010-04-28,risk_balance_shift,2010-04-14,-9,0.03400023654103279
2010-04-28,risk_balance_shift,2010-04-15,-8,0.032661862671375275
2010-04-28,risk_balance_shift,2010-04-16,-7,0.03376379609107971
2010-04-28,risk_balance_shift,2010-04-19,-6,0.03841497749090195
2010-04-28,risk_balance_shift,2010-04-20,-5,0.04032217338681221
2010-04-28,risk_balance_shift,2010-04-21,-4,0.03695487231016159
2010-04-28,risk_balance_shift,2010-04-22,-3,0.03596563637256622
2010-04-28,risk_balance_shift,2010-04-23,-2,0.038343966007232666
2010-04-28,risk_balance_shift,2010-04-26,-1,0.03115678019821644
2010-04-28,risk_balance_shift,2010-04-27,0,0.03640138730406761
2010-04-28,committee_dispersion,2010-03-17,-29,0.03032570891082287
2010-04-28,committee_dispersion,2010-03-18,-28,0.03232971578836441
2010-04-28,committee_dispersion,2010-03-19,-27,0.026825392618775368
2010-04-28,committee_dispersion,2010-03-22,-26,0.03380310535430908
2010-04-28,committee_dispersion,2010-03-23,-25,0.037827588617801666
2010-04-28,committee_dispersion,2010-03-24,-24,0.034487996250391006
2010-04-28,committee_dispersion,2010-03-25,-23,0.03627491742372513
2010-04-28,committee_dispersion,2010-03-26,-22,0.039003025740385056
2010-04-28,committee_dispersion,2010-03-29,-21,0.03500200808048248
2010-04-28,committee_dispersion,2010-03-30,-20,0.033192381262779236
2010-04-28,committee_dispersion,2010-03-31,-19,0.03608971834182739
2010-04-28,committee_dispersion,2010-04-01,-18,0.03315485268831253
2010-04-28,committee_dispersion,2010-04-02,-17,0.03617912530899048
2010-04-28,committee_dispersion,2010-04-05,-16,0.03273377567529678
2010-04-28,committee_dispersion,2010-04-06,-15,0.03709869831800461
2010-04-28,committee_dispersion,2010-04-07,-14,0.03467361256480217
2010-04-28,committee_dispersion,2010-04-08,-13,0.029546070843935013
2010-04-28,committee_dispersion,2010-04-09,-12,0.03141098469495773
2010-04-28,committee_dispersion,2010-04-12,-11,0.034295499324798584
2010-04-28,committee_dispersion,2010-04-13,-10,0.03299921378493309
2010-04-28,committee_dispersion,2010-04-14,-9,0.029551435261964798
2010-04-28,committee_dispersion,2010-04-15,-8,0.030685823410749435
2010-04-28,committee_dispersion,2010-04-16,-7,0.03019075281918049
2010-04-28,committee_dispersion,2010-04-19,-6,0.03004315495491028
2010-04-28,committee_dispersion,2010-04-20,-5,0.030579213052988052
2010-04-28,committee_dispersion,2010-04-21,-4,0.03185565397143364
2010-04-28,committee_dispersion,2010-04-22,-3,0.03729824349284172
2010-04-28,committee_dispersion,2010-04-23,-2,0.032204773277044296
2010-04-28,committee_dispersion,2010-04-26,-1,0.03703218698501587
2010-04-28,committee_dispersion,2010-04-27,0,0.033305443823337555
2010-04-28,policy_uncertainty,2010-03-17,-29,0.028498180210590363
2010-04-28,policy_uncertainty,2010-03-18,-28,0.031480416655540466
2010-04-28,policy_uncertainty,2010-03-19,-27,0.027701392769813538
2010-04-28,policy_uncertainty,2010-03-22,-26,0.028532449156045914
2010-04-28,policy_uncertainty,2010-03-23,-25,0.030719786882400513
2010-04-28,policy_uncertainty,2010-03-24,-24,0.03154740110039711
2010-04-28,policy_uncertainty,2010-03-25,-23,0.031675562262535095
2010-04-28,policy_uncertainty,2010-03-26,-22,0.03280790150165558
2010-04-28,policy_uncertainty,2010-03-29,-21,0.033052198588848114
2010-04-28,policy_uncertainty,2010-03-30,-20,0.032790884375572205
2010-04-28,policy_uncertainty,2010-03-31,-19,0.03415621817111969
2010-04-28,policy_uncertainty,2010-04-01,-18,0.03504566103219986
2010-04-28,policy_uncertainty,2010-04-02,-17,0.036584220826625824
2010-04-28,policy_uncertainty,2010-04-05,-16,0.03268728405237198
2010-04-28,policy_uncertainty,2010-04-06,-15,0.03286057710647583
2010-04-28,policy_uncertainty,2010-04-07,-14,0.03180330991744995
2010-04-28,policy_uncertainty,2010-04-08,-13,0.03390283137559891
2010-04-28,policy_uncertainty,2010-04-09,-12,0.034212034195661545
2010-04-28,policy_uncertainty,2010-04-12,-11,0.03421163931488991
2010-04-28,policy_uncertainty,2010-04-13,-10,0.03483770042657852
2010-04-28,policy_uncertainty,2010-04-14,-9,0.03432820364832878
2010-04-28,policy_uncertainty,2010-04-15,-8,0.033126913011074066
2010-04-28,policy_uncertainty,2010-04-16,-7,0.034103140234947205
2010-04-28,policy_uncertainty,2010-04-19,-6,0.037536460906267166
2010-04-28,policy_uncertainty,2010-04-20,-5,0.03738861158490181
2010-04-28,policy_uncertainty,2010-04-21,-4,0.035225916653871536
2010-04-28,policy_uncertainty,2010-04-22,-3,0.037043988704681396
2010-04-28,policy_uncertainty,2010-04-23,-2,0.03542518615722656
2010-04-28,policy_uncertainty,2010-04-26,-1,0.0333663709461689
2010-04-28,policy_uncertainty,2010-04-27,0,0.033347565680742264
2010-04-28,forward_guidance_strength,2010-03-17,-29,0.03056780993938446
2010-04-28,forward_guidance_strength,2010-03-18,-28,0.03328713774681091
2010-04-28,forward_guidance_strength,2010-03-19,-27,0.027284305542707443
2010-04-28,forward_guidance_strength,2010-03-22,-26,0.0334169864654541
2010-04-28,forward_guidance_strength,2010-03-23,-25,0.03752639517188072
2010-04-28,forward_guidance_strength,2010-03-24,-24,0.03478570654988289
2010-04-28,forward_guidance_strength,2010-03-25,-23,0.03661081939935684
2010-04-28,forward_guidance_strength,2010-03-26,-22,0.03909643739461899
2010-04-28,forward_guidance_strength,2010-03-29,-21,0.035535238683223724
2010-04-28,forward_guidance_strength,2010-03-30,-20,0.03380567580461502
2010-04-28,forward_guidance_strength,2010-03-31,-19,0.03636695817112923
2010-04-28,forward_guidance_strength,2010-04-01,-18,0.03312351554632187
2010-04-28,forward_guidance_strength,2010-04-02,-17,0.03653376176953316
2010-04-28,forward_guidance_strength,2010-04-05,-16,0.03305218368768692
2010-04-28,forward_guidance_strength,2010-04-06,-15,0.036772891879081726
2010-04-28,forward_guidance_strength,2010-04-07,-14,0.034426238387823105
2010-04-28,forward_guidance_strength,2010-04-08,-13,0.02981538698077202
2010-04-28,forward_guidance_strength,2010-04-09,-12,0.03156394511461258
2010-04-28,forward_guidance_strength,2010-04-12,-11,0.03388508781790733
2010-04-28,forward_guidance_strength,2010-04-13,-10,0.03276805579662323
2010-04-28,forward_guidance_strength,2010-04-14,-9,0.02992408350110054
2010-04-28,forward_guidance_strength,2010-04-15,-8,0.030666695907711983
2010-04-28,forward_guidance_strength,2010-04-16,-7,0.030156604945659637
2010-04-28,forward_guidance_strength,2010-04-19,-6,0.03038090467453003
2010-04-28,forward_guidance_strength,2010-04-20,-5,0.03058581054210663
2010-04-28,forward_guidance_strength,2010-04-21,-4,0.03106674551963806
2010-04-28,forward_guidance_strength,2010-04-22,-3,0.03626713901758194
2010-04-28,forward_guidance_strength,2010-04-23,-2,0.03258555755019188
2010-04-28,forward_guidance_strength,2010-04-26,-1,0.036638904362916946
2010-04-28,forward_guidance_strength,2010-04-27,0,0.03150300309062004
2010-06-23,rate_decision,2010-04-29,-37,0.023758307099342346
2010-06-23,rate_decision,2010-04-30,-36,0.021360179409384727
2010-06-23,rate_decision,2010-05-03,-35,0.024348892271518707
2010-06-23,rate_decision,2010-05-04,-34,0.027829861268401146
2010-06-23,rate_decision,2010-05-05,-33,0.02723902463912964
2010-06-23,rate_decision,2010-05-06,-32,0.02638191170990467
2010-06-23,rate_decision,2010-05-07,-31,0.026435893028974533
2010-06-23,rate_decision,2010-05-10,-30,0.02421862632036209
2010-06-23,rate_decision,2010-05-11,-29,0.022686727344989777
2010-06-23,rate_decision,2010-05-12,-28,0.02044932171702385
2010-06-23,rate_decision,2010-05-13,-27,0.023740407079458237
2010-06-23,rate_decision,2010-05-14,-26,0.0277554914355278
2010-06-23,rate_decision,2010-05-17,-25,0.02761133760213852
2010-06-23,rate_decision,2010-05-18,-24,0.029925750568509102
2010-06-23,rate_decision,2010-05-19,-23,0.029148217290639877
2010-06-23,rate_decision,2010-05-20,-22,0.02783210575580597
2010-06-23,rate_decision,2010-05-21,-21,0.029485924169421196
2010-06-23,rate_decision,2010-05-24,-20,0.02675623819231987
2010-06-23,rate_decision,2010-05-25,-19,0.022453751415014267
2010-06-23,rate_decision,2010-05-26,-18,0.024016350507736206
2010-06-23,rate_decision,2010-05-27,-17,0.026587575674057007
2010-06-23,rate_decision,2010-05-28,-16,0.026548802852630615
2010-06-23,rate_decision,2010-06-01,-15,0.020471343770623207
2010-06-23,rate_decision,2010-06-02,-14,0.028817132115364075
2010-06-23,rate_decision,2010-06-03,-13,0.03384574502706528
2010-06-23,rate_decision,2010-06-04,-12,0.03190787136554718
2010-06-23,rate_decision,2010-06-07,-11,0.03183929994702339
2010-06-23,rate_decision,2010-06-08,-10,0.02541852928698063
2010-06-23,rate_decision,2010-06-09,-9,0.03260481730103493
2010-06-23,rate_decision,2010-06-10,-8,0.02471342869102955
2010-06-23,rate_decision,2010-06-11,-7,0.024334557354450226
2010-06-23,rate_decision,2010-06-14,-6,0.019434086978435516
2010-06-23,rate_decision,2010-06-15,-5,0.027193039655685425
2010-06-23,rate_decision,2010-06-16,-4,0.032556094229221344
2010-06-23,rate_decision,2010-06-17,-3,0.021168168634176254
2010-06-23,rate_decision,2010-06-18,-2,0.022830355912446976
2010-06-23,rate_decision,2010-06-21,-1,0.029137512668967247
2010-06-23,rate_decision,2010-06-22,0,0.027157334610819817
2010-06-23,current_policy_stance,2010-04-29,-37,0.024424143135547638
2010-06-23,current_policy_stance,2010-04-30,-36,0.023085366934537888
2010-06-23,current_policy_stance,2010-05-03,-35,0.023485103622078896
2010-06-23,current_policy_stance,2010-05-04,-34,0.024685433134436607
2010-06-23,current_policy_stance,2010-05-05,-33,0.02661273628473282
2010-06-23,current_policy_stance,2010-05-06,-32,0.026568643748760223
2010-06-23,current_policy_stance,2010-05-07,-31,0.02874935232102871
2010-06-23,current_policy_stance,2010-05-10,-30,0.027970504015684128
2010-06-23,current_policy_stance,2010-05-11,-29,0.024272341281175613
2010-06-23,current_policy_stance,2010-05-12,-28,0.026214901357889175
2010-06-23,current_policy_stance,2010-05-13,-27,0.023853158578276634
2010-06-23,current_policy_stance,2010-05-14,-26,0.021938227117061615
2010-06-23,current_policy_stance,2010-05-17,-25,0.028509875759482384
2010-06-23,current_policy_stance,2010-05-18,-24,0.028271274641156197
2010-06-23,current_policy_stance,2010-05-19,-23,0.027821965515613556
2010-06-23,current_policy_stance,2010-05-20,-22,0.027101043611764908
2010-06-23,current_policy_stance,2010-05-21,-21,0.029508601874113083
2010-06-23,current_policy_stance,2010-05-24,-20,0.028261171653866768
2010-06-23,current_policy_stance,2010-05-25,-19,0.023603737354278564
2010-06-23,current_policy_stance,2010-05-26,-18,0.022632334381341934
2010-06-23,current_policy_stance,2010-05-27,-17,0.025056084617972374
2010-06-23,current_policy_stance,2010-05-28,-16,0.02086726948618889
2010-06-23,current_policy_stance,2010-06-01,-15,0.020201550796628
2010-06-23,current_policy_stance,2010-06-02,-14,0.023481594398617744
2010-06-23,current_policy_stance,2010-06-03,-13,0.02925923652946949
2010-06-23,current_policy_stance,2010-06-04,-12,0.026288196444511414
2010-06-23,current_policy_stance,2010-06-07,-11,0.03614203631877899
2010-06-23,current_policy_stance,2010-06-08,-10,0.029713422060012817
2010-06-23,current_policy_stance,2010-06-09,-9,0.032216548919677734
2010-06-23,current_policy_stance,2010-06-10,-8,0.026195652782917023
2010-06-23,current_policy_stance,2010-06-11,-7,0.02007780596613884
2010-06-23,current_policy_stance,2010-06-14,-6,0.022054489701986313
2010-06-23,current_policy_stance,2010-06-15,-5,0.024071238934993744
2010-06-23,current_policy_stance,2010-06-16,-4,0.024215217679739
2010-06-23,current_policy_stance,2010-06-17,-3,0.025549309328198433
2010-06-23,current_policy_stance,2010-06-18,-2,0.03040958195924759
2010-06-23,current_policy_stance,2010-06-21,-1,0.031279806047677994
2010-06-23,current_policy_stance,2010-06-22,0,0.035351045429706573
2010-06-23,policy_stance_shift,2010-04-29,-37,0.024375535547733307
2010-06-23,policy_stance_shift,2010-04-30,-36,0.02231365628540516
2010-06-23,policy_stance_shift,2010-05-03,-35,0.02480151318013668
2010-06-23,policy_stance_shift,2010-05-04,-34,0.02464260160923004
2010-06-23,policy_stance_shift,2010-05-05,-33,0.027333226054906845
2010-06-23,policy_stance_shift,2010-05-06,-32,0.02443801611661911
2010-06-23,policy_stance_shift,2010-05-07,-31,0.02700062096118927
2010-06-23,policy_stance_shift,2010-05-10,-30,0.0284854918718338
2010-06-23,policy_stance_shift,2010-05-11,-29,0.02479226142168045
2010-06-23,policy_stance_shift,2010-05-12,-28,0.027292629703879356
2010-06-23,policy_stance_shift,2010-05-13,-27,0.0258818119764328
2010-06-23,policy_stance_shift,2010-05-14,-26,0.022738251835107803
2010-06-23,policy_stance_shift,2010-05-17,-25,0.029135197401046753
2010-06-23,policy_stance_shift,2010-05-18,-24,0.02812390774488449
2010-06-23,policy_stance_shift,2010-05-19,-23,0.028073174878954887
2010-06-23,policy_stance_shift,2010-05-20,-22,0.02680671028792858
2010-06-23,policy_stance_shift,2010-05-21,-21,0.027709301561117172
2010-06-23,policy_stance_shift,2010-05-24,-20,0.02819781005382538
2010-06-23,policy_stance_shift,2010-05-25,-19,0.022933341562747955
2010-06-23,policy_stance_shift,2010-05-26,-18,0.022381583228707314
2010-06-23,policy_stance_shift,2010-05-27,-17,0.025327473878860474
2010-06-23,policy_stance_shift,2010-05-28,-16,0.022350361570715904
2010-06-23,policy_stance_shift,2010-06-01,-15,0.023191796615719795
2010-06-23,policy_stance_shift,2010-06-02,-14,0.025169365108013153
2010-06-23,policy_stance_shift,2010-06-03,-13,0.031166275963187218
2010-06-23,policy_stance_shift,2010-06-04,-12,0.027136318385601044
2010-06-23,policy_stance_shift,2010-06-07,-11,0.032388534396886826
2010-06-23,policy_stance_shift,2010-06-08,-10,0.02937062457203865
2010-06-23,policy_stance_shift,2010-06-09,-9,0.02807227522134781
2010-06-23,policy_stance_shift,2010-06-10,-8,0.027749987319111824
2010-06-23,policy_stance_shift,2010-06-11,-7,0.020856715738773346
2010-06-23,policy_stance_shift,2010-06-14,-6,0.02333701401948929
2010-06-23,policy_stance_shift,2010-06-15,-5,0.025279605761170387
2010-06-23,policy_stance_shift,2010-06-16,-4,0.025403182953596115
2010-06-23,policy_stance_shift,2010-06-17,-3,0.02685227245092392
2010-06-23,policy_stance_shift,2010-06-18,-2,0.02751118317246437
2010-06-23,policy_stance_shift,2010-06-21,-1,0.03221086040139198
2010-06-23,policy_stance_shift,2010-06-22,0,0.02916950359940529
2010-06-23,expected_rate_path_shift,2010-04-29,-37,0.025173835456371307
2010-06-23,expected_rate_path_shift,2010-04-30,-36,0.022883661091327667
2010-06-23,expected_rate_path_shift,2010-05-03,-35,0.025274192914366722
2010-06-23,expected_rate_path_shift,2010-05-04,-34,0.024698181077837944
2010-06-23,expected_rate_path_shift,2010-05-05,-33,0.02742118574678898
2010-06-23,expected_rate_path_shift,2010-05-06,-32,0.02498031035065651
2010-06-23,expected_rate_path_shift,2010-05-07,-31,0.028115039691329002
2010-06-23,expected_rate_path_shift,2010-05-10,-30,0.029795994982123375
2010-06-23,expected_rate_path_shift,2010-05-11,-29,0.026245025917887688
2010-06-23,expected_rate_path_shift,2010-05-12,-28,0.027584120631217957
2010-06-23,expected_rate_path_shift,2010-05-13,-27,0.025520257651805878
2010-06-23,expected_rate_path_shift,2010-05-14,-26,0.022584861144423485
2010-06-23,expected_rate_path_shift,2010-05-17,-25,0.029826795682311058
2010-06-23,expected_rate_path_shift,2010-05-18,-24,0.028056640177965164
2010-06-23,expected_rate_path_shift,2010-05-19,-23,0.028773078694939613
2010-06-23,expected_rate_path_shift,2010-05-20,-22,0.027347126975655556
2010-06-23,expected_rate_path_shift,2010-05-21,-21,0.02857448346912861
2010-06-23,expected_rate_path_shift,2010-05-24,-20,0.029002642259001732
2010-06-23,expected_rate_path_shift,2010-05-25,-19,0.023407982662320137
2010-06-23,expected_rate_path_shift,2010-05-26,-18,0.021894283592700958
2010-06-23,expected_rate_path_shift,2010-05-27,-17,0.024554308503866196
2010-06-23,expected_rate_path_shift,2010-05-28,-16,0.02137409709393978
2010-06-23,expected_rate_path_shift,2010-06-01,-15,0.02157708816230297
2010-06-23,expected_rate_path_shift,2010-06-02,-14,0.02435428276658058
2010-06-23,expected_rate_path_shift,2010-06-03,-13,0.030811920762062073
2010-06-23,expected_rate_path_shift,2010-06-04,-12,0.026276562362909317
2010-06-23,expected_rate_path_shift,2010-06-07,-11,0.03220599889755249
2010-06-23,expected_rate_path_shift,2010-06-08,-10,0.029410623013973236
2010-06-23,expected_rate_path_shift,2010-06-09,-9,0.027662362903356552
2010-06-23,expected_rate_path_shift,2010-06-10,-8,0.027496591210365295
2010-06-23,expected_rate_path_shift,2010-06-11,-7,0.01941317319869995
2010-06-23,expected_rate_path_shift,2010-06-14,-6,0.022686902433633804
2010-06-23,expected_rate_path_shift,2010-06-15,-5,0.024610767140984535
2010-06-23,expected_rate_path_shift,2010-06-16,-4,0.024639222770929337
2010-06-23,expected_rate_path_shift,2010-06-17,-3,0.02543293684720993
2010-06-23,expected_rate_path_shift,2010-06-18,-2,0.027439910918474197
2010-06-23,expected_rate_path_shift,2010-06-21,-1,0.03211253136396408
2010-06-23,expected_rate_path_shift,2010-06-22,0,0.030780985951423645
2010-06-23,inflation_assessment_shift,2010-04-29,-37,0.024081112816929817
2010-06-23,inflation_assessment_shift,2010-04-30,-36,0.023142749443650246
2010-06-23,inflation_assessment_shift,2010-05-03,-35,0.02332403138279915
2010-06-23,inflation_assessment_shift,2010-05-04,-34,0.0247320756316185
2010-06-23,inflation_assessment_shift,2010-05-05,-33,0.026702087372541428
2010-06-23,inflation_assessment_shift,2010-05-06,-32,0.02689104899764061
2010-06-23,inflation_assessment_shift,2010-05-07,-31,0.02871684357523918
2010-06-23,inflation_assessment_shift,2010-05-10,-30,0.027819879353046417
2010-06-23,inflation_assessment_shift,2010-05-11,-29,0.02405862882733345
2010-06-23,inflation_assessment_shift,2010-05-12,-28,0.02614181488752365
2010-06-23,inflation_assessment_shift,2010-05-13,-27,0.024087168276309967
2010-06-23,inflation_assessment_shift,2010-05-14,-26,0.021955976262688637
2010-06-23,inflation_assessment_shift,2010-05-17,-25,0.028676901012659073
2010-06-23,inflation_assessment_shift,2010-05-18,-24,0.028856314718723297
2010-06-23,inflation_assessment_shift,2010-05-19,-23,0.028046265244483948
2010-06-23,inflation_assessment_shift,2010-05-20,-22,0.02760322578251362
2010-06-23,inflation_assessment_shift,2010-05-21,-21,0.02978169173002243
2010-06-23,inflation_assessment_shift,2010-05-24,-20,0.028406638652086258
2010-06-23,inflation_assessment_shift,2010-05-25,-19,0.023613184690475464
2010-06-23,inflation_assessment_shift,2010-05-26,-18,0.02277679741382599
2010-06-23,inflation_assessment_shift,2010-05-27,-17,0.025170598179101944
2010-06-23,inflation_assessment_shift,2010-05-28,-16,0.020691372454166412
2010-06-23,inflation_assessment_shift,2010-06-01,-15,0.02008993923664093
2010-06-23,inflation_assessment_shift,2010-06-02,-14,0.023715300485491753
2010-06-23,inflation_assessment_shift,2010-06-03,-13,0.029106775298714638
2010-06-23,inflation_assessment_shift,2010-06-04,-12,0.026380565017461777
2010-06-23,inflation_assessment_shift,2010-06-07,-11,0.03650018945336342
2010-06-23,inflation_assessment_shift,2010-06-08,-10,0.029823824763298035
2010-06-23,inflation_assessment_shift,2010-06-09,-9,0.03203071653842926
2010-06-23,inflation_assessment_shift,2010-06-10,-8,0.026219192892313004
2010-06-23,inflation_assessment_shift,2010-06-11,-7,0.020121201872825623
2010-06-23,inflation_assessment_shift,2010-06-14,-6,0.02161961980164051
2010-06-23,inflation_assessment_shift,2010-06-15,-5,0.02392217144370079
2010-06-23,inflation_assessment_shift,2010-06-16,-4,0.023901065811514854
2010-06-23,inflation_assessment_shift,2010-06-17,-3,0.025142375379800797
2010-06-23,inflation_assessment_shift,2010-06-18,-2,0.030291901901364326
2010-06-23,inflation_assessment_shift,2010-06-21,-1,0.031194135546684265
2010-06-23,inflation_assessment_shift,2010-06-22,0,0.03466463461518288
2010-06-23,inflation_risk_shift,2010-04-29,-37,0.02497333288192749
2010-06-23,inflation_risk_shift,2010-04-30,-36,0.02310003526508808
2010-06-23,inflation_risk_shift,2010-05-03,-35,0.02447485737502575
2010-06-23,inflation_risk_shift,2010-05-04,-34,0.024510789662599564
2010-06-23,inflation_risk_shift,2010-05-05,-33,0.02681100368499756
2010-06-23,inflation_risk_shift,2010-05-06,-32,0.02589486353099346
2010-06-23,inflation_risk_shift,2010-05-07,-31,0.028212636709213257
2010-06-23,inflation_risk_shift,2010-05-10,-30,0.02924433723092079
2010-06-23,inflation_risk_shift,2010-05-11,-29,0.025825435295701027
2010-06-23,inflation_risk_shift,2010-05-12,-28,0.026977870613336563
2010-06-23,inflation_risk_shift,2010-05-13,-27,0.025015147402882576
2010-06-23,inflation_risk_shift,2010-05-14,-26,0.022158712148666382
2010-06-23,inflation_risk_shift,2010-05-17,-25,0.029433324933052063
2010-06-23,inflation_risk_shift,2010-05-18,-24,0.028323490172624588
2010-06-23,inflation_risk_shift,2010-05-19,-23,0.02815418690443039
2010-06-23,inflation_risk_shift,2010-05-20,-22,0.027323435992002487
2010-06-23,inflation_risk_shift,2010-05-21,-21,0.028604630380868912
2010-06-23,inflation_risk_shift,2010-05-24,-20,0.02858564257621765
2010-06-23,inflation_risk_shift,2010-05-25,-19,0.023584863170981407
2010-06-23,inflation_risk_shift,2010-05-26,-18,0.022428059950470924
2010-06-23,inflation_risk_shift,2010-05-27,-17,0.024247217923402786
2010-06-23,inflation_risk_shift,2010-05-28,-16,0.02086287923157215
2010-06-23,inflation_risk_shift,2010-06-01,-15,0.02155308611690998
2010-06-23,inflation_risk_shift,2010-06-02,-14,0.023741289973258972
2010-06-23,inflation_risk_shift,2010-06-03,-13,0.030114671215415
2010-06-23,inflation_risk_shift,2010-06-04,-12,0.026066217571496964
2010-06-23,inflation_risk_shift,2010-06-07,-11,0.03313040733337402
2010-06-23,inflation_risk_shift,2010-06-08,-10,0.029809806495904922
2010-06-23,inflation_risk_shift,2010-06-09,-9,0.029643859714269638
2010-06-23,inflation_risk_shift,2010-06-10,-8,0.02661435678601265
2010-06-23,inflation_risk_shift,2010-06-11,-7,0.019624371081590652
2010-06-23,inflation_risk_shift,2010-06-14,-6,0.02233811467885971
2010-06-23,inflation_risk_shift,2010-06-15,-5,0.023903632536530495
2010-06-23,inflation_risk_shift,2010-06-16,-4,0.024015389382839203
2010-06-23,inflation_risk_shift,2010-06-17,-3,0.025826947763562202
2010-06-23,inflation_risk_shift,2010-06-18,-2,0.028957799077033997
2010-06-23,inflation_risk_shift,2010-06-21,-1,0.03212936967611313
2010-06-23,inflation_risk_shift,2010-06-22,0,0.0337839350104332
2010-06-23,unemployment_assessment_shift,2010-04-29,-37,0.02410036511719227
2010-06-23,unemployment_assessment_shift,2010-04-30,-36,0.022626159712672234
2010-06-23,unemployment_assessment_shift,2010-05-03,-35,0.023654649034142494
2010-06-23,unemployment_assessment_shift,2010-05-04,-34,0.024636071175336838
2010-06-23,unemployment_assessment_shift,2010-05-05,-33,0.027055900543928146
2010-06-23,unemployment_assessment_shift,2010-05-06,-32,0.026194456964731216
2010-06-23,unemployment_assessment_shift,2010-05-07,-31,0.028653651475906372
2010-06-23,unemployment_assessment_shift,2010-05-10,-30,0.028981059789657593
2010-06-23,unemployment_assessment_shift,2010-05-11,-29,0.025128869339823723
2010-06-23,unemployment_assessment_shift,2010-05-12,-28,0.02642243728041649
2010-06-23,unemployment_assessment_shift,2010-05-13,-27,0.02471069060266018
2010-06-23,unemployment_assessment_shift,2010-05-14,-26,0.02206871099770069
2010-06-23,unemployment_assessment_shift,2010-05-17,-25,0.028730442747473717
2010-06-23,unemployment_assessment_shift,2010-05-18,-24,0.028655000030994415
2010-06-23,unemployment_assessment_shift,2010-05-19,-23,0.028375640511512756
2010-06-23,unemployment_assessment_shift,2010-05-20,-22,0.02783462405204773
2010-06-23,unemployment_assessment_shift,2010-05-21,-21,0.02974104695022106
2010-06-23,unemployment_assessment_shift,2010-05-24,-20,0.02887517213821411
2010-06-23,unemployment_assessment_shift,2010-05-25,-19,0.023465998470783234
2010-06-23,unemployment_assessment_shift,2010-05-26,-18,0.022441381588578224
2010-06-23,unemployment_assessment_shift,2010-05-27,-17,0.024460332468152046
2010-06-23,unemployment_assessment_shift,2010-05-28,-16,0.020723912864923477
2010-06-23,unemployment_assessment_shift,2010-06-01,-15,0.0202048197388649
2010-06-23,unemployment_assessment_shift,2010-06-02,-14,0.023776480928063393
2010-06-23,unemployment_assessment_shift,2010-06-03,-13,0.029635125771164894
2010-06-23,unemployment_assessment_shift,2010-06-04,-12,0.026616811752319336
2010-06-23,unemployment_assessment_shift,2010-06-07,-11,0.034879568964242935
2010-06-23,unemployment_assessment_shift,2010-06-08,-10,0.029989678412675858
2010-06-23,unemployment_assessment_shift,2010-06-09,-9,0.031068041920661926
2010-06-23,unemployment_assessment_shift,2010-06-10,-8,0.026424463838338852
2010-06-23,unemployment_assessment_shift,2010-06-11,-7,0.020015327259898186
2010-06-23,unemployment_assessment_shift,2010-06-14,-6,0.021663732826709747
2010-06-23,unemployment_assessment_shift,2010-06-15,-5,0.02404824271798134
2010-06-23,unemployment_assessment_shift,2010-06-16,-4,0.024152131751179695
2010-06-23,unemployment_assessment_shift,2010-06-17,-3,0.025005657225847244
2010-06-23,unemployment_assessment_shift,2010-06-18,-2,0.02858187071979046
2010-06-23,unemployment_assessment_shift,2010-06-21,-1,0.03183536231517792
2010-06-23,unemployment_assessment_shift,2010-06-22,0,0.034566111862659454
2010-06-23,labor_market_risk_shift,2010-04-29,-37,0.02412595972418785
2010-06-23,labor_market_risk_shift,2010-04-30,-36,0.022696616128087044
2010-06-23,labor_market_risk_shift,2010-05-03,-35,0.023677680641412735
2010-06-23,labor_market_risk_shift,2010-05-04,-34,0.02459552511572838
2010-06-23,labor_market_risk_shift,2010-05-05,-33,0.026938268914818764
2010-06-23,labor_market_risk_shift,2010-05-06,-32,0.026137588545680046
2010-06-23,labor_market_risk_shift,2010-05-07,-31,0.028604591265320778
2010-06-23,labor_market_risk_shift,2010-05-10,-30,0.028363484889268875
2010-06-23,labor_market_risk_shift,2010-05-11,-29,0.024205563589930534
2010-06-23,labor_market_risk_shift,2010-05-12,-28,0.02642441913485527
2010-06-23,labor_market_risk_shift,2010-05-13,-27,0.024674884974956512
2010-06-23,labor_market_risk_shift,2010-05-14,-26,0.02214217744767666
2010-06-23,labor_market_risk_shift,2010-05-17,-25,0.029643477872014046
2010-06-23,labor_market_risk_shift,2010-05-18,-24,0.029002198949456215
2010-06-23,labor_market_risk_shift,2010-05-19,-23,0.028532849624753
2010-06-23,labor_market_risk_shift,2010-05-20,-22,0.02785602957010269
2010-06-23,labor_market_risk_shift,2010-05-21,-21,0.029692381620407104
2010-06-23,labor_market_risk_shift,2010-05-24,-20,0.02887202799320221
2010-06-23,labor_market_risk_shift,2010-05-25,-19,0.023080740123987198
2010-06-23,labor_market_risk_shift,2010-05-26,-18,0.02203180268406868
2010-06-23,labor_market_risk_shift,2010-05-27,-17,0.024857133626937866
2010-06-23,labor_market_risk_shift,2010-05-28,-16,0.02080676704645157
2010-06-23,labor_market_risk_shift,2010-06-01,-15,0.020122164860367775
2010-06-23,labor_market_risk_shift,2010-06-02,-14,0.0239277146756649
2010-06-23,labor_market_risk_shift,2010-06-03,-13,0.030011095106601715
2010-06-23,labor_market_risk_shift,2010-06-04,-12,0.027112100273370743
2010-06-23,labor_market_risk_shift,2010-06-07,-11,0.03575596213340759
2010-06-23,labor_market_risk_shift,2010-06-08,-10,0.029811110347509384
2010-06-23,labor_market_risk_shift,2010-06-09,-9,0.03018162213265896
2010-06-23,labor_market_risk_shift,2010-06-10,-8,0.0265799667686224
2010-06-23,labor_market_risk_shift,2010-06-11,-7,0.019394349306821823
2010-06-23,labor_market_risk_shift,2010-06-14,-6,0.021233003586530685
2010-06-23,labor_market_risk_shift,2010-06-15,-5,0.02419186756014824
2010-06-23,labor_market_risk_shift,2010-06-16,-4,0.02435542643070221
2010-06-23,labor_market_risk_shift,2010-06-17,-3,0.025633947923779488
2010-06-23,labor_market_risk_shift,2010-06-18,-2,0.02978593483567238
2010-06-23,labor_market_risk_shift,2010-06-21,-1,0.03211149573326111
2010-06-23,labor_market_risk_shift,2010-06-22,0,0.03283003717660904
2010-06-23,growth_activity_shift,2010-04-29,-37,0.02398240752518177
2010-06-23,growth_activity_shift,2010-04-30,-36,0.02242850512266159
2010-06-23,growth_activity_shift,2010-05-03,-35,0.02427000366151333
2010-06-23,growth_activity_shift,2010-05-04,-34,0.024358000606298447
2010-06-23,growth_activity_shift,2010-05-05,-33,0.02648044005036354
2010-06-23,growth_activity_shift,2010-05-06,-32,0.025156479328870773
2010-06-23,growth_activity_shift,2010-05-07,-31,0.027682587504386902
2010-06-23,growth_activity_shift,2010-05-10,-30,0.028775803744792938
2010-06-23,growth_activity_shift,2010-05-11,-29,0.025159940123558044
2010-06-23,growth_activity_shift,2010-05-12,-28,0.026742808520793915
2010-06-23,growth_activity_shift,2010-05-13,-27,0.024946123361587524
2010-06-23,growth_activity_shift,2010-05-14,-26,0.022479180246591568
2010-06-23,growth_activity_shift,2010-05-17,-25,0.029286593198776245
2010-06-23,growth_activity_shift,2010-05-18,-24,0.028390955179929733
2010-06-23,growth_activity_shift,2010-05-19,-23,0.027775734663009644
2010-06-23,growth_activity_shift,2010-05-20,-22,0.027184875681996346
2010-06-23,growth_activity_shift,2010-05-21,-21,0.02818015217781067
2010-06-23,growth_activity_shift,2010-05-24,-20,0.028374888002872467
2010-06-23,growth_activity_shift,2010-05-25,-19,0.023349978029727936
2010-06-23,growth_activity_shift,2010-05-26,-18,0.022811375558376312
2010-06-23,growth_activity_shift,2010-05-27,-17,0.024480681866407394
2010-06-23,growth_activity_shift,2010-05-28,-16,0.021721404045820236
2010-06-23,growth_activity_shift,2010-06-01,-15,0.022159382700920105
2010-06-23,growth_activity_shift,2010-06-02,-14,0.02439550869166851
2010-06-23,growth_activity_shift,2010-06-03,-13,0.030210431665182114
2010-06-23,growth_activity_shift,2010-06-04,-12,0.027125254273414612
2010-06-23,growth_activity_shift,2010-06-07,-11,0.03393255174160004
2010-06-23,growth_activity_shift,2010-06-08,-10,0.02971288561820984
2010-06-23,growth_activity_shift,2010-06-09,-9,0.030052321031689644
2010-06-23,growth_activity_shift,2010-06-10,-8,0.026847440749406815
2010-06-23,growth_activity_shift,2010-06-11,-7,0.020284274592995644
2010-06-23,growth_activity_shift,2010-06-14,-6,0.022172212600708008
2010-06-23,growth_activity_shift,2010-06-15,-5,0.024402709677815437
2010-06-23,growth_activity_shift,2010-06-16,-4,0.024620503187179565
2010-06-23,growth_activity_shift,2010-06-17,-3,0.027079474180936813
2010-06-23,growth_activity_shift,2010-06-18,-2,0.028785455971956253
2010-06-23,growth_activity_shift,2010-06-21,-1,0.031757187098264694
2010-06-23,growth_activity_shift,2010-06-22,0,0.032443467527627945
2010-06-23,financial_conditions_shift,2010-04-29,-37,0.027270592749118805
2010-06-23,financial_conditions_shift,2010-04-30,-36,0.025586465373635292
2010-06-23,financial_conditions_shift,2010-05-03,-35,0.029425745829939842
2010-06-23,financial_conditions_shift,2010-05-04,-34,0.02606322430074215
2010-06-23,financial_conditions_shift,2010-05-05,-33,0.02596723660826683
2010-06-23,financial_conditions_shift,2010-05-06,-32,0.022348754107952118
2010-06-23,financial_conditions_shift,2010-05-07,-31,0.02275937609374523
2010-06-23,financial_conditions_shift,2010-05-10,-30,0.026565121486783028
2010-06-23,financial_conditions_shift,2010-05-11,-29,0.02853894606232643
2010-06-23,financial_conditions_shift,2010-05-12,-28,0.02706708386540413
2010-06-23,financial_conditions_shift,2010-05-13,-27,0.02969868667423725
2010-06-23,financial_conditions_shift,2010-05-14,-26,0.029918573796749115
2010-06-23,financial_conditions_shift,2010-05-17,-25,0.02560742013156414
2010-06-23,financial_conditions_shift,2010-05-18,-24,0.024594418704509735
2010-06-23,financial_conditions_shift,2010-05-19,-23,0.025687992572784424
2010-06-23,financial_conditions_shift,2010-05-20,-22,0.02459052950143814
2010-06-23,financial_conditions_shift,2010-05-21,-21,0.022474557161331177
2010-06-23,financial_conditions_shift,2010-05-24,-20,0.024482162669301033
2010-06-23,financial_conditions_shift,2010-05-25,-19,0.025267912074923515
2010-06-23,financial_conditions_shift,2010-05-26,-18,0.02539343386888504
2010-06-23,financial_conditions_shift,2010-05-27,-17,0.025639045983552933
2010-06-23,financial_conditions_shift,2010-05-28,-16,0.032279226928949356
2010-06-23,financial_conditions_shift,2010-06-01,-15,0.03198830038309097
2010-06-23,financial_conditions_shift,2010-06-02,-14,0.028355274349451065
2010-06-23,financial_conditions_shift,2010-06-03,-13,0.027330148965120316
2010-06-23,financial_conditions_shift,2010-06-04,-12,0.02609872817993164
2010-06-23,financial_conditions_shift,2010-06-07,-11,0.019534632563591003
2010-06-23,financial_conditions_shift,2010-06-08,-10,0.025235440582036972
2010-06-23,financial_conditions_shift,2010-06-09,-9,0.019912077113986015
2010-06-23,financial_conditions_shift,2010-06-10,-8,0.028520355001091957
2010-06-23,financial_conditions_shift,2010-06-11,-7,0.0285342987626791
2010-06-23,financial_conditions_shift,2010-06-14,-6,0.02895280160009861
2010-06-23,financial_conditions_shift,2010-06-15,-5,0.02800724469125271
2010-06-23,financial_conditions_shift,2010-06-16,-4,0.02877063676714897
2010-06-23,financial_conditions_shift,2010-06-17,-3,0.027209509164094925
2010-06-23,financial_conditions_shift,2010-06-18,-2,0.021588332951068878
2010-06-23,financial_conditions_shift,2010-06-21,-1,0.026975663378834724
2010-06-23,financial_conditions_shift,2010-06-22,0,0.025760062038898468
2010-06-23,balance_sheet_policy_shift,2010-04-29,-37,0.026830900460481644
2010-06-23,balance_sheet_policy_shift,2010-04-30,-36,0.024362575262784958
2010-06-23,balance_sheet_policy_shift,2010-05-03,-35,0.02871599979698658
2010-06-23,balance_sheet_policy_shift,2010-05-04,-34,0.02587643638253212
2010-06-23,balance_sheet_policy_shift,2010-05-05,-33,0.027036767452955246
2010-06-23,balance_sheet_policy_shift,2010-05-06,-32,0.022867800667881966
2010-06-23,balance_sheet_policy_shift,2010-05-07,-31,0.02402166649699211
2010-06-23,balance_sheet_policy_shift,2010-05-10,-30,0.027730949223041534
2010-06-23,balance_sheet_policy_shift,2010-05-11,-29,0.02795235626399517
2010-06-23,balance_sheet_policy_shift,2010-05-12,-28,0.027663936838507652
2010-06-23,balance_sheet_policy_shift,2010-05-13,-27,0.029314910992980003
2010-06-23,balance_sheet_policy_shift,2010-05-14,-26,0.0279177725315094
2010-06-23,balance_sheet_policy_shift,2010-05-17,-25,0.027237674221396446
2010-06-23,balance_sheet_policy_shift,2010-05-18,-24,0.025872182101011276
2010-06-23,balance_sheet_policy_shift,2010-05-19,-23,0.026590609923005104
2010-06-23,balance_sheet_policy_shift,2010-05-20,-22,0.02538241818547249
2010-06-23,balance_sheet_policy_shift,2010-05-21,-21,0.023969069123268127
2010-06-23,balance_sheet_policy_shift,2010-05-24,-20,0.026074085384607315
2010-06-23,balance_sheet_policy_shift,2010-05-25,-19,0.024653976783156395
2010-06-23,balance_sheet_policy_shift,2010-05-26,-18,0.02441268600523472
2010-06-23,balance_sheet_policy_shift,2010-05-27,-17,0.025147756561636925
2010-06-23,balance_sheet_policy_shift,2010-05-28,-16,0.029486993327736855
2010-06-23,balance_sheet_policy_shift,2010-06-01,-15,0.029264632612466812
2010-06-23,balance_sheet_policy_shift,2010-06-02,-14,0.027103502303361893
2010-06-23,balance_sheet_policy_shift,2010-06-03,-13,0.028491588309407234
2010-06-23,balance_sheet_policy_shift,2010-06-04,-12,0.026809552684426308
2010-06-23,balance_sheet_policy_shift,2010-06-07,-11,0.022478893399238586
2010-06-23,balance_sheet_policy_shift,2010-06-08,-10,0.02655057981610298
2010-06-23,balance_sheet_policy_shift,2010-06-09,-9,0.02169521152973175
2010-06-23,balance_sheet_policy_shift,2010-06-10,-8,0.028461288660764694
2010-06-23,balance_sheet_policy_shift,2010-06-11,-7,0.02582494542002678
2010-06-23,balance_sheet_policy_shift,2010-06-14,-6,0.027236126363277435
2010-06-23,balance_sheet_policy_shift,2010-06-15,-5,0.027075864374637604
2010-06-23,balance_sheet_policy_shift,2010-06-16,-4,0.027842262759804726
2010-06-23,balance_sheet_policy_shift,2010-06-17,-3,0.026660148054361343
2010-06-23,balance_sheet_policy_shift,2010-06-18,-2,0.022257059812545776
2010-06-23,balance_sheet_policy_shift,2010-06-21,-1,0.02835051715373993
2010-06-23,balance_sheet_policy_shift,2010-06-22,0,0.02477830834686756
2010-06-23,risk_balance_shift,2010-04-29,-37,0.02373180165886879
2010-06-23,risk_balance_shift,2010-04-30,-36,0.022720657289028168
2010-06-23,risk_balance_shift,2010-05-03,-35,0.023581963032484055
2010-06-23,risk_balance_shift,2010-05-04,-34,0.024342356249690056
2010-06-23,risk_balance_shift,2010-05-05,-33,0.026344839483499527
2010-06-23,risk_balance_shift,2010-05-06,-32,0.0257094856351614
2010-06-23,risk_balance_shift,2010-05-07,-31,0.0284249410033226
2010-06-23,risk_balance_shift,2010-05-10,-30,0.02842823602259159
2010-06-23,risk_balance_shift,2010-05-11,-29,0.024808403104543686
2010-06-23,risk_balance_shift,2010-05-12,-28,0.02639242634177208
2010-06-23,risk_balance_shift,2010-05-13,-27,0.024304796010255814
2010-06-23,risk_balance_shift,2010-05-14,-26,0.021496549248695374
2010-06-23,risk_balance_shift,2010-05-17,-25,0.028603941202163696
2010-06-23,risk_balance_shift,2010-05-18,-24,0.028467079624533653
2010-06-23,risk_balance_shift,2010-05-19,-23,0.027941396459937096
2010-06-23,risk_balance_shift,2010-05-20,-22,0.02754060924053192
2010-06-23,risk_balance_shift,2010-05-21,-21,0.029581043869256973
2010-06-23,risk_balance_shift,2010-05-24,-20,0.028721582144498825
2010-06-23,risk_balance_shift,2010-05-25,-19,0.023713648319244385
2010-06-23,risk_balance_shift,2010-05-26,-18,0.022902341559529305
2010-06-23,risk_balance_shift,2010-05-27,-17,0.025636794045567513
2010-06-23,risk_balance_shift,2010-05-28,-16,0.02118522673845291
2010-06-23,risk_balance_shift,2010-06-01,-15,0.020621970295906067
2010-06-23,risk_balance_shift,2010-06-02,-14,0.023855850100517273
2010-06-23,risk_balance_shift,2010-06-03,-13,0.029218118637800217
2010-06-23,risk_balance_shift,2010-06-04,-12,0.026580723002552986
2010-06-23,risk_balance_shift,2010-06-07,-11,0.035617392510175705
2010-06-23,risk_balance_shift,2010-06-08,-10,0.029363488778471947
2010-06-23,risk_balance_shift,2010-06-09,-9,0.03190256655216217
2010-06-23,risk_balance_shift,2010-06-10,-8,0.026402277871966362
2010-06-23,risk_balance_shift,2010-06-11,-7,0.020508037880063057
2010-06-23,risk_balance_shift,2010-06-14,-6,0.021757598966360092
2010-06-23,risk_balance_shift,2010-06-15,-5,0.024043697863817215
2010-06-23,risk_balance_shift,2010-06-16,-4,0.02377147041261196
2010-06-23,risk_balance_shift,2010-06-17,-3,0.02625824511051178
2010-06-23,risk_balance_shift,2010-06-18,-2,0.02978583239018917
2010-06-23,risk_balance_shift,2010-06-21,-1,0.031503427773714066
2010-06-23,risk_balance_shift,2010-06-22,0,0.03422915190458298
2010-06-23,committee_dispersion,2010-04-29,-37,0.027119651436805725
2010-06-23,committee_dispersion,2010-04-30,-36,0.02528493106365204
2010-06-23,committee_dispersion,2010-05-03,-35,0.029236266389489174
2010-06-23,committee_dispersion,2010-05-04,-34,0.02578071877360344
2010-06-23,committee_dispersion,2010-05-05,-33,0.02614564821124077
2010-06-23,committee_dispersion,2010-05-06,-32,0.02216259390115738
2010-06-23,committee_dispersion,2010-05-07,-31,0.02293003536760807
2010-06-23,committee_dispersion,2010-05-10,-30,0.026514312252402306
2010-06-23,committee_dispersion,2010-05-11,-29,0.028354566544294357
2010-06-23,committee_dispersion,2010-05-12,-28,0.027187151834368706
2010-06-23,committee_dispersion,2010-05-13,-27,0.02977624535560608
2010-06-23,committee_dispersion,2010-05-14,-26,0.029853694140911102
2010-06-23,committee_dispersion,2010-05-17,-25,0.025807194411754608
2010-06-23,committee_dispersion,2010-05-18,-24,0.024425644427537918
2010-06-23,committee_dispersion,2010-05-19,-23,0.025632673874497414
2010-06-23,committee_dispersion,2010-05-20,-22,0.024459658190608025
2010-06-23,committee_dispersion,2010-05-21,-21,0.022481530904769897
2010-06-23,committee_dispersion,2010-05-24,-20,0.024754846468567848
2010-06-23,committee_dispersion,2010-05-25,-19,0.02552315965294838
2010-06-23,committee_dispersion,2010-05-26,-18,0.025399375706911087
2010-06-23,committee_dispersion,2010-05-27,-17,0.02558058314025402
2010-06-23,committee_dispersion,2010-05-28,-16,0.0318160206079483
2010-06-23,committee_dispersion,2010-06-01,-15,0.03192272409796715
2010-06-23,committee_dispersion,2010-06-02,-14,0.028151998296380043
2010-06-23,committee_dispersion,2010-06-03,-13,0.027441099286079407
2010-06-23,committee_dispersion,2010-06-04,-12,0.026253731921315193
2010-06-23,committee_dispersion,2010-06-07,-11,0.019683774560689926
2010-06-23,committee_dispersion,2010-06-08,-10,0.02535710111260414
2010-06-23,committee_dispersion,2010-06-09,-9,0.01975911855697632
2010-06-23,committee_dispersion,2010-06-10,-8,0.028910411521792412
2010-06-23,committee_dispersion,2010-06-11,-7,0.028047971427440643
2010-06-23,committee_dispersion,2010-06-14,-6,0.028768982738256454
2010-06-23,committee_dispersion,2010-06-15,-5,0.027973312884569168
2010-06-23,committee_dispersion,2010-06-16,-4,0.02896955981850624
2010-06-23,committee_dispersion,2010-06-17,-3,0.027449719607830048
2010-06-23,committee_dispersion,2010-06-18,-2,0.021476279944181442
2010-06-23,committee_dispersion,2010-06-21,-1,0.027074500918388367
2010-06-23,committee_dispersion,2010-06-22,0,0.026533229276537895
2010-06-23,policy_uncertainty,2010-04-29,-37,0.026490746065974236
2010-06-23,policy_uncertainty,2010-04-30,-36,0.023738980293273926
2010-06-23,policy_uncertainty,2010-05-03,-35,0.02804752252995968
2010-06-23,policy_uncertainty,2010-05-04,-34,0.02534591592848301
2010-06-23,policy_uncertainty,2010-05-05,-33,0.02723865769803524
2010-06-23,policy_uncertainty,2010-05-06,-32,0.022755121812224388
2010-06-23,policy_uncertainty,2010-05-07,-31,0.025047635659575462
2010-06-23,policy_uncertainty,2010-05-10,-30,0.028891678899526596
2010-06-23,policy_uncertainty,2010-05-11,-29,0.0266409944742918
2010-06-23,policy_uncertainty,2010-05-12,-28,0.02884286642074585
2010-06-23,policy_uncertainty,2010-05-13,-27,0.02848755195736885
2010-06-23,policy_uncertainty,2010-05-14,-26,0.025930598378181458
2010-06-23,policy_uncertainty,2010-05-17,-25,0.029627427458763123
2010-06-23,policy_uncertainty,2010-05-18,-24,0.02718946523964405
2010-06-23,policy_uncertainty,2010-05-19,-23,0.02793087065219879
2010-06-23,policy_uncertainty,2010-05-20,-22,0.026173027232289314
2010-06-23,policy_uncertainty,2010-05-21,-21,0.02511037327349186
2010-06-23,policy_uncertainty,2010-05-24,-20,0.027328262105584145
2010-06-23,policy_uncertainty,2010-05-25,-19,0.023393744602799416
2010-06-23,policy_uncertainty,2010-05-26,-18,0.022237198427319527
2010-06-23,policy_uncertainty,2010-05-27,-17,0.024943238124251366
2010-06-23,policy_uncertainty,2010-05-28,-16,0.025576846674084663
2010-06-23,policy_uncertainty,2010-06-01,-15,0.026601899415254593
2010-06-23,policy_uncertainty,2010-06-02,-14,0.026641398668289185
2010-06-23,policy_uncertainty,2010-06-03,-13,0.030979257076978683
2010-06-23,policy_uncertainty,2010-06-04,-12,0.026754043996334076
2010-06-23,policy_uncertainty,2010-06-07,-11,0.02586686611175537
2010-06-23,policy_uncertainty,2010-06-08,-10,0.02797110006213188
2010-06-23,policy_uncertainty,2010-06-09,-9,0.022346289828419685
2010-06-23,policy_uncertainty,2010-06-10,-8,0.029042817652225494
2010-06-23,policy_uncertainty,2010-06-11,-7,0.02169722504913807
2010-06-23,policy_uncertainty,2010-06-14,-6,0.025024952366948128
2010-06-23,policy_uncertainty,2010-06-15,-5,0.02650916762650013
2010-06-23,policy_uncertainty,2010-06-16,-4,0.027070827782154083
2010-06-23,policy_uncertainty,2010-06-17,-3,0.02639104425907135
2010-06-23,policy_uncertainty,2010-06-18,-2,0.024576466530561447
2010-06-23,policy_uncertainty,2010-06-21,-1,0.030665982514619827
2010-06-23,policy_uncertainty,2010-06-22,0,0.024891935288906097
2010-06-23,forward_guidance_strength,2010-04-29,-37,0.02707895077764988
2010-06-23,forward_guidance_strength,2010-04-30,-36,0.02484912984073162
2010-06-23,forward_guidance_strength,2010-05-03,-35,0.02887575514614582
2010-06-23,forward_guidance_strength,2010-05-04,-34,0.026078984141349792
2010-06-23,forward_guidance_strength,2010-05-05,-33,0.02636461704969406
2010-06-23,forward_guidance_strength,2010-05-06,-32,0.022074595093727112
2010-06-23,forward_guidance_strength,2010-05-07,-31,0.02271803468465805
2010-06-23,forward_guidance_strength,2010-05-10,-30,0.026503566652536392
2010-06-23,forward_guidance_strength,2010-05-11,-29,0.027896324172616005
2010-06-23,forward_guidance_strength,2010-05-12,-28,0.027098793536424637
2010-06-23,forward_guidance_strength,2010-05-13,-27,0.02921845018863678
2010-06-23,forward_guidance_strength,2010-05-14,-26,0.029505200684070587
2010-06-23,forward_guidance_strength,2010-05-17,-25,0.02596963196992874
2010-06-23,forward_guidance_strength,2010-05-18,-24,0.024977104738354683
2010-06-23,forward_guidance_strength,2010-05-19,-23,0.025932904332876205
2010-06-23,forward_guidance_strength,2010-05-20,-22,0.02451981231570244
2010-06-23,forward_guidance_strength,2010-05-21,-21,0.02273017354309559
2010-06-23,forward_guidance_strength,2010-05-24,-20,0.024593297392129898
2010-06-23,forward_guidance_strength,2010-05-25,-19,0.024363411590456963
2010-06-23,forward_guidance_strength,2010-05-26,-18,0.024714265018701553
2010-06-23,forward_guidance_strength,2010-05-27,-17,0.025575604289770126
2010-06-23,forward_guidance_strength,2010-05-28,-16,0.031781140714883804
2010-06-23,forward_guidance_strength,2010-06-01,-15,0.03133866935968399
2010-06-23,forward_guidance_strength,2010-06-02,-14,0.028654515743255615
2010-06-23,forward_guidance_strength,2010-06-03,-13,0.028675854206085205
2010-06-23,forward_guidance_strength,2010-06-04,-12,0.026736805215477943
2010-06-23,forward_guidance_strength,2010-06-07,-11,0.020681122317910194
2010-06-23,forward_guidance_strength,2010-06-08,-10,0.02558187022805214
2010-06-23,forward_guidance_strength,2010-06-09,-9,0.02072950080037117
2010-06-23,forward_guidance_strength,2010-06-10,-8,0.028210772201418877
2010-06-23,forward_guidance_strength,2010-06-11,-7,0.027608804404735565
2010-06-23,forward_guidance_strength,2010-06-14,-6,0.02887529879808426
2010-06-23,forward_guidance_strength,2010-06-15,-5,0.028426848351955414
2010-06-23,forward_guidance_strength,2010-06-16,-4,0.02968413382768631
2010-06-23,forward_guidance_strength,2010-06-17,-3,0.027285136282444
2010-06-23,forward_guidance_strength,2010-06-18,-2,0.021608013659715652
2010-06-23,forward_guidance_strength,2010-06-21,-1,0.027682118117809296
2010-06-23,forward_guidance_strength,2010-06-22,0,0.024800792336463928
2010-08-10,rate_decision,2010-06-24,-31,0.03250587731599808
2010-08-10,rate_decision,2010-06-25,-30,0.035102032124996185
2010-08-10,rate_decision,2010-06-28,-29,0.03561045974493027
2010-08-10,rate_decision,2010-06-29,-28,0.034367822110652924
2010-08-10,rate_decision,2010-06-30,-27,0.03210461512207985
2010-08-10,rate_decision,2010-07-01,-26,0.031024189665913582
2010-08-10,rate_decision,2010-07-02,-25,0.028115926310420036
2010-08-10,rate_decision,2010-07-06,-24,0.028974728658795357
2010-08-10,rate_decision,2010-07-07,-23,0.026287339627742767
2010-08-10,rate_decision,2010-07-08,-22,0.02999342791736126
2010-08-10,rate_decision,2010-07-09,-21,0.026483353227376938
2010-08-10,rate_decision,2010-07-12,-20,0.02907872013747692
2010-08-10,rate_decision,2010-07-13,-19,0.034551527351140976
2010-08-10,rate_decision,2010-07-14,-18,0.03857514262199402
2010-08-10,rate_decision,2010-07-15,-17,0.035822123289108276
2010-08-10,rate_decision,2010-07-16,-16,0.030713193118572235
2010-08-10,rate_decision,2010-07-19,-15,0.034400876611471176
2010-08-10,rate_decision,2010-07-20,-14,0.0315687358379364
2010-08-10,rate_decision,2010-07-21,-13,0.027973845601081848
2010-08-10,rate_decision,2010-07-22,-12,0.02532709389925003
2010-08-10,rate_decision,2010-07-23,-11,0.025109225884079933
2010-08-10,rate_decision,2010-07-26,-10,0.024587836116552353
2010-08-10,rate_decision,2010-07-27,-9,0.025991806760430336
2010-08-10,rate_decision,2010-07-28,-8,0.03499188274145126
2010-08-10,rate_decision,2010-07-29,-7,0.035134878009557724
2010-08-10,rate_decision,2010-07-30,-6,0.03466494381427765
2010-08-10,rate_decision,2010-08-02,-5,0.03538064658641815
2010-08-10,rate_decision,2010-08-03,-4,0.027083247900009155
2010-08-10,rate_decision,2010-08-04,-3,0.03160366415977478
2010-08-10,rate_decision,2010-08-05,-2,0.03314372897148132
2010-08-10,rate_decision,2010-08-06,-1,0.03324225917458534
2010-08-10,rate_decision,2010-08-09,0,0.030484836548566818
2010-08-10,current_policy_stance,2010-06-24,-31,0.030109036713838577
2010-08-10,current_policy_stance,2010-06-25,-30,0.032272398471832275
2010-08-10,current_policy_stance,2010-06-28,-29,0.03250465542078018
2010-08-10,current_policy_stance,2010-06-29,-28,0.031482625752687454
2010-08-10,current_policy_stance,2010-06-30,-27,0.030910329893231392
2010-08-10,current_policy_stance,2010-07-01,-26,0.03002927266061306
2010-08-10,current_policy_stance,2010-07-02,-25,0.030988499522209167
2010-08-10,current_policy_stance,2010-07-06,-24,0.02532287687063217
2010-08-10,current_policy_stance,2010-07-07,-23,0.027635939419269562
2010-08-10,current_policy_stance,2010-07-08,-22,0.02937859296798706
2010-08-10,current_policy_stance,2010-07-09,-21,0.02708614058792591
2010-08-10,current_policy_stance,2010-07-12,-20,0.028617149218916893
2010-08-10,current_policy_stance,2010-07-13,-19,0.03161855787038803
2010-08-10,current_policy_stance,2010-07-14,-18,0.029384352266788483
2010-08-10,current_policy_stance,2010-07-15,-17,0.03359054774045944
2010-08-10,current_policy_stance,2010-07-16,-16,0.03219791501760483
2010-08-10,current_policy_stance,2010-07-19,-15,0.0359949953854084
2010-08-10,current_policy_stance,2010-07-20,-14,0.031225021928548813
2010-08-10,current_policy_stance,2010-07-21,-13,0.028370961546897888
2010-08-10,current_policy_stance,2010-07-22,-12,0.029676899313926697
2010-08-10,current_policy_stance,2010-07-23,-11,0.028701985254883766
2010-08-10,current_policy_stance,2010-07-26,-10,0.026803603395819664
2010-08-10,current_policy_stance,2010-07-27,-9,0.02722122333943844
2010-08-10,current_policy_stance,2010-07-28,-8,0.028911039233207703
2010-08-10,current_policy_stance,2010-07-29,-7,0.030994435772299767
2010-08-10,current_policy_stance,2010-07-30,-6,0.03112463280558586
2010-08-10,current_policy_stance,2010-08-02,-5,0.039954669773578644
2010-08-10,current_policy_stance,2010-08-03,-4,0.028944935649633408
2010-08-10,current_policy_stance,2010-08-04,-3,0.039567042142152786
2010-08-10,current_policy_stance,2010-08-05,-2,0.03577449545264244
2010-08-10,current_policy_stance,2010-08-06,-1,0.03727345168590546
2010-08-10,current_policy_stance,2010-08-09,0,0.03633175045251846
2010-08-10,policy_stance_shift,2010-06-24,-31,0.03032737597823143
2010-08-10,policy_stance_shift,2010-06-25,-30,0.032364487648010254
2010-08-10,policy_stance_shift,2010-06-28,-29,0.03279506415128708
2010-08-10,policy_stance_shift,2010-06-29,-28,0.03162093088030815
2010-08-10,policy_stance_shift,2010-06-30,-27,0.030644310638308525
2010-08-10,policy_stance_shift,2010-07-01,-26,0.029006555676460266
2010-08-10,policy_stance_shift,2010-07-02,-25,0.029997028410434723
2010-08-10,policy_stance_shift,2010-07-06,-24,0.024304348975419998
2010-08-10,policy_stance_shift,2010-07-07,-23,0.02711486630141735
2010-08-10,policy_stance_shift,2010-07-08,-22,0.029399415478110313
2010-08-10,policy_stance_shift,2010-07-09,-21,0.0276162289083004
2010-08-10,policy_stance_shift,2010-07-12,-20,0.030382566154003143
2010-08-10,policy_stance_shift,2010-07-13,-19,0.033302657306194305
2010-08-10,policy_stance_shift,2010-07-14,-18,0.030965715646743774
2010-08-10,policy_stance_shift,2010-07-15,-17,0.03353051841259003
2010-08-10,policy_stance_shift,2010-07-16,-16,0.03207078203558922
2010-08-10,policy_stance_shift,2010-07-19,-15,0.03455021604895592
2010-08-10,policy_stance_shift,2010-07-20,-14,0.03067455068230629
2010-08-10,policy_stance_shift,2010-07-21,-13,0.02717728540301323
2010-08-10,policy_stance_shift,2010-07-22,-12,0.029525190591812134
2010-08-10,policy_stance_shift,2010-07-23,-11,0.02855491265654564
2010-08-10,policy_stance_shift,2010-07-26,-10,0.02635604329407215
2010-08-10,policy_stance_shift,2010-07-27,-9,0.027680378407239914
2010-08-10,policy_stance_shift,2010-07-28,-8,0.029743095859885216
2010-08-10,policy_stance_shift,2010-07-29,-7,0.03133619204163551
2010-08-10,policy_stance_shift,2010-07-30,-6,0.030973369255661964
2010-08-10,policy_stance_shift,2010-08-02,-5,0.03973761573433876
2010-08-10,policy_stance_shift,2010-08-03,-4,0.02933656796813011
2010-08-10,policy_stance_shift,2010-08-04,-3,0.038680437952280045
2010-08-10,policy_stance_shift,2010-08-05,-2,0.03633385896682739
2010-08-10,policy_stance_shift,2010-08-06,-1,0.0373975932598114
2010-08-10,policy_stance_shift,2010-08-09,0,0.03649983927607536
2010-08-10,expected_rate_path_shift,2010-06-24,-31,0.031538330018520355
2010-08-10,expected_rate_path_shift,2010-06-25,-30,0.03385353088378906
2010-08-10,expected_rate_path_shift,2010-06-28,-29,0.0342339389026165
2010-08-10,expected_rate_path_shift,2010-06-29,-28,0.033422812819480896
2010-08-10,expected_rate_path_shift,2010-06-30,-27,0.03256802260875702
2010-08-10,expected_rate_path_shift,2010-07-01,-26,0.030003907158970833
2010-08-10,expected_rate_path_shift,2010-07-02,-25,0.03058439865708351
2010-08-10,expected_rate_path_shift,2010-07-06,-24,0.023103654384613037
2010-08-10,expected_rate_path_shift,2010-07-07,-23,0.02598593384027481
2010-08-10,expected_rate_path_shift,2010-07-08,-22,0.02852638065814972
2010-08-10,expected_rate_path_shift,2010-07-09,-21,0.026910169050097466
2010-08-10,expected_rate_path_shift,2010-07-12,-20,0.029994409531354904
2010-08-10,expected_rate_path_shift,2010-07-13,-19,0.03338798135519028
2010-08-10,expected_rate_path_shift,2010-07-14,-18,0.031103666871786118
2010-08-10,expected_rate_path_shift,2010-07-15,-17,0.03304377943277359
2010-08-10,expected_rate_path_shift,2010-07-16,-16,0.031244128942489624
2010-08-10,expected_rate_path_shift,2010-07-19,-15,0.0343797504901886
2010-08-10,expected_rate_path_shift,2010-07-20,-14,0.031167734414339066
2010-08-10,expected_rate_path_shift,2010-07-21,-13,0.0260652806609869
2010-08-10,expected_rate_path_shift,2010-07-22,-12,0.028603456914424896
2010-08-10,expected_rate_path_shift,2010-07-23,-11,0.027916669845581055
2010-08-10,expected_rate_path_shift,2010-07-26,-10,0.025440363213419914
2010-08-10,expected_rate_path_shift,2010-07-27,-9,0.02691797912120819
2010-08-10,expected_rate_path_shift,2010-07-28,-8,0.029360037297010422
2010-08-10,expected_rate_path_shift,2010-07-29,-7,0.030947372317314148
2010-08-10,expected_rate_path_shift,2010-07-30,-6,0.029491042718291283
2010-08-10,expected_rate_path_shift,2010-08-02,-5,0.03941944241523743
2010-08-10,expected_rate_path_shift,2010-08-03,-4,0.027780598029494286
2010-08-10,expected_rate_path_shift,2010-08-04,-3,0.03992217406630516
2010-08-10,expected_rate_path_shift,2010-08-05,-2,0.037655413150787354
2010-08-10,expected_rate_path_shift,2010-08-06,-1,0.038175035268068314
2010-08-10,expected_rate_path_shift,2010-08-09,0,0.03725259378552437
2010-08-10,inflation_assessment_shift,2010-06-24,-31,0.03307748958468437
2010-08-10,inflation_assessment_shift,2010-06-25,-30,0.03400135785341263
2010-08-10,inflation_assessment_shift,2010-06-28,-29,0.034452080726623535
2010-08-10,inflation_assessment_shift,2010-06-29,-28,0.03320286050438881
2010-08-10,inflation_assessment_shift,2010-06-30,-27,0.03218073397874832
2010-08-10,inflation_assessment_shift,2010-07-01,-26,0.028885670006275177
2010-08-10,inflation_assessment_shift,2010-07-02,-25,0.02942763827741146
2010-08-10,inflation_assessment_shift,2010-07-06,-24,0.02508413791656494
2010-08-10,inflation_assessment_shift,2010-07-07,-23,0.02694723941385746
2010-08-10,inflation_assessment_shift,2010-07-08,-22,0.0296650268137455
2010-08-10,inflation_assessment_shift,2010-07-09,-21,0.029406854882836342
2010-08-10,inflation_assessment_shift,2010-07-12,-20,0.0331839956343174
2010-08-10,inflation_assessment_shift,2010-07-13,-19,0.03548135608434677
2010-08-10,inflation_assessment_shift,2010-07-14,-18,0.035726308822631836
2010-08-10,inflation_assessment_shift,2010-07-15,-17,0.03190896287560463
2010-08-10,inflation_assessment_shift,2010-07-16,-16,0.02974197268486023
2010-08-10,inflation_assessment_shift,2010-07-19,-15,0.02988457679748535
2010-08-10,inflation_assessment_shift,2010-07-20,-14,0.029927071183919907
2010-08-10,inflation_assessment_shift,2010-07-21,-13,0.025830674916505814
2010-08-10,inflation_assessment_shift,2010-07-22,-12,0.028937330469489098
2010-08-10,inflation_assessment_shift,2010-07-23,-11,0.028499335050582886
2010-08-10,inflation_assessment_shift,2010-07-26,-10,0.027323147282004356
2010-08-10,inflation_assessment_shift,2010-07-27,-9,0.029134927317500114
2010-08-10,inflation_assessment_shift,2010-07-28,-8,0.03268168121576309
2010-08-10,inflation_assessment_shift,2010-07-29,-7,0.03260909020900726
2010-08-10,inflation_assessment_shift,2010-07-30,-6,0.029674408957362175
2010-08-10,inflation_assessment_shift,2010-08-02,-5,0.03458287566900253
2010-08-10,inflation_assessment_shift,2010-08-03,-4,0.028808018192648888
2010-08-10,inflation_assessment_shift,2010-08-04,-3,0.033805228769779205
2010-08-10,inflation_assessment_shift,2010-08-05,-2,0.03653152659535408
2010-08-10,inflation_assessment_shift,2010-08-06,-1,0.03433951735496521
2010-08-10,inflation_assessment_shift,2010-08-09,0,0.035056889057159424
2010-08-10,inflation_risk_shift,2010-06-24,-31,0.0308405589312315
2010-08-10,inflation_risk_shift,2010-06-25,-30,0.03315876051783562
2010-08-10,inflation_risk_shift,2010-06-28,-29,0.0335899218916893
2010-08-10,inflation_risk_shift,2010-06-29,-28,0.03272005543112755
2010-08-10,inflation_risk_shift,2010-06-30,-27,0.0320717953145504
2010-08-10,inflation_risk_shift,2010-07-01,-26,0.02977564185857773
2010-08-10,inflation_risk_shift,2010-07-02,-25,0.0305081345140934
2010-08-10,inflation_risk_shift,2010-07-06,-24,0.023973891511559486
2010-08-10,inflation_risk_shift,2010-07-07,-23,0.02647598646581173
2010-08-10,inflation_risk_shift,2010-07-08,-22,0.02863018959760666
2010-08-10,inflation_risk_shift,2010-07-09,-21,0.026860689744353294
2010-08-10,inflation_risk_shift,2010-07-12,-20,0.02919788658618927
2010-08-10,inflation_risk_shift,2010-07-13,-19,0.0325038805603981
2010-08-10,inflation_risk_shift,2010-07-14,-18,0.03051813691854477
2010-08-10,inflation_risk_shift,2010-07-15,-17,0.03337861970067024
2010-08-10,inflation_risk_shift,2010-07-16,-16,0.031838320195674896
2010-08-10,inflation_risk_shift,2010-07-19,-15,0.03462313115596771
2010-08-10,inflation_risk_shift,2010-07-20,-14,0.031247690320014954
2010-08-10,inflation_risk_shift,2010-07-21,-13,0.026918543502688408
2010-08-10,inflation_risk_shift,2010-07-22,-12,0.02911885641515255
2010-08-10,inflation_risk_shift,2010-07-23,-11,0.02820485457777977
2010-08-10,inflation_risk_shift,2010-07-26,-10,0.025953931733965874
2010-08-10,inflation_risk_shift,2010-07-27,-9,0.026931747794151306
2010-08-10,inflation_risk_shift,2010-07-28,-8,0.02897379733622074
2010-08-10,inflation_risk_shift,2010-07-29,-7,0.031195569783449173
2010-08-10,inflation_risk_shift,2010-07-30,-6,0.030322052538394928
2010-08-10,inflation_risk_shift,2010-08-02,-5,0.039660196751356125
2010-08-10,inflation_risk_shift,2010-08-03,-4,0.029176553711295128
2010-08-10,inflation_risk_shift,2010-08-04,-3,0.03898565471172333
2010-08-10,inflation_risk_shift,2010-08-05,-2,0.037884145975112915
2010-08-10,inflation_risk_shift,2010-08-06,-1,0.03702133148908615
2010-08-10,inflation_risk_shift,2010-08-09,0,0.03773946687579155
2010-08-10,unemployment_assessment_shift,2010-06-24,-31,0.031847983598709106
2010-08-10,unemployment_assessment_shift,2010-06-25,-30,0.03455318510532379
2010-08-10,unemployment_assessment_shift,2010-06-28,-29,0.03551372140645981
2010-08-10,unemployment_assessment_shift,2010-06-29,-28,0.033979982137680054
2010-08-10,unemployment_assessment_shift,2010-06-30,-27,0.03238837048411369
2010-08-10,unemployment_assessment_shift,2010-07-01,-26,0.02988138049840927
2010-08-10,unemployment_assessment_shift,2010-07-02,-25,0.030190806835889816
2010-08-10,unemployment_assessment_shift,2010-07-06,-24,0.024099498987197876
2010-08-10,unemployment_assessment_shift,2010-07-07,-23,0.026772333309054375
2010-08-10,unemployment_assessment_shift,2010-07-08,-22,0.028874250128865242
2010-08-10,unemployment_assessment_shift,2010-07-09,-21,0.02681593969464302
2010-08-10,unemployment_assessment_shift,2010-07-12,-20,0.029378723353147507
2010-08-10,unemployment_assessment_shift,2010-07-13,-19,0.032807692885398865
2010-08-10,unemployment_assessment_shift,2010-07-14,-18,0.031277164816856384
2010-08-10,unemployment_assessment_shift,2010-07-15,-17,0.033107999712228775
2010-08-10,unemployment_assessment_shift,2010-07-16,-16,0.031101224943995476
2010-08-10,unemployment_assessment_shift,2010-07-19,-15,0.03447457402944565
2010-08-10,unemployment_assessment_shift,2010-07-20,-14,0.03102661669254303
2010-08-10,unemployment_assessment_shift,2010-07-21,-13,0.026557791978120804
2010-08-10,unemployment_assessment_shift,2010-07-22,-12,0.028810571879148483
2010-08-10,unemployment_assessment_shift,2010-07-23,-11,0.02826373279094696
2010-08-10,unemployment_assessment_shift,2010-07-26,-10,0.02574317157268524
2010-08-10,unemployment_assessment_shift,2010-07-27,-9,0.02665538154542446
2010-08-10,unemployment_assessment_shift,2010-07-28,-8,0.029256554320454597
2010-08-10,unemployment_assessment_shift,2010-07-29,-7,0.030640771612524986
2010-08-10,unemployment_assessment_shift,2010-07-30,-6,0.029875516891479492
2010-08-10,unemployment_assessment_shift,2010-08-02,-5,0.03868773207068443
2010-08-10,unemployment_assessment_shift,2010-08-03,-4,0.027969276532530785
2010-08-10,unemployment_assessment_shift,2010-08-04,-3,0.038067009299993515
2010-08-10,unemployment_assessment_shift,2010-08-05,-2,0.038087397813797
2010-08-10,unemployment_assessment_shift,2010-08-06,-1,0.036891862750053406
2010-08-10,unemployment_assessment_shift,2010-08-09,0,0.036401793360710144
2010-08-10,labor_market_risk_shift,2010-06-24,-31,0.031620144844055176
2010-08-10,labor_market_risk_shift,2010-06-25,-30,0.034185752272605896
2010-08-10,labor_market_risk_shift,2010-06-28,-29,0.034940414130687714
2010-08-10,labor_market_risk_shift,2010-06-29,-28,0.033521514385938644
2010-08-10,labor_market_risk_shift,2010-06-30,-27,0.032263822853565216
2010-08-10,labor_market_risk_shift,2010-07-01,-26,0.02994449995458126
2010-08-10,labor_market_risk_shift,2010-07-02,-25,0.030475638806819916
2010-08-10,labor_market_risk_shift,2010-07-06,-24,0.023873943835496902
2010-08-10,labor_market_risk_shift,2010-07-07,-23,0.026410017162561417
2010-08-10,labor_market_risk_shift,2010-07-08,-22,0.02871711552143097
2010-08-10,labor_market_risk_shift,2010-07-09,-21,0.026467252522706985
2010-08-10,labor_market_risk_shift,2010-07-12,-20,0.02875402197241783
2010-08-10,labor_market_risk_shift,2010-07-13,-19,0.03241322562098503
2010-08-10,labor_market_risk_shift,2010-07-14,-18,0.03054223209619522
2010-08-10,labor_market_risk_shift,2010-07-15,-17,0.03349555656313896
2010-08-10,labor_market_risk_shift,2010-07-16,-16,0.031919363886117935
2010-08-10,labor_market_risk_shift,2010-07-19,-15,0.03497117757797241
2010-08-10,labor_market_risk_shift,2010-07-20,-14,0.030963342636823654
2010-08-10,labor_market_risk_shift,2010-07-21,-13,0.026709141209721565
2010-08-10,labor_market_risk_shift,2010-07-22,-12,0.02885494753718376
2010-08-10,labor_market_risk_shift,2010-07-23,-11,0.027624359354376793
2010-08-10,labor_market_risk_shift,2010-07-26,-10,0.025186385959386826
2010-08-10,labor_market_risk_shift,2010-07-27,-9,0.02634477987885475
2010-08-10,labor_market_risk_shift,2010-07-28,-8,0.029104460030794144
2010-08-10,labor_market_risk_shift,2010-07-29,-7,0.030840810388326645
2010-08-10,labor_market_risk_shift,2010-07-30,-6,0.030622027814388275
2010-08-10,labor_market_risk_shift,2010-08-02,-5,0.039766088128089905
2010-08-10,labor_market_risk_shift,2010-08-03,-4,0.028364025056362152
2010-08-10,labor_market_risk_shift,2010-08-04,-3,0.03955436125397682
2010-08-10,labor_market_risk_shift,2010-08-05,-2,0.037718307226896286
2010-08-10,labor_market_risk_shift,2010-08-06,-1,0.03731448948383331
2010-08-10,labor_market_risk_shift,2010-08-09,0,0.03651680797338486
2010-08-10,growth_activity_shift,2010-06-24,-31,0.03085029497742653
2010-08-10,growth_activity_shift,2010-06-25,-30,0.033109307289123535
2010-08-10,growth_activity_shift,2010-06-28,-29,0.033628910779953
2010-08-10,growth_activity_shift,2010-06-29,-28,0.03276308253407478
2010-08-10,growth_activity_shift,2010-06-30,-27,0.03180142492055893
2010-08-10,growth_activity_shift,2010-07-01,-26,0.029846377670764923
2010-08-10,growth_activity_shift,2010-07-02,-25,0.030398447066545486
2010-08-10,growth_activity_shift,2010-07-06,-24,0.024587981402873993
2010-08-10,growth_activity_shift,2010-07-07,-23,0.026922984048724174
2010-08-10,growth_activity_shift,2010-07-08,-22,0.02922036498785019
2010-08-10,growth_activity_shift,2010-07-09,-21,0.027215201407670975
2010-08-10,growth_activity_shift,2010-07-12,-20,0.02933814376592636
2010-08-10,growth_activity_shift,2010-07-13,-19,0.03220092132687569
2010-08-10,growth_activity_shift,2010-07-14,-18,0.03046879917383194
2010-08-10,growth_activity_shift,2010-07-15,-17,0.03314712271094322
2010-08-10,growth_activity_shift,2010-07-16,-16,0.03159645199775696
2010-08-10,growth_activity_shift,2010-07-19,-15,0.034306272864341736
2010-08-10,growth_activity_shift,2010-07-20,-14,0.03060695342719555
2010-08-10,growth_activity_shift,2010-07-21,-13,0.02742386795580387
2010-08-10,growth_activity_shift,2010-07-22,-12,0.029253162443637848
2010-08-10,growth_activity_shift,2010-07-23,-11,0.02850983664393425
2010-08-10,growth_activity_shift,2010-07-26,-10,0.02620696648955345
2010-08-10,growth_activity_shift,2010-07-27,-9,0.026879630982875824
2010-08-10,growth_activity_shift,2010-07-28,-8,0.029315566644072533
2010-08-10,growth_activity_shift,2010-07-29,-7,0.030867453664541245
2010-08-10,growth_activity_shift,2010-07-30,-6,0.03087559901177883
2010-08-10,growth_activity_shift,2010-08-02,-5,0.03913474082946777
2010-08-10,growth_activity_shift,2010-08-03,-4,0.029479730874300003
2010-08-10,growth_activity_shift,2010-08-04,-3,0.03845386579632759
2010-08-10,growth_activity_shift,2010-08-05,-2,0.03736007958650589
2010-08-10,growth_activity_shift,2010-08-06,-1,0.03719883784651756
2010-08-10,growth_activity_shift,2010-08-09,0,0.03703160583972931
2010-08-10,financial_conditions_shift,2010-06-24,-31,0.03079574555158615
2010-08-10,financial_conditions_shift,2010-06-25,-30,0.03282378613948822
2010-08-10,financial_conditions_shift,2010-06-28,-29,0.03332436457276344
2010-08-10,financial_conditions_shift,2010-06-29,-28,0.032179124653339386
2010-08-10,financial_conditions_shift,2010-06-30,-27,0.03132905811071396
2010-08-10,financial_conditions_shift,2010-07-01,-26,0.029596976935863495
2010-08-10,financial_conditions_shift,2010-07-02,-25,0.03040369227528572
2010-08-10,financial_conditions_shift,2010-07-06,-24,0.02481546439230442
2010-08-10,financial_conditions_shift,2010-07-07,-23,0.027193516492843628
2010-08-10,financial_conditions_shift,2010-07-08,-22,0.029279273003339767
2010-08-10,financial_conditions_shift,2010-07-09,-21,0.027097132056951523
2010-08-10,financial_conditions_shift,2010-07-12,-20,0.029222488403320312
2010-08-10,financial_conditions_shift,2010-07-13,-19,0.03248319774866104
2010-08-10,financial_conditions_shift,2010-07-14,-18,0.030395952984690666
2010-08-10,financial_conditions_shift,2010-07-15,-17,0.033716753125190735
2010-08-10,financial_conditions_shift,2010-07-16,-16,0.032295845448970795
2010-08-10,financial_conditions_shift,2010-07-19,-15,0.034903384745121
2010-08-10,financial_conditions_shift,2010-07-20,-14,0.030806278809905052
2010-08-10,financial_conditions_shift,2010-07-21,-13,0.027493592351675034
2010-08-10,financial_conditions_shift,2010-07-22,-12,0.029303058981895447
2010-08-10,financial_conditions_shift,2010-07-23,-11,0.028647076338529587
2010-08-10,financial_conditions_shift,2010-07-26,-10,0.026423964649438858
2010-08-10,financial_conditions_shift,2010-07-27,-9,0.027346434071660042
2010-08-10,financial_conditions_shift,2010-07-28,-8,0.02932325378060341
2010-08-10,financial_conditions_shift,2010-07-29,-7,0.030756143853068352
2010-08-10,financial_conditions_shift,2010-07-30,-6,0.0309273824095726
2010-08-10,financial_conditions_shift,2010-08-02,-5,0.03903474658727646
2010-08-10,financial_conditions_shift,2010-08-03,-4,0.028869999572634697
2010-08-10,financial_conditions_shift,2010-08-04,-3,0.03840135037899017
2010-08-10,financial_conditions_shift,2010-08-05,-2,0.03755442798137665
2010-08-10,financial_conditions_shift,2010-08-06,-1,0.036908674985170364
2010-08-10,financial_conditions_shift,2010-08-09,0,0.0363478921353817
2010-08-10,balance_sheet_policy_shift,2010-06-24,-31,0.02975243330001831
2010-08-10,balance_sheet_policy_shift,2010-06-25,-30,0.03183147683739662
2010-08-10,balance_sheet_policy_shift,2010-06-28,-29,0.03207965940237045
2010-08-10,balance_sheet_policy_shift,2010-06-29,-28,0.03132851794362068
2010-08-10,balance_sheet_policy_shift,2010-06-30,-27,0.030930045992136
2010-08-10,balance_sheet_policy_shift,2010-07-01,-26,0.03075498342514038
2010-08-10,balance_sheet_policy_shift,2010-07-02,-25,0.03151639178395271
2010-08-10,balance_sheet_policy_shift,2010-07-06,-24,0.027153078466653824
2010-08-10,balance_sheet_policy_shift,2010-07-07,-23,0.028905432671308517
2010-08-10,balance_sheet_policy_shift,2010-07-08,-22,0.029879137873649597
2010-08-10,balance_sheet_policy_shift,2010-07-09,-21,0.0273303110152483
2010-08-10,balance_sheet_policy_shift,2010-07-12,-20,0.027688954025506973
2010-08-10,balance_sheet_policy_shift,2010-07-13,-19,0.0299239419400692
2010-08-10,balance_sheet_policy_shift,2010-07-14,-18,0.027892466634511948
2010-08-10,balance_sheet_policy_shift,2010-07-15,-17,0.033332452178001404
2010-08-10,balance_sheet_policy_shift,2010-07-16,-16,0.03280973806977272
2010-08-10,balance_sheet_policy_shift,2010-07-19,-15,0.03618773818016052
2010-08-10,balance_sheet_policy_shift,2010-07-20,-14,0.031376659870147705
2010-08-10,balance_sheet_policy_shift,2010-07-21,-13,0.03016607277095318
2010-08-10,balance_sheet_policy_shift,2010-07-22,-12,0.03033244051039219
2010-08-10,balance_sheet_policy_shift,2010-07-23,-11,0.029343174770474434
2010-08-10,balance_sheet_policy_shift,2010-07-26,-10,0.02787606790661812
2010-08-10,balance_sheet_policy_shift,2010-07-27,-9,0.02740463614463806
2010-08-10,balance_sheet_policy_shift,2010-07-28,-8,0.02802882343530655
2010-08-10,balance_sheet_policy_shift,2010-07-29,-7,0.029957063496112823
2010-08-10,balance_sheet_policy_shift,2010-07-30,-6,0.031281642615795135
2010-08-10,balance_sheet_policy_shift,2010-08-02,-5,0.038792092353105545
2010-08-10,balance_sheet_policy_shift,2010-08-03,-4,0.02921164408326149
2010-08-10,balance_sheet_policy_shift,2010-08-04,-3,0.03867441415786743
2010-08-10,balance_sheet_policy_shift,2010-08-05,-2,0.034670233726501465
2010-08-10,balance_sheet_policy_shift,2010-08-06,-1,0.03833938017487526
2010-08-10,balance_sheet_policy_shift,2010-08-09,0,0.03524894267320633
2010-08-10,risk_balance_shift,2010-06-24,-31,0.031131666153669357
2010-08-10,risk_balance_shift,2010-06-25,-30,0.03303556144237518
2010-08-10,risk_balance_shift,2010-06-28,-29,0.03419560194015503
2010-08-10,risk_balance_shift,2010-06-29,-28,0.03306922689080238
2010-08-10,risk_balance_shift,2010-06-30,-27,0.031635310500860214
2010-08-10,risk_balance_shift,2010-07-01,-26,0.030012942850589752
2010-08-10,risk_balance_shift,2010-07-02,-25,0.0301002599298954
2010-08-10,risk_balance_shift,2010-07-06,-24,0.024691665545105934
2010-08-10,risk_balance_shift,2010-07-07,-23,0.026970449835062027
2010-08-10,risk_balance_shift,2010-07-08,-22,0.029371172189712524
2010-08-10,risk_balance_shift,2010-07-09,-21,0.027259040623903275
2010-08-10,risk_balance_shift,2010-07-12,-20,0.030306149274110794
2010-08-10,risk_balance_shift,2010-07-13,-19,0.033449992537498474
2010-08-10,risk_balance_shift,2010-07-14,-18,0.031074373051524162
2010-08-10,risk_balance_shift,2010-07-15,-17,0.032696209847927094
2010-08-10,risk_balance_shift,2010-07-16,-16,0.031184908002614975
2010-08-10,risk_balance_shift,2010-07-19,-15,0.03347223997116089
2010-08-10,risk_balance_shift,2010-07-20,-14,0.03001456707715988
2010-08-10,risk_balance_shift,2010-07-21,-13,0.02692614495754242
2010-08-10,risk_balance_shift,2010-07-22,-12,0.02959040179848671
2010-08-10,risk_balance_shift,2010-07-23,-11,0.028584031388163567
2010-08-10,risk_balance_shift,2010-07-26,-10,0.02604810707271099
2010-08-10,risk_balance_shift,2010-07-27,-9,0.02735060267150402
2010-08-10,risk_balance_shift,2010-07-28,-8,0.029679303988814354
2010-08-10,risk_balance_shift,2010-07-29,-7,0.030131274834275246
2010-08-10,risk_balance_shift,2010-07-30,-6,0.029942290857434273
2010-08-10,risk_balance_shift,2010-08-02,-5,0.03802921622991562
2010-08-10,risk_balance_shift,2010-08-03,-4,0.028891127556562424
2010-08-10,risk_balance_shift,2010-08-04,-3,0.037807051092386246
2010-08-10,risk_balance_shift,2010-08-05,-2,0.03771510720252991
2010-08-10,risk_balance_shift,2010-08-06,-1,0.037969522178173065
2010-08-10,risk_balance_shift,2010-08-09,0,0.03766453266143799
2010-08-10,committee_dispersion,2010-06-24,-31,0.031915243715047836
2010-08-10,committee_dispersion,2010-06-25,-30,0.033403392881155014
2010-08-10,committee_dispersion,2010-06-28,-29,0.033836349844932556
2010-08-10,committee_dispersion,2010-06-29,-28,0.032360948622226715
2010-08-10,committee_dispersion,2010-06-30,-27,0.03174832463264465
2010-08-10,committee_dispersion,2010-07-01,-26,0.028087366372346878
2010-08-10,committee_dispersion,2010-07-02,-25,0.02996768057346344
2010-08-10,committee_dispersion,2010-07-06,-24,0.023756161332130432
2010-08-10,committee_dispersion,2010-07-07,-23,0.02626245655119419
2010-08-10,committee_dispersion,2010-07-08,-22,0.028720173984766006
2010-08-10,committee_dispersion,2010-07-09,-21,0.028063897043466568
2010-08-10,committee_dispersion,2010-07-12,-20,0.031238408759236336
2010-08-10,committee_dispersion,2010-07-13,-19,0.03464560583233833
2010-08-10,committee_dispersion,2010-07-14,-18,0.03360459953546524
2010-08-10,committee_dispersion,2010-07-15,-17,0.03297382965683937
2010-08-10,committee_dispersion,2010-07-16,-16,0.03107103332877159
2010-08-10,committee_dispersion,2010-07-19,-15,0.03247226029634476
2010-08-10,committee_dispersion,2010-07-20,-14,0.030851449817419052
2010-08-10,committee_dispersion,2010-07-21,-13,0.02572452835738659
2010-08-10,committee_dispersion,2010-07-22,-12,0.02872033417224884
2010-08-10,committee_dispersion,2010-07-23,-11,0.02833714708685875
2010-08-10,committee_dispersion,2010-07-26,-10,0.02590183913707733
2010-08-10,committee_dispersion,2010-07-27,-9,0.028233885765075684
2010-08-10,committee_dispersion,2010-07-28,-8,0.03097904659807682
2010-08-10,committee_dispersion,2010-07-29,-7,0.03246035426855087
2010-08-10,committee_dispersion,2010-07-30,-6,0.03036661073565483
2010-08-10,committee_dispersion,2010-08-02,-5,0.03827287256717682
2010-08-10,committee_dispersion,2010-08-03,-4,0.02878233976662159
2010-08-10,committee_dispersion,2010-08-04,-3,0.03714814409613609
2010-08-10,committee_dispersion,2010-08-05,-2,0.037723276764154434
2010-08-10,committee_dispersion,2010-08-06,-1,0.03533591330051422
2010-08-10,committee_dispersion,2010-08-09,0,0.0370345339179039
2010-08-10,policy_uncertainty,2010-06-24,-31,0.03147673234343529
2010-08-10,policy_uncertainty,2010-06-25,-30,0.03345971181988716
2010-08-10,policy_uncertainty,2010-06-28,-29,0.033858273178339005
2010-08-10,policy_uncertainty,2010-06-29,-28,0.032564133405685425
2010-08-10,policy_uncertainty,2010-06-30,-27,0.031756509095430374
2010-08-10,policy_uncertainty,2010-07-01,-26,0.029648059979081154
2010-08-10,policy_uncertainty,2010-07-02,-25,0.030593615025281906
2010-08-10,policy_uncertainty,2010-07-06,-24,0.02429244853556156
2010-08-10,policy_uncertainty,2010-07-07,-23,0.02682306431233883
2010-08-10,policy_uncertainty,2010-07-08,-22,0.02874883823096752
2010-08-10,policy_uncertainty,2010-07-09,-21,0.026962770149111748
2010-08-10,policy_uncertainty,2010-07-12,-20,0.02893509343266487
2010-08-10,policy_uncertainty,2010-07-13,-19,0.03222530707716942
2010-08-10,policy_uncertainty,2010-07-14,-18,0.030145974829792976
2010-08-10,policy_uncertainty,2010-07-15,-17,0.03344234079122543
2010-08-10,policy_uncertainty,2010-07-16,-16,0.03196779265999794
2010-08-10,policy_uncertainty,2010-07-19,-15,0.03462563082575798
2010-08-10,policy_uncertainty,2010-07-20,-14,0.03126935660839081
2010-08-10,policy_uncertainty,2010-07-21,-13,0.027119897305965424
2010-08-10,policy_uncertainty,2010-07-22,-12,0.029315385967493057
2010-08-10,policy_uncertainty,2010-07-23,-11,0.028359757736325264
2010-08-10,policy_uncertainty,2010-07-26,-10,0.02583026885986328
2010-08-10,policy_uncertainty,2010-07-27,-9,0.027173206210136414
2010-08-10,policy_uncertainty,2010-07-28,-8,0.02898910641670227
2010-08-10,policy_uncertainty,2010-07-29,-7,0.031212957575917244
2010-08-10,policy_uncertainty,2010-07-30,-6,0.030423616990447044
2010-08-10,policy_uncertainty,2010-08-02,-5,0.03955124318599701
2010-08-10,policy_uncertainty,2010-08-03,-4,0.02897481620311737
2010-08-10,policy_uncertainty,2010-08-04,-3,0.0395345576107502
2010-08-10,policy_uncertainty,2010-08-05,-2,0.03752487152814865
2010-08-10,policy_uncertainty,2010-08-06,-1,0.0362340584397316
2010-08-10,policy_uncertainty,2010-08-09,0,0.03696061670780182
2010-08-10,forward_guidance_strength,2010-06-24,-31,0.032611824572086334
2010-08-10,forward_guidance_strength,2010-06-25,-30,0.031155653297901154
2010-08-10,forward_guidance_strength,2010-06-28,-29,0.03078538179397583
2010-08-10,forward_guidance_strength,2010-06-29,-28,0.03092092275619507
2010-08-10,forward_guidance_strength,2010-06-30,-27,0.03037862479686737
2010-08-10,forward_guidance_strength,2010-07-01,-26,0.028984956443309784
2010-08-10,forward_guidance_strength,2010-07-02,-25,0.02903207205235958
2010-08-10,forward_guidance_strength,2010-07-06,-24,0.02996416948735714
2010-08-10,forward_guidance_strength,2010-07-07,-23,0.03016979619860649
2010-08-10,forward_guidance_strength,2010-07-08,-22,0.0324430912733078
2010-08-10,forward_guidance_strength,2010-07-09,-21,0.03409137204289436
2010-08-10,forward_guidance_strength,2010-07-12,-20,0.03622524440288544
2010-08-10,forward_guidance_strength,2010-07-13,-19,0.03493333235383034
2010-08-10,forward_guidance_strength,2010-07-14,-18,0.03735914081335068
2010-08-10,forward_guidance_strength,2010-07-15,-17,0.029954727739095688
2010-08-10,forward_guidance_strength,2010-07-16,-16,0.02871684357523918
2010-08-10,forward_guidance_strength,2010-07-19,-15,0.02729007601737976
2010-08-10,forward_guidance_strength,2010-07-20,-14,0.029976001009345055
2010-08-10,forward_guidance_strength,2010-07-21,-13,0.028087813407182693
2010-08-10,forward_guidance_strength,2010-07-22,-12,0.02973375841975212
2010-08-10,forward_guidance_strength,2010-07-23,-11,0.031273253262043
2010-08-10,forward_guidance_strength,2010-07-26,-10,0.03237609565258026
2010-08-10,forward_guidance_strength,2010-07-27,-9,0.0331600159406662
2010-08-10,forward_guidance_strength,2010-07-28,-8,0.03555033355951309
2010-08-10,forward_guidance_strength,2010-07-29,-7,0.033435821533203125
2010-08-10,forward_guidance_strength,2010-07-30,-6,0.03045026585459709
2010-08-10,forward_guidance_strength,2010-08-02,-5,0.028911378234624863
2010-08-10,forward_guidance_strength,2010-08-03,-4,0.03190908581018448
2010-08-10,forward_guidance_strength,2010-08-04,-3,0.027580393478274345
2010-08-10,forward_guidance_strength,2010-08-05,-2,0.03135352581739426
2010-08-10,forward_guidance_strength,2010-08-06,-1,0.030424870550632477
2010-08-10,forward_guidance_strength,2010-08-09,0,0.030760150402784348
2010-09-21,rate_decision,2010-08-11,-27,0.034588344395160675
2010-09-21,rate_decision,2010-08-12,-26,0.037378132343292236
2010-09-21,rate_decision,2010-08-13,-25,0.03615356981754303
2010-09-21,rate_decision,2010-08-16,-24,0.0344230942428112
2010-09-21,rate_decision,2010-08-17,-23,0.034971438348293304
2010-09-21,rate_decision,2010-08-18,-22,0.03526626527309418
2010-09-21,rate_decision,2010-08-19,-21,0.03197402507066727
2010-09-21,rate_decision,2010-08-20,-20,0.03418930619955063
2010-09-21,rate_decision,2010-08-23,-19,0.03922782838344574
2010-09-21,rate_decision,2010-08-24,-18,0.03932406008243561
2010-09-21,rate_decision,2010-08-25,-17,0.031254563480615616
2010-09-21,rate_decision,2010-08-26,-16,0.03466705605387688
2010-09-21,rate_decision,2010-08-27,-15,0.03586125001311302
2010-09-21,rate_decision,2010-08-30,-14,0.03813096135854721
2010-09-21,rate_decision,2010-08-31,-13,0.039124712347984314
2010-09-21,rate_decision,2010-09-01,-12,0.03190091252326965
2010-09-21,rate_decision,2010-09-02,-11,0.03963737189769745
2010-09-21,rate_decision,2010-09-03,-10,0.03914108872413635
2010-09-21,rate_decision,2010-09-07,-9,0.03585657477378845
2010-09-21,rate_decision,2010-09-08,-8,0.030492672696709633
2010-09-21,rate_decision,2010-09-09,-7,0.03403084725141525
2010-09-21,rate_decision,2010-09-10,-6,0.040352024137973785
2010-09-21,rate_decision,2010-09-13,-5,0.0363960787653923
2010-09-21,rate_decision,2010-09-14,-4,0.03394483029842377
2010-09-21,rate_decision,2010-09-15,-3,0.032892368733882904
2010-09-21,rate_decision,2010-09-16,-2,0.0392538420855999
2010-09-21,rate_decision,2010-09-17,-1,0.03935225307941437
2010-09-21,rate_decision,2010-09-20,0,0.030214525759220123
2010-09-21,current_policy_stance,2010-08-11,-27,0.035927966237068176
2010-09-21,current_policy_stance,2010-08-12,-26,0.039227765053510666
2010-09-21,current_policy_stance,2010-08-13,-25,0.034613437950611115
2010-09-21,current_policy_stance,2010-08-16,-24,0.03284134715795517
2010-09-21,current_policy_stance,2010-08-17,-23,0.03669344633817673
2010-09-21,current_policy_stance,2010-08-18,-22,0.03301253914833069
2010-09-21,current_policy_stance,2010-08-19,-21,0.0309235081076622
2010-09-21,current_policy_stance,2010-08-20,-20,0.03384868800640106
2010-09-21,current_policy_stance,2010-08-23,-19,0.03615235537290573
2010-09-21,current_policy_stance,2010-08-24,-18,0.03824225813150406
2010-09-21,current_policy_stance,2010-08-25,-17,0.03297179192304611
2010-09-21,current_policy_stance,2010-08-26,-16,0.030834030359983444
2010-09-21,current_policy_stance,2010-08-27,-15,0.041578881442546844
2010-09-21,current_policy_stance,2010-08-30,-14,0.03333784639835358
2010-09-21,current_policy_stance,2010-08-31,-13,0.03735515475273132
2010-09-21,current_policy_stance,2010-09-01,-12,0.03395687788724899
2010-09-21,current_policy_stance,2010-09-02,-11,0.03957488760352135
2010-09-21,current_policy_stance,2010-09-03,-10,0.0382191464304924
2010-09-21,current_policy_stance,2010-09-07,-9,0.03272755444049835
2010-09-21,current_policy_stance,2010-09-08,-8,0.03290017694234848
2010-09-21,current_policy_stance,2010-09-09,-7,0.03249749541282654
2010-09-21,current_policy_stance,2010-09-10,-6,0.034387942403554916
2010-09-21,current_policy_stance,2010-09-13,-5,0.02995210513472557
2010-09-21,current_policy_stance,2010-09-14,-4,0.03347726911306381
2010-09-21,current_policy_stance,2010-09-15,-3,0.03750383481383324
2010-09-21,current_policy_stance,2010-09-16,-2,0.045340295881032944
2010-09-21,current_policy_stance,2010-09-17,-1,0.043689727783203125
2010-09-21,current_policy_stance,2010-09-20,0,0.03821166604757309
2010-09-21,policy_stance_shift,2010-08-11,-27,0.036803580820560455
2010-09-21,policy_stance_shift,2010-08-12,-26,0.03910728916525841
2010-09-21,policy_stance_shift,2010-08-13,-25,0.035916220396757126
2010-09-21,policy_stance_shift,2010-08-16,-24,0.033405959606170654
2010-09-21,policy_stance_shift,2010-08-17,-23,0.03543342277407646
2010-09-21,policy_stance_shift,2010-08-18,-22,0.03311329707503319
2010-09-21,policy_stance_shift,2010-08-19,-21,0.03178011626005173
2010-09-21,policy_stance_shift,2010-08-20,-20,0.03402022272348404
2010-09-21,policy_stance_shift,2010-08-23,-19,0.03517109900712967
2010-09-21,policy_stance_shift,2010-08-24,-18,0.03579479828476906
2010-09-21,policy_stance_shift,2010-08-25,-17,0.033768150955438614
2010-09-21,policy_stance_shift,2010-08-26,-16,0.030864812433719635
2010-09-21,policy_stance_shift,2010-08-27,-15,0.03886354714632034
2010-09-21,policy_stance_shift,2010-08-30,-14,0.034420195966959
2010-09-21,policy_stance_shift,2010-08-31,-13,0.034848831593990326
2010-09-21,policy_stance_shift,2010-09-01,-12,0.03518630191683769
2010-09-21,policy_stance_shift,2010-09-02,-11,0.036934249103069305
2010-09-21,policy_stance_shift,2010-09-03,-10,0.03847743570804596
2010-09-21,policy_stance_shift,2010-09-07,-9,0.033576857298612595
2010-09-21,policy_stance_shift,2010-09-08,-8,0.03482808172702789
2010-09-21,policy_stance_shift,2010-09-09,-7,0.03512156009674072
2010-09-21,policy_stance_shift,2010-09-10,-6,0.0353073813021183
2010-09-21,policy_stance_shift,2010-09-13,-5,0.03240812569856644
2010-09-21,policy_stance_shift,2010-09-14,-4,0.033165376633405685
2010-09-21,policy_stance_shift,2010-09-15,-3,0.03624281659722328
2010-09-21,policy_stance_shift,2010-09-16,-2,0.04143013432621956
2010-09-21,policy_stance_shift,2010-09-17,-1,0.045039281249046326
2010-09-21,policy_stance_shift,2010-09-20,0,0.038970835506916046
2010-09-21,expected_rate_path_shift,2010-08-11,-27,0.03769528120756149
2010-09-21,expected_rate_path_shift,2010-08-12,-26,0.04042267054319382
2010-09-21,expected_rate_path_shift,2010-08-13,-25,0.03637127950787544
2010-09-21,expected_rate_path_shift,2010-08-16,-24,0.03389663249254227
2010-09-21,expected_rate_path_shift,2010-08-17,-23,0.03668828308582306
2010-09-21,expected_rate_path_shift,2010-08-18,-22,0.03364630788564682
2010-09-21,expected_rate_path_shift,2010-08-19,-21,0.031947534531354904
2010-09-21,expected_rate_path_shift,2010-08-20,-20,0.03461577743291855
2010-09-21,expected_rate_path_shift,2010-08-23,-19,0.03490414842963219
2010-09-21,expected_rate_path_shift,2010-08-24,-18,0.03566710650920868
2010-09-21,expected_rate_path_shift,2010-08-25,-17,0.03397008776664734
2010-09-21,expected_rate_path_shift,2010-08-26,-16,0.029648423194885254
2010-09-21,expected_rate_path_shift,2010-08-27,-15,0.0399884395301342
2010-09-21,expected_rate_path_shift,2010-08-30,-14,0.033441368490457535
2010-09-21,expected_rate_path_shift,2010-08-31,-13,0.03441876173019409
2010-09-21,expected_rate_path_shift,2010-09-01,-12,0.03508564829826355
2010-09-21,expected_rate_path_shift,2010-09-02,-11,0.03624255582690239
2010-09-21,expected_rate_path_shift,2010-09-03,-10,0.03814288228750229
2010-09-21,expected_rate_path_shift,2010-09-07,-9,0.03214995190501213
2010-09-21,expected_rate_path_shift,2010-09-08,-8,0.033218078315258026
2010-09-21,expected_rate_path_shift,2010-09-09,-7,0.033897172659635544
2010-09-21,expected_rate_path_shift,2010-09-10,-6,0.03438488021492958
2010-09-21,expected_rate_path_shift,2010-09-13,-5,0.031195076182484627
2010-09-21,expected_rate_path_shift,2010-09-14,-4,0.03224731981754303
2010-09-21,expected_rate_path_shift,2010-09-15,-3,0.03702475130558014
2010-09-21,expected_rate_path_shift,2010-09-16,-2,0.043269023299217224
2010-09-21,expected_rate_path_shift,2010-09-17,-1,0.04693445935845375
2010-09-21,expected_rate_path_shift,2010-09-20,0,0.038886118680238724
2010-09-21,inflation_assessment_shift,2010-08-11,-27,0.036756981164216995
2010-09-21,inflation_assessment_shift,2010-08-12,-26,0.03922322019934654
2010-09-21,inflation_assessment_shift,2010-08-13,-25,0.03610731661319733
2010-09-21,inflation_assessment_shift,2010-08-16,-24,0.0333605520427227
2010-09-21,inflation_assessment_shift,2010-08-17,-23,0.036125075072050095
2010-09-21,inflation_assessment_shift,2010-08-18,-22,0.03338731452822685
2010-09-21,inflation_assessment_shift,2010-08-19,-21,0.031486064195632935
2010-09-21,inflation_assessment_shift,2010-08-20,-20,0.03414352983236313
2010-09-21,inflation_assessment_shift,2010-08-23,-19,0.03577413037419319
2010-09-21,inflation_assessment_shift,2010-08-24,-18,0.036745619028806686
2010-09-21,inflation_assessment_shift,2010-08-25,-17,0.033145785331726074
2010-09-21,inflation_assessment_shift,2010-08-26,-16,0.030189737677574158
2010-09-21,inflation_assessment_shift,2010-08-27,-15,0.03946519270539284
2010-09-21,inflation_assessment_shift,2010-08-30,-14,0.034489959478378296
2010-09-21,inflation_assessment_shift,2010-08-31,-13,0.036144837737083435
2010-09-21,inflation_assessment_shift,2010-09-01,-12,0.034150853753089905
2010-09-21,inflation_assessment_shift,2010-09-02,-11,0.03813410550355911
2010-09-21,inflation_assessment_shift,2010-09-03,-10,0.038886018097400665
2010-09-21,inflation_assessment_shift,2010-09-07,-9,0.033247146755456924
2010-09-21,inflation_assessment_shift,2010-09-08,-8,0.03337705880403519
2010-09-21,inflation_assessment_shift,2010-09-09,-7,0.033602818846702576
2010-09-21,inflation_assessment_shift,2010-09-10,-6,0.034876056015491486
2010-09-21,inflation_assessment_shift,2010-09-13,-5,0.031201599165797234
2010-09-21,inflation_assessment_shift,2010-09-14,-4,0.03276871144771576
2010-09-21,inflation_assessment_shift,2010-09-15,-3,0.036220449954271317
2010-09-21,inflation_assessment_shift,2010-09-16,-2,0.04278980940580368
2010-09-21,inflation_assessment_shift,2010-09-17,-1,0.04474858567118645
2010-09-21,inflation_assessment_shift,2010-09-20,0,0.03945145010948181
2010-09-21,inflation_risk_shift,2010-08-11,-27,0.0377509668469429
2010-09-21,inflation_risk_shift,2010-08-12,-26,0.036712292581796646
2010-09-21,inflation_risk_shift,2010-08-13,-25,0.037885405123233795
2010-09-21,inflation_risk_shift,2010-08-16,-24,0.036090582609176636
2010-09-21,inflation_risk_shift,2010-08-17,-23,0.03426855802536011
2010-09-21,inflation_risk_shift,2010-08-18,-22,0.03550228849053383
2010-09-21,inflation_risk_shift,2010-08-19,-21,0.0361427441239357
2010-09-21,inflation_risk_shift,2010-08-20,-20,0.035452745854854584
2010-09-21,inflation_risk_shift,2010-08-23,-19,0.03371372073888779
2010-09-21,inflation_risk_shift,2010-08-24,-18,0.031876981258392334
2010-09-21,inflation_risk_shift,2010-08-25,-17,0.036307040601968765
2010-09-21,inflation_risk_shift,2010-08-26,-16,0.03294884413480759
2010-09-21,inflation_risk_shift,2010-08-27,-15,0.03375851362943649
2010-09-21,inflation_risk_shift,2010-08-30,-14,0.03621433675289154
2010-09-21,inflation_risk_shift,2010-08-31,-13,0.0315636545419693
2010-09-21,inflation_risk_shift,2010-09-01,-12,0.03645549342036247
2010-09-21,inflation_risk_shift,2010-09-02,-11,0.03294624388217926
2010-09-21,inflation_risk_shift,2010-09-03,-10,0.03609093278646469
2010-09-21,inflation_risk_shift,2010-09-07,-9,0.03384128212928772
2010-09-21,inflation_risk_shift,2010-09-08,-8,0.03638109192252159
2010-09-21,inflation_risk_shift,2010-09-09,-7,0.03841213881969452
2010-09-21,inflation_risk_shift,2010-09-10,-6,0.037280142307281494
2010-09-21,inflation_risk_shift,2010-09-13,-5,0.038530562072992325
2010-09-21,inflation_risk_shift,2010-09-14,-4,0.033979155123233795
2010-09-21,inflation_risk_shift,2010-09-15,-3,0.03536833077669144
2010-09-21,inflation_risk_shift,2010-09-16,-2,0.035656120628118515
2010-09-21,inflation_risk_shift,2010-09-17,-1,0.041115473955869675
2010-09-21,inflation_risk_shift,2010-09-20,0,0.0377543605864048
2010-09-21,unemployment_assessment_shift,2010-08-11,-27,0.038368333131074905
2010-09-21,unemployment_assessment_shift,2010-08-12,-26,0.04005568474531174
2010-09-21,unemployment_assessment_shift,2010-08-13,-25,0.038681406527757645
2010-09-21,unemployment_assessment_shift,2010-08-16,-24,0.034695882350206375
2010-09-21,unemployment_assessment_shift,2010-08-17,-23,0.035925187170505524
2010-09-21,unemployment_assessment_shift,2010-08-18,-22,0.03499915450811386
2010-09-21,unemployment_assessment_shift,2010-08-19,-21,0.03276209160685539
2010-09-21,unemployment_assessment_shift,2010-08-20,-20,0.034626901149749756
2010-09-21,unemployment_assessment_shift,2010-08-23,-19,0.03559237718582153
2010-09-21,unemployment_assessment_shift,2010-08-24,-18,0.03593609109520912
2010-09-21,unemployment_assessment_shift,2010-08-25,-17,0.03355684131383896
2010-09-21,unemployment_assessment_shift,2010-08-26,-16,0.030117366462945938
2010-09-21,unemployment_assessment_shift,2010-08-27,-15,0.0368352085351944
2010-09-21,unemployment_assessment_shift,2010-08-30,-14,0.03522578626871109
2010-09-21,unemployment_assessment_shift,2010-08-31,-13,0.034520380198955536
2010-09-21,unemployment_assessment_shift,2010-09-01,-12,0.03483470529317856
2010-09-21,unemployment_assessment_shift,2010-09-02,-11,0.03630128502845764
2010-09-21,unemployment_assessment_shift,2010-09-03,-10,0.03782059624791145
2010-09-21,unemployment_assessment_shift,2010-09-07,-9,0.03338910639286041
2010-09-21,unemployment_assessment_shift,2010-09-08,-8,0.03451235219836235
2010-09-21,unemployment_assessment_shift,2010-09-09,-7,0.034874796867370605
2010-09-21,unemployment_assessment_shift,2010-09-10,-6,0.034933917224407196
2010-09-21,unemployment_assessment_shift,2010-09-13,-5,0.03309791907668114
2010-09-21,unemployment_assessment_shift,2010-09-14,-4,0.03219247981905937
2010-09-21,unemployment_assessment_shift,2010-09-15,-3,0.034626252949237823
2010-09-21,unemployment_assessment_shift,2010-09-16,-2,0.03968612104654312
2010-09-21,unemployment_assessment_shift,2010-09-17,-1,0.0440496951341629
2010-09-21,unemployment_assessment_shift,2010-09-20,0,0.03778209164738655
2010-09-21,labor_market_risk_shift,2010-08-11,-27,0.038332533091306686
2010-09-21,labor_market_risk_shift,2010-08-12,-26,0.03955242782831192
2010-09-21,labor_market_risk_shift,2010-08-13,-25,0.037705693393945694
2010-09-21,labor_market_risk_shift,2010-08-16,-24,0.034851327538490295
2010-09-21,labor_market_risk_shift,2010-08-17,-23,0.03641525283455849
2010-09-21,labor_market_risk_shift,2010-08-18,-22,0.034437865018844604
2010-09-21,labor_market_risk_shift,2010-08-19,-21,0.032694995403289795
2010-09-21,labor_market_risk_shift,2010-08-20,-20,0.03495863452553749
2010-09-21,labor_market_risk_shift,2010-08-23,-19,0.035457782447338104
2010-09-21,labor_market_risk_shift,2010-08-24,-18,0.03569298982620239
2010-09-21,labor_market_risk_shift,2010-08-25,-17,0.03327417001128197
2010-09-21,labor_market_risk_shift,2010-08-26,-16,0.029389534145593643
2010-09-21,labor_market_risk_shift,2010-08-27,-15,0.03823549672961235
2010-09-21,labor_market_risk_shift,2010-08-30,-14,0.03509008139371872
2010-09-21,labor_market_risk_shift,2010-08-31,-13,0.03412993252277374
2010-09-21,labor_market_risk_shift,2010-09-01,-12,0.03480890393257141
2010-09-21,labor_market_risk_shift,2010-09-02,-11,0.03561079874634743
2010-09-21,labor_market_risk_shift,2010-09-03,-10,0.03854420781135559
2010-09-21,labor_market_risk_shift,2010-09-07,-9,0.03267582133412361
2010-09-21,labor_market_risk_shift,2010-09-08,-8,0.03296872600913048
2010-09-21,labor_market_risk_shift,2010-09-09,-7,0.03385191410779953
2010-09-21,labor_market_risk_shift,2010-09-10,-6,0.034961700439453125
2010-09-21,labor_market_risk_shift,2010-09-13,-5,0.033051636070013046
2010-09-21,labor_market_risk_shift,2010-09-14,-4,0.032023459672927856
2010-09-21,labor_market_risk_shift,2010-09-15,-3,0.03654740750789642
2010-09-21,labor_market_risk_shift,2010-09-16,-2,0.0411362498998642
2010-09-21,labor_market_risk_shift,2010-09-17,-1,0.04547931253910065
2010-09-21,labor_market_risk_shift,2010-09-20,0,0.03812113776803017
2010-09-21,growth_activity_shift,2010-08-11,-27,0.03838461637496948
2010-09-21,growth_activity_shift,2010-08-12,-26,0.03846622630953789
2010-09-21,growth_activity_shift,2010-08-13,-25,0.03750718757510185
2010-09-21,growth_activity_shift,2010-08-16,-24,0.03478945791721344
2010-09-21,growth_activity_shift,2010-08-17,-23,0.03540090098977089
2010-09-21,growth_activity_shift,2010-08-18,-22,0.03448322042822838
2010-09-21,growth_activity_shift,2010-08-19,-21,0.03362938016653061
2010-09-21,growth_activity_shift,2010-08-20,-20,0.034837279468774796
2010-09-21,growth_activity_shift,2010-08-23,-19,0.03417057916522026
2010-09-21,growth_activity_shift,2010-08-24,-18,0.034143202006816864
2010-09-21,growth_activity_shift,2010-08-25,-17,0.034192830324172974
2010-09-21,growth_activity_shift,2010-08-26,-16,0.03151867538690567
2010-09-21,growth_activity_shift,2010-08-27,-15,0.035297758877277374
2010-09-21,growth_activity_shift,2010-08-30,-14,0.0351913720369339
2010-09-21,growth_activity_shift,2010-08-31,-13,0.03380730748176575
2010-09-21,growth_activity_shift,2010-09-01,-12,0.03571654483675957
2010-09-21,growth_activity_shift,2010-09-02,-11,0.035322003066539764
2010-09-21,growth_activity_shift,2010-09-03,-10,0.03700491040945053
2010-09-21,growth_activity_shift,2010-09-07,-9,0.033540595322847366
2010-09-21,growth_activity_shift,2010-09-08,-8,0.03498212248086929
2010-09-21,growth_activity_shift,2010-09-09,-7,0.03581641614437103
2010-09-21,growth_activity_shift,2010-09-10,-6,0.03544097766280174
2010-09-21,growth_activity_shift,2010-09-13,-5,0.03502478450536728
2010-09-21,growth_activity_shift,2010-09-14,-4,0.03400469571352005
2010-09-21,growth_activity_shift,2010-09-15,-3,0.03634469583630562
2010-09-21,growth_activity_shift,2010-09-16,-2,0.039511777460575104
2010-09-21,growth_activity_shift,2010-09-17,-1,0.04314165562391281
2010-09-21,growth_activity_shift,2010-09-20,0,0.038328781723976135
2010-09-21,financial_conditions_shift,2010-08-11,-27,0.0387880764901638
2010-09-21,financial_conditions_shift,2010-08-12,-26,0.040441859513521194
2010-09-21,financial_conditions_shift,2010-08-13,-25,0.0377655029296875
2010-09-21,financial_conditions_shift,2010-08-16,-24,0.03460003808140755
2010-09-21,financial_conditions_shift,2010-08-17,-23,0.03679511323571205
2010-09-21,financial_conditions_shift,2010-08-18,-22,0.0344047024846077
2010-09-21,financial_conditions_shift,2010-08-19,-21,0.032350197434425354
2010-09-21,financial_conditions_shift,2010-08-20,-20,0.03472808748483658
2010-09-21,financial_conditions_shift,2010-08-23,-19,0.03542139381170273
2010-09-21,financial_conditions_shift,2010-08-24,-18,0.035548266023397446
2010-09-21,financial_conditions_shift,2010-08-25,-17,0.03420669585466385
2010-09-21,financial_conditions_shift,2010-08-26,-16,0.03088122420012951
2010-09-21,financial_conditions_shift,2010-08-27,-15,0.03931819275021553
2010-09-21,financial_conditions_shift,2010-08-30,-14,0.03493499010801315
2010-09-21,financial_conditions_shift,2010-08-31,-13,0.03470679372549057
2010-09-21,financial_conditions_shift,2010-09-01,-12,0.034885771572589874
2010-09-21,financial_conditions_shift,2010-09-02,-11,0.03684161603450775
2010-09-21,financial_conditions_shift,2010-09-03,-10,0.037376005202531815
2010-09-21,financial_conditions_shift,2010-09-07,-9,0.032626621425151825
2010-09-21,financial_conditions_shift,2010-09-08,-8,0.033910296857357025
2010-09-21,financial_conditions_shift,2010-09-09,-7,0.034415822476148605
2010-09-21,financial_conditions_shift,2010-09-10,-6,0.03554465249180794
2010-09-21,financial_conditions_shift,2010-09-13,-5,0.031970299780368805
2010-09-21,financial_conditions_shift,2010-09-14,-4,0.03231769800186157
2010-09-21,financial_conditions_shift,2010-09-15,-3,0.03502461686730385
2010-09-21,financial_conditions_shift,2010-09-16,-2,0.039941899478435516
2010-09-21,financial_conditions_shift,2010-09-17,-1,0.04305805638432503
2010-09-21,financial_conditions_shift,2010-09-20,0,0.03719552606344223
2010-09-21,balance_sheet_policy_shift,2010-08-11,-27,0.037208106368780136
2010-09-21,balance_sheet_policy_shift,2010-08-12,-26,0.035493019968271255
2010-09-21,balance_sheet_policy_shift,2010-08-13,-25,0.03759519010782242
2010-09-21,balance_sheet_policy_shift,2010-08-16,-24,0.03643640875816345
2010-09-21,balance_sheet_policy_shift,2010-08-17,-23,0.03391848877072334
2010-09-21,balance_sheet_policy_shift,2010-08-18,-22,0.03538572043180466
2010-09-21,balance_sheet_policy_shift,2010-08-19,-21,0.03688722103834152
2010-09-21,balance_sheet_policy_shift,2010-08-20,-20,0.03514517843723297
2010-09-21,balance_sheet_policy_shift,2010-08-23,-19,0.03374480828642845
2010-09-21,balance_sheet_policy_shift,2010-08-24,-18,0.03249923512339592
2010-09-21,balance_sheet_policy_shift,2010-08-25,-17,0.03611473739147186
2010-09-21,balance_sheet_policy_shift,2010-08-26,-16,0.034010518342256546
2010-09-21,balance_sheet_policy_shift,2010-08-27,-15,0.03283894807100296
2010-09-21,balance_sheet_policy_shift,2010-08-30,-14,0.037804726511240005
2010-09-21,balance_sheet_policy_shift,2010-08-31,-13,0.03299678862094879
2010-09-21,balance_sheet_policy_shift,2010-09-01,-12,0.03651588037610054
2010-09-21,balance_sheet_policy_shift,2010-09-02,-11,0.03242357075214386
2010-09-21,balance_sheet_policy_shift,2010-09-03,-10,0.03637181967496872
2010-09-21,balance_sheet_policy_shift,2010-09-07,-9,0.03572415933012962
2010-09-21,balance_sheet_policy_shift,2010-09-08,-8,0.03752761334180832
2010-09-21,balance_sheet_policy_shift,2010-09-09,-7,0.03878511115908623
2010-09-21,balance_sheet_policy_shift,2010-09-10,-6,0.0374600924551487
2010-09-21,balance_sheet_policy_shift,2010-09-13,-5,0.03983806073665619
2010-09-21,balance_sheet_policy_shift,2010-09-14,-4,0.03482590988278389
2010-09-21,balance_sheet_policy_shift,2010-09-15,-3,0.03462449088692665
2010-09-21,balance_sheet_policy_shift,2010-09-16,-2,0.03230933099985123
2010-09-21,balance_sheet_policy_shift,2010-09-17,-1,0.03869382664561272
2010-09-21,balance_sheet_policy_shift,2010-09-20,0,0.036821067333221436
2010-09-21,risk_balance_shift,2010-08-11,-27,0.03870142623782158
2010-09-21,risk_balance_shift,2010-08-12,-26,0.03965470939874649
2010-09-21,risk_balance_shift,2010-08-13,-25,0.03698153793811798
2010-09-21,risk_balance_shift,2010-08-16,-24,0.034278202801942825
2010-09-21,risk_balance_shift,2010-08-17,-23,0.03626488521695137
2010-09-21,risk_balance_shift,2010-08-18,-22,0.03400525450706482
2010-09-21,risk_balance_shift,2010-08-19,-21,0.03237029165029526
2010-09-21,risk_balance_shift,2010-08-20,-20,0.03494643792510033
2010-09-21,risk_balance_shift,2010-08-23,-19,0.035358574241399765
2010-09-21,risk_balance_shift,2010-08-24,-18,0.036354124546051025
2010-09-21,risk_balance_shift,2010-08-25,-17,0.03323214128613472
2010-09-21,risk_balance_shift,2010-08-26,-16,0.030729854479432106
2010-09-21,risk_balance_shift,2010-08-27,-15,0.03834909200668335
2010-09-21,risk_balance_shift,2010-08-30,-14,0.03432080149650574
2010-09-21,risk_balance_shift,2010-08-31,-13,0.035806044936180115
2010-09-21,risk_balance_shift,2010-09-01,-12,0.034774504601955414
2010-09-21,risk_balance_shift,2010-09-02,-11,0.03766043484210968
2010-09-21,risk_balance_shift,2010-09-03,-10,0.038448162376880646
2010-09-21,risk_balance_shift,2010-09-07,-9,0.03425774723291397
2010-09-21,risk_balance_shift,2010-09-08,-8,0.03478192910552025
2010-09-21,risk_balance_shift,2010-09-09,-7,0.03433043137192726
2010-09-21,risk_balance_shift,2010-09-10,-6,0.03501798212528229
2010-09-21,risk_balance_shift,2010-09-13,-5,0.0316743366420269
2010-09-21,risk_balance_shift,2010-09-14,-4,0.03180887550115585
2010-09-21,risk_balance_shift,2010-09-15,-3,0.034378908574581146
2010-09-21,risk_balance_shift,2010-09-16,-2,0.03897690027952194
2010-09-21,risk_balance_shift,2010-09-17,-1,0.04381626844406128
2010-09-21,risk_balance_shift,2010-09-20,0,0.038720108568668365
2010-09-21,committee_dispersion,2010-08-11,-27,0.03639063984155655
2010-09-21,committee_dispersion,2010-08-12,-26,0.03414665535092354
2010-09-21,committee_dispersion,2010-08-13,-25,0.03763755410909653
2010-09-21,committee_dispersion,2010-08-16,-24,0.036707803606987
2010-09-21,committee_dispersion,2010-08-17,-23,0.0333300456404686
2010-09-21,committee_dispersion,2010-08-18,-22,0.03628529608249664
2010-09-21,committee_dispersion,2010-08-19,-21,0.03794078156352043
2010-09-21,committee_dispersion,2010-08-20,-20,0.03558431565761566
2010-09-21,committee_dispersion,2010-08-23,-19,0.03380518779158592
2010-09-21,committee_dispersion,2010-08-24,-18,0.031817056238651276
2010-09-21,committee_dispersion,2010-08-25,-17,0.03728026896715164
2010-09-21,committee_dispersion,2010-08-26,-16,0.03486671298742294
2010-09-21,committee_dispersion,2010-08-27,-15,0.03172658011317253
2010-09-21,committee_dispersion,2010-08-30,-14,0.03810941427946091
2010-09-21,committee_dispersion,2010-08-31,-13,0.03195349499583244
2010-09-21,committee_dispersion,2010-09-01,-12,0.0370476096868515
2010-09-21,committee_dispersion,2010-09-02,-11,0.03135315701365471
2010-09-21,committee_dispersion,2010-09-03,-10,0.035971928387880325
2010-09-21,committee_dispersion,2010-09-07,-9,0.036113251000642776
2010-09-21,committee_dispersion,2010-09-08,-8,0.037518423050642014
2010-09-21,committee_dispersion,2010-09-09,-7,0.0396888330578804
2010-09-21,committee_dispersion,2010-09-10,-6,0.03807038813829422
2010-09-21,committee_dispersion,2010-09-13,-5,0.04207026958465576
2010-09-21,committee_dispersion,2010-09-14,-4,0.03541295975446701
2010-09-21,committee_dispersion,2010-09-15,-3,0.034984029829502106
2010-09-21,committee_dispersion,2010-09-16,-2,0.03116358071565628
2010-09-21,committee_dispersion,2010-09-17,-1,0.03639207035303116
2010-09-21,committee_dispersion,2010-09-20,0,0.036631662398576736
2010-09-21,policy_uncertainty,2010-08-11,-27,0.03708282485604286
2010-09-21,policy_uncertainty,2010-08-12,-26,0.03548603877425194
2010-09-21,policy_uncertainty,2010-08-13,-25,0.03796233981847763
2010-09-21,policy_uncertainty,2010-08-16,-24,0.03645873814821243
2010-09-21,policy_uncertainty,2010-08-17,-23,0.03380458801984787
2010-09-21,policy_uncertainty,2010-08-18,-22,0.03605889528989792
2010-09-21,policy_uncertainty,2010-08-19,-21,0.03711911290884018
2010-09-21,policy_uncertainty,2010-08-20,-20,0.03566927835345268
2010-09-21,policy_uncertainty,2010-08-23,-19,0.033887237310409546
2010-09-21,policy_uncertainty,2010-08-24,-18,0.03143714368343353
2010-09-21,policy_uncertainty,2010-08-25,-17,0.03617127984762192
2010-09-21,policy_uncertainty,2010-08-26,-16,0.033472705632448196
2010-09-21,policy_uncertainty,2010-08-27,-15,0.03288876265287399
2010-09-21,policy_uncertainty,2010-08-30,-14,0.037388771772384644
2010-09-21,policy_uncertainty,2010-08-31,-13,0.03145913779735565
2010-09-21,policy_uncertainty,2010-09-01,-12,0.03695196285843849
2010-09-21,policy_uncertainty,2010-09-02,-11,0.0312487855553627
2010-09-21,policy_uncertainty,2010-09-03,-10,0.03615718334913254
2010-09-21,policy_uncertainty,2010-09-07,-9,0.03502773120999336
2010-09-21,policy_uncertainty,2010-09-08,-8,0.03651772812008858
2010-09-21,policy_uncertainty,2010-09-09,-7,0.038901664316654205
2010-09-21,policy_uncertainty,2010-09-10,-6,0.037625450640916824
2010-09-21,policy_uncertainty,2010-09-13,-5,0.04089529812335968
2010-09-21,policy_uncertainty,2010-09-14,-4,0.035070158541202545
2010-09-21,policy_uncertainty,2010-09-15,-3,0.035890527069568634
2010-09-21,policy_uncertainty,2010-09-16,-2,0.03355173394083977
2010-09-21,policy_uncertainty,2010-09-17,-1,0.03834218531847
2010-09-21,policy_uncertainty,2010-09-20,0,0.03747274726629257
2010-09-21,forward_guidance_strength,2010-08-11,-27,0.03583785891532898
2010-09-21,forward_guidance_strength,2010-08-12,-26,0.03418675437569618
2010-09-21,forward_guidance_strength,2010-08-13,-25,0.037205226719379425
2010-09-21,forward_guidance_strength,2010-08-16,-24,0.036323703825473785
2010-09-21,forward_guidance_strength,2010-08-17,-23,0.03306296095252037
2010-09-21,forward_guidance_strength,2010-08-18,-22,0.03613642230629921
2010-09-21,forward_guidance_strength,2010-08-19,-21,0.03757942467927933
2010-09-21,forward_guidance_strength,2010-08-20,-20,0.0352233424782753
2010-09-21,forward_guidance_strength,2010-08-23,-19,0.03406626358628273
2010-09-21,forward_guidance_strength,2010-08-24,-18,0.031802479177713394
2010-09-21,forward_guidance_strength,2010-08-25,-17,0.036047324538230896
2010-09-21,forward_guidance_strength,2010-08-26,-16,0.03526084125041962
2010-09-21,forward_guidance_strength,2010-08-27,-15,0.0323374941945076
2010-09-21,forward_guidance_strength,2010-08-30,-14,0.038233742117881775
2010-09-21,forward_guidance_strength,2010-08-31,-13,0.03200153633952141
2010-09-21,forward_guidance_strength,2010-09-01,-12,0.03659743070602417
2010-09-21,forward_guidance_strength,2010-09-02,-11,0.032144200056791306
2010-09-21,forward_guidance_strength,2010-09-03,-10,0.03573424741625786
2010-09-21,forward_guidance_strength,2010-09-07,-9,0.0361894853413105
2010-09-21,forward_guidance_strength,2010-09-08,-8,0.037716880440711975
2010-09-21,forward_guidance_strength,2010-09-09,-7,0.040345996618270874
2010-09-21,forward_guidance_strength,2010-09-10,-6,0.03913915902376175
2010-09-21,forward_guidance_strength,2010-09-13,-5,0.04232499748468399
2010-09-21,forward_guidance_strength,2010-09-14,-4,0.03591012582182884
2010-09-21,forward_guidance_strength,2010-09-15,-3,0.03529995679855347
2010-09-21,forward_guidance_strength,2010-09-16,-2,0.03187930956482887
2010-09-21,forward_guidance_strength,2010-09-17,-1,0.035939063876867294
2010-09-21,forward_guidance_strength,2010-09-20,0,0.035473745316267014
2010-11-03,rate_decision,2010-09-22,-28,0.03584257513284683
2010-11-03,rate_decision,2010-09-23,-27,0.03374719247221947
2010-11-03,rate_decision,2010-09-24,-26,0.03459608927369118
2010-11-03,rate_decision,2010-09-27,-25,0.03488471731543541
2010-11-03,rate_decision,2010-09-28,-24,0.03312910348176956
2010-11-03,rate_decision,2010-09-29,-23,0.03079385496675968
2010-11-03,rate_decision,2010-09-30,-22,0.03277546912431717
2010-11-03,rate_decision,2010-10-01,-21,0.029166821390390396
2010-11-03,rate_decision,2010-10-04,-20,0.03186355158686638
2010-11-03,rate_decision,2010-10-05,-19,0.03588791936635971
2010-11-03,rate_decision,2010-10-06,-18,0.037814509123563766
2010-11-03,rate_decision,2010-10-07,-17,0.03708910942077637
2010-11-03,rate_decision,2010-10-08,-16,0.03548302873969078
2010-11-03,rate_decision,2010-10-12,-15,0.03555476665496826
2010-11-03,rate_decision,2010-10-13,-14,0.03109830990433693
2010-11-03,rate_decision,2010-10-14,-13,0.029438970610499382
2010-11-03,rate_decision,2010-10-15,-12,0.03422672301530838
2010-11-03,rate_decision,2010-10-18,-11,0.038021426647901535
2010-11-03,rate_decision,2010-10-19,-10,0.037689048796892166
2010-11-03,rate_decision,2010-10-20,-9,0.037538137286901474
2010-11-03,rate_decision,2010-10-21,-8,0.03916154056787491
2010-11-03,rate_decision,2010-10-22,-7,0.03447660431265831
2010-11-03,rate_decision,2010-10-25,-6,0.0293145552277565
2010-11-03,rate_decision,2010-10-26,-5,0.02752409502863884
2010-11-03,rate_decision,2010-10-27,-4,0.03328024968504906
2010-11-03,rate_decision,2010-10-28,-3,0.03524094820022583
2010-11-03,rate_decision,2010-10-29,-2,0.03552032262086868
2010-11-03,rate_decision,2010-11-01,-1,0.039090558886528015
2010-11-03,rate_decision,2010-11-02,0,0.039749789983034134
2010-11-03,current_policy_stance,2010-09-22,-28,0.0339990109205246
2010-11-03,current_policy_stance,2010-09-23,-27,0.03240995854139328
2010-11-03,current_policy_stance,2010-09-24,-26,0.03466835245490074
2010-11-03,current_policy_stance,2010-09-27,-25,0.030363842844963074
2010-11-03,current_policy_stance,2010-09-28,-24,0.03141314908862114
2010-11-03,current_policy_stance,2010-09-29,-23,0.03229329362511635
2010-11-03,current_policy_stance,2010-09-30,-22,0.03183206170797348
2010-11-03,current_policy_stance,2010-10-01,-21,0.030974477529525757
2010-11-03,current_policy_stance,2010-10-04,-20,0.03153074532747269
2010-11-03,current_policy_stance,2010-10-05,-19,0.03708236292004585
2010-11-03,current_policy_stance,2010-10-06,-18,0.037356290966272354
2010-11-03,current_policy_stance,2010-10-07,-17,0.04197635129094124
2010-11-03,current_policy_stance,2010-10-08,-16,0.03969782590866089
2010-11-03,current_policy_stance,2010-10-12,-15,0.03992367163300514
2010-11-03,current_policy_stance,2010-10-13,-14,0.03438777104020119
2010-11-03,current_policy_stance,2010-10-14,-13,0.03689426928758621
2010-11-03,current_policy_stance,2010-10-15,-12,0.03579121083021164
2010-11-03,current_policy_stance,2010-10-18,-11,0.03455633670091629
2010-11-03,current_policy_stance,2010-10-19,-10,0.03829674795269966
2010-11-03,current_policy_stance,2010-10-20,-9,0.03711429983377457
2010-11-03,current_policy_stance,2010-10-21,-8,0.03852353245019913
2010-11-03,current_policy_stance,2010-10-22,-7,0.031311240047216415
2010-11-03,current_policy_stance,2010-10-25,-6,0.028287356719374657
2010-11-03,current_policy_stance,2010-10-26,-5,0.02944006957113743
2010-11-03,current_policy_stance,2010-10-27,-4,0.03212511166930199
2010-11-03,current_policy_stance,2010-10-28,-3,0.029459035024046898
2010-11-03,current_policy_stance,2010-10-29,-2,0.034612227231264114
2010-11-03,current_policy_stance,2010-11-01,-1,0.038867637515068054
2010-11-03,current_policy_stance,2010-11-02,0,0.03481176123023033
2010-11-03,policy_stance_shift,2010-09-22,-28,0.03408868610858917
2010-11-03,policy_stance_shift,2010-09-23,-27,0.03230736777186394
2010-11-03,policy_stance_shift,2010-09-24,-26,0.034419551491737366
2010-11-03,policy_stance_shift,2010-09-27,-25,0.030569905415177345
2010-11-03,policy_stance_shift,2010-09-28,-24,0.031232375651597977
2010-11-03,policy_stance_shift,2010-09-29,-23,0.03195275366306305
2010-11-03,policy_stance_shift,2010-09-30,-22,0.031271882355213165
2010-11-03,policy_stance_shift,2010-10-01,-21,0.03083358332514763
2010-11-03,policy_stance_shift,2010-10-04,-20,0.031224029138684273
2010-11-03,policy_stance_shift,2010-10-05,-19,0.03655586019158363
2010-11-03,policy_stance_shift,2010-10-06,-18,0.036910530179739
2010-11-03,policy_stance_shift,2010-10-07,-17,0.04143860563635826
2010-11-03,policy_stance_shift,2010-10-08,-16,0.03926951810717583
2010-11-03,policy_stance_shift,2010-10-12,-15,0.03962307050824165
2010-11-03,policy_stance_shift,2010-10-13,-14,0.0345606803894043
2010-11-03,policy_stance_shift,2010-10-14,-13,0.03718235343694687
2010-11-03,policy_stance_shift,2010-10-15,-12,0.03573616221547127
2010-11-03,policy_stance_shift,2010-10-18,-11,0.03430100157856941
2010-11-03,policy_stance_shift,2010-10-19,-10,0.038324132561683655
2010-11-03,policy_stance_shift,2010-10-20,-9,0.0372944250702858
2010-11-03,policy_stance_shift,2010-10-21,-8,0.03828241676092148
2010-11-03,policy_stance_shift,2010-10-22,-7,0.03145706281065941
2010-11-03,policy_stance_shift,2010-10-25,-6,0.028698839247226715
2010-11-03,policy_stance_shift,2010-10-26,-5,0.030071357265114784
2010-11-03,policy_stance_shift,2010-10-27,-4,0.03229600191116333
2010-11-03,policy_stance_shift,2010-10-28,-3,0.029662199318408966
2010-11-03,policy_stance_shift,2010-10-29,-2,0.03506577014923096
2010-11-03,policy_stance_shift,2010-11-01,-1,0.0396919846534729
2010-11-03,policy_stance_shift,2010-11-02,0,0.035677917301654816
2010-11-03,expected_rate_path_shift,2010-09-22,-28,0.036517925560474396
2010-11-03,expected_rate_path_shift,2010-09-23,-27,0.03337550535798073
2010-11-03,expected_rate_path_shift,2010-09-24,-26,0.03633708134293556
2010-11-03,expected_rate_path_shift,2010-09-27,-25,0.03461618721485138
2010-11-03,expected_rate_path_shift,2010-09-28,-24,0.03197300434112549
2010-11-03,expected_rate_path_shift,2010-09-29,-23,0.031039804220199585
2010-11-03,expected_rate_path_shift,2010-09-30,-22,0.030516594648361206
2010-11-03,expected_rate_path_shift,2010-10-01,-21,0.032023485749959946
2010-11-03,expected_rate_path_shift,2010-10-04,-20,0.03121539019048214
2010-11-03,expected_rate_path_shift,2010-10-05,-19,0.03313214331865311
2010-11-03,expected_rate_path_shift,2010-10-06,-18,0.03263169154524803
2010-11-03,expected_rate_path_shift,2010-10-07,-17,0.034279920160770416
2010-11-03,expected_rate_path_shift,2010-10-08,-16,0.03421589732170105
2010-11-03,expected_rate_path_shift,2010-10-12,-15,0.03408953174948692
2010-11-03,expected_rate_path_shift,2010-10-13,-14,0.03405071422457695
2010-11-03,expected_rate_path_shift,2010-10-14,-13,0.03574039041996002
2010-11-03,expected_rate_path_shift,2010-10-15,-12,0.037202320992946625
2010-11-03,expected_rate_path_shift,2010-10-18,-11,0.03522201627492905
2010-11-03,expected_rate_path_shift,2010-10-19,-10,0.03702489286661148
2010-11-03,expected_rate_path_shift,2010-10-20,-9,0.03391921520233154
2010-11-03,expected_rate_path_shift,2010-10-21,-8,0.034323811531066895
2010-11-03,expected_rate_path_shift,2010-10-22,-7,0.03189949691295624
2010-11-03,expected_rate_path_shift,2010-10-25,-6,0.030221223831176758
2010-11-03,expected_rate_path_shift,2010-10-26,-5,0.03382417559623718
2010-11-03,expected_rate_path_shift,2010-10-27,-4,0.03490180894732475
2010-11-03,expected_rate_path_shift,2010-10-28,-3,0.03495948761701584
2010-11-03,expected_rate_path_shift,2010-10-29,-2,0.035247769206762314
2010-11-03,expected_rate_path_shift,2010-11-01,-1,0.041527166962623596
2010-11-03,expected_rate_path_shift,2010-11-02,0,0.04397135227918625
2010-11-03,inflation_assessment_shift,2010-09-22,-28,0.03534957021474838
2010-11-03,inflation_assessment_shift,2010-09-23,-27,0.03232488036155701
2010-11-03,inflation_assessment_shift,2010-09-24,-26,0.03546605631709099
2010-11-03,inflation_assessment_shift,2010-09-27,-25,0.03282291069626808
2010-11-03,inflation_assessment_shift,2010-09-28,-24,0.03152163326740265
2010-11-03,inflation_assessment_shift,2010-09-29,-23,0.031308408826589584
2010-11-03,inflation_assessment_shift,2010-09-30,-22,0.030684076249599457
2010-11-03,inflation_assessment_shift,2010-10-01,-21,0.030886344611644745
2010-11-03,inflation_assessment_shift,2010-10-04,-20,0.03078628145158291
2010-11-03,inflation_assessment_shift,2010-10-05,-19,0.03541119396686554
2010-11-03,inflation_assessment_shift,2010-10-06,-18,0.0354841984808445
2010-11-03,inflation_assessment_shift,2010-10-07,-17,0.03837346285581589
2010-11-03,inflation_assessment_shift,2010-10-08,-16,0.03666996583342552
2010-11-03,inflation_assessment_shift,2010-10-12,-15,0.037055596709251404
2010-11-03,inflation_assessment_shift,2010-10-13,-14,0.03398429974913597
2010-11-03,inflation_assessment_shift,2010-10-14,-13,0.0364546962082386
2010-11-03,inflation_assessment_shift,2010-10-15,-12,0.03642601892352104
2010-11-03,inflation_assessment_shift,2010-10-18,-11,0.03492748737335205
2010-11-03,inflation_assessment_shift,2010-10-19,-10,0.03798019513487816
2010-11-03,inflation_assessment_shift,2010-10-20,-9,0.03584856539964676
2010-11-03,inflation_assessment_shift,2010-10-21,-8,0.03692276030778885
2010-11-03,inflation_assessment_shift,2010-10-22,-7,0.03142988309264183
2010-11-03,inflation_assessment_shift,2010-10-25,-6,0.028854941949248314
2010-11-03,inflation_assessment_shift,2010-10-26,-5,0.031154587864875793
2010-11-03,inflation_assessment_shift,2010-10-27,-4,0.033136263489723206
2010-11-03,inflation_assessment_shift,2010-10-28,-3,0.0316576287150383
2010-11-03,inflation_assessment_shift,2010-10-29,-2,0.03532441332936287
2010-11-03,inflation_assessment_shift,2010-11-01,-1,0.03985787183046341
2010-11-03,inflation_assessment_shift,2010-11-02,0,0.04189584031701088
2010-11-03,inflation_risk_shift,2010-09-22,-28,0.03614364564418793
2010-11-03,inflation_risk_shift,2010-09-23,-27,0.03257754072546959
2010-11-03,inflation_risk_shift,2010-09-24,-26,0.036412015557289124
2010-11-03,inflation_risk_shift,2010-09-27,-25,0.03384421020746231
2010-11-03,inflation_risk_shift,2010-09-28,-24,0.031964261084795
2010-11-03,inflation_risk_shift,2010-09-29,-23,0.03156283497810364
2010-11-03,inflation_risk_shift,2010-09-30,-22,0.030905332416296005
2010-11-03,inflation_risk_shift,2010-10-01,-21,0.031979113817214966
2010-11-03,inflation_risk_shift,2010-10-04,-20,0.031207673251628876
2010-11-03,inflation_risk_shift,2010-10-05,-19,0.03392684459686279
2010-11-03,inflation_risk_shift,2010-10-06,-18,0.03365321084856987
2010-11-03,inflation_risk_shift,2010-10-07,-17,0.03602064028382301
2010-11-03,inflation_risk_shift,2010-10-08,-16,0.035856254398822784
2010-11-03,inflation_risk_shift,2010-10-12,-15,0.035347286611795425
2010-11-03,inflation_risk_shift,2010-10-13,-14,0.03408369421958923
2010-11-03,inflation_risk_shift,2010-10-14,-13,0.035636965185403824
2010-11-03,inflation_risk_shift,2010-10-15,-12,0.03589998558163643
2010-11-03,inflation_risk_shift,2010-10-18,-11,0.03386882692575455
2010-11-03,inflation_risk_shift,2010-10-19,-10,0.03733513504266739
2010-11-03,inflation_risk_shift,2010-10-20,-9,0.03455032408237457
2010-11-03,inflation_risk_shift,2010-10-21,-8,0.035181883722543716
2010-11-03,inflation_risk_shift,2010-10-22,-7,0.0313599556684494
2010-11-03,inflation_risk_shift,2010-10-25,-6,0.029156338423490524
2010-11-03,inflation_risk_shift,2010-10-26,-5,0.031811609864234924
2010-11-03,inflation_risk_shift,2010-10-27,-4,0.032993149012327194
2010-11-03,inflation_risk_shift,2010-10-28,-3,0.03244554251432419
2010-11-03,inflation_risk_shift,2010-10-29,-2,0.03576059639453888
2010-11-03,inflation_risk_shift,2010-11-01,-1,0.04290320724248886
2010-11-03,inflation_risk_shift,2010-11-02,0,0.045611873269081116
2010-11-03,unemployment_assessment_shift,2010-09-22,-28,0.036763645708560944
2010-11-03,unemployment_assessment_shift,2010-09-23,-27,0.03338030353188515
2010-11-03,unemployment_assessment_shift,2010-09-24,-26,0.03662596642971039
2010-11-03,unemployment_assessment_shift,2010-09-27,-25,0.033378198742866516
2010-11-03,unemployment_assessment_shift,2010-09-28,-24,0.03240476921200752
2010-11-03,unemployment_assessment_shift,2010-09-29,-23,0.03149069473147392
2010-11-03,unemployment_assessment_shift,2010-09-30,-22,0.031011594459414482
2010-11-03,unemployment_assessment_shift,2010-10-01,-21,0.03049013949930668
2010-11-03,unemployment_assessment_shift,2010-10-04,-20,0.030604328960180283
2010-11-03,unemployment_assessment_shift,2010-10-05,-19,0.03546016663312912
2010-11-03,unemployment_assessment_shift,2010-10-06,-18,0.03573480620980263
2010-11-03,unemployment_assessment_shift,2010-10-07,-17,0.03863418847322464
2010-11-03,unemployment_assessment_shift,2010-10-08,-16,0.03709033504128456
2010-11-03,unemployment_assessment_shift,2010-10-12,-15,0.0373300239443779
2010-11-03,unemployment_assessment_shift,2010-10-13,-14,0.03385799378156662
2010-11-03,unemployment_assessment_shift,2010-10-14,-13,0.036080844700336456
2010-11-03,unemployment_assessment_shift,2010-10-15,-12,0.036379944533109665
2010-11-03,unemployment_assessment_shift,2010-10-18,-11,0.03471290320158005
2010-11-03,unemployment_assessment_shift,2010-10-19,-10,0.037732843309640884
2010-11-03,unemployment_assessment_shift,2010-10-20,-9,0.035712506622076035
2010-11-03,unemployment_assessment_shift,2010-10-21,-8,0.03705136477947235
2010-11-03,unemployment_assessment_shift,2010-10-22,-7,0.031317200511693954
2010-11-03,unemployment_assessment_shift,2010-10-25,-6,0.028520438820123672
2010-11-03,unemployment_assessment_shift,2010-10-26,-5,0.031098317354917526
2010-11-03,unemployment_assessment_shift,2010-10-27,-4,0.03331344947218895
2010-11-03,unemployment_assessment_shift,2010-10-28,-3,0.03121820092201233
2010-11-03,unemployment_assessment_shift,2010-10-29,-2,0.035093266516923904
2010-11-03,unemployment_assessment_shift,2010-11-01,-1,0.03983491659164429
2010-11-03,unemployment_assessment_shift,2010-11-02,0,0.037676699459552765
2010-11-03,labor_market_risk_shift,2010-09-22,-28,0.03598196431994438
2010-11-03,labor_market_risk_shift,2010-09-23,-27,0.033419255167245865
2010-11-03,labor_market_risk_shift,2010-09-24,-26,0.03551275655627251
2010-11-03,labor_market_risk_shift,2010-09-27,-25,0.03198340907692909
2010-11-03,labor_market_risk_shift,2010-09-28,-24,0.031927067786455154
2010-11-03,labor_market_risk_shift,2010-09-29,-23,0.03181086480617523
2010-11-03,labor_market_risk_shift,2010-09-30,-22,0.03134879469871521
2010-11-03,labor_market_risk_shift,2010-10-01,-21,0.030573327094316483
2010-11-03,labor_market_risk_shift,2010-10-04,-20,0.031023800373077393
2010-11-03,labor_market_risk_shift,2010-10-05,-19,0.036495670676231384
2010-11-03,labor_market_risk_shift,2010-10-06,-18,0.03709691762924194
2010-11-03,labor_market_risk_shift,2010-10-07,-17,0.04100078344345093
2010-11-03,labor_market_risk_shift,2010-10-08,-16,0.03875318169593811
2010-11-03,labor_market_risk_shift,2010-10-12,-15,0.03912890702486038
2010-11-03,labor_market_risk_shift,2010-10-13,-14,0.03414743021130562
2010-11-03,labor_market_risk_shift,2010-10-14,-13,0.03678277134895325
2010-11-03,labor_market_risk_shift,2010-10-15,-12,0.03640588000416756
2010-11-03,labor_market_risk_shift,2010-10-18,-11,0.034954845905303955
2010-11-03,labor_market_risk_shift,2010-10-19,-10,0.03813617303967476
2010-11-03,labor_market_risk_shift,2010-10-20,-9,0.036255963146686554
2010-11-03,labor_market_risk_shift,2010-10-21,-8,0.03749588131904602
2010-11-03,labor_market_risk_shift,2010-10-22,-7,0.030902232974767685
2010-11-03,labor_market_risk_shift,2010-10-25,-6,0.027654916048049927
2010-11-03,labor_market_risk_shift,2010-10-26,-5,0.029725925996899605
2010-11-03,labor_market_risk_shift,2010-10-27,-4,0.032383695244789124
2010-11-03,labor_market_risk_shift,2010-10-28,-3,0.030204670503735542
2010-11-03,labor_market_risk_shift,2010-10-29,-2,0.034684665501117706
2010-11-03,labor_market_risk_shift,2010-11-01,-1,0.03899881988763809
2010-11-03,labor_market_risk_shift,2010-11-02,0,0.035209428519010544
2010-11-03,growth_activity_shift,2010-09-22,-28,0.03702450916171074
2010-11-03,growth_activity_shift,2010-09-23,-27,0.03414261341094971
2010-11-03,growth_activity_shift,2010-09-24,-26,0.03605300933122635
2010-11-03,growth_activity_shift,2010-09-27,-25,0.03715621680021286
2010-11-03,growth_activity_shift,2010-09-28,-24,0.03353804349899292
2010-11-03,growth_activity_shift,2010-09-29,-23,0.031656183302402496
2010-11-03,growth_activity_shift,2010-09-30,-22,0.03151639923453331
2010-11-03,growth_activity_shift,2010-10-01,-21,0.03359559550881386
2010-11-03,growth_activity_shift,2010-10-04,-20,0.0327172726392746
2010-11-03,growth_activity_shift,2010-10-05,-19,0.031098417937755585
2010-11-03,growth_activity_shift,2010-10-06,-18,0.030989870429039
2010-11-03,growth_activity_shift,2010-10-07,-17,0.029631510376930237
2010-11-03,growth_activity_shift,2010-10-08,-16,0.030724938958883286
2010-11-03,growth_activity_shift,2010-10-12,-15,0.03052731603384018
2010-11-03,growth_activity_shift,2010-10-13,-14,0.03397655859589577
2010-11-03,growth_activity_shift,2010-10-14,-13,0.03318614885210991
2010-11-03,growth_activity_shift,2010-10-15,-12,0.03548448905348778
2010-11-03,growth_activity_shift,2010-10-18,-11,0.034961480647325516
2010-11-03,growth_activity_shift,2010-10-19,-10,0.03490043431520462
2010-11-03,growth_activity_shift,2010-10-20,-9,0.03272038698196411
2010-11-03,growth_activity_shift,2010-10-21,-8,0.031858112663030624
2010-11-03,growth_activity_shift,2010-10-22,-7,0.03360777348279953
2010-11-03,growth_activity_shift,2010-10-25,-6,0.0344013087451458
2010-11-03,growth_activity_shift,2010-10-26,-5,0.03662871569395065
2010-11-03,growth_activity_shift,2010-10-27,-4,0.03588969632983208
2010-11-03,growth_activity_shift,2010-10-28,-3,0.03914625570178032
2010-11-03,growth_activity_shift,2010-10-29,-2,0.03621974587440491
2010-11-03,growth_activity_shift,2010-11-01,-1,0.038999516516923904
2010-11-03,growth_activity_shift,2010-11-02,0,0.04764746129512787
2010-11-03,financial_conditions_shift,2010-09-22,-28,0.03641122579574585
2010-11-03,financial_conditions_shift,2010-09-23,-27,0.034401290118694305
2010-11-03,financial_conditions_shift,2010-09-24,-26,0.03533313423395157
2010-11-03,financial_conditions_shift,2010-09-27,-25,0.03792295232415199
2010-11-03,financial_conditions_shift,2010-09-28,-24,0.03404011204838753
2010-11-03,financial_conditions_shift,2010-09-29,-23,0.03220411017537117
2010-11-03,financial_conditions_shift,2010-09-30,-22,0.03236094489693642
2010-11-03,financial_conditions_shift,2010-10-01,-21,0.03477703034877777
2010-11-03,financial_conditions_shift,2010-10-04,-20,0.03346969932317734
2010-11-03,financial_conditions_shift,2010-10-05,-19,0.030900701880455017
2010-11-03,financial_conditions_shift,2010-10-06,-18,0.030490625649690628
2010-11-03,financial_conditions_shift,2010-10-07,-17,0.02830411121249199
2010-11-03,financial_conditions_shift,2010-10-08,-16,0.029789574444293976
2010-11-03,financial_conditions_shift,2010-10-12,-15,0.029546113684773445
2010-11-03,financial_conditions_shift,2010-10-13,-14,0.03404785320162773
2010-11-03,financial_conditions_shift,2010-10-14,-13,0.033248234540224075
2010-11-03,financial_conditions_shift,2010-10-15,-12,0.03566692769527435
2010-11-03,financial_conditions_shift,2010-10-18,-11,0.035448651760816574
2010-11-03,financial_conditions_shift,2010-10-19,-10,0.03392377123236656
2010-11-03,financial_conditions_shift,2010-10-20,-9,0.032006245106458664
2010-11-03,financial_conditions_shift,2010-10-21,-8,0.030923575162887573
2010-11-03,financial_conditions_shift,2010-10-22,-7,0.03434357792139053
2010-11-03,financial_conditions_shift,2010-10-25,-6,0.03592253476381302
2010-11-03,financial_conditions_shift,2010-10-26,-5,0.038650937378406525
2010-11-03,financial_conditions_shift,2010-10-27,-4,0.03790371119976044
2010-11-03,financial_conditions_shift,2010-10-28,-3,0.041824761778116226
2010-11-03,financial_conditions_shift,2010-10-29,-2,0.03600582852959633
2010-11-03,financial_conditions_shift,2010-11-01,-1,0.03665062040090561
2010-11-03,financial_conditions_shift,2010-11-02,0,0.04348114877939224
2010-11-03,balance_sheet_policy_shift,2010-09-22,-28,0.03378796949982643
2010-11-03,balance_sheet_policy_shift,2010-09-23,-27,0.03319154307246208
2010-11-03,balance_sheet_policy_shift,2010-09-24,-26,0.033889614045619965
2010-11-03,balance_sheet_policy_shift,2010-09-27,-25,0.030169624835252762
2010-11-03,balance_sheet_policy_shift,2010-09-28,-24,0.03233849257230759
2010-11-03,balance_sheet_policy_shift,2010-09-29,-23,0.03357204049825668
2010-11-03,balance_sheet_policy_shift,2010-09-30,-22,0.03309033066034317
2010-11-03,balance_sheet_policy_shift,2010-10-01,-21,0.03161286190152168
2010-11-03,balance_sheet_policy_shift,2010-10-04,-20,0.032464414834976196
2010-11-03,balance_sheet_policy_shift,2010-10-05,-19,0.03763335943222046
2010-11-03,balance_sheet_policy_shift,2010-10-06,-18,0.03830637410283089
2010-11-03,balance_sheet_policy_shift,2010-10-07,-17,0.04303652420639992
2010-11-03,balance_sheet_policy_shift,2010-10-08,-16,0.040465883910655975
2010-11-03,balance_sheet_policy_shift,2010-10-12,-15,0.04119101166725159
2010-11-03,balance_sheet_policy_shift,2010-10-13,-14,0.034674614667892456
2010-11-03,balance_sheet_policy_shift,2010-10-14,-13,0.036912620067596436
2010-11-03,balance_sheet_policy_shift,2010-10-15,-12,0.03456728905439377
2010-11-03,balance_sheet_policy_shift,2010-10-18,-11,0.03361060842871666
2010-11-03,balance_sheet_policy_shift,2010-10-19,-10,0.037572406232357025
2010-11-03,balance_sheet_policy_shift,2010-10-20,-9,0.03757796809077263
2010-11-03,balance_sheet_policy_shift,2010-10-21,-8,0.03841790556907654
2010-11-03,balance_sheet_policy_shift,2010-10-22,-7,0.03180870786309242
2010-11-03,balance_sheet_policy_shift,2010-10-25,-6,0.02907213382422924
2010-11-03,balance_sheet_policy_shift,2010-10-26,-5,0.029233869165182114
2010-11-03,balance_sheet_policy_shift,2010-10-27,-4,0.03146665170788765
2010-11-03,balance_sheet_policy_shift,2010-10-28,-3,0.02817983739078045
2010-11-03,balance_sheet_policy_shift,2010-10-29,-2,0.034176360815763474
2010-11-03,balance_sheet_policy_shift,2010-11-01,-1,0.036909352988004684
2010-11-03,balance_sheet_policy_shift,2010-11-02,0,0.031069694086909294
2010-11-03,risk_balance_shift,2010-09-22,-28,0.03604448586702347
2010-11-03,risk_balance_shift,2010-09-23,-27,0.03328020125627518
2010-11-03,risk_balance_shift,2010-09-24,-26,0.034943707287311554
2010-11-03,risk_balance_shift,2010-09-27,-25,0.03293754532933235
2010-11-03,risk_balance_shift,2010-09-28,-24,0.03183509781956673
2010-11-03,risk_balance_shift,2010-09-29,-23,0.030876411125063896
2010-11-03,risk_balance_shift,2010-09-30,-22,0.030159967020154
2010-11-03,risk_balance_shift,2010-10-01,-21,0.029737232252955437
2010-11-03,risk_balance_shift,2010-10-04,-20,0.029931481927633286
2010-11-03,risk_balance_shift,2010-10-05,-19,0.03388821706175804
2010-11-03,risk_balance_shift,2010-10-06,-18,0.03466535359621048
2010-11-03,risk_balance_shift,2010-10-07,-17,0.03740330785512924
2010-11-03,risk_balance_shift,2010-10-08,-16,0.03653353825211525
2010-11-03,risk_balance_shift,2010-10-12,-15,0.03748491778969765
2010-11-03,risk_balance_shift,2010-10-13,-14,0.03457336500287056
2010-11-03,risk_balance_shift,2010-10-14,-13,0.0370374470949173
2010-11-03,risk_balance_shift,2010-10-15,-12,0.036594368517398834
2010-11-03,risk_balance_shift,2010-10-18,-11,0.034546319395303726
2010-11-03,risk_balance_shift,2010-10-19,-10,0.03691110014915466
2010-11-03,risk_balance_shift,2010-10-20,-9,0.035199351608753204
2010-11-03,risk_balance_shift,2010-10-21,-8,0.03638346865773201
2010-11-03,risk_balance_shift,2010-10-22,-7,0.0316617526113987
2010-11-03,risk_balance_shift,2010-10-25,-6,0.0298299677670002
2010-11-03,risk_balance_shift,2010-10-26,-5,0.033025532960891724
2010-11-03,risk_balance_shift,2010-10-27,-4,0.03455642983317375
2010-11-03,risk_balance_shift,2010-10-28,-3,0.03236173838376999
2010-11-03,risk_balance_shift,2010-10-29,-2,0.035973869264125824
2010-11-03,risk_balance_shift,2010-11-01,-1,0.03963698074221611
2010-11-03,risk_balance_shift,2010-11-02,0,0.0419868603348732
2010-11-03,committee_dispersion,2010-09-22,-28,0.03605804592370987
2010-11-03,committee_dispersion,2010-09-23,-27,0.03357928991317749
2010-11-03,committee_dispersion,2010-09-24,-26,0.03505389392375946
2010-11-03,committee_dispersion,2010-09-27,-25,0.037300556898117065
2010-11-03,committee_dispersion,2010-09-28,-24,0.03302571922540665
2010-11-03,committee_dispersion,2010-09-29,-23,0.03156130760908127
2010-11-03,committee_dispersion,2010-09-30,-22,0.031585317105054855
2010-11-03,committee_dispersion,2010-10-01,-21,0.034540195018053055
2010-11-03,committee_dispersion,2010-10-04,-20,0.03271206095814705
2010-11-03,committee_dispersion,2010-10-05,-19,0.03134404867887497
2010-11-03,committee_dispersion,2010-10-06,-18,0.030651893466711044
2010-11-03,committee_dispersion,2010-10-07,-17,0.029153097420930862
2010-11-03,committee_dispersion,2010-10-08,-16,0.02980298176407814
2010-11-03,committee_dispersion,2010-10-12,-15,0.029811697080731392
2010-11-03,committee_dispersion,2010-10-13,-14,0.03376305103302002
2010-11-03,committee_dispersion,2010-10-14,-13,0.03327265381813049
2010-11-03,committee_dispersion,2010-10-15,-12,0.035665951669216156
2010-11-03,committee_dispersion,2010-10-18,-11,0.03542153909802437
2010-11-03,committee_dispersion,2010-10-19,-10,0.03521556407213211
2010-11-03,committee_dispersion,2010-10-20,-9,0.03255061060190201
2010-11-03,committee_dispersion,2010-10-21,-8,0.031623076647520065
2010-11-03,committee_dispersion,2010-10-22,-7,0.03418535739183426
2010-11-03,committee_dispersion,2010-10-25,-6,0.03517521172761917
2010-11-03,committee_dispersion,2010-10-26,-5,0.03747835010290146
2010-11-03,committee_dispersion,2010-10-27,-4,0.03662412613630295
2010-11-03,committee_dispersion,2010-10-28,-3,0.040327612310647964
2010-11-03,committee_dispersion,2010-10-29,-2,0.035962510854005814
2010-11-03,committee_dispersion,2010-11-01,-1,0.03894340246915817
2010-11-03,committee_dispersion,2010-11-02,0,0.04761090129613876
2010-11-03,policy_uncertainty,2010-09-22,-28,0.03670380264520645
2010-11-03,policy_uncertainty,2010-09-23,-27,0.03346759453415871
2010-11-03,policy_uncertainty,2010-09-24,-26,0.036385081708431244
2010-11-03,policy_uncertainty,2010-09-27,-25,0.036055274307727814
2010-11-03,policy_uncertainty,2010-09-28,-24,0.03232899680733681
2010-11-03,policy_uncertainty,2010-09-29,-23,0.03160769119858742
2010-11-03,policy_uncertainty,2010-09-30,-22,0.03080667369067669
2010-11-03,policy_uncertainty,2010-10-01,-21,0.03304377198219299
2010-11-03,policy_uncertainty,2010-10-04,-20,0.032050199806690216
2010-11-03,policy_uncertainty,2010-10-05,-19,0.032942332327365875
2010-11-03,policy_uncertainty,2010-10-06,-18,0.0321483314037323
2010-11-03,policy_uncertainty,2010-10-07,-17,0.03267236426472664
2010-11-03,policy_uncertainty,2010-10-08,-16,0.03267394006252289
2010-11-03,policy_uncertainty,2010-10-12,-15,0.03263866528868675
2010-11-03,policy_uncertainty,2010-10-13,-14,0.03375082090497017
2010-11-03,policy_uncertainty,2010-10-14,-13,0.03476116061210632
2010-11-03,policy_uncertainty,2010-10-15,-12,0.03658916428685188
2010-11-03,policy_uncertainty,2010-10-18,-11,0.03502296656370163
2010-11-03,policy_uncertainty,2010-10-19,-10,0.03623286634683609
2010-11-03,policy_uncertainty,2010-10-20,-9,0.03321361541748047
2010-11-03,policy_uncertainty,2010-10-21,-8,0.033279843628406525
2010-11-03,policy_uncertainty,2010-10-22,-7,0.03222087398171425
2010-11-03,policy_uncertainty,2010-10-25,-6,0.031225237995386124
2010-11-03,policy_uncertainty,2010-10-26,-5,0.03410255163908005
2010-11-03,policy_uncertainty,2010-10-27,-4,0.03465341031551361
2010-11-03,policy_uncertainty,2010-10-28,-3,0.036255959421396255
2010-11-03,policy_uncertainty,2010-10-29,-2,0.03495262563228607
2010-11-03,policy_uncertainty,2010-11-01,-1,0.04065607488155365
2010-11-03,policy_uncertainty,2010-11-02,0,0.04755810648202896
2010-11-03,forward_guidance_strength,2010-09-22,-28,0.03525315970182419
2010-11-03,forward_guidance_strength,2010-09-23,-27,0.03339345380663872
2010-11-03,forward_guidance_strength,2010-09-24,-26,0.035016972571611404
2010-11-03,forward_guidance_strength,2010-09-27,-25,0.03694126009941101
2010-11-03,forward_guidance_strength,2010-09-28,-24,0.033346764743328094
2010-11-03,forward_guidance_strength,2010-09-29,-23,0.031762901693582535
2010-11-03,forward_guidance_strength,2010-09-30,-22,0.03262918442487717
2010-11-03,forward_guidance_strength,2010-10-01,-21,0.034793682396411896
2010-11-03,forward_guidance_strength,2010-10-04,-20,0.033534061163663864
2010-11-03,forward_guidance_strength,2010-10-05,-19,0.031340524554252625
2010-11-03,forward_guidance_strength,2010-10-06,-18,0.030479900538921356
2010-11-03,forward_guidance_strength,2010-10-07,-17,0.028576474636793137
2010-11-03,forward_guidance_strength,2010-10-08,-16,0.02992233820259571
2010-11-03,forward_guidance_strength,2010-10-12,-15,0.029451802372932434
2010-11-03,forward_guidance_strength,2010-10-13,-14,0.03359215706586838
2010-11-03,forward_guidance_strength,2010-10-14,-13,0.0328933447599411
2010-11-03,forward_guidance_strength,2010-10-15,-12,0.0356464758515358
2010-11-03,forward_guidance_strength,2010-10-18,-11,0.03572368994355202
2010-11-03,forward_guidance_strength,2010-10-19,-10,0.034579869359731674
2010-11-03,forward_guidance_strength,2010-10-20,-9,0.032751668244600296
2010-11-03,forward_guidance_strength,2010-10-21,-8,0.03193938732147217
2010-11-03,forward_guidance_strength,2010-10-22,-7,0.03481222689151764
2010-11-03,forward_guidance_strength,2010-10-25,-6,0.035927217453718185
2010-11-03,forward_guidance_strength,2010-10-26,-5,0.03797028213739395
2010-11-03,forward_guidance_strength,2010-10-27,-4,0.03739209845662117
2010-11-03,forward_guidance_strength,2010-10-28,-3,0.041164591908454895
2010-11-03,forward_guidance_strength,2010-10-29,-2,0.03561912477016449
2010-11-03,forward_guidance_strength,2010-11-01,-1,0.03817756846547127
2010-11-03,forward_guidance_strength,2010-11-02,0,0.04536782205104828
2010-12-14,rate_decision,2010-11-04,-25,0.039189502596855164
2010-12-14,rate_decision,2010-11-05,-24,0.03534260019659996
2010-12-14,rate_decision,2010-11-08,-23,0.03777608647942543
2010-12-14,rate_decision,2010-11-09,-22,0.03677678480744362
2010-12-14,rate_decision,2010-11-10,-21,0.033762864768505096
2010-12-14,rate_decision,2010-11-12,-20,0.0335359051823616
2010-12-14,rate_decision,2010-11-15,-19,0.03635401278734207
2010-12-14,rate_decision,2010-11-16,-18,0.04089924693107605
2010-12-14,rate_decision,2010-11-17,-17,0.03670801967382431
2010-12-14,rate_decision,2010-11-18,-16,0.03852198272943497
2010-12-14,rate_decision,2010-11-19,-15,0.046960074454545975
2010-12-14,rate_decision,2010-11-22,-14,0.037849582731723785
2010-12-14,rate_decision,2010-11-23,-13,0.03460335731506348
2010-12-14,rate_decision,2010-11-24,-12,0.03644680604338646
2010-12-14,rate_decision,2010-11-26,-11,0.048593588173389435
2010-12-14,rate_decision,2010-11-29,-10,0.03759168088436127
2010-12-14,rate_decision,2010-11-30,-9,0.033410683274269104
2010-12-14,rate_decision,2010-12-01,-8,0.03221612051129341
2010-12-14,rate_decision,2010-12-02,-7,0.04590589180588722
2010-12-14,rate_decision,2010-12-03,-6,0.0412532277405262
2010-12-14,rate_decision,2010-12-06,-5,0.03574388474225998
2010-12-14,rate_decision,2010-12-07,-4,0.038295432925224304
2010-12-14,rate_decision,2010-12-08,-3,0.04089627042412758
2010-12-14,rate_decision,2010-12-09,-2,0.04304024204611778
2010-12-14,rate_decision,2010-12-10,-1,0.03840119391679764
2010-12-14,rate_decision,2010-12-13,0,0.0399249792098999
2010-12-14,current_policy_stance,2010-11-04,-25,0.04581613093614578
2010-12-14,current_policy_stance,2010-11-05,-24,0.04199574142694473
2010-12-14,current_policy_stance,2010-11-08,-23,0.04168473929166794
2010-12-14,current_policy_stance,2010-11-09,-22,0.041461389511823654
2010-12-14,current_policy_stance,2010-11-10,-21,0.032592881470918655
2010-12-14,current_policy_stance,2010-11-12,-20,0.03496118634939194
2010-12-14,current_policy_stance,2010-11-15,-19,0.03325565904378891
2010-12-14,current_policy_stance,2010-11-16,-18,0.03292521461844444
2010-12-14,current_policy_stance,2010-11-17,-17,0.03264172747731209
2010-12-14,current_policy_stance,2010-11-18,-16,0.032576508820056915
2010-12-14,current_policy_stance,2010-11-19,-15,0.03941856697201729
2010-12-14,current_policy_stance,2010-11-22,-14,0.03858661651611328
2010-12-14,current_policy_stance,2010-11-23,-13,0.04352790489792824
2010-12-14,current_policy_stance,2010-11-24,-12,0.045627836138010025
2010-12-14,current_policy_stance,2010-11-26,-11,0.046482596546411514
2010-12-14,current_policy_stance,2010-11-29,-10,0.043381862342357635
2010-12-14,current_policy_stance,2010-11-30,-9,0.03356239199638367
2010-12-14,current_policy_stance,2010-12-01,-8,0.03752347081899643
2010-12-14,current_policy_stance,2010-12-02,-7,0.04319444298744202
2010-12-14,current_policy_stance,2010-12-03,-6,0.041387271136045456
2010-12-14,current_policy_stance,2010-12-06,-5,0.03660592809319496
2010-12-14,current_policy_stance,2010-12-07,-4,0.039413243532180786
2010-12-14,current_policy_stance,2010-12-08,-3,0.0379873588681221
2010-12-14,current_policy_stance,2010-12-09,-2,0.03547543287277222
2010-12-14,current_policy_stance,2010-12-10,-1,0.03417740762233734
2010-12-14,current_policy_stance,2010-12-13,0,0.03373652696609497
2010-12-14,policy_stance_shift,2010-11-04,-25,0.03594695031642914
2010-12-14,policy_stance_shift,2010-11-05,-24,0.037934958934783936
2010-12-14,policy_stance_shift,2010-11-08,-23,0.035303566604852676
2010-12-14,policy_stance_shift,2010-11-09,-22,0.03838600963354111
2010-12-14,policy_stance_shift,2010-11-10,-21,0.0363524928689003
2010-12-14,policy_stance_shift,2010-11-12,-20,0.03569455072283745
2010-12-14,policy_stance_shift,2010-11-15,-19,0.03780442848801613
2010-12-14,policy_stance_shift,2010-11-16,-18,0.03741378337144852
2010-12-14,policy_stance_shift,2010-11-17,-17,0.03849794715642929
2010-12-14,policy_stance_shift,2010-11-18,-16,0.037918172776699066
2010-12-14,policy_stance_shift,2010-11-19,-15,0.039426494389772415
2010-12-14,policy_stance_shift,2010-11-22,-14,0.03864728659391403
2010-12-14,policy_stance_shift,2010-11-23,-13,0.03646864742040634
2010-12-14,policy_stance_shift,2010-11-24,-12,0.04153847321867943
2010-12-14,policy_stance_shift,2010-11-26,-11,0.03909660875797272
2010-12-14,policy_stance_shift,2010-11-29,-10,0.03919614106416702
2010-12-14,policy_stance_shift,2010-11-30,-9,0.03290768340229988
2010-12-14,policy_stance_shift,2010-12-01,-8,0.03487914055585861
2010-12-14,policy_stance_shift,2010-12-02,-7,0.03668079525232315
2010-12-14,policy_stance_shift,2010-12-03,-6,0.04034120589494705
2010-12-14,policy_stance_shift,2010-12-06,-5,0.038149937987327576
2010-12-14,policy_stance_shift,2010-12-07,-4,0.03859846293926239
2010-12-14,policy_stance_shift,2010-12-08,-3,0.0426754467189312
2010-12-14,policy_stance_shift,2010-12-09,-2,0.04322964698076248
2010-12-14,policy_stance_shift,2010-12-10,-1,0.04533877596259117
2010-12-14,policy_stance_shift,2010-12-13,0,0.04157237708568573
2010-12-14,expected_rate_path_shift,2010-11-04,-25,0.03707488998770714
2010-12-14,expected_rate_path_shift,2010-11-05,-24,0.03950946778059006
2010-12-14,expected_rate_path_shift,2010-11-08,-23,0.035062190145254135
2010-12-14,expected_rate_path_shift,2010-11-09,-22,0.03868052735924721
2010-12-14,expected_rate_path_shift,2010-11-10,-21,0.03559140861034393
2010-12-14,expected_rate_path_shift,2010-11-12,-20,0.03490046411752701
2010-12-14,expected_rate_path_shift,2010-11-15,-19,0.03742584213614464
2010-12-14,expected_rate_path_shift,2010-11-16,-18,0.036448437720537186
2010-12-14,expected_rate_path_shift,2010-11-17,-17,0.03804360330104828
2010-12-14,expected_rate_path_shift,2010-11-18,-16,0.03761318698525429
2010-12-14,expected_rate_path_shift,2010-11-19,-15,0.0401635468006134
2010-12-14,expected_rate_path_shift,2010-11-22,-14,0.03860708698630333
2010-12-14,expected_rate_path_shift,2010-11-23,-13,0.03637874871492386
2010-12-14,expected_rate_path_shift,2010-11-24,-12,0.04359196126461029
2010-12-14,expected_rate_path_shift,2010-11-26,-11,0.03938134387135506
2010-12-14,expected_rate_path_shift,2010-11-29,-10,0.0401173010468483
2010-12-14,expected_rate_path_shift,2010-11-30,-9,0.033045694231987
2010-12-14,expected_rate_path_shift,2010-12-01,-8,0.035192664712667465
2010-12-14,expected_rate_path_shift,2010-12-02,-7,0.036494188010692596
2010-12-14,expected_rate_path_shift,2010-12-03,-6,0.04042292386293411
2010-12-14,expected_rate_path_shift,2010-12-06,-5,0.0373087152838707
2010-12-14,expected_rate_path_shift,2010-12-07,-4,0.03813657909631729
2010-12-14,expected_rate_path_shift,2010-12-08,-3,0.04209921136498451
2010-12-14,expected_rate_path_shift,2010-12-09,-2,0.04208997264504433
2010-12-14,expected_rate_path_shift,2010-12-10,-1,0.04539637640118599
2010-12-14,expected_rate_path_shift,2010-12-13,0,0.04122365266084671
2010-12-14,inflation_assessment_shift,2010-11-04,-25,0.03906401991844177
2010-12-14,inflation_assessment_shift,2010-11-05,-24,0.03843921050429344
2010-12-14,inflation_assessment_shift,2010-11-08,-23,0.0368819534778595
2010-12-14,inflation_assessment_shift,2010-11-09,-22,0.03970881924033165
2010-12-14,inflation_assessment_shift,2010-11-10,-21,0.03363189846277237
2010-12-14,inflation_assessment_shift,2010-11-12,-20,0.03447369486093521
2010-12-14,inflation_assessment_shift,2010-11-15,-19,0.03548124432563782
2010-12-14,inflation_assessment_shift,2010-11-16,-18,0.035443391650915146
2010-12-14,inflation_assessment_shift,2010-11-17,-17,0.03542754426598549
2010-12-14,inflation_assessment_shift,2010-11-18,-16,0.03555529564619064
2010-12-14,inflation_assessment_shift,2010-11-19,-15,0.04061032086610794
2010-12-14,inflation_assessment_shift,2010-11-22,-14,0.03850492089986801
2010-12-14,inflation_assessment_shift,2010-11-23,-13,0.03815680369734764
2010-12-14,inflation_assessment_shift,2010-11-24,-12,0.04363619536161423
2010-12-14,inflation_assessment_shift,2010-11-26,-11,0.0437743254005909
2010-12-14,inflation_assessment_shift,2010-11-29,-10,0.04234682768583298
2010-12-14,inflation_assessment_shift,2010-11-30,-9,0.03231018781661987
2010-12-14,inflation_assessment_shift,2010-12-01,-8,0.034640103578567505
2010-12-14,inflation_assessment_shift,2010-12-02,-7,0.040399614721536636
2010-12-14,inflation_assessment_shift,2010-12-03,-6,0.04195381700992584
2010-12-14,inflation_assessment_shift,2010-12-06,-5,0.03751429170370102
2010-12-14,inflation_assessment_shift,2010-12-07,-4,0.03909769281744957
2010-12-14,inflation_assessment_shift,2010-12-08,-3,0.04157165437936783
2010-12-14,inflation_assessment_shift,2010-12-09,-2,0.041040223091840744
2010-12-14,inflation_assessment_shift,2010-12-10,-1,0.040671564638614655
2010-12-14,inflation_assessment_shift,2010-12-13,0,0.03966435790061951
2010-12-14,inflation_risk_shift,2010-11-04,-25,0.038770463317632675
2010-12-14,inflation_risk_shift,2010-11-05,-24,0.039974696934223175
2010-12-14,inflation_risk_shift,2010-11-08,-23,0.03646025061607361
2010-12-14,inflation_risk_shift,2010-11-09,-22,0.038302015513181686
2010-12-14,inflation_risk_shift,2010-11-10,-21,0.03382554277777672
2010-12-14,inflation_risk_shift,2010-11-12,-20,0.03428880497813225
2010-12-14,inflation_risk_shift,2010-11-15,-19,0.03579966351389885
2010-12-14,inflation_risk_shift,2010-11-16,-18,0.03492742404341698
2010-12-14,inflation_risk_shift,2010-11-17,-17,0.03703795373439789
2010-12-14,inflation_risk_shift,2010-11-18,-16,0.0366196446120739
2010-12-14,inflation_risk_shift,2010-11-19,-15,0.04013749584555626
2010-12-14,inflation_risk_shift,2010-11-22,-14,0.0383487194776535
2010-12-14,inflation_risk_shift,2010-11-23,-13,0.03939932957291603
2010-12-14,inflation_risk_shift,2010-11-24,-12,0.04504597187042236
2010-12-14,inflation_risk_shift,2010-11-26,-11,0.04236607626080513
2010-12-14,inflation_risk_shift,2010-11-29,-10,0.04016890376806259
2010-12-14,inflation_risk_shift,2010-11-30,-9,0.034006886184215546
2010-12-14,inflation_risk_shift,2010-12-01,-8,0.035751160234212875
2010-12-14,inflation_risk_shift,2010-12-02,-7,0.038426127284765244
2010-12-14,inflation_risk_shift,2010-12-03,-6,0.03931492194533348
2010-12-14,inflation_risk_shift,2010-12-06,-5,0.03698273003101349
2010-12-14,inflation_risk_shift,2010-12-07,-4,0.03855542838573456
2010-12-14,inflation_risk_shift,2010-12-08,-3,0.041292671114206314
2010-12-14,inflation_risk_shift,2010-12-09,-2,0.041339900344610214
2010-12-14,inflation_risk_shift,2010-12-10,-1,0.043242231011390686
2010-12-14,inflation_risk_shift,2010-12-13,0,0.03961500898003578
2010-12-14,unemployment_assessment_shift,2010-11-04,-25,0.03816084563732147
2010-12-14,unemployment_assessment_shift,2010-11-05,-24,0.03805416822433472
2010-12-14,unemployment_assessment_shift,2010-11-08,-23,0.03562881425023079
2010-12-14,unemployment_assessment_shift,2010-11-09,-22,0.03795148804783821
2010-12-14,unemployment_assessment_shift,2010-11-10,-21,0.03393784165382385
2010-12-14,unemployment_assessment_shift,2010-11-12,-20,0.033891309052705765
2010-12-14,unemployment_assessment_shift,2010-11-15,-19,0.03610924258828163
2010-12-14,unemployment_assessment_shift,2010-11-16,-18,0.03578203171491623
2010-12-14,unemployment_assessment_shift,2010-11-17,-17,0.03635051101446152
2010-12-14,unemployment_assessment_shift,2010-11-18,-16,0.03643764182925224
2010-12-14,unemployment_assessment_shift,2010-11-19,-15,0.04106646031141281
2010-12-14,unemployment_assessment_shift,2010-11-22,-14,0.03836570680141449
2010-12-14,unemployment_assessment_shift,2010-11-23,-13,0.036913566291332245
2010-12-14,unemployment_assessment_shift,2010-11-24,-12,0.042054977267980576
2010-12-14,unemployment_assessment_shift,2010-11-26,-11,0.043605078011751175
2010-12-14,unemployment_assessment_shift,2010-11-29,-10,0.041520051658153534
2010-12-14,unemployment_assessment_shift,2010-11-30,-9,0.03340299427509308
2010-12-14,unemployment_assessment_shift,2010-12-01,-8,0.034097760915756226
2010-12-14,unemployment_assessment_shift,2010-12-02,-7,0.03952972590923309
2010-12-14,unemployment_assessment_shift,2010-12-03,-6,0.04170326143503189
2010-12-14,unemployment_assessment_shift,2010-12-06,-5,0.037538349628448486
2010-12-14,unemployment_assessment_shift,2010-12-07,-4,0.038524165749549866
2010-12-14,unemployment_assessment_shift,2010-12-08,-3,0.042036570608615875
2010-12-14,unemployment_assessment_shift,2010-12-09,-2,0.04200826212763786
2010-12-14,unemployment_assessment_shift,2010-12-10,-1,0.04340438172221184
2010-12-14,unemployment_assessment_shift,2010-12-13,0,0.04192480444908142
2010-12-14,labor_market_risk_shift,2010-11-04,-25,0.041237130761146545
2010-12-14,labor_market_risk_shift,2010-11-05,-24,0.039257850497961044
2010-12-14,labor_market_risk_shift,2010-11-08,-23,0.03709247708320618
2010-12-14,labor_market_risk_shift,2010-11-09,-22,0.040063343942165375
2010-12-14,labor_market_risk_shift,2010-11-10,-21,0.03302987292408943
2010-12-14,labor_market_risk_shift,2010-11-12,-20,0.03356880694627762
2010-12-14,labor_market_risk_shift,2010-11-15,-19,0.03468065708875656
2010-12-14,labor_market_risk_shift,2010-11-16,-18,0.03422749042510986
2010-12-14,labor_market_risk_shift,2010-11-17,-17,0.034511499106884
2010-12-14,labor_market_risk_shift,2010-11-18,-16,0.03475877270102501
2010-12-14,labor_market_risk_shift,2010-11-19,-15,0.04122424125671387
2010-12-14,labor_market_risk_shift,2010-11-22,-14,0.039884455502033234
2010-12-14,labor_market_risk_shift,2010-11-23,-13,0.03932158648967743
2010-12-14,labor_market_risk_shift,2010-11-24,-12,0.04500632733106613
2010-12-14,labor_market_risk_shift,2010-11-26,-11,0.04422447830438614
2010-12-14,labor_market_risk_shift,2010-11-29,-10,0.042998772114515305
2010-12-14,labor_market_risk_shift,2010-11-30,-9,0.032427214086055756
2010-12-14,labor_market_risk_shift,2010-12-01,-8,0.03454063832759857
2010-12-14,labor_market_risk_shift,2010-12-02,-7,0.04041801393032074
2010-12-14,labor_market_risk_shift,2010-12-03,-6,0.04249744117259979
2010-12-14,labor_market_risk_shift,2010-12-06,-5,0.0376613587141037
2010-12-14,labor_market_risk_shift,2010-12-07,-4,0.03916628286242485
2010-12-14,labor_market_risk_shift,2010-12-08,-3,0.04084482416510582
2010-12-14,labor_market_risk_shift,2010-12-09,-2,0.03921758010983467
2010-12-14,labor_market_risk_shift,2010-12-10,-1,0.03947995603084564
2010-12-14,labor_market_risk_shift,2010-12-13,0,0.038658928126096725
2010-12-14,growth_activity_shift,2010-11-04,-25,0.03234400227665901
2010-12-14,growth_activity_shift,2010-11-05,-24,0.03622756898403168
2010-12-14,growth_activity_shift,2010-11-08,-23,0.03228939697146416
2010-12-14,growth_activity_shift,2010-11-09,-22,0.035080160945653915
2010-12-14,growth_activity_shift,2010-11-10,-21,0.03942641243338585
2010-12-14,growth_activity_shift,2010-11-12,-20,0.03630375117063522
2010-12-14,growth_activity_shift,2010-11-15,-19,0.04077817127108574
2010-12-14,growth_activity_shift,2010-11-16,-18,0.04219745844602585
2010-12-14,growth_activity_shift,2010-11-17,-17,0.0426093153655529
2010-12-14,growth_activity_shift,2010-11-18,-16,0.04277324303984642
2010-12-14,growth_activity_shift,2010-11-19,-15,0.039509326219558716
2010-12-14,growth_activity_shift,2010-11-22,-14,0.03800724446773529
2010-12-14,growth_activity_shift,2010-11-23,-13,0.033888835459947586
2010-12-14,growth_activity_shift,2010-11-24,-12,0.038150228559970856
2010-12-14,growth_activity_shift,2010-11-26,-11,0.03474494442343712
2010-12-14,growth_activity_shift,2010-11-29,-10,0.03571773320436478
2010-12-14,growth_activity_shift,2010-11-30,-9,0.03658866882324219
2010-12-14,growth_activity_shift,2010-12-01,-8,0.03551642224192619
2010-12-14,growth_activity_shift,2010-12-02,-7,0.03418731316924095
2010-12-14,growth_activity_shift,2010-12-03,-6,0.03752670809626579
2010-12-14,growth_activity_shift,2010-12-06,-5,0.03902164474129677
2010-12-14,growth_activity_shift,2010-12-07,-4,0.0363982655107975
2010-12-14,growth_activity_shift,2010-12-08,-3,0.04118891805410385
2010-12-14,growth_activity_shift,2010-12-09,-2,0.04535830020904541
2010-12-14,growth_activity_shift,2010-12-10,-1,0.047732941806316376
2010-12-14,growth_activity_shift,2010-12-13,0,0.04643303528428078
2010-12-14,financial_conditions_shift,2010-11-04,-25,0.032512933015823364
2010-12-14,financial_conditions_shift,2010-11-05,-24,0.036242689937353134
2010-12-14,financial_conditions_shift,2010-11-08,-23,0.03263460099697113
2010-12-14,financial_conditions_shift,2010-11-09,-22,0.03575047850608826
2010-12-14,financial_conditions_shift,2010-11-10,-21,0.03900396078824997
2010-12-14,financial_conditions_shift,2010-11-12,-20,0.0361863374710083
2010-12-14,financial_conditions_shift,2010-11-15,-19,0.04081420972943306
2010-12-14,financial_conditions_shift,2010-11-16,-18,0.0421130508184433
2010-12-14,financial_conditions_shift,2010-11-17,-17,0.04265538975596428
2010-12-14,financial_conditions_shift,2010-11-18,-16,0.041925325989723206
2010-12-14,financial_conditions_shift,2010-11-19,-15,0.03946291282773018
2010-12-14,financial_conditions_shift,2010-11-22,-14,0.03783029317855835
2010-12-14,financial_conditions_shift,2010-11-23,-13,0.0327923409640789
2010-12-14,financial_conditions_shift,2010-11-24,-12,0.0379917286336422
2010-12-14,financial_conditions_shift,2010-11-26,-11,0.034937821328639984
2010-12-14,financial_conditions_shift,2010-11-29,-10,0.036123454570770264
2010-12-14,financial_conditions_shift,2010-11-30,-9,0.0351681187748909
2010-12-14,financial_conditions_shift,2010-12-01,-8,0.03487062454223633
2010-12-14,financial_conditions_shift,2010-12-02,-7,0.035225700587034225
2010-12-14,financial_conditions_shift,2010-12-03,-6,0.03810479864478111
2010-12-14,financial_conditions_shift,2010-12-06,-5,0.03765511512756348
2010-12-14,financial_conditions_shift,2010-12-07,-4,0.03629670292139053
2010-12-14,financial_conditions_shift,2010-12-08,-3,0.04221702739596367
2010-12-14,financial_conditions_shift,2010-12-09,-2,0.045628033578395844
2010-12-14,financial_conditions_shift,2010-12-10,-1,0.04889864847064018
2010-12-14,financial_conditions_shift,2010-12-13,0,0.04695771634578705
2010-12-14,balance_sheet_policy_shift,2010-11-04,-25,0.03298366069793701
2010-12-14,balance_sheet_policy_shift,2010-11-05,-24,0.036695703864097595
2010-12-14,balance_sheet_policy_shift,2010-11-08,-23,0.03319074958562851
2010-12-14,balance_sheet_policy_shift,2010-11-09,-22,0.03651862591505051
2010-12-14,balance_sheet_policy_shift,2010-11-10,-21,0.039394233375787735
2010-12-14,balance_sheet_policy_shift,2010-11-12,-20,0.036827780306339264
2010-12-14,balance_sheet_policy_shift,2010-11-15,-19,0.04018552601337433
2010-12-14,balance_sheet_policy_shift,2010-11-16,-18,0.041347015649080276
2010-12-14,balance_sheet_policy_shift,2010-11-17,-17,0.042105741798877716
2010-12-14,balance_sheet_policy_shift,2010-11-18,-16,0.04171858727931976
2010-12-14,balance_sheet_policy_shift,2010-11-19,-15,0.0391264483332634
2010-12-14,balance_sheet_policy_shift,2010-11-22,-14,0.038123443722724915
2010-12-14,balance_sheet_policy_shift,2010-11-23,-13,0.033380188047885895
2010-12-14,balance_sheet_policy_shift,2010-11-24,-12,0.037565700709819794
2010-12-14,balance_sheet_policy_shift,2010-11-26,-11,0.03506482392549515
2010-12-14,balance_sheet_policy_shift,2010-11-29,-10,0.03695034980773926
2010-12-14,balance_sheet_policy_shift,2010-11-30,-9,0.03538065031170845
2010-12-14,balance_sheet_policy_shift,2010-12-01,-8,0.03504781052470207
2010-12-14,balance_sheet_policy_shift,2010-12-02,-7,0.034651633352041245
2010-12-14,balance_sheet_policy_shift,2010-12-03,-6,0.0389336459338665
2010-12-14,balance_sheet_policy_shift,2010-12-06,-5,0.038887057453393936
2010-12-14,balance_sheet_policy_shift,2010-12-07,-4,0.036891378462314606
2010-12-14,balance_sheet_policy_shift,2010-12-08,-3,0.04140430688858032
2010-12-14,balance_sheet_policy_shift,2010-12-09,-2,0.04469984769821167
2010-12-14,balance_sheet_policy_shift,2010-12-10,-1,0.04730585217475891
2010-12-14,balance_sheet_policy_shift,2010-12-13,0,0.04561925679445267
2010-12-14,risk_balance_shift,2010-11-04,-25,0.039937254041433334
2010-12-14,risk_balance_shift,2010-11-05,-24,0.03852776065468788
2010-12-14,risk_balance_shift,2010-11-08,-23,0.037330254912376404
2010-12-14,risk_balance_shift,2010-11-09,-22,0.03938586264848709
2010-12-14,risk_balance_shift,2010-11-10,-21,0.033907875418663025
2010-12-14,risk_balance_shift,2010-11-12,-20,0.03453638404607773
2010-12-14,risk_balance_shift,2010-11-15,-19,0.0354805514216423
2010-12-14,risk_balance_shift,2010-11-16,-18,0.03521117940545082
2010-12-14,risk_balance_shift,2010-11-17,-17,0.03488960489630699
2010-12-14,risk_balance_shift,2010-11-18,-16,0.03482232987880707
2010-12-14,risk_balance_shift,2010-11-19,-15,0.03880452737212181
2010-12-14,risk_balance_shift,2010-11-22,-14,0.03811970353126526
2010-12-14,risk_balance_shift,2010-11-23,-13,0.0395052395761013
2010-12-14,risk_balance_shift,2010-11-24,-12,0.04239313676953316
2010-12-14,risk_balance_shift,2010-11-26,-11,0.04276349022984505
2010-12-14,risk_balance_shift,2010-11-29,-10,0.04154082387685776
2010-12-14,risk_balance_shift,2010-11-30,-9,0.03338245302438736
2010-12-14,risk_balance_shift,2010-12-01,-8,0.034987278282642365
2010-12-14,risk_balance_shift,2010-12-02,-7,0.04028815031051636
2010-12-14,risk_balance_shift,2010-12-03,-6,0.04121179133653641
2010-12-14,risk_balance_shift,2010-12-06,-5,0.03901376947760582
2010-12-14,risk_balance_shift,2010-12-07,-4,0.03929083049297333
2010-12-14,risk_balance_shift,2010-12-08,-3,0.04169675335288048
2010-12-14,risk_balance_shift,2010-12-09,-2,0.04168510064482689
2010-12-14,risk_balance_shift,2010-12-10,-1,0.040864475071430206
2010-12-14,risk_balance_shift,2010-12-13,0,0.0404234379529953
2010-12-14,committee_dispersion,2010-11-04,-25,0.03192197158932686
2010-12-14,committee_dispersion,2010-11-05,-24,0.036296140402555466
2010-12-14,committee_dispersion,2010-11-08,-23,0.03232969343662262
2010-12-14,committee_dispersion,2010-11-09,-22,0.036177244037389755
2010-12-14,committee_dispersion,2010-11-10,-21,0.040058866143226624
2010-12-14,committee_dispersion,2010-11-12,-20,0.036782339215278625
2010-12-14,committee_dispersion,2010-11-15,-19,0.040920957922935486
2010-12-14,committee_dispersion,2010-11-16,-18,0.041893038898706436
2010-12-14,committee_dispersion,2010-11-17,-17,0.042740605771541595
2010-12-14,committee_dispersion,2010-11-18,-16,0.04236668348312378
2010-12-14,committee_dispersion,2010-11-19,-15,0.03919891268014908
2010-12-14,committee_dispersion,2010-11-22,-14,0.039182163774967194
2010-12-14,committee_dispersion,2010-11-23,-13,0.03245009481906891
2010-12-14,committee_dispersion,2010-11-24,-12,0.03786381334066391
2010-12-14,committee_dispersion,2010-11-26,-11,0.03393324092030525
2010-12-14,committee_dispersion,2010-11-29,-10,0.03684813156723976
2010-12-14,committee_dispersion,2010-11-30,-9,0.035458289086818695
2010-12-14,committee_dispersion,2010-12-01,-8,0.03544023633003235
2010-12-14,committee_dispersion,2010-12-02,-7,0.03398357704281807
2010-12-14,committee_dispersion,2010-12-03,-6,0.03872108459472656
2010-12-14,committee_dispersion,2010-12-06,-5,0.03857475146651268
2010-12-14,committee_dispersion,2010-12-07,-4,0.03694213181734085
2010-12-14,committee_dispersion,2010-12-08,-3,0.04171231389045715
2010-12-14,committee_dispersion,2010-12-09,-2,0.04466064274311066
2010-12-14,committee_dispersion,2010-12-10,-1,0.047566574066877365
2010-12-14,committee_dispersion,2010-12-13,0,0.04597649723291397
2010-12-14,policy_uncertainty,2010-11-04,-25,0.04188733547925949
2010-12-14,policy_uncertainty,2010-11-05,-24,0.04081255942583084
2010-12-14,policy_uncertainty,2010-11-08,-23,0.03836303576827049
2010-12-14,policy_uncertainty,2010-11-09,-22,0.04077163711190224
2010-12-14,policy_uncertainty,2010-11-10,-21,0.03339139744639397
2010-12-14,policy_uncertainty,2010-11-12,-20,0.03463154286146164
2010-12-14,policy_uncertainty,2010-11-15,-19,0.03483474254608154
2010-12-14,policy_uncertainty,2010-11-16,-18,0.034010376781225204
2010-12-14,policy_uncertainty,2010-11-17,-17,0.03453875705599785
2010-12-14,policy_uncertainty,2010-11-18,-16,0.034565430134534836
2010-12-14,policy_uncertainty,2010-11-19,-15,0.04016862437129021
2010-12-14,policy_uncertainty,2010-11-22,-14,0.039004627615213394
2010-12-14,policy_uncertainty,2010-11-23,-13,0.040499258786439896
2010-12-14,policy_uncertainty,2010-11-24,-12,0.046077094972133636
2010-12-14,policy_uncertainty,2010-11-26,-11,0.04406481608748436
2010-12-14,policy_uncertainty,2010-11-29,-10,0.042575716972351074
2010-12-14,policy_uncertainty,2010-11-30,-9,0.033042047172784805
2010-12-14,policy_uncertainty,2010-12-01,-8,0.036104775965213776
2010-12-14,policy_uncertainty,2010-12-02,-7,0.03971255570650101
2010-12-14,policy_uncertainty,2010-12-03,-6,0.04123227670788765
2010-12-14,policy_uncertainty,2010-12-06,-5,0.036921560764312744
2010-12-14,policy_uncertainty,2010-12-07,-4,0.03921930119395256
2010-12-14,policy_uncertainty,2010-12-08,-3,0.039624929428100586
2010-12-14,policy_uncertainty,2010-12-09,-2,0.03786886855959892
2010-12-14,policy_uncertainty,2010-12-10,-1,0.038895078003406525
2010-12-14,policy_uncertainty,2010-12-13,0,0.03718166798353195
2010-12-14,forward_guidance_strength,2010-11-04,-25,0.031034037470817566
2010-12-14,forward_guidance_strength,2010-11-05,-24,0.03488641977310181
2010-12-14,forward_guidance_strength,2010-11-08,-23,0.03240665793418884
2010-12-14,forward_guidance_strength,2010-11-09,-22,0.03498763218522072
2010-12-14,forward_guidance_strength,2010-11-10,-21,0.041525062173604965
2010-12-14,forward_guidance_strength,2010-11-12,-20,0.03800085186958313
2010-12-14,forward_guidance_strength,2010-11-15,-19,0.04252089560031891
2010-12-14,forward_guidance_strength,2010-11-16,-18,0.04444624111056328
2010-12-14,forward_guidance_strength,2010-11-17,-17,0.044664353132247925
2010-12-14,forward_guidance_strength,2010-11-18,-16,0.044181086122989655
2010-12-14,forward_guidance_strength,2010-11-19,-15,0.03943131864070892
2010-12-14,forward_guidance_strength,2010-11-22,-14,0.03786108270287514
2010-12-14,forward_guidance_strength,2010-11-23,-13,0.03221459686756134
2010-12-14,forward_guidance_strength,2010-11-24,-12,0.03597118705511093
2010-12-14,forward_guidance_strength,2010-11-26,-11,0.03288562223315239
2010-12-14,forward_guidance_strength,2010-11-29,-10,0.03421951085329056
2010-12-14,forward_guidance_strength,2010-11-30,-9,0.03692179545760155
2010-12-14,forward_guidance_strength,2010-12-01,-8,0.036371223628520966
2010-12-14,forward_guidance_strength,2010-12-02,-7,0.03355260565876961
2010-12-14,forward_guidance_strength,2010-12-03,-6,0.03708595409989357
2010-12-14,forward_guidance_strength,2010-12-06,-5,0.03819572925567627
2010-12-14,forward_guidance_strength,2010-12-07,-4,0.03608626499772072
2010-12-14,forward_guidance_strength,2010-12-08,-3,0.04083842784166336
2010-12-14,forward_guidance_strength,2010-12-09,-2,0.044874079525470734
2010-12-14,forward_guidance_strength,2010-12-10,-1,0.04775228351354599
2010-12-14,forward_guidance_strength,2010-12-13,0,0.047085124999284744
