meeting_date,event_token,price_date,business_day_offset,attention
2002-03-19,rate_decision,2002-01-31,-31,0.02668093517422676
2002-03-19,rate_decision,2002-02-01,-30,0.02592300996184349
2002-03-19,rate_decision,2002-02-04,-29,0.02464134246110916
2002-03-19,rate_decision,2002-02-05,-28,0.025966806337237358
2002-03-19,rate_decision,2002-02-06,-27,0.026466967537999153
2002-03-19,rate_decision,2002-02-07,-26,0.027350639924407005
2002-03-19,rate_decision,2002-02-08,-25,0.028200551867485046
2002-03-19,rate_decision,2002-02-11,-24,0.028590045869350433
2002-03-19,rate_decision,2002-02-12,-23,0.0279323048889637
2002-03-19,rate_decision,2002-02-13,-22,0.029930479824543
2002-03-19,rate_decision,2002-02-14,-21,0.0322704091668129
2002-03-19,rate_decision,2002-02-15,-20,0.030317340046167374
2002-03-19,rate_decision,2002-02-19,-19,0.029348913580179214
2002-03-19,rate_decision,2002-02-20,-18,0.031167596578598022
2002-03-19,rate_decision,2002-02-21,-17,0.03142897039651871
2002-03-19,rate_decision,2002-02-22,-16,0.030183665454387665
2002-03-19,rate_decision,2002-02-25,-15,0.03193899616599083
2002-03-19,rate_decision,2002-02-26,-14,0.03305637091398239
2002-03-19,rate_decision,2002-02-27,-13,0.03698550537228584
2002-03-19,rate_decision,2002-02-28,-12,0.03709029033780098
2002-03-19,rate_decision,2002-03-01,-11,0.03570505976676941
2002-03-19,rate_decision,2002-03-04,-10,0.039171252399683
2002-03-19,rate_decision,2002-03-05,-9,0.03968258202075958
2002-03-19,rate_decision,2002-03-06,-8,0.037776101380586624
2002-03-19,rate_decision,2002-03-07,-7,0.03509477525949478
2002-03-19,rate_decision,2002-03-08,-6,0.03366867080330849
2002-03-19,rate_decision,2002-03-11,-5,0.034573994576931
2002-03-19,rate_decision,2002-03-12,-4,0.03246081620454788
2002-03-19,rate_decision,2002-03-13,-3,0.030291106551885605
2002-03-19,rate_decision,2002-03-14,-2,0.030312007293105125
2002-03-19,rate_decision,2002-03-15,-1,0.028455784544348717
2002-03-19,rate_decision,2002-03-18,0,0.02733670361340046
2002-03-19,current_policy_stance,2002-01-31,-31,0.022040870040655136
2002-03-19,current_policy_stance,2002-02-01,-30,0.023377511650323868
2002-03-19,current_policy_stance,2002-02-04,-29,0.025009283795952797
2002-03-19,current_policy_stance,2002-02-05,-28,0.024020250886678696
2002-03-19,current_policy_stance,2002-02-06,-27,0.02766585163772106
2002-03-19,current_policy_stance,2002-02-07,-26,0.028130648657679558
2002-03-19,current_policy_stance,2002-02-08,-25,0.030381355434656143
2002-03-19,current_policy_stance,2002-02-11,-24,0.030522461980581284
2002-03-19,current_policy_stance,2002-02-12,-23,0.031057827174663544
2002-03-19,current_policy_stance,2002-02-13,-22,0.03594480827450752
2002-03-19,current_policy_stance,2002-02-14,-21,0.03021576628088951
2002-03-19,current_policy_stance,2002-02-15,-20,0.03306179121136665
2002-03-19,current_policy_stance,2002-02-19,-19,0.0360419899225235
2002-03-19,current_policy_stance,2002-02-20,-18,0.03605156019330025
2002-03-19,current_policy_stance,2002-02-21,-17,0.035634443163871765
2002-03-19,current_policy_stance,2002-02-22,-16,0.0336507186293602
2002-03-19,current_policy_stance,2002-02-25,-15,0.039188452064991
2002-03-19,current_policy_stance,2002-02-26,-14,0.04201723635196686
2002-03-19,current_policy_stance,2002-02-27,-13,0.039165791124105453
2002-03-19,current_policy_stance,2002-02-28,-12,0.035772211849689484
2002-03-19,current_policy_stance,2002-03-01,-11,0.035542719066143036
2002-03-19,current_policy_stance,2002-03-04,-10,0.034486282616853714
2002-03-19,current_policy_stance,2002-03-05,-9,0.03255322948098183
2002-03-19,current_policy_stance,2002-03-06,-8,0.02962798997759819
2002-03-19,current_policy_stance,2002-03-07,-7,0.0281386598944664
2002-03-19,current_policy_stance,2002-03-08,-6,0.026898840442299843
2002-03-19,current_policy_stance,2002-03-11,-5,0.027407672256231308
2002-03-19,current_policy_stance,2002-03-12,-4,0.0277653019875288
2002-03-19,current_policy_stance,2002-03-13,-3,0.028265733271837234
2002-03-19,current_policy_stance,2002-03-14,-2,0.03617985546588898
2002-03-19,current_policy_stance,2002-03-15,-1,0.025232629850506783
2002-03-19,current_policy_stance,2002-03-18,0,0.028950268402695656
2002-03-19,policy_stance_shift,2002-01-31,-31,0.022299759089946747
2002-03-19,policy_stance_shift,2002-02-01,-30,0.024964874610304832
2002-03-19,policy_stance_shift,2002-02-04,-29,0.024950357154011726
2002-03-19,policy_stance_shift,2002-02-05,-28,0.024208389222621918
2002-03-19,policy_stance_shift,2002-02-06,-27,0.027429141104221344
2002-03-19,policy_stance_shift,2002-02-07,-26,0.02663343772292137
2002-03-19,policy_stance_shift,2002-02-08,-25,0.029138078913092613
2002-03-19,policy_stance_shift,2002-02-11,-24,0.02789532020688057
2002-03-19,policy_stance_shift,2002-02-12,-23,0.03125758096575737
2002-03-19,policy_stance_shift,2002-02-13,-22,0.03576798737049103
2002-03-19,policy_stance_shift,2002-02-14,-21,0.030071042478084564
2002-03-19,policy_stance_shift,2002-02-15,-20,0.03091910108923912
2002-03-19,policy_stance_shift,2002-02-19,-19,0.03189666196703911
2002-03-19,policy_stance_shift,2002-02-20,-18,0.033456847071647644
2002-03-19,policy_stance_shift,2002-02-21,-17,0.03197665512561798
2002-03-19,policy_stance_shift,2002-02-22,-16,0.0312582403421402
2002-03-19,policy_stance_shift,2002-02-25,-15,0.037147991359233856
2002-03-19,policy_stance_shift,2002-02-26,-14,0.03896466642618179
2002-03-19,policy_stance_shift,2002-02-27,-13,0.0370187908411026
2002-03-19,policy_stance_shift,2002-02-28,-12,0.03462345898151398
2002-03-19,policy_stance_shift,2002-03-01,-11,0.037073537707328796
2002-03-19,policy_stance_shift,2002-03-04,-10,0.035272397100925446
2002-03-19,policy_stance_shift,2002-03-05,-9,0.03182186931371689
2002-03-19,policy_stance_shift,2002-03-06,-8,0.03143760561943054
2002-03-19,policy_stance_shift,2002-03-07,-7,0.032094866037368774
2002-03-19,policy_stance_shift,2002-03-08,-6,0.031110793352127075
2002-03-19,policy_stance_shift,2002-03-11,-5,0.030530186370015144
2002-03-19,policy_stance_shift,2002-03-12,-4,0.030275054275989532
2002-03-19,policy_stance_shift,2002-03-13,-3,0.03257208317518234
2002-03-19,policy_stance_shift,2002-03-14,-2,0.03865755721926689
2002-03-19,policy_stance_shift,2002-03-15,-1,0.029789550229907036
2002-03-19,policy_stance_shift,2002-03-18,0,0.02748611941933632
2002-03-19,expected_rate_path_shift,2002-01-31,-31,0.03366357460618019
2002-03-19,expected_rate_path_shift,2002-02-01,-30,0.03621529042720795
2002-03-19,expected_rate_path_shift,2002-02-04,-29,0.03274904936552048
2002-03-19,expected_rate_path_shift,2002-02-05,-28,0.03277020528912544
2002-03-19,expected_rate_path_shift,2002-02-06,-27,0.03127608448266983
2002-03-19,expected_rate_path_shift,2002-02-07,-26,0.029576990753412247
2002-03-19,expected_rate_path_shift,2002-02-08,-25,0.029159314930438995
2002-03-19,expected_rate_path_shift,2002-02-11,-24,0.02757936529815197
2002-03-19,expected_rate_path_shift,2002-02-12,-23,0.030700717121362686
2002-03-19,expected_rate_path_shift,2002-02-13,-22,0.029277566820383072
2002-03-19,expected_rate_path_shift,2002-02-14,-21,0.03093666583299637
2002-03-19,expected_rate_path_shift,2002-02-15,-20,0.028053585439920425
2002-03-19,expected_rate_path_shift,2002-02-19,-19,0.02586231753230095
2002-03-19,expected_rate_path_shift,2002-02-20,-18,0.02657127007842064
2002-03-19,expected_rate_path_shift,2002-02-21,-17,0.025829950347542763
2002-03-19,expected_rate_path_shift,2002-02-22,-16,0.027443723753094673
2002-03-19,expected_rate_path_shift,2002-02-25,-15,0.02678542770445347
2002-03-19,expected_rate_path_shift,2002-02-26,-14,0.02555701695382595
2002-03-19,expected_rate_path_shift,2002-02-27,-13,0.027138391509652138
2002-03-19,expected_rate_path_shift,2002-02-28,-12,0.029327349737286568
2002-03-19,expected_rate_path_shift,2002-03-01,-11,0.031154971569776535
2002-03-19,expected_rate_path_shift,2002-03-04,-10,0.03173151612281799
2002-03-19,expected_rate_path_shift,2002-03-05,-9,0.030230287462472916
2002-03-19,expected_rate_path_shift,2002-03-06,-8,0.03408064693212509
2002-03-19,expected_rate_path_shift,2002-03-07,-7,0.036632247269153595
2002-03-19,expected_rate_path_shift,2002-03-08,-6,0.03751187026500702
2002-03-19,expected_rate_path_shift,2002-03-11,-5,0.03695599362254143
2002-03-19,expected_rate_path_shift,2002-03-12,-4,0.035794999450445175
2002-03-19,expected_rate_path_shift,2002-03-13,-3,0.03675701096653938
2002-03-19,expected_rate_path_shift,2002-03-14,-2,0.031768798828125
2002-03-19,expected_rate_path_shift,2002-03-15,-1,0.03953225538134575
2002-03-19,expected_rate_path_shift,2002-03-18,0,0.03137555345892906
2002-03-19,inflation_assessment_shift,2002-01-31,-31,0.02204768918454647
2002-03-19,inflation_assessment_shift,2002-02-01,-30,0.025082800537347794
2002-03-19,inflation_assessment_shift,2002-02-04,-29,0.024245940148830414
2002-03-19,inflation_assessment_shift,2002-02-05,-28,0.02376873604953289
2002-03-19,inflation_assessment_shift,2002-02-06,-27,0.026335589587688446
2002-03-19,inflation_assessment_shift,2002-02-07,-26,0.025359857827425003
2002-03-19,inflation_assessment_shift,2002-02-08,-25,0.02767927013337612
2002-03-19,inflation_assessment_shift,2002-02-11,-24,0.02645636722445488
2002-03-19,inflation_assessment_shift,2002-02-12,-23,0.03041389212012291
2002-03-19,inflation_assessment_shift,2002-02-13,-22,0.034069404006004333
2002-03-19,inflation_assessment_shift,2002-02-14,-21,0.029618792235851288
2002-03-19,inflation_assessment_shift,2002-02-15,-20,0.0294656865298748
2002-03-19,inflation_assessment_shift,2002-02-19,-19,0.029439231380820274
2002-03-19,inflation_assessment_shift,2002-02-20,-18,0.031047070398926735
2002-03-19,inflation_assessment_shift,2002-02-21,-17,0.029447518289089203
2002-03-19,inflation_assessment_shift,2002-02-22,-16,0.02940649911761284
2002-03-19,inflation_assessment_shift,2002-02-25,-15,0.03400750085711479
2002-03-19,inflation_assessment_shift,2002-02-26,-14,0.03627142310142517
2002-03-19,inflation_assessment_shift,2002-02-27,-13,0.03554259613156319
2002-03-19,inflation_assessment_shift,2002-02-28,-12,0.03452333062887192
2002-03-19,inflation_assessment_shift,2002-03-01,-11,0.038064032793045044
2002-03-19,inflation_assessment_shift,2002-03-04,-10,0.037000637501478195
2002-03-19,inflation_assessment_shift,2002-03-05,-9,0.03342532366514206
2002-03-19,inflation_assessment_shift,2002-03-06,-8,0.034050971269607544
2002-03-19,inflation_assessment_shift,2002-03-07,-7,0.03573393449187279
2002-03-19,inflation_assessment_shift,2002-03-08,-6,0.035210445523262024
2002-03-19,inflation_assessment_shift,2002-03-11,-5,0.03392862528562546
2002-03-19,inflation_assessment_shift,2002-03-12,-4,0.03301870822906494
2002-03-19,inflation_assessment_shift,2002-03-13,-3,0.03554315119981766
2002-03-19,inflation_assessment_shift,2002-03-14,-2,0.041153401136398315
2002-03-19,inflation_assessment_shift,2002-03-15,-1,0.03226489946246147
2002-03-19,inflation_assessment_shift,2002-03-18,0,0.02637670561671257
2002-03-19,inflation_risk_shift,2002-01-31,-31,0.031110847368836403
2002-03-19,inflation_risk_shift,2002-02-01,-30,0.03437512367963791
2002-03-19,inflation_risk_shift,2002-02-04,-29,0.03077808767557144
2002-03-19,inflation_risk_shift,2002-02-05,-28,0.030688047409057617
2002-03-19,inflation_risk_shift,2002-02-06,-27,0.030027206987142563
2002-03-19,inflation_risk_shift,2002-02-07,-26,0.028410907834768295
2002-03-19,inflation_risk_shift,2002-02-08,-25,0.0287642702460289
2002-03-19,inflation_risk_shift,2002-02-11,-24,0.026653766632080078
2002-03-19,inflation_risk_shift,2002-02-12,-23,0.030932899564504623
2002-03-19,inflation_risk_shift,2002-02-13,-22,0.031168080866336823
2002-03-19,inflation_risk_shift,2002-02-14,-21,0.03110359236598015
2002-03-19,inflation_risk_shift,2002-02-15,-20,0.027984868735074997
2002-03-19,inflation_risk_shift,2002-02-19,-19,0.026251448318362236
2002-03-19,inflation_risk_shift,2002-02-20,-18,0.027735218405723572
2002-03-19,inflation_risk_shift,2002-02-21,-17,0.027041317895054817
2002-03-19,inflation_risk_shift,2002-02-22,-16,0.028150973841547966
2002-03-19,inflation_risk_shift,2002-02-25,-15,0.028199099004268646
2002-03-19,inflation_risk_shift,2002-02-26,-14,0.027829986065626144
2002-03-19,inflation_risk_shift,2002-02-27,-13,0.02890368551015854
2002-03-19,inflation_risk_shift,2002-02-28,-12,0.029305102303624153
2002-03-19,inflation_risk_shift,2002-03-01,-11,0.03191839158535004
2002-03-19,inflation_risk_shift,2002-03-04,-10,0.03285316377878189
2002-03-19,inflation_risk_shift,2002-03-05,-9,0.02992086112499237
2002-03-19,inflation_risk_shift,2002-03-06,-8,0.033106785267591476
2002-03-19,inflation_risk_shift,2002-03-07,-7,0.0355471707880497
2002-03-19,inflation_risk_shift,2002-03-08,-6,0.036963414400815964
2002-03-19,inflation_risk_shift,2002-03-11,-5,0.03695080429315567
2002-03-19,inflation_risk_shift,2002-03-12,-4,0.034821443259716034
2002-03-19,inflation_risk_shift,2002-03-13,-3,0.03680223971605301
2002-03-19,inflation_risk_shift,2002-03-14,-2,0.033791910856962204
2002-03-19,inflation_risk_shift,2002-03-15,-1,0.040143899619579315
2002-03-19,inflation_risk_shift,2002-03-18,0,0.031765375286340714
2002-03-19,unemployment_assessment_shift,2002-01-31,-31,0.03292578086256981
2002-03-19,unemployment_assessment_shift,2002-02-01,-30,0.03588114306330681
2002-03-19,unemployment_assessment_shift,2002-02-04,-29,0.03223567456007004
2002-03-19,unemployment_assessment_shift,2002-02-05,-28,0.03205183520913124
2002-03-19,unemployment_assessment_shift,2002-02-06,-27,0.030845168977975845
2002-03-19,unemployment_assessment_shift,2002-02-07,-26,0.02913741022348404
2002-03-19,unemployment_assessment_shift,2002-02-08,-25,0.028814058750867844
2002-03-19,unemployment_assessment_shift,2002-02-11,-24,0.027109287679195404
2002-03-19,unemployment_assessment_shift,2002-02-12,-23,0.030840350314974785
2002-03-19,unemployment_assessment_shift,2002-02-13,-22,0.029927998781204224
2002-03-19,unemployment_assessment_shift,2002-02-14,-21,0.03101883828639984
2002-03-19,unemployment_assessment_shift,2002-02-15,-20,0.027710122987627983
2002-03-19,unemployment_assessment_shift,2002-02-19,-19,0.025670599192380905
2002-03-19,unemployment_assessment_shift,2002-02-20,-18,0.02666674740612507
2002-03-19,unemployment_assessment_shift,2002-02-21,-17,0.02613687515258789
2002-03-19,unemployment_assessment_shift,2002-02-22,-16,0.02758127450942993
2002-03-19,unemployment_assessment_shift,2002-02-25,-15,0.026881303638219833
2002-03-19,unemployment_assessment_shift,2002-02-26,-14,0.026230081915855408
2002-03-19,unemployment_assessment_shift,2002-02-27,-13,0.02768891118466854
2002-03-19,unemployment_assessment_shift,2002-02-28,-12,0.02927226573228836
2002-03-19,unemployment_assessment_shift,2002-03-01,-11,0.03162815421819687
2002-03-19,unemployment_assessment_shift,2002-03-04,-10,0.032127100974321365
2002-03-19,unemployment_assessment_shift,2002-03-05,-9,0.03008597157895565
2002-03-19,unemployment_assessment_shift,2002-03-06,-8,0.033933125436306
2002-03-19,unemployment_assessment_shift,2002-03-07,-7,0.03659498691558838
2002-03-19,unemployment_assessment_shift,2002-03-08,-6,0.03754124045372009
2002-03-19,unemployment_assessment_shift,2002-03-11,-5,0.0371086485683918
2002-03-19,unemployment_assessment_shift,2002-03-12,-4,0.035803940147161484
2002-03-19,unemployment_assessment_shift,2002-03-13,-3,0.037157781422138214
2002-03-19,unemployment_assessment_shift,2002-03-14,-2,0.03231092914938927
2002-03-19,unemployment_assessment_shift,2002-03-15,-1,0.0398443266749382
2002-03-19,unemployment_assessment_shift,2002-03-18,0,0.031238041818141937
2002-03-19,labor_market_risk_shift,2002-01-31,-31,0.03206992894411087
2002-03-19,labor_market_risk_shift,2002-02-01,-30,0.03477749973535538
2002-03-19,labor_market_risk_shift,2002-02-04,-29,0.031178642064332962
2002-03-19,labor_market_risk_shift,2002-02-05,-28,0.030978165566921234
2002-03-19,labor_market_risk_shift,2002-02-06,-27,0.030147064477205276
2002-03-19,labor_market_risk_shift,2002-02-07,-26,0.028450263664126396
2002-03-19,labor_market_risk_shift,2002-02-08,-25,0.028507491573691368
2002-03-19,labor_market_risk_shift,2002-02-11,-24,0.026904340833425522
2002-03-19,labor_market_risk_shift,2002-02-12,-23,0.03053048811852932
2002-03-19,labor_market_risk_shift,2002-02-13,-22,0.029809698462486267
2002-03-19,labor_market_risk_shift,2002-02-14,-21,0.030759243294596672
2002-03-19,labor_market_risk_shift,2002-02-15,-20,0.027719495818018913
2002-03-19,labor_market_risk_shift,2002-02-19,-19,0.025665223598480225
2002-03-19,labor_market_risk_shift,2002-02-20,-18,0.02676490694284439
2002-03-19,labor_market_risk_shift,2002-02-21,-17,0.02581155300140381
2002-03-19,labor_market_risk_shift,2002-02-22,-16,0.02756313979625702
2002-03-19,labor_market_risk_shift,2002-02-25,-15,0.027086004614830017
2002-03-19,labor_market_risk_shift,2002-02-26,-14,0.026432080194354057
2002-03-19,labor_market_risk_shift,2002-02-27,-13,0.027957694604992867
2002-03-19,labor_market_risk_shift,2002-02-28,-12,0.029821371659636497
2002-03-19,labor_market_risk_shift,2002-03-01,-11,0.03223563730716705
2002-03-19,labor_market_risk_shift,2002-03-04,-10,0.03282587230205536
2002-03-19,labor_market_risk_shift,2002-03-05,-9,0.030664915218949318
2002-03-19,labor_market_risk_shift,2002-03-06,-8,0.03459243103861809
2002-03-19,labor_market_risk_shift,2002-03-07,-7,0.03723832219839096
2002-03-19,labor_market_risk_shift,2002-03-08,-6,0.037952322512865067
2002-03-19,labor_market_risk_shift,2002-03-11,-5,0.03777048736810684
2002-03-19,labor_market_risk_shift,2002-03-12,-4,0.03619455546140671
2002-03-19,labor_market_risk_shift,2002-03-13,-3,0.037946149706840515
2002-03-19,labor_market_risk_shift,2002-03-14,-2,0.032871074974536896
2002-03-19,labor_market_risk_shift,2002-03-15,-1,0.04020819067955017
2002-03-19,labor_market_risk_shift,2002-03-18,0,0.03056572750210762
2002-03-19,growth_activity_shift,2002-01-31,-31,0.03442187234759331
2002-03-19,growth_activity_shift,2002-02-01,-30,0.036767762154340744
2002-03-19,growth_activity_shift,2002-02-04,-29,0.03311295062303543
2002-03-19,growth_activity_shift,2002-02-05,-28,0.03265255689620972
2002-03-19,growth_activity_shift,2002-02-06,-27,0.031001320108771324
2002-03-19,growth_activity_shift,2002-02-07,-26,0.02950284257531166
2002-03-19,growth_activity_shift,2002-02-08,-25,0.028802910819649696
2002-03-19,growth_activity_shift,2002-02-11,-24,0.027066171169281006
2002-03-19,growth_activity_shift,2002-02-12,-23,0.030371155589818954
2002-03-19,growth_activity_shift,2002-02-13,-22,0.028901323676109314
2002-03-19,growth_activity_shift,2002-02-14,-21,0.030798863619565964
2002-03-19,growth_activity_shift,2002-02-15,-20,0.027356497943401337
2002-03-19,growth_activity_shift,2002-02-19,-19,0.02521728165447712
2002-03-19,growth_activity_shift,2002-02-20,-18,0.025911636650562286
2002-03-19,growth_activity_shift,2002-02-21,-17,0.025538187474012375
2002-03-19,growth_activity_shift,2002-02-22,-16,0.026982737705111504
2002-03-19,growth_activity_shift,2002-02-25,-15,0.025904681533575058
2002-03-19,growth_activity_shift,2002-02-26,-14,0.025106031447649002
2002-03-19,growth_activity_shift,2002-02-27,-13,0.026822874322533607
2002-03-19,growth_activity_shift,2002-02-28,-12,0.028879079967737198
2002-03-19,growth_activity_shift,2002-03-01,-11,0.03095720149576664
2002-03-19,growth_activity_shift,2002-03-04,-10,0.031827427446842194
2002-03-19,growth_activity_shift,2002-03-05,-9,0.030306534841656685
2002-03-19,growth_activity_shift,2002-03-06,-8,0.034370094537734985
2002-03-19,growth_activity_shift,2002-03-07,-7,0.03703407570719719
2002-03-19,growth_activity_shift,2002-03-08,-6,0.038319386541843414
2002-03-19,growth_activity_shift,2002-03-11,-5,0.037840336561203
2002-03-19,growth_activity_shift,2002-03-12,-4,0.03650651127099991
2002-03-19,growth_activity_shift,2002-03-13,-3,0.03751029819250107
2002-03-19,growth_activity_shift,2002-03-14,-2,0.032060593366622925
2002-03-19,growth_activity_shift,2002-03-15,-1,0.04071164131164551
2002-03-19,growth_activity_shift,2002-03-18,0,0.031437184661626816
2002-03-19,financial_conditions_shift,2002-01-31,-31,0.034193579107522964
2002-03-19,financial_conditions_shift,2002-02-01,-30,0.03684605658054352
2002-03-19,financial_conditions_shift,2002-02-04,-29,0.033233948051929474
2002-03-19,financial_conditions_shift,2002-02-05,-28,0.03281785547733307
2002-03-19,financial_conditions_shift,2002-02-06,-27,0.031424250453710556
2002-03-19,financial_conditions_shift,2002-02-07,-26,0.029712095856666565
2002-03-19,financial_conditions_shift,2002-02-08,-25,0.029123779386281967
2002-03-19,financial_conditions_shift,2002-02-11,-24,0.027307987213134766
2002-03-19,financial_conditions_shift,2002-02-12,-23,0.030587732791900635
2002-03-19,financial_conditions_shift,2002-02-13,-22,0.029279924929142
2002-03-19,financial_conditions_shift,2002-02-14,-21,0.030713681131601334
2002-03-19,financial_conditions_shift,2002-02-15,-20,0.027564125135540962
2002-03-19,financial_conditions_shift,2002-02-19,-19,0.02565537951886654
2002-03-19,financial_conditions_shift,2002-02-20,-18,0.02647380344569683
2002-03-19,financial_conditions_shift,2002-02-21,-17,0.025958940386772156
2002-03-19,financial_conditions_shift,2002-02-22,-16,0.027495360001921654
2002-03-19,financial_conditions_shift,2002-02-25,-15,0.026585759595036507
2002-03-19,financial_conditions_shift,2002-02-26,-14,0.025589987635612488
2002-03-19,financial_conditions_shift,2002-02-27,-13,0.02705611288547516
2002-03-19,financial_conditions_shift,2002-02-28,-12,0.02896961197257042
2002-03-19,financial_conditions_shift,2002-03-01,-11,0.03113594464957714
2002-03-19,financial_conditions_shift,2002-03-04,-10,0.03173867240548134
2002-03-19,financial_conditions_shift,2002-03-05,-9,0.03001559153199196
2002-03-19,financial_conditions_shift,2002-03-06,-8,0.033882852643728256
2002-03-19,financial_conditions_shift,2002-03-07,-7,0.036474116146564484
2002-03-19,financial_conditions_shift,2002-03-08,-6,0.0375019833445549
2002-03-19,financial_conditions_shift,2002-03-11,-5,0.03713291883468628
2002-03-19,financial_conditions_shift,2002-03-12,-4,0.03573589771986008
2002-03-19,financial_conditions_shift,2002-03-13,-3,0.03688535839319229
2002-03-19,financial_conditions_shift,2002-03-14,-2,0.03174296393990517
2002-03-19,financial_conditions_shift,2002-03-15,-1,0.040020789951086044
2002-03-19,financial_conditions_shift,2002-03-18,0,0.031142931431531906
2002-03-19,risk_balance_shift,2002-01-31,-31,0.03393658250570297
2002-03-19,risk_balance_shift,2002-02-01,-30,0.03622496500611305
2002-03-19,risk_balance_shift,2002-02-04,-29,0.03241751715540886
2002-03-19,risk_balance_shift,2002-02-05,-28,0.03231782093644142
2002-03-19,risk_balance_shift,2002-02-06,-27,0.03075379878282547
2002-03-19,risk_balance_shift,2002-02-07,-26,0.029097769409418106
2002-03-19,risk_balance_shift,2002-02-08,-25,0.028651323169469833
2002-03-19,risk_balance_shift,2002-02-11,-24,0.027283284813165665
2002-03-19,risk_balance_shift,2002-02-12,-23,0.03067498654127121
2002-03-19,risk_balance_shift,2002-02-13,-22,0.028922494500875473
2002-03-19,risk_balance_shift,2002-02-14,-21,0.03081902116537094
2002-03-19,risk_balance_shift,2002-02-15,-20,0.027523020282387733
2002-03-19,risk_balance_shift,2002-02-19,-19,0.025331616401672363
2002-03-19,risk_balance_shift,2002-02-20,-18,0.025999324396252632
2002-03-19,risk_balance_shift,2002-02-21,-17,0.02526683174073696
2002-03-19,risk_balance_shift,2002-02-22,-16,0.027136696502566338
2002-03-19,risk_balance_shift,2002-02-25,-15,0.02605224773287773
2002-03-19,risk_balance_shift,2002-02-26,-14,0.025067385286092758
2002-03-19,risk_balance_shift,2002-02-27,-13,0.026897002011537552
2002-03-19,risk_balance_shift,2002-02-28,-12,0.02921334281563759
2002-03-19,risk_balance_shift,2002-03-01,-11,0.03137636184692383
2002-03-19,risk_balance_shift,2002-03-04,-10,0.0319918617606163
2002-03-19,risk_balance_shift,2002-03-05,-9,0.03052501194179058
2002-03-19,risk_balance_shift,2002-03-06,-8,0.034723494201898575
2002-03-19,risk_balance_shift,2002-03-07,-7,0.03752894699573517
2002-03-19,risk_balance_shift,2002-03-08,-6,0.038479000329971313
2002-03-19,risk_balance_shift,2002-03-11,-5,0.03798673674464226
2002-03-19,risk_balance_shift,2002-03-12,-4,0.03668825328350067
2002-03-19,risk_balance_shift,2002-03-13,-3,0.03772774711251259
2002-03-19,risk_balance_shift,2002-03-14,-2,0.03178628534078598
2002-03-19,risk_balance_shift,2002-03-15,-1,0.04060562327504158
2002-03-19,risk_balance_shift,2002-03-18,0,0.03099367953836918
2002-03-19,committee_dispersion,2002-01-31,-31,0.022796183824539185
2002-03-19,committee_dispersion,2002-02-01,-30,0.023981621488928795
2002-03-19,committee_dispersion,2002-02-04,-29,0.025774875655770302
2002-03-19,committee_dispersion,2002-02-05,-28,0.024705737829208374
2002-03-19,committee_dispersion,2002-02-06,-27,0.02813960239291191
2002-03-19,committee_dispersion,2002-02-07,-26,0.028622841462492943
2002-03-19,committee_dispersion,2002-02-08,-25,0.030677365139126778
2002-03-19,committee_dispersion,2002-02-11,-24,0.03076544776558876
2002-03-19,committee_dispersion,2002-02-12,-23,0.031170688569545746
2002-03-19,committee_dispersion,2002-02-13,-22,0.035779379308223724
2002-03-19,committee_dispersion,2002-02-14,-21,0.030381817370653152
2002-03-19,committee_dispersion,2002-02-15,-20,0.033419352024793625
2002-03-19,committee_dispersion,2002-02-19,-19,0.036418113857507706
2002-03-19,committee_dispersion,2002-02-20,-18,0.0365399569272995
2002-03-19,committee_dispersion,2002-02-21,-17,0.03619316220283508
2002-03-19,committee_dispersion,2002-02-22,-16,0.03418779745697975
2002-03-19,committee_dispersion,2002-02-25,-15,0.03959917649626732
2002-03-19,committee_dispersion,2002-02-26,-14,0.04204128682613373
2002-03-19,committee_dispersion,2002-02-27,-13,0.03926561027765274
2002-03-19,committee_dispersion,2002-02-28,-12,0.03568004444241524
2002-03-19,committee_dispersion,2002-03-01,-11,0.03471599519252777
2002-03-19,committee_dispersion,2002-03-04,-10,0.03361150622367859
2002-03-19,committee_dispersion,2002-03-05,-9,0.03204873204231262
2002-03-19,committee_dispersion,2002-03-06,-8,0.028898321092128754
2002-03-19,committee_dispersion,2002-03-07,-7,0.02733667753636837
2002-03-19,committee_dispersion,2002-03-08,-6,0.026150183752179146
2002-03-19,committee_dispersion,2002-03-11,-5,0.02651306241750717
2002-03-19,committee_dispersion,2002-03-12,-4,0.02714291214942932
2002-03-19,committee_dispersion,2002-03-13,-3,0.02778623253107071
2002-03-19,committee_dispersion,2002-03-14,-2,0.036038897931575775
2002-03-19,committee_dispersion,2002-03-15,-1,0.024729793891310692
2002-03-19,committee_dispersion,2002-03-18,0,0.028887618333101273
2002-03-19,policy_uncertainty,2002-01-31,-31,0.023243432864546776
2002-03-19,policy_uncertainty,2002-02-01,-30,0.025701574981212616
2002-03-19,policy_uncertainty,2002-02-04,-29,0.025088615715503693
2002-03-19,policy_uncertainty,2002-02-05,-28,0.024499420076608658
2002-03-19,policy_uncertainty,2002-02-06,-27,0.02701719105243683
2002-03-19,policy_uncertainty,2002-02-07,-26,0.026219435036182404
2002-03-19,policy_uncertainty,2002-02-08,-25,0.028109677135944366
2002-03-19,policy_uncertainty,2002-02-11,-24,0.026547573506832123
2002-03-19,policy_uncertainty,2002-02-12,-23,0.030210772529244423
2002-03-19,policy_uncertainty,2002-02-13,-22,0.03470553457736969
2002-03-19,policy_uncertainty,2002-02-14,-21,0.030295781791210175
2002-03-19,policy_uncertainty,2002-02-15,-20,0.02973714843392372
2002-03-19,policy_uncertainty,2002-02-19,-19,0.03022083267569542
2002-03-19,policy_uncertainty,2002-02-20,-18,0.032052814960479736
2002-03-19,policy_uncertainty,2002-02-21,-17,0.03105752542614937
2002-03-19,policy_uncertainty,2002-02-22,-16,0.0300658717751503
2002-03-19,policy_uncertainty,2002-02-25,-15,0.034677017480134964
2002-03-19,policy_uncertainty,2002-02-26,-14,0.037143953144550323
2002-03-19,policy_uncertainty,2002-02-27,-13,0.03638458997011185
2002-03-19,policy_uncertainty,2002-02-28,-12,0.03394142538309097
2002-03-19,policy_uncertainty,2002-03-01,-11,0.036748696118593216
2002-03-19,policy_uncertainty,2002-03-04,-10,0.03594433516263962
2002-03-19,policy_uncertainty,2002-03-05,-9,0.032551154494285583
2002-03-19,policy_uncertainty,2002-03-06,-8,0.0328373983502388
2002-03-19,policy_uncertainty,2002-03-07,-7,0.0335000716149807
2002-03-19,policy_uncertainty,2002-03-08,-6,0.03260498493909836
2002-03-19,policy_uncertainty,2002-03-11,-5,0.0325055755674839
2002-03-19,policy_uncertainty,2002-03-12,-4,0.03185843676328659
2002-03-19,policy_uncertainty,2002-03-13,-3,0.03471038118004799
2002-03-19,policy_uncertainty,2002-03-14,-2,0.038815222680568695
2002-03-19,policy_uncertainty,2002-03-15,-1,0.031264226883649826
2002-03-19,policy_uncertainty,2002-03-18,0,0.029739320278167725
2002-03-19,forward_guidance_strength,2002-01-31,-31,0.03025730326771736
2002-03-19,forward_guidance_strength,2002-02-01,-30,0.03408806025981903
2002-03-19,forward_guidance_strength,2002-02-04,-29,0.030640877783298492
2002-03-19,forward_guidance_strength,2002-02-05,-28,0.030252907425165176
2002-03-19,forward_guidance_strength,2002-02-06,-27,0.030297275632619858
2002-03-19,forward_guidance_strength,2002-02-07,-26,0.02827998623251915
2002-03-19,forward_guidance_strength,2002-02-08,-25,0.02895192988216877
2002-03-19,forward_guidance_strength,2002-02-11,-24,0.026873374357819557
2002-03-19,forward_guidance_strength,2002-02-12,-23,0.030872151255607605
2002-03-19,forward_guidance_strength,2002-02-13,-22,0.031000830233097076
2002-03-19,forward_guidance_strength,2002-02-14,-21,0.030776135623455048
2002-03-19,forward_guidance_strength,2002-02-15,-20,0.028070371598005295
2002-03-19,forward_guidance_strength,2002-02-19,-19,0.02605368383228779
2002-03-19,forward_guidance_strength,2002-02-20,-18,0.027564967051148415
2002-03-19,forward_guidance_strength,2002-02-21,-17,0.026598844677209854
2002-03-19,forward_guidance_strength,2002-02-22,-16,0.028064314275979996
2002-03-19,forward_guidance_strength,2002-02-25,-15,0.028010977432131767
2002-03-19,forward_guidance_strength,2002-02-26,-14,0.02766450308263302
2002-03-19,forward_guidance_strength,2002-02-27,-13,0.029336679726839066
2002-03-19,forward_guidance_strength,2002-02-28,-12,0.029785629361867905
2002-03-19,forward_guidance_strength,2002-03-01,-11,0.03262101486325264
2002-03-19,forward_guidance_strength,2002-03-04,-10,0.0337911956012249
2002-03-19,forward_guidance_strength,2002-03-05,-9,0.03108387626707554
2002-03-19,forward_guidance_strength,2002-03-06,-8,0.034319840371608734
2002-03-19,forward_guidance_strength,2002-03-07,-7,0.03639368340373039
2002-03-19,forward_guidance_strength,2002-03-08,-6,0.03755974769592285
2002-03-19,forward_guidance_strength,2002-03-11,-5,0.03745020925998688
2002-03-19,forward_guidance_strength,2002-03-12,-4,0.03544327989220619
2002-03-19,forward_guidance_strength,2002-03-13,-3,0.03712523728609085
2002-03-19,forward_guidance_strength,2002-03-14,-2,0.03261760249733925
2002-03-19,forward_guidance_strength,2002-03-15,-1,0.03876160457730293
2002-03-19,forward_guidance_strength,2002-03-18,0,0.0293919388204813
2002-05-07,rate_decision,2002-03-20,-32,0.03531276062130928
2002-05-07,rate_decision,2002-03-21,-31,0.03440534323453903
2002-05-07,rate_decision,2002-03-22,-30,0.03436538204550743
2002-05-07,rate_decision,2002-03-25,-29,0.03449182212352753
2002-05-07,rate_decision,2002-03-26,-28,0.03228297829627991
2002-05-07,rate_decision,2002-03-27,-27,0.029696185141801834
2002-05-07,rate_decision,2002-03-28,-26,0.02896171621978283
2002-05-07,rate_decision,2002-04-01,-25,0.030924774706363678
2002-05-07,rate_decision,2002-04-02,-24,0.029998788610100746
2002-05-07,rate_decision,2002-04-03,-23,0.030470842495560646
2002-05-07,rate_decision,2002-04-04,-22,0.029869193211197853
2002-05-07,rate_decision,2002-04-05,-21,0.028799336403608322
2002-05-07,rate_decision,2002-04-08,-20,0.027924099937081337
2002-05-07,rate_decision,2002-04-09,-19,0.027455847710371017
2002-05-07,rate_decision,2002-04-10,-18,0.029075458645820618
2002-05-07,rate_decision,2002-04-11,-17,0.029537303373217583
2002-05-07,rate_decision,2002-04-12,-16,0.027846764773130417
2002-05-07,rate_decision,2002-04-15,-15,0.02947450429201126
2002-05-07,rate_decision,2002-04-16,-14,0.029472360387444496
2002-05-07,rate_decision,2002-04-17,-13,0.028554324060678482
2002-05-07,rate_decision,2002-04-18,-12,0.02921823225915432
2002-05-07,rate_decision,2002-04-19,-11,0.028304314240813255
2002-05-07,rate_decision,2002-04-22,-10,0.029220934957265854
2002-05-07,rate_decision,2002-04-23,-9,0.030306026339530945
2002-05-07,rate_decision,2002-04-24,-8,0.032007116824388504
2002-05-07,rate_decision,2002-04-25,-7,0.03067312017083168
2002-05-07,rate_decision,2002-04-26,-6,0.029369186609983444
2002-05-07,rate_decision,2002-04-29,-5,0.029086869210004807
2002-05-07,rate_decision,2002-04-30,-4,0.029875826090574265
2002-05-07,rate_decision,2002-05-01,-3,0.028710784390568733
2002-05-07,rate_decision,2002-05-02,-2,0.028241794556379318
2002-05-07,rate_decision,2002-05-03,-1,0.032466720789670944
2002-05-07,rate_decision,2002-05-06,0,0.03359927237033844
2002-05-07,current_policy_stance,2002-03-20,-32,0.029917754232883453
2002-05-07,current_policy_stance,2002-03-21,-31,0.027945566922426224
2002-05-07,current_policy_stance,2002-03-22,-30,0.03237351030111313
2002-05-07,current_policy_stance,2002-03-25,-29,0.029508840292692184
2002-05-07,current_policy_stance,2002-03-26,-28,0.028868112713098526
2002-05-07,current_policy_stance,2002-03-27,-27,0.033887676894664764
2002-05-07,current_policy_stance,2002-03-28,-26,0.027429917827248573
2002-05-07,current_policy_stance,2002-04-01,-25,0.02545260637998581
2002-05-07,current_policy_stance,2002-04-02,-24,0.023996325209736824
2002-05-07,current_policy_stance,2002-04-03,-23,0.027744963765144348
2002-05-07,current_policy_stance,2002-04-04,-22,0.02781566232442856
2002-05-07,current_policy_stance,2002-04-05,-21,0.028865525498986244
2002-05-07,current_policy_stance,2002-04-08,-20,0.027956647798419
2002-05-07,current_policy_stance,2002-04-09,-19,0.025386646389961243
2002-05-07,current_policy_stance,2002-04-10,-18,0.03007090464234352
2002-05-07,current_policy_stance,2002-04-11,-17,0.03189750015735626
2002-05-07,current_policy_stance,2002-04-12,-16,0.03312770649790764
2002-05-07,current_policy_stance,2002-04-15,-15,0.032555125653743744
2002-05-07,current_policy_stance,2002-04-16,-14,0.03539634123444557
2002-05-07,current_policy_stance,2002-04-17,-13,0.03392950817942619
2002-05-07,current_policy_stance,2002-04-18,-12,0.03127400577068329
2002-05-07,current_policy_stance,2002-04-19,-11,0.026692073792219162
2002-05-07,current_policy_stance,2002-04-22,-10,0.0265144482254982
2002-05-07,current_policy_stance,2002-04-23,-9,0.026924531906843185
2002-05-07,current_policy_stance,2002-04-24,-8,0.02861204370856285
2002-05-07,current_policy_stance,2002-04-25,-7,0.03168332949280739
2002-05-07,current_policy_stance,2002-04-26,-6,0.028701484203338623
2002-05-07,current_policy_stance,2002-04-29,-5,0.03343059867620468
2002-05-07,current_policy_stance,2002-04-30,-4,0.028593137860298157
2002-05-07,current_policy_stance,2002-05-01,-3,0.03131367266178131
2002-05-07,current_policy_stance,2002-05-02,-2,0.03551878407597542
2002-05-07,current_policy_stance,2002-05-03,-1,0.02894078940153122
2002-05-07,current_policy_stance,2002-05-06,0,0.04767424240708351
2002-05-07,policy_stance_shift,2002-03-20,-32,0.03118150494992733
2002-05-07,policy_stance_shift,2002-03-21,-31,0.03166881948709488
2002-05-07,policy_stance_shift,2002-03-22,-30,0.03387080878019333
2002-05-07,policy_stance_shift,2002-03-25,-29,0.02987363561987877
2002-05-07,policy_stance_shift,2002-03-26,-28,0.029420658946037292
2002-05-07,policy_stance_shift,2002-03-27,-27,0.03153466805815697
2002-05-07,policy_stance_shift,2002-03-28,-26,0.027848273515701294
2002-05-07,policy_stance_shift,2002-04-01,-25,0.026263821870088577
2002-05-07,policy_stance_shift,2002-04-02,-24,0.024499664083123207
2002-05-07,policy_stance_shift,2002-04-03,-23,0.02750825509428978
2002-05-07,policy_stance_shift,2002-04-04,-22,0.027236679568886757
2002-05-07,policy_stance_shift,2002-04-05,-21,0.02865903079509735
2002-05-07,policy_stance_shift,2002-04-08,-20,0.02643504925072193
2002-05-07,policy_stance_shift,2002-04-09,-19,0.02584899589419365
2002-05-07,policy_stance_shift,2002-04-10,-18,0.03032081574201584
2002-05-07,policy_stance_shift,2002-04-11,-17,0.031034409999847412
2002-05-07,policy_stance_shift,2002-04-12,-16,0.03271826356649399
2002-05-07,policy_stance_shift,2002-04-15,-15,0.03206904977560043
2002-05-07,policy_stance_shift,2002-04-16,-14,0.03369046747684479
2002-05-07,policy_stance_shift,2002-04-17,-13,0.033422090113162994
2002-05-07,policy_stance_shift,2002-04-18,-12,0.030937815085053444
2002-05-07,policy_stance_shift,2002-04-19,-11,0.026973845437169075
2002-05-07,policy_stance_shift,2002-04-22,-10,0.027739647775888443
2002-05-07,policy_stance_shift,2002-04-23,-9,0.027456391602754593
2002-05-07,policy_stance_shift,2002-04-24,-8,0.029509637504816055
2002-05-07,policy_stance_shift,2002-04-25,-7,0.03100581467151642
2002-05-07,policy_stance_shift,2002-04-26,-6,0.028685029596090317
2002-05-07,policy_stance_shift,2002-04-29,-5,0.032336924225091934
2002-05-07,policy_stance_shift,2002-04-30,-4,0.02916083112359047
2002-05-07,policy_stance_shift,2002-05-01,-3,0.031090162694454193
2002-05-07,policy_stance_shift,2002-05-02,-2,0.034292541444301605
2002-05-07,policy_stance_shift,2002-05-03,-1,0.03197987377643585
2002-05-07,policy_stance_shift,2002-05-06,0,0.04372653365135193
2002-05-07,expected_rate_path_shift,2002-03-20,-32,0.02975373901426792
2002-05-07,expected_rate_path_shift,2002-03-21,-31,0.028457749634981155
2002-05-07,expected_rate_path_shift,2002-03-22,-30,0.0330929160118103
2002-05-07,expected_rate_path_shift,2002-03-25,-29,0.0296441949903965
2002-05-07,expected_rate_path_shift,2002-03-26,-28,0.029016591608524323
2002-05-07,expected_rate_path_shift,2002-03-27,-27,0.033466193825006485
2002-05-07,expected_rate_path_shift,2002-03-28,-26,0.02772088721394539
2002-05-07,expected_rate_path_shift,2002-04-01,-25,0.02555752545595169
2002-05-07,expected_rate_path_shift,2002-04-02,-24,0.024006355553865433
2002-05-07,expected_rate_path_shift,2002-04-03,-23,0.027703886851668358
2002-05-07,expected_rate_path_shift,2002-04-04,-22,0.02764476276934147
2002-05-07,expected_rate_path_shift,2002-04-05,-21,0.02863190695643425
2002-05-07,expected_rate_path_shift,2002-04-08,-20,0.027476757764816284
2002-05-07,expected_rate_path_shift,2002-04-09,-19,0.02558693289756775
2002-05-07,expected_rate_path_shift,2002-04-10,-18,0.030220963060855865
2002-05-07,expected_rate_path_shift,2002-04-11,-17,0.03194469213485718
2002-05-07,expected_rate_path_shift,2002-04-12,-16,0.033371951431035995
2002-05-07,expected_rate_path_shift,2002-04-15,-15,0.032880108803510666
2002-05-07,expected_rate_path_shift,2002-04-16,-14,0.03521035239100456
2002-05-07,expected_rate_path_shift,2002-04-17,-13,0.0340103842318058
2002-05-07,expected_rate_path_shift,2002-04-18,-12,0.031370364129543304
2002-05-07,expected_rate_path_shift,2002-04-19,-11,0.026926498860120773
2002-05-07,expected_rate_path_shift,2002-04-22,-10,0.026996219530701637
2002-05-07,expected_rate_path_shift,2002-04-23,-9,0.027094565331935883
2002-05-07,expected_rate_path_shift,2002-04-24,-8,0.028964724391698837
2002-05-07,expected_rate_path_shift,2002-04-25,-7,0.031468525528907776
2002-05-07,expected_rate_path_shift,2002-04-26,-6,0.028680363669991493
2002-05-07,expected_rate_path_shift,2002-04-29,-5,0.032791972160339355
2002-05-07,expected_rate_path_shift,2002-04-30,-4,0.02871312014758587
2002-05-07,expected_rate_path_shift,2002-05-01,-3,0.03122192993760109
2002-05-07,expected_rate_path_shift,2002-05-02,-2,0.035022661089897156
2002-05-07,expected_rate_path_shift,2002-05-03,-1,0.029724346473813057
2002-05-07,expected_rate_path_shift,2002-05-06,0,0.045625824481248856
2002-05-07,inflation_assessment_shift,2002-03-20,-32,0.03150662034749985
2002-05-07,inflation_assessment_shift,2002-03-21,-31,0.030011892318725586
2002-05-07,inflation_assessment_shift,2002-03-22,-30,0.0324062705039978
2002-05-07,inflation_assessment_shift,2002-03-25,-29,0.030155470594763756
2002-05-07,inflation_assessment_shift,2002-03-26,-28,0.02919771522283554
2002-05-07,inflation_assessment_shift,2002-03-27,-27,0.03278571367263794
2002-05-07,inflation_assessment_shift,2002-03-28,-26,0.02685391530394554
2002-05-07,inflation_assessment_shift,2002-04-01,-25,0.025625942274928093
2002-05-07,inflation_assessment_shift,2002-04-02,-24,0.024040719494223595
2002-05-07,inflation_assessment_shift,2002-04-03,-23,0.02741062454879284
2002-05-07,inflation_assessment_shift,2002-04-04,-22,0.027155760675668716
2002-05-07,inflation_assessment_shift,2002-04-05,-21,0.02821069397032261
2002-05-07,inflation_assessment_shift,2002-04-08,-20,0.026630949229002
2002-05-07,inflation_assessment_shift,2002-04-09,-19,0.025197841227054596
2002-05-07,inflation_assessment_shift,2002-04-10,-18,0.02985835075378418
2002-05-07,inflation_assessment_shift,2002-04-11,-17,0.031194785609841347
2002-05-07,inflation_assessment_shift,2002-04-12,-16,0.032345570623874664
2002-05-07,inflation_assessment_shift,2002-04-15,-15,0.03215986490249634
2002-05-07,inflation_assessment_shift,2002-04-16,-14,0.0343240350484848
2002-05-07,inflation_assessment_shift,2002-04-17,-13,0.033511340618133545
2002-05-07,inflation_assessment_shift,2002-04-18,-12,0.031131837517023087
2002-05-07,inflation_assessment_shift,2002-04-19,-11,0.026722149923443794
2002-05-07,inflation_assessment_shift,2002-04-22,-10,0.027415966615080833
2002-05-07,inflation_assessment_shift,2002-04-23,-9,0.027801383286714554
2002-05-07,inflation_assessment_shift,2002-04-24,-8,0.02967076748609543
2002-05-07,inflation_assessment_shift,2002-04-25,-7,0.03175617754459381
2002-05-07,inflation_assessment_shift,2002-04-26,-6,0.02876783162355423
2002-05-07,inflation_assessment_shift,2002-04-29,-5,0.03313462808728218
2002-05-07,inflation_assessment_shift,2002-04-30,-4,0.02892337180674076
2002-05-07,inflation_assessment_shift,2002-05-01,-3,0.031395021826028824
2002-05-07,inflation_assessment_shift,2002-05-02,-2,0.035215623676776886
2002-05-07,inflation_assessment_shift,2002-05-03,-1,0.030347231775522232
2002-05-07,inflation_assessment_shift,2002-05-06,0,0.0471339076757431
2002-05-07,inflation_risk_shift,2002-03-20,-32,0.029222797602415085
2002-05-07,inflation_risk_shift,2002-03-21,-31,0.02827398106455803
2002-05-07,inflation_risk_shift,2002-03-22,-30,0.03315200284123421
2002-05-07,inflation_risk_shift,2002-03-25,-29,0.02962571382522583
2002-05-07,inflation_risk_shift,2002-03-26,-28,0.028892751783132553
2002-05-07,inflation_risk_shift,2002-03-27,-27,0.03324645757675171
2002-05-07,inflation_risk_shift,2002-03-28,-26,0.028413988649845123
2002-05-07,inflation_risk_shift,2002-04-01,-25,0.026170775294303894
2002-05-07,inflation_risk_shift,2002-04-02,-24,0.02444065734744072
2002-05-07,inflation_risk_shift,2002-04-03,-23,0.027934402227401733
2002-05-07,inflation_risk_shift,2002-04-04,-22,0.028043797239661217
2002-05-07,inflation_risk_shift,2002-04-05,-21,0.029144437983632088
2002-05-07,inflation_risk_shift,2002-04-08,-20,0.027807490900158882
2002-05-07,inflation_risk_shift,2002-04-09,-19,0.025769997388124466
2002-05-07,inflation_risk_shift,2002-04-10,-18,0.029965471476316452
2002-05-07,inflation_risk_shift,2002-04-11,-17,0.03181304782629013
2002-05-07,inflation_risk_shift,2002-04-12,-16,0.03298525512218475
2002-05-07,inflation_risk_shift,2002-04-15,-15,0.032284099608659744
2002-05-07,inflation_risk_shift,2002-04-16,-14,0.03512933850288391
2002-05-07,inflation_risk_shift,2002-04-17,-13,0.03389085829257965
2002-05-07,inflation_risk_shift,2002-04-18,-12,0.031089715659618378
2002-05-07,inflation_risk_shift,2002-04-19,-11,0.02649170719087124
2002-05-07,inflation_risk_shift,2002-04-22,-10,0.026730259880423546
2002-05-07,inflation_risk_shift,2002-04-23,-9,0.027131469920277596
2002-05-07,inflation_risk_shift,2002-04-24,-8,0.028574718162417412
2002-05-07,inflation_risk_shift,2002-04-25,-7,0.031077679246664047
2002-05-07,inflation_risk_shift,2002-04-26,-6,0.028384115546941757
2002-05-07,inflation_risk_shift,2002-04-29,-5,0.03299667686223984
2002-05-07,inflation_risk_shift,2002-04-30,-4,0.02844526246190071
2002-05-07,inflation_risk_shift,2002-05-01,-3,0.030628960579633713
2002-05-07,inflation_risk_shift,2002-05-02,-2,0.035341035574674606
2002-05-07,inflation_risk_shift,2002-05-03,-1,0.02960960939526558
2002-05-07,inflation_risk_shift,2002-05-06,0,0.04729141667485237
2002-05-07,unemployment_assessment_shift,2002-03-20,-32,0.029576584696769714
2002-05-07,unemployment_assessment_shift,2002-03-21,-31,0.027683012187480927
2002-05-07,unemployment_assessment_shift,2002-03-22,-30,0.03203348070383072
2002-05-07,unemployment_assessment_shift,2002-03-25,-29,0.029402613639831543
2002-05-07,unemployment_assessment_shift,2002-03-26,-28,0.028782619163393974
2002-05-07,unemployment_assessment_shift,2002-03-27,-27,0.033668048679828644
2002-05-07,unemployment_assessment_shift,2002-03-28,-26,0.027788931503891945
2002-05-07,unemployment_assessment_shift,2002-04-01,-25,0.02567431889474392
2002-05-07,unemployment_assessment_shift,2002-04-02,-24,0.024060342460870743
2002-05-07,unemployment_assessment_shift,2002-04-03,-23,0.02780396305024624
2002-05-07,unemployment_assessment_shift,2002-04-04,-22,0.02784699574112892
2002-05-07,unemployment_assessment_shift,2002-04-05,-21,0.02895163930952549
2002-05-07,unemployment_assessment_shift,2002-04-08,-20,0.02796262502670288
2002-05-07,unemployment_assessment_shift,2002-04-09,-19,0.02555631659924984
2002-05-07,unemployment_assessment_shift,2002-04-10,-18,0.03007323108613491
2002-05-07,unemployment_assessment_shift,2002-04-11,-17,0.031893786042928696
2002-05-07,unemployment_assessment_shift,2002-04-12,-16,0.03317968547344208
2002-05-07,unemployment_assessment_shift,2002-04-15,-15,0.03248029947280884
2002-05-07,unemployment_assessment_shift,2002-04-16,-14,0.03546500578522682
2002-05-07,unemployment_assessment_shift,2002-04-17,-13,0.033919256180524826
2002-05-07,unemployment_assessment_shift,2002-04-18,-12,0.031152669340372086
2002-05-07,unemployment_assessment_shift,2002-04-19,-11,0.026577681303024292
2002-05-07,unemployment_assessment_shift,2002-04-22,-10,0.026583122089505196
2002-05-07,unemployment_assessment_shift,2002-04-23,-9,0.0270948838442564
2002-05-07,unemployment_assessment_shift,2002-04-24,-8,0.0285966694355011
2002-05-07,unemployment_assessment_shift,2002-04-25,-7,0.03163936734199524
2002-05-07,unemployment_assessment_shift,2002-04-26,-6,0.028613001108169556
2002-05-07,unemployment_assessment_shift,2002-04-29,-5,0.033525075763463974
2002-05-07,unemployment_assessment_shift,2002-04-30,-4,0.02853991836309433
2002-05-07,unemployment_assessment_shift,2002-05-01,-3,0.03116757422685623
2002-05-07,unemployment_assessment_shift,2002-05-02,-2,0.0358368456363678
2002-05-07,unemployment_assessment_shift,2002-05-03,-1,0.02898992784321308
2002-05-07,unemployment_assessment_shift,2002-05-06,0,0.04788052663207054
2002-05-07,labor_market_risk_shift,2002-03-20,-32,0.03032388910651207
2002-05-07,labor_market_risk_shift,2002-03-21,-31,0.028385505080223083
2002-05-07,labor_market_risk_shift,2002-03-22,-30,0.03276433050632477
2002-05-07,labor_market_risk_shift,2002-03-25,-29,0.02986733242869377
2002-05-07,labor_market_risk_shift,2002-03-26,-28,0.029149696230888367
2002-05-07,labor_market_risk_shift,2002-03-27,-27,0.033925581723451614
2002-05-07,labor_market_risk_shift,2002-03-28,-26,0.028012080118060112
2002-05-07,labor_market_risk_shift,2002-04-01,-25,0.025636276230216026
2002-05-07,labor_market_risk_shift,2002-04-02,-24,0.02402251586318016
2002-05-07,labor_market_risk_shift,2002-04-03,-23,0.027767997235059738
2002-05-07,labor_market_risk_shift,2002-04-04,-22,0.027637088671326637
2002-05-07,labor_market_risk_shift,2002-04-05,-21,0.028934389352798462
2002-05-07,labor_market_risk_shift,2002-04-08,-20,0.027615873143076897
2002-05-07,labor_market_risk_shift,2002-04-09,-19,0.025450346991419792
2002-05-07,labor_market_risk_shift,2002-04-10,-18,0.02987024560570717
2002-05-07,labor_market_risk_shift,2002-04-11,-17,0.03155701979994774
2002-05-07,labor_market_risk_shift,2002-04-12,-16,0.03285254165530205
2002-05-07,labor_market_risk_shift,2002-04-15,-15,0.03246727213263512
2002-05-07,labor_market_risk_shift,2002-04-16,-14,0.03516818583011627
2002-05-07,labor_market_risk_shift,2002-04-17,-13,0.03399015963077545
2002-05-07,labor_market_risk_shift,2002-04-18,-12,0.031154751777648926
2002-05-07,labor_market_risk_shift,2002-04-19,-11,0.026553558185696602
2002-05-07,labor_market_risk_shift,2002-04-22,-10,0.026453912258148193
2002-05-07,labor_market_risk_shift,2002-04-23,-9,0.026939276605844498
2002-05-07,labor_market_risk_shift,2002-04-24,-8,0.02865689992904663
2002-05-07,labor_market_risk_shift,2002-04-25,-7,0.03133413940668106
2002-05-07,labor_market_risk_shift,2002-04-26,-6,0.028646977618336678
2002-05-07,labor_market_risk_shift,2002-04-29,-5,0.03311251476407051
2002-05-07,labor_market_risk_shift,2002-04-30,-4,0.02851186692714691
2002-05-07,labor_market_risk_shift,2002-05-01,-3,0.031071998178958893
2002-05-07,labor_market_risk_shift,2002-05-02,-2,0.0351882129907608
2002-05-07,labor_market_risk_shift,2002-05-03,-1,0.029463782906532288
2002-05-07,labor_market_risk_shift,2002-05-06,0,0.047513823956251144
2002-05-07,growth_activity_shift,2002-03-20,-32,0.030703093856573105
2002-05-07,growth_activity_shift,2002-03-21,-31,0.0294177383184433
2002-05-07,growth_activity_shift,2002-03-22,-30,0.03378735110163689
2002-05-07,growth_activity_shift,2002-03-25,-29,0.030138812959194183
2002-05-07,growth_activity_shift,2002-03-26,-28,0.029426995664834976
2002-05-07,growth_activity_shift,2002-03-27,-27,0.0333636999130249
2002-05-07,growth_activity_shift,2002-03-28,-26,0.027935674414038658
2002-05-07,growth_activity_shift,2002-04-01,-25,0.025931714102625847
2002-05-07,growth_activity_shift,2002-04-02,-24,0.024231353774666786
2002-05-07,growth_activity_shift,2002-04-03,-23,0.027733752503991127
2002-05-07,growth_activity_shift,2002-04-04,-22,0.027624353766441345
2002-05-07,growth_activity_shift,2002-04-05,-21,0.028828788548707962
2002-05-07,growth_activity_shift,2002-04-08,-20,0.0272335484623909
2002-05-07,growth_activity_shift,2002-04-09,-19,0.02524482272565365
2002-05-07,growth_activity_shift,2002-04-10,-18,0.0297164898365736
2002-05-07,growth_activity_shift,2002-04-11,-17,0.03135491907596588
2002-05-07,growth_activity_shift,2002-04-12,-16,0.03272842615842819
2002-05-07,growth_activity_shift,2002-04-15,-15,0.031953178346157074
2002-05-07,growth_activity_shift,2002-04-16,-14,0.03452904522418976
2002-05-07,growth_activity_shift,2002-04-17,-13,0.033616140484809875
2002-05-07,growth_activity_shift,2002-04-18,-12,0.031050831079483032
2002-05-07,growth_activity_shift,2002-04-19,-11,0.026584738865494728
2002-05-07,growth_activity_shift,2002-04-22,-10,0.026967838406562805
2002-05-07,growth_activity_shift,2002-04-23,-9,0.027341652661561966
2002-05-07,growth_activity_shift,2002-04-24,-8,0.0290039274841547
2002-05-07,growth_activity_shift,2002-04-25,-7,0.031123032793402672
2002-05-07,growth_activity_shift,2002-04-26,-6,0.028252897784113884
2002-05-07,growth_activity_shift,2002-04-29,-5,0.032725218683481216
2002-05-07,growth_activity_shift,2002-04-30,-4,0.028476601466536522
2002-05-07,growth_activity_shift,2002-05-01,-3,0.03096199408173561
2002-05-07,growth_activity_shift,2002-05-02,-2,0.03545746952295303
2002-05-07,growth_activity_shift,2002-05-03,-1,0.030175499618053436
2002-05-07,growth_activity_shift,2002-05-06,0,0.04637841135263443
2002-05-07,financial_conditions_shift,2002-03-20,-32,0.030232712626457214
2002-05-07,financial_conditions_shift,2002-03-21,-31,0.028814999386668205
2002-05-07,financial_conditions_shift,2002-03-22,-30,0.03285429626703262
2002-05-07,financial_conditions_shift,2002-03-25,-29,0.029558582231402397
2002-05-07,financial_conditions_shift,2002-03-26,-28,0.029232248663902283
2002-05-07,financial_conditions_shift,2002-03-27,-27,0.03350172936916351
2002-05-07,financial_conditions_shift,2002-03-28,-26,0.027862412855029106
2002-05-07,financial_conditions_shift,2002-04-01,-25,0.02561218850314617
2002-05-07,financial_conditions_shift,2002-04-02,-24,0.02388320490717888
2002-05-07,financial_conditions_shift,2002-04-03,-23,0.027662213891744614
2002-05-07,financial_conditions_shift,2002-04-04,-22,0.027620770037174225
2002-05-07,financial_conditions_shift,2002-04-05,-21,0.029034188017249107
2002-05-07,financial_conditions_shift,2002-04-08,-20,0.027361294254660606
2002-05-07,financial_conditions_shift,2002-04-09,-19,0.025396086275577545
2002-05-07,financial_conditions_shift,2002-04-10,-18,0.02995196171104908
2002-05-07,financial_conditions_shift,2002-04-11,-17,0.031603164970874786
2002-05-07,financial_conditions_shift,2002-04-12,-16,0.03317032754421234
2002-05-07,financial_conditions_shift,2002-04-15,-15,0.0323219858109951
2002-05-07,financial_conditions_shift,2002-04-16,-14,0.03495413437485695
2002-05-07,financial_conditions_shift,2002-04-17,-13,0.033896803855895996
2002-05-07,financial_conditions_shift,2002-04-18,-12,0.03116530552506447
2002-05-07,financial_conditions_shift,2002-04-19,-11,0.026544906198978424
2002-05-07,financial_conditions_shift,2002-04-22,-10,0.02674737200140953
2002-05-07,financial_conditions_shift,2002-04-23,-9,0.027053924277424812
2002-05-07,financial_conditions_shift,2002-04-24,-8,0.02881048060953617
2002-05-07,financial_conditions_shift,2002-04-25,-7,0.031408604234457016
2002-05-07,financial_conditions_shift,2002-04-26,-6,0.028493791818618774
2002-05-07,financial_conditions_shift,2002-04-29,-5,0.03320252522826195
2002-05-07,financial_conditions_shift,2002-04-30,-4,0.028549671173095703
2002-05-07,financial_conditions_shift,2002-05-01,-3,0.0311370100826025
2002-05-07,financial_conditions_shift,2002-05-02,-2,0.03568442165851593
2002-05-07,financial_conditions_shift,2002-05-03,-1,0.029812920838594437
2002-05-07,financial_conditions_shift,2002-05-06,0,0.04686376452445984
2002-05-07,risk_balance_shift,2002-03-20,-32,0.033289410173892975
2002-05-07,risk_balance_shift,2002-03-21,-31,0.034040726721286774
2002-05-07,risk_balance_shift,2002-03-22,-30,0.03597491979598999
2002-05-07,risk_balance_shift,2002-03-25,-29,0.03149210289120674
2002-05-07,risk_balance_shift,2002-03-26,-28,0.030846284702420235
2002-05-07,risk_balance_shift,2002-03-27,-27,0.03210625797510147
2002-05-07,risk_balance_shift,2002-03-28,-26,0.029086127877235413
2002-05-07,risk_balance_shift,2002-04-01,-25,0.02709369733929634
2002-05-07,risk_balance_shift,2002-04-02,-24,0.025163330137729645
2002-05-07,risk_balance_shift,2002-04-03,-23,0.027611585333943367
2002-05-07,risk_balance_shift,2002-04-04,-22,0.026996370404958725
2002-05-07,risk_balance_shift,2002-04-05,-21,0.02869376540184021
2002-05-07,risk_balance_shift,2002-04-08,-20,0.02583891898393631
2002-05-07,risk_balance_shift,2002-04-09,-19,0.025789862498641014
2002-05-07,risk_balance_shift,2002-04-10,-18,0.029486756771802902
2002-05-07,risk_balance_shift,2002-04-11,-17,0.03048117458820343
2002-05-07,risk_balance_shift,2002-04-12,-16,0.03194909915328026
2002-05-07,risk_balance_shift,2002-04-15,-15,0.03128950297832489
2002-05-07,risk_balance_shift,2002-04-16,-14,0.03222762420773506
2002-05-07,risk_balance_shift,2002-04-17,-13,0.0327950045466423
2002-05-07,risk_balance_shift,2002-04-18,-12,0.03053842857480049
2002-05-07,risk_balance_shift,2002-04-19,-11,0.026869487017393112
2002-05-07,risk_balance_shift,2002-04-22,-10,0.027725905179977417
2002-05-07,risk_balance_shift,2002-04-23,-9,0.027580691501498222
2002-05-07,risk_balance_shift,2002-04-24,-8,0.029801281169056892
2002-05-07,risk_balance_shift,2002-04-25,-7,0.029975106939673424
2002-05-07,risk_balance_shift,2002-04-26,-6,0.027979739010334015
2002-05-07,risk_balance_shift,2002-04-29,-5,0.030690481886267662
2002-05-07,risk_balance_shift,2002-04-30,-4,0.028878841549158096
2002-05-07,risk_balance_shift,2002-05-01,-3,0.03024882823228836
2002-05-07,risk_balance_shift,2002-05-02,-2,0.03285381570458412
2002-05-07,risk_balance_shift,2002-05-03,-1,0.0330321341753006
2002-05-07,risk_balance_shift,2002-05-06,0,0.0415726937353611
2002-05-07,committee_dispersion,2002-03-20,-32,0.02900240197777748
2002-05-07,committee_dispersion,2002-03-21,-31,0.026907555758953094
2002-05-07,committee_dispersion,2002-03-22,-30,0.03155055642127991
2002-05-07,committee_dispersion,2002-03-25,-29,0.028873639181256294
2002-05-07,committee_dispersion,2002-03-26,-28,0.028597712516784668
2002-05-07,committee_dispersion,2002-03-27,-27,0.034059762954711914
2002-05-07,committee_dispersion,2002-03-28,-26,0.02751781791448593
2002-05-07,committee_dispersion,2002-04-01,-25,0.025438252836465836
2002-05-07,committee_dispersion,2002-04-02,-24,0.024117734283208847
2002-05-07,committee_dispersion,2002-04-03,-23,0.02793564833700657
2002-05-07,committee_dispersion,2002-04-04,-22,0.02801385335624218
2002-05-07,committee_dispersion,2002-04-05,-21,0.02900662273168564
2002-05-07,committee_dispersion,2002-04-08,-20,0.02830759808421135
2002-05-07,committee_dispersion,2002-04-09,-19,0.025527894496917725
2002-05-07,committee_dispersion,2002-04-10,-18,0.030074601992964745
2002-05-07,committee_dispersion,2002-04-11,-17,0.03199557960033417
2002-05-07,committee_dispersion,2002-04-12,-16,0.03333951160311699
2002-05-07,committee_dispersion,2002-04-15,-15,0.032770052552223206
2002-05-07,committee_dispersion,2002-04-16,-14,0.03571920096874237
2002-05-07,committee_dispersion,2002-04-17,-13,0.03387701138854027
2002-05-07,committee_dispersion,2002-04-18,-12,0.031311407685279846
2002-05-07,committee_dispersion,2002-04-19,-11,0.026886355131864548
2002-05-07,committee_dispersion,2002-04-22,-10,0.026658425107598305
2002-05-07,committee_dispersion,2002-04-23,-9,0.02708582766354084
2002-05-07,committee_dispersion,2002-04-24,-8,0.02859717421233654
2002-05-07,committee_dispersion,2002-04-25,-7,0.031894292682409286
2002-05-07,committee_dispersion,2002-04-26,-6,0.028877608478069305
2002-05-07,committee_dispersion,2002-04-29,-5,0.03350294008851051
2002-05-07,committee_dispersion,2002-04-30,-4,0.02855050377547741
2002-05-07,committee_dispersion,2002-05-01,-3,0.0314796045422554
2002-05-07,committee_dispersion,2002-05-02,-2,0.035831205546855927
2002-05-07,committee_dispersion,2002-05-03,-1,0.02866308018565178
2002-05-07,committee_dispersion,2002-05-06,0,0.04802856594324112
2002-05-07,policy_uncertainty,2002-03-20,-32,0.033247485756874084
2002-05-07,policy_uncertainty,2002-03-21,-31,0.037200748920440674
2002-05-07,policy_uncertainty,2002-03-22,-30,0.035359855741262436
2002-05-07,policy_uncertainty,2002-03-25,-29,0.032995883375406265
2002-05-07,policy_uncertainty,2002-03-26,-28,0.03188016265630722
2002-05-07,policy_uncertainty,2002-03-27,-27,0.028227170929312706
2002-05-07,policy_uncertainty,2002-03-28,-26,0.03339986875653267
2002-05-07,policy_uncertainty,2002-04-01,-25,0.03222961723804474
2002-05-07,policy_uncertainty,2002-04-02,-24,0.02999175153672695
2002-05-07,policy_uncertainty,2002-04-03,-23,0.02914024144411087
2002-05-07,policy_uncertainty,2002-04-04,-22,0.028758767992258072
2002-05-07,policy_uncertainty,2002-04-05,-21,0.02962866798043251
2002-05-07,policy_uncertainty,2002-04-08,-20,0.02682039514183998
2002-05-07,policy_uncertainty,2002-04-09,-19,0.02901438996195793
2002-05-07,policy_uncertainty,2002-04-10,-18,0.029482917860150337
2002-05-07,policy_uncertainty,2002-04-11,-17,0.028812561184167862
2002-05-07,policy_uncertainty,2002-04-12,-16,0.029159968718886375
2002-05-07,policy_uncertainty,2002-04-15,-15,0.028644394129514694
2002-05-07,policy_uncertainty,2002-04-16,-14,0.02809993363916874
2002-05-07,policy_uncertainty,2002-04-17,-13,0.029926065355539322
2002-05-07,policy_uncertainty,2002-04-18,-12,0.029327936470508575
2002-05-07,policy_uncertainty,2002-04-19,-11,0.028616545721888542
2002-05-07,policy_uncertainty,2002-04-22,-10,0.030468549579381943
2002-05-07,policy_uncertainty,2002-04-23,-9,0.03011646494269371
2002-05-07,policy_uncertainty,2002-04-24,-8,0.030943339690566063
2002-05-07,policy_uncertainty,2002-04-25,-7,0.028557224199175835
2002-05-07,policy_uncertainty,2002-04-26,-6,0.028886189684271812
2002-05-07,policy_uncertainty,2002-04-29,-5,0.0286240316927433
2002-05-07,policy_uncertainty,2002-04-30,-4,0.029726587235927582
2002-05-07,policy_uncertainty,2002-05-01,-3,0.0290592759847641
2002-05-07,policy_uncertainty,2002-05-02,-2,0.02886815555393696
2002-05-07,policy_uncertainty,2002-05-03,-1,0.03448018804192543
2002-05-07,policy_uncertainty,2002-05-06,0,0.03030463680624962
2002-05-07,forward_guidance_strength,2002-03-20,-32,0.03157489001750946
2002-05-07,forward_guidance_strength,2002-03-21,-31,0.03652433678507805
2002-05-07,forward_guidance_strength,2002-03-22,-30,0.034327954053878784
2002-05-07,forward_guidance_strength,2002-03-25,-29,0.03187572956085205
2002-05-07,forward_guidance_strength,2002-03-26,-28,0.03180389851331711
2002-05-07,forward_guidance_strength,2002-03-27,-27,0.02850777469575405
2002-05-07,forward_guidance_strength,2002-03-28,-26,0.03141076862812042
2002-05-07,forward_guidance_strength,2002-04-01,-25,0.030689727514982224
2002-05-07,forward_guidance_strength,2002-04-02,-24,0.02943376451730728
2002-05-07,forward_guidance_strength,2002-04-03,-23,0.029069313779473305
2002-05-07,forward_guidance_strength,2002-04-04,-22,0.02850811928510666
2002-05-07,forward_guidance_strength,2002-04-05,-21,0.02995973452925682
2002-05-07,forward_guidance_strength,2002-04-08,-20,0.0265871062874794
2002-05-07,forward_guidance_strength,2002-04-09,-19,0.02939692512154579
2002-05-07,forward_guidance_strength,2002-04-10,-18,0.030335016548633575
2002-05-07,forward_guidance_strength,2002-04-11,-17,0.02999047562479973
2002-05-07,forward_guidance_strength,2002-04-12,-16,0.030520815402269363
2002-05-07,forward_guidance_strength,2002-04-15,-15,0.029750756919384003
2002-05-07,forward_guidance_strength,2002-04-16,-14,0.028857868164777756
2002-05-07,forward_guidance_strength,2002-04-17,-13,0.03055994212627411
2002-05-07,forward_guidance_strength,2002-04-18,-12,0.029836807399988174
2002-05-07,forward_guidance_strength,2002-04-19,-11,0.028675762936472893
2002-05-07,forward_guidance_strength,2002-04-22,-10,0.03029794618487358
2002-05-07,forward_guidance_strength,2002-04-23,-9,0.02979978546500206
2002-05-07,forward_guidance_strength,2002-04-24,-8,0.031268104910850525
2002-05-07,forward_guidance_strength,2002-04-25,-7,0.029173269867897034
2002-05-07,forward_guidance_strength,2002-04-26,-6,0.029067624360322952
2002-05-07,forward_guidance_strength,2002-04-29,-5,0.02903575450181961
2002-05-07,forward_guidance_strength,2002-04-30,-4,0.030414916574954987
2002-05-07,forward_guidance_strength,2002-05-01,-3,0.029028698801994324
2002-05-07,forward_guidance_strength,2002-05-02,-2,0.02927033230662346
2002-05-07,forward_guidance_strength,2002-05-03,-1,0.03512872755527496
2002-05-07,forward_guidance_strength,2002-05-06,0,0.029317382723093033
2002-06-26,rate_decision,2002-05-08,-33,0.032090917229652405
2002-06-26,rate_decision,2002-05-09,-32,0.03506419062614441
2002-06-26,rate_decision,2002-05-10,-31,0.035045377910137177
2002-06-26,rate_decision,2002-05-13,-30,0.03347725421190262
2002-06-26,rate_decision,2002-05-14,-29,0.032236531376838684
2002-06-26,rate_decision,2002-05-15,-28,0.033560484647750854
2002-06-26,rate_decision,2002-05-16,-27,0.032443493604660034
2002-06-26,rate_decision,2002-05-17,-26,0.0297999307513237
2002-06-26,rate_decision,2002-05-20,-25,0.0341724157333374
2002-06-26,rate_decision,2002-05-21,-24,0.027859393507242203
2002-06-26,rate_decision,2002-05-22,-23,0.028016023337841034
2002-06-26,rate_decision,2002-05-23,-22,0.028174251317977905
2002-06-26,rate_decision,2002-05-24,-21,0.02713867649435997
2002-06-26,rate_decision,2002-05-28,-20,0.028581302613019943
2002-06-26,rate_decision,2002-05-29,-19,0.02734401263296604
2002-06-26,rate_decision,2002-05-30,-18,0.028372731059789658
2002-06-26,rate_decision,2002-05-31,-17,0.02843897044658661
2002-06-26,rate_decision,2002-06-03,-16,0.028517983853816986
2002-06-26,rate_decision,2002-06-04,-15,0.02993408404290676
2002-06-26,rate_decision,2002-06-05,-14,0.02729727327823639
2002-06-26,rate_decision,2002-06-06,-13,0.026787452399730682
2002-06-26,rate_decision,2002-06-07,-12,0.025365745648741722
2002-06-26,rate_decision,2002-06-10,-11,0.026989096775650978
2002-06-26,rate_decision,2002-06-11,-10,0.02904779091477394
2002-06-26,rate_decision,2002-06-12,-9,0.02883794531226158
2002-06-26,rate_decision,2002-06-13,-8,0.027779659256339073
2002-06-26,rate_decision,2002-06-14,-7,0.02843357063829899
2002-06-26,rate_decision,2002-06-17,-6,0.02798284776508808
2002-06-26,rate_decision,2002-06-18,-5,0.029542632400989532
2002-06-26,rate_decision,2002-06-19,-4,0.03000980243086815
2002-06-26,rate_decision,2002-06-20,-3,0.02830314263701439
2002-06-26,rate_decision,2002-06-21,-2,0.030154474079608917
2002-06-26,rate_decision,2002-06-24,-1,0.028060048818588257
2002-06-26,rate_decision,2002-06-25,0,0.025140495970845222
2002-06-26,current_policy_stance,2002-05-08,-33,0.03442090004682541
2002-06-26,current_policy_stance,2002-05-09,-32,0.033270757645368576
2002-06-26,current_policy_stance,2002-05-10,-31,0.03376251459121704
2002-06-26,current_policy_stance,2002-05-13,-30,0.03048015385866165
2002-06-26,current_policy_stance,2002-05-14,-29,0.03379160165786743
2002-06-26,current_policy_stance,2002-05-15,-28,0.027933642268180847
2002-06-26,current_policy_stance,2002-05-16,-27,0.026781760156154633
2002-06-26,current_policy_stance,2002-05-17,-26,0.027929596602916718
2002-06-26,current_policy_stance,2002-05-20,-25,0.02667241171002388
2002-06-26,current_policy_stance,2002-05-21,-24,0.028562363237142563
2002-06-26,current_policy_stance,2002-05-22,-23,0.0281672440469265
2002-06-26,current_policy_stance,2002-05-23,-22,0.02853635512292385
2002-06-26,current_policy_stance,2002-05-24,-21,0.026634732261300087
2002-06-26,current_policy_stance,2002-05-28,-20,0.028085017576813698
2002-06-26,current_policy_stance,2002-05-29,-19,0.02778957039117813
2002-06-26,current_policy_stance,2002-05-30,-18,0.027666842564940453
2002-06-26,current_policy_stance,2002-05-31,-17,0.030727151781320572
2002-06-26,current_policy_stance,2002-06-03,-16,0.03010353073477745
2002-06-26,current_policy_stance,2002-06-04,-15,0.03313184529542923
2002-06-26,current_policy_stance,2002-06-05,-14,0.03306109085679054
2002-06-26,current_policy_stance,2002-06-06,-13,0.0315200537443161
2002-06-26,current_policy_stance,2002-06-07,-12,0.029251007363200188
2002-06-26,current_policy_stance,2002-06-10,-11,0.0232546329498291
2002-06-26,current_policy_stance,2002-06-11,-10,0.02255401946604252
2002-06-26,current_policy_stance,2002-06-12,-9,0.023659605532884598
2002-06-26,current_policy_stance,2002-06-13,-8,0.02356136217713356
2002-06-26,current_policy_stance,2002-06-14,-7,0.02322685532271862
2002-06-26,current_policy_stance,2002-06-17,-6,0.027534114196896553
2002-06-26,current_policy_stance,2002-06-18,-5,0.027528610080480576
2002-06-26,current_policy_stance,2002-06-19,-4,0.02749931439757347
2002-06-26,current_policy_stance,2002-06-20,-3,0.03280384838581085
2002-06-26,current_policy_stance,2002-06-21,-2,0.03849097341299057
2002-06-26,current_policy_stance,2002-06-24,-1,0.03608350083231926
2002-06-26,current_policy_stance,2002-06-25,0,0.035523030906915665
2002-06-26,policy_stance_shift,2002-05-08,-33,0.0330587737262249
2002-06-26,policy_stance_shift,2002-05-09,-32,0.03430642560124397
2002-06-26,policy_stance_shift,2002-05-10,-31,0.03309766203165054
2002-06-26,policy_stance_shift,2002-05-13,-30,0.03318529948592186
2002-06-26,policy_stance_shift,2002-05-14,-29,0.03772290423512459
2002-06-26,policy_stance_shift,2002-05-15,-28,0.03170254826545715
2002-06-26,policy_stance_shift,2002-05-16,-27,0.02883109077811241
2002-06-26,policy_stance_shift,2002-05-17,-26,0.03167293965816498
2002-06-26,policy_stance_shift,2002-05-20,-25,0.030059006065130234
2002-06-26,policy_stance_shift,2002-05-21,-24,0.02696572057902813
2002-06-26,policy_stance_shift,2002-05-22,-23,0.027414971962571144
2002-06-26,policy_stance_shift,2002-05-23,-22,0.02745233103632927
2002-06-26,policy_stance_shift,2002-05-24,-21,0.02768847532570362
2002-06-26,policy_stance_shift,2002-05-28,-20,0.027037223801016808
2002-06-26,policy_stance_shift,2002-05-29,-19,0.027854114770889282
2002-06-26,policy_stance_shift,2002-05-30,-18,0.027522243559360504
2002-06-26,policy_stance_shift,2002-05-31,-17,0.02965318039059639
2002-06-26,policy_stance_shift,2002-06-03,-16,0.02922096848487854
2002-06-26,policy_stance_shift,2002-06-04,-15,0.03092098981142044
2002-06-26,policy_stance_shift,2002-06-05,-14,0.029389377683401108
2002-06-26,policy_stance_shift,2002-06-06,-13,0.030086053535342216
2002-06-26,policy_stance_shift,2002-06-07,-12,0.02778809145092964
2002-06-26,policy_stance_shift,2002-06-10,-11,0.02477094531059265
2002-06-26,policy_stance_shift,2002-06-11,-10,0.024225717410445213
2002-06-26,policy_stance_shift,2002-06-12,-9,0.024826619774103165
2002-06-26,policy_stance_shift,2002-06-13,-8,0.02419881522655487
2002-06-26,policy_stance_shift,2002-06-14,-7,0.023335546255111694
2002-06-26,policy_stance_shift,2002-06-17,-6,0.02622615173459053
2002-06-26,policy_stance_shift,2002-06-18,-5,0.0282964576035738
2002-06-26,policy_stance_shift,2002-06-19,-4,0.028079234063625336
2002-06-26,policy_stance_shift,2002-06-20,-3,0.02899901196360588
2002-06-26,policy_stance_shift,2002-06-21,-2,0.03659701347351074
2002-06-26,policy_stance_shift,2002-06-24,-1,0.03398171812295914
2002-06-26,policy_stance_shift,2002-06-25,0,0.0338323675096035
2002-06-26,expected_rate_path_shift,2002-05-08,-33,0.03253919258713722
2002-06-26,expected_rate_path_shift,2002-05-09,-32,0.03372785449028015
2002-06-26,expected_rate_path_shift,2002-05-10,-31,0.033293768763542175
2002-06-26,expected_rate_path_shift,2002-05-13,-30,0.03349805250763893
2002-06-26,expected_rate_path_shift,2002-05-14,-29,0.036356937140226364
2002-06-26,expected_rate_path_shift,2002-05-15,-28,0.0316275879740715
2002-06-26,expected_rate_path_shift,2002-05-16,-27,0.02980838157236576
2002-06-26,expected_rate_path_shift,2002-05-17,-26,0.03227309510111809
2002-06-26,expected_rate_path_shift,2002-05-20,-25,0.030378570780158043
2002-06-26,expected_rate_path_shift,2002-05-21,-24,0.027066310867667198
2002-06-26,expected_rate_path_shift,2002-05-22,-23,0.027660079300403595
2002-06-26,expected_rate_path_shift,2002-05-23,-22,0.027541525661945343
2002-06-26,expected_rate_path_shift,2002-05-24,-21,0.028015345335006714
2002-06-26,expected_rate_path_shift,2002-05-28,-20,0.027210908010601997
2002-06-26,expected_rate_path_shift,2002-05-29,-19,0.027988027781248093
2002-06-26,expected_rate_path_shift,2002-05-30,-18,0.027784962207078934
2002-06-26,expected_rate_path_shift,2002-05-31,-17,0.02967621199786663
2002-06-26,expected_rate_path_shift,2002-06-03,-16,0.029185110703110695
2002-06-26,expected_rate_path_shift,2002-06-04,-15,0.03075696900486946
2002-06-26,expected_rate_path_shift,2002-06-05,-14,0.02942453697323799
2002-06-26,expected_rate_path_shift,2002-06-06,-13,0.03002537414431572
2002-06-26,expected_rate_path_shift,2002-06-07,-12,0.027877051383256912
2002-06-26,expected_rate_path_shift,2002-06-10,-11,0.025374606251716614
2002-06-26,expected_rate_path_shift,2002-06-11,-10,0.024796299636363983
2002-06-26,expected_rate_path_shift,2002-06-12,-9,0.025318700820207596
2002-06-26,expected_rate_path_shift,2002-06-13,-8,0.024441085755825043
2002-06-26,expected_rate_path_shift,2002-06-14,-7,0.023732265457510948
2002-06-26,expected_rate_path_shift,2002-06-17,-6,0.026230590417981148
2002-06-26,expected_rate_path_shift,2002-06-18,-5,0.028233710676431656
2002-06-26,expected_rate_path_shift,2002-06-19,-4,0.02809431031346321
2002-06-26,expected_rate_path_shift,2002-06-20,-3,0.028980989009141922
2002-06-26,expected_rate_path_shift,2002-06-21,-2,0.0360373817384243
2002-06-26,expected_rate_path_shift,2002-06-24,-1,0.032145436853170395
2002-06-26,expected_rate_path_shift,2002-06-25,0,0.03289874643087387
2002-06-26,inflation_assessment_shift,2002-05-08,-33,0.03363678231835365
2002-06-26,inflation_assessment_shift,2002-05-09,-32,0.03565385192632675
2002-06-26,inflation_assessment_shift,2002-05-10,-31,0.03304297849535942
2002-06-26,inflation_assessment_shift,2002-05-13,-30,0.03521839901804924
2002-06-26,inflation_assessment_shift,2002-05-14,-29,0.04008420556783676
2002-06-26,inflation_assessment_shift,2002-05-15,-28,0.03436518460512161
2002-06-26,inflation_assessment_shift,2002-05-16,-27,0.030009306967258453
2002-06-26,inflation_assessment_shift,2002-05-17,-26,0.03293122351169586
2002-06-26,inflation_assessment_shift,2002-05-20,-25,0.031369954347610474
2002-06-26,inflation_assessment_shift,2002-05-21,-24,0.026476286351680756
2002-06-26,inflation_assessment_shift,2002-05-22,-23,0.027109477669000626
2002-06-26,inflation_assessment_shift,2002-05-23,-22,0.02631479687988758
2002-06-26,inflation_assessment_shift,2002-05-24,-21,0.026851283386349678
2002-06-26,inflation_assessment_shift,2002-05-28,-20,0.02617114782333374
2002-06-26,inflation_assessment_shift,2002-05-29,-19,0.027166837826371193
2002-06-26,inflation_assessment_shift,2002-05-30,-18,0.026759197935461998
2002-06-26,inflation_assessment_shift,2002-05-31,-17,0.028322283178567886
2002-06-26,inflation_assessment_shift,2002-06-03,-16,0.028126565739512444
2002-06-26,inflation_assessment_shift,2002-06-04,-15,0.029383735731244087
2002-06-26,inflation_assessment_shift,2002-06-05,-14,0.027716051787137985
2002-06-26,inflation_assessment_shift,2002-06-06,-13,0.028764469549059868
2002-06-26,inflation_assessment_shift,2002-06-07,-12,0.026870079338550568
2002-06-26,inflation_assessment_shift,2002-06-10,-11,0.025409720838069916
2002-06-26,inflation_assessment_shift,2002-06-11,-10,0.0248979851603508
2002-06-26,inflation_assessment_shift,2002-06-12,-9,0.025930054485797882
2002-06-26,inflation_assessment_shift,2002-06-13,-8,0.024965833872556686
2002-06-26,inflation_assessment_shift,2002-06-14,-7,0.02372637763619423
2002-06-26,inflation_assessment_shift,2002-06-17,-6,0.02642878144979477
2002-06-26,inflation_assessment_shift,2002-06-18,-5,0.028568178415298462
2002-06-26,inflation_assessment_shift,2002-06-19,-4,0.028419870883226395
2002-06-26,inflation_assessment_shift,2002-06-20,-3,0.028399759903550148
2002-06-26,inflation_assessment_shift,2002-06-21,-2,0.03446775674819946
2002-06-26,inflation_assessment_shift,2002-06-24,-1,0.032856523990631104
2002-06-26,inflation_assessment_shift,2002-06-25,0,0.0335850715637207
2002-06-26,inflation_risk_shift,2002-05-08,-33,0.033246688544750214
2002-06-26,inflation_risk_shift,2002-05-09,-32,0.03404497355222702
2002-06-26,inflation_risk_shift,2002-05-10,-31,0.03215610235929489
2002-06-26,inflation_risk_shift,2002-05-13,-30,0.03162511810660362
2002-06-26,inflation_risk_shift,2002-05-14,-29,0.03636344522237778
2002-06-26,inflation_risk_shift,2002-05-15,-28,0.030654221773147583
2002-06-26,inflation_risk_shift,2002-05-16,-27,0.027413226664066315
2002-06-26,inflation_risk_shift,2002-05-17,-26,0.030553210526704788
2002-06-26,inflation_risk_shift,2002-05-20,-25,0.029367780312895775
2002-06-26,inflation_risk_shift,2002-05-21,-24,0.027690831571817398
2002-06-26,inflation_risk_shift,2002-05-22,-23,0.028128065168857574
2002-06-26,inflation_risk_shift,2002-05-23,-22,0.027680620551109314
2002-06-26,inflation_risk_shift,2002-05-24,-21,0.027943367138504982
2002-06-26,inflation_risk_shift,2002-05-28,-20,0.027665968984365463
2002-06-26,inflation_risk_shift,2002-05-29,-19,0.027879007160663605
2002-06-26,inflation_risk_shift,2002-05-30,-18,0.027301136404275894
2002-06-26,inflation_risk_shift,2002-05-31,-17,0.030797693878412247
2002-06-26,inflation_risk_shift,2002-06-03,-16,0.029912587255239487
2002-06-26,inflation_risk_shift,2002-06-04,-15,0.031883761286735535
2002-06-26,inflation_risk_shift,2002-06-05,-14,0.031036626547574997
2002-06-26,inflation_risk_shift,2002-06-06,-13,0.03080705925822258
2002-06-26,inflation_risk_shift,2002-06-07,-12,0.02846197783946991
2002-06-26,inflation_risk_shift,2002-06-10,-11,0.024432841688394547
2002-06-26,inflation_risk_shift,2002-06-11,-10,0.02317703701555729
2002-06-26,inflation_risk_shift,2002-06-12,-9,0.0241536982357502
2002-06-26,inflation_risk_shift,2002-06-13,-8,0.023616120219230652
2002-06-26,inflation_risk_shift,2002-06-14,-7,0.02248019352555275
2002-06-26,inflation_risk_shift,2002-06-17,-6,0.02648017928004265
2002-06-26,inflation_risk_shift,2002-06-18,-5,0.02788398787379265
2002-06-26,inflation_risk_shift,2002-06-19,-4,0.026941191405057907
2002-06-26,inflation_risk_shift,2002-06-20,-3,0.03003065660595894
2002-06-26,inflation_risk_shift,2002-06-21,-2,0.0372900627553463
2002-06-26,inflation_risk_shift,2002-06-24,-1,0.035436488687992096
2002-06-26,inflation_risk_shift,2002-06-25,0,0.035464096814394
2002-06-26,unemployment_assessment_shift,2002-05-08,-33,0.03186646103858948
2002-06-26,unemployment_assessment_shift,2002-05-09,-32,0.03433088958263397
2002-06-26,unemployment_assessment_shift,2002-05-10,-31,0.031014874577522278
2002-06-26,unemployment_assessment_shift,2002-05-13,-30,0.033473577350378036
2002-06-26,unemployment_assessment_shift,2002-05-14,-29,0.03805622085928917
2002-06-26,unemployment_assessment_shift,2002-05-15,-28,0.03399726748466492
2002-06-26,unemployment_assessment_shift,2002-05-16,-27,0.0293447095900774
2002-06-26,unemployment_assessment_shift,2002-05-17,-26,0.033763617277145386
2002-06-26,unemployment_assessment_shift,2002-05-20,-25,0.032117005437612534
2002-06-26,unemployment_assessment_shift,2002-05-21,-24,0.027042871341109276
2002-06-26,unemployment_assessment_shift,2002-05-22,-23,0.027695219963788986
2002-06-26,unemployment_assessment_shift,2002-05-23,-22,0.027324199676513672
2002-06-26,unemployment_assessment_shift,2002-05-24,-21,0.02854233793914318
2002-06-26,unemployment_assessment_shift,2002-05-28,-20,0.02728385105729103
2002-06-26,unemployment_assessment_shift,2002-05-29,-19,0.028261777013540268
2002-06-26,unemployment_assessment_shift,2002-05-30,-18,0.027497917413711548
2002-06-26,unemployment_assessment_shift,2002-05-31,-17,0.029337726533412933
2002-06-26,unemployment_assessment_shift,2002-06-03,-16,0.029348861426115036
2002-06-26,unemployment_assessment_shift,2002-06-04,-15,0.02973722293972969
2002-06-26,unemployment_assessment_shift,2002-06-05,-14,0.028026467189192772
2002-06-26,unemployment_assessment_shift,2002-06-06,-13,0.02928875759243965
2002-06-26,unemployment_assessment_shift,2002-06-07,-12,0.02733605168759823
2002-06-26,unemployment_assessment_shift,2002-06-10,-11,0.026325242593884468
2002-06-26,unemployment_assessment_shift,2002-06-11,-10,0.02512834221124649
2002-06-26,unemployment_assessment_shift,2002-06-12,-9,0.02567886933684349
2002-06-26,unemployment_assessment_shift,2002-06-13,-8,0.025027919560670853
2002-06-26,unemployment_assessment_shift,2002-06-14,-7,0.023405618965625763
2002-06-26,unemployment_assessment_shift,2002-06-17,-6,0.02601306512951851
2002-06-26,unemployment_assessment_shift,2002-06-18,-5,0.028654325753450394
2002-06-26,unemployment_assessment_shift,2002-06-19,-4,0.027507063001394272
2002-06-26,unemployment_assessment_shift,2002-06-20,-3,0.027506273239850998
2002-06-26,unemployment_assessment_shift,2002-06-21,-2,0.034079410135746
2002-06-26,unemployment_assessment_shift,2002-06-24,-1,0.03337925300002098
2002-06-26,unemployment_assessment_shift,2002-06-25,0,0.03260675445199013
2002-06-26,labor_market_risk_shift,2002-05-08,-33,0.03439529985189438
2002-06-26,labor_market_risk_shift,2002-05-09,-32,0.03552490100264549
2002-06-26,labor_market_risk_shift,2002-05-10,-31,0.03463190048933029
2002-06-26,labor_market_risk_shift,2002-05-13,-30,0.033411744982004166
2002-06-26,labor_market_risk_shift,2002-05-14,-29,0.036941103637218475
2002-06-26,labor_market_risk_shift,2002-05-15,-28,0.03115426003932953
2002-06-26,labor_market_risk_shift,2002-05-16,-27,0.028903329744935036
2002-06-26,labor_market_risk_shift,2002-05-17,-26,0.030849386006593704
2002-06-26,labor_market_risk_shift,2002-05-20,-25,0.02960050292313099
2002-06-26,labor_market_risk_shift,2002-05-21,-24,0.027276279404759407
2002-06-26,labor_market_risk_shift,2002-05-22,-23,0.02815423160791397
2002-06-26,labor_market_risk_shift,2002-05-23,-22,0.027185412123799324
2002-06-26,labor_market_risk_shift,2002-05-24,-21,0.02748125046491623
2002-06-26,labor_market_risk_shift,2002-05-28,-20,0.02713930420577526
2002-06-26,labor_market_risk_shift,2002-05-29,-19,0.027448512613773346
2002-06-26,labor_market_risk_shift,2002-05-30,-18,0.02732689492404461
2002-06-26,labor_market_risk_shift,2002-05-31,-17,0.029950324445962906
2002-06-26,labor_market_risk_shift,2002-06-03,-16,0.02951984852552414
2002-06-26,labor_market_risk_shift,2002-06-04,-15,0.0318412110209465
2002-06-26,labor_market_risk_shift,2002-06-05,-14,0.03041810169816017
2002-06-26,labor_market_risk_shift,2002-06-06,-13,0.03068431466817856
2002-06-26,labor_market_risk_shift,2002-06-07,-12,0.027873225510120392
2002-06-26,labor_market_risk_shift,2002-06-10,-11,0.023849444463849068
2002-06-26,labor_market_risk_shift,2002-06-11,-10,0.02278721146285534
2002-06-26,labor_market_risk_shift,2002-06-12,-9,0.02376321330666542
2002-06-26,labor_market_risk_shift,2002-06-13,-8,0.023190537467598915
2002-06-26,labor_market_risk_shift,2002-06-14,-7,0.0225352980196476
2002-06-26,labor_market_risk_shift,2002-06-17,-6,0.025953922420740128
2002-06-26,labor_market_risk_shift,2002-06-18,-5,0.02766451984643936
2002-06-26,labor_market_risk_shift,2002-06-19,-4,0.027437200769782066
2002-06-26,labor_market_risk_shift,2002-06-20,-3,0.029680415987968445
2002-06-26,labor_market_risk_shift,2002-06-21,-2,0.03746083378791809
2002-06-26,labor_market_risk_shift,2002-06-24,-1,0.03461603820323944
2002-06-26,labor_market_risk_shift,2002-06-25,0,0.03334999829530716
2002-06-26,growth_activity_shift,2002-05-08,-33,0.03408394753932953
2002-06-26,growth_activity_shift,2002-05-09,-32,0.0354195162653923
2002-06-26,growth_activity_shift,2002-05-10,-31,0.033400267362594604
2002-06-26,growth_activity_shift,2002-05-13,-30,0.03411661088466644
2002-06-26,growth_activity_shift,2002-05-14,-29,0.03911539167165756
2002-06-26,growth_activity_shift,2002-05-15,-28,0.033753737807273865
2002-06-26,growth_activity_shift,2002-05-16,-27,0.029744336381554604
2002-06-26,growth_activity_shift,2002-05-17,-26,0.0327218659222126
2002-06-26,growth_activity_shift,2002-05-20,-25,0.03140135854482651
2002-06-26,growth_activity_shift,2002-05-21,-24,0.027358990162611008
2002-06-26,growth_activity_shift,2002-05-22,-23,0.027339939028024673
2002-06-26,growth_activity_shift,2002-05-23,-22,0.026836108416318893
2002-06-26,growth_activity_shift,2002-05-24,-21,0.027773823589086533
2002-06-26,growth_activity_shift,2002-05-28,-20,0.026923872530460358
2002-06-26,growth_activity_shift,2002-05-29,-19,0.02769305557012558
2002-06-26,growth_activity_shift,2002-05-30,-18,0.026965320110321045
2002-06-26,growth_activity_shift,2002-05-31,-17,0.029265062883496284
2002-06-26,growth_activity_shift,2002-06-03,-16,0.02915066108107567
2002-06-26,growth_activity_shift,2002-06-04,-15,0.0303701963275671
2002-06-26,growth_activity_shift,2002-06-05,-14,0.028366198763251305
2002-06-26,growth_activity_shift,2002-06-06,-13,0.02917386218905449
2002-06-26,growth_activity_shift,2002-06-07,-12,0.027149638161063194
2002-06-26,growth_activity_shift,2002-06-10,-11,0.025438865646719933
2002-06-26,growth_activity_shift,2002-06-11,-10,0.024411238729953766
2002-06-26,growth_activity_shift,2002-06-12,-9,0.025044921785593033
2002-06-26,growth_activity_shift,2002-06-13,-8,0.02428901009261608
2002-06-26,growth_activity_shift,2002-06-14,-7,0.022998858243227005
2002-06-26,growth_activity_shift,2002-06-17,-6,0.025387369096279144
2002-06-26,growth_activity_shift,2002-06-18,-5,0.027954986318945885
2002-06-26,growth_activity_shift,2002-06-19,-4,0.0274343378841877
2002-06-26,growth_activity_shift,2002-06-20,-3,0.0276036374270916
2002-06-26,growth_activity_shift,2002-06-21,-2,0.035132914781570435
2002-06-26,growth_activity_shift,2002-06-24,-1,0.03308041766285896
2002-06-26,growth_activity_shift,2002-06-25,0,0.033099688589572906
2002-06-26,financial_conditions_shift,2002-05-08,-33,0.028981780633330345
2002-06-26,financial_conditions_shift,2002-05-09,-32,0.031816743314266205
2002-06-26,financial_conditions_shift,2002-05-10,-31,0.029120326042175293
2002-06-26,financial_conditions_shift,2002-05-13,-30,0.033190272748470306
2002-06-26,financial_conditions_shift,2002-05-14,-29,0.03471565991640091
2002-06-26,financial_conditions_shift,2002-05-15,-28,0.035493798553943634
2002-06-26,financial_conditions_shift,2002-05-16,-27,0.03219783678650856
2002-06-26,financial_conditions_shift,2002-05-17,-26,0.03460777923464775
2002-06-26,financial_conditions_shift,2002-05-20,-25,0.03489449992775917
2002-06-26,financial_conditions_shift,2002-05-21,-24,0.02678343653678894
2002-06-26,financial_conditions_shift,2002-05-22,-23,0.02812930941581726
2002-06-26,financial_conditions_shift,2002-05-23,-22,0.02723453938961029
2002-06-26,financial_conditions_shift,2002-05-24,-21,0.030254457145929337
2002-06-26,financial_conditions_shift,2002-05-28,-20,0.027192017063498497
2002-06-26,financial_conditions_shift,2002-05-29,-19,0.028828192502260208
2002-06-26,financial_conditions_shift,2002-05-30,-18,0.02856077253818512
2002-06-26,financial_conditions_shift,2002-05-31,-17,0.027362802997231483
2002-06-26,financial_conditions_shift,2002-06-03,-16,0.027972456067800522
2002-06-26,financial_conditions_shift,2002-06-04,-15,0.02673088014125824
2002-06-26,financial_conditions_shift,2002-06-05,-14,0.02464338205754757
2002-06-26,financial_conditions_shift,2002-06-06,-13,0.02698449417948723
2002-06-26,financial_conditions_shift,2002-06-07,-12,0.02660440281033516
2002-06-26,financial_conditions_shift,2002-06-10,-11,0.031243521720170975
2002-06-26,financial_conditions_shift,2002-06-11,-10,0.030535083264112473
2002-06-26,financial_conditions_shift,2002-06-12,-9,0.030182700604200363
2002-06-26,financial_conditions_shift,2002-06-13,-8,0.029467465355992317
2002-06-26,financial_conditions_shift,2002-06-14,-7,0.028440698981285095
2002-06-26,financial_conditions_shift,2002-06-17,-6,0.02683360129594803
2002-06-26,financial_conditions_shift,2002-06-18,-5,0.02978556975722313
2002-06-26,financial_conditions_shift,2002-06-19,-4,0.030038826167583466
2002-06-26,financial_conditions_shift,2002-06-20,-3,0.0245966874063015
2002-06-26,financial_conditions_shift,2002-06-21,-2,0.028486307710409164
2002-06-26,financial_conditions_shift,2002-06-24,-1,0.028609683737158775
2002-06-26,financial_conditions_shift,2002-06-25,0,0.029480043798685074
2002-06-26,risk_balance_shift,2002-05-08,-33,0.03490041568875313
2002-06-26,risk_balance_shift,2002-05-09,-32,0.036411602050065994
2002-06-26,risk_balance_shift,2002-05-10,-31,0.035498615354299545
2002-06-26,risk_balance_shift,2002-05-13,-30,0.03506921976804733
2002-06-26,risk_balance_shift,2002-05-14,-29,0.03902706131339073
2002-06-26,risk_balance_shift,2002-05-15,-28,0.03333955630660057
2002-06-26,risk_balance_shift,2002-05-16,-27,0.03035944700241089
2002-06-26,risk_balance_shift,2002-05-17,-26,0.03209662064909935
2002-06-26,risk_balance_shift,2002-05-20,-25,0.030814288184046745
2002-06-26,risk_balance_shift,2002-05-21,-24,0.026706494390964508
2002-06-26,risk_balance_shift,2002-05-22,-23,0.027357667684555054
2002-06-26,risk_balance_shift,2002-05-23,-22,0.02659149281680584
2002-06-26,risk_balance_shift,2002-05-24,-21,0.0272512324154377
2002-06-26,risk_balance_shift,2002-05-28,-20,0.02641306258738041
2002-06-26,risk_balance_shift,2002-05-29,-19,0.02724762074649334
2002-06-26,risk_balance_shift,2002-05-30,-18,0.026996448636054993
2002-06-26,risk_balance_shift,2002-05-31,-17,0.029037607833743095
2002-06-26,risk_balance_shift,2002-06-03,-16,0.02891230583190918
2002-06-26,risk_balance_shift,2002-06-04,-15,0.030592255294322968
2002-06-26,risk_balance_shift,2002-06-05,-14,0.028722690418362617
2002-06-26,risk_balance_shift,2002-06-06,-13,0.029802054166793823
2002-06-26,risk_balance_shift,2002-06-07,-12,0.027065925300121307
2002-06-26,risk_balance_shift,2002-06-10,-11,0.0245765782892704
2002-06-26,risk_balance_shift,2002-06-11,-10,0.02342052012681961
2002-06-26,risk_balance_shift,2002-06-12,-9,0.024137094616889954
2002-06-26,risk_balance_shift,2002-06-13,-8,0.023270923644304276
2002-06-26,risk_balance_shift,2002-06-14,-7,0.022520514205098152
2002-06-26,risk_balance_shift,2002-06-17,-6,0.02508155070245266
2002-06-26,risk_balance_shift,2002-06-18,-5,0.02743682824075222
2002-06-26,risk_balance_shift,2002-06-19,-4,0.02740389108657837
2002-06-26,risk_balance_shift,2002-06-20,-3,0.028164604678750038
2002-06-26,risk_balance_shift,2002-06-21,-2,0.03658568859100342
2002-06-26,risk_balance_shift,2002-06-24,-1,0.03319700062274933
2002-06-26,risk_balance_shift,2002-06-25,0,0.03399106115102768
2002-06-26,committee_dispersion,2002-05-08,-33,0.033890701830387115
2002-06-26,committee_dispersion,2002-05-09,-32,0.032607775181531906
2002-06-26,committee_dispersion,2002-05-10,-31,0.032930515706539154
2002-06-26,committee_dispersion,2002-05-13,-30,0.030785346403717995
2002-06-26,committee_dispersion,2002-05-14,-29,0.03380252420902252
2002-06-26,committee_dispersion,2002-05-15,-28,0.028317172080278397
2002-06-26,committee_dispersion,2002-05-16,-27,0.027370935305953026
2002-06-26,committee_dispersion,2002-05-17,-26,0.028668593615293503
2002-06-26,committee_dispersion,2002-05-20,-25,0.027174681425094604
2002-06-26,committee_dispersion,2002-05-21,-24,0.028713494539260864
2002-06-26,committee_dispersion,2002-05-22,-23,0.02833598665893078
2002-06-26,committee_dispersion,2002-05-23,-22,0.028432298451662064
2002-06-26,committee_dispersion,2002-05-24,-21,0.027006998658180237
2002-06-26,committee_dispersion,2002-05-28,-20,0.02804918773472309
2002-06-26,committee_dispersion,2002-05-29,-19,0.027901917695999146
2002-06-26,committee_dispersion,2002-05-30,-18,0.027720745652914047
2002-06-26,committee_dispersion,2002-05-31,-17,0.030989713966846466
2002-06-26,committee_dispersion,2002-06-03,-16,0.03013022243976593
2002-06-26,committee_dispersion,2002-06-04,-15,0.032908692955970764
2002-06-26,committee_dispersion,2002-06-05,-14,0.03250330686569214
2002-06-26,committee_dispersion,2002-06-06,-13,0.03138373792171478
2002-06-26,committee_dispersion,2002-06-07,-12,0.029324576258659363
2002-06-26,committee_dispersion,2002-06-10,-11,0.023637831211090088
2002-06-26,committee_dispersion,2002-06-11,-10,0.023040665313601494
2002-06-26,committee_dispersion,2002-06-12,-9,0.024082133546471596
2002-06-26,committee_dispersion,2002-06-13,-8,0.023701850324869156
2002-06-26,committee_dispersion,2002-06-14,-7,0.023209702223539352
2002-06-26,committee_dispersion,2002-06-17,-6,0.027301253750920296
2002-06-26,committee_dispersion,2002-06-18,-5,0.027548043057322502
2002-06-26,committee_dispersion,2002-06-19,-4,0.027544360607862473
2002-06-26,committee_dispersion,2002-06-20,-3,0.0319066122174263
2002-06-26,committee_dispersion,2002-06-21,-2,0.03812965378165245
2002-06-26,committee_dispersion,2002-06-24,-1,0.03592493385076523
2002-06-26,committee_dispersion,2002-06-25,0,0.03502380847930908
2002-06-26,policy_uncertainty,2002-05-08,-33,0.03186149522662163
2002-06-26,policy_uncertainty,2002-05-09,-32,0.03423287346959114
2002-06-26,policy_uncertainty,2002-05-10,-31,0.032167863100767136
2002-06-26,policy_uncertainty,2002-05-13,-30,0.03466508165001869
2002-06-26,policy_uncertainty,2002-05-14,-29,0.03788409009575844
2002-06-26,policy_uncertainty,2002-05-15,-28,0.035496070981025696
2002-06-26,policy_uncertainty,2002-05-16,-27,0.031026097014546394
2002-06-26,policy_uncertainty,2002-05-17,-26,0.03437141701579094
2002-06-26,policy_uncertainty,2002-05-20,-25,0.033273447304964066
2002-06-26,policy_uncertainty,2002-05-21,-24,0.027000699192285538
2002-06-26,policy_uncertainty,2002-05-22,-23,0.027519408613443375
2002-06-26,policy_uncertainty,2002-05-23,-22,0.026798125356435776
2002-06-26,policy_uncertainty,2002-05-24,-21,0.0286276713013649
2002-06-26,policy_uncertainty,2002-05-28,-20,0.027131661772727966
2002-06-26,policy_uncertainty,2002-05-29,-19,0.028244448825716972
2002-06-26,policy_uncertainty,2002-05-30,-18,0.02714626118540764
2002-06-26,policy_uncertainty,2002-05-31,-17,0.028665103018283844
2002-06-26,policy_uncertainty,2002-06-03,-16,0.02873201109468937
2002-06-26,policy_uncertainty,2002-06-04,-15,0.02835397981107235
2002-06-26,policy_uncertainty,2002-06-05,-14,0.026696965098381042
2002-06-26,policy_uncertainty,2002-06-06,-13,0.027931254357099533
2002-06-26,policy_uncertainty,2002-06-07,-12,0.02658551186323166
2002-06-26,policy_uncertainty,2002-06-10,-11,0.02724853903055191
2002-06-26,policy_uncertainty,2002-06-11,-10,0.026288814842700958
2002-06-26,policy_uncertainty,2002-06-12,-9,0.02647542767226696
2002-06-26,policy_uncertainty,2002-06-13,-8,0.02559015341103077
2002-06-26,policy_uncertainty,2002-06-14,-7,0.024263815954327583
2002-06-26,policy_uncertainty,2002-06-17,-6,0.02567182667553425
2002-06-26,policy_uncertainty,2002-06-18,-5,0.02878580614924431
2002-06-26,policy_uncertainty,2002-06-19,-4,0.02793942205607891
2002-06-26,policy_uncertainty,2002-06-20,-3,0.026511741802096367
2002-06-26,policy_uncertainty,2002-06-21,-2,0.03224031627178192
2002-06-26,policy_uncertainty,2002-06-24,-1,0.0320998840034008
2002-06-26,policy_uncertainty,2002-06-25,0,0.032472725957632065
2002-06-26,forward_guidance_strength,2002-05-08,-33,0.03174919635057449
2002-06-26,forward_guidance_strength,2002-05-09,-32,0.03570926561951637
2002-06-26,forward_guidance_strength,2002-05-10,-31,0.032533325254917145
2002-06-26,forward_guidance_strength,2002-05-13,-30,0.033111315220594406
2002-06-26,forward_guidance_strength,2002-05-14,-29,0.03759778290987015
2002-06-26,forward_guidance_strength,2002-05-15,-28,0.03367074579000473
2002-06-26,forward_guidance_strength,2002-05-16,-27,0.029440540820360184
2002-06-26,forward_guidance_strength,2002-05-17,-26,0.03107435069978237
2002-06-26,forward_guidance_strength,2002-05-20,-25,0.0324399508535862
2002-06-26,forward_guidance_strength,2002-05-21,-24,0.02677994593977928
2002-06-26,forward_guidance_strength,2002-05-22,-23,0.027387458831071854
2002-06-26,forward_guidance_strength,2002-05-23,-22,0.02635808289051056
2002-06-26,forward_guidance_strength,2002-05-24,-21,0.028568865731358528
2002-06-26,forward_guidance_strength,2002-05-28,-20,0.0264185331761837
2002-06-26,forward_guidance_strength,2002-05-29,-19,0.027867795899510384
2002-06-26,forward_guidance_strength,2002-05-30,-18,0.027971025556325912
2002-06-26,forward_guidance_strength,2002-05-31,-17,0.028626741841435432
2002-06-26,forward_guidance_strength,2002-06-03,-16,0.028956014662981033
2002-06-26,forward_guidance_strength,2002-06-04,-15,0.030650712549686432
2002-06-26,forward_guidance_strength,2002-06-05,-14,0.027583591639995575
2002-06-26,forward_guidance_strength,2002-06-06,-13,0.0300406776368618
2002-06-26,forward_guidance_strength,2002-06-07,-12,0.026962675154209137
2002-06-26,forward_guidance_strength,2002-06-10,-11,0.026333093643188477
2002-06-26,forward_guidance_strength,2002-06-11,-10,0.025404678657650948
2002-06-26,forward_guidance_strength,2002-06-12,-9,0.02593844383955002
2002-06-26,forward_guidance_strength,2002-06-13,-8,0.02497267723083496
2002-06-26,forward_guidance_strength,2002-06-14,-7,0.024352140724658966
2002-06-26,forward_guidance_strength,2002-06-17,-6,0.025955496355891228
2002-06-26,forward_guidance_strength,2002-06-18,-5,0.028892764821648598
2002-06-26,forward_guidance_strength,2002-06-19,-4,0.029036713764071465
2002-06-26,forward_guidance_strength,2002-06-20,-3,0.026904817670583725
2002-06-26,forward_guidance_strength,2002-06-21,-2,0.03586799278855324
2002-06-26,forward_guidance_strength,2002-06-24,-1,0.03177759796380997
2002-06-26,forward_guidance_strength,2002-06-25,0,0.03306496888399124
2002-08-13,rate_decision,2002-06-27,-31,0.029660092666745186
2002-08-13,rate_decision,2002-06-28,-30,0.03234034776687622
2002-08-13,rate_decision,2002-07-01,-29,0.03224289044737816
2002-08-13,rate_decision,2002-07-02,-28,0.033587150275707245
2002-08-13,rate_decision,2002-07-03,-27,0.033417243510484695
2002-08-13,rate_decision,2002-07-05,-26,0.03000568225979805
2002-08-13,rate_decision,2002-07-08,-25,0.0333235077559948
2002-08-13,rate_decision,2002-07-09,-24,0.029725458472967148
2002-08-13,rate_decision,2002-07-10,-23,0.03257858008146286
2002-08-13,rate_decision,2002-07-11,-22,0.031303346157073975
2002-08-13,rate_decision,2002-07-12,-21,0.03015786223113537
2002-08-13,rate_decision,2002-07-15,-20,0.029627010226249695
2002-08-13,rate_decision,2002-07-16,-19,0.029084406793117523
2002-08-13,rate_decision,2002-07-17,-18,0.03241361677646637
2002-08-13,rate_decision,2002-07-18,-17,0.030426431447267532
2002-08-13,rate_decision,2002-07-19,-16,0.031389717012643814
2002-08-13,rate_decision,2002-07-22,-15,0.030205313116312027
2002-08-13,rate_decision,2002-07-23,-14,0.031004328280687332
2002-08-13,rate_decision,2002-07-24,-13,0.031002886593341827
2002-08-13,rate_decision,2002-07-25,-12,0.03181219846010208
2002-08-13,rate_decision,2002-07-26,-11,0.0349169559776783
2002-08-13,rate_decision,2002-07-29,-10,0.03178267925977707
2002-08-13,rate_decision,2002-07-30,-9,0.03392470255494118
2002-08-13,rate_decision,2002-07-31,-8,0.03213436156511307
2002-08-13,rate_decision,2002-08-01,-7,0.033663421869277954
2002-08-13,rate_decision,2002-08-02,-6,0.031067587435245514
2002-08-13,rate_decision,2002-08-05,-5,0.031809646636247635
2002-08-13,rate_decision,2002-08-06,-4,0.028639687225222588
2002-08-13,rate_decision,2002-08-07,-3,0.030691424384713173
2002-08-13,rate_decision,2002-08-08,-2,0.026914257556200027
2002-08-13,rate_decision,2002-08-09,-1,0.028006255626678467
2002-08-13,rate_decision,2002-08-12,0,0.03114096075296402
2002-08-13,current_policy_stance,2002-06-27,-31,0.029834017157554626
2002-08-13,current_policy_stance,2002-06-28,-30,0.03392776474356651
2002-08-13,current_policy_stance,2002-07-01,-29,0.03908119350671768
2002-08-13,current_policy_stance,2002-07-02,-28,0.037558190524578094
2002-08-13,current_policy_stance,2002-07-03,-27,0.03319714218378067
2002-08-13,current_policy_stance,2002-07-05,-26,0.028677713125944138
2002-08-13,current_policy_stance,2002-07-08,-25,0.02595381997525692
2002-08-13,current_policy_stance,2002-07-09,-24,0.026879126206040382
2002-08-13,current_policy_stance,2002-07-10,-23,0.029658710584044456
2002-08-13,current_policy_stance,2002-07-11,-22,0.03308164328336716
2002-08-13,current_policy_stance,2002-07-12,-21,0.032019879668951035
2002-08-13,current_policy_stance,2002-07-15,-20,0.03140830993652344
2002-08-13,current_policy_stance,2002-07-16,-19,0.03208527714014053
2002-08-13,current_policy_stance,2002-07-17,-18,0.02904590778052807
2002-08-13,current_policy_stance,2002-07-18,-17,0.027116738259792328
2002-08-13,current_policy_stance,2002-07-19,-16,0.029220139607787132
2002-08-13,current_policy_stance,2002-07-22,-15,0.02931656502187252
2002-08-13,current_policy_stance,2002-07-23,-14,0.0313146635890007
2002-08-13,current_policy_stance,2002-07-24,-13,0.03704332932829857
2002-08-13,current_policy_stance,2002-07-25,-12,0.0354432612657547
2002-08-13,current_policy_stance,2002-07-26,-11,0.03026268072426319
2002-08-13,current_policy_stance,2002-07-29,-10,0.030314557254314423
2002-08-13,current_policy_stance,2002-07-30,-9,0.027400948107242584
2002-08-13,current_policy_stance,2002-07-31,-8,0.025349460542201996
2002-08-13,current_policy_stance,2002-08-01,-7,0.03190581128001213
2002-08-13,current_policy_stance,2002-08-02,-6,0.03123832866549492
2002-08-13,current_policy_stance,2002-08-05,-5,0.030631840229034424
2002-08-13,current_policy_stance,2002-08-06,-4,0.029471518471837044
2002-08-13,current_policy_stance,2002-08-07,-3,0.031398288905620575
2002-08-13,current_policy_stance,2002-08-08,-2,0.030959809198975563
2002-08-13,current_policy_stance,2002-08-09,-1,0.029489142820239067
2002-08-13,current_policy_stance,2002-08-12,0,0.03971418738365173
2002-08-13,policy_stance_shift,2002-06-27,-31,0.0296272411942482
2002-08-13,policy_stance_shift,2002-06-28,-30,0.03470217064023018
2002-08-13,policy_stance_shift,2002-07-01,-29,0.038773369044065475
2002-08-13,policy_stance_shift,2002-07-02,-28,0.03795156627893448
2002-08-13,policy_stance_shift,2002-07-03,-27,0.034101806581020355
2002-08-13,policy_stance_shift,2002-07-05,-26,0.030371179804205894
2002-08-13,policy_stance_shift,2002-07-08,-25,0.026798244565725327
2002-08-13,policy_stance_shift,2002-07-09,-24,0.026852838695049286
2002-08-13,policy_stance_shift,2002-07-10,-23,0.02966008335351944
2002-08-13,policy_stance_shift,2002-07-11,-22,0.03304065018892288
2002-08-13,policy_stance_shift,2002-07-12,-21,0.03191265091300011
2002-08-13,policy_stance_shift,2002-07-15,-20,0.03094208426773548
2002-08-13,policy_stance_shift,2002-07-16,-19,0.031978122889995575
2002-08-13,policy_stance_shift,2002-07-17,-18,0.029594825580716133
2002-08-13,policy_stance_shift,2002-07-18,-17,0.02694031223654747
2002-08-13,policy_stance_shift,2002-07-19,-16,0.028973303735256195
2002-08-13,policy_stance_shift,2002-07-22,-15,0.028863288462162018
2002-08-13,policy_stance_shift,2002-07-23,-14,0.03097112476825714
2002-08-13,policy_stance_shift,2002-07-24,-13,0.036576297134160995
2002-08-13,policy_stance_shift,2002-07-25,-12,0.03473323583602905
2002-08-13,policy_stance_shift,2002-07-26,-11,0.0303773432970047
2002-08-13,policy_stance_shift,2002-07-29,-10,0.03124181553721428
2002-08-13,policy_stance_shift,2002-07-30,-9,0.028568262234330177
2002-08-13,policy_stance_shift,2002-07-31,-8,0.02545914053916931
2002-08-13,policy_stance_shift,2002-08-01,-7,0.03141268715262413
2002-08-13,policy_stance_shift,2002-08-02,-6,0.0311598964035511
2002-08-13,policy_stance_shift,2002-08-05,-5,0.03027820959687233
2002-08-13,policy_stance_shift,2002-08-06,-4,0.02875017188489437
2002-08-13,policy_stance_shift,2002-08-07,-3,0.0310567207634449
2002-08-13,policy_stance_shift,2002-08-08,-2,0.029394930228590965
2002-08-13,policy_stance_shift,2002-08-09,-1,0.030162625014781952
2002-08-13,policy_stance_shift,2002-08-12,0,0.03877377510070801
2002-08-13,expected_rate_path_shift,2002-06-27,-31,0.02977147325873375
2002-08-13,expected_rate_path_shift,2002-06-28,-30,0.034347616136074066
2002-08-13,expected_rate_path_shift,2002-07-01,-29,0.039207980036735535
2002-08-13,expected_rate_path_shift,2002-07-02,-28,0.038049571216106415
2002-08-13,expected_rate_path_shift,2002-07-03,-27,0.03374873474240303
2002-08-13,expected_rate_path_shift,2002-07-05,-26,0.028819866478443146
2002-08-13,expected_rate_path_shift,2002-07-08,-25,0.025868648663163185
2002-08-13,expected_rate_path_shift,2002-07-09,-24,0.026894254609942436
2002-08-13,expected_rate_path_shift,2002-07-10,-23,0.02970774658024311
2002-08-13,expected_rate_path_shift,2002-07-11,-22,0.033093564212322235
2002-08-13,expected_rate_path_shift,2002-07-12,-21,0.032004185020923615
2002-08-13,expected_rate_path_shift,2002-07-15,-20,0.03158791735768318
2002-08-13,expected_rate_path_shift,2002-07-16,-19,0.03233719244599342
2002-08-13,expected_rate_path_shift,2002-07-17,-18,0.028921015560626984
2002-08-13,expected_rate_path_shift,2002-07-18,-17,0.02703261934220791
2002-08-13,expected_rate_path_shift,2002-07-19,-16,0.02920663356781006
2002-08-13,expected_rate_path_shift,2002-07-22,-15,0.02920839563012123
2002-08-13,expected_rate_path_shift,2002-07-23,-14,0.03129556402564049
2002-08-13,expected_rate_path_shift,2002-07-24,-13,0.03695119544863701
2002-08-13,expected_rate_path_shift,2002-07-25,-12,0.035196952521800995
2002-08-13,expected_rate_path_shift,2002-07-26,-11,0.03048595041036606
2002-08-13,expected_rate_path_shift,2002-07-29,-10,0.030705146491527557
2002-08-13,expected_rate_path_shift,2002-07-30,-9,0.027183260768651962
2002-08-13,expected_rate_path_shift,2002-07-31,-8,0.02523154579102993
2002-08-13,expected_rate_path_shift,2002-08-01,-7,0.03192701190710068
2002-08-13,expected_rate_path_shift,2002-08-02,-6,0.031165622174739838
2002-08-13,expected_rate_path_shift,2002-08-05,-5,0.030556805431842804
2002-08-13,expected_rate_path_shift,2002-08-06,-4,0.02934955060482025
2002-08-13,expected_rate_path_shift,2002-08-07,-3,0.03121568262577057
2002-08-13,expected_rate_path_shift,2002-08-08,-2,0.030933130532503128
2002-08-13,expected_rate_path_shift,2002-08-09,-1,0.029245980083942413
2002-08-13,expected_rate_path_shift,2002-08-12,0,0.03874919191002846
2002-08-13,inflation_assessment_shift,2002-06-27,-31,0.029863517731428146
2002-08-13,inflation_assessment_shift,2002-06-28,-30,0.03320913016796112
2002-08-13,inflation_assessment_shift,2002-07-01,-29,0.035212114453315735
2002-08-13,inflation_assessment_shift,2002-07-02,-28,0.03580264002084732
2002-08-13,inflation_assessment_shift,2002-07-03,-27,0.033805061131715775
2002-08-13,inflation_assessment_shift,2002-07-05,-26,0.03374755010008812
2002-08-13,inflation_assessment_shift,2002-07-08,-25,0.030836043879389763
2002-08-13,inflation_assessment_shift,2002-07-09,-24,0.028510427102446556
2002-08-13,inflation_assessment_shift,2002-07-10,-23,0.030676914379000664
2002-08-13,inflation_assessment_shift,2002-07-11,-22,0.03213929012417793
2002-08-13,inflation_assessment_shift,2002-07-12,-21,0.030774399638175964
2002-08-13,inflation_assessment_shift,2002-07-15,-20,0.02894795686006546
2002-08-13,inflation_assessment_shift,2002-07-16,-19,0.030199985951185226
2002-08-13,inflation_assessment_shift,2002-07-17,-18,0.030933964997529984
2002-08-13,inflation_assessment_shift,2002-07-18,-17,0.028121503069996834
2002-08-13,inflation_assessment_shift,2002-07-19,-16,0.02976769581437111
2002-08-13,inflation_assessment_shift,2002-07-22,-15,0.028796814382076263
2002-08-13,inflation_assessment_shift,2002-07-23,-14,0.030312325805425644
2002-08-13,inflation_assessment_shift,2002-07-24,-13,0.033439621329307556
2002-08-13,inflation_assessment_shift,2002-07-25,-12,0.03228259086608887
2002-08-13,inflation_assessment_shift,2002-07-26,-11,0.03136931359767914
2002-08-13,inflation_assessment_shift,2002-07-29,-10,0.03282993286848068
2002-08-13,inflation_assessment_shift,2002-07-30,-9,0.03287006914615631
2002-08-13,inflation_assessment_shift,2002-07-31,-8,0.028333453461527824
2002-08-13,inflation_assessment_shift,2002-08-01,-7,0.03165486827492714
2002-08-13,inflation_assessment_shift,2002-08-02,-6,0.031055498868227005
2002-08-13,inflation_assessment_shift,2002-08-05,-5,0.030070070177316666
2002-08-13,inflation_assessment_shift,2002-08-06,-4,0.027730625122785568
2002-08-13,inflation_assessment_shift,2002-08-07,-3,0.030421510338783264
2002-08-13,inflation_assessment_shift,2002-08-08,-2,0.026672106236219406
2002-08-13,inflation_assessment_shift,2002-08-09,-1,0.03186982497572899
2002-08-13,inflation_assessment_shift,2002-08-12,0,0.03774319216609001
2002-08-13,inflation_risk_shift,2002-06-27,-31,0.029646601527929306
2002-08-13,inflation_risk_shift,2002-06-28,-30,0.03398444876074791
2002-08-13,inflation_risk_shift,2002-07-01,-29,0.03923258185386658
2002-08-13,inflation_risk_shift,2002-07-02,-28,0.037394627928733826
2002-08-13,inflation_risk_shift,2002-07-03,-27,0.032770708203315735
2002-08-13,inflation_risk_shift,2002-07-05,-26,0.02857164852321148
2002-08-13,inflation_risk_shift,2002-07-08,-25,0.02573142759501934
2002-08-13,inflation_risk_shift,2002-07-09,-24,0.02699672430753708
2002-08-13,inflation_risk_shift,2002-07-10,-23,0.029587995260953903
2002-08-13,inflation_risk_shift,2002-07-11,-22,0.033111829310655594
2002-08-13,inflation_risk_shift,2002-07-12,-21,0.032248593866825104
2002-08-13,inflation_risk_shift,2002-07-15,-20,0.031747784465551376
2002-08-13,inflation_risk_shift,2002-07-16,-19,0.032438065856695175
2002-08-13,inflation_risk_shift,2002-07-17,-18,0.028864864259958267
2002-08-13,inflation_risk_shift,2002-07-18,-17,0.0271589532494545
2002-08-13,inflation_risk_shift,2002-07-19,-16,0.02942798286676407
2002-08-13,inflation_risk_shift,2002-07-22,-15,0.02950875647366047
2002-08-13,inflation_risk_shift,2002-07-23,-14,0.031412530690431595
2002-08-13,inflation_risk_shift,2002-07-24,-13,0.03721831366419792
2002-08-13,inflation_risk_shift,2002-07-25,-12,0.035588108003139496
2002-08-13,inflation_risk_shift,2002-07-26,-11,0.029977936297655106
2002-08-13,inflation_risk_shift,2002-07-29,-10,0.030292680487036705
2002-08-13,inflation_risk_shift,2002-07-30,-9,0.02689124085009098
2002-08-13,inflation_risk_shift,2002-07-31,-8,0.025134295225143433
2002-08-13,inflation_risk_shift,2002-08-01,-7,0.0319845974445343
2002-08-13,inflation_risk_shift,2002-08-02,-6,0.03119608759880066
2002-08-13,inflation_risk_shift,2002-08-05,-5,0.030743753537535667
2002-08-13,inflation_risk_shift,2002-08-06,-4,0.02983994595706463
2002-08-13,inflation_risk_shift,2002-08-07,-3,0.03135528415441513
2002-08-13,inflation_risk_shift,2002-08-08,-2,0.03152593597769737
2002-08-13,inflation_risk_shift,2002-08-09,-1,0.02940434403717518
2002-08-13,inflation_risk_shift,2002-08-12,0,0.03901134431362152
2002-08-13,unemployment_assessment_shift,2002-06-27,-31,0.02955922856926918
2002-08-13,unemployment_assessment_shift,2002-06-28,-30,0.034117866307497025
2002-08-13,unemployment_assessment_shift,2002-07-01,-29,0.03949858248233795
2002-08-13,unemployment_assessment_shift,2002-07-02,-28,0.037660352885723114
2002-08-13,unemployment_assessment_shift,2002-07-03,-27,0.03315099701285362
2002-08-13,unemployment_assessment_shift,2002-07-05,-26,0.02890566736459732
2002-08-13,unemployment_assessment_shift,2002-07-08,-25,0.025907421484589577
2002-08-13,unemployment_assessment_shift,2002-07-09,-24,0.026994643732905388
2002-08-13,unemployment_assessment_shift,2002-07-10,-23,0.02960031107068062
2002-08-13,unemployment_assessment_shift,2002-07-11,-22,0.033246129751205444
2002-08-13,unemployment_assessment_shift,2002-07-12,-21,0.032284438610076904
2002-08-13,unemployment_assessment_shift,2002-07-15,-20,0.031555935740470886
2002-08-13,unemployment_assessment_shift,2002-07-16,-19,0.032294321805238724
2002-08-13,unemployment_assessment_shift,2002-07-17,-18,0.028908459469676018
2002-08-13,unemployment_assessment_shift,2002-07-18,-17,0.026985419914126396
2002-08-13,unemployment_assessment_shift,2002-07-19,-16,0.029376257210969925
2002-08-13,unemployment_assessment_shift,2002-07-22,-15,0.029399584978818893
2002-08-13,unemployment_assessment_shift,2002-07-23,-14,0.031236182898283005
2002-08-13,unemployment_assessment_shift,2002-07-24,-13,0.03720027208328247
2002-08-13,unemployment_assessment_shift,2002-07-25,-12,0.03561575710773468
2002-08-13,unemployment_assessment_shift,2002-07-26,-11,0.02977801114320755
2002-08-13,unemployment_assessment_shift,2002-07-29,-10,0.03020588681101799
2002-08-13,unemployment_assessment_shift,2002-07-30,-9,0.027159057557582855
2002-08-13,unemployment_assessment_shift,2002-07-31,-8,0.025001350790262222
2002-08-13,unemployment_assessment_shift,2002-08-01,-7,0.031864412128925323
2002-08-13,unemployment_assessment_shift,2002-08-02,-6,0.031203608959913254
2002-08-13,unemployment_assessment_shift,2002-08-05,-5,0.030562330037355423
2002-08-13,unemployment_assessment_shift,2002-08-06,-4,0.02957535907626152
2002-08-13,unemployment_assessment_shift,2002-08-07,-3,0.03109869360923767
2002-08-13,unemployment_assessment_shift,2002-08-08,-2,0.031062956899404526
2002-08-13,unemployment_assessment_shift,2002-08-09,-1,0.029449185356497765
2002-08-13,unemployment_assessment_shift,2002-08-12,0,0.039541300386190414
2002-08-13,labor_market_risk_shift,2002-06-27,-31,0.02985387295484543
2002-08-13,labor_market_risk_shift,2002-06-28,-30,0.034289486706256866
2002-08-13,labor_market_risk_shift,2002-07-01,-29,0.03933385759592056
2002-08-13,labor_market_risk_shift,2002-07-02,-28,0.03773237019777298
2002-08-13,labor_market_risk_shift,2002-07-03,-27,0.033397190272808075
2002-08-13,labor_market_risk_shift,2002-07-05,-26,0.02878032624721527
2002-08-13,labor_market_risk_shift,2002-07-08,-25,0.025835666805505753
2002-08-13,labor_market_risk_shift,2002-07-09,-24,0.02683386392891407
2002-08-13,labor_market_risk_shift,2002-07-10,-23,0.02972542680799961
2002-08-13,labor_market_risk_shift,2002-07-11,-22,0.03310772404074669
2002-08-13,labor_market_risk_shift,2002-07-12,-21,0.03227638453245163
2002-08-13,labor_market_risk_shift,2002-07-15,-20,0.031660109758377075
2002-08-13,labor_market_risk_shift,2002-07-16,-19,0.032242294400930405
2002-08-13,labor_market_risk_shift,2002-07-17,-18,0.02885192260146141
2002-08-13,labor_market_risk_shift,2002-07-18,-17,0.0269860178232193
2002-08-13,labor_market_risk_shift,2002-07-19,-16,0.029346030205488205
2002-08-13,labor_market_risk_shift,2002-07-22,-15,0.029299914836883545
2002-08-13,labor_market_risk_shift,2002-07-23,-14,0.03129054605960846
2002-08-13,labor_market_risk_shift,2002-07-24,-13,0.03699995577335358
2002-08-13,labor_market_risk_shift,2002-07-25,-12,0.03544839471578598
2002-08-13,labor_market_risk_shift,2002-07-26,-11,0.030175670981407166
2002-08-13,labor_market_risk_shift,2002-07-29,-10,0.03034565970301628
2002-08-13,labor_market_risk_shift,2002-07-30,-9,0.02704298496246338
2002-08-13,labor_market_risk_shift,2002-07-31,-8,0.025090448558330536
2002-08-13,labor_market_risk_shift,2002-08-01,-7,0.03193657472729683
2002-08-13,labor_market_risk_shift,2002-08-02,-6,0.031237900257110596
2002-08-13,labor_market_risk_shift,2002-08-05,-5,0.03079012595117092
2002-08-13,labor_market_risk_shift,2002-08-06,-4,0.029575921595096588
2002-08-13,labor_market_risk_shift,2002-08-07,-3,0.03136473894119263
2002-08-13,labor_market_risk_shift,2002-08-08,-2,0.030948452651500702
2002-08-13,labor_market_risk_shift,2002-08-09,-1,0.029324036091566086
2002-08-13,labor_market_risk_shift,2002-08-12,0,0.03887612372636795
2002-08-13,growth_activity_shift,2002-06-27,-31,0.02982725203037262
2002-08-13,growth_activity_shift,2002-06-28,-30,0.033829767256975174
2002-08-13,growth_activity_shift,2002-07-01,-29,0.03918459266424179
2002-08-13,growth_activity_shift,2002-07-02,-28,0.03752792254090309
2002-08-13,growth_activity_shift,2002-07-03,-27,0.033013250678777695
2002-08-13,growth_activity_shift,2002-07-05,-26,0.028759509325027466
2002-08-13,growth_activity_shift,2002-07-08,-25,0.025927426293492317
2002-08-13,growth_activity_shift,2002-07-09,-24,0.02693287283182144
2002-08-13,growth_activity_shift,2002-07-10,-23,0.029586046934127808
2002-08-13,growth_activity_shift,2002-07-11,-22,0.03316270560026169
2002-08-13,growth_activity_shift,2002-07-12,-21,0.03208524361252785
2002-08-13,growth_activity_shift,2002-07-15,-20,0.0314849428832531
2002-08-13,growth_activity_shift,2002-07-16,-19,0.032027147710323334
2002-08-13,growth_activity_shift,2002-07-17,-18,0.0288691483438015
2002-08-13,growth_activity_shift,2002-07-18,-17,0.02703673392534256
2002-08-13,growth_activity_shift,2002-07-19,-16,0.029294699430465698
2002-08-13,growth_activity_shift,2002-07-22,-15,0.029319126158952713
2002-08-13,growth_activity_shift,2002-07-23,-14,0.031223811209201813
2002-08-13,growth_activity_shift,2002-07-24,-13,0.03716845065355301
2002-08-13,growth_activity_shift,2002-07-25,-12,0.03546556085348129
2002-08-13,growth_activity_shift,2002-07-26,-11,0.029997969046235085
2002-08-13,growth_activity_shift,2002-07-29,-10,0.030361156910657883
2002-08-13,growth_activity_shift,2002-07-30,-9,0.027312887832522392
2002-08-13,growth_activity_shift,2002-07-31,-8,0.025278329849243164
2002-08-13,growth_activity_shift,2002-08-01,-7,0.03194910287857056
2002-08-13,growth_activity_shift,2002-08-02,-6,0.03129831701517105
2002-08-13,growth_activity_shift,2002-08-05,-5,0.030759703367948532
2002-08-13,growth_activity_shift,2002-08-06,-4,0.02959005907177925
2002-08-13,growth_activity_shift,2002-08-07,-3,0.03142659366130829
2002-08-13,growth_activity_shift,2002-08-08,-2,0.031223855912685394
2002-08-13,growth_activity_shift,2002-08-09,-1,0.029504872858524323
2002-08-13,growth_activity_shift,2002-08-12,0,0.03957093879580498
2002-08-13,financial_conditions_shift,2002-06-27,-31,0.031669046729803085
2002-08-13,financial_conditions_shift,2002-06-28,-30,0.0306585393846035
2002-08-13,financial_conditions_shift,2002-07-01,-29,0.02642970159649849
2002-08-13,financial_conditions_shift,2002-07-02,-28,0.028263341635465622
2002-08-13,financial_conditions_shift,2002-07-03,-27,0.031120961531996727
2002-08-13,financial_conditions_shift,2002-07-05,-26,0.03747129440307617
2002-08-13,financial_conditions_shift,2002-07-08,-25,0.03756801784038544
2002-08-13,financial_conditions_shift,2002-07-09,-24,0.03320720046758652
2002-08-13,financial_conditions_shift,2002-07-10,-23,0.032069671899080276
2002-08-13,financial_conditions_shift,2002-07-11,-22,0.02941504493355751
2002-08-13,financial_conditions_shift,2002-07-12,-21,0.029740016907453537
2002-08-13,financial_conditions_shift,2002-07-15,-20,0.029811087995767593
2002-08-13,financial_conditions_shift,2002-07-16,-19,0.029428305104374886
2002-08-13,financial_conditions_shift,2002-07-17,-18,0.03334274888038635
2002-08-13,financial_conditions_shift,2002-07-18,-17,0.03287616744637489
2002-08-13,financial_conditions_shift,2002-07-19,-16,0.03150800243020058
2002-08-13,financial_conditions_shift,2002-07-22,-15,0.030815351754426956
2002-08-13,financial_conditions_shift,2002-07-23,-14,0.02990541234612465
2002-08-13,financial_conditions_shift,2002-07-24,-13,0.026747431606054306
2002-08-13,financial_conditions_shift,2002-07-25,-12,0.027360256761312485
2002-08-13,financial_conditions_shift,2002-07-26,-11,0.03208718076348305
2002-08-13,financial_conditions_shift,2002-07-29,-10,0.033161114901304245
2002-08-13,financial_conditions_shift,2002-07-30,-9,0.037191249430179596
2002-08-13,financial_conditions_shift,2002-07-31,-8,0.03611143305897713
2002-08-13,financial_conditions_shift,2002-08-01,-7,0.02958529070019722
2002-08-13,financial_conditions_shift,2002-08-02,-6,0.031091226264834404
2002-08-13,financial_conditions_shift,2002-08-05,-5,0.030344251543283463
2002-08-13,financial_conditions_shift,2002-08-06,-4,0.03017786704003811
2002-08-13,financial_conditions_shift,2002-08-07,-3,0.031386032700538635
2002-08-13,financial_conditions_shift,2002-08-08,-2,0.027829835191369057
2002-08-13,financial_conditions_shift,2002-08-09,-1,0.03438756987452507
2002-08-13,financial_conditions_shift,2002-08-12,0,0.027239369228482246
2002-08-13,risk_balance_shift,2002-06-27,-31,0.030019979923963547
2002-08-13,risk_balance_shift,2002-06-28,-30,0.03395581990480423
2002-08-13,risk_balance_shift,2002-07-01,-29,0.03907756507396698
2002-08-13,risk_balance_shift,2002-07-02,-28,0.03762874752283096
2002-08-13,risk_balance_shift,2002-07-03,-27,0.03322867304086685
2002-08-13,risk_balance_shift,2002-07-05,-26,0.02838602289557457
2002-08-13,risk_balance_shift,2002-07-08,-25,0.02565380185842514
2002-08-13,risk_balance_shift,2002-07-09,-24,0.026987848803400993
2002-08-13,risk_balance_shift,2002-07-10,-23,0.02973361313343048
2002-08-13,risk_balance_shift,2002-07-11,-22,0.03310806676745415
2002-08-13,risk_balance_shift,2002-07-12,-21,0.03218328207731247
2002-08-13,risk_balance_shift,2002-07-15,-20,0.031716033816337585
2002-08-13,risk_balance_shift,2002-07-16,-19,0.032179467380046844
2002-08-13,risk_balance_shift,2002-07-17,-18,0.028802551329135895
2002-08-13,risk_balance_shift,2002-07-18,-17,0.027212265878915787
2002-08-13,risk_balance_shift,2002-07-19,-16,0.02939167059957981
2002-08-13,risk_balance_shift,2002-07-22,-15,0.029499780386686325
2002-08-13,risk_balance_shift,2002-07-23,-14,0.03142080828547478
2002-08-13,risk_balance_shift,2002-07-24,-13,0.03704838454723358
2002-08-13,risk_balance_shift,2002-07-25,-12,0.03556499630212784
2002-08-13,risk_balance_shift,2002-07-26,-11,0.030256062746047974
2002-08-13,risk_balance_shift,2002-07-29,-10,0.030148644000291824
2002-08-13,risk_balance_shift,2002-07-30,-9,0.02687356248497963
2002-08-13,risk_balance_shift,2002-07-31,-8,0.02527056634426117
2002-08-13,risk_balance_shift,2002-08-01,-7,0.03205975145101547
2002-08-13,risk_balance_shift,2002-08-02,-6,0.031280551105737686
2002-08-13,risk_balance_shift,2002-08-05,-5,0.03081917203962803
2002-08-13,risk_balance_shift,2002-08-06,-4,0.02973656915128231
2002-08-13,risk_balance_shift,2002-08-07,-3,0.03131658583879471
2002-08-13,risk_balance_shift,2002-08-08,-2,0.031366977840662
2002-08-13,risk_balance_shift,2002-08-09,-1,0.029035644605755806
2002-08-13,risk_balance_shift,2002-08-12,0,0.03903651982545853
2002-08-13,committee_dispersion,2002-06-27,-31,0.02970956265926361
2002-08-13,committee_dispersion,2002-06-28,-30,0.034114301204681396
2002-08-13,committee_dispersion,2002-07-01,-29,0.038843121379613876
2002-08-13,committee_dispersion,2002-07-02,-28,0.03821190446615219
2002-08-13,committee_dispersion,2002-07-03,-27,0.03401714935898781
2002-08-13,committee_dispersion,2002-07-05,-26,0.02943592146039009
2002-08-13,committee_dispersion,2002-07-08,-25,0.02630782127380371
2002-08-13,committee_dispersion,2002-07-09,-24,0.027008287608623505
2002-08-13,committee_dispersion,2002-07-10,-23,0.02966739796102047
2002-08-13,committee_dispersion,2002-07-11,-22,0.0330604687333107
2002-08-13,committee_dispersion,2002-07-12,-21,0.03191100060939789
2002-08-13,committee_dispersion,2002-07-15,-20,0.031187372282147408
2002-08-13,committee_dispersion,2002-07-16,-19,0.031998276710510254
2002-08-13,committee_dispersion,2002-07-17,-18,0.029061326757073402
2002-08-13,committee_dispersion,2002-07-18,-17,0.02696816436946392
2002-08-13,committee_dispersion,2002-07-19,-16,0.029216289520263672
2002-08-13,committee_dispersion,2002-07-22,-15,0.029165197163820267
2002-08-13,committee_dispersion,2002-07-23,-14,0.031136807054281235
2002-08-13,committee_dispersion,2002-07-24,-13,0.03689093887805939
2002-08-13,committee_dispersion,2002-07-25,-12,0.034908879548311234
2002-08-13,committee_dispersion,2002-07-26,-11,0.030333617702126503
2002-08-13,committee_dispersion,2002-07-29,-10,0.030768919736146927
2002-08-13,committee_dispersion,2002-07-30,-9,0.02766307443380356
2002-08-13,committee_dispersion,2002-07-31,-8,0.02527834102511406
2002-08-13,committee_dispersion,2002-08-01,-7,0.0317620187997818
2002-08-13,committee_dispersion,2002-08-02,-6,0.031201951205730438
2002-08-13,committee_dispersion,2002-08-05,-5,0.030575912445783615
2002-08-13,committee_dispersion,2002-08-06,-4,0.029144037514925003
2002-08-13,committee_dispersion,2002-08-07,-3,0.03125493600964546
2002-08-13,committee_dispersion,2002-08-08,-2,0.030488278716802597
2002-08-13,committee_dispersion,2002-08-09,-1,0.02973906509578228
2002-08-13,committee_dispersion,2002-08-12,0,0.03896966204047203
2002-08-13,policy_uncertainty,2002-06-27,-31,0.03111746907234192
2002-08-13,policy_uncertainty,2002-06-28,-30,0.03191668912768364
2002-08-13,policy_uncertainty,2002-07-01,-29,0.028592023998498917
2002-08-13,policy_uncertainty,2002-07-02,-28,0.03008359670639038
2002-08-13,policy_uncertainty,2002-07-03,-27,0.031396523118019104
2002-08-13,policy_uncertainty,2002-07-05,-26,0.038388386368751526
2002-08-13,policy_uncertainty,2002-07-08,-25,0.03670157119631767
2002-08-13,policy_uncertainty,2002-07-09,-24,0.03217204660177231
2002-08-13,policy_uncertainty,2002-07-10,-23,0.0316305086016655
2002-08-13,policy_uncertainty,2002-07-11,-22,0.029926856979727745
2002-08-13,policy_uncertainty,2002-07-12,-21,0.029813922941684723
2002-08-13,policy_uncertainty,2002-07-15,-20,0.028836529701948166
2002-08-13,policy_uncertainty,2002-07-16,-19,0.029697680845856667
2002-08-13,policy_uncertainty,2002-07-17,-18,0.033196333795785904
2002-08-13,policy_uncertainty,2002-07-18,-17,0.031458258628845215
2002-08-13,policy_uncertainty,2002-07-19,-16,0.030990751460194588
2002-08-13,policy_uncertainty,2002-07-22,-15,0.030167460441589355
2002-08-13,policy_uncertainty,2002-07-23,-14,0.029592733830213547
2002-08-13,policy_uncertainty,2002-07-24,-13,0.027853989973664284
2002-08-13,policy_uncertainty,2002-07-25,-12,0.02799193374812603
2002-08-13,policy_uncertainty,2002-07-26,-11,0.0315183624625206
2002-08-13,policy_uncertainty,2002-07-29,-10,0.033807091414928436
2002-08-13,policy_uncertainty,2002-07-30,-9,0.03717835992574692
2002-08-13,policy_uncertainty,2002-07-31,-8,0.0340910404920578
2002-08-13,policy_uncertainty,2002-08-01,-7,0.029570836573839188
2002-08-13,policy_uncertainty,2002-08-02,-6,0.031115984544157982
2002-08-13,policy_uncertainty,2002-08-05,-5,0.029959486797451973
2002-08-13,policy_uncertainty,2002-08-06,-4,0.029416095465421677
2002-08-13,policy_uncertainty,2002-08-07,-3,0.03081527352333069
2002-08-13,policy_uncertainty,2002-08-08,-2,0.027049243450164795
2002-08-13,policy_uncertainty,2002-08-09,-1,0.03499229997396469
2002-08-13,policy_uncertainty,2002-08-12,0,0.028960630297660828
2002-08-13,forward_guidance_strength,2002-06-27,-31,0.029665008187294006
2002-08-13,forward_guidance_strength,2002-06-28,-30,0.034459929913282394
2002-08-13,forward_guidance_strength,2002-07-01,-29,0.03885453939437866
2002-08-13,forward_guidance_strength,2002-07-02,-28,0.03777756541967392
2002-08-13,forward_guidance_strength,2002-07-03,-27,0.033154238015413284
2002-08-13,forward_guidance_strength,2002-07-05,-26,0.028856107965111732
2002-08-13,forward_guidance_strength,2002-07-08,-25,0.026639798656105995
2002-08-13,forward_guidance_strength,2002-07-09,-24,0.026963207870721817
2002-08-13,forward_guidance_strength,2002-07-10,-23,0.02996748872101307
2002-08-13,forward_guidance_strength,2002-07-11,-22,0.03306695818901062
2002-08-13,forward_guidance_strength,2002-07-12,-21,0.0321626290678978
2002-08-13,forward_guidance_strength,2002-07-15,-20,0.031152978539466858
2002-08-13,forward_guidance_strength,2002-07-16,-19,0.03155052289366722
2002-08-13,forward_guidance_strength,2002-07-17,-18,0.029292497783899307
2002-08-13,forward_guidance_strength,2002-07-18,-17,0.02712607942521572
2002-08-13,forward_guidance_strength,2002-07-19,-16,0.029235638678073883
2002-08-13,forward_guidance_strength,2002-07-22,-15,0.029169583693146706
2002-08-13,forward_guidance_strength,2002-07-23,-14,0.03133983910083771
2002-08-13,forward_guidance_strength,2002-07-24,-13,0.03683261573314667
2002-08-13,forward_guidance_strength,2002-07-25,-12,0.035389453172683716
2002-08-13,forward_guidance_strength,2002-07-26,-11,0.03060542792081833
2002-08-13,forward_guidance_strength,2002-07-29,-10,0.030081171542406082
2002-08-13,forward_guidance_strength,2002-07-30,-9,0.02800876274704933
2002-08-13,forward_guidance_strength,2002-07-31,-8,0.025790780782699585
2002-08-13,forward_guidance_strength,2002-08-01,-7,0.032006748020648956
2002-08-13,forward_guidance_strength,2002-08-02,-6,0.03151987865567207
2002-08-13,forward_guidance_strength,2002-08-05,-5,0.03076855093240738
2002-08-13,forward_guidance_strength,2002-08-06,-4,0.028975307941436768
2002-08-13,forward_guidance_strength,2002-08-07,-3,0.031575631350278854
2002-08-13,forward_guidance_strength,2002-08-08,-2,0.029631217941641808
2002-08-13,forward_guidance_strength,2002-08-09,-1,0.029528893530368805
2002-08-13,forward_guidance_strength,2002-08-12,0,0.03885097801685333
2002-09-24,rate_decision,2002-08-14,-27,0.04284968227148056
2002-09-24,rate_decision,2002-08-15,-26,0.03795013576745987
2002-09-24,rate_decision,2002-08-16,-25,0.038316573947668076
2002-09-24,rate_decision,2002-08-19,-24,0.04116431996226311
2002-09-24,rate_decision,2002-08-20,-23,0.041198715567588806
2002-09-24,rate_decision,2002-08-21,-22,0.04141389578580856
2002-09-24,rate_decision,2002-08-22,-21,0.039081014692783356
2002-09-24,rate_decision,2002-08-23,-20,0.037624627351760864
2002-09-24,rate_decision,2002-08-26,-19,0.03947083652019501
2002-09-24,rate_decision,2002-08-27,-18,0.03364948183298111
2002-09-24,rate_decision,2002-08-28,-17,0.032834216952323914
2002-09-24,rate_decision,2002-08-29,-16,0.03163281828165054
2002-09-24,rate_decision,2002-08-30,-15,0.03189205005764961
2002-09-24,rate_decision,2002-09-03,-14,0.03361479192972183
2002-09-24,rate_decision,2002-09-04,-13,0.030823547393083572
2002-09-24,rate_decision,2002-09-05,-12,0.032991599291563034
2002-09-24,rate_decision,2002-09-06,-11,0.03446950763463974
2002-09-24,rate_decision,2002-09-09,-10,0.036159493029117584
2002-09-24,rate_decision,2002-09-10,-9,0.04092959314584732
2002-09-24,rate_decision,2002-09-11,-8,0.035381123423576355
2002-09-24,rate_decision,2002-09-12,-7,0.03808480501174927
2002-09-24,rate_decision,2002-09-13,-6,0.03552114963531494
2002-09-24,rate_decision,2002-09-16,-5,0.03295785188674927
2002-09-24,rate_decision,2002-09-17,-4,0.03367936611175537
2002-09-24,rate_decision,2002-09-18,-3,0.030796105042099953
2002-09-24,rate_decision,2002-09-19,-2,0.031200595200061798
2002-09-24,rate_decision,2002-09-20,-1,0.02956557646393776
2002-09-24,rate_decision,2002-09-23,0,0.03474653512239456
2002-09-24,current_policy_stance,2002-08-14,-27,0.034044548869132996
2002-09-24,current_policy_stance,2002-08-15,-26,0.031580790877342224
2002-09-24,current_policy_stance,2002-08-16,-25,0.031015709042549133
2002-09-24,current_policy_stance,2002-08-19,-24,0.03297950327396393
2002-09-24,current_policy_stance,2002-08-20,-23,0.035408008843660355
2002-09-24,current_policy_stance,2002-08-21,-22,0.03899569436907768
2002-09-24,current_policy_stance,2002-08-22,-21,0.04009987413883209
2002-09-24,current_policy_stance,2002-08-23,-20,0.038804080337285995
2002-09-24,current_policy_stance,2002-08-26,-19,0.03453710675239563
2002-09-24,current_policy_stance,2002-08-27,-18,0.03136661648750305
2002-09-24,current_policy_stance,2002-08-28,-17,0.031041178852319717
2002-09-24,current_policy_stance,2002-08-29,-16,0.030343541875481606
2002-09-24,current_policy_stance,2002-08-30,-15,0.03225772827863693
2002-09-24,current_policy_stance,2002-09-03,-14,0.035592928528785706
2002-09-24,current_policy_stance,2002-09-04,-13,0.03643731772899628
2002-09-24,current_policy_stance,2002-09-05,-12,0.03527703881263733
2002-09-24,current_policy_stance,2002-09-06,-11,0.038606613874435425
2002-09-24,current_policy_stance,2002-09-09,-10,0.034668080508708954
2002-09-24,current_policy_stance,2002-09-10,-9,0.035590291023254395
2002-09-24,current_policy_stance,2002-09-11,-8,0.03356791287660599
2002-09-24,current_policy_stance,2002-09-12,-7,0.035087160766124725
2002-09-24,current_policy_stance,2002-09-13,-6,0.03508330136537552
2002-09-24,current_policy_stance,2002-09-16,-5,0.033436235040426254
2002-09-24,current_policy_stance,2002-09-17,-4,0.035312481224536896
2002-09-24,current_policy_stance,2002-09-18,-3,0.033862512558698654
2002-09-24,current_policy_stance,2002-09-19,-2,0.03823302686214447
2002-09-24,current_policy_stance,2002-09-20,-1,0.0411718375980854
2002-09-24,current_policy_stance,2002-09-23,0,0.055598821491003036
2002-09-24,policy_stance_shift,2002-08-14,-27,0.03378552570939064
2002-09-24,policy_stance_shift,2002-08-15,-26,0.0333903543651104
2002-09-24,policy_stance_shift,2002-08-16,-25,0.03360952064394951
2002-09-24,policy_stance_shift,2002-08-19,-24,0.03492060303688049
2002-09-24,policy_stance_shift,2002-08-20,-23,0.034680016338825226
2002-09-24,policy_stance_shift,2002-08-21,-22,0.038165830075740814
2002-09-24,policy_stance_shift,2002-08-22,-21,0.04090319573879242
2002-09-24,policy_stance_shift,2002-08-23,-20,0.03852444887161255
2002-09-24,policy_stance_shift,2002-08-26,-19,0.033979322761297226
2002-09-24,policy_stance_shift,2002-08-27,-18,0.03257082775235176
2002-09-24,policy_stance_shift,2002-08-28,-17,0.03150955215096474
2002-09-24,policy_stance_shift,2002-08-29,-16,0.029795993119478226
2002-09-24,policy_stance_shift,2002-08-30,-15,0.03176937624812126
2002-09-24,policy_stance_shift,2002-09-03,-14,0.03549342602491379
2002-09-24,policy_stance_shift,2002-09-04,-13,0.03458661586046219
2002-09-24,policy_stance_shift,2002-09-05,-12,0.034951403737068176
2002-09-24,policy_stance_shift,2002-09-06,-11,0.0376070998609066
2002-09-24,policy_stance_shift,2002-09-09,-10,0.03596239909529686
2002-09-24,policy_stance_shift,2002-09-10,-9,0.0361369289457798
2002-09-24,policy_stance_shift,2002-09-11,-8,0.034916359931230545
2002-09-24,policy_stance_shift,2002-09-12,-7,0.037296973168849945
2002-09-24,policy_stance_shift,2002-09-13,-6,0.03504497930407524
2002-09-24,policy_stance_shift,2002-09-16,-5,0.03314654156565666
2002-09-24,policy_stance_shift,2002-09-17,-4,0.035597916692495346
2002-09-24,policy_stance_shift,2002-09-18,-3,0.032764188945293427
2002-09-24,policy_stance_shift,2002-09-19,-2,0.037854939699172974
2002-09-24,policy_stance_shift,2002-09-20,-1,0.0401032455265522
2002-09-24,policy_stance_shift,2002-09-23,0,0.05093242600560188
2002-09-24,expected_rate_path_shift,2002-08-14,-27,0.03365126997232437
2002-09-24,expected_rate_path_shift,2002-08-15,-26,0.03233335167169571
2002-09-24,expected_rate_path_shift,2002-08-16,-25,0.0326046347618103
2002-09-24,expected_rate_path_shift,2002-08-19,-24,0.03417952358722687
2002-09-24,expected_rate_path_shift,2002-08-20,-23,0.03530673310160637
2002-09-24,expected_rate_path_shift,2002-08-21,-22,0.039384618401527405
2002-09-24,expected_rate_path_shift,2002-08-22,-21,0.040666744112968445
2002-09-24,expected_rate_path_shift,2002-08-23,-20,0.03856401517987251
2002-09-24,expected_rate_path_shift,2002-08-26,-19,0.03484822437167168
2002-09-24,expected_rate_path_shift,2002-08-27,-18,0.03232162445783615
2002-09-24,expected_rate_path_shift,2002-08-28,-17,0.030973464250564575
2002-09-24,expected_rate_path_shift,2002-08-29,-16,0.029960114508867264
2002-09-24,expected_rate_path_shift,2002-08-30,-15,0.03185751289129257
2002-09-24,expected_rate_path_shift,2002-09-03,-14,0.03538154810667038
2002-09-24,expected_rate_path_shift,2002-09-04,-13,0.035041049122810364
2002-09-24,expected_rate_path_shift,2002-09-05,-12,0.035150401294231415
2002-09-24,expected_rate_path_shift,2002-09-06,-11,0.037805307656526566
2002-09-24,expected_rate_path_shift,2002-09-09,-10,0.03537663072347641
2002-09-24,expected_rate_path_shift,2002-09-10,-9,0.036107953637838364
2002-09-24,expected_rate_path_shift,2002-09-11,-8,0.03435401991009712
2002-09-24,expected_rate_path_shift,2002-09-12,-7,0.036143891513347626
2002-09-24,expected_rate_path_shift,2002-09-13,-6,0.03498031198978424
2002-09-24,expected_rate_path_shift,2002-09-16,-5,0.03345490247011185
2002-09-24,expected_rate_path_shift,2002-09-17,-4,0.03555913642048836
2002-09-24,expected_rate_path_shift,2002-09-18,-3,0.033050786703825
2002-09-24,expected_rate_path_shift,2002-09-19,-2,0.038438621908426285
2002-09-24,expected_rate_path_shift,2002-09-20,-1,0.04021240025758743
2002-09-24,expected_rate_path_shift,2002-09-23,0,0.052291207015514374
2002-09-24,inflation_assessment_shift,2002-08-14,-27,0.03459370136260986
2002-09-24,inflation_assessment_shift,2002-08-15,-26,0.03265729919075966
2002-09-24,inflation_assessment_shift,2002-08-16,-25,0.03215803578495979
2002-09-24,inflation_assessment_shift,2002-08-19,-24,0.03448362648487091
2002-09-24,inflation_assessment_shift,2002-08-20,-23,0.03522791340947151
2002-09-24,inflation_assessment_shift,2002-08-21,-22,0.03880700841546059
2002-09-24,inflation_assessment_shift,2002-08-22,-21,0.040865931659936905
2002-09-24,inflation_assessment_shift,2002-08-23,-20,0.038861148059368134
2002-09-24,inflation_assessment_shift,2002-08-26,-19,0.03427577763795853
2002-09-24,inflation_assessment_shift,2002-08-27,-18,0.03158901259303093
2002-09-24,inflation_assessment_shift,2002-08-28,-17,0.0308099165558815
2002-09-24,inflation_assessment_shift,2002-08-29,-16,0.02999524585902691
2002-09-24,inflation_assessment_shift,2002-08-30,-15,0.0319979153573513
2002-09-24,inflation_assessment_shift,2002-09-03,-14,0.03553156554698944
2002-09-24,inflation_assessment_shift,2002-09-04,-13,0.03540695458650589
2002-09-24,inflation_assessment_shift,2002-09-05,-12,0.0350538045167923
2002-09-24,inflation_assessment_shift,2002-09-06,-11,0.03820976987481117
2002-09-24,inflation_assessment_shift,2002-09-09,-10,0.035350531339645386
2002-09-24,inflation_assessment_shift,2002-09-10,-9,0.03588449954986572
2002-09-24,inflation_assessment_shift,2002-09-11,-8,0.03422628343105316
2002-09-24,inflation_assessment_shift,2002-09-12,-7,0.036126721650362015
2002-09-24,inflation_assessment_shift,2002-09-13,-6,0.03533681854605675
2002-09-24,inflation_assessment_shift,2002-09-16,-5,0.03319356217980385
2002-09-24,inflation_assessment_shift,2002-09-17,-4,0.03530726581811905
2002-09-24,inflation_assessment_shift,2002-09-18,-3,0.03325897827744484
2002-09-24,inflation_assessment_shift,2002-09-19,-2,0.03737504407763481
2002-09-24,inflation_assessment_shift,2002-09-20,-1,0.03989330306649208
2002-09-24,inflation_assessment_shift,2002-09-23,0,0.053522348403930664
2002-09-24,inflation_risk_shift,2002-08-14,-27,0.033056698739528656
2002-09-24,inflation_risk_shift,2002-08-15,-26,0.03170960023999214
2002-09-24,inflation_risk_shift,2002-08-16,-25,0.031865645200014114
2002-09-24,inflation_risk_shift,2002-08-19,-24,0.033308759331703186
2002-09-24,inflation_risk_shift,2002-08-20,-23,0.03475312888622284
2002-09-24,inflation_risk_shift,2002-08-21,-22,0.03874282166361809
2002-09-24,inflation_risk_shift,2002-08-22,-21,0.04047773778438568
2002-09-24,inflation_risk_shift,2002-08-23,-20,0.03876496106386185
2002-09-24,inflation_risk_shift,2002-08-26,-19,0.034348588436841965
2002-09-24,inflation_risk_shift,2002-08-27,-18,0.03196055814623833
2002-09-24,inflation_risk_shift,2002-08-28,-17,0.03126748651266098
2002-09-24,inflation_risk_shift,2002-08-29,-16,0.03021579422056675
2002-09-24,inflation_risk_shift,2002-08-30,-15,0.032229870557785034
2002-09-24,inflation_risk_shift,2002-09-03,-14,0.035640012472867966
2002-09-24,inflation_risk_shift,2002-09-04,-13,0.035632647573947906
2002-09-24,inflation_risk_shift,2002-09-05,-12,0.03538106009364128
2002-09-24,inflation_risk_shift,2002-09-06,-11,0.0382259376347065
2002-09-24,inflation_risk_shift,2002-09-09,-10,0.03510423004627228
2002-09-24,inflation_risk_shift,2002-09-10,-9,0.03558741882443428
2002-09-24,inflation_risk_shift,2002-09-11,-8,0.03378559648990631
2002-09-24,inflation_risk_shift,2002-09-12,-7,0.03600093722343445
2002-09-24,inflation_risk_shift,2002-09-13,-6,0.03516640514135361
2002-09-24,inflation_risk_shift,2002-09-16,-5,0.03374738618731499
2002-09-24,inflation_risk_shift,2002-09-17,-4,0.03564482927322388
2002-09-24,inflation_risk_shift,2002-09-18,-3,0.033314235508441925
2002-09-24,inflation_risk_shift,2002-09-19,-2,0.03882304206490517
2002-09-24,inflation_risk_shift,2002-09-20,-1,0.04145979508757591
2002-09-24,inflation_risk_shift,2002-09-23,0,0.053784798830747604
2002-09-24,unemployment_assessment_shift,2002-08-14,-27,0.03388805687427521
2002-09-24,unemployment_assessment_shift,2002-08-15,-26,0.034828197211027145
2002-09-24,unemployment_assessment_shift,2002-08-16,-25,0.035678137093782425
2002-09-24,unemployment_assessment_shift,2002-08-19,-24,0.036916397511959076
2002-09-24,unemployment_assessment_shift,2002-08-20,-23,0.034094564616680145
2002-09-24,unemployment_assessment_shift,2002-08-21,-22,0.03635028749704361
2002-09-24,unemployment_assessment_shift,2002-08-22,-21,0.04061796888709068
2002-09-24,unemployment_assessment_shift,2002-08-23,-20,0.03834480047225952
2002-09-24,unemployment_assessment_shift,2002-08-26,-19,0.033327870070934296
2002-09-24,unemployment_assessment_shift,2002-08-27,-18,0.03365622088313103
2002-09-24,unemployment_assessment_shift,2002-08-28,-17,0.03261316567659378
2002-09-24,unemployment_assessment_shift,2002-08-29,-16,0.030037198215723038
2002-09-24,unemployment_assessment_shift,2002-08-30,-15,0.03208839148283005
2002-09-24,unemployment_assessment_shift,2002-09-03,-14,0.03517679497599602
2002-09-24,unemployment_assessment_shift,2002-09-04,-13,0.033361393958330154
2002-09-24,unemployment_assessment_shift,2002-09-05,-12,0.03436943143606186
2002-09-24,unemployment_assessment_shift,2002-09-06,-11,0.03622647374868393
2002-09-24,unemployment_assessment_shift,2002-09-09,-10,0.03682777285575867
2002-09-24,unemployment_assessment_shift,2002-09-10,-9,0.035785287618637085
2002-09-24,unemployment_assessment_shift,2002-09-11,-8,0.03584201633930206
2002-09-24,unemployment_assessment_shift,2002-09-12,-7,0.03909412398934364
2002-09-24,unemployment_assessment_shift,2002-09-13,-6,0.03548013046383858
2002-09-24,unemployment_assessment_shift,2002-09-16,-5,0.03400760143995285
2002-09-24,unemployment_assessment_shift,2002-09-17,-4,0.036000292748212814
2002-09-24,unemployment_assessment_shift,2002-09-18,-3,0.03261708840727806
2002-09-24,unemployment_assessment_shift,2002-09-19,-2,0.037301868200302124
2002-09-24,unemployment_assessment_shift,2002-09-20,-1,0.039006125181913376
2002-09-24,unemployment_assessment_shift,2002-09-23,0,0.04646231234073639
2002-09-24,labor_market_risk_shift,2002-08-14,-27,0.034337036311626434
2002-09-24,labor_market_risk_shift,2002-08-15,-26,0.03314831480383873
2002-09-24,labor_market_risk_shift,2002-08-16,-25,0.03303949162364006
2002-09-24,labor_market_risk_shift,2002-08-19,-24,0.03453483432531357
2002-09-24,labor_market_risk_shift,2002-08-20,-23,0.03538042679429054
2002-09-24,labor_market_risk_shift,2002-08-21,-22,0.03946077451109886
2002-09-24,labor_market_risk_shift,2002-08-22,-21,0.041023220866918564
2002-09-24,labor_market_risk_shift,2002-08-23,-20,0.038876570761203766
2002-09-24,labor_market_risk_shift,2002-08-26,-19,0.034585654735565186
2002-09-24,labor_market_risk_shift,2002-08-27,-18,0.032258108258247375
2002-09-24,labor_market_risk_shift,2002-08-28,-17,0.030984504148364067
2002-09-24,labor_market_risk_shift,2002-08-29,-16,0.029682278633117676
2002-09-24,labor_market_risk_shift,2002-08-30,-15,0.03153834491968155
2002-09-24,labor_market_risk_shift,2002-09-03,-14,0.035286203026771545
2002-09-24,labor_market_risk_shift,2002-09-04,-13,0.03460190072655678
2002-09-24,labor_market_risk_shift,2002-09-05,-12,0.03548332676291466
2002-09-24,labor_market_risk_shift,2002-09-06,-11,0.0376957543194294
2002-09-24,labor_market_risk_shift,2002-09-09,-10,0.03531550616025925
2002-09-24,labor_market_risk_shift,2002-09-10,-9,0.03623257949948311
2002-09-24,labor_market_risk_shift,2002-09-11,-8,0.034372203052043915
2002-09-24,labor_market_risk_shift,2002-09-12,-7,0.03671623021364212
2002-09-24,labor_market_risk_shift,2002-09-13,-6,0.0350620411336422
2002-09-24,labor_market_risk_shift,2002-09-16,-5,0.03357658535242081
2002-09-24,labor_market_risk_shift,2002-09-17,-4,0.035385679453611374
2002-09-24,labor_market_risk_shift,2002-09-18,-3,0.032409410923719406
2002-09-24,labor_market_risk_shift,2002-09-19,-2,0.0380716398358345
2002-09-24,labor_market_risk_shift,2002-09-20,-1,0.04013195261359215
2002-09-24,labor_market_risk_shift,2002-09-23,0,0.05080944672226906
2002-09-24,growth_activity_shift,2002-08-14,-27,0.035667162388563156
2002-09-24,growth_activity_shift,2002-08-15,-26,0.03994594141840935
2002-09-24,growth_activity_shift,2002-08-16,-25,0.041387755423784256
2002-09-24,growth_activity_shift,2002-08-19,-24,0.04148368537425995
2002-09-24,growth_activity_shift,2002-08-20,-23,0.0350816547870636
2002-09-24,growth_activity_shift,2002-08-21,-22,0.03391120210289955
2002-09-24,growth_activity_shift,2002-08-22,-21,0.037415921688079834
2002-09-24,growth_activity_shift,2002-08-23,-20,0.03574823588132858
2002-09-24,growth_activity_shift,2002-08-26,-19,0.03385178744792938
2002-09-24,growth_activity_shift,2002-08-27,-18,0.03746978938579559
2002-09-24,growth_activity_shift,2002-08-28,-17,0.03683401271700859
2002-09-24,growth_activity_shift,2002-08-29,-16,0.03431655466556549
2002-09-24,growth_activity_shift,2002-08-30,-15,0.03358723968267441
2002-09-24,growth_activity_shift,2002-09-03,-14,0.03523983061313629
2002-09-24,growth_activity_shift,2002-09-04,-13,0.031079774722456932
2002-09-24,growth_activity_shift,2002-09-05,-12,0.03436456248164177
2002-09-24,growth_activity_shift,2002-09-06,-11,0.032900433987379074
2002-09-24,growth_activity_shift,2002-09-09,-10,0.03752841055393219
2002-09-24,growth_activity_shift,2002-09-10,-9,0.03710158169269562
2002-09-24,growth_activity_shift,2002-09-11,-8,0.037677910178899765
2002-09-24,growth_activity_shift,2002-09-12,-7,0.04137559235095978
2002-09-24,growth_activity_shift,2002-09-13,-6,0.03613854944705963
2002-09-24,growth_activity_shift,2002-09-16,-5,0.03473756089806557
2002-09-24,growth_activity_shift,2002-09-17,-4,0.03554350882768631
2002-09-24,growth_activity_shift,2002-09-18,-3,0.03178000822663307
2002-09-24,growth_activity_shift,2002-09-19,-2,0.035097263753414154
2002-09-24,growth_activity_shift,2002-09-20,-1,0.032747071236371994
2002-09-24,growth_activity_shift,2002-09-23,0,0.02998695708811283
2002-09-24,financial_conditions_shift,2002-08-14,-27,0.033934712409973145
2002-09-24,financial_conditions_shift,2002-08-15,-26,0.03679506480693817
2002-09-24,financial_conditions_shift,2002-08-16,-25,0.037642043083906174
2002-09-24,financial_conditions_shift,2002-08-19,-24,0.03819844871759415
2002-09-24,financial_conditions_shift,2002-08-20,-23,0.034375905990600586
2002-09-24,financial_conditions_shift,2002-08-21,-22,0.03613446652889252
2002-09-24,financial_conditions_shift,2002-08-22,-21,0.040440287441015244
2002-09-24,financial_conditions_shift,2002-08-23,-20,0.037501223385334015
2002-09-24,financial_conditions_shift,2002-08-26,-19,0.033173732459545135
2002-09-24,financial_conditions_shift,2002-08-27,-18,0.03447464480996132
2002-09-24,financial_conditions_shift,2002-08-28,-17,0.032871849834918976
2002-09-24,financial_conditions_shift,2002-08-29,-16,0.030961990356445312
2002-09-24,financial_conditions_shift,2002-08-30,-15,0.031954891979694366
2002-09-24,financial_conditions_shift,2002-09-03,-14,0.035647209733724594
2002-09-24,financial_conditions_shift,2002-09-04,-13,0.03238844871520996
2002-09-24,financial_conditions_shift,2002-09-05,-12,0.03523286432027817
2002-09-24,financial_conditions_shift,2002-09-06,-11,0.03551206365227699
2002-09-24,financial_conditions_shift,2002-09-09,-10,0.03716949746012688
2002-09-24,financial_conditions_shift,2002-09-10,-9,0.03658006340265274
2002-09-24,financial_conditions_shift,2002-09-11,-8,0.03616029769182205
2002-09-24,financial_conditions_shift,2002-09-12,-7,0.04018314555287361
2002-09-24,financial_conditions_shift,2002-09-13,-6,0.03555797040462494
2002-09-24,financial_conditions_shift,2002-09-16,-5,0.033805739134550095
2002-09-24,financial_conditions_shift,2002-09-17,-4,0.03584776446223259
2002-09-24,financial_conditions_shift,2002-09-18,-3,0.03141123428940773
2002-09-24,financial_conditions_shift,2002-09-19,-2,0.03763683885335922
2002-09-24,financial_conditions_shift,2002-09-20,-1,0.03733663260936737
2002-09-24,financial_conditions_shift,2002-09-23,0,0.04107098653912544
2002-09-24,risk_balance_shift,2002-08-14,-27,0.03484927490353584
2002-09-24,risk_balance_shift,2002-08-15,-26,0.03541793301701546
2002-09-24,risk_balance_shift,2002-08-16,-25,0.03604631870985031
2002-09-24,risk_balance_shift,2002-08-19,-24,0.03762223944067955
2002-09-24,risk_balance_shift,2002-08-20,-23,0.03593284264206886
2002-09-24,risk_balance_shift,2002-08-21,-22,0.0384196974337101
2002-09-24,risk_balance_shift,2002-08-22,-21,0.041407614946365356
2002-09-24,risk_balance_shift,2002-08-23,-20,0.03878039866685867
2002-09-24,risk_balance_shift,2002-08-26,-19,0.033986806869506836
2002-09-24,risk_balance_shift,2002-08-27,-18,0.033156655728816986
2002-09-24,risk_balance_shift,2002-08-28,-17,0.031979598104953766
2002-09-24,risk_balance_shift,2002-08-29,-16,0.029879238456487656
2002-09-24,risk_balance_shift,2002-08-30,-15,0.03106442093849182
2002-09-24,risk_balance_shift,2002-09-03,-14,0.03501107171177864
2002-09-24,risk_balance_shift,2002-09-04,-13,0.03230392932891846
2002-09-24,risk_balance_shift,2002-09-05,-12,0.03459908813238144
2002-09-24,risk_balance_shift,2002-09-06,-11,0.03575499355792999
2002-09-24,risk_balance_shift,2002-09-09,-10,0.0363142192363739
2002-09-24,risk_balance_shift,2002-09-10,-9,0.03693269193172455
2002-09-24,risk_balance_shift,2002-09-11,-8,0.03573469817638397
2002-09-24,risk_balance_shift,2002-09-12,-7,0.03950709477066994
2002-09-24,risk_balance_shift,2002-09-13,-6,0.035517618060112
2002-09-24,risk_balance_shift,2002-09-16,-5,0.03328080475330353
2002-09-24,risk_balance_shift,2002-09-17,-4,0.035320181399583817
2002-09-24,risk_balance_shift,2002-09-18,-3,0.03112754598259926
2002-09-24,risk_balance_shift,2002-09-19,-2,0.03715364262461662
2002-09-24,risk_balance_shift,2002-09-20,-1,0.03700476139783859
2002-09-24,risk_balance_shift,2002-09-23,0,0.04589458927512169
2002-09-24,committee_dispersion,2002-08-14,-27,0.033359184861183167
2002-09-24,committee_dispersion,2002-08-15,-26,0.037153299897909164
2002-09-24,committee_dispersion,2002-08-16,-25,0.037774551659822464
2002-09-24,committee_dispersion,2002-08-19,-24,0.03834840655326843
2002-09-24,committee_dispersion,2002-08-20,-23,0.03448868915438652
2002-09-24,committee_dispersion,2002-08-21,-22,0.03617549687623978
2002-09-24,committee_dispersion,2002-08-22,-21,0.03955807536840439
2002-09-24,committee_dispersion,2002-08-23,-20,0.037262946367263794
2002-09-24,committee_dispersion,2002-08-26,-19,0.033988602459430695
2002-09-24,committee_dispersion,2002-08-27,-18,0.03511197119951248
2002-09-24,committee_dispersion,2002-08-28,-17,0.03410162031650543
2002-09-24,committee_dispersion,2002-08-29,-16,0.031867966055870056
2002-09-24,committee_dispersion,2002-08-30,-15,0.03241265192627907
2002-09-24,committee_dispersion,2002-09-03,-14,0.03556028753519058
2002-09-24,committee_dispersion,2002-09-04,-13,0.032162006944417953
2002-09-24,committee_dispersion,2002-09-05,-12,0.03433716669678688
2002-09-24,committee_dispersion,2002-09-06,-11,0.034168604761362076
2002-09-24,committee_dispersion,2002-09-09,-10,0.036783069372177124
2002-09-24,committee_dispersion,2002-09-10,-9,0.036865439265966415
2002-09-24,committee_dispersion,2002-09-11,-8,0.03658183291554451
2002-09-24,committee_dispersion,2002-09-12,-7,0.04005378112196922
2002-09-24,committee_dispersion,2002-09-13,-6,0.035917963832616806
2002-09-24,committee_dispersion,2002-09-16,-5,0.03385390341281891
2002-09-24,committee_dispersion,2002-09-17,-4,0.03603624925017357
2002-09-24,committee_dispersion,2002-09-18,-3,0.03221941739320755
2002-09-24,committee_dispersion,2002-09-19,-2,0.03744162246584892
2002-09-24,committee_dispersion,2002-09-20,-1,0.036779455840587616
2002-09-24,committee_dispersion,2002-09-23,0,0.039635758846998215
2002-09-24,policy_uncertainty,2002-08-14,-27,0.03552364185452461
2002-09-24,policy_uncertainty,2002-08-15,-26,0.03969959169626236
2002-09-24,policy_uncertainty,2002-08-16,-25,0.04104755446314812
2002-09-24,policy_uncertainty,2002-08-19,-24,0.040440820157527924
2002-09-24,policy_uncertainty,2002-08-20,-23,0.035001687705516815
2002-09-24,policy_uncertainty,2002-08-21,-22,0.03498677909374237
2002-09-24,policy_uncertainty,2002-08-22,-21,0.03869606554508209
2002-09-24,policy_uncertainty,2002-08-23,-20,0.036234624683856964
2002-09-24,policy_uncertainty,2002-08-26,-19,0.03395713493227959
2002-09-24,policy_uncertainty,2002-08-27,-18,0.0374002531170845
2002-09-24,policy_uncertainty,2002-08-28,-17,0.03559944033622742
2002-09-24,policy_uncertainty,2002-08-29,-16,0.03230821341276169
2002-09-24,policy_uncertainty,2002-08-30,-15,0.032993070781230927
2002-09-24,policy_uncertainty,2002-09-03,-14,0.034860290586948395
2002-09-24,policy_uncertainty,2002-09-04,-13,0.03114711120724678
2002-09-24,policy_uncertainty,2002-09-05,-12,0.03418358415365219
2002-09-24,policy_uncertainty,2002-09-06,-11,0.033364951610565186
2002-09-24,policy_uncertainty,2002-09-09,-10,0.03744923695921898
2002-09-24,policy_uncertainty,2002-09-10,-9,0.03676251322031021
2002-09-24,policy_uncertainty,2002-09-11,-8,0.03787251189351082
2002-09-24,policy_uncertainty,2002-09-12,-7,0.04082467034459114
2002-09-24,policy_uncertainty,2002-09-13,-6,0.035386331379413605
2002-09-24,policy_uncertainty,2002-09-16,-5,0.03462975472211838
2002-09-24,policy_uncertainty,2002-09-17,-4,0.0354795940220356
2002-09-24,policy_uncertainty,2002-09-18,-3,0.031806208193302155
2002-09-24,policy_uncertainty,2002-09-19,-2,0.035127904266119
2002-09-24,policy_uncertainty,2002-09-20,-1,0.03405304625630379
2002-09-24,policy_uncertainty,2002-09-23,0,0.03316342085599899
2002-09-24,forward_guidance_strength,2002-08-14,-27,0.03339741751551628
2002-09-24,forward_guidance_strength,2002-08-15,-26,0.033483002334833145
2002-09-24,forward_guidance_strength,2002-08-16,-25,0.03414761275053024
2002-09-24,forward_guidance_strength,2002-08-19,-24,0.03622575104236603
2002-09-24,forward_guidance_strength,2002-08-20,-23,0.03573111817240715
2002-09-24,forward_guidance_strength,2002-08-21,-22,0.03849712014198303
2002-09-24,forward_guidance_strength,2002-08-22,-21,0.0405593067407608
2002-09-24,forward_guidance_strength,2002-08-23,-20,0.0389271005988121
2002-09-24,forward_guidance_strength,2002-08-26,-19,0.03359098732471466
2002-09-24,forward_guidance_strength,2002-08-27,-18,0.0318891741335392
2002-09-24,forward_guidance_strength,2002-08-28,-17,0.03196347877383232
2002-09-24,forward_guidance_strength,2002-08-29,-16,0.030507972463965416
2002-09-24,forward_guidance_strength,2002-08-30,-15,0.03167663514614105
2002-09-24,forward_guidance_strength,2002-09-03,-14,0.03618749976158142
2002-09-24,forward_guidance_strength,2002-09-04,-13,0.03391357138752937
2002-09-24,forward_guidance_strength,2002-09-05,-12,0.035320430994033813
2002-09-24,forward_guidance_strength,2002-09-06,-11,0.036472953855991364
2002-09-24,forward_guidance_strength,2002-09-09,-10,0.03604695573449135
2002-09-24,forward_guidance_strength,2002-09-10,-9,0.03656662628054619
2002-09-24,forward_guidance_strength,2002-09-11,-8,0.034271180629730225
2002-09-24,forward_guidance_strength,2002-09-12,-7,0.038543060421943665
2002-09-24,forward_guidance_strength,2002-09-13,-6,0.0356278195977211
2002-09-24,forward_guidance_strength,2002-09-16,-5,0.03303467854857445
2002-09-24,forward_guidance_strength,2002-09-17,-4,0.03567226976156235
2002-09-24,forward_guidance_strength,2002-09-18,-3,0.03217402473092079
2002-09-24,forward_guidance_strength,2002-09-19,-2,0.03823769837617874
2002-09-24,forward_guidance_strength,2002-09-20,-1,0.038410693407058716
2002-09-24,forward_guidance_strength,2002-09-23,0,0.04892386123538017
2002-11-06,rate_decision,2002-09-25,-28,0.03053368628025055
2002-11-06,rate_decision,2002-09-26,-27,0.030265163630247116
2002-11-06,rate_decision,2002-09-27,-26,0.034133702516555786
2002-11-06,rate_decision,2002-09-30,-25,0.035874705761671066
2002-11-06,rate_decision,2002-10-01,-24,0.03249596059322357
2002-11-06,rate_decision,2002-10-02,-23,0.03383326530456543
2002-11-06,rate_decision,2002-10-03,-22,0.032504092901945114
2002-11-06,rate_decision,2002-10-04,-21,0.03067321702837944
2002-11-06,rate_decision,2002-10-07,-20,0.038502827286720276
2002-11-06,rate_decision,2002-10-08,-19,0.03928506374359131
2002-11-06,rate_decision,2002-10-09,-18,0.041768960654735565
2002-11-06,rate_decision,2002-10-10,-17,0.04353555291891098
2002-11-06,rate_decision,2002-10-11,-16,0.044363945722579956
2002-11-06,rate_decision,2002-10-15,-15,0.04515724629163742
2002-11-06,rate_decision,2002-10-16,-14,0.04307732731103897
2002-11-06,rate_decision,2002-10-17,-13,0.03874661773443222
2002-11-06,rate_decision,2002-10-18,-12,0.03506156802177429
2002-11-06,rate_decision,2002-10-21,-11,0.036499038338661194
2002-11-06,rate_decision,2002-10-22,-10,0.03454405814409256
2002-11-06,rate_decision,2002-10-23,-9,0.032961390912532806
2002-11-06,rate_decision,2002-10-24,-8,0.032119233161211014
2002-11-06,rate_decision,2002-10-25,-7,0.03352537751197815
2002-11-06,rate_decision,2002-10-28,-6,0.030857309699058533
2002-11-06,rate_decision,2002-10-29,-5,0.03162869065999985
2002-11-06,rate_decision,2002-10-30,-4,0.02960805781185627
2002-11-06,rate_decision,2002-10-31,-3,0.028844483196735382
2002-11-06,rate_decision,2002-11-01,-2,0.025150317698717117
2002-11-06,rate_decision,2002-11-04,-1,0.0267734844237566
2002-11-06,rate_decision,2002-11-05,0,0.02767561562359333
2002-11-06,current_policy_stance,2002-09-25,-28,0.02325231209397316
2002-11-06,current_policy_stance,2002-09-26,-27,0.030147936195135117
2002-11-06,current_policy_stance,2002-09-27,-26,0.030700646340847015
2002-11-06,current_policy_stance,2002-09-30,-25,0.03742315620183945
2002-11-06,current_policy_stance,2002-10-01,-24,0.04113784804940224
2002-11-06,current_policy_stance,2002-10-02,-23,0.039230599999427795
2002-11-06,current_policy_stance,2002-10-03,-22,0.03990853205323219
2002-11-06,current_policy_stance,2002-10-04,-21,0.03551480919122696
2002-11-06,current_policy_stance,2002-10-07,-20,0.04563753679394722
2002-11-06,current_policy_stance,2002-10-08,-19,0.04502636939287186
2002-11-06,current_policy_stance,2002-10-09,-18,0.04137611389160156
2002-11-06,current_policy_stance,2002-10-10,-17,0.04025993496179581
2002-11-06,current_policy_stance,2002-10-11,-16,0.03852199390530586
2002-11-06,current_policy_stance,2002-10-15,-15,0.038623590022325516
2002-11-06,current_policy_stance,2002-10-16,-14,0.03425207734107971
2002-11-06,current_policy_stance,2002-10-17,-13,0.034499555826187134
2002-11-06,current_policy_stance,2002-10-18,-12,0.030061330646276474
2002-11-06,current_policy_stance,2002-10-21,-11,0.032553378492593765
2002-11-06,current_policy_stance,2002-10-22,-10,0.027169911190867424
2002-11-06,current_policy_stance,2002-10-23,-9,0.026640448719263077
2002-11-06,current_policy_stance,2002-10-24,-8,0.023872744292020798
2002-11-06,current_policy_stance,2002-10-25,-7,0.029157407581806183
2002-11-06,current_policy_stance,2002-10-28,-6,0.02895774133503437
2002-11-06,current_policy_stance,2002-10-29,-5,0.0313546359539032
2002-11-06,current_policy_stance,2002-10-30,-4,0.03017636016011238
2002-11-06,current_policy_stance,2002-10-31,-3,0.028834400698542595
2002-11-06,current_policy_stance,2002-11-01,-2,0.029685936868190765
2002-11-06,current_policy_stance,2002-11-04,-1,0.03442886844277382
2002-11-06,current_policy_stance,2002-11-05,0,0.0515938475728035
2002-11-06,policy_stance_shift,2002-09-25,-28,0.023355446755886078
2002-11-06,policy_stance_shift,2002-09-26,-27,0.030338872224092484
2002-11-06,policy_stance_shift,2002-09-27,-26,0.030565662309527397
2002-11-06,policy_stance_shift,2002-09-30,-25,0.037623222917318344
2002-11-06,policy_stance_shift,2002-10-01,-24,0.04189204052090645
2002-11-06,policy_stance_shift,2002-10-02,-23,0.0393562838435173
2002-11-06,policy_stance_shift,2002-10-03,-22,0.04079499840736389
2002-11-06,policy_stance_shift,2002-10-04,-21,0.035763174295425415
2002-11-06,policy_stance_shift,2002-10-07,-20,0.04539026319980621
2002-11-06,policy_stance_shift,2002-10-08,-19,0.045087527483701706
2002-11-06,policy_stance_shift,2002-10-09,-18,0.041380785405635834
2002-11-06,policy_stance_shift,2002-10-10,-17,0.04015485197305679
2002-11-06,policy_stance_shift,2002-10-11,-16,0.037944596260786057
2002-11-06,policy_stance_shift,2002-10-15,-15,0.037686947733163834
2002-11-06,policy_stance_shift,2002-10-16,-14,0.03301660344004631
2002-11-06,policy_stance_shift,2002-10-17,-13,0.03381907194852829
2002-11-06,policy_stance_shift,2002-10-18,-12,0.028901126235723495
2002-11-06,policy_stance_shift,2002-10-21,-11,0.03164633736014366
2002-11-06,policy_stance_shift,2002-10-22,-10,0.026348281651735306
2002-11-06,policy_stance_shift,2002-10-23,-9,0.026333928108215332
2002-11-06,policy_stance_shift,2002-10-24,-8,0.023958101868629456
2002-11-06,policy_stance_shift,2002-10-25,-7,0.02964281104505062
2002-11-06,policy_stance_shift,2002-10-28,-6,0.029508845880627632
2002-11-06,policy_stance_shift,2002-10-29,-5,0.032004594802856445
2002-11-06,policy_stance_shift,2002-10-30,-4,0.03088904172182083
2002-11-06,policy_stance_shift,2002-10-31,-3,0.029647883027791977
2002-11-06,policy_stance_shift,2002-11-01,-2,0.0307953879237175
2002-11-06,policy_stance_shift,2002-11-04,-1,0.034852057695388794
2002-11-06,policy_stance_shift,2002-11-05,0,0.05130128562450409
2002-11-06,expected_rate_path_shift,2002-09-25,-28,0.023513086140155792
2002-11-06,expected_rate_path_shift,2002-09-26,-27,0.030397340655326843
2002-11-06,expected_rate_path_shift,2002-09-27,-26,0.030754297971725464
2002-11-06,expected_rate_path_shift,2002-09-30,-25,0.03791796416044235
2002-11-06,expected_rate_path_shift,2002-10-01,-24,0.041835032403469086
2002-11-06,expected_rate_path_shift,2002-10-02,-23,0.039286885410547256
2002-11-06,expected_rate_path_shift,2002-10-03,-22,0.0407484732568264
2002-11-06,expected_rate_path_shift,2002-10-04,-21,0.0357578843832016
2002-11-06,expected_rate_path_shift,2002-10-07,-20,0.044884078204631805
2002-11-06,expected_rate_path_shift,2002-10-08,-19,0.0447557270526886
2002-11-06,expected_rate_path_shift,2002-10-09,-18,0.04111323133111
2002-11-06,expected_rate_path_shift,2002-10-10,-17,0.04022999107837677
2002-11-06,expected_rate_path_shift,2002-10-11,-16,0.03810429573059082
2002-11-06,expected_rate_path_shift,2002-10-15,-15,0.03744237497448921
2002-11-06,expected_rate_path_shift,2002-10-16,-14,0.03299245610833168
2002-11-06,expected_rate_path_shift,2002-10-17,-13,0.033597126603126526
2002-11-06,expected_rate_path_shift,2002-10-18,-12,0.028834106400609016
2002-11-06,expected_rate_path_shift,2002-10-21,-11,0.03141921013593674
2002-11-06,expected_rate_path_shift,2002-10-22,-10,0.026340777054429054
2002-11-06,expected_rate_path_shift,2002-10-23,-9,0.026502899825572968
2002-11-06,expected_rate_path_shift,2002-10-24,-8,0.02419194206595421
2002-11-06,expected_rate_path_shift,2002-10-25,-7,0.02991960197687149
2002-11-06,expected_rate_path_shift,2002-10-28,-6,0.029658544808626175
2002-11-06,expected_rate_path_shift,2002-10-29,-5,0.032180193811655045
2002-11-06,expected_rate_path_shift,2002-10-30,-4,0.031068410724401474
2002-11-06,expected_rate_path_shift,2002-10-31,-3,0.029829416424036026
2002-11-06,expected_rate_path_shift,2002-11-01,-2,0.03100108914077282
2002-11-06,expected_rate_path_shift,2002-11-04,-1,0.03474447503685951
2002-11-06,expected_rate_path_shift,2002-11-05,0,0.05097907781600952
2002-11-06,inflation_assessment_shift,2002-09-25,-28,0.02308962121605873
2002-11-06,inflation_assessment_shift,2002-09-26,-27,0.030068043619394302
2002-11-06,inflation_assessment_shift,2002-09-27,-26,0.030407926067709923
2002-11-06,inflation_assessment_shift,2002-09-30,-25,0.03731070086359978
2002-11-06,inflation_assessment_shift,2002-10-01,-24,0.040801454335451126
2002-11-06,inflation_assessment_shift,2002-10-02,-23,0.038697920739650726
2002-11-06,inflation_assessment_shift,2002-10-03,-22,0.039489977061748505
2002-11-06,inflation_assessment_shift,2002-10-04,-21,0.03498112037777901
2002-11-06,inflation_assessment_shift,2002-10-07,-20,0.04543221741914749
2002-11-06,inflation_assessment_shift,2002-10-08,-19,0.04580233246088028
2002-11-06,inflation_assessment_shift,2002-10-09,-18,0.04233026131987572
2002-11-06,inflation_assessment_shift,2002-10-10,-17,0.041311345994472504
2002-11-06,inflation_assessment_shift,2002-10-11,-16,0.03920646011829376
2002-11-06,inflation_assessment_shift,2002-10-15,-15,0.03988640755414963
2002-11-06,inflation_assessment_shift,2002-10-16,-14,0.0346418097615242
2002-11-06,inflation_assessment_shift,2002-10-17,-13,0.0353650264441967
2002-11-06,inflation_assessment_shift,2002-10-18,-12,0.030414588749408722
2002-11-06,inflation_assessment_shift,2002-10-21,-11,0.03327561542391777
2002-11-06,inflation_assessment_shift,2002-10-22,-10,0.027447868138551712
2002-11-06,inflation_assessment_shift,2002-10-23,-9,0.02671053633093834
2002-11-06,inflation_assessment_shift,2002-10-24,-8,0.023774372413754463
2002-11-06,inflation_assessment_shift,2002-10-25,-7,0.02915780059993267
2002-11-06,inflation_assessment_shift,2002-10-28,-6,0.02879037894308567
2002-11-06,inflation_assessment_shift,2002-10-29,-5,0.031065549701452255
2002-11-06,inflation_assessment_shift,2002-10-30,-4,0.029757952317595482
2002-11-06,inflation_assessment_shift,2002-10-31,-3,0.02839343622326851
2002-11-06,inflation_assessment_shift,2002-11-01,-2,0.028913268819451332
2002-11-06,inflation_assessment_shift,2002-11-04,-1,0.033550385385751724
2002-11-06,inflation_assessment_shift,2002-11-05,0,0.04992561787366867
2002-11-06,inflation_risk_shift,2002-09-25,-28,0.02362346462905407
2002-11-06,inflation_risk_shift,2002-09-26,-27,0.030848829075694084
2002-11-06,inflation_risk_shift,2002-09-27,-26,0.03072708286345005
2002-11-06,inflation_risk_shift,2002-09-30,-25,0.037573423236608505
2002-11-06,inflation_risk_shift,2002-10-01,-24,0.04172689467668533
2002-11-06,inflation_risk_shift,2002-10-02,-23,0.03945957496762276
2002-11-06,inflation_risk_shift,2002-10-03,-22,0.04061998054385185
2002-11-06,inflation_risk_shift,2002-10-04,-21,0.03595973923802376
2002-11-06,inflation_risk_shift,2002-10-07,-20,0.045163482427597046
2002-11-06,inflation_risk_shift,2002-10-08,-19,0.044861312955617905
2002-11-06,inflation_risk_shift,2002-10-09,-18,0.041106075048446655
2002-11-06,inflation_risk_shift,2002-10-10,-17,0.0397077351808548
2002-11-06,inflation_risk_shift,2002-10-11,-16,0.037852853536605835
2002-11-06,inflation_risk_shift,2002-10-15,-15,0.037717968225479126
2002-11-06,inflation_risk_shift,2002-10-16,-14,0.033289533108472824
2002-11-06,inflation_risk_shift,2002-10-17,-13,0.03362491726875305
2002-11-06,inflation_risk_shift,2002-10-18,-12,0.029253937304019928
2002-11-06,inflation_risk_shift,2002-10-21,-11,0.03184658661484718
2002-11-06,inflation_risk_shift,2002-10-22,-10,0.026771677657961845
2002-11-06,inflation_risk_shift,2002-10-23,-9,0.026575982570648193
2002-11-06,inflation_risk_shift,2002-10-24,-8,0.02434730902314186
2002-11-06,inflation_risk_shift,2002-10-25,-7,0.029755625873804092
2002-11-06,inflation_risk_shift,2002-10-28,-6,0.029594579711556435
2002-11-06,inflation_risk_shift,2002-10-29,-5,0.031907591968774796
2002-11-06,inflation_risk_shift,2002-10-30,-4,0.030696876347064972
2002-11-06,inflation_risk_shift,2002-10-31,-3,0.029323851689696312
2002-11-06,inflation_risk_shift,2002-11-01,-2,0.030306030064821243
2002-11-06,inflation_risk_shift,2002-11-04,-1,0.03469647467136383
2002-11-06,inflation_risk_shift,2002-11-05,0,0.05106059089303017
2002-11-06,unemployment_assessment_shift,2002-09-25,-28,0.02358066849410534
2002-11-06,unemployment_assessment_shift,2002-09-26,-27,0.03063020668923855
2002-11-06,unemployment_assessment_shift,2002-09-27,-26,0.030653640627861023
2002-11-06,unemployment_assessment_shift,2002-09-30,-25,0.03744685277342796
2002-11-06,unemployment_assessment_shift,2002-10-01,-24,0.04182426258921623
2002-11-06,unemployment_assessment_shift,2002-10-02,-23,0.03928981348872185
2002-11-06,unemployment_assessment_shift,2002-10-03,-22,0.04097047448158264
2002-11-06,unemployment_assessment_shift,2002-10-04,-21,0.035808347165584564
2002-11-06,unemployment_assessment_shift,2002-10-07,-20,0.04480241984128952
2002-11-06,unemployment_assessment_shift,2002-10-08,-19,0.0449598953127861
2002-11-06,unemployment_assessment_shift,2002-10-09,-18,0.041111525148153305
2002-11-06,unemployment_assessment_shift,2002-10-10,-17,0.03993378207087517
2002-11-06,unemployment_assessment_shift,2002-10-11,-16,0.03765823692083359
2002-11-06,unemployment_assessment_shift,2002-10-15,-15,0.03737744316458702
2002-11-06,unemployment_assessment_shift,2002-10-16,-14,0.03265022486448288
2002-11-06,unemployment_assessment_shift,2002-10-17,-13,0.0336458683013916
2002-11-06,unemployment_assessment_shift,2002-10-18,-12,0.028661418706178665
2002-11-06,unemployment_assessment_shift,2002-10-21,-11,0.031540341675281525
2002-11-06,unemployment_assessment_shift,2002-10-22,-10,0.026268620043992996
2002-11-06,unemployment_assessment_shift,2002-10-23,-9,0.026545139029622078
2002-11-06,unemployment_assessment_shift,2002-10-24,-8,0.024309247732162476
2002-11-06,unemployment_assessment_shift,2002-10-25,-7,0.029920799657702446
2002-11-06,unemployment_assessment_shift,2002-10-28,-6,0.029809745028614998
2002-11-06,unemployment_assessment_shift,2002-10-29,-5,0.032174792140722275
2002-11-06,unemployment_assessment_shift,2002-10-30,-4,0.031126484274864197
2002-11-06,unemployment_assessment_shift,2002-10-31,-3,0.02984590083360672
2002-11-06,unemployment_assessment_shift,2002-11-01,-2,0.031116163358092308
2002-11-06,unemployment_assessment_shift,2002-11-04,-1,0.03476855903863907
2002-11-06,unemployment_assessment_shift,2002-11-05,0,0.051569145172834396
2002-11-06,labor_market_risk_shift,2002-09-25,-28,0.023444533348083496
2002-11-06,labor_market_risk_shift,2002-09-26,-27,0.030256453901529312
2002-11-06,labor_market_risk_shift,2002-09-27,-26,0.030536167323589325
2002-11-06,labor_market_risk_shift,2002-09-30,-25,0.03768400102853775
2002-11-06,labor_market_risk_shift,2002-10-01,-24,0.04133880138397217
2002-11-06,labor_market_risk_shift,2002-10-02,-23,0.0391978845000267
2002-11-06,labor_market_risk_shift,2002-10-03,-22,0.04014384374022484
2002-11-06,labor_market_risk_shift,2002-10-04,-21,0.03561205416917801
2002-11-06,labor_market_risk_shift,2002-10-07,-20,0.04546694830060005
2002-11-06,labor_market_risk_shift,2002-10-08,-19,0.045582447201013565
2002-11-06,labor_market_risk_shift,2002-10-09,-18,0.04200708493590355
2002-11-06,labor_market_risk_shift,2002-10-10,-17,0.04096970707178116
2002-11-06,labor_market_risk_shift,2002-10-11,-16,0.03886694461107254
2002-11-06,labor_market_risk_shift,2002-10-15,-15,0.03851880878210068
2002-11-06,labor_market_risk_shift,2002-10-16,-14,0.033912815153598785
2002-11-06,labor_market_risk_shift,2002-10-17,-13,0.034413401037454605
2002-11-06,labor_market_risk_shift,2002-10-18,-12,0.0296921543776989
2002-11-06,labor_market_risk_shift,2002-10-21,-11,0.03216850012540817
2002-11-06,labor_market_risk_shift,2002-10-22,-10,0.026901602745056152
2002-11-06,labor_market_risk_shift,2002-10-23,-9,0.02644849196076393
2002-11-06,labor_market_risk_shift,2002-10-24,-8,0.024002447724342346
2002-11-06,labor_market_risk_shift,2002-10-25,-7,0.029340118169784546
2002-11-06,labor_market_risk_shift,2002-10-28,-6,0.029187556356191635
2002-11-06,labor_market_risk_shift,2002-10-29,-5,0.03149940446019173
2002-11-06,labor_market_risk_shift,2002-10-30,-4,0.030234506353735924
2002-11-06,labor_market_risk_shift,2002-10-31,-3,0.029051512479782104
2002-11-06,labor_market_risk_shift,2002-11-01,-2,0.029755236580967903
2002-11-06,labor_market_risk_shift,2002-11-04,-1,0.03404337912797928
2002-11-06,labor_market_risk_shift,2002-11-05,0,0.049723174422979355
2002-11-06,growth_activity_shift,2002-09-25,-28,0.02345992438495159
2002-11-06,growth_activity_shift,2002-09-26,-27,0.030238192528486252
2002-11-06,growth_activity_shift,2002-09-27,-26,0.030594084411859512
2002-11-06,growth_activity_shift,2002-09-30,-25,0.037391871213912964
2002-11-06,growth_activity_shift,2002-10-01,-24,0.04115401580929756
2002-11-06,growth_activity_shift,2002-10-02,-23,0.03913232311606407
2002-11-06,growth_activity_shift,2002-10-03,-22,0.040312401950359344
2002-11-06,growth_activity_shift,2002-10-04,-21,0.035364605486392975
2002-11-06,growth_activity_shift,2002-10-07,-20,0.04503592848777771
2002-11-06,growth_activity_shift,2002-10-08,-19,0.04495086520910263
2002-11-06,growth_activity_shift,2002-10-09,-18,0.04155972599983215
2002-11-06,growth_activity_shift,2002-10-10,-17,0.04022033512592316
2002-11-06,growth_activity_shift,2002-10-11,-16,0.038315705955028534
2002-11-06,growth_activity_shift,2002-10-15,-15,0.03824065625667572
2002-11-06,growth_activity_shift,2002-10-16,-14,0.033725786954164505
2002-11-06,growth_activity_shift,2002-10-17,-13,0.03434164077043533
2002-11-06,growth_activity_shift,2002-10-18,-12,0.02972448617219925
2002-11-06,growth_activity_shift,2002-10-21,-11,0.03240162879228592
2002-11-06,growth_activity_shift,2002-10-22,-10,0.02697986178100109
2002-11-06,growth_activity_shift,2002-10-23,-9,0.026669660583138466
2002-11-06,growth_activity_shift,2002-10-24,-8,0.02404310181736946
2002-11-06,growth_activity_shift,2002-10-25,-7,0.02950608730316162
2002-11-06,growth_activity_shift,2002-10-28,-6,0.029280241578817368
2002-11-06,growth_activity_shift,2002-10-29,-5,0.031753793358802795
2002-11-06,growth_activity_shift,2002-10-30,-4,0.030586211010813713
2002-11-06,growth_activity_shift,2002-10-31,-3,0.02924078330397606
2002-11-06,growth_activity_shift,2002-11-01,-2,0.030283240601420403
2002-11-06,growth_activity_shift,2002-11-04,-1,0.03445494920015335
2002-11-06,growth_activity_shift,2002-11-05,0,0.05103789269924164
2002-11-06,financial_conditions_shift,2002-09-25,-28,0.0430372878909111
2002-11-06,financial_conditions_shift,2002-09-26,-27,0.03768829628825188
2002-11-06,financial_conditions_shift,2002-09-27,-26,0.03709704428911209
2002-11-06,financial_conditions_shift,2002-09-30,-25,0.031303104013204575
2002-11-06,financial_conditions_shift,2002-10-01,-24,0.02819901704788208
2002-11-06,financial_conditions_shift,2002-10-02,-23,0.030591268092393875
2002-11-06,financial_conditions_shift,2002-10-03,-22,0.027773018926382065
2002-11-06,financial_conditions_shift,2002-10-04,-21,0.03240736573934555
2002-11-06,financial_conditions_shift,2002-10-07,-20,0.030519265681505203
2002-11-06,financial_conditions_shift,2002-10-08,-19,0.02949324995279312
2002-11-06,financial_conditions_shift,2002-10-09,-18,0.03144406899809837
2002-11-06,financial_conditions_shift,2002-10-10,-17,0.03155788034200668
2002-11-06,financial_conditions_shift,2002-10-11,-16,0.03417300432920456
2002-11-06,financial_conditions_shift,2002-10-15,-15,0.03445424512028694
2002-11-06,financial_conditions_shift,2002-10-16,-14,0.038281816989183426
2002-11-06,financial_conditions_shift,2002-10-17,-13,0.035819269716739655
2002-11-06,financial_conditions_shift,2002-10-18,-12,0.04143174737691879
2002-11-06,financial_conditions_shift,2002-10-21,-11,0.03784941881895065
2002-11-06,financial_conditions_shift,2002-10-22,-10,0.042991023510694504
2002-11-06,financial_conditions_shift,2002-10-23,-9,0.040184564888477325
2002-11-06,financial_conditions_shift,2002-10-24,-8,0.040980592370033264
2002-11-06,financial_conditions_shift,2002-10-25,-7,0.034976113587617874
2002-11-06,financial_conditions_shift,2002-10-28,-6,0.03472168371081352
2002-11-06,financial_conditions_shift,2002-10-29,-5,0.03328049182891846
2002-11-06,financial_conditions_shift,2002-10-30,-4,0.03329963609576225
2002-11-06,financial_conditions_shift,2002-10-31,-3,0.03403666242957115
2002-11-06,financial_conditions_shift,2002-11-01,-2,0.031622566282749176
2002-11-06,financial_conditions_shift,2002-11-04,-1,0.03348695859313011
2002-11-06,financial_conditions_shift,2002-11-05,0,0.027299296110868454
2002-11-06,risk_balance_shift,2002-09-25,-28,0.042666178196668625
2002-11-06,risk_balance_shift,2002-09-26,-27,0.03709695488214493
2002-11-06,risk_balance_shift,2002-09-27,-26,0.0366683229804039
2002-11-06,risk_balance_shift,2002-09-30,-25,0.031404759734869
2002-11-06,risk_balance_shift,2002-10-01,-24,0.02778281643986702
2002-11-06,risk_balance_shift,2002-10-02,-23,0.030364492908120155
2002-11-06,risk_balance_shift,2002-10-03,-22,0.027179963886737823
2002-11-06,risk_balance_shift,2002-10-04,-21,0.03199887275695801
2002-11-06,risk_balance_shift,2002-10-07,-20,0.030841633677482605
2002-11-06,risk_balance_shift,2002-10-08,-19,0.029945123940706253
2002-11-06,risk_balance_shift,2002-10-09,-18,0.03207660838961601
2002-11-06,risk_balance_shift,2002-10-10,-17,0.03277003765106201
2002-11-06,risk_balance_shift,2002-10-11,-16,0.03552408143877983
2002-11-06,risk_balance_shift,2002-10-15,-15,0.03563002869486809
2002-11-06,risk_balance_shift,2002-10-16,-14,0.03958284482359886
2002-11-06,risk_balance_shift,2002-10-17,-13,0.036843009293079376
2002-11-06,risk_balance_shift,2002-10-18,-12,0.042732663452625275
2002-11-06,risk_balance_shift,2002-10-21,-11,0.03882085531949997
2002-11-06,risk_balance_shift,2002-10-22,-10,0.04371527209877968
2002-11-06,risk_balance_shift,2002-10-23,-9,0.04018798843026161
2002-11-06,risk_balance_shift,2002-10-24,-8,0.04053940996527672
2002-11-06,risk_balance_shift,2002-10-25,-7,0.03450484573841095
2002-11-06,risk_balance_shift,2002-10-28,-6,0.033863551914691925
2002-11-06,risk_balance_shift,2002-10-29,-5,0.03258247673511505
2002-11-06,risk_balance_shift,2002-10-30,-4,0.03220896050333977
2002-11-06,risk_balance_shift,2002-10-31,-3,0.032908666878938675
2002-11-06,risk_balance_shift,2002-11-01,-2,0.030202794820070267
2002-11-06,risk_balance_shift,2002-11-04,-1,0.03245314583182335
2002-11-06,risk_balance_shift,2002-11-05,0,0.026903672143816948
2002-11-06,committee_dispersion,2002-09-25,-28,0.02363891713321209
2002-11-06,committee_dispersion,2002-09-26,-27,0.030811328440904617
2002-11-06,committee_dispersion,2002-09-27,-26,0.03098035603761673
2002-11-06,committee_dispersion,2002-09-30,-25,0.03779877722263336
2002-11-06,committee_dispersion,2002-10-01,-24,0.04136653244495392
2002-11-06,committee_dispersion,2002-10-02,-23,0.03934042900800705
2002-11-06,committee_dispersion,2002-10-03,-22,0.04003389552235603
2002-11-06,committee_dispersion,2002-10-04,-21,0.035539500415325165
2002-11-06,committee_dispersion,2002-10-07,-20,0.04559791460633278
2002-11-06,committee_dispersion,2002-10-08,-19,0.04493514448404312
2002-11-06,committee_dispersion,2002-10-09,-18,0.04125870019197464
2002-11-06,committee_dispersion,2002-10-10,-17,0.03968697786331177
2002-11-06,committee_dispersion,2002-10-11,-16,0.03800547868013382
2002-11-06,committee_dispersion,2002-10-15,-15,0.03813503682613373
2002-11-06,committee_dispersion,2002-10-16,-14,0.03360866755247116
2002-11-06,committee_dispersion,2002-10-17,-13,0.033974502235651016
2002-11-06,committee_dispersion,2002-10-18,-12,0.02972608432173729
2002-11-06,committee_dispersion,2002-10-21,-11,0.03229072317481041
2002-11-06,committee_dispersion,2002-10-22,-10,0.027103109285235405
2002-11-06,committee_dispersion,2002-10-23,-9,0.026708701625466347
2002-11-06,committee_dispersion,2002-10-24,-8,0.0241091325879097
2002-11-06,committee_dispersion,2002-10-25,-7,0.029605930671095848
2002-11-06,committee_dispersion,2002-10-28,-6,0.029389049857854843
2002-11-06,committee_dispersion,2002-10-29,-5,0.031719986349344254
2002-11-06,committee_dispersion,2002-10-30,-4,0.03039034642279148
2002-11-06,committee_dispersion,2002-10-31,-3,0.029002496972680092
2002-11-06,committee_dispersion,2002-11-01,-2,0.029732130467891693
2002-11-06,committee_dispersion,2002-11-04,-1,0.034535814076662064
2002-11-06,committee_dispersion,2002-11-05,0,0.050974324345588684
2002-11-06,policy_uncertainty,2002-09-25,-28,0.04129602760076523
2002-11-06,policy_uncertainty,2002-09-26,-27,0.0374140702188015
2002-11-06,policy_uncertainty,2002-09-27,-26,0.0368398018181324
2002-11-06,policy_uncertainty,2002-09-30,-25,0.031541019678115845
2002-11-06,policy_uncertainty,2002-10-01,-24,0.02876358851790428
2002-11-06,policy_uncertainty,2002-10-02,-23,0.03069213032722473
2002-11-06,policy_uncertainty,2002-10-03,-22,0.02755007892847061
2002-11-06,policy_uncertainty,2002-10-04,-21,0.032518453896045685
2002-11-06,policy_uncertainty,2002-10-07,-20,0.0317363403737545
2002-11-06,policy_uncertainty,2002-10-08,-19,0.03103981353342533
2002-11-06,policy_uncertainty,2002-10-09,-18,0.03264220058917999
2002-11-06,policy_uncertainty,2002-10-10,-17,0.03288140147924423
2002-11-06,policy_uncertainty,2002-10-11,-16,0.03526439517736435
2002-11-06,policy_uncertainty,2002-10-15,-15,0.03600430116057396
2002-11-06,policy_uncertainty,2002-10-16,-14,0.03945364058017731
2002-11-06,policy_uncertainty,2002-10-17,-13,0.0368703193962574
2002-11-06,policy_uncertainty,2002-10-18,-12,0.042508162558078766
2002-11-06,policy_uncertainty,2002-10-21,-11,0.038673143833875656
2002-11-06,policy_uncertainty,2002-10-22,-10,0.04295539855957031
2002-11-06,policy_uncertainty,2002-10-23,-9,0.03933889791369438
2002-11-06,policy_uncertainty,2002-10-24,-8,0.0395844429731369
2002-11-06,policy_uncertainty,2002-10-25,-7,0.03421648219227791
2002-11-06,policy_uncertainty,2002-10-28,-6,0.0338350273668766
2002-11-06,policy_uncertainty,2002-10-29,-5,0.032502733170986176
2002-11-06,policy_uncertainty,2002-10-30,-4,0.03206629678606987
2002-11-06,policy_uncertainty,2002-10-31,-3,0.032410308718681335
2002-11-06,policy_uncertainty,2002-11-01,-2,0.029697906225919724
2002-11-06,policy_uncertainty,2002-11-04,-1,0.03255590796470642
2002-11-06,policy_uncertainty,2002-11-05,0,0.027147717773914337
2002-11-06,forward_guidance_strength,2002-09-25,-28,0.02945134975016117
2002-11-06,forward_guidance_strength,2002-09-26,-27,0.03392171114683151
2002-11-06,forward_guidance_strength,2002-09-27,-26,0.03429510444402695
2002-11-06,forward_guidance_strength,2002-09-30,-25,0.03567737713456154
2002-11-06,forward_guidance_strength,2002-10-01,-24,0.03339426964521408
2002-11-06,forward_guidance_strength,2002-10-02,-23,0.03641655668616295
2002-11-06,forward_guidance_strength,2002-10-03,-22,0.0316784530878067
2002-11-06,forward_guidance_strength,2002-10-04,-21,0.03287474066019058
2002-11-06,forward_guidance_strength,2002-10-07,-20,0.04079544544219971
2002-11-06,forward_guidance_strength,2002-10-08,-19,0.03993596136569977
2002-11-06,forward_guidance_strength,2002-10-09,-18,0.039904408156871796
2002-11-06,forward_guidance_strength,2002-10-10,-17,0.038429759442806244
2002-11-06,forward_guidance_strength,2002-10-11,-16,0.039226751774549484
2002-11-06,forward_guidance_strength,2002-10-15,-15,0.041450969874858856
2002-11-06,forward_guidance_strength,2002-10-16,-14,0.0407056100666523
2002-11-06,forward_guidance_strength,2002-10-17,-13,0.037178777158260345
2002-11-06,forward_guidance_strength,2002-10-18,-12,0.03824123367667198
2002-11-06,forward_guidance_strength,2002-10-21,-11,0.0380830280482769
2002-11-06,forward_guidance_strength,2002-10-22,-10,0.03520927578210831
2002-11-06,forward_guidance_strength,2002-10-23,-9,0.031062491238117218
2002-11-06,forward_guidance_strength,2002-10-24,-8,0.028753612190485
2002-11-06,forward_guidance_strength,2002-10-25,-7,0.030548760667443275
2002-11-06,forward_guidance_strength,2002-10-28,-6,0.029658200219273567
2002-11-06,forward_guidance_strength,2002-10-29,-5,0.030647002160549164
2002-11-06,forward_guidance_strength,2002-10-30,-4,0.02867366373538971
2002-11-06,forward_guidance_strength,2002-10-31,-3,0.02826753258705139
2002-11-06,forward_guidance_strength,2002-11-01,-2,0.02590198442339897
2002-11-06,forward_guidance_strength,2002-11-04,-1,0.0330670066177845
2002-11-06,forward_guidance_strength,2002-11-05,0,0.03654900938272476
2002-12-10,rate_decision,2002-11-07,-20,0.041391853243112564
2002-12-10,rate_decision,2002-11-08,-19,0.040021494030952454
2002-12-10,rate_decision,2002-11-12,-18,0.041596170514822006
2002-12-10,rate_decision,2002-11-13,-17,0.047340523451566696
2002-12-10,rate_decision,2002-11-14,-16,0.04756499454379082
2002-12-10,rate_decision,2002-11-15,-15,0.05292249470949173
2002-12-10,rate_decision,2002-11-18,-14,0.059371381998062134
2002-12-10,rate_decision,2002-11-19,-13,0.05786854028701782
2002-12-10,rate_decision,2002-11-20,-12,0.05422027036547661
2002-12-10,rate_decision,2002-11-21,-11,0.05242690443992615
2002-12-10,rate_decision,2002-11-22,-10,0.05563480779528618
2002-12-10,rate_decision,2002-11-25,-9,0.05113091319799423
2002-12-10,rate_decision,2002-11-26,-8,0.056370630860328674
2002-12-10,rate_decision,2002-11-27,-7,0.04960719868540764
2002-12-10,rate_decision,2002-11-29,-6,0.04703428968787193
2002-12-10,rate_decision,2002-12-02,-5,0.04537804797291756
2002-12-10,rate_decision,2002-12-03,-4,0.037345126271247864
2002-12-10,rate_decision,2002-12-04,-3,0.040727511048316956
2002-12-10,rate_decision,2002-12-05,-2,0.03726999834179878
2002-12-10,rate_decision,2002-12-06,-1,0.03547966107726097
2002-12-10,rate_decision,2002-12-09,0,0.04929719492793083
2002-12-10,current_policy_stance,2002-11-07,-20,0.03646203875541687
2002-12-10,current_policy_stance,2002-11-08,-19,0.046138569712638855
2002-12-10,current_policy_stance,2002-11-12,-18,0.04517868906259537
2002-12-10,current_policy_stance,2002-11-13,-17,0.046615488827228546
2002-12-10,current_policy_stance,2002-11-14,-16,0.04700426384806633
2002-12-10,current_policy_stance,2002-11-15,-15,0.052247922867536545
2002-12-10,current_policy_stance,2002-11-18,-14,0.05498120188713074
2002-12-10,current_policy_stance,2002-11-19,-13,0.052079156041145325
2002-12-10,current_policy_stance,2002-11-20,-12,0.05209828540682793
2002-12-10,current_policy_stance,2002-11-21,-11,0.04600884020328522
2002-12-10,current_policy_stance,2002-11-22,-10,0.05061011016368866
2002-12-10,current_policy_stance,2002-11-25,-9,0.04787634313106537
2002-12-10,current_policy_stance,2002-11-26,-8,0.04571118950843811
2002-12-10,current_policy_stance,2002-11-27,-7,0.05813212692737579
2002-12-10,current_policy_stance,2002-11-29,-6,0.046346306800842285
2002-12-10,current_policy_stance,2002-12-02,-5,0.043437011539936066
2002-12-10,current_policy_stance,2002-12-03,-4,0.034414857625961304
2002-12-10,current_policy_stance,2002-12-04,-3,0.0434742234647274
2002-12-10,current_policy_stance,2002-12-05,-2,0.04536381736397743
2002-12-10,current_policy_stance,2002-12-06,-1,0.04467471316456795
2002-12-10,current_policy_stance,2002-12-09,0,0.06114484369754791
2002-12-10,policy_stance_shift,2002-11-07,-20,0.03665190562605858
2002-12-10,policy_stance_shift,2002-11-08,-19,0.04671936482191086
2002-12-10,policy_stance_shift,2002-11-12,-18,0.04550481215119362
2002-12-10,policy_stance_shift,2002-11-13,-17,0.046801790595054626
2002-12-10,policy_stance_shift,2002-11-14,-16,0.04738341271877289
2002-12-10,policy_stance_shift,2002-11-15,-15,0.052111148834228516
2002-12-10,policy_stance_shift,2002-11-18,-14,0.05505889654159546
2002-12-10,policy_stance_shift,2002-11-19,-13,0.05197420343756676
2002-12-10,policy_stance_shift,2002-11-20,-12,0.05170905590057373
2002-12-10,policy_stance_shift,2002-11-21,-11,0.04543010890483856
2002-12-10,policy_stance_shift,2002-11-22,-10,0.05021829158067703
2002-12-10,policy_stance_shift,2002-11-25,-9,0.0477091483771801
2002-12-10,policy_stance_shift,2002-11-26,-8,0.04503590613603592
2002-12-10,policy_stance_shift,2002-11-27,-7,0.0583001971244812
2002-12-10,policy_stance_shift,2002-11-29,-6,0.045783042907714844
2002-12-10,policy_stance_shift,2002-12-02,-5,0.04325597360730171
2002-12-10,policy_stance_shift,2002-12-03,-4,0.0346609428524971
2002-12-10,policy_stance_shift,2002-12-04,-3,0.04361468181014061
2002-12-10,policy_stance_shift,2002-12-05,-2,0.045717399567365646
2002-12-10,policy_stance_shift,2002-12-06,-1,0.04498729854822159
2002-12-10,policy_stance_shift,2002-12-09,0,0.061372388154268265
2002-12-10,expected_rate_path_shift,2002-11-07,-20,0.044687509536743164
2002-12-10,expected_rate_path_shift,2002-11-08,-19,0.042294517159461975
2002-12-10,expected_rate_path_shift,2002-11-12,-18,0.043455757200717926
2002-12-10,expected_rate_path_shift,2002-11-13,-17,0.04409194737672806
2002-12-10,expected_rate_path_shift,2002-11-14,-16,0.04587945342063904
2002-12-10,expected_rate_path_shift,2002-11-15,-15,0.05044810101389885
2002-12-10,expected_rate_path_shift,2002-11-18,-14,0.04624835401773453
2002-12-10,expected_rate_path_shift,2002-11-19,-13,0.04739144816994667
2002-12-10,expected_rate_path_shift,2002-11-20,-12,0.0505799762904644
2002-12-10,expected_rate_path_shift,2002-11-21,-11,0.052946269512176514
2002-12-10,expected_rate_path_shift,2002-11-22,-10,0.05132086202502251
2002-12-10,expected_rate_path_shift,2002-11-25,-9,0.0512542650103569
2002-12-10,expected_rate_path_shift,2002-11-26,-8,0.05150309577584267
2002-12-10,expected_rate_path_shift,2002-11-27,-7,0.047107286751270294
2002-12-10,expected_rate_path_shift,2002-11-29,-6,0.05405038595199585
2002-12-10,expected_rate_path_shift,2002-12-02,-5,0.04790113866329193
2002-12-10,expected_rate_path_shift,2002-12-03,-4,0.0521455742418766
2002-12-10,expected_rate_path_shift,2002-12-04,-3,0.04686279222369194
2002-12-10,expected_rate_path_shift,2002-12-05,-2,0.04344065114855766
2002-12-10,expected_rate_path_shift,2002-12-06,-1,0.044307075440883636
2002-12-10,expected_rate_path_shift,2002-12-09,0,0.04208351671695709
2002-12-10,inflation_assessment_shift,2002-11-07,-20,0.03428050875663757
2002-12-10,inflation_assessment_shift,2002-11-08,-19,0.041988059878349304
2002-12-10,inflation_assessment_shift,2002-11-12,-18,0.04168883338570595
2002-12-10,inflation_assessment_shift,2002-11-13,-17,0.04382838308811188
2002-12-10,inflation_assessment_shift,2002-11-14,-16,0.04623081535100937
2002-12-10,inflation_assessment_shift,2002-11-15,-15,0.054112277925014496
2002-12-10,inflation_assessment_shift,2002-11-18,-14,0.05475550517439842
2002-12-10,inflation_assessment_shift,2002-11-19,-13,0.05249481648206711
2002-12-10,inflation_assessment_shift,2002-11-20,-12,0.057071760296821594
2002-12-10,inflation_assessment_shift,2002-11-21,-11,0.051574621349573135
2002-12-10,inflation_assessment_shift,2002-11-22,-10,0.0542587973177433
2002-12-10,inflation_assessment_shift,2002-11-25,-9,0.05166952311992645
2002-12-10,inflation_assessment_shift,2002-11-26,-8,0.04774780943989754
2002-12-10,inflation_assessment_shift,2002-11-27,-7,0.05963032320141792
2002-12-10,inflation_assessment_shift,2002-11-29,-6,0.05095013976097107
2002-12-10,inflation_assessment_shift,2002-12-02,-5,0.04335853457450867
2002-12-10,inflation_assessment_shift,2002-12-03,-4,0.03580090403556824
2002-12-10,inflation_assessment_shift,2002-12-04,-3,0.04224459081888199
2002-12-10,inflation_assessment_shift,2002-12-05,-2,0.040542200207710266
2002-12-10,inflation_assessment_shift,2002-12-06,-1,0.041007861495018005
2002-12-10,inflation_assessment_shift,2002-12-09,0,0.05476368963718414
2002-12-10,inflation_risk_shift,2002-11-07,-20,0.035835642367601395
2002-12-10,inflation_risk_shift,2002-11-08,-19,0.043630484491586685
2002-12-10,inflation_risk_shift,2002-11-12,-18,0.04276176914572716
2002-12-10,inflation_risk_shift,2002-11-13,-17,0.04199112951755524
2002-12-10,inflation_risk_shift,2002-11-14,-16,0.04509389400482178
2002-12-10,inflation_risk_shift,2002-11-15,-15,0.053655557334423065
2002-12-10,inflation_risk_shift,2002-11-18,-14,0.05352374166250229
2002-12-10,inflation_risk_shift,2002-11-19,-13,0.05040177330374718
2002-12-10,inflation_risk_shift,2002-11-20,-12,0.052901655435562134
2002-12-10,inflation_risk_shift,2002-11-21,-11,0.04926411807537079
2002-12-10,inflation_risk_shift,2002-11-22,-10,0.05199465528130531
2002-12-10,inflation_risk_shift,2002-11-25,-9,0.049313340336084366
2002-12-10,inflation_risk_shift,2002-11-26,-8,0.047354213893413544
2002-12-10,inflation_risk_shift,2002-11-27,-7,0.05649826303124428
2002-12-10,inflation_risk_shift,2002-11-29,-6,0.05203019082546234
2002-12-10,inflation_risk_shift,2002-12-02,-5,0.043818399310112
2002-12-10,inflation_risk_shift,2002-12-03,-4,0.03802494704723358
2002-12-10,inflation_risk_shift,2002-12-04,-3,0.044679488986730576
2002-12-10,inflation_risk_shift,2002-12-05,-2,0.04447615519165993
2002-12-10,inflation_risk_shift,2002-12-06,-1,0.04544416815042496
2002-12-10,inflation_risk_shift,2002-12-09,0,0.057306431233882904
2002-12-10,unemployment_assessment_shift,2002-11-07,-20,0.03674928843975067
2002-12-10,unemployment_assessment_shift,2002-11-08,-19,0.04689542204141617
2002-12-10,unemployment_assessment_shift,2002-11-12,-18,0.04589689522981644
2002-12-10,unemployment_assessment_shift,2002-11-13,-17,0.046897172927856445
2002-12-10,unemployment_assessment_shift,2002-11-14,-16,0.04731273278594017
2002-12-10,unemployment_assessment_shift,2002-11-15,-15,0.05203254520893097
2002-12-10,unemployment_assessment_shift,2002-11-18,-14,0.05509566143155098
2002-12-10,unemployment_assessment_shift,2002-11-19,-13,0.051652513444423676
2002-12-10,unemployment_assessment_shift,2002-11-20,-12,0.051401276141405106
2002-12-10,unemployment_assessment_shift,2002-11-21,-11,0.04521169885993004
2002-12-10,unemployment_assessment_shift,2002-11-22,-10,0.04983414337038994
2002-12-10,unemployment_assessment_shift,2002-11-25,-9,0.047755926847457886
2002-12-10,unemployment_assessment_shift,2002-11-26,-8,0.04477963596582413
2002-12-10,unemployment_assessment_shift,2002-11-27,-7,0.05801738053560257
2002-12-10,unemployment_assessment_shift,2002-11-29,-6,0.04583505913615227
2002-12-10,unemployment_assessment_shift,2002-12-02,-5,0.04337064176797867
2002-12-10,unemployment_assessment_shift,2002-12-03,-4,0.03471837937831879
2002-12-10,unemployment_assessment_shift,2002-12-04,-3,0.04377388209104538
2002-12-10,unemployment_assessment_shift,2002-12-05,-2,0.04602385312318802
2002-12-10,unemployment_assessment_shift,2002-12-06,-1,0.04547753930091858
2002-12-10,unemployment_assessment_shift,2002-12-09,0,0.061268359422683716
2002-12-10,labor_market_risk_shift,2002-11-07,-20,0.035703230649232864
2002-12-10,labor_market_risk_shift,2002-11-08,-19,0.04525977373123169
2002-12-10,labor_market_risk_shift,2002-11-12,-18,0.04481538012623787
2002-12-10,labor_market_risk_shift,2002-11-13,-17,0.04657609760761261
2002-12-10,labor_market_risk_shift,2002-11-14,-16,0.04737304151058197
2002-12-10,labor_market_risk_shift,2002-11-15,-15,0.052871935069561005
2002-12-10,labor_market_risk_shift,2002-11-18,-14,0.05586188659071922
2002-12-10,labor_market_risk_shift,2002-11-19,-13,0.053231652826070786
2002-12-10,labor_market_risk_shift,2002-11-20,-12,0.053071558475494385
2002-12-10,labor_market_risk_shift,2002-11-21,-11,0.04673721641302109
2002-12-10,labor_market_risk_shift,2002-11-22,-10,0.05122058838605881
2002-12-10,labor_market_risk_shift,2002-11-25,-9,0.04867401719093323
2002-12-10,labor_market_risk_shift,2002-11-26,-8,0.046362027525901794
2002-12-10,labor_market_risk_shift,2002-11-27,-7,0.05826032906770706
2002-12-10,labor_market_risk_shift,2002-11-29,-6,0.04698746278882027
2002-12-10,labor_market_risk_shift,2002-12-02,-5,0.04258174076676369
2002-12-10,labor_market_risk_shift,2002-12-03,-4,0.03427952527999878
2002-12-10,labor_market_risk_shift,2002-12-04,-3,0.042453065514564514
2002-12-10,labor_market_risk_shift,2002-12-05,-2,0.044024571776390076
2002-12-10,labor_market_risk_shift,2002-12-06,-1,0.043980155140161514
2002-12-10,labor_market_risk_shift,2002-12-09,0,0.05967479199171066
2002-12-10,growth_activity_shift,2002-11-07,-20,0.040076158940792084
2002-12-10,growth_activity_shift,2002-11-08,-19,0.04157058894634247
2002-12-10,growth_activity_shift,2002-11-12,-18,0.04282670095562935
2002-12-10,growth_activity_shift,2002-11-13,-17,0.043008096516132355
2002-12-10,growth_activity_shift,2002-11-14,-16,0.044926393777132034
2002-12-10,growth_activity_shift,2002-11-15,-15,0.05156214162707329
2002-12-10,growth_activity_shift,2002-11-18,-14,0.04871600866317749
2002-12-10,growth_activity_shift,2002-11-19,-13,0.0484858863055706
2002-12-10,growth_activity_shift,2002-11-20,-12,0.05366986244916916
2002-12-10,growth_activity_shift,2002-11-21,-11,0.05379127711057663
2002-12-10,growth_activity_shift,2002-11-22,-10,0.052615102380514145
2002-12-10,growth_activity_shift,2002-11-25,-9,0.05202934518456459
2002-12-10,growth_activity_shift,2002-11-26,-8,0.050541918724775314
2002-12-10,growth_activity_shift,2002-11-27,-7,0.050493061542510986
2002-12-10,growth_activity_shift,2002-11-29,-6,0.05516451597213745
2002-12-10,growth_activity_shift,2002-12-02,-5,0.04671300947666168
2002-12-10,growth_activity_shift,2002-12-03,-4,0.04573908820748329
2002-12-10,growth_activity_shift,2002-12-04,-3,0.04575960338115692
2002-12-10,growth_activity_shift,2002-12-05,-2,0.04318065196275711
2002-12-10,growth_activity_shift,2002-12-06,-1,0.04434892535209656
2002-12-10,growth_activity_shift,2002-12-09,0,0.04478166997432709
2002-12-10,financial_conditions_shift,2002-11-07,-20,0.03645072504878044
2002-12-10,financial_conditions_shift,2002-11-08,-19,0.046598564833402634
2002-12-10,financial_conditions_shift,2002-11-12,-18,0.045657966285943985
2002-12-10,financial_conditions_shift,2002-11-13,-17,0.0467539057135582
2002-12-10,financial_conditions_shift,2002-11-14,-16,0.04735181853175163
2002-12-10,financial_conditions_shift,2002-11-15,-15,0.052281662821769714
2002-12-10,financial_conditions_shift,2002-11-18,-14,0.05518224835395813
2002-12-10,financial_conditions_shift,2002-11-19,-13,0.05171720311045647
2002-12-10,financial_conditions_shift,2002-11-20,-12,0.051606711000204086
2002-12-10,financial_conditions_shift,2002-11-21,-11,0.04538801312446594
2002-12-10,financial_conditions_shift,2002-11-22,-10,0.050082117319107056
2002-12-10,financial_conditions_shift,2002-11-25,-9,0.04762998968362808
2002-12-10,financial_conditions_shift,2002-11-26,-8,0.04499658942222595
2002-12-10,financial_conditions_shift,2002-11-27,-7,0.05802232399582863
2002-12-10,financial_conditions_shift,2002-11-29,-6,0.04592093080282211
2002-12-10,financial_conditions_shift,2002-12-02,-5,0.04329247027635574
2002-12-10,financial_conditions_shift,2002-12-03,-4,0.034550268203020096
2002-12-10,financial_conditions_shift,2002-12-04,-3,0.0435340516269207
2002-12-10,financial_conditions_shift,2002-12-05,-2,0.045981623232364655
2002-12-10,financial_conditions_shift,2002-12-06,-1,0.045519545674324036
2002-12-10,financial_conditions_shift,2002-12-09,0,0.061481282114982605
2002-12-10,risk_balance_shift,2002-11-07,-20,0.03446027263998985
2002-12-10,risk_balance_shift,2002-11-08,-19,0.04086904972791672
2002-12-10,risk_balance_shift,2002-11-12,-18,0.04135426878929138
2002-12-10,risk_balance_shift,2002-11-13,-17,0.043165527284145355
2002-12-10,risk_balance_shift,2002-11-14,-16,0.04541768133640289
2002-12-10,risk_balance_shift,2002-11-15,-15,0.054282765835523605
2002-12-10,risk_balance_shift,2002-11-18,-14,0.05472632870078087
2002-12-10,risk_balance_shift,2002-11-19,-13,0.05314845219254494
2002-12-10,risk_balance_shift,2002-11-20,-12,0.056927673518657684
2002-12-10,risk_balance_shift,2002-11-21,-11,0.05234605446457863
2002-12-10,risk_balance_shift,2002-11-22,-10,0.05469581484794617
2002-12-10,risk_balance_shift,2002-11-25,-9,0.05159938707947731
2002-12-10,risk_balance_shift,2002-11-26,-8,0.05015262961387634
2002-12-10,risk_balance_shift,2002-11-27,-7,0.058513447642326355
2002-12-10,risk_balance_shift,2002-11-29,-6,0.05280470848083496
2002-12-10,risk_balance_shift,2002-12-02,-5,0.04309103637933731
2002-12-10,risk_balance_shift,2002-12-03,-4,0.0364532470703125
2002-12-10,risk_balance_shift,2002-12-04,-3,0.04208268225193024
2002-12-10,risk_balance_shift,2002-12-05,-2,0.040159985423088074
2002-12-10,risk_balance_shift,2002-12-06,-1,0.041173577308654785
2002-12-10,risk_balance_shift,2002-12-09,0,0.05257539823651314
2002-12-10,committee_dispersion,2002-11-07,-20,0.03624928742647171
2002-12-10,committee_dispersion,2002-11-08,-19,0.046206533908843994
2002-12-10,committee_dispersion,2002-11-12,-18,0.04542002081871033
2002-12-10,committee_dispersion,2002-11-13,-17,0.04655032232403755
2002-12-10,committee_dispersion,2002-11-14,-16,0.047035761177539825
2002-12-10,committee_dispersion,2002-11-15,-15,0.05182577669620514
2002-12-10,committee_dispersion,2002-11-18,-14,0.054710373282432556
2002-12-10,committee_dispersion,2002-11-19,-13,0.05161360651254654
2002-12-10,committee_dispersion,2002-11-20,-12,0.05159839242696762
2002-12-10,committee_dispersion,2002-11-21,-11,0.045345380902290344
2002-12-10,committee_dispersion,2002-11-22,-10,0.04977203533053398
2002-12-10,committee_dispersion,2002-11-25,-9,0.04728558659553528
2002-12-10,committee_dispersion,2002-11-26,-8,0.0450935885310173
2002-12-10,committee_dispersion,2002-11-27,-7,0.057870589196681976
2002-12-10,committee_dispersion,2002-11-29,-6,0.045976415276527405
2002-12-10,committee_dispersion,2002-12-02,-5,0.04391149803996086
2002-12-10,committee_dispersion,2002-12-03,-4,0.03494207561016083
2002-12-10,committee_dispersion,2002-12-04,-3,0.04409818723797798
2002-12-10,committee_dispersion,2002-12-05,-2,0.04656472057104111
2002-12-10,committee_dispersion,2002-12-06,-1,0.04585535451769829
2002-12-10,committee_dispersion,2002-12-09,0,0.062074463814496994
2002-12-10,policy_uncertainty,2002-11-07,-20,0.03602694720029831
2002-12-10,policy_uncertainty,2002-11-08,-19,0.04229229316115379
2002-12-10,policy_uncertainty,2002-11-12,-18,0.04242368042469025
2002-12-10,policy_uncertainty,2002-11-13,-17,0.042313482612371445
2002-12-10,policy_uncertainty,2002-11-14,-16,0.04563494026660919
2002-12-10,policy_uncertainty,2002-11-15,-15,0.05286313220858574
2002-12-10,policy_uncertainty,2002-11-18,-14,0.05320607125759125
2002-12-10,policy_uncertainty,2002-11-19,-13,0.05181976780295372
2002-12-10,policy_uncertainty,2002-11-20,-12,0.055014513432979584
2002-12-10,policy_uncertainty,2002-11-21,-11,0.051374904811382294
2002-12-10,policy_uncertainty,2002-11-22,-10,0.05269309878349304
2002-12-10,policy_uncertainty,2002-11-25,-9,0.05166482552886009
2002-12-10,policy_uncertainty,2002-11-26,-8,0.04900489002466202
2002-12-10,policy_uncertainty,2002-11-27,-7,0.05638335272669792
2002-12-10,policy_uncertainty,2002-11-29,-6,0.05202072858810425
2002-12-10,policy_uncertainty,2002-12-02,-5,0.04334805905818939
2002-12-10,policy_uncertainty,2002-12-03,-4,0.03946691006422043
2002-12-10,policy_uncertainty,2002-12-04,-3,0.04367648437619209
2002-12-10,policy_uncertainty,2002-12-05,-2,0.042530305683612823
2002-12-10,policy_uncertainty,2002-12-06,-1,0.0433623343706131
2002-12-10,policy_uncertainty,2002-12-09,0,0.052879273891448975
2002-12-10,forward_guidance_strength,2002-11-07,-20,0.03571591153740883
2002-12-10,forward_guidance_strength,2002-11-08,-19,0.04493315517902374
2002-12-10,forward_guidance_strength,2002-11-12,-18,0.0445980429649353
2002-12-10,forward_guidance_strength,2002-11-13,-17,0.04602121561765671
2002-12-10,forward_guidance_strength,2002-11-14,-16,0.046385955065488815
2002-12-10,forward_guidance_strength,2002-11-15,-15,0.05407251790165901
2002-12-10,forward_guidance_strength,2002-11-18,-14,0.05603743717074394
2002-12-10,forward_guidance_strength,2002-11-19,-13,0.05231396108865738
2002-12-10,forward_guidance_strength,2002-11-20,-12,0.05261869356036186
2002-12-10,forward_guidance_strength,2002-11-21,-11,0.047212857753038406
2002-12-10,forward_guidance_strength,2002-11-22,-10,0.051450666040182114
2002-12-10,forward_guidance_strength,2002-11-25,-9,0.04794727638363838
2002-12-10,forward_guidance_strength,2002-11-26,-8,0.046760424971580505
2002-12-10,forward_guidance_strength,2002-11-27,-7,0.056545715779066086
2002-12-10,forward_guidance_strength,2002-11-29,-6,0.04806583374738693
2002-12-10,forward_guidance_strength,2002-12-02,-5,0.043313246220350266
2002-12-10,forward_guidance_strength,2002-12-03,-4,0.034261174499988556
2002-12-10,forward_guidance_strength,2002-12-04,-3,0.043511345982551575
2002-12-10,forward_guidance_strength,2002-12-05,-2,0.0445934534072876
2002-12-10,forward_guidance_strength,2002-12-06,-1,0.04417850077152252
2002-12-10,forward_guidance_strength,2002-12-09,0,0.059462618082761765
2003-01-29,rate_decision,2002-12-11,-31,0.02894805371761322
2003-01-29,rate_decision,2002-12-12,-30,0.02869131974875927
2003-01-29,rate_decision,2002-12-13,-29,0.0269783902913332
2003-01-29,rate_decision,2002-12-16,-28,0.03207141160964966
2003-01-29,rate_decision,2002-12-17,-27,0.03229931369423866
2003-01-29,rate_decision,2002-12-18,-26,0.030596280470490456
2003-01-29,rate_decision,2002-12-19,-25,0.030478928238153458
2003-01-29,rate_decision,2002-12-20,-24,0.027860436588525772
2003-01-29,rate_decision,2002-12-23,-23,0.026407502591609955
2003-01-29,rate_decision,2002-12-24,-22,0.028233198449015617
2003-01-29,rate_decision,2002-12-26,-21,0.031258683651685715
2003-01-29,rate_decision,2002-12-27,-20,0.03549829125404358
2003-01-29,rate_decision,2002-12-30,-19,0.041736554354429245
2003-01-29,rate_decision,2002-12-31,-18,0.042472954839468
2003-01-29,rate_decision,2003-01-02,-17,0.04114934802055359
2003-01-29,rate_decision,2003-01-03,-16,0.039667483419179916
2003-01-29,rate_decision,2003-01-06,-15,0.04085899144411087
2003-01-29,rate_decision,2003-01-07,-14,0.03598282113671303
2003-01-29,rate_decision,2003-01-08,-13,0.03883710503578186
2003-01-29,rate_decision,2003-01-09,-12,0.032906390726566315
2003-01-29,rate_decision,2003-01-10,-11,0.0343509241938591
2003-01-29,rate_decision,2003-01-13,-10,0.03421203792095184
2003-01-29,rate_decision,2003-01-14,-9,0.02925155498087406
2003-01-29,rate_decision,2003-01-15,-8,0.028173740953207016
2003-01-29,rate_decision,2003-01-16,-7,0.02669580467045307
2003-01-29,rate_decision,2003-01-17,-6,0.025365326553583145
2003-01-29,rate_decision,2003-01-21,-5,0.024569790810346603
2003-01-29,rate_decision,2003-01-22,-4,0.02639036625623703
2003-01-29,rate_decision,2003-01-23,-3,0.024250803515315056
2003-01-29,rate_decision,2003-01-24,-2,0.023200631141662598
2003-01-29,rate_decision,2003-01-27,-1,0.024403514340519905
2003-01-29,rate_decision,2003-01-28,0,0.026202015578746796
2003-01-29,current_policy_stance,2002-12-11,-31,0.03481576219201088
2003-01-29,current_policy_stance,2002-12-12,-30,0.03747367486357689
2003-01-29,current_policy_stance,2002-12-13,-29,0.029004082083702087
2003-01-29,current_policy_stance,2002-12-16,-28,0.03204291686415672
2003-01-29,current_policy_stance,2002-12-17,-27,0.030148182064294815
2003-01-29,current_policy_stance,2002-12-18,-26,0.029979217797517776
2003-01-29,current_policy_stance,2002-12-19,-25,0.03028843179345131
2003-01-29,current_policy_stance,2002-12-20,-24,0.029463516548275948
2003-01-29,current_policy_stance,2002-12-23,-23,0.026130370795726776
2003-01-29,current_policy_stance,2002-12-24,-22,0.026500537991523743
2003-01-29,current_policy_stance,2002-12-26,-21,0.030669132247567177
2003-01-29,current_policy_stance,2002-12-27,-20,0.035738255828619
2003-01-29,current_policy_stance,2002-12-30,-19,0.03878815844655037
2003-01-29,current_policy_stance,2002-12-31,-18,0.03558774292469025
2003-01-29,current_policy_stance,2003-01-02,-17,0.039497844874858856
2003-01-29,current_policy_stance,2003-01-03,-16,0.0332205705344677
2003-01-29,current_policy_stance,2003-01-06,-15,0.03523831441998482
2003-01-29,current_policy_stance,2003-01-07,-14,0.03207969665527344
2003-01-29,current_policy_stance,2003-01-08,-13,0.03416883945465088
2003-01-29,current_policy_stance,2003-01-09,-12,0.03311590850353241
2003-01-29,current_policy_stance,2003-01-10,-11,0.031905945390462875
2003-01-29,current_policy_stance,2003-01-13,-10,0.03083176352083683
2003-01-29,current_policy_stance,2003-01-14,-9,0.02518727444112301
2003-01-29,current_policy_stance,2003-01-15,-8,0.027944820001721382
2003-01-29,current_policy_stance,2003-01-16,-7,0.027262093499302864
2003-01-29,current_policy_stance,2003-01-17,-6,0.027185805141925812
2003-01-29,current_policy_stance,2003-01-21,-5,0.02599652297794819
2003-01-29,current_policy_stance,2003-01-22,-4,0.028002293780446053
2003-01-29,current_policy_stance,2003-01-23,-3,0.028135204687714577
2003-01-29,current_policy_stance,2003-01-24,-2,0.02764301747083664
2003-01-29,current_policy_stance,2003-01-27,-1,0.02857193723320961
2003-01-29,current_policy_stance,2003-01-28,0,0.03738217055797577
2003-01-29,policy_stance_shift,2002-12-11,-31,0.033720046281814575
2003-01-29,policy_stance_shift,2002-12-12,-30,0.036530524492263794
2003-01-29,policy_stance_shift,2002-12-13,-29,0.03052200935781002
2003-01-29,policy_stance_shift,2002-12-16,-28,0.034926000982522964
2003-01-29,policy_stance_shift,2002-12-17,-27,0.031206337735056877
2003-01-29,policy_stance_shift,2002-12-18,-26,0.02964530512690544
2003-01-29,policy_stance_shift,2002-12-19,-25,0.029607271775603294
2003-01-29,policy_stance_shift,2002-12-20,-24,0.028641223907470703
2003-01-29,policy_stance_shift,2002-12-23,-23,0.025551047176122665
2003-01-29,policy_stance_shift,2002-12-24,-22,0.026439029723405838
2003-01-29,policy_stance_shift,2002-12-26,-21,0.030517447739839554
2003-01-29,policy_stance_shift,2002-12-27,-20,0.03651653975248337
2003-01-29,policy_stance_shift,2002-12-30,-19,0.037848152220249176
2003-01-29,policy_stance_shift,2002-12-31,-18,0.0355478897690773
2003-01-29,policy_stance_shift,2003-01-02,-17,0.04001424089074135
2003-01-29,policy_stance_shift,2003-01-03,-16,0.034235674887895584
2003-01-29,policy_stance_shift,2003-01-06,-15,0.03466528281569481
2003-01-29,policy_stance_shift,2003-01-07,-14,0.03293222188949585
2003-01-29,policy_stance_shift,2003-01-08,-13,0.033321481198072433
2003-01-29,policy_stance_shift,2003-01-09,-12,0.03395598754286766
2003-01-29,policy_stance_shift,2003-01-10,-11,0.03343848139047623
2003-01-29,policy_stance_shift,2003-01-13,-10,0.029553312808275223
2003-01-29,policy_stance_shift,2003-01-14,-9,0.026145022362470627
2003-01-29,policy_stance_shift,2003-01-15,-8,0.028407754376530647
2003-01-29,policy_stance_shift,2003-01-16,-7,0.027433844283223152
2003-01-29,policy_stance_shift,2003-01-17,-6,0.02692210115492344
2003-01-29,policy_stance_shift,2003-01-21,-5,0.025395702570676804
2003-01-29,policy_stance_shift,2003-01-22,-4,0.028007324784994125
2003-01-29,policy_stance_shift,2003-01-23,-3,0.026618406176567078
2003-01-29,policy_stance_shift,2003-01-24,-2,0.02703338861465454
2003-01-29,policy_stance_shift,2003-01-27,-1,0.028956182301044464
2003-01-29,policy_stance_shift,2003-01-28,0,0.03574478626251221
2003-01-29,expected_rate_path_shift,2002-12-11,-31,0.03278154507279396
2003-01-29,expected_rate_path_shift,2002-12-12,-30,0.03587833046913147
2003-01-29,expected_rate_path_shift,2002-12-13,-29,0.03106127865612507
2003-01-29,expected_rate_path_shift,2002-12-16,-28,0.03470916673541069
2003-01-29,expected_rate_path_shift,2002-12-17,-27,0.031458672136068344
2003-01-29,expected_rate_path_shift,2002-12-18,-26,0.029549481347203255
2003-01-29,expected_rate_path_shift,2002-12-19,-25,0.02955738827586174
2003-01-29,expected_rate_path_shift,2002-12-20,-24,0.028334414586424828
2003-01-29,expected_rate_path_shift,2002-12-23,-23,0.025609172880649567
2003-01-29,expected_rate_path_shift,2002-12-24,-22,0.026601523160934448
2003-01-29,expected_rate_path_shift,2002-12-26,-21,0.0305496696382761
2003-01-29,expected_rate_path_shift,2002-12-27,-20,0.0358772836625576
2003-01-29,expected_rate_path_shift,2002-12-30,-19,0.037498366087675095
2003-01-29,expected_rate_path_shift,2002-12-31,-18,0.03601790964603424
2003-01-29,expected_rate_path_shift,2003-01-02,-17,0.039334576576948166
2003-01-29,expected_rate_path_shift,2003-01-03,-16,0.035010598599910736
2003-01-29,expected_rate_path_shift,2003-01-06,-15,0.034854739904403687
2003-01-29,expected_rate_path_shift,2003-01-07,-14,0.032960157841444016
2003-01-29,expected_rate_path_shift,2003-01-08,-13,0.033965423703193665
2003-01-29,expected_rate_path_shift,2003-01-09,-12,0.03421397879719734
2003-01-29,expected_rate_path_shift,2003-01-10,-11,0.034394457936286926
2003-01-29,expected_rate_path_shift,2003-01-13,-10,0.030111446976661682
2003-01-29,expected_rate_path_shift,2003-01-14,-9,0.02716168761253357
2003-01-29,expected_rate_path_shift,2003-01-15,-8,0.028600333258509636
2003-01-29,expected_rate_path_shift,2003-01-16,-7,0.02761477418243885
2003-01-29,expected_rate_path_shift,2003-01-17,-6,0.02700117602944374
2003-01-29,expected_rate_path_shift,2003-01-21,-5,0.025347495451569557
2003-01-29,expected_rate_path_shift,2003-01-22,-4,0.027886375784873962
2003-01-29,expected_rate_path_shift,2003-01-23,-3,0.026116590946912766
2003-01-29,expected_rate_path_shift,2003-01-24,-2,0.02701014280319214
2003-01-29,expected_rate_path_shift,2003-01-27,-1,0.028684286400675774
2003-01-29,expected_rate_path_shift,2003-01-28,0,0.034247562289237976
2003-01-29,inflation_assessment_shift,2002-12-11,-31,0.03150726854801178
2003-01-29,inflation_assessment_shift,2002-12-12,-30,0.03272658586502075
2003-01-29,inflation_assessment_shift,2002-12-13,-29,0.029664281755685806
2003-01-29,inflation_assessment_shift,2002-12-16,-28,0.03491806983947754
2003-01-29,inflation_assessment_shift,2002-12-17,-27,0.03161356598138809
2003-01-29,inflation_assessment_shift,2002-12-18,-26,0.029493769630789757
2003-01-29,inflation_assessment_shift,2002-12-19,-25,0.02928726002573967
2003-01-29,inflation_assessment_shift,2002-12-20,-24,0.02781405858695507
2003-01-29,inflation_assessment_shift,2002-12-23,-23,0.02536954917013645
2003-01-29,inflation_assessment_shift,2002-12-24,-22,0.026729943230748177
2003-01-29,inflation_assessment_shift,2002-12-26,-21,0.03063148260116577
2003-01-29,inflation_assessment_shift,2002-12-27,-20,0.035817719995975494
2003-01-29,inflation_assessment_shift,2002-12-30,-19,0.037219028919935226
2003-01-29,inflation_assessment_shift,2002-12-31,-18,0.03604374825954437
2003-01-29,inflation_assessment_shift,2003-01-02,-17,0.04109802097082138
2003-01-29,inflation_assessment_shift,2003-01-03,-16,0.036321885883808136
2003-01-29,inflation_assessment_shift,2003-01-06,-15,0.036549441516399384
2003-01-29,inflation_assessment_shift,2003-01-07,-14,0.03557661175727844
2003-01-29,inflation_assessment_shift,2003-01-08,-13,0.03479187935590744
2003-01-29,inflation_assessment_shift,2003-01-09,-12,0.03680844604969025
2003-01-29,inflation_assessment_shift,2003-01-10,-11,0.035475268959999084
2003-01-29,inflation_assessment_shift,2003-01-13,-10,0.02965782955288887
2003-01-29,inflation_assessment_shift,2003-01-14,-9,0.02699906751513481
2003-01-29,inflation_assessment_shift,2003-01-15,-8,0.028018973767757416
2003-01-29,inflation_assessment_shift,2003-01-16,-7,0.027019036933779716
2003-01-29,inflation_assessment_shift,2003-01-17,-6,0.026332659646868706
2003-01-29,inflation_assessment_shift,2003-01-21,-5,0.024742266163229942
2003-01-29,inflation_assessment_shift,2003-01-22,-4,0.027361642569303513
2003-01-29,inflation_assessment_shift,2003-01-23,-3,0.025379255414009094
2003-01-29,inflation_assessment_shift,2003-01-24,-2,0.0260075181722641
2003-01-29,inflation_assessment_shift,2003-01-27,-1,0.0283680260181427
2003-01-29,inflation_assessment_shift,2003-01-28,0,0.0346558541059494
2003-01-29,inflation_risk_shift,2002-12-11,-31,0.033231936395168304
2003-01-29,inflation_risk_shift,2002-12-12,-30,0.03440319746732712
2003-01-29,inflation_risk_shift,2002-12-13,-29,0.029627066105604172
2003-01-29,inflation_risk_shift,2002-12-16,-28,0.03371788188815117
2003-01-29,inflation_risk_shift,2002-12-17,-27,0.03155659884214401
2003-01-29,inflation_risk_shift,2002-12-18,-26,0.02940698154270649
2003-01-29,inflation_risk_shift,2002-12-19,-25,0.029937904328107834
2003-01-29,inflation_risk_shift,2002-12-20,-24,0.02896578051149845
2003-01-29,inflation_risk_shift,2002-12-23,-23,0.026793289929628372
2003-01-29,inflation_risk_shift,2002-12-24,-22,0.026959914714097977
2003-01-29,inflation_risk_shift,2002-12-26,-21,0.030003637075424194
2003-01-29,inflation_risk_shift,2002-12-27,-20,0.03492598235607147
2003-01-29,inflation_risk_shift,2002-12-30,-19,0.03616974502801895
2003-01-29,inflation_risk_shift,2002-12-31,-18,0.03547346964478493
2003-01-29,inflation_risk_shift,2003-01-02,-17,0.038430020213127136
2003-01-29,inflation_risk_shift,2003-01-03,-16,0.03435634449124336
2003-01-29,inflation_risk_shift,2003-01-06,-15,0.033488448709249496
2003-01-29,inflation_risk_shift,2003-01-07,-14,0.03284412994980812
2003-01-29,inflation_risk_shift,2003-01-08,-13,0.03335418179631233
2003-01-29,inflation_risk_shift,2003-01-09,-12,0.03393973037600517
2003-01-29,inflation_risk_shift,2003-01-10,-11,0.03437279909849167
2003-01-29,inflation_risk_shift,2003-01-13,-10,0.029865220189094543
2003-01-29,inflation_risk_shift,2003-01-14,-9,0.02743362821638584
2003-01-29,inflation_risk_shift,2003-01-15,-8,0.02892063930630684
2003-01-29,inflation_risk_shift,2003-01-16,-7,0.028760753571987152
2003-01-29,inflation_risk_shift,2003-01-17,-6,0.02779754437506199
2003-01-29,inflation_risk_shift,2003-01-21,-5,0.02583307772874832
2003-01-29,inflation_risk_shift,2003-01-22,-4,0.0282045416533947
2003-01-29,inflation_risk_shift,2003-01-23,-3,0.026803262531757355
2003-01-29,inflation_risk_shift,2003-01-24,-2,0.027882777154445648
2003-01-29,inflation_risk_shift,2003-01-27,-1,0.030349593609571457
2003-01-29,inflation_risk_shift,2003-01-28,0,0.03618992865085602
2003-01-29,unemployment_assessment_shift,2002-12-11,-31,0.034867554903030396
2003-01-29,unemployment_assessment_shift,2002-12-12,-30,0.03771881386637688
2003-01-29,unemployment_assessment_shift,2002-12-13,-29,0.028808247298002243
2003-01-29,unemployment_assessment_shift,2002-12-16,-28,0.03218676522374153
2003-01-29,unemployment_assessment_shift,2002-12-17,-27,0.030090846121311188
2003-01-29,unemployment_assessment_shift,2002-12-18,-26,0.030050452798604965
2003-01-29,unemployment_assessment_shift,2002-12-19,-25,0.030179690569639206
2003-01-29,unemployment_assessment_shift,2002-12-20,-24,0.029676521196961403
2003-01-29,unemployment_assessment_shift,2002-12-23,-23,0.02622074820101261
2003-01-29,unemployment_assessment_shift,2002-12-24,-22,0.02655712328851223
2003-01-29,unemployment_assessment_shift,2002-12-26,-21,0.030668925493955612
2003-01-29,unemployment_assessment_shift,2002-12-27,-20,0.03604080528020859
2003-01-29,unemployment_assessment_shift,2002-12-30,-19,0.03885878622531891
2003-01-29,unemployment_assessment_shift,2002-12-31,-18,0.03521759808063507
2003-01-29,unemployment_assessment_shift,2003-01-02,-17,0.03909360617399216
2003-01-29,unemployment_assessment_shift,2003-01-03,-16,0.032540462911129
2003-01-29,unemployment_assessment_shift,2003-01-06,-15,0.034772876650094986
2003-01-29,unemployment_assessment_shift,2003-01-07,-14,0.03167426958680153
2003-01-29,unemployment_assessment_shift,2003-01-08,-13,0.033193059265613556
2003-01-29,unemployment_assessment_shift,2003-01-09,-12,0.0329442173242569
2003-01-29,unemployment_assessment_shift,2003-01-10,-11,0.031503234058618546
2003-01-29,unemployment_assessment_shift,2003-01-13,-10,0.03070925362408161
2003-01-29,unemployment_assessment_shift,2003-01-14,-9,0.025223616510629654
2003-01-29,unemployment_assessment_shift,2003-01-15,-8,0.02829047292470932
2003-01-29,unemployment_assessment_shift,2003-01-16,-7,0.02763643115758896
2003-01-29,unemployment_assessment_shift,2003-01-17,-6,0.027562543749809265
2003-01-29,unemployment_assessment_shift,2003-01-21,-5,0.02619069814682007
2003-01-29,unemployment_assessment_shift,2003-01-22,-4,0.028329573571681976
2003-01-29,unemployment_assessment_shift,2003-01-23,-3,0.028416002169251442
2003-01-29,unemployment_assessment_shift,2003-01-24,-2,0.028091100975871086
2003-01-29,unemployment_assessment_shift,2003-01-27,-1,0.029433544725179672
2003-01-29,unemployment_assessment_shift,2003-01-28,0,0.03725217282772064
2003-01-29,labor_market_risk_shift,2002-12-11,-31,0.03492879867553711
2003-01-29,labor_market_risk_shift,2002-12-12,-30,0.0374469980597496
2003-01-29,labor_market_risk_shift,2002-12-13,-29,0.028895581141114235
2003-01-29,labor_market_risk_shift,2002-12-16,-28,0.03176913037896156
2003-01-29,labor_market_risk_shift,2002-12-17,-27,0.030017850920557976
2003-01-29,labor_market_risk_shift,2002-12-18,-26,0.02975432015955448
2003-01-29,labor_market_risk_shift,2002-12-19,-25,0.03020963817834854
2003-01-29,labor_market_risk_shift,2002-12-20,-24,0.02934659644961357
2003-01-29,labor_market_risk_shift,2002-12-23,-23,0.025876624509692192
2003-01-29,labor_market_risk_shift,2002-12-24,-22,0.026285886764526367
2003-01-29,labor_market_risk_shift,2002-12-26,-21,0.030374716967344284
2003-01-29,labor_market_risk_shift,2002-12-27,-20,0.0359756276011467
2003-01-29,labor_market_risk_shift,2002-12-30,-19,0.03947145864367485
2003-01-29,labor_market_risk_shift,2002-12-31,-18,0.03644988685846329
2003-01-29,labor_market_risk_shift,2003-01-02,-17,0.03985251113772392
2003-01-29,labor_market_risk_shift,2003-01-03,-16,0.033476464450359344
2003-01-29,labor_market_risk_shift,2003-01-06,-15,0.03539319336414337
2003-01-29,labor_market_risk_shift,2003-01-07,-14,0.032451990991830826
2003-01-29,labor_market_risk_shift,2003-01-08,-13,0.034369096159935
2003-01-29,labor_market_risk_shift,2003-01-09,-12,0.03338191658258438
2003-01-29,labor_market_risk_shift,2003-01-10,-11,0.03215287998318672
2003-01-29,labor_market_risk_shift,2003-01-13,-10,0.030772466212511063
2003-01-29,labor_market_risk_shift,2003-01-14,-9,0.025439264252781868
2003-01-29,labor_market_risk_shift,2003-01-15,-8,0.027960948646068573
2003-01-29,labor_market_risk_shift,2003-01-16,-7,0.027259161695837975
2003-01-29,labor_market_risk_shift,2003-01-17,-6,0.027039431035518646
2003-01-29,labor_market_risk_shift,2003-01-21,-5,0.025734562426805496
2003-01-29,labor_market_risk_shift,2003-01-22,-4,0.027969326823949814
2003-01-29,labor_market_risk_shift,2003-01-23,-3,0.02769365906715393
2003-01-29,labor_market_risk_shift,2003-01-24,-2,0.027628310024738312
2003-01-29,labor_market_risk_shift,2003-01-27,-1,0.028737042099237442
2003-01-29,labor_market_risk_shift,2003-01-28,0,0.03588466718792915
2003-01-29,growth_activity_shift,2002-12-11,-31,0.0349726565182209
2003-01-29,growth_activity_shift,2002-12-12,-30,0.036434609442949295
2003-01-29,growth_activity_shift,2002-12-13,-29,0.028883930295705795
2003-01-29,growth_activity_shift,2002-12-16,-28,0.03301849961280823
2003-01-29,growth_activity_shift,2002-12-17,-27,0.030530676245689392
2003-01-29,growth_activity_shift,2002-12-18,-26,0.029472021386027336
2003-01-29,growth_activity_shift,2002-12-19,-25,0.029636282473802567
2003-01-29,growth_activity_shift,2002-12-20,-24,0.028494326397776604
2003-01-29,growth_activity_shift,2002-12-23,-23,0.025420494377613068
2003-01-29,growth_activity_shift,2002-12-24,-22,0.025999557226896286
2003-01-29,growth_activity_shift,2002-12-26,-21,0.030028624460101128
2003-01-29,growth_activity_shift,2002-12-27,-20,0.035931546241045
2003-01-29,growth_activity_shift,2002-12-30,-19,0.03819640725851059
2003-01-29,growth_activity_shift,2002-12-31,-18,0.03558986634016037
2003-01-29,growth_activity_shift,2003-01-02,-17,0.039820484817028046
2003-01-29,growth_activity_shift,2003-01-03,-16,0.0341925285756588
2003-01-29,growth_activity_shift,2003-01-06,-15,0.03536819666624069
2003-01-29,growth_activity_shift,2003-01-07,-14,0.033515315502882004
2003-01-29,growth_activity_shift,2003-01-08,-13,0.035149406641721725
2003-01-29,growth_activity_shift,2003-01-09,-12,0.034493960440158844
2003-01-29,growth_activity_shift,2003-01-10,-11,0.03377921134233475
2003-01-29,growth_activity_shift,2003-01-13,-10,0.030623871833086014
2003-01-29,growth_activity_shift,2003-01-14,-9,0.025923889130353928
2003-01-29,growth_activity_shift,2003-01-15,-8,0.028396759182214737
2003-01-29,growth_activity_shift,2003-01-16,-7,0.027586931362748146
2003-01-29,growth_activity_shift,2003-01-17,-6,0.02723648212850094
2003-01-29,growth_activity_shift,2003-01-21,-5,0.025440793484449387
2003-01-29,growth_activity_shift,2003-01-22,-4,0.027912626042962074
2003-01-29,growth_activity_shift,2003-01-23,-3,0.026891030371189117
2003-01-29,growth_activity_shift,2003-01-24,-2,0.027482101693749428
2003-01-29,growth_activity_shift,2003-01-27,-1,0.028750602155923843
2003-01-29,growth_activity_shift,2003-01-28,0,0.034826282411813736
2003-01-29,financial_conditions_shift,2002-12-11,-31,0.031965289264917374
2003-01-29,financial_conditions_shift,2002-12-12,-30,0.03203310817480087
2003-01-29,financial_conditions_shift,2002-12-13,-29,0.03240680694580078
2003-01-29,financial_conditions_shift,2002-12-16,-28,0.034727271646261215
2003-01-29,financial_conditions_shift,2002-12-17,-27,0.031850289553403854
2003-01-29,financial_conditions_shift,2002-12-18,-26,0.02936253696680069
2003-01-29,financial_conditions_shift,2002-12-19,-25,0.029712434858083725
2003-01-29,financial_conditions_shift,2002-12-20,-24,0.028708163648843765
2003-01-29,financial_conditions_shift,2002-12-23,-23,0.02777334861457348
2003-01-29,financial_conditions_shift,2002-12-24,-22,0.028515739366412163
2003-01-29,financial_conditions_shift,2002-12-26,-21,0.02978089451789856
2003-01-29,financial_conditions_shift,2002-12-27,-20,0.03366175293922424
2003-01-29,financial_conditions_shift,2002-12-30,-19,0.03235164284706116
2003-01-29,financial_conditions_shift,2002-12-31,-18,0.03283899277448654
2003-01-29,financial_conditions_shift,2003-01-02,-17,0.03532800078392029
2003-01-29,financial_conditions_shift,2003-01-03,-16,0.03460833430290222
2003-01-29,financial_conditions_shift,2003-01-06,-15,0.03217676654458046
2003-01-29,financial_conditions_shift,2003-01-07,-14,0.034246861934661865
2003-01-29,financial_conditions_shift,2003-01-08,-13,0.032433900982141495
2003-01-29,financial_conditions_shift,2003-01-09,-12,0.03441290557384491
2003-01-29,financial_conditions_shift,2003-01-10,-11,0.036182254552841187
2003-01-29,financial_conditions_shift,2003-01-13,-10,0.029063008725643158
2003-01-29,financial_conditions_shift,2003-01-14,-9,0.030517738312482834
2003-01-29,financial_conditions_shift,2003-01-15,-8,0.030479423701763153
2003-01-29,financial_conditions_shift,2003-01-16,-7,0.03008345328271389
2003-01-29,financial_conditions_shift,2003-01-17,-6,0.02925259619951248
2003-01-29,financial_conditions_shift,2003-01-21,-5,0.02742309495806694
2003-01-29,financial_conditions_shift,2003-01-22,-4,0.029695846140384674
2003-01-29,financial_conditions_shift,2003-01-23,-3,0.027045950293540955
2003-01-29,financial_conditions_shift,2003-01-24,-2,0.02914530038833618
2003-01-29,financial_conditions_shift,2003-01-27,-1,0.030697789043188095
2003-01-29,financial_conditions_shift,2003-01-28,0,0.03151853010058403
2003-01-29,risk_balance_shift,2002-12-11,-31,0.03348730504512787
2003-01-29,risk_balance_shift,2002-12-12,-30,0.034846141934394836
2003-01-29,risk_balance_shift,2002-12-13,-29,0.030135510489344597
2003-01-29,risk_balance_shift,2002-12-16,-28,0.03537300229072571
2003-01-29,risk_balance_shift,2002-12-17,-27,0.03137078881263733
2003-01-29,risk_balance_shift,2002-12-18,-26,0.02914409153163433
2003-01-29,risk_balance_shift,2002-12-19,-25,0.029540201649069786
2003-01-29,risk_balance_shift,2002-12-20,-24,0.02754850871860981
2003-01-29,risk_balance_shift,2002-12-23,-23,0.024984104558825493
2003-01-29,risk_balance_shift,2002-12-24,-22,0.025813816115260124
2003-01-29,risk_balance_shift,2002-12-26,-21,0.029756376519799232
2003-01-29,risk_balance_shift,2002-12-27,-20,0.035989612340927124
2003-01-29,risk_balance_shift,2002-12-30,-19,0.0388210266828537
2003-01-29,risk_balance_shift,2002-12-31,-18,0.03691632300615311
2003-01-29,risk_balance_shift,2003-01-02,-17,0.04129964858293533
2003-01-29,risk_balance_shift,2003-01-03,-16,0.03693896904587746
2003-01-29,risk_balance_shift,2003-01-06,-15,0.036428194493055344
2003-01-29,risk_balance_shift,2003-01-07,-14,0.035379596054553986
2003-01-29,risk_balance_shift,2003-01-08,-13,0.03617667779326439
2003-01-29,risk_balance_shift,2003-01-09,-12,0.035245731472969055
2003-01-29,risk_balance_shift,2003-01-10,-11,0.03569021821022034
2003-01-29,risk_balance_shift,2003-01-13,-10,0.029540902003645897
2003-01-29,risk_balance_shift,2003-01-14,-9,0.026857029646635056
2003-01-29,risk_balance_shift,2003-01-15,-8,0.027848519384860992
2003-01-29,risk_balance_shift,2003-01-16,-7,0.026806659996509552
2003-01-29,risk_balance_shift,2003-01-17,-6,0.02607905864715576
2003-01-29,risk_balance_shift,2003-01-21,-5,0.024091389030218124
2003-01-29,risk_balance_shift,2003-01-22,-4,0.02686474099755287
2003-01-29,risk_balance_shift,2003-01-23,-3,0.024787483736872673
2003-01-29,risk_balance_shift,2003-01-24,-2,0.025882555171847343
2003-01-29,risk_balance_shift,2003-01-27,-1,0.027204478159546852
2003-01-29,risk_balance_shift,2003-01-28,0,0.03315131366252899
2003-01-29,committee_dispersion,2002-12-11,-31,0.03415653854608536
2003-01-29,committee_dispersion,2002-12-12,-30,0.037314604967832565
2003-01-29,committee_dispersion,2002-12-13,-29,0.029323620721697807
2003-01-29,committee_dispersion,2002-12-16,-28,0.03296055272221565
2003-01-29,committee_dispersion,2002-12-17,-27,0.030602604150772095
2003-01-29,committee_dispersion,2002-12-18,-26,0.029807452112436295
2003-01-29,committee_dispersion,2002-12-19,-25,0.03002796694636345
2003-01-29,committee_dispersion,2002-12-20,-24,0.02903829701244831
2003-01-29,committee_dispersion,2002-12-23,-23,0.025897204875946045
2003-01-29,committee_dispersion,2002-12-24,-22,0.026458237320184708
2003-01-29,committee_dispersion,2002-12-26,-21,0.03050498105585575
2003-01-29,committee_dispersion,2002-12-27,-20,0.03586195036768913
2003-01-29,committee_dispersion,2002-12-30,-19,0.037568554282188416
2003-01-29,committee_dispersion,2002-12-31,-18,0.03535905107855797
2003-01-29,committee_dispersion,2003-01-02,-17,0.03895430266857147
2003-01-29,committee_dispersion,2003-01-03,-16,0.032947614789009094
2003-01-29,committee_dispersion,2003-01-06,-15,0.03407441824674606
2003-01-29,committee_dispersion,2003-01-07,-14,0.031800441443920135
2003-01-29,committee_dispersion,2003-01-08,-13,0.03362467139959335
2003-01-29,committee_dispersion,2003-01-09,-12,0.033980634063482285
2003-01-29,committee_dispersion,2003-01-10,-11,0.03264797106385231
2003-01-29,committee_dispersion,2003-01-13,-10,0.0309118814766407
2003-01-29,committee_dispersion,2003-01-14,-9,0.026016267016530037
2003-01-29,committee_dispersion,2003-01-15,-8,0.028742101043462753
2003-01-29,committee_dispersion,2003-01-16,-7,0.02808990329504013
2003-01-29,committee_dispersion,2003-01-17,-6,0.02774868719279766
2003-01-29,committee_dispersion,2003-01-21,-5,0.025989994406700134
2003-01-29,committee_dispersion,2003-01-22,-4,0.02838415466248989
2003-01-29,committee_dispersion,2003-01-23,-3,0.027592383325099945
2003-01-29,committee_dispersion,2003-01-24,-2,0.027856137603521347
2003-01-29,committee_dispersion,2003-01-27,-1,0.029321521520614624
2003-01-29,committee_dispersion,2003-01-28,0,0.03643527254462242
2003-01-29,policy_uncertainty,2002-12-11,-31,0.028254494071006775
2003-01-29,policy_uncertainty,2002-12-12,-30,0.026590581983327866
2003-01-29,policy_uncertainty,2002-12-13,-29,0.03293170407414436
2003-01-29,policy_uncertainty,2002-12-16,-28,0.03414464369416237
2003-01-29,policy_uncertainty,2002-12-17,-27,0.03297828882932663
2003-01-29,policy_uncertainty,2002-12-18,-26,0.03041568584740162
2003-01-29,policy_uncertainty,2002-12-19,-25,0.030216017737984657
2003-01-29,policy_uncertainty,2002-12-20,-24,0.02956310659646988
2003-01-29,policy_uncertainty,2002-12-23,-23,0.03141118586063385
2003-01-29,policy_uncertainty,2002-12-24,-22,0.032149504870176315
2003-01-29,policy_uncertainty,2002-12-26,-21,0.03040355257689953
2003-01-29,policy_uncertainty,2002-12-27,-20,0.030322227627038956
2003-01-29,policy_uncertainty,2002-12-30,-19,0.02848169580101967
2003-01-29,policy_uncertainty,2002-12-31,-18,0.03104151412844658
2003-01-29,policy_uncertainty,2003-01-02,-17,0.030377618968486786
2003-01-29,policy_uncertainty,2003-01-03,-16,0.034218236804008484
2003-01-29,policy_uncertainty,2003-01-06,-15,0.030414145439863205
2003-01-29,policy_uncertainty,2003-01-07,-14,0.035614416003227234
2003-01-29,policy_uncertainty,2003-01-08,-13,0.03150554746389389
2003-01-29,policy_uncertainty,2003-01-09,-12,0.03277285024523735
2003-01-29,policy_uncertainty,2003-01-10,-11,0.03556140139698982
2003-01-29,policy_uncertainty,2003-01-13,-10,0.02961818501353264
2003-01-29,policy_uncertainty,2003-01-14,-9,0.035020243376493454
2003-01-29,policy_uncertainty,2003-01-15,-8,0.031967513263225555
2003-01-29,policy_uncertainty,2003-01-16,-7,0.03208119422197342
2003-01-29,policy_uncertainty,2003-01-17,-6,0.030813364312052727
2003-01-29,policy_uncertainty,2003-01-21,-5,0.03023589588701725
2003-01-29,policy_uncertainty,2003-01-22,-4,0.03079967573285103
2003-01-29,policy_uncertainty,2003-01-23,-3,0.02842116914689541
2003-01-29,policy_uncertainty,2003-01-24,-2,0.029941575601696968
2003-01-29,policy_uncertainty,2003-01-27,-1,0.03237983584403992
2003-01-29,policy_uncertainty,2003-01-28,0,0.02935289591550827
2003-01-29,forward_guidance_strength,2002-12-11,-31,0.033974550664424896
2003-01-29,forward_guidance_strength,2002-12-12,-30,0.035435039550065994
2003-01-29,forward_guidance_strength,2002-12-13,-29,0.029103124514222145
2003-01-29,forward_guidance_strength,2002-12-16,-28,0.03322555869817734
2003-01-29,forward_guidance_strength,2002-12-17,-27,0.03126152604818344
2003-01-29,forward_guidance_strength,2002-12-18,-26,0.02956322394311428
2003-01-29,forward_guidance_strength,2002-12-19,-25,0.029829714447259903
2003-01-29,forward_guidance_strength,2002-12-20,-24,0.028105175122618675
2003-01-29,forward_guidance_strength,2002-12-23,-23,0.02541213668882847
2003-01-29,forward_guidance_strength,2002-12-24,-22,0.026355762034654617
2003-01-29,forward_guidance_strength,2002-12-26,-21,0.030446616932749748
2003-01-29,forward_guidance_strength,2002-12-27,-20,0.03656834363937378
2003-01-29,forward_guidance_strength,2002-12-30,-19,0.03881039470434189
2003-01-29,forward_guidance_strength,2002-12-31,-18,0.0364445261657238
2003-01-29,forward_guidance_strength,2003-01-02,-17,0.03947907313704491
2003-01-29,forward_guidance_strength,2003-01-03,-16,0.035700589418411255
2003-01-29,forward_guidance_strength,2003-01-06,-15,0.035710595548152924
2003-01-29,forward_guidance_strength,2003-01-07,-14,0.03349336236715317
2003-01-29,forward_guidance_strength,2003-01-08,-13,0.035083428025245667
2003-01-29,forward_guidance_strength,2003-01-09,-12,0.03348594903945923
2003-01-29,forward_guidance_strength,2003-01-10,-11,0.03433123975992203
2003-01-29,forward_guidance_strength,2003-01-13,-10,0.03000546619296074
2003-01-29,forward_guidance_strength,2003-01-14,-9,0.026043308898806572
2003-01-29,forward_guidance_strength,2003-01-15,-8,0.02810519002377987
2003-01-29,forward_guidance_strength,2003-01-16,-7,0.027446825057268143
2003-01-29,forward_guidance_strength,2003-01-17,-6,0.026999905705451965
2003-01-29,forward_guidance_strength,2003-01-21,-5,0.025135599076747894
2003-01-29,forward_guidance_strength,2003-01-22,-4,0.027795961126685143
2003-01-29,forward_guidance_strength,2003-01-23,-3,0.02627369947731495
2003-01-29,forward_guidance_strength,2003-01-24,-2,0.026829222217202187
2003-01-29,forward_guidance_strength,2003-01-27,-1,0.027556918561458588
2003-01-29,forward_guidance_strength,2003-01-28,0,0.035987984389066696
2003-03-18,rate_decision,2003-01-30,-31,0.027219343930482864
2003-03-18,rate_decision,2003-01-31,-30,0.03229551762342453
2003-03-18,rate_decision,2003-02-03,-29,0.027466654777526855
2003-03-18,rate_decision,2003-02-04,-28,0.03535350412130356
2003-03-18,rate_decision,2003-02-05,-27,0.03493287041783333
2003-03-18,rate_decision,2003-02-06,-26,0.03632042557001114
2003-03-18,rate_decision,2003-02-07,-25,0.030883869156241417
2003-03-18,rate_decision,2003-02-10,-24,0.02782791666686535
2003-03-18,rate_decision,2003-02-11,-23,0.03023555502295494
2003-03-18,rate_decision,2003-02-12,-22,0.03019453026354313
2003-03-18,rate_decision,2003-02-13,-21,0.02809140831232071
2003-03-18,rate_decision,2003-02-14,-20,0.028475863859057426
2003-03-18,rate_decision,2003-02-18,-19,0.02923753298819065
2003-03-18,rate_decision,2003-02-19,-18,0.03131767734885216
2003-03-18,rate_decision,2003-02-20,-17,0.029225094243884087
2003-03-18,rate_decision,2003-02-21,-16,0.02891623228788376
2003-03-18,rate_decision,2003-02-24,-15,0.031109288334846497
2003-03-18,rate_decision,2003-02-25,-14,0.02904561348259449
2003-03-18,rate_decision,2003-02-26,-13,0.02659168280661106
2003-03-18,rate_decision,2003-02-27,-12,0.02705226093530655
2003-03-18,rate_decision,2003-02-28,-11,0.02823825366795063
2003-03-18,rate_decision,2003-03-03,-10,0.02890203520655632
2003-03-18,rate_decision,2003-03-04,-9,0.02851238287985325
2003-03-18,rate_decision,2003-03-05,-8,0.029238706454634666
2003-03-18,rate_decision,2003-03-06,-7,0.03141975402832031
2003-03-18,rate_decision,2003-03-07,-6,0.035840608179569244
2003-03-18,rate_decision,2003-03-10,-5,0.03508519008755684
2003-03-18,rate_decision,2003-03-11,-4,0.038677655160427094
2003-03-18,rate_decision,2003-03-12,-3,0.0414794459939003
2003-03-18,rate_decision,2003-03-13,-2,0.03857208788394928
2003-03-18,rate_decision,2003-03-14,-1,0.031941965222358704
2003-03-18,rate_decision,2003-03-17,0,0.030299067497253418
2003-03-18,current_policy_stance,2003-01-30,-31,0.037159599363803864
2003-03-18,current_policy_stance,2003-01-31,-30,0.03426666185259819
2003-03-18,current_policy_stance,2003-02-03,-29,0.027465570718050003
2003-03-18,current_policy_stance,2003-02-04,-28,0.030297229066491127
2003-03-18,current_policy_stance,2003-02-05,-27,0.03528869152069092
2003-03-18,current_policy_stance,2003-02-06,-26,0.030491523444652557
2003-03-18,current_policy_stance,2003-02-07,-25,0.028950031846761703
2003-03-18,current_policy_stance,2003-02-10,-24,0.025358188897371292
2003-03-18,current_policy_stance,2003-02-11,-23,0.029796551913022995
2003-03-18,current_policy_stance,2003-02-12,-22,0.03314812108874321
2003-03-18,current_policy_stance,2003-02-13,-21,0.03300144150853157
2003-03-18,current_policy_stance,2003-02-14,-20,0.035579781979322433
2003-03-18,current_policy_stance,2003-02-18,-19,0.037165336310863495
2003-03-18,current_policy_stance,2003-02-19,-18,0.035752441734075546
2003-03-18,current_policy_stance,2003-02-20,-17,0.034164950251579285
2003-03-18,current_policy_stance,2003-02-21,-16,0.0331970639526844
2003-03-18,current_policy_stance,2003-02-24,-15,0.029483258724212646
2003-03-18,current_policy_stance,2003-02-25,-14,0.029947467148303986
2003-03-18,current_policy_stance,2003-02-26,-13,0.026677196845412254
2003-03-18,current_policy_stance,2003-02-27,-12,0.024866823107004166
2003-03-18,current_policy_stance,2003-02-28,-11,0.024328961968421936
2003-03-18,current_policy_stance,2003-03-03,-10,0.027503356337547302
2003-03-18,current_policy_stance,2003-03-04,-9,0.024310749024152756
2003-03-18,current_policy_stance,2003-03-05,-8,0.02523944526910782
2003-03-18,current_policy_stance,2003-03-06,-7,0.02964271977543831
2003-03-18,current_policy_stance,2003-03-07,-6,0.030582455918192863
2003-03-18,current_policy_stance,2003-03-10,-5,0.034390248358249664
2003-03-18,current_policy_stance,2003-03-11,-4,0.035642314702272415
2003-03-18,current_policy_stance,2003-03-12,-3,0.037286557257175446
2003-03-18,current_policy_stance,2003-03-13,-2,0.03841859847307205
2003-03-18,current_policy_stance,2003-03-14,-1,0.029033610597252846
2003-03-18,current_policy_stance,2003-03-17,0,0.03156307339668274
2003-03-18,policy_stance_shift,2003-01-30,-31,0.03606288135051727
2003-03-18,policy_stance_shift,2003-01-31,-30,0.037857573479413986
2003-03-18,policy_stance_shift,2003-02-03,-29,0.031215740367770195
2003-03-18,policy_stance_shift,2003-02-04,-28,0.033624861389398575
2003-03-18,policy_stance_shift,2003-02-05,-27,0.03345254436135292
2003-03-18,policy_stance_shift,2003-02-06,-26,0.035240206867456436
2003-03-18,policy_stance_shift,2003-02-07,-25,0.0287177711725235
2003-03-18,policy_stance_shift,2003-02-10,-24,0.025335989892482758
2003-03-18,policy_stance_shift,2003-02-11,-23,0.03042917139828205
2003-03-18,policy_stance_shift,2003-02-12,-22,0.03004019893705845
2003-03-18,policy_stance_shift,2003-02-13,-21,0.029384776949882507
2003-03-18,policy_stance_shift,2003-02-14,-20,0.03243355453014374
2003-03-18,policy_stance_shift,2003-02-18,-19,0.035347044467926025
2003-03-18,policy_stance_shift,2003-02-19,-18,0.03296137601137161
2003-03-18,policy_stance_shift,2003-02-20,-17,0.03211507201194763
2003-03-18,policy_stance_shift,2003-02-21,-16,0.03363393619656563
2003-03-18,policy_stance_shift,2003-02-24,-15,0.0317884236574173
2003-03-18,policy_stance_shift,2003-02-25,-14,0.029796605929732323
2003-03-18,policy_stance_shift,2003-02-26,-13,0.027918606996536255
2003-03-18,policy_stance_shift,2003-02-27,-12,0.026668241247534752
2003-03-18,policy_stance_shift,2003-02-28,-11,0.025709252804517746
2003-03-18,policy_stance_shift,2003-03-03,-10,0.027360573410987854
2003-03-18,policy_stance_shift,2003-03-04,-9,0.02473103255033493
2003-03-18,policy_stance_shift,2003-03-05,-8,0.025325771421194077
2003-03-18,policy_stance_shift,2003-03-06,-7,0.02827272191643715
2003-03-18,policy_stance_shift,2003-03-07,-6,0.031663794070482254
2003-03-18,policy_stance_shift,2003-03-10,-5,0.0325150191783905
2003-03-18,policy_stance_shift,2003-03-11,-4,0.03256959095597267
2003-03-18,policy_stance_shift,2003-03-12,-3,0.034896016120910645
2003-03-18,policy_stance_shift,2003-03-13,-2,0.03657153993844986
2003-03-18,policy_stance_shift,2003-03-14,-1,0.030262459069490433
2003-03-18,policy_stance_shift,2003-03-17,0,0.03609764575958252
2003-03-18,expected_rate_path_shift,2003-01-30,-31,0.03750457987189293
2003-03-18,expected_rate_path_shift,2003-01-31,-30,0.03738603740930557
2003-03-18,expected_rate_path_shift,2003-02-03,-29,0.03022240847349167
2003-03-18,expected_rate_path_shift,2003-02-04,-28,0.033714815974235535
2003-03-18,expected_rate_path_shift,2003-02-05,-27,0.034472040832042694
2003-03-18,expected_rate_path_shift,2003-02-06,-26,0.03493791073560715
2003-03-18,expected_rate_path_shift,2003-02-07,-25,0.029288042336702347
2003-03-18,expected_rate_path_shift,2003-02-10,-24,0.02566971816122532
2003-03-18,expected_rate_path_shift,2003-02-11,-23,0.030297912657260895
2003-03-18,expected_rate_path_shift,2003-02-12,-22,0.03059142269194126
2003-03-18,expected_rate_path_shift,2003-02-13,-21,0.0302620567381382
2003-03-18,expected_rate_path_shift,2003-02-14,-20,0.032323889434337616
2003-03-18,expected_rate_path_shift,2003-02-18,-19,0.0346284881234169
2003-03-18,expected_rate_path_shift,2003-02-19,-18,0.03327329456806183
2003-03-18,expected_rate_path_shift,2003-02-20,-17,0.03244508430361748
2003-03-18,expected_rate_path_shift,2003-02-21,-16,0.03264155238866806
2003-03-18,expected_rate_path_shift,2003-02-24,-15,0.030660167336463928
2003-03-18,expected_rate_path_shift,2003-02-25,-14,0.029330484569072723
2003-03-18,expected_rate_path_shift,2003-02-26,-13,0.027269920334219933
2003-03-18,expected_rate_path_shift,2003-02-27,-12,0.025741126388311386
2003-03-18,expected_rate_path_shift,2003-02-28,-11,0.02531108632683754
2003-03-18,expected_rate_path_shift,2003-03-03,-10,0.02718927338719368
2003-03-18,expected_rate_path_shift,2003-03-04,-9,0.024741172790527344
2003-03-18,expected_rate_path_shift,2003-03-05,-8,0.02604406513273716
2003-03-18,expected_rate_path_shift,2003-03-06,-7,0.02898164466023445
2003-03-18,expected_rate_path_shift,2003-03-07,-6,0.03223972022533417
2003-03-18,expected_rate_path_shift,2003-03-10,-5,0.033189039677381516
2003-03-18,expected_rate_path_shift,2003-03-11,-4,0.0336739681661129
2003-03-18,expected_rate_path_shift,2003-03-12,-3,0.03640168160200119
2003-03-18,expected_rate_path_shift,2003-03-13,-2,0.03663564845919609
2003-03-18,expected_rate_path_shift,2003-03-14,-1,0.02983107417821884
2003-03-18,expected_rate_path_shift,2003-03-17,0,0.033100664615631104
2003-03-18,inflation_assessment_shift,2003-01-30,-31,0.03341089189052582
2003-03-18,inflation_assessment_shift,2003-01-31,-30,0.03536490723490715
2003-03-18,inflation_assessment_shift,2003-02-03,-29,0.02849828451871872
2003-03-18,inflation_assessment_shift,2003-02-04,-28,0.03183136135339737
2003-03-18,inflation_assessment_shift,2003-02-05,-27,0.03546268120408058
2003-03-18,inflation_assessment_shift,2003-02-06,-26,0.03446214646100998
2003-03-18,inflation_assessment_shift,2003-02-07,-25,0.02926955744624138
2003-03-18,inflation_assessment_shift,2003-02-10,-24,0.02539720945060253
2003-03-18,inflation_assessment_shift,2003-02-11,-23,0.03015480749309063
2003-03-18,inflation_assessment_shift,2003-02-12,-22,0.030957136303186417
2003-03-18,inflation_assessment_shift,2003-02-13,-21,0.03012808971107006
2003-03-18,inflation_assessment_shift,2003-02-14,-20,0.033140603452920914
2003-03-18,inflation_assessment_shift,2003-02-18,-19,0.03625623881816864
2003-03-18,inflation_assessment_shift,2003-02-19,-18,0.033981021493673325
2003-03-18,inflation_assessment_shift,2003-02-20,-17,0.032723318785429
2003-03-18,inflation_assessment_shift,2003-02-21,-16,0.034029264003038406
2003-03-18,inflation_assessment_shift,2003-02-24,-15,0.03188817948102951
2003-03-18,inflation_assessment_shift,2003-02-25,-14,0.030403193086385727
2003-03-18,inflation_assessment_shift,2003-02-26,-13,0.027690382674336433
2003-03-18,inflation_assessment_shift,2003-02-27,-12,0.02637135237455368
2003-03-18,inflation_assessment_shift,2003-02-28,-11,0.025331472977995872
2003-03-18,inflation_assessment_shift,2003-03-03,-10,0.027708537876605988
2003-03-18,inflation_assessment_shift,2003-03-04,-9,0.024382062256336212
2003-03-18,inflation_assessment_shift,2003-03-05,-8,0.024750813841819763
2003-03-18,inflation_assessment_shift,2003-03-06,-7,0.02865583263337612
2003-03-18,inflation_assessment_shift,2003-03-07,-6,0.03130864351987839
2003-03-18,inflation_assessment_shift,2003-03-10,-5,0.03278022259473801
2003-03-18,inflation_assessment_shift,2003-03-11,-4,0.0337749682366848
2003-03-18,inflation_assessment_shift,2003-03-12,-3,0.035870179533958435
2003-03-18,inflation_assessment_shift,2003-03-13,-2,0.0386333167552948
2003-03-18,inflation_assessment_shift,2003-03-14,-1,0.028961990028619766
2003-03-18,inflation_assessment_shift,2003-03-17,0,0.036421313881874084
2003-03-18,inflation_risk_shift,2003-01-30,-31,0.03751173987984657
2003-03-18,inflation_risk_shift,2003-01-31,-30,0.0352509543299675
2003-03-18,inflation_risk_shift,2003-02-03,-29,0.0286887027323246
2003-03-18,inflation_risk_shift,2003-02-04,-28,0.031318195164203644
2003-03-18,inflation_risk_shift,2003-02-05,-27,0.03552529215812683
2003-03-18,inflation_risk_shift,2003-02-06,-26,0.03133976459503174
2003-03-18,inflation_risk_shift,2003-02-07,-25,0.028144441545009613
2003-03-18,inflation_risk_shift,2003-02-10,-24,0.02535393461585045
2003-03-18,inflation_risk_shift,2003-02-11,-23,0.02980688214302063
2003-03-18,inflation_risk_shift,2003-02-12,-22,0.0326102152466774
2003-03-18,inflation_risk_shift,2003-02-13,-21,0.03217169642448425
2003-03-18,inflation_risk_shift,2003-02-14,-20,0.03499503433704376
2003-03-18,inflation_risk_shift,2003-02-18,-19,0.0376555472612381
2003-03-18,inflation_risk_shift,2003-02-19,-18,0.03562277927994728
2003-03-18,inflation_risk_shift,2003-02-20,-17,0.033499859273433685
2003-03-18,inflation_risk_shift,2003-02-21,-16,0.03354755416512489
2003-03-18,inflation_risk_shift,2003-02-24,-15,0.030155256390571594
2003-03-18,inflation_risk_shift,2003-02-25,-14,0.030237413942813873
2003-03-18,inflation_risk_shift,2003-02-26,-13,0.026956263929605484
2003-03-18,inflation_risk_shift,2003-02-27,-12,0.025279616937041283
2003-03-18,inflation_risk_shift,2003-02-28,-11,0.024419771507382393
2003-03-18,inflation_risk_shift,2003-03-03,-10,0.02719893679022789
2003-03-18,inflation_risk_shift,2003-03-04,-9,0.023851599544286728
2003-03-18,inflation_risk_shift,2003-03-05,-8,0.024871306493878365
2003-03-18,inflation_risk_shift,2003-03-06,-7,0.029335124418139458
2003-03-18,inflation_risk_shift,2003-03-07,-6,0.030863534659147263
2003-03-18,inflation_risk_shift,2003-03-10,-5,0.03389548510313034
2003-03-18,inflation_risk_shift,2003-03-11,-4,0.03463857248425484
2003-03-18,inflation_risk_shift,2003-03-12,-3,0.0371292307972908
2003-03-18,inflation_risk_shift,2003-03-13,-2,0.037270478904247284
2003-03-18,inflation_risk_shift,2003-03-14,-1,0.029099605977535248
2003-03-18,inflation_risk_shift,2003-03-17,0,0.031755223870277405
2003-03-18,unemployment_assessment_shift,2003-01-30,-31,0.0367850735783577
2003-03-18,unemployment_assessment_shift,2003-01-31,-30,0.036465633660554886
2003-03-18,unemployment_assessment_shift,2003-02-03,-29,0.029731744900345802
2003-03-18,unemployment_assessment_shift,2003-02-04,-28,0.031930211931467056
2003-03-18,unemployment_assessment_shift,2003-02-05,-27,0.03542157635092735
2003-03-18,unemployment_assessment_shift,2003-02-06,-26,0.033287711441516876
2003-03-18,unemployment_assessment_shift,2003-02-07,-25,0.02846757136285305
2003-03-18,unemployment_assessment_shift,2003-02-10,-24,0.025135502219200134
2003-03-18,unemployment_assessment_shift,2003-02-11,-23,0.02973085269331932
2003-03-18,unemployment_assessment_shift,2003-02-12,-22,0.03154817223548889
2003-03-18,unemployment_assessment_shift,2003-02-13,-21,0.030718985944986343
2003-03-18,unemployment_assessment_shift,2003-02-14,-20,0.03390873968601227
2003-03-18,unemployment_assessment_shift,2003-02-18,-19,0.037200454622507095
2003-03-18,unemployment_assessment_shift,2003-02-19,-18,0.03534942865371704
2003-03-18,unemployment_assessment_shift,2003-02-20,-17,0.033215396106243134
2003-03-18,unemployment_assessment_shift,2003-02-21,-16,0.033916622400283813
2003-03-18,unemployment_assessment_shift,2003-02-24,-15,0.031206531450152397
2003-03-18,unemployment_assessment_shift,2003-02-25,-14,0.03046046569943428
2003-03-18,unemployment_assessment_shift,2003-02-26,-13,0.027559880167245865
2003-03-18,unemployment_assessment_shift,2003-02-27,-12,0.0259015541523695
2003-03-18,unemployment_assessment_shift,2003-02-28,-11,0.02488495036959648
2003-03-18,unemployment_assessment_shift,2003-03-03,-10,0.027506154030561447
2003-03-18,unemployment_assessment_shift,2003-03-04,-9,0.02406417950987816
2003-03-18,unemployment_assessment_shift,2003-03-05,-8,0.02450248785316944
2003-03-18,unemployment_assessment_shift,2003-03-06,-7,0.02883504517376423
2003-03-18,unemployment_assessment_shift,2003-03-07,-6,0.03102482669055462
2003-03-18,unemployment_assessment_shift,2003-03-10,-5,0.03310556337237358
2003-03-18,unemployment_assessment_shift,2003-03-11,-4,0.03376379236578941
2003-03-18,unemployment_assessment_shift,2003-03-12,-3,0.035759590566158295
2003-03-18,unemployment_assessment_shift,2003-03-13,-2,0.036959536373615265
2003-03-18,unemployment_assessment_shift,2003-03-14,-1,0.02850867621600628
2003-03-18,unemployment_assessment_shift,2003-03-17,0,0.033143091946840286
2003-03-18,labor_market_risk_shift,2003-01-30,-31,0.03787042200565338
2003-03-18,labor_market_risk_shift,2003-01-31,-30,0.035832516849040985
2003-03-18,labor_market_risk_shift,2003-02-03,-29,0.028293974697589874
2003-03-18,labor_market_risk_shift,2003-02-04,-28,0.03154725581407547
2003-03-18,labor_market_risk_shift,2003-02-05,-27,0.035667598247528076
2003-03-18,labor_market_risk_shift,2003-02-06,-26,0.031814612448215485
2003-03-18,labor_market_risk_shift,2003-02-07,-25,0.028501633554697037
2003-03-18,labor_market_risk_shift,2003-02-10,-24,0.0250348262488842
2003-03-18,labor_market_risk_shift,2003-02-11,-23,0.02979874797165394
2003-03-18,labor_market_risk_shift,2003-02-12,-22,0.032376669347286224
2003-03-18,labor_market_risk_shift,2003-02-13,-21,0.03207201510667801
2003-03-18,labor_market_risk_shift,2003-02-14,-20,0.03470182418823242
2003-03-18,labor_market_risk_shift,2003-02-18,-19,0.03695405274629593
2003-03-18,labor_market_risk_shift,2003-02-19,-18,0.03519858047366142
2003-03-18,labor_market_risk_shift,2003-02-20,-17,0.03343681991100311
2003-03-18,labor_market_risk_shift,2003-02-21,-16,0.03310432657599449
2003-03-18,labor_market_risk_shift,2003-02-24,-15,0.029856503009796143
2003-03-18,labor_market_risk_shift,2003-02-25,-14,0.029778487980365753
2003-03-18,labor_market_risk_shift,2003-02-26,-13,0.02666347660124302
2003-03-18,labor_market_risk_shift,2003-02-27,-12,0.024872589856386185
2003-03-18,labor_market_risk_shift,2003-02-28,-11,0.02418385073542595
2003-03-18,labor_market_risk_shift,2003-03-03,-10,0.02679884061217308
2003-03-18,labor_market_risk_shift,2003-03-04,-9,0.023699402809143066
2003-03-18,labor_market_risk_shift,2003-03-05,-8,0.024581201374530792
2003-03-18,labor_market_risk_shift,2003-03-06,-7,0.028887350112199783
2003-03-18,labor_market_risk_shift,2003-03-07,-6,0.03116345964372158
2003-03-18,labor_market_risk_shift,2003-03-10,-5,0.03446244075894356
2003-03-18,labor_market_risk_shift,2003-03-11,-4,0.03582309931516647
2003-03-18,labor_market_risk_shift,2003-03-12,-3,0.03760799393057823
2003-03-18,labor_market_risk_shift,2003-03-13,-2,0.03851629048585892
2003-03-18,labor_market_risk_shift,2003-03-14,-1,0.029044143855571747
2003-03-18,labor_market_risk_shift,2003-03-17,0,0.03185495734214783
2003-03-18,growth_activity_shift,2003-01-30,-31,0.03845420852303505
2003-03-18,growth_activity_shift,2003-01-31,-30,0.0350225567817688
2003-03-18,growth_activity_shift,2003-02-03,-29,0.028231505304574966
2003-03-18,growth_activity_shift,2003-02-04,-28,0.0310821570456028
2003-03-18,growth_activity_shift,2003-02-05,-27,0.03555727377533913
2003-03-18,growth_activity_shift,2003-02-06,-26,0.03154832869768143
2003-03-18,growth_activity_shift,2003-02-07,-25,0.028559330850839615
2003-03-18,growth_activity_shift,2003-02-10,-24,0.025072872638702393
2003-03-18,growth_activity_shift,2003-02-11,-23,0.029721301048994064
2003-03-18,growth_activity_shift,2003-02-12,-22,0.032552484422922134
2003-03-18,growth_activity_shift,2003-02-13,-21,0.03174183890223503
2003-03-18,growth_activity_shift,2003-02-14,-20,0.03450964391231537
2003-03-18,growth_activity_shift,2003-02-18,-19,0.03678490221500397
2003-03-18,growth_activity_shift,2003-02-19,-18,0.035161565989255905
2003-03-18,growth_activity_shift,2003-02-20,-17,0.03329293802380562
2003-03-18,growth_activity_shift,2003-02-21,-16,0.03317008912563324
2003-03-18,growth_activity_shift,2003-02-24,-15,0.02993936464190483
2003-03-18,growth_activity_shift,2003-02-25,-14,0.0300417672842741
2003-03-18,growth_activity_shift,2003-02-26,-13,0.0267805065959692
2003-03-18,growth_activity_shift,2003-02-27,-12,0.02519405633211136
2003-03-18,growth_activity_shift,2003-02-28,-11,0.024501455947756767
2003-03-18,growth_activity_shift,2003-03-03,-10,0.027346724644303322
2003-03-18,growth_activity_shift,2003-03-04,-9,0.0239380095154047
2003-03-18,growth_activity_shift,2003-03-05,-8,0.024849586188793182
2003-03-18,growth_activity_shift,2003-03-06,-7,0.029139505699276924
2003-03-18,growth_activity_shift,2003-03-07,-6,0.030872033908963203
2003-03-18,growth_activity_shift,2003-03-10,-5,0.03445695713162422
2003-03-18,growth_activity_shift,2003-03-11,-4,0.035247087478637695
2003-03-18,growth_activity_shift,2003-03-12,-3,0.03765585646033287
2003-03-18,growth_activity_shift,2003-03-13,-2,0.038461703807115555
2003-03-18,growth_activity_shift,2003-03-14,-1,0.029170561581850052
2003-03-18,growth_activity_shift,2003-03-17,0,0.03194183483719826
2003-03-18,financial_conditions_shift,2003-01-30,-31,0.038301363587379456
2003-03-18,financial_conditions_shift,2003-01-31,-30,0.039922717958688736
2003-03-18,financial_conditions_shift,2003-02-03,-29,0.03511800989508629
2003-03-18,financial_conditions_shift,2003-02-04,-28,0.03600194677710533
2003-03-18,financial_conditions_shift,2003-02-05,-27,0.033208101987838745
2003-03-18,financial_conditions_shift,2003-02-06,-26,0.03780016303062439
2003-03-18,financial_conditions_shift,2003-02-07,-25,0.028562692925333977
2003-03-18,financial_conditions_shift,2003-02-10,-24,0.025623012334108353
2003-03-18,financial_conditions_shift,2003-02-11,-23,0.030339304357767105
2003-03-18,financial_conditions_shift,2003-02-12,-22,0.028050513938069344
2003-03-18,financial_conditions_shift,2003-02-13,-21,0.026958536356687546
2003-03-18,financial_conditions_shift,2003-02-14,-20,0.02993427775800228
2003-03-18,financial_conditions_shift,2003-02-18,-19,0.03359637036919594
2003-03-18,financial_conditions_shift,2003-02-19,-18,0.030684981495141983
2003-03-18,financial_conditions_shift,2003-02-20,-17,0.03001953661441803
2003-03-18,financial_conditions_shift,2003-02-21,-16,0.03275728225708008
2003-03-18,financial_conditions_shift,2003-02-24,-15,0.03267667442560196
2003-03-18,financial_conditions_shift,2003-02-25,-14,0.02947329729795456
2003-03-18,financial_conditions_shift,2003-02-26,-13,0.028615128248929977
2003-03-18,financial_conditions_shift,2003-02-27,-12,0.028038164600729942
2003-03-18,financial_conditions_shift,2003-02-28,-11,0.02681112289428711
2003-03-18,financial_conditions_shift,2003-03-03,-10,0.027679335325956345
2003-03-18,financial_conditions_shift,2003-03-04,-9,0.025463826954364777
2003-03-18,financial_conditions_shift,2003-03-05,-8,0.025335034355521202
2003-03-18,financial_conditions_shift,2003-03-06,-7,0.02756308764219284
2003-03-18,financial_conditions_shift,2003-03-07,-6,0.03172886371612549
2003-03-18,financial_conditions_shift,2003-03-10,-5,0.030808493494987488
2003-03-18,financial_conditions_shift,2003-03-11,-4,0.030426248908042908
2003-03-18,financial_conditions_shift,2003-03-12,-3,0.032837122678756714
2003-03-18,financial_conditions_shift,2003-03-13,-2,0.03523851931095123
2003-03-18,financial_conditions_shift,2003-03-14,-1,0.032212965190410614
2003-03-18,financial_conditions_shift,2003-03-17,0,0.038213253021240234
2003-03-18,risk_balance_shift,2003-01-30,-31,0.038221679627895355
2003-03-18,risk_balance_shift,2003-01-31,-30,0.03672685846686363
2003-03-18,risk_balance_shift,2003-02-03,-29,0.03000597283244133
2003-03-18,risk_balance_shift,2003-02-04,-28,0.034820035099983215
2003-03-18,risk_balance_shift,2003-02-05,-27,0.034249741584062576
2003-03-18,risk_balance_shift,2003-02-06,-26,0.03563668578863144
2003-03-18,risk_balance_shift,2003-02-07,-25,0.029344839975237846
2003-03-18,risk_balance_shift,2003-02-10,-24,0.02498606964945793
2003-03-18,risk_balance_shift,2003-02-11,-23,0.03001559153199196
2003-03-18,risk_balance_shift,2003-02-12,-22,0.030007533729076385
2003-03-18,risk_balance_shift,2003-02-13,-21,0.029143212363123894
2003-03-18,risk_balance_shift,2003-02-14,-20,0.031486306339502335
2003-03-18,risk_balance_shift,2003-02-18,-19,0.034719068557024
2003-03-18,risk_balance_shift,2003-02-19,-18,0.03308594599366188
2003-03-18,risk_balance_shift,2003-02-20,-17,0.03207072615623474
2003-03-18,risk_balance_shift,2003-02-21,-16,0.03270205482840538
2003-03-18,risk_balance_shift,2003-02-24,-15,0.03140762075781822
2003-03-18,risk_balance_shift,2003-02-25,-14,0.029415875673294067
2003-03-18,risk_balance_shift,2003-02-26,-13,0.026957659050822258
2003-03-18,risk_balance_shift,2003-02-27,-12,0.025326533243060112
2003-03-18,risk_balance_shift,2003-02-28,-11,0.024891536682844162
2003-03-18,risk_balance_shift,2003-03-03,-10,0.026268843561410904
2003-03-18,risk_balance_shift,2003-03-04,-9,0.023827310651540756
2003-03-18,risk_balance_shift,2003-03-05,-8,0.024770420044660568
2003-03-18,risk_balance_shift,2003-03-06,-7,0.027680788189172745
2003-03-18,risk_balance_shift,2003-03-07,-6,0.03167486935853958
2003-03-18,risk_balance_shift,2003-03-10,-5,0.03217850252985954
2003-03-18,risk_balance_shift,2003-03-11,-4,0.03359144926071167
2003-03-18,risk_balance_shift,2003-03-12,-3,0.03706293925642967
2003-03-18,risk_balance_shift,2003-03-13,-2,0.038722455501556396
2003-03-18,risk_balance_shift,2003-03-14,-1,0.03209729492664337
2003-03-18,risk_balance_shift,2003-03-17,0,0.03690356761217117
2003-03-18,committee_dispersion,2003-01-30,-31,0.03641124069690704
2003-03-18,committee_dispersion,2003-01-31,-30,0.03935415297746658
2003-03-18,committee_dispersion,2003-02-03,-29,0.0330844447016716
2003-03-18,committee_dispersion,2003-02-04,-28,0.035049114376306534
2003-03-18,committee_dispersion,2003-02-05,-27,0.033900775015354156
2003-03-18,committee_dispersion,2003-02-06,-26,0.036057982593774796
2003-03-18,committee_dispersion,2003-02-07,-25,0.02890637516975403
2003-03-18,committee_dispersion,2003-02-10,-24,0.02564258873462677
2003-03-18,committee_dispersion,2003-02-11,-23,0.030173644423484802
2003-03-18,committee_dispersion,2003-02-12,-22,0.028803905472159386
2003-03-18,committee_dispersion,2003-02-13,-21,0.02837206795811653
2003-03-18,committee_dispersion,2003-02-14,-20,0.031106118112802505
2003-03-18,committee_dispersion,2003-02-18,-19,0.03411699831485748
2003-03-18,committee_dispersion,2003-02-19,-18,0.03203541040420532
2003-03-18,committee_dispersion,2003-02-20,-17,0.03149021416902542
2003-03-18,committee_dispersion,2003-02-21,-16,0.0335218608379364
2003-03-18,committee_dispersion,2003-02-24,-15,0.03278113529086113
2003-03-18,committee_dispersion,2003-02-25,-14,0.030798207968473434
2003-03-18,committee_dispersion,2003-02-26,-13,0.029038622975349426
2003-03-18,committee_dispersion,2003-02-27,-12,0.028240693733096123
2003-03-18,committee_dispersion,2003-02-28,-11,0.027076533064246178
2003-03-18,committee_dispersion,2003-03-03,-10,0.027915287762880325
2003-03-18,committee_dispersion,2003-03-04,-9,0.025562774389982224
2003-03-18,committee_dispersion,2003-03-05,-8,0.02577831968665123
2003-03-18,committee_dispersion,2003-03-06,-7,0.02837779000401497
2003-03-18,committee_dispersion,2003-03-07,-6,0.031769074499607086
2003-03-18,committee_dispersion,2003-03-10,-5,0.03125936537981033
2003-03-18,committee_dispersion,2003-03-11,-4,0.030418870970606804
2003-03-18,committee_dispersion,2003-03-12,-3,0.03333219140768051
2003-03-18,committee_dispersion,2003-03-13,-2,0.034248240292072296
2003-03-18,committee_dispersion,2003-03-14,-1,0.030693791806697845
2003-03-18,committee_dispersion,2003-03-17,0,0.03468220308423042
2003-03-18,policy_uncertainty,2003-01-30,-31,0.02866014651954174
2003-03-18,policy_uncertainty,2003-01-31,-30,0.032303959131240845
2003-03-18,policy_uncertainty,2003-02-03,-29,0.04236523434519768
2003-03-18,policy_uncertainty,2003-02-04,-28,0.03486969694495201
2003-03-18,policy_uncertainty,2003-02-05,-27,0.02837524004280567
2003-03-18,policy_uncertainty,2003-02-06,-26,0.036009252071380615
2003-03-18,policy_uncertainty,2003-02-07,-25,0.030718129128217697
2003-03-18,policy_uncertainty,2003-02-10,-24,0.032698869705200195
2003-03-18,policy_uncertainty,2003-02-11,-23,0.03149527311325073
2003-03-18,policy_uncertainty,2003-02-12,-22,0.026296988129615784
2003-03-18,policy_uncertainty,2003-02-13,-21,0.025755582377314568
2003-03-18,policy_uncertainty,2003-02-14,-20,0.025885559618473053
2003-03-18,policy_uncertainty,2003-02-18,-19,0.026867609471082687
2003-03-18,policy_uncertainty,2003-02-19,-18,0.02618490904569626
2003-03-18,policy_uncertainty,2003-02-20,-17,0.026955997571349144
2003-03-18,policy_uncertainty,2003-02-21,-16,0.02932334505021572
2003-03-18,policy_uncertainty,2003-02-24,-15,0.034069184213876724
2003-03-18,policy_uncertainty,2003-02-25,-14,0.030474454164505005
2003-03-18,policy_uncertainty,2003-02-26,-13,0.033791977912187576
2003-03-18,policy_uncertainty,2003-02-27,-12,0.03619074448943138
2003-03-18,policy_uncertainty,2003-02-28,-11,0.03599514067173004
2003-03-18,policy_uncertainty,2003-03-03,-10,0.03225157782435417
2003-03-18,policy_uncertainty,2003-03-04,-9,0.03432534262537956
2003-03-18,policy_uncertainty,2003-03-05,-8,0.03302789479494095
2003-03-18,policy_uncertainty,2003-03-06,-7,0.02943822555243969
2003-03-18,policy_uncertainty,2003-03-07,-6,0.031310323625802994
2003-03-18,policy_uncertainty,2003-03-10,-5,0.02653484232723713
2003-03-18,policy_uncertainty,2003-03-11,-4,0.02704770304262638
2003-03-18,policy_uncertainty,2003-03-12,-3,0.02767636999487877
2003-03-18,policy_uncertainty,2003-03-13,-2,0.027888223528862
2003-03-18,policy_uncertainty,2003-03-14,-1,0.03970126062631607
2003-03-18,policy_uncertainty,2003-03-17,0,0.035510919988155365
2003-03-18,forward_guidance_strength,2003-01-30,-31,0.03672703355550766
2003-03-18,forward_guidance_strength,2003-01-31,-30,0.037293825298547745
2003-03-18,forward_guidance_strength,2003-02-03,-29,0.03284388780593872
2003-03-18,forward_guidance_strength,2003-02-04,-28,0.03634381294250488
2003-03-18,forward_guidance_strength,2003-02-05,-27,0.032001134008169174
2003-03-18,forward_guidance_strength,2003-02-06,-26,0.03752622380852699
2003-03-18,forward_guidance_strength,2003-02-07,-25,0.029369547963142395
2003-03-18,forward_guidance_strength,2003-02-10,-24,0.025847308337688446
2003-03-18,forward_guidance_strength,2003-02-11,-23,0.03105722926557064
2003-03-18,forward_guidance_strength,2003-02-12,-22,0.028976868838071823
2003-03-18,forward_guidance_strength,2003-02-13,-21,0.02786860242486
2003-03-18,forward_guidance_strength,2003-02-14,-20,0.029680564999580383
2003-03-18,forward_guidance_strength,2003-02-18,-19,0.03367117792367935
2003-03-18,forward_guidance_strength,2003-02-19,-18,0.031559668481349945
2003-03-18,forward_guidance_strength,2003-02-20,-17,0.029946237802505493
2003-03-18,forward_guidance_strength,2003-02-21,-16,0.03213822469115257
2003-03-18,forward_guidance_strength,2003-02-24,-15,0.032668836414813995
2003-03-18,forward_guidance_strength,2003-02-25,-14,0.02923208847641945
2003-03-18,forward_guidance_strength,2003-02-26,-13,0.027776280418038368
2003-03-18,forward_guidance_strength,2003-02-27,-12,0.027540680021047592
2003-03-18,forward_guidance_strength,2003-02-28,-11,0.026880551129579544
2003-03-18,forward_guidance_strength,2003-03-03,-10,0.027123503386974335
2003-03-18,forward_guidance_strength,2003-03-04,-9,0.02579936943948269
2003-03-18,forward_guidance_strength,2003-03-05,-8,0.0262099951505661
2003-03-18,forward_guidance_strength,2003-03-06,-7,0.02850470505654812
2003-03-18,forward_guidance_strength,2003-03-07,-6,0.03308093547821045
2003-03-18,forward_guidance_strength,2003-03-10,-5,0.031048884615302086
2003-03-18,forward_guidance_strength,2003-03-11,-4,0.03171473369002342
2003-03-18,forward_guidance_strength,2003-03-12,-3,0.03491676226258278
2003-03-18,forward_guidance_strength,2003-03-13,-2,0.03472031652927399
2003-03-18,forward_guidance_strength,2003-03-14,-1,0.03289933130145073
2003-03-18,forward_guidance_strength,2003-03-17,0,0.03703165426850319
2003-05-06,rate_decision,2003-03-19,-32,0.03147590160369873
2003-05-06,rate_decision,2003-03-20,-31,0.03088415414094925
2003-05-06,rate_decision,2003-03-21,-30,0.025817781686782837
2003-05-06,rate_decision,2003-03-24,-29,0.03011493757367134
2003-05-06,rate_decision,2003-03-25,-28,0.028158197179436684
2003-05-06,rate_decision,2003-03-26,-27,0.025064703077077866
2003-05-06,rate_decision,2003-03-27,-26,0.026220709085464478
2003-05-06,rate_decision,2003-03-28,-25,0.02470354549586773
2003-05-06,rate_decision,2003-03-31,-24,0.023070871829986572
2003-05-06,rate_decision,2003-04-01,-23,0.0255830530077219
2003-05-06,rate_decision,2003-04-02,-22,0.02745818719267845
2003-05-06,rate_decision,2003-04-03,-21,0.029800014570355415
2003-05-06,rate_decision,2003-04-04,-20,0.03573373705148697
2003-05-06,rate_decision,2003-04-07,-19,0.03111906349658966
2003-05-06,rate_decision,2003-04-08,-18,0.03452390432357788
2003-05-06,rate_decision,2003-04-09,-17,0.032580941915512085
2003-05-06,rate_decision,2003-04-10,-16,0.030820956453680992
2003-05-06,rate_decision,2003-04-11,-15,0.036679431796073914
2003-05-06,rate_decision,2003-04-14,-14,0.03736397624015808
2003-05-06,rate_decision,2003-04-15,-13,0.03375008702278137
2003-05-06,rate_decision,2003-04-16,-12,0.03429662808775902
2003-05-06,rate_decision,2003-04-17,-11,0.03280787169933319
2003-05-06,rate_decision,2003-04-21,-10,0.03583294153213501
2003-05-06,rate_decision,2003-04-22,-9,0.03646048530936241
2003-05-06,rate_decision,2003-04-23,-8,0.032952819019556046
2003-05-06,rate_decision,2003-04-24,-7,0.029589757323265076
2003-05-06,rate_decision,2003-04-25,-6,0.026900380849838257
2003-05-06,rate_decision,2003-04-28,-5,0.02644290030002594
2003-05-06,rate_decision,2003-04-29,-4,0.027341827750205994
2003-05-06,rate_decision,2003-04-30,-3,0.02793719992041588
2003-05-06,rate_decision,2003-05-01,-2,0.025102468207478523
2003-05-06,rate_decision,2003-05-02,-1,0.026059400290250778
2003-05-06,rate_decision,2003-05-05,0,0.03735116124153137
2003-05-06,current_policy_stance,2003-03-19,-32,0.03037923201918602
2003-05-06,current_policy_stance,2003-03-20,-31,0.024331005290150642
2003-05-06,current_policy_stance,2003-03-21,-30,0.023493679240345955
2003-05-06,current_policy_stance,2003-03-24,-29,0.023191001266241074
2003-05-06,current_policy_stance,2003-03-25,-28,0.028519241139292717
2003-05-06,current_policy_stance,2003-03-26,-27,0.023856693878769875
2003-05-06,current_policy_stance,2003-03-27,-26,0.02372344397008419
2003-05-06,current_policy_stance,2003-03-28,-25,0.02310950681567192
2003-05-06,current_policy_stance,2003-03-31,-24,0.022861003875732422
2003-05-06,current_policy_stance,2003-04-01,-23,0.026734760031104088
2003-05-06,current_policy_stance,2003-04-02,-22,0.032691989094018936
2003-05-06,current_policy_stance,2003-04-03,-21,0.03070029988884926
2003-05-06,current_policy_stance,2003-04-04,-20,0.029423965141177177
2003-05-06,current_policy_stance,2003-04-07,-19,0.029489750042557716
2003-05-06,current_policy_stance,2003-04-08,-18,0.032213371247053146
2003-05-06,current_policy_stance,2003-04-09,-17,0.034501608461141586
2003-05-06,current_policy_stance,2003-04-10,-16,0.03483361005783081
2003-05-06,current_policy_stance,2003-04-11,-15,0.036119021475315094
2003-05-06,current_policy_stance,2003-04-14,-14,0.03680193051695824
2003-05-06,current_policy_stance,2003-04-15,-13,0.03220212832093239
2003-05-06,current_policy_stance,2003-04-16,-12,0.031031932681798935
2003-05-06,current_policy_stance,2003-04-17,-11,0.03392695635557175
2003-05-06,current_policy_stance,2003-04-21,-10,0.032608114182949066
2003-05-06,current_policy_stance,2003-04-22,-9,0.024397242814302444
2003-05-06,current_policy_stance,2003-04-23,-8,0.025624148547649384
2003-05-06,current_policy_stance,2003-04-24,-7,0.025422411039471626
2003-05-06,current_policy_stance,2003-04-25,-6,0.02733997255563736
2003-05-06,current_policy_stance,2003-04-28,-5,0.02689594402909279
2003-05-06,current_policy_stance,2003-04-29,-4,0.03113035298883915
2003-05-06,current_policy_stance,2003-04-30,-3,0.029734665527939796
2003-05-06,current_policy_stance,2003-05-01,-2,0.03692101687192917
2003-05-06,current_policy_stance,2003-05-02,-1,0.043045174330472946
2003-05-06,current_policy_stance,2003-05-05,0,0.052744846791028976
2003-05-06,policy_stance_shift,2003-03-19,-32,0.03074212744832039
2003-05-06,policy_stance_shift,2003-03-20,-31,0.024730440229177475
2003-05-06,policy_stance_shift,2003-03-21,-30,0.025398951023817062
2003-05-06,policy_stance_shift,2003-03-24,-29,0.023066338151693344
2003-05-06,policy_stance_shift,2003-03-25,-28,0.02775733172893524
2003-05-06,policy_stance_shift,2003-03-26,-27,0.02312007173895836
2003-05-06,policy_stance_shift,2003-03-27,-26,0.024132177233695984
2003-05-06,policy_stance_shift,2003-03-28,-25,0.022770732641220093
2003-05-06,policy_stance_shift,2003-03-31,-24,0.022668765857815742
2003-05-06,policy_stance_shift,2003-04-01,-23,0.026511669158935547
2003-05-06,policy_stance_shift,2003-04-02,-22,0.031248681247234344
2003-05-06,policy_stance_shift,2003-04-03,-21,0.030957002192735672
2003-05-06,policy_stance_shift,2003-04-04,-20,0.02871771529316902
2003-05-06,policy_stance_shift,2003-04-07,-19,0.030740518122911453
2003-05-06,policy_stance_shift,2003-04-08,-18,0.03304239362478256
2003-05-06,policy_stance_shift,2003-04-09,-17,0.03262614458799362
2003-05-06,policy_stance_shift,2003-04-10,-16,0.034614767879247665
2003-05-06,policy_stance_shift,2003-04-11,-15,0.037683285772800446
2003-05-06,policy_stance_shift,2003-04-14,-14,0.03842167183756828
2003-05-06,policy_stance_shift,2003-04-15,-13,0.0331556610763073
2003-05-06,policy_stance_shift,2003-04-16,-12,0.03190184757113457
2003-05-06,policy_stance_shift,2003-04-17,-11,0.035868603736162186
2003-05-06,policy_stance_shift,2003-04-21,-10,0.03471192345023155
2003-05-06,policy_stance_shift,2003-04-22,-9,0.02454431913793087
2003-05-06,policy_stance_shift,2003-04-23,-8,0.026294751092791557
2003-05-06,policy_stance_shift,2003-04-24,-7,0.025231733918190002
2003-05-06,policy_stance_shift,2003-04-25,-6,0.026043454185128212
2003-05-06,policy_stance_shift,2003-04-28,-5,0.02627018839120865
2003-05-06,policy_stance_shift,2003-04-29,-4,0.031118225306272507
2003-05-06,policy_stance_shift,2003-04-30,-3,0.028709344565868378
2003-05-06,policy_stance_shift,2003-05-01,-2,0.03444405645132065
2003-05-06,policy_stance_shift,2003-05-02,-1,0.04289962723851204
2003-05-06,policy_stance_shift,2003-05-05,0,0.049855463206768036
2003-05-06,expected_rate_path_shift,2003-03-19,-32,0.029949460178613663
2003-05-06,expected_rate_path_shift,2003-03-20,-31,0.023697614669799805
2003-05-06,expected_rate_path_shift,2003-03-21,-30,0.023119838908314705
2003-05-06,expected_rate_path_shift,2003-03-24,-29,0.022731173783540726
2003-05-06,expected_rate_path_shift,2003-03-25,-28,0.02864629402756691
2003-05-06,expected_rate_path_shift,2003-03-26,-27,0.023906424641609192
2003-05-06,expected_rate_path_shift,2003-03-27,-26,0.024050552397966385
2003-05-06,expected_rate_path_shift,2003-03-28,-25,0.023206112906336784
2003-05-06,expected_rate_path_shift,2003-03-31,-24,0.02305138111114502
2003-05-06,expected_rate_path_shift,2003-04-01,-23,0.0270233117043972
2003-05-06,expected_rate_path_shift,2003-04-02,-22,0.03281158208847046
2003-05-06,expected_rate_path_shift,2003-04-03,-21,0.031091544777154922
2003-05-06,expected_rate_path_shift,2003-04-04,-20,0.029982183128595352
2003-05-06,expected_rate_path_shift,2003-04-07,-19,0.029675833880901337
2003-05-06,expected_rate_path_shift,2003-04-08,-18,0.032062847167253494
2003-05-06,expected_rate_path_shift,2003-04-09,-17,0.03439520299434662
2003-05-06,expected_rate_path_shift,2003-04-10,-16,0.03472751006484032
2003-05-06,expected_rate_path_shift,2003-04-11,-15,0.036252137273550034
2003-05-06,expected_rate_path_shift,2003-04-14,-14,0.03690327703952789
2003-05-06,expected_rate_path_shift,2003-04-15,-13,0.03195483610033989
2003-05-06,expected_rate_path_shift,2003-04-16,-12,0.030949104577302933
2003-05-06,expected_rate_path_shift,2003-04-17,-11,0.033743441104888916
2003-05-06,expected_rate_path_shift,2003-04-21,-10,0.03229781985282898
2003-05-06,expected_rate_path_shift,2003-04-22,-9,0.024521904066205025
2003-05-06,expected_rate_path_shift,2003-04-23,-8,0.026215583086013794
2003-05-06,expected_rate_path_shift,2003-04-24,-7,0.0255360659211874
2003-05-06,expected_rate_path_shift,2003-04-25,-6,0.027610663324594498
2003-05-06,expected_rate_path_shift,2003-04-28,-5,0.02738805115222931
2003-05-06,expected_rate_path_shift,2003-04-29,-4,0.031389135867357254
2003-05-06,expected_rate_path_shift,2003-04-30,-3,0.029850568622350693
2003-05-06,expected_rate_path_shift,2003-05-01,-2,0.03726980462670326
2003-05-06,expected_rate_path_shift,2003-05-02,-1,0.04297025501728058
2003-05-06,expected_rate_path_shift,2003-05-05,0,0.05101846903562546
2003-05-06,inflation_assessment_shift,2003-03-19,-32,0.03038463182747364
2003-05-06,inflation_assessment_shift,2003-03-20,-31,0.024042658507823944
2003-05-06,inflation_assessment_shift,2003-03-21,-30,0.023812657222151756
2003-05-06,inflation_assessment_shift,2003-03-24,-29,0.023083873093128204
2003-05-06,inflation_assessment_shift,2003-03-25,-28,0.028947893530130386
2003-05-06,inflation_assessment_shift,2003-03-26,-27,0.02362874522805214
2003-05-06,inflation_assessment_shift,2003-03-27,-26,0.023652127012610435
2003-05-06,inflation_assessment_shift,2003-03-28,-25,0.022952992469072342
2003-05-06,inflation_assessment_shift,2003-03-31,-24,0.022549737244844437
2003-05-06,inflation_assessment_shift,2003-04-01,-23,0.02644304558634758
2003-05-06,inflation_assessment_shift,2003-04-02,-22,0.03222310543060303
2003-05-06,inflation_assessment_shift,2003-04-03,-21,0.030325938016176224
2003-05-06,inflation_assessment_shift,2003-04-04,-20,0.02937893383204937
2003-05-06,inflation_assessment_shift,2003-04-07,-19,0.029600191861391068
2003-05-06,inflation_assessment_shift,2003-04-08,-18,0.03196614608168602
2003-05-06,inflation_assessment_shift,2003-04-09,-17,0.03456738218665123
2003-05-06,inflation_assessment_shift,2003-04-10,-16,0.03515291213989258
2003-05-06,inflation_assessment_shift,2003-04-11,-15,0.03654627874493599
2003-05-06,inflation_assessment_shift,2003-04-14,-14,0.03775056451559067
2003-05-06,inflation_assessment_shift,2003-04-15,-13,0.032432492822408676
2003-05-06,inflation_assessment_shift,2003-04-16,-12,0.03125573322176933
2003-05-06,inflation_assessment_shift,2003-04-17,-11,0.03469471260905266
2003-05-06,inflation_assessment_shift,2003-04-21,-10,0.033118024468421936
2003-05-06,inflation_assessment_shift,2003-04-22,-9,0.024666596204042435
2003-05-06,inflation_assessment_shift,2003-04-23,-8,0.026205044239759445
2003-05-06,inflation_assessment_shift,2003-04-24,-7,0.0255489032715559
2003-05-06,inflation_assessment_shift,2003-04-25,-6,0.027386849746108055
2003-05-06,inflation_assessment_shift,2003-04-28,-5,0.02691585198044777
2003-05-06,inflation_assessment_shift,2003-04-29,-4,0.031094221398234367
2003-05-06,inflation_assessment_shift,2003-04-30,-3,0.029489286243915558
2003-05-06,inflation_assessment_shift,2003-05-01,-2,0.036445677280426025
2003-05-06,inflation_assessment_shift,2003-05-02,-1,0.04250257834792137
2003-05-06,inflation_assessment_shift,2003-05-05,0,0.05123414844274521
2003-05-06,inflation_risk_shift,2003-03-19,-32,0.029111620038747787
2003-05-06,inflation_risk_shift,2003-03-20,-31,0.023695440962910652
2003-05-06,inflation_risk_shift,2003-03-21,-30,0.02330169267952442
2003-05-06,inflation_risk_shift,2003-03-24,-29,0.022974051535129547
2003-05-06,inflation_risk_shift,2003-03-25,-28,0.028821289539337158
2003-05-06,inflation_risk_shift,2003-03-26,-27,0.02437395602464676
2003-05-06,inflation_risk_shift,2003-03-27,-26,0.02428348734974861
2003-05-06,inflation_risk_shift,2003-03-28,-25,0.023707330226898193
2003-05-06,inflation_risk_shift,2003-03-31,-24,0.02337312139570713
2003-05-06,inflation_risk_shift,2003-04-01,-23,0.026952452957630157
2003-05-06,inflation_risk_shift,2003-04-02,-22,0.03325130045413971
2003-05-06,inflation_risk_shift,2003-04-03,-21,0.030766978859901428
2003-05-06,inflation_risk_shift,2003-04-04,-20,0.029340576380491257
2003-05-06,inflation_risk_shift,2003-04-07,-19,0.029569335281848907
2003-05-06,inflation_risk_shift,2003-04-08,-18,0.03229443356394768
2003-05-06,inflation_risk_shift,2003-04-09,-17,0.034583453088998795
2003-05-06,inflation_risk_shift,2003-04-10,-16,0.034482307732105255
2003-05-06,inflation_risk_shift,2003-04-11,-15,0.03577869012951851
2003-05-06,inflation_risk_shift,2003-04-14,-14,0.0367235504090786
2003-05-06,inflation_risk_shift,2003-04-15,-13,0.03194832429289818
2003-05-06,inflation_risk_shift,2003-04-16,-12,0.030097337439656258
2003-05-06,inflation_risk_shift,2003-04-17,-11,0.032863177359104156
2003-05-06,inflation_risk_shift,2003-04-21,-10,0.03156961500644684
2003-05-06,inflation_risk_shift,2003-04-22,-9,0.024176372215151787
2003-05-06,inflation_risk_shift,2003-04-23,-8,0.026082418859004974
2003-05-06,inflation_risk_shift,2003-04-24,-7,0.02557304874062538
2003-05-06,inflation_risk_shift,2003-04-25,-6,0.027703948318958282
2003-05-06,inflation_risk_shift,2003-04-28,-5,0.02764904871582985
2003-05-06,inflation_risk_shift,2003-04-29,-4,0.03179023414850235
2003-05-06,inflation_risk_shift,2003-04-30,-3,0.02992779016494751
2003-05-06,inflation_risk_shift,2003-05-01,-2,0.037495944648981094
2003-05-06,inflation_risk_shift,2003-05-02,-1,0.04403777793049812
2003-05-06,inflation_risk_shift,2003-05-05,0,0.05169985443353653
2003-05-06,unemployment_assessment_shift,2003-03-19,-32,0.029398100450634956
2003-05-06,unemployment_assessment_shift,2003-03-20,-31,0.0232436191290617
2003-05-06,unemployment_assessment_shift,2003-03-21,-30,0.022862032055854797
2003-05-06,unemployment_assessment_shift,2003-03-24,-29,0.02261754497885704
2003-05-06,unemployment_assessment_shift,2003-03-25,-28,0.028738293796777725
2003-05-06,unemployment_assessment_shift,2003-03-26,-27,0.024249045178294182
2003-05-06,unemployment_assessment_shift,2003-03-27,-26,0.02400168403983116
2003-05-06,unemployment_assessment_shift,2003-03-28,-25,0.023659996688365936
2003-05-06,unemployment_assessment_shift,2003-03-31,-24,0.023452745750546455
2003-05-06,unemployment_assessment_shift,2003-04-01,-23,0.026966264471411705
2003-05-06,unemployment_assessment_shift,2003-04-02,-22,0.03332661837339401
2003-05-06,unemployment_assessment_shift,2003-04-03,-21,0.0307356845587492
2003-05-06,unemployment_assessment_shift,2003-04-04,-20,0.029421012848615646
2003-05-06,unemployment_assessment_shift,2003-04-07,-19,0.029199732467532158
2003-05-06,unemployment_assessment_shift,2003-04-08,-18,0.03161759674549103
2003-05-06,unemployment_assessment_shift,2003-04-09,-17,0.03491984307765961
2003-05-06,unemployment_assessment_shift,2003-04-10,-16,0.0348513126373291
2003-05-06,unemployment_assessment_shift,2003-04-11,-15,0.035720039159059525
2003-05-06,unemployment_assessment_shift,2003-04-14,-14,0.03689571097493172
2003-05-06,unemployment_assessment_shift,2003-04-15,-13,0.03196623921394348
2003-05-06,unemployment_assessment_shift,2003-04-16,-12,0.030633578076958656
2003-05-06,unemployment_assessment_shift,2003-04-17,-11,0.03305043280124664
2003-05-06,unemployment_assessment_shift,2003-04-21,-10,0.0317256785929203
2003-05-06,unemployment_assessment_shift,2003-04-22,-9,0.024382334202528
2003-05-06,unemployment_assessment_shift,2003-04-23,-8,0.0261780247092247
2003-05-06,unemployment_assessment_shift,2003-04-24,-7,0.025700965896248817
2003-05-06,unemployment_assessment_shift,2003-04-25,-6,0.02811489999294281
2003-05-06,unemployment_assessment_shift,2003-04-28,-5,0.027638893574476242
2003-05-06,unemployment_assessment_shift,2003-04-29,-4,0.03175923228263855
2003-05-06,unemployment_assessment_shift,2003-04-30,-3,0.030128568410873413
2003-05-06,unemployment_assessment_shift,2003-05-01,-2,0.03772629052400589
2003-05-06,unemployment_assessment_shift,2003-05-02,-1,0.043424226343631744
2003-05-06,unemployment_assessment_shift,2003-05-05,0,0.05169370770454407
2003-05-06,labor_market_risk_shift,2003-03-19,-32,0.029899735003709793
2003-05-06,labor_market_risk_shift,2003-03-20,-31,0.023674380034208298
2003-05-06,labor_market_risk_shift,2003-03-21,-30,0.02295871451497078
2003-05-06,labor_market_risk_shift,2003-03-24,-29,0.022860806435346603
2003-05-06,labor_market_risk_shift,2003-03-25,-28,0.028881579637527466
2003-05-06,labor_market_risk_shift,2003-03-26,-27,0.02430904284119606
2003-05-06,labor_market_risk_shift,2003-03-27,-26,0.023874137550592422
2003-05-06,labor_market_risk_shift,2003-03-28,-25,0.023534856736660004
2003-05-06,labor_market_risk_shift,2003-03-31,-24,0.02329985424876213
2003-05-06,labor_market_risk_shift,2003-04-01,-23,0.027173250913619995
2003-05-06,labor_market_risk_shift,2003-04-02,-22,0.03321980684995651
2003-05-06,labor_market_risk_shift,2003-04-03,-21,0.03080897033214569
2003-05-06,labor_market_risk_shift,2003-04-04,-20,0.029960384592413902
2003-05-06,labor_market_risk_shift,2003-04-07,-19,0.029360981658101082
2003-05-06,labor_market_risk_shift,2003-04-08,-18,0.03186940401792526
2003-05-06,labor_market_risk_shift,2003-04-09,-17,0.03528042510151863
2003-05-06,labor_market_risk_shift,2003-04-10,-16,0.035145483911037445
2003-05-06,labor_market_risk_shift,2003-04-11,-15,0.035985067486763
2003-05-06,labor_market_risk_shift,2003-04-14,-14,0.036596886813640594
2003-05-06,labor_market_risk_shift,2003-04-15,-13,0.03197552263736725
2003-05-06,labor_market_risk_shift,2003-04-16,-12,0.030794722959399223
2003-05-06,labor_market_risk_shift,2003-04-17,-11,0.033005066215991974
2003-05-06,labor_market_risk_shift,2003-04-21,-10,0.03149603307247162
2003-05-06,labor_market_risk_shift,2003-04-22,-9,0.02432437613606453
2003-05-06,labor_market_risk_shift,2003-04-23,-8,0.025983445346355438
2003-05-06,labor_market_risk_shift,2003-04-24,-7,0.025531785562634468
2003-05-06,labor_market_risk_shift,2003-04-25,-6,0.02798549272119999
2003-05-06,labor_market_risk_shift,2003-04-28,-5,0.027621092274785042
2003-05-06,labor_market_risk_shift,2003-04-29,-4,0.03141048178076744
2003-05-06,labor_market_risk_shift,2003-04-30,-3,0.03004164807498455
2003-05-06,labor_market_risk_shift,2003-05-01,-2,0.03746167570352554
2003-05-06,labor_market_risk_shift,2003-05-02,-1,0.042938753962516785
2003-05-06,labor_market_risk_shift,2003-05-05,0,0.05073614418506622
2003-05-06,growth_activity_shift,2003-03-19,-32,0.030900463461875916
2003-05-06,growth_activity_shift,2003-03-20,-31,0.025223609060049057
2003-05-06,growth_activity_shift,2003-03-21,-30,0.02568027377128601
2003-05-06,growth_activity_shift,2003-03-24,-29,0.023936960846185684
2003-05-06,growth_activity_shift,2003-03-25,-28,0.028820421546697617
2003-05-06,growth_activity_shift,2003-03-26,-27,0.023578166961669922
2003-05-06,growth_activity_shift,2003-03-27,-26,0.02414369024336338
2003-05-06,growth_activity_shift,2003-03-28,-25,0.022921007126569748
2003-05-06,growth_activity_shift,2003-03-31,-24,0.02243025042116642
2003-05-06,growth_activity_shift,2003-04-01,-23,0.026046354323625565
2003-05-06,growth_activity_shift,2003-04-02,-22,0.03134365379810333
2003-05-06,growth_activity_shift,2003-04-03,-21,0.03053515963256359
2003-05-06,growth_activity_shift,2003-04-04,-20,0.02879495732486248
2003-05-06,growth_activity_shift,2003-04-07,-19,0.03031158447265625
2003-05-06,growth_activity_shift,2003-04-08,-18,0.033644869923591614
2003-05-06,growth_activity_shift,2003-04-09,-17,0.03342152759432793
2003-05-06,growth_activity_shift,2003-04-10,-16,0.03454415500164032
2003-05-06,growth_activity_shift,2003-04-11,-15,0.036854926496744156
2003-05-06,growth_activity_shift,2003-04-14,-14,0.03790046274662018
2003-05-06,growth_activity_shift,2003-04-15,-13,0.03311227634549141
2003-05-06,growth_activity_shift,2003-04-16,-12,0.03129225969314575
2003-05-06,growth_activity_shift,2003-04-17,-11,0.03577805310487747
2003-05-06,growth_activity_shift,2003-04-21,-10,0.035095591098070145
2003-05-06,growth_activity_shift,2003-04-22,-9,0.02517831139266491
2003-05-06,growth_activity_shift,2003-04-23,-8,0.02644963189959526
2003-05-06,growth_activity_shift,2003-04-24,-7,0.02520473301410675
2003-05-06,growth_activity_shift,2003-04-25,-6,0.025651982054114342
2003-05-06,growth_activity_shift,2003-04-28,-5,0.025752661749720573
2003-05-06,growth_activity_shift,2003-04-29,-4,0.030775070190429688
2003-05-06,growth_activity_shift,2003-04-30,-3,0.028393685817718506
2003-05-06,growth_activity_shift,2003-05-01,-2,0.0337640717625618
2003-05-06,growth_activity_shift,2003-05-02,-1,0.04177018627524376
2003-05-06,growth_activity_shift,2003-05-05,0,0.05074899271130562
2003-05-06,financial_conditions_shift,2003-03-19,-32,0.029592929407954216
2003-05-06,financial_conditions_shift,2003-03-20,-31,0.023451026529073715
2003-05-06,financial_conditions_shift,2003-03-21,-30,0.02297498844563961
2003-05-06,financial_conditions_shift,2003-03-24,-29,0.022612925618886948
2003-05-06,financial_conditions_shift,2003-03-25,-28,0.02868879958987236
2003-05-06,financial_conditions_shift,2003-03-26,-27,0.024199116975069046
2003-05-06,financial_conditions_shift,2003-03-27,-26,0.02400212362408638
2003-05-06,financial_conditions_shift,2003-03-28,-25,0.02361978031694889
2003-05-06,financial_conditions_shift,2003-03-31,-24,0.023412935435771942
2003-05-06,financial_conditions_shift,2003-04-01,-23,0.02712087333202362
2003-05-06,financial_conditions_shift,2003-04-02,-22,0.03348034992814064
2003-05-06,financial_conditions_shift,2003-04-03,-21,0.030787425115704536
2003-05-06,financial_conditions_shift,2003-04-04,-20,0.02958669513463974
2003-05-06,financial_conditions_shift,2003-04-07,-19,0.02922850102186203
2003-05-06,financial_conditions_shift,2003-04-08,-18,0.03184770420193672
2003-05-06,financial_conditions_shift,2003-04-09,-17,0.03497205302119255
2003-05-06,financial_conditions_shift,2003-04-10,-16,0.03472161293029785
2003-05-06,financial_conditions_shift,2003-04-11,-15,0.035810522735118866
2003-05-06,financial_conditions_shift,2003-04-14,-14,0.03657456487417221
2003-05-06,financial_conditions_shift,2003-04-15,-13,0.03183209151029587
2003-05-06,financial_conditions_shift,2003-04-16,-12,0.0305428896099329
2003-05-06,financial_conditions_shift,2003-04-17,-11,0.03322605788707733
2003-05-06,financial_conditions_shift,2003-04-21,-10,0.03180265426635742
2003-05-06,financial_conditions_shift,2003-04-22,-9,0.02429278939962387
2003-05-06,financial_conditions_shift,2003-04-23,-8,0.026083434000611305
2003-05-06,financial_conditions_shift,2003-04-24,-7,0.025623630732297897
2003-05-06,financial_conditions_shift,2003-04-25,-6,0.027964971959590912
2003-05-06,financial_conditions_shift,2003-04-28,-5,0.02747689187526703
2003-05-06,financial_conditions_shift,2003-04-29,-4,0.031789831817150116
2003-05-06,financial_conditions_shift,2003-04-30,-3,0.030087726190686226
2003-05-06,financial_conditions_shift,2003-05-01,-2,0.03768760710954666
2003-05-06,financial_conditions_shift,2003-05-02,-1,0.04341340810060501
2003-05-06,financial_conditions_shift,2003-05-05,0,0.05149112641811371
2003-05-06,risk_balance_shift,2003-03-19,-32,0.03067011572420597
2003-05-06,risk_balance_shift,2003-03-20,-31,0.024092938750982285
2003-05-06,risk_balance_shift,2003-03-21,-30,0.023351512849330902
2003-05-06,risk_balance_shift,2003-03-24,-29,0.023124011233448982
2003-05-06,risk_balance_shift,2003-03-25,-28,0.028784584254026413
2003-05-06,risk_balance_shift,2003-03-26,-27,0.023861663416028023
2003-05-06,risk_balance_shift,2003-03-27,-26,0.023535557091236115
2003-05-06,risk_balance_shift,2003-03-28,-25,0.022884443402290344
2003-05-06,risk_balance_shift,2003-03-31,-24,0.02261471003293991
2003-05-06,risk_balance_shift,2003-04-01,-23,0.026476452127099037
2003-05-06,risk_balance_shift,2003-04-02,-22,0.032486315816640854
2003-05-06,risk_balance_shift,2003-04-03,-21,0.030549881979823112
2003-05-06,risk_balance_shift,2003-04-04,-20,0.02958112210035324
2003-05-06,risk_balance_shift,2003-04-07,-19,0.02935340628027916
2003-05-06,risk_balance_shift,2003-04-08,-18,0.032033346593379974
2003-05-06,risk_balance_shift,2003-04-09,-17,0.03479008749127388
2003-05-06,risk_balance_shift,2003-04-10,-16,0.03510885313153267
2003-05-06,risk_balance_shift,2003-04-11,-15,0.03651607409119606
2003-05-06,risk_balance_shift,2003-04-14,-14,0.037208762019872665
2003-05-06,risk_balance_shift,2003-04-15,-13,0.03236017003655434
2003-05-06,risk_balance_shift,2003-04-16,-12,0.03141240030527115
2003-05-06,risk_balance_shift,2003-04-17,-11,0.03401049226522446
2003-05-06,risk_balance_shift,2003-04-21,-10,0.032819755375385284
2003-05-06,risk_balance_shift,2003-04-22,-9,0.024706367403268814
2003-05-06,risk_balance_shift,2003-04-23,-8,0.025991834700107574
2003-05-06,risk_balance_shift,2003-04-24,-7,0.025415413081645966
2003-05-06,risk_balance_shift,2003-04-25,-6,0.027387112379074097
2003-05-06,risk_balance_shift,2003-04-28,-5,0.026989078149199486
2003-05-06,risk_balance_shift,2003-04-29,-4,0.030855702236294746
2003-05-06,risk_balance_shift,2003-04-30,-3,0.029617832973599434
2003-05-06,risk_balance_shift,2003-05-01,-2,0.03687252476811409
2003-05-06,risk_balance_shift,2003-05-02,-1,0.04273071140050888
2003-05-06,risk_balance_shift,2003-05-05,0,0.05180675536394119
2003-05-06,committee_dispersion,2003-03-19,-32,0.029371950775384903
2003-05-06,committee_dispersion,2003-03-20,-31,0.025306308642029762
2003-05-06,committee_dispersion,2003-03-21,-30,0.026273712515830994
2003-05-06,committee_dispersion,2003-03-24,-29,0.023629235103726387
2003-05-06,committee_dispersion,2003-03-25,-28,0.028660021722316742
2003-05-06,committee_dispersion,2003-03-26,-27,0.024046942591667175
2003-05-06,committee_dispersion,2003-03-27,-26,0.025444211438298225
2003-05-06,committee_dispersion,2003-03-28,-25,0.023793118074536324
2003-05-06,committee_dispersion,2003-03-31,-24,0.023120185360312462
2003-05-06,committee_dispersion,2003-04-01,-23,0.02639426477253437
2003-05-06,committee_dispersion,2003-04-02,-22,0.03026611916720867
2003-05-06,committee_dispersion,2003-04-03,-21,0.030719203874468803
2003-05-06,committee_dispersion,2003-04-04,-20,0.028961602598428726
2003-05-06,committee_dispersion,2003-04-07,-19,0.030703598633408546
2003-05-06,committee_dispersion,2003-04-08,-18,0.03303628787398338
2003-05-06,committee_dispersion,2003-04-09,-17,0.03176213055849075
2003-05-06,committee_dispersion,2003-04-10,-16,0.03418050706386566
2003-05-06,committee_dispersion,2003-04-11,-15,0.036386940628290176
2003-05-06,committee_dispersion,2003-04-14,-14,0.03796067088842392
2003-05-06,committee_dispersion,2003-04-15,-13,0.032553791999816895
2003-05-06,committee_dispersion,2003-04-16,-12,0.030917972326278687
2003-05-06,committee_dispersion,2003-04-17,-11,0.035914644598960876
2003-05-06,committee_dispersion,2003-04-21,-10,0.03571505844593048
2003-05-06,committee_dispersion,2003-04-22,-9,0.02607722207903862
2003-05-06,committee_dispersion,2003-04-23,-8,0.02750585414469242
2003-05-06,committee_dispersion,2003-04-24,-7,0.025685887783765793
2003-05-06,committee_dispersion,2003-04-25,-6,0.026196392253041267
2003-05-06,committee_dispersion,2003-04-28,-5,0.02648801915347576
2003-05-06,committee_dispersion,2003-04-29,-4,0.03145492076873779
2003-05-06,committee_dispersion,2003-04-30,-3,0.028839632868766785
2003-05-06,committee_dispersion,2003-05-01,-2,0.033589690923690796
2003-05-06,committee_dispersion,2003-05-02,-1,0.04138827323913574
2003-05-06,committee_dispersion,2003-05-05,0,0.04765555262565613
2003-05-06,policy_uncertainty,2003-03-19,-32,0.03000164031982422
2003-05-06,policy_uncertainty,2003-03-20,-31,0.02408832684159279
2003-05-06,policy_uncertainty,2003-03-21,-30,0.02378132939338684
2003-05-06,policy_uncertainty,2003-03-24,-29,0.0229644738137722
2003-05-06,policy_uncertainty,2003-03-25,-28,0.028454791754484177
2003-05-06,policy_uncertainty,2003-03-26,-27,0.02403878979384899
2003-05-06,policy_uncertainty,2003-03-27,-26,0.024130314588546753
2003-05-06,policy_uncertainty,2003-03-28,-25,0.0233474038541317
2003-05-06,policy_uncertainty,2003-03-31,-24,0.022811219096183777
2003-05-06,policy_uncertainty,2003-04-01,-23,0.026391610503196716
2003-05-06,policy_uncertainty,2003-04-02,-22,0.032450348138809204
2003-05-06,policy_uncertainty,2003-04-03,-21,0.030259830877184868
2003-05-06,policy_uncertainty,2003-04-04,-20,0.029164552688598633
2003-05-06,policy_uncertainty,2003-04-07,-19,0.03048502467572689
2003-05-06,policy_uncertainty,2003-04-08,-18,0.032843366265296936
2003-05-06,policy_uncertainty,2003-04-09,-17,0.034485526382923126
2003-05-06,policy_uncertainty,2003-04-10,-16,0.035270947962999344
2003-05-06,policy_uncertainty,2003-04-11,-15,0.03670860081911087
2003-05-06,policy_uncertainty,2003-04-14,-14,0.038007959723472595
2003-05-06,policy_uncertainty,2003-04-15,-13,0.032887883484363556
2003-05-06,policy_uncertainty,2003-04-16,-12,0.031453073024749756
2003-05-06,policy_uncertainty,2003-04-17,-11,0.03449225798249245
2003-05-06,policy_uncertainty,2003-04-21,-10,0.03297211974859238
2003-05-06,policy_uncertainty,2003-04-22,-9,0.024144085124135017
2003-05-06,policy_uncertainty,2003-04-23,-8,0.026098724454641342
2003-05-06,policy_uncertainty,2003-04-24,-7,0.025248341262340546
2003-05-06,policy_uncertainty,2003-04-25,-6,0.02664201520383358
2003-05-06,policy_uncertainty,2003-04-28,-5,0.026802053675055504
2003-05-06,policy_uncertainty,2003-04-29,-4,0.031351298093795776
2003-05-06,policy_uncertainty,2003-04-30,-3,0.02901679463684559
2003-05-06,policy_uncertainty,2003-05-01,-2,0.03561542183160782
2003-05-06,policy_uncertainty,2003-05-02,-1,0.04267130047082901
2003-05-06,policy_uncertainty,2003-05-05,0,0.050918567925691605
2003-05-06,forward_guidance_strength,2003-03-19,-32,0.03200899809598923
2003-05-06,forward_guidance_strength,2003-03-20,-31,0.02969490736722946
2003-05-06,forward_guidance_strength,2003-03-21,-30,0.03225408121943474
2003-05-06,forward_guidance_strength,2003-03-24,-29,0.028157226741313934
2003-05-06,forward_guidance_strength,2003-03-25,-28,0.02804664522409439
2003-05-06,forward_guidance_strength,2003-03-26,-27,0.024838902056217194
2003-05-06,forward_guidance_strength,2003-03-27,-26,0.02674645557999611
2003-05-06,forward_guidance_strength,2003-03-28,-25,0.024528944864869118
2003-05-06,forward_guidance_strength,2003-03-31,-24,0.024207983165979385
2003-05-06,forward_guidance_strength,2003-04-01,-23,0.02713269554078579
2003-05-06,forward_guidance_strength,2003-04-02,-22,0.027115758508443832
2003-05-06,forward_guidance_strength,2003-04-03,-21,0.03244198486208916
2003-05-06,forward_guidance_strength,2003-04-04,-20,0.02884635329246521
2003-05-06,forward_guidance_strength,2003-04-07,-19,0.0313282273709774
2003-05-06,forward_guidance_strength,2003-04-08,-18,0.035969704389572144
2003-05-06,forward_guidance_strength,2003-04-09,-17,0.02909736894071102
2003-05-06,forward_guidance_strength,2003-04-10,-16,0.030985811725258827
2003-05-06,forward_guidance_strength,2003-04-11,-15,0.035571709275245667
2003-05-06,forward_guidance_strength,2003-04-14,-14,0.035893332213163376
2003-05-06,forward_guidance_strength,2003-04-15,-13,0.0336492657661438
2003-05-06,forward_guidance_strength,2003-04-16,-12,0.03122059255838394
2003-05-06,forward_guidance_strength,2003-04-17,-11,0.035541146993637085
2003-05-06,forward_guidance_strength,2003-04-21,-10,0.03669938072562218
2003-05-06,forward_guidance_strength,2003-04-22,-9,0.028598986566066742
2003-05-06,forward_guidance_strength,2003-04-23,-8,0.028867259621620178
2003-05-06,forward_guidance_strength,2003-04-24,-7,0.027222201228141785
2003-05-06,forward_guidance_strength,2003-04-25,-6,0.025150230154395103
2003-05-06,forward_guidance_strength,2003-04-28,-5,0.025881564244627953
2003-05-06,forward_guidance_strength,2003-04-29,-4,0.029491465538740158
2003-05-06,forward_guidance_strength,2003-04-30,-3,0.028944283723831177
2003-05-06,forward_guidance_strength,2003-05-01,-2,0.028252501040697098
2003-05-06,forward_guidance_strength,2003-05-02,-1,0.03485991060733795
2003-05-06,forward_guidance_strength,2003-05-05,0,0.04075409844517708
2003-06-25,rate_decision,2003-05-07,-33,0.02184630185365677
2003-06-25,rate_decision,2003-05-08,-32,0.020927079021930695
2003-06-25,rate_decision,2003-05-09,-31,0.020060129463672638
2003-06-25,rate_decision,2003-05-12,-30,0.022002657875418663
2003-06-25,rate_decision,2003-05-13,-29,0.021888675168156624
2003-06-25,rate_decision,2003-05-14,-28,0.024609023705124855
2003-06-25,rate_decision,2003-05-15,-27,0.02461724728345871
2003-06-25,rate_decision,2003-05-16,-26,0.02589162066578865
2003-06-25,rate_decision,2003-05-19,-25,0.025355450809001923
2003-06-25,rate_decision,2003-05-20,-24,0.02493748627603054
2003-06-25,rate_decision,2003-05-21,-23,0.02496735006570816
2003-06-25,rate_decision,2003-05-22,-22,0.025541722774505615
2003-06-25,rate_decision,2003-05-23,-21,0.031212326139211655
2003-06-25,rate_decision,2003-05-27,-20,0.030797898769378662
2003-06-25,rate_decision,2003-05-28,-19,0.034849029034376144
2003-06-25,rate_decision,2003-05-29,-18,0.03616451472043991
2003-06-25,rate_decision,2003-05-30,-17,0.03642931953072548
2003-06-25,rate_decision,2003-06-02,-16,0.03072996810078621
2003-06-25,rate_decision,2003-06-03,-15,0.03838825970888138
2003-06-25,rate_decision,2003-06-04,-14,0.03477385640144348
2003-06-25,rate_decision,2003-06-05,-13,0.02773689106106758
2003-06-25,rate_decision,2003-06-06,-12,0.02891755849123001
2003-06-25,rate_decision,2003-06-09,-11,0.02828151360154152
2003-06-25,rate_decision,2003-06-10,-10,0.030612915754318237
2003-06-25,rate_decision,2003-06-11,-9,0.029257191345095634
2003-06-25,rate_decision,2003-06-12,-8,0.03256172314286232
2003-06-25,rate_decision,2003-06-13,-7,0.03621174767613411
2003-06-25,rate_decision,2003-06-16,-6,0.03586440905928612
2003-06-25,rate_decision,2003-06-17,-5,0.0391416996717453
2003-06-25,rate_decision,2003-06-18,-4,0.03441545367240906
2003-06-25,rate_decision,2003-06-19,-3,0.033595357090234756
2003-06-25,rate_decision,2003-06-20,-2,0.030270064249634743
2003-06-25,rate_decision,2003-06-23,-1,0.029740530997514725
2003-06-25,rate_decision,2003-06-24,0,0.027403026819229126
2003-06-25,current_policy_stance,2003-05-07,-33,0.019283510744571686
2003-06-25,current_policy_stance,2003-05-08,-32,0.022238746285438538
2003-06-25,current_policy_stance,2003-05-09,-31,0.020693005993962288
2003-06-25,current_policy_stance,2003-05-12,-30,0.022823091596364975
2003-06-25,current_policy_stance,2003-05-13,-29,0.020569249987602234
2003-06-25,current_policy_stance,2003-05-14,-28,0.02020467445254326
2003-06-25,current_policy_stance,2003-05-15,-27,0.021595293655991554
2003-06-25,current_policy_stance,2003-05-16,-26,0.021688545122742653
2003-06-25,current_policy_stance,2003-05-19,-25,0.02246398851275444
2003-06-25,current_policy_stance,2003-05-20,-24,0.02180369570851326
2003-06-25,current_policy_stance,2003-05-21,-23,0.02542668767273426
2003-06-25,current_policy_stance,2003-05-22,-22,0.026449553668498993
2003-06-25,current_policy_stance,2003-05-23,-21,0.0331328883767128
2003-06-25,current_policy_stance,2003-05-27,-20,0.03195507824420929
2003-06-25,current_policy_stance,2003-05-28,-19,0.036039337515830994
2003-06-25,current_policy_stance,2003-05-29,-18,0.03169727325439453
2003-06-25,current_policy_stance,2003-05-30,-17,0.0364239439368248
2003-06-25,current_policy_stance,2003-06-02,-16,0.0344320610165596
2003-06-25,current_policy_stance,2003-06-03,-15,0.03665747493505478
2003-06-25,current_policy_stance,2003-06-04,-14,0.04478830471634865
2003-06-25,current_policy_stance,2003-06-05,-13,0.03201528266072273
2003-06-25,current_policy_stance,2003-06-06,-12,0.032917194068431854
2003-06-25,current_policy_stance,2003-06-09,-11,0.025074221193790436
2003-06-25,current_policy_stance,2003-06-10,-10,0.025170693174004555
2003-06-25,current_policy_stance,2003-06-11,-9,0.02985074743628502
2003-06-25,current_policy_stance,2003-06-12,-8,0.03219451755285263
2003-06-25,current_policy_stance,2003-06-13,-7,0.032466910779476166
2003-06-25,current_policy_stance,2003-06-16,-6,0.03498963639140129
2003-06-25,current_policy_stance,2003-06-17,-5,0.03751922398805618
2003-06-25,current_policy_stance,2003-06-18,-4,0.03170996159315109
2003-06-25,current_policy_stance,2003-06-19,-3,0.02906014211475849
2003-06-25,current_policy_stance,2003-06-20,-2,0.03213861584663391
2003-06-25,current_policy_stance,2003-06-23,-1,0.031244870275259018
2003-06-25,current_policy_stance,2003-06-24,0,0.04328157752752304
2003-06-25,policy_stance_shift,2003-05-07,-33,0.018875904381275177
2003-06-25,policy_stance_shift,2003-05-08,-32,0.022200336679816246
2003-06-25,policy_stance_shift,2003-05-09,-31,0.020534327253699303
2003-06-25,policy_stance_shift,2003-05-12,-30,0.022988133132457733
2003-06-25,policy_stance_shift,2003-05-13,-29,0.02055867202579975
2003-06-25,policy_stance_shift,2003-05-14,-28,0.020362962037324905
2003-06-25,policy_stance_shift,2003-05-15,-27,0.02170458994805813
2003-06-25,policy_stance_shift,2003-05-16,-26,0.021746154874563217
2003-06-25,policy_stance_shift,2003-05-19,-25,0.022479619830846786
2003-06-25,policy_stance_shift,2003-05-20,-24,0.021895773708820343
2003-06-25,policy_stance_shift,2003-05-21,-23,0.02537665143609047
2003-06-25,policy_stance_shift,2003-05-22,-22,0.02652539312839508
2003-06-25,policy_stance_shift,2003-05-23,-21,0.0331055112183094
2003-06-25,policy_stance_shift,2003-05-27,-20,0.03197059407830238
2003-06-25,policy_stance_shift,2003-05-28,-19,0.036190249025821686
2003-06-25,policy_stance_shift,2003-05-29,-18,0.03147495537996292
2003-06-25,policy_stance_shift,2003-05-30,-17,0.03659803047776222
2003-06-25,policy_stance_shift,2003-06-02,-16,0.03467957302927971
2003-06-25,policy_stance_shift,2003-06-03,-15,0.036932844668626785
2003-06-25,policy_stance_shift,2003-06-04,-14,0.0445077158510685
2003-06-25,policy_stance_shift,2003-06-05,-13,0.03190034627914429
2003-06-25,policy_stance_shift,2003-06-06,-12,0.0331999771296978
2003-06-25,policy_stance_shift,2003-06-09,-11,0.024999307468533516
2003-06-25,policy_stance_shift,2003-06-10,-10,0.025140032172203064
2003-06-25,policy_stance_shift,2003-06-11,-9,0.029967499896883965
2003-06-25,policy_stance_shift,2003-06-12,-8,0.0323648676276207
2003-06-25,policy_stance_shift,2003-06-13,-7,0.032682690769433975
2003-06-25,policy_stance_shift,2003-06-16,-6,0.03471092879772186
2003-06-25,policy_stance_shift,2003-06-17,-5,0.037306129932403564
2003-06-25,policy_stance_shift,2003-06-18,-4,0.031791191548109055
2003-06-25,policy_stance_shift,2003-06-19,-3,0.02891649678349495
2003-06-25,policy_stance_shift,2003-06-20,-2,0.032219093292951584
2003-06-25,policy_stance_shift,2003-06-23,-1,0.03128938376903534
2003-06-25,policy_stance_shift,2003-06-24,0,0.042804036289453506
2003-06-25,expected_rate_path_shift,2003-05-07,-33,0.018543794751167297
2003-06-25,expected_rate_path_shift,2003-05-08,-32,0.02167777717113495
2003-06-25,expected_rate_path_shift,2003-05-09,-31,0.020022381097078323
2003-06-25,expected_rate_path_shift,2003-05-12,-30,0.022413738071918488
2003-06-25,expected_rate_path_shift,2003-05-13,-29,0.020240962505340576
2003-06-25,expected_rate_path_shift,2003-05-14,-28,0.02018863707780838
2003-06-25,expected_rate_path_shift,2003-05-15,-27,0.021458759903907776
2003-06-25,expected_rate_path_shift,2003-05-16,-26,0.02167825773358345
2003-06-25,expected_rate_path_shift,2003-05-19,-25,0.022232867777347565
2003-06-25,expected_rate_path_shift,2003-05-20,-24,0.02172255888581276
2003-06-25,expected_rate_path_shift,2003-05-21,-23,0.025023117661476135
2003-06-25,expected_rate_path_shift,2003-05-22,-22,0.026222437620162964
2003-06-25,expected_rate_path_shift,2003-05-23,-21,0.033024851232767105
2003-06-25,expected_rate_path_shift,2003-05-27,-20,0.03227099031209946
2003-06-25,expected_rate_path_shift,2003-05-28,-19,0.0359882116317749
2003-06-25,expected_rate_path_shift,2003-05-29,-18,0.031985532492399216
2003-06-25,expected_rate_path_shift,2003-05-30,-17,0.036787137389183044
2003-06-25,expected_rate_path_shift,2003-06-02,-16,0.034713514149188995
2003-06-25,expected_rate_path_shift,2003-06-03,-15,0.0371415913105011
2003-06-25,expected_rate_path_shift,2003-06-04,-14,0.04502967745065689
2003-06-25,expected_rate_path_shift,2003-06-05,-13,0.03198099136352539
2003-06-25,expected_rate_path_shift,2003-06-06,-12,0.03287503123283386
2003-06-25,expected_rate_path_shift,2003-06-09,-11,0.025080863386392593
2003-06-25,expected_rate_path_shift,2003-06-10,-10,0.025287088006734848
2003-06-25,expected_rate_path_shift,2003-06-11,-9,0.029860813170671463
2003-06-25,expected_rate_path_shift,2003-06-12,-8,0.03238072246313095
2003-06-25,expected_rate_path_shift,2003-06-13,-7,0.03291716426610947
2003-06-25,expected_rate_path_shift,2003-06-16,-6,0.03528790548443794
2003-06-25,expected_rate_path_shift,2003-06-17,-5,0.03809252753853798
2003-06-25,expected_rate_path_shift,2003-06-18,-4,0.03219888359308243
2003-06-25,expected_rate_path_shift,2003-06-19,-3,0.029370030388236046
2003-06-25,expected_rate_path_shift,2003-06-20,-2,0.03194117173552513
2003-06-25,expected_rate_path_shift,2003-06-23,-1,0.03143569454550743
2003-06-25,expected_rate_path_shift,2003-06-24,0,0.04292430728673935
2003-06-25,inflation_assessment_shift,2003-05-07,-33,0.025547053664922714
2003-06-25,inflation_assessment_shift,2003-05-08,-32,0.026251614093780518
2003-06-25,inflation_assessment_shift,2003-05-09,-31,0.02673252485692501
2003-06-25,inflation_assessment_shift,2003-05-12,-30,0.0289379321038723
2003-06-25,inflation_assessment_shift,2003-05-13,-29,0.02905667945742607
2003-06-25,inflation_assessment_shift,2003-05-14,-28,0.033222246915102005
2003-06-25,inflation_assessment_shift,2003-05-15,-27,0.02882108837366104
2003-06-25,inflation_assessment_shift,2003-05-16,-26,0.03185541182756424
2003-06-25,inflation_assessment_shift,2003-05-19,-25,0.0291061382740736
2003-06-25,inflation_assessment_shift,2003-05-20,-24,0.030730707570910454
2003-06-25,inflation_assessment_shift,2003-05-21,-23,0.027307745069265366
2003-06-25,inflation_assessment_shift,2003-05-22,-22,0.029688555747270584
2003-06-25,inflation_assessment_shift,2003-05-23,-21,0.026665743440389633
2003-06-25,inflation_assessment_shift,2003-05-27,-20,0.029500331729650497
2003-06-25,inflation_assessment_shift,2003-05-28,-19,0.029331151396036148
2003-06-25,inflation_assessment_shift,2003-05-29,-18,0.029399149119853973
2003-06-25,inflation_assessment_shift,2003-05-30,-17,0.02680991217494011
2003-06-25,inflation_assessment_shift,2003-06-02,-16,0.029324395582079887
2003-06-25,inflation_assessment_shift,2003-06-03,-15,0.031289175152778625
2003-06-25,inflation_assessment_shift,2003-06-04,-14,0.023726817220449448
2003-06-25,inflation_assessment_shift,2003-06-05,-13,0.024892784655094147
2003-06-25,inflation_assessment_shift,2003-06-06,-12,0.028395310044288635
2003-06-25,inflation_assessment_shift,2003-06-09,-11,0.029417041689157486
2003-06-25,inflation_assessment_shift,2003-06-10,-10,0.02806338667869568
2003-06-25,inflation_assessment_shift,2003-06-11,-9,0.027003251016139984
2003-06-25,inflation_assessment_shift,2003-06-12,-8,0.029676292091608047
2003-06-25,inflation_assessment_shift,2003-06-13,-7,0.028850752860307693
2003-06-25,inflation_assessment_shift,2003-06-16,-6,0.026873189955949783
2003-06-25,inflation_assessment_shift,2003-06-17,-5,0.03125859797000885
2003-06-25,inflation_assessment_shift,2003-06-18,-4,0.034037671983242035
2003-06-25,inflation_assessment_shift,2003-06-19,-3,0.03561411798000336
2003-06-25,inflation_assessment_shift,2003-06-20,-2,0.033980950713157654
2003-06-25,inflation_assessment_shift,2003-06-23,-1,0.03926663100719452
2003-06-25,inflation_assessment_shift,2003-06-24,0,0.029365602880716324
2003-06-25,inflation_risk_shift,2003-05-07,-33,0.018611179664731026
2003-06-25,inflation_risk_shift,2003-05-08,-32,0.02189771458506584
2003-06-25,inflation_risk_shift,2003-05-09,-31,0.020622363314032555
2003-06-25,inflation_risk_shift,2003-05-12,-30,0.023933622986078262
2003-06-25,inflation_risk_shift,2003-05-13,-29,0.021845970302820206
2003-06-25,inflation_risk_shift,2003-05-14,-28,0.023046692833304405
2003-06-25,inflation_risk_shift,2003-05-15,-27,0.022430047392845154
2003-06-25,inflation_risk_shift,2003-05-16,-26,0.02398984134197235
2003-06-25,inflation_risk_shift,2003-05-19,-25,0.022965306416153908
2003-06-25,inflation_risk_shift,2003-05-20,-24,0.02360958606004715
2003-06-25,inflation_risk_shift,2003-05-21,-23,0.02460625022649765
2003-06-25,inflation_risk_shift,2003-05-22,-22,0.026862461119890213
2003-06-25,inflation_risk_shift,2003-05-23,-21,0.029428943991661072
2003-06-25,inflation_risk_shift,2003-05-27,-20,0.03175891935825348
2003-06-25,inflation_risk_shift,2003-05-28,-19,0.033968910574913025
2003-06-25,inflation_risk_shift,2003-05-29,-18,0.03158806264400482
2003-06-25,inflation_risk_shift,2003-05-30,-17,0.033390436321496964
2003-06-25,inflation_risk_shift,2003-06-02,-16,0.0359283909201622
2003-06-25,inflation_risk_shift,2003-06-03,-15,0.03786320239305496
2003-06-25,inflation_risk_shift,2003-06-04,-14,0.03520166128873825
2003-06-25,inflation_risk_shift,2003-06-05,-13,0.030329091474413872
2003-06-25,inflation_risk_shift,2003-06-06,-12,0.03403600677847862
2003-06-25,inflation_risk_shift,2003-06-09,-11,0.02732143923640251
2003-06-25,inflation_risk_shift,2003-06-10,-10,0.025308266282081604
2003-06-25,inflation_risk_shift,2003-06-11,-9,0.028977181762456894
2003-06-25,inflation_risk_shift,2003-06-12,-8,0.032883141189813614
2003-06-25,inflation_risk_shift,2003-06-13,-7,0.030795222148299217
2003-06-25,inflation_risk_shift,2003-06-16,-6,0.031665850430727005
2003-06-25,inflation_risk_shift,2003-06-17,-5,0.035366930067539215
2003-06-25,inflation_risk_shift,2003-06-18,-4,0.03325226902961731
2003-06-25,inflation_risk_shift,2003-06-19,-3,0.032040245831012726
2003-06-25,inflation_risk_shift,2003-06-20,-2,0.03464517742395401
2003-06-25,inflation_risk_shift,2003-06-23,-1,0.03846646100282669
2003-06-25,inflation_risk_shift,2003-06-24,0,0.04136309772729874
2003-06-25,unemployment_assessment_shift,2003-05-07,-33,0.018001684918999672
2003-06-25,unemployment_assessment_shift,2003-05-08,-32,0.021778158843517303
2003-06-25,unemployment_assessment_shift,2003-05-09,-31,0.0201573446393013
2003-06-25,unemployment_assessment_shift,2003-05-12,-30,0.0229302030056715
2003-06-25,unemployment_assessment_shift,2003-05-13,-29,0.020553700625896454
2003-06-25,unemployment_assessment_shift,2003-05-14,-28,0.020974483340978622
2003-06-25,unemployment_assessment_shift,2003-05-15,-27,0.021592266857624054
2003-06-25,unemployment_assessment_shift,2003-05-16,-26,0.022187305614352226
2003-06-25,unemployment_assessment_shift,2003-05-19,-25,0.022374652326107025
2003-06-25,unemployment_assessment_shift,2003-05-20,-24,0.02206319011747837
2003-06-25,unemployment_assessment_shift,2003-05-21,-23,0.02510501630604267
2003-06-25,unemployment_assessment_shift,2003-05-22,-22,0.02683739736676216
2003-06-25,unemployment_assessment_shift,2003-05-23,-21,0.03281126916408539
2003-06-25,unemployment_assessment_shift,2003-05-27,-20,0.031865909695625305
2003-06-25,unemployment_assessment_shift,2003-05-28,-19,0.03679598495364189
2003-06-25,unemployment_assessment_shift,2003-05-29,-18,0.03146207332611084
2003-06-25,unemployment_assessment_shift,2003-05-30,-17,0.035767845809459686
2003-06-25,unemployment_assessment_shift,2003-06-02,-16,0.03551226854324341
2003-06-25,unemployment_assessment_shift,2003-06-03,-15,0.03809676319360733
2003-06-25,unemployment_assessment_shift,2003-06-04,-14,0.04192005842924118
2003-06-25,unemployment_assessment_shift,2003-06-05,-13,0.031053796410560608
2003-06-25,unemployment_assessment_shift,2003-06-06,-12,0.0335824228823185
2003-06-25,unemployment_assessment_shift,2003-06-09,-11,0.025371741503477097
2003-06-25,unemployment_assessment_shift,2003-06-10,-10,0.024778656661510468
2003-06-25,unemployment_assessment_shift,2003-06-11,-9,0.0297526977956295
2003-06-25,unemployment_assessment_shift,2003-06-12,-8,0.03316116705536842
2003-06-25,unemployment_assessment_shift,2003-06-13,-7,0.03248879685997963
2003-06-25,unemployment_assessment_shift,2003-06-16,-6,0.03381935507059097
2003-06-25,unemployment_assessment_shift,2003-06-17,-5,0.036734141409397125
2003-06-25,unemployment_assessment_shift,2003-06-18,-4,0.03256236016750336
2003-06-25,unemployment_assessment_shift,2003-06-19,-3,0.029458124190568924
2003-06-25,unemployment_assessment_shift,2003-06-20,-2,0.03250354155898094
2003-06-25,unemployment_assessment_shift,2003-06-23,-1,0.03303072229027748
2003-06-25,unemployment_assessment_shift,2003-06-24,0,0.04291486367583275
2003-06-25,labor_market_risk_shift,2003-05-07,-33,0.01934768259525299
2003-06-25,labor_market_risk_shift,2003-05-08,-32,0.021725406870245934
2003-06-25,labor_market_risk_shift,2003-05-09,-31,0.02156587690114975
2003-06-25,labor_market_risk_shift,2003-05-12,-30,0.024117058143019676
2003-06-25,labor_market_risk_shift,2003-05-13,-29,0.02253188006579876
2003-06-25,labor_market_risk_shift,2003-05-14,-28,0.025396032258868217
2003-06-25,labor_market_risk_shift,2003-05-15,-27,0.022852571681141853
2003-06-25,labor_market_risk_shift,2003-05-16,-26,0.02562825195491314
2003-06-25,labor_market_risk_shift,2003-05-19,-25,0.02353183925151825
2003-06-25,labor_market_risk_shift,2003-05-20,-24,0.025131184607744217
2003-06-25,labor_market_risk_shift,2003-05-21,-23,0.0240793339908123
2003-06-25,labor_market_risk_shift,2003-05-22,-22,0.027206959202885628
2003-06-25,labor_market_risk_shift,2003-05-23,-21,0.02866172417998314
2003-06-25,labor_market_risk_shift,2003-05-27,-20,0.03135470300912857
2003-06-25,labor_market_risk_shift,2003-05-28,-19,0.03322291001677513
2003-06-25,labor_market_risk_shift,2003-05-29,-18,0.032055921852588654
2003-06-25,labor_market_risk_shift,2003-05-30,-17,0.03189045935869217
2003-06-25,labor_market_risk_shift,2003-06-02,-16,0.03367294371128082
2003-06-25,labor_market_risk_shift,2003-06-03,-15,0.036634936928749084
2003-06-25,labor_market_risk_shift,2003-06-04,-14,0.0319359228014946
2003-06-25,labor_market_risk_shift,2003-06-05,-13,0.027414094656705856
2003-06-25,labor_market_risk_shift,2003-06-06,-12,0.03149174898862839
2003-06-25,labor_market_risk_shift,2003-06-09,-11,0.026668943464756012
2003-06-25,labor_market_risk_shift,2003-06-10,-10,0.02544637769460678
2003-06-25,labor_market_risk_shift,2003-06-11,-9,0.027561873197555542
2003-06-25,labor_market_risk_shift,2003-06-12,-8,0.032686155289411545
2003-06-25,labor_market_risk_shift,2003-06-13,-7,0.032032907009124756
2003-06-25,labor_market_risk_shift,2003-06-16,-6,0.032271429896354675
2003-06-25,labor_market_risk_shift,2003-06-17,-5,0.03628474101424217
2003-06-25,labor_market_risk_shift,2003-06-18,-4,0.03575090318918228
2003-06-25,labor_market_risk_shift,2003-06-19,-3,0.035301778465509415
2003-06-25,labor_market_risk_shift,2003-06-20,-2,0.035131894052028656
2003-06-25,labor_market_risk_shift,2003-06-23,-1,0.04095609858632088
2003-06-25,labor_market_risk_shift,2003-06-24,0,0.038457438349723816
2003-06-25,growth_activity_shift,2003-05-07,-33,0.021745992824435234
2003-06-25,growth_activity_shift,2003-05-08,-32,0.0230165496468544
2003-06-25,growth_activity_shift,2003-05-09,-31,0.023025739938020706
2003-06-25,growth_activity_shift,2003-05-12,-30,0.025456905364990234
2003-06-25,growth_activity_shift,2003-05-13,-29,0.02468886785209179
2003-06-25,growth_activity_shift,2003-05-14,-28,0.028059974312782288
2003-06-25,growth_activity_shift,2003-05-15,-27,0.025031665340065956
2003-06-25,growth_activity_shift,2003-05-16,-26,0.02796315960586071
2003-06-25,growth_activity_shift,2003-05-19,-25,0.02559421956539154
2003-06-25,growth_activity_shift,2003-05-20,-24,0.026611294597387314
2003-06-25,growth_activity_shift,2003-05-21,-23,0.02543097920715809
2003-06-25,growth_activity_shift,2003-05-22,-22,0.027890844270586967
2003-06-25,growth_activity_shift,2003-05-23,-21,0.02696787379682064
2003-06-25,growth_activity_shift,2003-05-27,-20,0.030220715329051018
2003-06-25,growth_activity_shift,2003-05-28,-19,0.03107331693172455
2003-06-25,growth_activity_shift,2003-05-29,-18,0.030327046290040016
2003-06-25,growth_activity_shift,2003-05-30,-17,0.02929558791220188
2003-06-25,growth_activity_shift,2003-06-02,-16,0.032275404781103134
2003-06-25,growth_activity_shift,2003-06-03,-15,0.035177696496248245
2003-06-25,growth_activity_shift,2003-06-04,-14,0.028206484392285347
2003-06-25,growth_activity_shift,2003-06-05,-13,0.026681846007704735
2003-06-25,growth_activity_shift,2003-06-06,-12,0.031246744096279144
2003-06-25,growth_activity_shift,2003-06-09,-11,0.029033582657575607
2003-06-25,growth_activity_shift,2003-06-10,-10,0.02685970440506935
2003-06-25,growth_activity_shift,2003-06-11,-9,0.027742374688386917
2003-06-25,growth_activity_shift,2003-06-12,-8,0.032298918813467026
2003-06-25,growth_activity_shift,2003-06-13,-7,0.030417200177907944
2003-06-25,growth_activity_shift,2003-06-16,-6,0.029109984636306763
2003-06-25,growth_activity_shift,2003-06-17,-5,0.033875152468681335
2003-06-25,growth_activity_shift,2003-06-18,-4,0.03470445051789284
2003-06-25,growth_activity_shift,2003-06-19,-3,0.03545624762773514
2003-06-25,growth_activity_shift,2003-06-20,-2,0.03592885285615921
2003-06-25,growth_activity_shift,2003-06-23,-1,0.041776929050683975
2003-06-25,growth_activity_shift,2003-06-24,0,0.03680775687098503
2003-06-25,financial_conditions_shift,2003-05-07,-33,0.02212686464190483
2003-06-25,financial_conditions_shift,2003-05-08,-32,0.024215294048190117
2003-06-25,financial_conditions_shift,2003-05-09,-31,0.024463731795549393
2003-06-25,financial_conditions_shift,2003-05-12,-30,0.026965728029608727
2003-06-25,financial_conditions_shift,2003-05-13,-29,0.02579662948846817
2003-06-25,financial_conditions_shift,2003-05-14,-28,0.029411260038614273
2003-06-25,financial_conditions_shift,2003-05-15,-27,0.02590968832373619
2003-06-25,financial_conditions_shift,2003-05-16,-26,0.029203280806541443
2003-06-25,financial_conditions_shift,2003-05-19,-25,0.02650904655456543
2003-06-25,financial_conditions_shift,2003-05-20,-24,0.02804730087518692
2003-06-25,financial_conditions_shift,2003-05-21,-23,0.026406165212392807
2003-06-25,financial_conditions_shift,2003-05-22,-22,0.029025617986917496
2003-06-25,financial_conditions_shift,2003-05-23,-21,0.02726658061146736
2003-06-25,financial_conditions_shift,2003-05-27,-20,0.030151691287755966
2003-06-25,financial_conditions_shift,2003-05-28,-19,0.030736006796360016
2003-06-25,financial_conditions_shift,2003-05-29,-18,0.029686322435736656
2003-06-25,financial_conditions_shift,2003-05-30,-17,0.028311029076576233
2003-06-25,financial_conditions_shift,2003-06-02,-16,0.03197292983531952
2003-06-25,financial_conditions_shift,2003-06-03,-15,0.033862583339214325
2003-06-25,financial_conditions_shift,2003-06-04,-14,0.026730002835392952
2003-06-25,financial_conditions_shift,2003-06-05,-13,0.026616740971803665
2003-06-25,financial_conditions_shift,2003-06-06,-12,0.03147904947400093
2003-06-25,financial_conditions_shift,2003-06-09,-11,0.02913707122206688
2003-06-25,financial_conditions_shift,2003-06-10,-10,0.027112221345305443
2003-06-25,financial_conditions_shift,2003-06-11,-9,0.028210196644067764
2003-06-25,financial_conditions_shift,2003-06-12,-8,0.032342664897441864
2003-06-25,financial_conditions_shift,2003-06-13,-7,0.029871085658669472
2003-06-25,financial_conditions_shift,2003-06-16,-6,0.027642732486128807
2003-06-25,financial_conditions_shift,2003-06-17,-5,0.032193318009376526
2003-06-25,financial_conditions_shift,2003-06-18,-4,0.034009870141744614
2003-06-25,financial_conditions_shift,2003-06-19,-3,0.03485667333006859
2003-06-25,financial_conditions_shift,2003-06-20,-2,0.034777507185935974
2003-06-25,financial_conditions_shift,2003-06-23,-1,0.04026835411787033
2003-06-25,financial_conditions_shift,2003-06-24,0,0.03468472883105278
2003-06-25,risk_balance_shift,2003-05-07,-33,0.01750757545232773
2003-06-25,risk_balance_shift,2003-05-08,-32,0.019894814118742943
2003-06-25,risk_balance_shift,2003-05-09,-31,0.018823688849806786
2003-06-25,risk_balance_shift,2003-05-12,-30,0.021836061030626297
2003-06-25,risk_balance_shift,2003-05-13,-29,0.01976986601948738
2003-06-25,risk_balance_shift,2003-05-14,-28,0.021910298615694046
2003-06-25,risk_balance_shift,2003-05-15,-27,0.020717978477478027
2003-06-25,risk_balance_shift,2003-05-16,-26,0.02273479290306568
2003-06-25,risk_balance_shift,2003-05-19,-25,0.021404489874839783
2003-06-25,risk_balance_shift,2003-05-20,-24,0.021975679323077202
2003-06-25,risk_balance_shift,2003-05-21,-23,0.02298048511147499
2003-06-25,risk_balance_shift,2003-05-22,-22,0.025706101208925247
2003-06-25,risk_balance_shift,2003-05-23,-21,0.03025197982788086
2003-06-25,risk_balance_shift,2003-05-27,-20,0.03214963153004646
2003-06-25,risk_balance_shift,2003-05-28,-19,0.03528110310435295
2003-06-25,risk_balance_shift,2003-05-29,-18,0.03319116309285164
2003-06-25,risk_balance_shift,2003-05-30,-17,0.03496401011943817
2003-06-25,risk_balance_shift,2003-06-02,-16,0.0344434455037117
2003-06-25,risk_balance_shift,2003-06-03,-15,0.03904806822538376
2003-06-25,risk_balance_shift,2003-06-04,-14,0.0395645797252655
2003-06-25,risk_balance_shift,2003-06-05,-13,0.029104234650731087
2003-06-25,risk_balance_shift,2003-06-06,-12,0.03187534958124161
2003-06-25,risk_balance_shift,2003-06-09,-11,0.025270242244005203
2003-06-25,risk_balance_shift,2003-06-10,-10,0.024600457400083542
2003-06-25,risk_balance_shift,2003-06-11,-9,0.027788637205958366
2003-06-25,risk_balance_shift,2003-06-12,-8,0.03296415135264397
2003-06-25,risk_balance_shift,2003-06-13,-7,0.03348144143819809
2003-06-25,risk_balance_shift,2003-06-16,-6,0.034611232578754425
2003-06-25,risk_balance_shift,2003-06-17,-5,0.03869466483592987
2003-06-25,risk_balance_shift,2003-06-18,-4,0.03598359599709511
2003-06-25,risk_balance_shift,2003-06-19,-3,0.034417301416397095
2003-06-25,risk_balance_shift,2003-06-20,-2,0.03510607033967972
2003-06-25,risk_balance_shift,2003-06-23,-1,0.03854299709200859
2003-06-25,risk_balance_shift,2003-06-24,0,0.04340379685163498
2003-06-25,committee_dispersion,2003-05-07,-33,0.022741205990314484
2003-06-25,committee_dispersion,2003-05-08,-32,0.024568485096096992
2003-06-25,committee_dispersion,2003-05-09,-31,0.024694861844182014
2003-06-25,committee_dispersion,2003-05-12,-30,0.027261311188340187
2003-06-25,committee_dispersion,2003-05-13,-29,0.026438498869538307
2003-06-25,committee_dispersion,2003-05-14,-28,0.029960935935378075
2003-06-25,committee_dispersion,2003-05-15,-27,0.026853257790207863
2003-06-25,committee_dispersion,2003-05-16,-26,0.029381301254034042
2003-06-25,committee_dispersion,2003-05-19,-25,0.027427468448877335
2003-06-25,committee_dispersion,2003-05-20,-24,0.028335852548480034
2003-06-25,committee_dispersion,2003-05-21,-23,0.026345670223236084
2003-06-25,committee_dispersion,2003-05-22,-22,0.02869827300310135
2003-06-25,committee_dispersion,2003-05-23,-21,0.027051962912082672
2003-06-25,committee_dispersion,2003-05-27,-20,0.030005840584635735
2003-06-25,committee_dispersion,2003-05-28,-19,0.02994903363287449
2003-06-25,committee_dispersion,2003-05-29,-18,0.029448233544826508
2003-06-25,committee_dispersion,2003-05-30,-17,0.028759904205799103
2003-06-25,committee_dispersion,2003-06-02,-16,0.03176652640104294
2003-06-25,committee_dispersion,2003-06-03,-15,0.03377113118767738
2003-06-25,committee_dispersion,2003-06-04,-14,0.027535151690244675
2003-06-25,committee_dispersion,2003-06-05,-13,0.027055807411670685
2003-06-25,committee_dispersion,2003-06-06,-12,0.03120417147874832
2003-06-25,committee_dispersion,2003-06-09,-11,0.029676269739866257
2003-06-25,committee_dispersion,2003-06-10,-10,0.027891941368579865
2003-06-25,committee_dispersion,2003-06-11,-9,0.028123391792178154
2003-06-25,committee_dispersion,2003-06-12,-8,0.03147179260849953
2003-06-25,committee_dispersion,2003-06-13,-7,0.029350195080041885
2003-06-25,committee_dispersion,2003-06-16,-6,0.027422133833169937
2003-06-25,committee_dispersion,2003-06-17,-5,0.03226018697023392
2003-06-25,committee_dispersion,2003-06-18,-4,0.033646225929260254
2003-06-25,committee_dispersion,2003-06-19,-3,0.034821584820747375
2003-06-25,committee_dispersion,2003-06-20,-2,0.034309376031160355
2003-06-25,committee_dispersion,2003-06-23,-1,0.03896430879831314
2003-06-25,committee_dispersion,2003-06-24,0,0.032807692885398865
2003-06-25,policy_uncertainty,2003-05-07,-33,0.01866425946354866
2003-06-25,policy_uncertainty,2003-05-08,-32,0.021558646112680435
2003-06-25,policy_uncertainty,2003-05-09,-31,0.02057974971830845
2003-06-25,policy_uncertainty,2003-05-12,-30,0.023295991122722626
2003-06-25,policy_uncertainty,2003-05-13,-29,0.022312453016638756
2003-06-25,policy_uncertainty,2003-05-14,-28,0.023889698088169098
2003-06-25,policy_uncertainty,2003-05-15,-27,0.022688092663884163
2003-06-25,policy_uncertainty,2003-05-16,-26,0.02446368895471096
2003-06-25,policy_uncertainty,2003-05-19,-25,0.02343863621354103
2003-06-25,policy_uncertainty,2003-05-20,-24,0.023680148646235466
2003-06-25,policy_uncertainty,2003-05-21,-23,0.024156006053090096
2003-06-25,policy_uncertainty,2003-05-22,-22,0.02673071250319481
2003-06-25,policy_uncertainty,2003-05-23,-21,0.029311489313840866
2003-06-25,policy_uncertainty,2003-05-27,-20,0.031450554728507996
2003-06-25,policy_uncertainty,2003-05-28,-19,0.033634450286626816
2003-06-25,policy_uncertainty,2003-05-29,-18,0.03154322877526283
2003-06-25,policy_uncertainty,2003-05-30,-17,0.03271856904029846
2003-06-25,policy_uncertainty,2003-06-02,-16,0.034617580473423004
2003-06-25,policy_uncertainty,2003-06-03,-15,0.03702724725008011
2003-06-25,policy_uncertainty,2003-06-04,-14,0.034310754388570786
2003-06-25,policy_uncertainty,2003-06-05,-13,0.02854614332318306
2003-06-25,policy_uncertainty,2003-06-06,-12,0.03225233405828476
2003-06-25,policy_uncertainty,2003-06-09,-11,0.026769448071718216
2003-06-25,policy_uncertainty,2003-06-10,-10,0.0253752488642931
2003-06-25,policy_uncertainty,2003-06-11,-9,0.02833457477390766
2003-06-25,policy_uncertainty,2003-06-12,-8,0.032725363969802856
2003-06-25,policy_uncertainty,2003-06-13,-7,0.03195025399327278
2003-06-25,policy_uncertainty,2003-06-16,-6,0.03212003409862518
2003-06-25,policy_uncertainty,2003-06-17,-5,0.036137137562036514
2003-06-25,policy_uncertainty,2003-06-18,-4,0.03460351377725601
2003-06-25,policy_uncertainty,2003-06-19,-3,0.03411240875720978
2003-06-25,policy_uncertainty,2003-06-20,-2,0.03504912555217743
2003-06-25,policy_uncertainty,2003-06-23,-1,0.039509743452072144
2003-06-25,policy_uncertainty,2003-06-24,0,0.042442724108695984
2003-06-25,forward_guidance_strength,2003-05-07,-33,0.023565135896205902
2003-06-25,forward_guidance_strength,2003-05-08,-32,0.024571463465690613
2003-06-25,forward_guidance_strength,2003-05-09,-31,0.025212479755282402
2003-06-25,forward_guidance_strength,2003-05-12,-30,0.02698233723640442
2003-06-25,forward_guidance_strength,2003-05-13,-29,0.026799432933330536
2003-06-25,forward_guidance_strength,2003-05-14,-28,0.03063776344060898
2003-06-25,forward_guidance_strength,2003-05-15,-27,0.026813307777047157
2003-06-25,forward_guidance_strength,2003-05-16,-26,0.030040204524993896
2003-06-25,forward_guidance_strength,2003-05-19,-25,0.027450036257505417
2003-06-25,forward_guidance_strength,2003-05-20,-24,0.028841571882367134
2003-06-25,forward_guidance_strength,2003-05-21,-23,0.026380391791462898
2003-06-25,forward_guidance_strength,2003-05-22,-22,0.029118116945028305
2003-06-25,forward_guidance_strength,2003-05-23,-21,0.02755621448159218
2003-06-25,forward_guidance_strength,2003-05-27,-20,0.030436502769589424
2003-06-25,forward_guidance_strength,2003-05-28,-19,0.029894724488258362
2003-06-25,forward_guidance_strength,2003-05-29,-18,0.03079887107014656
2003-06-25,forward_guidance_strength,2003-05-30,-17,0.028086405247449875
2003-06-25,forward_guidance_strength,2003-06-02,-16,0.030867408961057663
2003-06-25,forward_guidance_strength,2003-06-03,-15,0.033886052668094635
2003-06-25,forward_guidance_strength,2003-06-04,-14,0.02582811936736107
2003-06-25,forward_guidance_strength,2003-06-05,-13,0.025843270123004913
2003-06-25,forward_guidance_strength,2003-06-06,-12,0.029721908271312714
2003-06-25,forward_guidance_strength,2003-06-09,-11,0.029296372085809708
2003-06-25,forward_guidance_strength,2003-06-10,-10,0.027721691876649857
2003-06-25,forward_guidance_strength,2003-06-11,-9,0.02748885378241539
2003-06-25,forward_guidance_strength,2003-06-12,-8,0.031399451196193695
2003-06-25,forward_guidance_strength,2003-06-13,-7,0.029751794412732124
2003-06-25,forward_guidance_strength,2003-06-16,-6,0.02806689962744713
2003-06-25,forward_guidance_strength,2003-06-17,-5,0.0328039824962616
2003-06-25,forward_guidance_strength,2003-06-18,-4,0.03423449397087097
2003-06-25,forward_guidance_strength,2003-06-19,-3,0.035487789660692215
2003-06-25,forward_guidance_strength,2003-06-20,-2,0.033890195190906525
2003-06-25,forward_guidance_strength,2003-06-23,-1,0.03946693614125252
2003-06-25,forward_guidance_strength,2003-06-24,0,0.03105987049639225
2003-08-12,rate_decision,2003-06-26,-31,0.031101062893867493
2003-08-12,rate_decision,2003-06-27,-30,0.03051489219069481
2003-08-12,rate_decision,2003-06-30,-29,0.034454457461833954
2003-08-12,rate_decision,2003-07-01,-28,0.03200831264257431
2003-08-12,rate_decision,2003-07-02,-27,0.032870370894670486
2003-08-12,rate_decision,2003-07-03,-26,0.03177037835121155
2003-08-12,rate_decision,2003-07-07,-25,0.03045911155641079
2003-08-12,rate_decision,2003-07-08,-24,0.03350383788347244
2003-08-12,rate_decision,2003-07-09,-23,0.033122673630714417
2003-08-12,rate_decision,2003-07-10,-22,0.03282437473535538
2003-08-12,rate_decision,2003-07-11,-21,0.03576410561800003
2003-08-12,rate_decision,2003-07-14,-20,0.03648599609732628
2003-08-12,rate_decision,2003-07-15,-19,0.03433765098452568
2003-08-12,rate_decision,2003-07-16,-18,0.03553362563252449
2003-08-12,rate_decision,2003-07-17,-17,0.035675451159477234
2003-08-12,rate_decision,2003-07-18,-16,0.0333997942507267
2003-08-12,rate_decision,2003-07-21,-15,0.027656543999910355
2003-08-12,rate_decision,2003-07-22,-14,0.03019683249294758
2003-08-12,rate_decision,2003-07-23,-13,0.036614466458559036
2003-08-12,rate_decision,2003-07-24,-12,0.0333460196852684
2003-08-12,rate_decision,2003-07-25,-11,0.03437471017241478
2003-08-12,rate_decision,2003-07-28,-10,0.04005756974220276
2003-08-12,rate_decision,2003-07-29,-9,0.03165224939584732
2003-08-12,rate_decision,2003-07-30,-8,0.03349059075117111
2003-08-12,rate_decision,2003-07-31,-7,0.028932683169841766
2003-08-12,rate_decision,2003-08-01,-6,0.02724684774875641
2003-08-12,rate_decision,2003-08-04,-5,0.026167649775743484
2003-08-12,rate_decision,2003-08-05,-4,0.02449742704629898
2003-08-12,rate_decision,2003-08-06,-3,0.024813657626509666
2003-08-12,rate_decision,2003-08-07,-2,0.021864544600248337
2003-08-12,rate_decision,2003-08-08,-1,0.018684854730963707
2003-08-12,rate_decision,2003-08-11,0,0.026577260345220566
2003-08-12,current_policy_stance,2003-06-26,-31,0.0324721597135067
2003-08-12,current_policy_stance,2003-06-27,-30,0.029808253049850464
2003-08-12,current_policy_stance,2003-06-30,-29,0.03154795989394188
2003-08-12,current_policy_stance,2003-07-01,-28,0.03144390508532524
2003-08-12,current_policy_stance,2003-07-02,-27,0.03450282663106918
2003-08-12,current_policy_stance,2003-07-03,-26,0.03685007989406586
2003-08-12,current_policy_stance,2003-07-07,-25,0.031399019062519073
2003-08-12,current_policy_stance,2003-07-08,-24,0.02989255264401436
2003-08-12,current_policy_stance,2003-07-09,-23,0.0356779620051384
2003-08-12,current_policy_stance,2003-07-10,-22,0.03484192490577698
2003-08-12,current_policy_stance,2003-07-11,-21,0.03388451039791107
2003-08-12,current_policy_stance,2003-07-14,-20,0.03683451563119888
2003-08-12,current_policy_stance,2003-07-15,-19,0.03582530468702316
2003-08-12,current_policy_stance,2003-07-16,-18,0.03223852813243866
2003-08-12,current_policy_stance,2003-07-17,-17,0.028006481006741524
2003-08-12,current_policy_stance,2003-07-18,-16,0.030242592096328735
2003-08-12,current_policy_stance,2003-07-21,-15,0.031008871272206306
2003-08-12,current_policy_stance,2003-07-22,-14,0.03057938814163208
2003-08-12,current_policy_stance,2003-07-23,-13,0.03751040995121002
2003-08-12,current_policy_stance,2003-07-24,-12,0.03772887587547302
2003-08-12,current_policy_stance,2003-07-25,-11,0.0353640615940094
2003-08-12,current_policy_stance,2003-07-28,-10,0.037146780639886856
2003-08-12,current_policy_stance,2003-07-29,-9,0.03202859312295914
2003-08-12,current_policy_stance,2003-07-30,-8,0.025655634701251984
2003-08-12,current_policy_stance,2003-07-31,-7,0.03185591846704483
2003-08-12,current_policy_stance,2003-08-01,-6,0.02691652812063694
2003-08-12,current_policy_stance,2003-08-04,-5,0.02142651192843914
2003-08-12,current_policy_stance,2003-08-05,-4,0.026693623512983322
2003-08-12,current_policy_stance,2003-08-06,-3,0.024388859048485756
2003-08-12,current_policy_stance,2003-08-07,-2,0.0251761507242918
2003-08-12,current_policy_stance,2003-08-08,-1,0.02046150527894497
2003-08-12,current_policy_stance,2003-08-11,0,0.03058970905840397
2003-08-12,policy_stance_shift,2003-06-26,-31,0.03357020020484924
2003-08-12,policy_stance_shift,2003-06-27,-30,0.03201283514499664
2003-08-12,policy_stance_shift,2003-06-30,-29,0.03134048357605934
2003-08-12,policy_stance_shift,2003-07-01,-28,0.032407768070697784
2003-08-12,policy_stance_shift,2003-07-02,-27,0.0332014225423336
2003-08-12,policy_stance_shift,2003-07-03,-26,0.03478948771953583
2003-08-12,policy_stance_shift,2003-07-07,-25,0.03172466531395912
2003-08-12,policy_stance_shift,2003-07-08,-24,0.03269708901643753
2003-08-12,policy_stance_shift,2003-07-09,-23,0.03635731339454651
2003-08-12,policy_stance_shift,2003-07-10,-22,0.03479254990816116
2003-08-12,policy_stance_shift,2003-07-11,-21,0.03336795046925545
2003-08-12,policy_stance_shift,2003-07-14,-20,0.034542664885520935
2003-08-12,policy_stance_shift,2003-07-15,-19,0.035060495138168335
2003-08-12,policy_stance_shift,2003-07-16,-18,0.03192489594221115
2003-08-12,policy_stance_shift,2003-07-17,-17,0.02837361954152584
2003-08-12,policy_stance_shift,2003-07-18,-16,0.030162028968334198
2003-08-12,policy_stance_shift,2003-07-21,-15,0.03232793137431145
2003-08-12,policy_stance_shift,2003-07-22,-14,0.030908767133951187
2003-08-12,policy_stance_shift,2003-07-23,-13,0.03546084463596344
2003-08-12,policy_stance_shift,2003-07-24,-12,0.03747054189443588
2003-08-12,policy_stance_shift,2003-07-25,-11,0.03521838039159775
2003-08-12,policy_stance_shift,2003-07-28,-10,0.03496059030294418
2003-08-12,policy_stance_shift,2003-07-29,-9,0.032421939074993134
2003-08-12,policy_stance_shift,2003-07-30,-8,0.025889579206705093
2003-08-12,policy_stance_shift,2003-07-31,-7,0.03274771198630333
2003-08-12,policy_stance_shift,2003-08-01,-6,0.027849463745951653
2003-08-12,policy_stance_shift,2003-08-04,-5,0.021042734384536743
2003-08-12,policy_stance_shift,2003-08-05,-4,0.027187582105398178
2003-08-12,policy_stance_shift,2003-08-06,-3,0.025507181882858276
2003-08-12,policy_stance_shift,2003-08-07,-2,0.024671074002981186
2003-08-12,policy_stance_shift,2003-08-08,-1,0.020729292184114456
2003-08-12,policy_stance_shift,2003-08-11,0,0.02928094007074833
2003-08-12,expected_rate_path_shift,2003-06-26,-31,0.03291919082403183
2003-08-12,expected_rate_path_shift,2003-06-27,-30,0.03058164194226265
2003-08-12,expected_rate_path_shift,2003-06-30,-29,0.03193739429116249
2003-08-12,expected_rate_path_shift,2003-07-01,-28,0.03205302357673645
2003-08-12,expected_rate_path_shift,2003-07-02,-27,0.03415884077548981
2003-08-12,expected_rate_path_shift,2003-07-03,-26,0.03614487126469612
2003-08-12,expected_rate_path_shift,2003-07-07,-25,0.03163721784949303
2003-08-12,expected_rate_path_shift,2003-07-08,-24,0.031123612076044083
2003-08-12,expected_rate_path_shift,2003-07-09,-23,0.036225542426109314
2003-08-12,expected_rate_path_shift,2003-07-10,-22,0.035140641033649445
2003-08-12,expected_rate_path_shift,2003-07-11,-21,0.03428789973258972
2003-08-12,expected_rate_path_shift,2003-07-14,-20,0.036656323820352554
2003-08-12,expected_rate_path_shift,2003-07-15,-19,0.03560735285282135
2003-08-12,expected_rate_path_shift,2003-07-16,-18,0.032397620379924774
2003-08-12,expected_rate_path_shift,2003-07-17,-17,0.028321538120508194
2003-08-12,expected_rate_path_shift,2003-07-18,-16,0.030054833739995956
2003-08-12,expected_rate_path_shift,2003-07-21,-15,0.03077857196331024
2003-08-12,expected_rate_path_shift,2003-07-22,-14,0.030388278886675835
2003-08-12,expected_rate_path_shift,2003-07-23,-13,0.03705943748354912
2003-08-12,expected_rate_path_shift,2003-07-24,-12,0.037698931992053986
2003-08-12,expected_rate_path_shift,2003-07-25,-11,0.03527825325727463
2003-08-12,expected_rate_path_shift,2003-07-28,-10,0.03649459406733513
2003-08-12,expected_rate_path_shift,2003-07-29,-9,0.031592197716236115
2003-08-12,expected_rate_path_shift,2003-07-30,-8,0.025524336844682693
2003-08-12,expected_rate_path_shift,2003-07-31,-7,0.03153310343623161
2003-08-12,expected_rate_path_shift,2003-08-01,-6,0.02657739445567131
2003-08-12,expected_rate_path_shift,2003-08-04,-5,0.021143445745110512
2003-08-12,expected_rate_path_shift,2003-08-05,-4,0.026677604764699936
2003-08-12,expected_rate_path_shift,2003-08-06,-3,0.02489696629345417
2003-08-12,expected_rate_path_shift,2003-08-07,-2,0.0249882023781538
2003-08-12,expected_rate_path_shift,2003-08-08,-1,0.02048387937247753
2003-08-12,expected_rate_path_shift,2003-08-11,0,0.029637278988957405
2003-08-12,inflation_assessment_shift,2003-06-26,-31,0.03339289873838425
2003-08-12,inflation_assessment_shift,2003-06-27,-30,0.033322662115097046
2003-08-12,inflation_assessment_shift,2003-06-30,-29,0.030886631458997726
2003-08-12,inflation_assessment_shift,2003-07-01,-28,0.032322198152542114
2003-08-12,inflation_assessment_shift,2003-07-02,-27,0.032457657158374786
2003-08-12,inflation_assessment_shift,2003-07-03,-26,0.0332438088953495
2003-08-12,inflation_assessment_shift,2003-07-07,-25,0.031630583107471466
2003-08-12,inflation_assessment_shift,2003-07-08,-24,0.033137623220682144
2003-08-12,inflation_assessment_shift,2003-07-09,-23,0.03487768769264221
2003-08-12,inflation_assessment_shift,2003-07-10,-22,0.03301879018545151
2003-08-12,inflation_assessment_shift,2003-07-11,-21,0.031968168914318085
2003-08-12,inflation_assessment_shift,2003-07-14,-20,0.03256073594093323
2003-08-12,inflation_assessment_shift,2003-07-15,-19,0.034527845680713654
2003-08-12,inflation_assessment_shift,2003-07-16,-18,0.03271597623825073
2003-08-12,inflation_assessment_shift,2003-07-17,-17,0.029459478333592415
2003-08-12,inflation_assessment_shift,2003-07-18,-16,0.03155266121029854
2003-08-12,inflation_assessment_shift,2003-07-21,-15,0.035114653408527374
2003-08-12,inflation_assessment_shift,2003-07-22,-14,0.03291037678718567
2003-08-12,inflation_assessment_shift,2003-07-23,-13,0.033971596509218216
2003-08-12,inflation_assessment_shift,2003-07-24,-12,0.0368235781788826
2003-08-12,inflation_assessment_shift,2003-07-25,-11,0.03506148234009743
2003-08-12,inflation_assessment_shift,2003-07-28,-10,0.03399865701794624
2003-08-12,inflation_assessment_shift,2003-07-29,-9,0.03393618389964104
2003-08-12,inflation_assessment_shift,2003-07-30,-8,0.027190573513507843
2003-08-12,inflation_assessment_shift,2003-07-31,-7,0.03286643698811531
2003-08-12,inflation_assessment_shift,2003-08-01,-6,0.029413986951112747
2003-08-12,inflation_assessment_shift,2003-08-04,-5,0.022433891892433167
2003-08-12,inflation_assessment_shift,2003-08-05,-4,0.02682112157344818
2003-08-12,inflation_assessment_shift,2003-08-06,-3,0.026341838762164116
2003-08-12,inflation_assessment_shift,2003-08-07,-2,0.023287881165742874
2003-08-12,inflation_assessment_shift,2003-08-08,-1,0.02137712761759758
2003-08-12,inflation_assessment_shift,2003-08-11,0,0.02737521566450596
2003-08-12,inflation_risk_shift,2003-06-26,-31,0.03227875754237175
2003-08-12,inflation_risk_shift,2003-06-27,-30,0.03293254226446152
2003-08-12,inflation_risk_shift,2003-06-30,-29,0.03118308261036873
2003-08-12,inflation_risk_shift,2003-07-01,-28,0.03198647499084473
2003-08-12,inflation_risk_shift,2003-07-02,-27,0.032969988882541656
2003-08-12,inflation_risk_shift,2003-07-03,-26,0.0346301794052124
2003-08-12,inflation_risk_shift,2003-07-07,-25,0.03172937408089638
2003-08-12,inflation_risk_shift,2003-07-08,-24,0.03408561274409294
2003-08-12,inflation_risk_shift,2003-07-09,-23,0.036985624581575394
2003-08-12,inflation_risk_shift,2003-07-10,-22,0.03458038344979286
2003-08-12,inflation_risk_shift,2003-07-11,-21,0.03245167434215546
2003-08-12,inflation_risk_shift,2003-07-14,-20,0.03338007628917694
2003-08-12,inflation_risk_shift,2003-07-15,-19,0.034976184368133545
2003-08-12,inflation_risk_shift,2003-07-16,-18,0.032545603811740875
2003-08-12,inflation_risk_shift,2003-07-17,-17,0.028103893622756004
2003-08-12,inflation_risk_shift,2003-07-18,-16,0.029899291694164276
2003-08-12,inflation_risk_shift,2003-07-21,-15,0.03306277096271515
2003-08-12,inflation_risk_shift,2003-07-22,-14,0.031956516206264496
2003-08-12,inflation_risk_shift,2003-07-23,-13,0.03409252688288689
2003-08-12,inflation_risk_shift,2003-07-24,-12,0.03585004806518555
2003-08-12,inflation_risk_shift,2003-07-25,-11,0.03460640832781792
2003-08-12,inflation_risk_shift,2003-07-28,-10,0.033808156847953796
2003-08-12,inflation_risk_shift,2003-07-29,-9,0.032179199159145355
2003-08-12,inflation_risk_shift,2003-07-30,-8,0.026163801550865173
2003-08-12,inflation_risk_shift,2003-07-31,-7,0.03175158426165581
2003-08-12,inflation_risk_shift,2003-08-01,-6,0.028599124401807785
2003-08-12,inflation_risk_shift,2003-08-04,-5,0.021905606612563133
2003-08-12,inflation_risk_shift,2003-08-05,-4,0.027393702417612076
2003-08-12,inflation_risk_shift,2003-08-06,-3,0.027187615633010864
2003-08-12,inflation_risk_shift,2003-08-07,-2,0.024903297424316406
2003-08-12,inflation_risk_shift,2003-08-08,-1,0.02193225733935833
2003-08-12,inflation_risk_shift,2003-08-11,0,0.029888637363910675
2003-08-12,unemployment_assessment_shift,2003-06-26,-31,0.033315837383270264
2003-08-12,unemployment_assessment_shift,2003-06-27,-30,0.032508883625268936
2003-08-12,unemployment_assessment_shift,2003-06-30,-29,0.03121413290500641
2003-08-12,unemployment_assessment_shift,2003-07-01,-28,0.032279081642627716
2003-08-12,unemployment_assessment_shift,2003-07-02,-27,0.03324126824736595
2003-08-12,unemployment_assessment_shift,2003-07-03,-26,0.034380923956632614
2003-08-12,unemployment_assessment_shift,2003-07-07,-25,0.031494081020355225
2003-08-12,unemployment_assessment_shift,2003-07-08,-24,0.03283391147851944
2003-08-12,unemployment_assessment_shift,2003-07-09,-23,0.03650522604584694
2003-08-12,unemployment_assessment_shift,2003-07-10,-22,0.03502001240849495
2003-08-12,unemployment_assessment_shift,2003-07-11,-21,0.032905302941799164
2003-08-12,unemployment_assessment_shift,2003-07-14,-20,0.03332097828388214
2003-08-12,unemployment_assessment_shift,2003-07-15,-19,0.03474852815270424
2003-08-12,unemployment_assessment_shift,2003-07-16,-18,0.032170794904232025
2003-08-12,unemployment_assessment_shift,2003-07-17,-17,0.028186127543449402
2003-08-12,unemployment_assessment_shift,2003-07-18,-16,0.029797472059726715
2003-08-12,unemployment_assessment_shift,2003-07-21,-15,0.03279906511306763
2003-08-12,unemployment_assessment_shift,2003-07-22,-14,0.031474173069000244
2003-08-12,unemployment_assessment_shift,2003-07-23,-13,0.03478272259235382
2003-08-12,unemployment_assessment_shift,2003-07-24,-12,0.036980364471673965
2003-08-12,unemployment_assessment_shift,2003-07-25,-11,0.03499062359333038
2003-08-12,unemployment_assessment_shift,2003-07-28,-10,0.034049615263938904
2003-08-12,unemployment_assessment_shift,2003-07-29,-9,0.03245997428894043
2003-08-12,unemployment_assessment_shift,2003-07-30,-8,0.0255108792334795
2003-08-12,unemployment_assessment_shift,2003-07-31,-7,0.03259100392460823
2003-08-12,unemployment_assessment_shift,2003-08-01,-6,0.028805572539567947
2003-08-12,unemployment_assessment_shift,2003-08-04,-5,0.021523982286453247
2003-08-12,unemployment_assessment_shift,2003-08-05,-4,0.02767045795917511
2003-08-12,unemployment_assessment_shift,2003-08-06,-3,0.02659733034670353
2003-08-12,unemployment_assessment_shift,2003-08-07,-2,0.02514152228832245
2003-08-12,unemployment_assessment_shift,2003-08-08,-1,0.02130184881389141
2003-08-12,unemployment_assessment_shift,2003-08-11,0,0.029398273676633835
2003-08-12,labor_market_risk_shift,2003-06-26,-31,0.03348003327846527
2003-08-12,labor_market_risk_shift,2003-06-27,-30,0.03285113349556923
2003-08-12,labor_market_risk_shift,2003-06-30,-29,0.03173191100358963
2003-08-12,labor_market_risk_shift,2003-07-01,-28,0.032297998666763306
2003-08-12,labor_market_risk_shift,2003-07-02,-27,0.03347640484571457
2003-08-12,labor_market_risk_shift,2003-07-03,-26,0.03495808690786362
2003-08-12,labor_market_risk_shift,2003-07-07,-25,0.03204503655433655
2003-08-12,labor_market_risk_shift,2003-07-08,-24,0.033058252185583115
2003-08-12,labor_market_risk_shift,2003-07-09,-23,0.03654494881629944
2003-08-12,labor_market_risk_shift,2003-07-10,-22,0.034426454454660416
2003-08-12,labor_market_risk_shift,2003-07-11,-21,0.033296287059783936
2003-08-12,labor_market_risk_shift,2003-07-14,-20,0.03459231182932854
2003-08-12,labor_market_risk_shift,2003-07-15,-19,0.035520486533641815
2003-08-12,labor_market_risk_shift,2003-07-16,-18,0.03277032822370529
2003-08-12,labor_market_risk_shift,2003-07-17,-17,0.028660668060183525
2003-08-12,labor_market_risk_shift,2003-07-18,-16,0.030457263812422752
2003-08-12,labor_market_risk_shift,2003-07-21,-15,0.03235378488898277
2003-08-12,labor_market_risk_shift,2003-07-22,-14,0.03164772316813469
2003-08-12,labor_market_risk_shift,2003-07-23,-13,0.03533465042710304
2003-08-12,labor_market_risk_shift,2003-07-24,-12,0.036708489060401917
2003-08-12,labor_market_risk_shift,2003-07-25,-11,0.035656675696372986
2003-08-12,labor_market_risk_shift,2003-07-28,-10,0.034597188234329224
2003-08-12,labor_market_risk_shift,2003-07-29,-9,0.03234386444091797
2003-08-12,labor_market_risk_shift,2003-07-30,-8,0.026212643831968307
2003-08-12,labor_market_risk_shift,2003-07-31,-7,0.03171180188655853
2003-08-12,labor_market_risk_shift,2003-08-01,-6,0.02776889130473137
2003-08-12,labor_market_risk_shift,2003-08-04,-5,0.021632207557559013
2003-08-12,labor_market_risk_shift,2003-08-05,-4,0.02617666684091091
2003-08-12,labor_market_risk_shift,2003-08-06,-3,0.025646083056926727
2003-08-12,labor_market_risk_shift,2003-08-07,-2,0.023422081023454666
2003-08-12,labor_market_risk_shift,2003-08-08,-1,0.02072155475616455
2003-08-12,labor_market_risk_shift,2003-08-11,0,0.027898121625185013
2003-08-12,growth_activity_shift,2003-06-26,-31,0.031800102442502975
2003-08-12,growth_activity_shift,2003-06-27,-30,0.03599831461906433
2003-08-12,growth_activity_shift,2003-06-30,-29,0.03252442181110382
2003-08-12,growth_activity_shift,2003-07-01,-28,0.032426126301288605
2003-08-12,growth_activity_shift,2003-07-02,-27,0.029535360634326935
2003-08-12,growth_activity_shift,2003-07-03,-26,0.028024721890687943
2003-08-12,growth_activity_shift,2003-07-07,-25,0.03081628680229187
2003-08-12,growth_activity_shift,2003-07-08,-24,0.03594307228922844
2003-08-12,growth_activity_shift,2003-07-09,-23,0.031886860728263855
2003-08-12,growth_activity_shift,2003-07-10,-22,0.029993314296007156
2003-08-12,growth_activity_shift,2003-07-11,-21,0.028810271993279457
2003-08-12,growth_activity_shift,2003-07-14,-20,0.02683739736676216
2003-08-12,growth_activity_shift,2003-07-15,-19,0.030082067474722862
2003-08-12,growth_activity_shift,2003-07-16,-18,0.03284044563770294
2003-08-12,growth_activity_shift,2003-07-17,-17,0.031747013330459595
2003-08-12,growth_activity_shift,2003-07-18,-16,0.03199703246355057
2003-08-12,growth_activity_shift,2003-07-21,-15,0.034419186413288116
2003-08-12,growth_activity_shift,2003-07-22,-14,0.034011803567409515
2003-08-12,growth_activity_shift,2003-07-23,-13,0.028390243649482727
2003-08-12,growth_activity_shift,2003-07-24,-12,0.029670771211385727
2003-08-12,growth_activity_shift,2003-07-25,-11,0.031118175014853477
2003-08-12,growth_activity_shift,2003-07-28,-10,0.02799435518682003
2003-08-12,growth_activity_shift,2003-07-29,-9,0.031642135232686996
2003-08-12,growth_activity_shift,2003-07-30,-8,0.0330539233982563
2003-08-12,growth_activity_shift,2003-07-31,-7,0.029948197305202484
2003-08-12,growth_activity_shift,2003-08-01,-6,0.03344613313674927
2003-08-12,growth_activity_shift,2003-08-04,-5,0.03243866190314293
2003-08-12,growth_activity_shift,2003-08-05,-4,0.02990720607340336
2003-08-12,growth_activity_shift,2003-08-06,-3,0.03457053005695343
2003-08-12,growth_activity_shift,2003-08-07,-2,0.029050420969724655
2003-08-12,growth_activity_shift,2003-08-08,-1,0.031644925475120544
2003-08-12,growth_activity_shift,2003-08-11,0,0.027430536225438118
2003-08-12,financial_conditions_shift,2003-06-26,-31,0.03164849057793617
2003-08-12,financial_conditions_shift,2003-06-27,-30,0.03601667657494545
2003-08-12,financial_conditions_shift,2003-06-30,-29,0.03185876086354256
2003-08-12,financial_conditions_shift,2003-07-01,-28,0.03255129233002663
2003-08-12,financial_conditions_shift,2003-07-02,-27,0.02914183773100376
2003-08-12,financial_conditions_shift,2003-07-03,-26,0.02812001295387745
2003-08-12,financial_conditions_shift,2003-07-07,-25,0.031424712389707565
2003-08-12,financial_conditions_shift,2003-07-08,-24,0.03634191304445267
2003-08-12,financial_conditions_shift,2003-07-09,-23,0.03226624056696892
2003-08-12,financial_conditions_shift,2003-07-10,-22,0.030264059081673622
2003-08-12,financial_conditions_shift,2003-07-11,-21,0.028870053589344025
2003-08-12,financial_conditions_shift,2003-07-14,-20,0.026599619537591934
2003-08-12,financial_conditions_shift,2003-07-15,-19,0.030224740505218506
2003-08-12,financial_conditions_shift,2003-07-16,-18,0.032565269619226456
2003-08-12,financial_conditions_shift,2003-07-17,-17,0.031304679811000824
2003-08-12,financial_conditions_shift,2003-07-18,-16,0.03124208375811577
2003-08-12,financial_conditions_shift,2003-07-21,-15,0.03405623137950897
2003-08-12,financial_conditions_shift,2003-07-22,-14,0.033354561775922775
2003-08-12,financial_conditions_shift,2003-07-23,-13,0.027587924152612686
2003-08-12,financial_conditions_shift,2003-07-24,-12,0.029774289578199387
2003-08-12,financial_conditions_shift,2003-07-25,-11,0.030914291739463806
2003-08-12,financial_conditions_shift,2003-07-28,-10,0.027648210525512695
2003-08-12,financial_conditions_shift,2003-07-29,-9,0.031955208629369736
2003-08-12,financial_conditions_shift,2003-07-30,-8,0.03253920003771782
2003-08-12,financial_conditions_shift,2003-07-31,-7,0.03025338239967823
2003-08-12,financial_conditions_shift,2003-08-01,-6,0.033039435744285583
2003-08-12,financial_conditions_shift,2003-08-04,-5,0.03191197291016579
2003-08-12,financial_conditions_shift,2003-08-05,-4,0.03072429820895195
2003-08-12,financial_conditions_shift,2003-08-06,-3,0.03484087437391281
2003-08-12,financial_conditions_shift,2003-08-07,-2,0.029360685497522354
2003-08-12,financial_conditions_shift,2003-08-08,-1,0.03303465619683266
2003-08-12,financial_conditions_shift,2003-08-11,0,0.028564348816871643
2003-08-12,balance_sheet_policy_shift,2003-06-26,-31,0.03303002938628197
2003-08-12,balance_sheet_policy_shift,2003-06-27,-30,0.03513965755701065
2003-08-12,balance_sheet_policy_shift,2003-06-30,-29,0.03147424757480621
2003-08-12,balance_sheet_policy_shift,2003-07-01,-28,0.033084094524383545
2003-08-12,balance_sheet_policy_shift,2003-07-02,-27,0.030846158042550087
2003-08-12,balance_sheet_policy_shift,2003-07-03,-26,0.02981134131550789
2003-08-12,balance_sheet_policy_shift,2003-07-07,-25,0.03177306428551674
2003-08-12,balance_sheet_policy_shift,2003-07-08,-24,0.03597399592399597
2003-08-12,balance_sheet_policy_shift,2003-07-09,-23,0.03361687436699867
2003-08-12,balance_sheet_policy_shift,2003-07-10,-22,0.031417932361364365
2003-08-12,balance_sheet_policy_shift,2003-07-11,-21,0.029961511492729187
2003-08-12,balance_sheet_policy_shift,2003-07-14,-20,0.02871355041861534
2003-08-12,balance_sheet_policy_shift,2003-07-15,-19,0.03186587616801262
2003-08-12,balance_sheet_policy_shift,2003-07-16,-18,0.0322716161608696
2003-08-12,balance_sheet_policy_shift,2003-07-17,-17,0.03030354529619217
2003-08-12,balance_sheet_policy_shift,2003-07-18,-16,0.03120790421962738
2003-08-12,balance_sheet_policy_shift,2003-07-21,-15,0.034238193184137344
2003-08-12,balance_sheet_policy_shift,2003-07-22,-14,0.032702576369047165
2003-08-12,balance_sheet_policy_shift,2003-07-23,-13,0.030393820255994797
2003-08-12,balance_sheet_policy_shift,2003-07-24,-12,0.03287314251065254
2003-08-12,balance_sheet_policy_shift,2003-07-25,-11,0.0334535613656044
2003-08-12,balance_sheet_policy_shift,2003-07-28,-10,0.029848888516426086
2003-08-12,balance_sheet_policy_shift,2003-07-29,-9,0.0323408842086792
2003-08-12,balance_sheet_policy_shift,2003-07-30,-8,0.03091750293970108
2003-08-12,balance_sheet_policy_shift,2003-07-31,-7,0.031916294246912
2003-08-12,balance_sheet_policy_shift,2003-08-01,-6,0.03188084065914154
2003-08-12,balance_sheet_policy_shift,2003-08-04,-5,0.02792603150010109
2003-08-12,balance_sheet_policy_shift,2003-08-05,-4,0.02923893928527832
2003-08-12,balance_sheet_policy_shift,2003-08-06,-3,0.031175239011645317
2003-08-12,balance_sheet_policy_shift,2003-08-07,-2,0.026017962023615837
2003-08-12,balance_sheet_policy_shift,2003-08-08,-1,0.027124686166644096
2003-08-12,balance_sheet_policy_shift,2003-08-11,0,0.02746002934873104
2003-08-12,risk_balance_shift,2003-06-26,-31,0.033810991793870926
2003-08-12,risk_balance_shift,2003-06-27,-30,0.033652469515800476
2003-08-12,risk_balance_shift,2003-06-30,-29,0.032126158475875854
2003-08-12,risk_balance_shift,2003-07-01,-28,0.03230321779847145
2003-08-12,risk_balance_shift,2003-07-02,-27,0.03324969857931137
2003-08-12,risk_balance_shift,2003-07-03,-26,0.034026965498924255
2003-08-12,risk_balance_shift,2003-07-07,-25,0.031491272151470184
2003-08-12,risk_balance_shift,2003-07-08,-24,0.03348264843225479
2003-08-12,risk_balance_shift,2003-07-09,-23,0.03613035008311272
2003-08-12,risk_balance_shift,2003-07-10,-22,0.0337238684296608
2003-08-12,risk_balance_shift,2003-07-11,-21,0.03272847458720207
2003-08-12,risk_balance_shift,2003-07-14,-20,0.03335750848054886
2003-08-12,risk_balance_shift,2003-07-15,-19,0.03479911759495735
2003-08-12,risk_balance_shift,2003-07-16,-18,0.03281548246741295
2003-08-12,risk_balance_shift,2003-07-17,-17,0.02911090850830078
2003-08-12,risk_balance_shift,2003-07-18,-16,0.031020961701869965
2003-08-12,risk_balance_shift,2003-07-21,-15,0.03310421109199524
2003-08-12,risk_balance_shift,2003-07-22,-14,0.03242690861225128
2003-08-12,risk_balance_shift,2003-07-23,-13,0.03553808107972145
2003-08-12,risk_balance_shift,2003-07-24,-12,0.03670944646000862
2003-08-12,risk_balance_shift,2003-07-25,-11,0.03620332479476929
2003-08-12,risk_balance_shift,2003-07-28,-10,0.034565869718790054
2003-08-12,risk_balance_shift,2003-07-29,-9,0.03244847059249878
2003-08-12,risk_balance_shift,2003-07-30,-8,0.02740817703306675
2003-08-12,risk_balance_shift,2003-07-31,-7,0.032285697758197784
2003-08-12,risk_balance_shift,2003-08-01,-6,0.02817852608859539
2003-08-12,risk_balance_shift,2003-08-04,-5,0.022504452615976334
2003-08-12,risk_balance_shift,2003-08-05,-4,0.025552986189723015
2003-08-12,risk_balance_shift,2003-08-06,-3,0.025805678218603134
2003-08-12,risk_balance_shift,2003-08-07,-2,0.02274729125201702
2003-08-12,risk_balance_shift,2003-08-08,-1,0.02014864981174469
2003-08-12,risk_balance_shift,2003-08-11,0,0.02654213458299637
2003-08-12,committee_dispersion,2003-06-26,-31,0.03245440870523453
2003-08-12,committee_dispersion,2003-06-27,-30,0.029258910566568375
2003-08-12,committee_dispersion,2003-06-30,-29,0.031275901943445206
2003-08-12,committee_dispersion,2003-07-01,-28,0.03151615336537361
2003-08-12,committee_dispersion,2003-07-02,-27,0.03448384627699852
2003-08-12,committee_dispersion,2003-07-03,-26,0.03729492425918579
2003-08-12,committee_dispersion,2003-07-07,-25,0.03186681494116783
2003-08-12,committee_dispersion,2003-07-08,-24,0.030105218291282654
2003-08-12,committee_dispersion,2003-07-09,-23,0.035772718489170074
2003-08-12,committee_dispersion,2003-07-10,-22,0.03521713614463806
2003-08-12,committee_dispersion,2003-07-11,-21,0.034229978919029236
2003-08-12,committee_dispersion,2003-07-14,-20,0.03717224672436714
2003-08-12,committee_dispersion,2003-07-15,-19,0.03569495677947998
2003-08-12,committee_dispersion,2003-07-16,-18,0.03180232644081116
2003-08-12,committee_dispersion,2003-07-17,-17,0.027879031375050545
2003-08-12,committee_dispersion,2003-07-18,-16,0.029984043911099434
2003-08-12,committee_dispersion,2003-07-21,-15,0.030733570456504822
2003-08-12,committee_dispersion,2003-07-22,-14,0.030092855915427208
2003-08-12,committee_dispersion,2003-07-23,-13,0.03710491210222244
2003-08-12,committee_dispersion,2003-07-24,-12,0.03757474198937416
2003-08-12,committee_dispersion,2003-07-25,-11,0.034688934683799744
2003-08-12,committee_dispersion,2003-07-28,-10,0.03673664852976799
2003-08-12,committee_dispersion,2003-07-29,-9,0.031777508556842804
2003-08-12,committee_dispersion,2003-07-30,-8,0.02489980310201645
2003-08-12,committee_dispersion,2003-07-31,-7,0.03139330446720123
2003-08-12,committee_dispersion,2003-08-01,-6,0.026804054155945778
2003-08-12,committee_dispersion,2003-08-04,-5,0.02137807384133339
2003-08-12,committee_dispersion,2003-08-05,-4,0.02755657583475113
2003-08-12,committee_dispersion,2003-08-06,-3,0.024827567860484123
2003-08-12,committee_dispersion,2003-08-07,-2,0.026238296180963516
2003-08-12,committee_dispersion,2003-08-08,-1,0.021336190402507782
2003-08-12,committee_dispersion,2003-08-11,0,0.030848346650600433
2003-08-12,policy_uncertainty,2003-06-26,-31,0.03314816951751709
2003-08-12,policy_uncertainty,2003-06-27,-30,0.029975678771734238
2003-08-12,policy_uncertainty,2003-06-30,-29,0.03145657107234001
2003-08-12,policy_uncertainty,2003-07-01,-28,0.03192845359444618
2003-08-12,policy_uncertainty,2003-07-02,-27,0.034273527562618256
2003-08-12,policy_uncertainty,2003-07-03,-26,0.0363280326128006
2003-08-12,policy_uncertainty,2003-07-07,-25,0.03132949396967888
2003-08-12,policy_uncertainty,2003-07-08,-24,0.030507110059261322
2003-08-12,policy_uncertainty,2003-07-09,-23,0.03605179861187935
2003-08-12,policy_uncertainty,2003-07-10,-22,0.035329606384038925
2003-08-12,policy_uncertainty,2003-07-11,-21,0.034274958074092865
2003-08-12,policy_uncertainty,2003-07-14,-20,0.03648724779486656
2003-08-12,policy_uncertainty,2003-07-15,-19,0.0357540100812912
2003-08-12,policy_uncertainty,2003-07-16,-18,0.03217266499996185
2003-08-12,policy_uncertainty,2003-07-17,-17,0.028174351900815964
2003-08-12,policy_uncertainty,2003-07-18,-16,0.030048908665776253
2003-08-12,policy_uncertainty,2003-07-21,-15,0.030836842954158783
2003-08-12,policy_uncertainty,2003-07-22,-14,0.0301973819732666
2003-08-12,policy_uncertainty,2003-07-23,-13,0.03709868714213371
2003-08-12,policy_uncertainty,2003-07-24,-12,0.03770943358540535
2003-08-12,policy_uncertainty,2003-07-25,-11,0.035403940826654434
2003-08-12,policy_uncertainty,2003-07-28,-10,0.036466363817453384
2003-08-12,policy_uncertainty,2003-07-29,-9,0.031957726925611496
2003-08-12,policy_uncertainty,2003-07-30,-8,0.025278083980083466
2003-08-12,policy_uncertainty,2003-07-31,-7,0.03184610605239868
2003-08-12,policy_uncertainty,2003-08-01,-6,0.027045369148254395
2003-08-12,policy_uncertainty,2003-08-04,-5,0.021190036088228226
2003-08-12,policy_uncertainty,2003-08-05,-4,0.02708641067147255
2003-08-12,policy_uncertainty,2003-08-06,-3,0.024894436821341515
2003-08-12,policy_uncertainty,2003-08-07,-2,0.02532656490802765
2003-08-12,policy_uncertainty,2003-08-08,-1,0.020543428137898445
2003-08-12,policy_uncertainty,2003-08-11,0,0.029878586530685425
2003-08-12,forward_guidance_strength,2003-06-26,-31,0.03084450401365757
2003-08-12,forward_guidance_strength,2003-06-27,-30,0.03648301213979721
2003-08-12,forward_guidance_strength,2003-06-30,-29,0.03202999010682106
2003-08-12,forward_guidance_strength,2003-07-01,-28,0.032102346420288086
2003-08-12,forward_guidance_strength,2003-07-02,-27,0.028715403750538826
2003-08-12,forward_guidance_strength,2003-07-03,-26,0.02713022008538246
2003-08-12,forward_guidance_strength,2003-07-07,-25,0.030743811279535294
2003-08-12,forward_guidance_strength,2003-07-08,-24,0.035650771111249924
2003-08-12,forward_guidance_strength,2003-07-09,-23,0.030995458364486694
2003-08-12,forward_guidance_strength,2003-07-10,-22,0.028845665976405144
2003-08-12,forward_guidance_strength,2003-07-11,-21,0.028415529057383537
2003-08-12,forward_guidance_strength,2003-07-14,-20,0.026462525129318237
2003-08-12,forward_guidance_strength,2003-07-15,-19,0.029416203498840332
2003-08-12,forward_guidance_strength,2003-07-16,-18,0.03277493640780449
2003-08-12,forward_guidance_strength,2003-07-17,-17,0.03250522166490555
2003-08-12,forward_guidance_strength,2003-07-18,-16,0.03221314772963524
2003-08-12,forward_guidance_strength,2003-07-21,-15,0.03366534411907196
2003-08-12,forward_guidance_strength,2003-07-22,-14,0.03433692455291748
2003-08-12,forward_guidance_strength,2003-07-23,-13,0.02701348066329956
2003-08-12,forward_guidance_strength,2003-07-24,-12,0.028564639389514923
2003-08-12,forward_guidance_strength,2003-07-25,-11,0.030419697985053062
2003-08-12,forward_guidance_strength,2003-07-28,-10,0.027873504906892776
2003-08-12,forward_guidance_strength,2003-07-29,-9,0.03180908039212227
2003-08-12,forward_guidance_strength,2003-07-30,-8,0.03481985628604889
2003-08-12,forward_guidance_strength,2003-07-31,-7,0.02963937819004059
2003-08-12,forward_guidance_strength,2003-08-01,-6,0.03475658968091011
2003-08-12,forward_guidance_strength,2003-08-04,-5,0.034280925989151
2003-08-12,forward_guidance_strength,2003-08-05,-4,0.030746571719646454
2003-08-12,forward_guidance_strength,2003-08-06,-3,0.035364940762519836
2003-08-12,forward_guidance_strength,2003-08-07,-2,0.029342811554670334
2003-08-12,forward_guidance_strength,2003-08-08,-1,0.03413987159729004
2003-08-12,forward_guidance_strength,2003-08-11,0,0.027897575870156288
2003-09-16,rate_decision,2003-08-13,-22,0.04651172086596489
2003-09-16,rate_decision,2003-08-14,-21,0.04232625663280487
2003-09-16,rate_decision,2003-08-15,-20,0.04167913645505905
2003-09-16,rate_decision,2003-08-18,-19,0.04617134854197502
2003-09-16,rate_decision,2003-08-19,-18,0.04752756282687187
2003-09-16,rate_decision,2003-08-20,-17,0.05104048550128937
2003-09-16,rate_decision,2003-08-21,-16,0.047704506665468216
2003-09-16,rate_decision,2003-08-22,-15,0.05148361250758171
2003-09-16,rate_decision,2003-08-25,-14,0.04488559067249298
2003-09-16,rate_decision,2003-08-26,-13,0.044409990310668945
2003-09-16,rate_decision,2003-08-27,-12,0.04700217768549919
2003-09-16,rate_decision,2003-08-28,-11,0.0483686625957489
2003-09-16,rate_decision,2003-08-29,-10,0.05019176006317139
2003-09-16,rate_decision,2003-09-02,-9,0.03827302157878876
2003-09-16,rate_decision,2003-09-03,-8,0.04341624304652214
2003-09-16,rate_decision,2003-09-04,-7,0.04101936146616936
2003-09-16,rate_decision,2003-09-05,-6,0.04127274453639984
2003-09-16,rate_decision,2003-09-08,-5,0.04063268005847931
2003-09-16,rate_decision,2003-09-09,-4,0.03753293678164482
2003-09-16,rate_decision,2003-09-10,-3,0.03572709485888481
2003-09-16,rate_decision,2003-09-11,-2,0.034983500838279724
2003-09-16,rate_decision,2003-09-12,-1,0.03973441943526268
2003-09-16,rate_decision,2003-09-15,0,0.03810522332787514
2003-09-16,current_policy_stance,2003-08-13,-22,0.0475153811275959
2003-09-16,current_policy_stance,2003-08-14,-21,0.036656979471445084
2003-09-16,current_policy_stance,2003-08-15,-20,0.04097893089056015
2003-09-16,current_policy_stance,2003-08-18,-19,0.043556444346904755
2003-09-16,current_policy_stance,2003-08-19,-18,0.04676315560936928
2003-09-16,current_policy_stance,2003-08-20,-17,0.045199185609817505
2003-09-16,current_policy_stance,2003-08-21,-16,0.04106144979596138
2003-09-16,current_policy_stance,2003-08-22,-15,0.04543767124414444
2003-09-16,current_policy_stance,2003-08-25,-14,0.0373237319290638
2003-09-16,current_policy_stance,2003-08-26,-13,0.03828497231006622
2003-09-16,current_policy_stance,2003-08-27,-12,0.04947061091661453
2003-09-16,current_policy_stance,2003-08-28,-11,0.04415637627243996
2003-09-16,current_policy_stance,2003-08-29,-10,0.044980961829423904
2003-09-16,current_policy_stance,2003-09-02,-9,0.031286872923374176
2003-09-16,current_policy_stance,2003-09-03,-8,0.03981167450547218
2003-09-16,current_policy_stance,2003-09-04,-7,0.04043547436594963
2003-09-16,current_policy_stance,2003-09-05,-6,0.04196885600686073
2003-09-16,current_policy_stance,2003-09-08,-5,0.04803185909986496
2003-09-16,current_policy_stance,2003-09-09,-4,0.042116597294807434
2003-09-16,current_policy_stance,2003-09-10,-3,0.04295150563120842
2003-09-16,current_policy_stance,2003-09-11,-2,0.04525751993060112
2003-09-16,current_policy_stance,2003-09-12,-1,0.05048483982682228
2003-09-16,current_policy_stance,2003-09-15,0,0.05626896396279335
2003-09-16,policy_stance_shift,2003-08-13,-22,0.04867046698927879
2003-09-16,policy_stance_shift,2003-08-14,-21,0.04096575081348419
2003-09-16,policy_stance_shift,2003-08-15,-20,0.04381231591105461
2003-09-16,policy_stance_shift,2003-08-18,-19,0.04470483586192131
2003-09-16,policy_stance_shift,2003-08-19,-18,0.045425355434417725
2003-09-16,policy_stance_shift,2003-08-20,-17,0.04579225182533264
2003-09-16,policy_stance_shift,2003-08-21,-16,0.04465019702911377
2003-09-16,policy_stance_shift,2003-08-22,-15,0.0479835569858551
2003-09-16,policy_stance_shift,2003-08-25,-14,0.03789416700601578
2003-09-16,policy_stance_shift,2003-08-26,-13,0.04342927038669586
2003-09-16,policy_stance_shift,2003-08-27,-12,0.04923507571220398
2003-09-16,policy_stance_shift,2003-08-28,-11,0.04378587007522583
2003-09-16,policy_stance_shift,2003-08-29,-10,0.04233607277274132
2003-09-16,policy_stance_shift,2003-09-02,-9,0.03659047186374664
2003-09-16,policy_stance_shift,2003-09-03,-8,0.04303406924009323
2003-09-16,policy_stance_shift,2003-09-04,-7,0.039490461349487305
2003-09-16,policy_stance_shift,2003-09-05,-6,0.039111893624067307
2003-09-16,policy_stance_shift,2003-09-08,-5,0.04406179487705231
2003-09-16,policy_stance_shift,2003-09-09,-4,0.04088312387466431
2003-09-16,policy_stance_shift,2003-09-10,-3,0.03977049142122269
2003-09-16,policy_stance_shift,2003-09-11,-2,0.04007473587989807
2003-09-16,policy_stance_shift,2003-09-12,-1,0.04964763671159744
2003-09-16,policy_stance_shift,2003-09-15,0,0.04865015670657158
2003-09-16,expected_rate_path_shift,2003-08-13,-22,0.04714163392782211
2003-09-16,expected_rate_path_shift,2003-08-14,-21,0.03994697332382202
2003-09-16,expected_rate_path_shift,2003-08-15,-20,0.04300759360194206
2003-09-16,expected_rate_path_shift,2003-08-18,-19,0.04425360634922981
2003-09-16,expected_rate_path_shift,2003-08-19,-18,0.045643776655197144
2003-09-16,expected_rate_path_shift,2003-08-20,-17,0.04566233977675438
2003-09-16,expected_rate_path_shift,2003-08-21,-16,0.04388229921460152
2003-09-16,expected_rate_path_shift,2003-08-22,-15,0.04767255485057831
2003-09-16,expected_rate_path_shift,2003-08-25,-14,0.03861234709620476
2003-09-16,expected_rate_path_shift,2003-08-26,-13,0.04392469674348831
2003-09-16,expected_rate_path_shift,2003-08-27,-12,0.04911583662033081
2003-09-16,expected_rate_path_shift,2003-08-28,-11,0.04407329857349396
2003-09-16,expected_rate_path_shift,2003-08-29,-10,0.04406699165701866
2003-09-16,expected_rate_path_shift,2003-09-02,-9,0.03669556975364685
2003-09-16,expected_rate_path_shift,2003-09-03,-8,0.043485239148139954
2003-09-16,expected_rate_path_shift,2003-09-04,-7,0.04003883898258209
2003-09-16,expected_rate_path_shift,2003-09-05,-6,0.04004637151956558
2003-09-16,expected_rate_path_shift,2003-09-08,-5,0.04446328803896904
2003-09-16,expected_rate_path_shift,2003-09-09,-4,0.04066719114780426
2003-09-16,expected_rate_path_shift,2003-09-10,-3,0.04000726342201233
2003-09-16,expected_rate_path_shift,2003-09-11,-2,0.04064886271953583
2003-09-16,expected_rate_path_shift,2003-09-12,-1,0.04881469905376434
2003-09-16,expected_rate_path_shift,2003-09-15,0,0.0481286495923996
2003-09-16,inflation_assessment_shift,2003-08-13,-22,0.05081208795309067
2003-09-16,inflation_assessment_shift,2003-08-14,-21,0.042777303606271744
2003-09-16,inflation_assessment_shift,2003-08-15,-20,0.043852485716342926
2003-09-16,inflation_assessment_shift,2003-08-18,-19,0.045550793409347534
2003-09-16,inflation_assessment_shift,2003-08-19,-18,0.04496411979198456
2003-09-16,inflation_assessment_shift,2003-08-20,-17,0.04663512855768204
2003-09-16,inflation_assessment_shift,2003-08-21,-16,0.04765625298023224
2003-09-16,inflation_assessment_shift,2003-08-22,-15,0.048974666744470596
2003-09-16,inflation_assessment_shift,2003-08-25,-14,0.03952374309301376
2003-09-16,inflation_assessment_shift,2003-08-26,-13,0.044642217457294464
2003-09-16,inflation_assessment_shift,2003-08-27,-12,0.04892062768340111
2003-09-16,inflation_assessment_shift,2003-08-28,-11,0.04479973390698433
2003-09-16,inflation_assessment_shift,2003-08-29,-10,0.042457591742277145
2003-09-16,inflation_assessment_shift,2003-09-02,-9,0.038686513900756836
2003-09-16,inflation_assessment_shift,2003-09-03,-8,0.043903231620788574
2003-09-16,inflation_assessment_shift,2003-09-04,-7,0.03963974863290787
2003-09-16,inflation_assessment_shift,2003-09-05,-6,0.038497358560562134
2003-09-16,inflation_assessment_shift,2003-09-08,-5,0.04175708442926407
2003-09-16,inflation_assessment_shift,2003-09-09,-4,0.03899235278367996
2003-09-16,inflation_assessment_shift,2003-09-10,-3,0.037791065871715546
2003-09-16,inflation_assessment_shift,2003-09-11,-2,0.03631560876965523
2003-09-16,inflation_assessment_shift,2003-09-12,-1,0.04625694453716278
2003-09-16,inflation_assessment_shift,2003-09-15,0,0.046593353152275085
2003-09-16,inflation_risk_shift,2003-08-13,-22,0.04602035880088806
2003-09-16,inflation_risk_shift,2003-08-14,-21,0.04373209923505783
2003-09-16,inflation_risk_shift,2003-08-15,-20,0.04534560814499855
2003-09-16,inflation_risk_shift,2003-08-18,-19,0.04489348456263542
2003-09-16,inflation_risk_shift,2003-08-19,-18,0.045266952365636826
2003-09-16,inflation_risk_shift,2003-08-20,-17,0.044499076902866364
2003-09-16,inflation_risk_shift,2003-08-21,-16,0.044609129428863525
2003-09-16,inflation_risk_shift,2003-08-22,-15,0.048367612063884735
2003-09-16,inflation_risk_shift,2003-08-25,-14,0.03634188696742058
2003-09-16,inflation_risk_shift,2003-08-26,-13,0.04560253024101257
2003-09-16,inflation_risk_shift,2003-08-27,-12,0.048977080732584
2003-09-16,inflation_risk_shift,2003-08-28,-11,0.04403563588857651
2003-09-16,inflation_risk_shift,2003-08-29,-10,0.038972407579422
2003-09-16,inflation_risk_shift,2003-09-02,-9,0.039228830486536026
2003-09-16,inflation_risk_shift,2003-09-03,-8,0.0449439100921154
2003-09-16,inflation_risk_shift,2003-09-04,-7,0.04030071198940277
2003-09-16,inflation_risk_shift,2003-09-05,-6,0.03962250053882599
2003-09-16,inflation_risk_shift,2003-09-08,-5,0.04309095814824104
2003-09-16,inflation_risk_shift,2003-09-09,-4,0.04172687232494354
2003-09-16,inflation_risk_shift,2003-09-10,-3,0.03943200409412384
2003-09-16,inflation_risk_shift,2003-09-11,-2,0.04011329263448715
2003-09-16,inflation_risk_shift,2003-09-12,-1,0.04932224005460739
2003-09-16,inflation_risk_shift,2003-09-15,0,0.04555482789874077
2003-09-16,unemployment_assessment_shift,2003-08-13,-22,0.04788805544376373
2003-09-16,unemployment_assessment_shift,2003-08-14,-21,0.040607452392578125
2003-09-16,unemployment_assessment_shift,2003-08-15,-20,0.04342229291796684
2003-09-16,unemployment_assessment_shift,2003-08-18,-19,0.04537303000688553
2003-09-16,unemployment_assessment_shift,2003-08-19,-18,0.04653315618634224
2003-09-16,unemployment_assessment_shift,2003-08-20,-17,0.04584790766239166
2003-09-16,unemployment_assessment_shift,2003-08-21,-16,0.04583771526813507
2003-09-16,unemployment_assessment_shift,2003-08-22,-15,0.048364028334617615
2003-09-16,unemployment_assessment_shift,2003-08-25,-14,0.038032207638025284
2003-09-16,unemployment_assessment_shift,2003-08-26,-13,0.04243659973144531
2003-09-16,unemployment_assessment_shift,2003-08-27,-12,0.05040007457137108
2003-09-16,unemployment_assessment_shift,2003-08-28,-11,0.044204231351614
2003-09-16,unemployment_assessment_shift,2003-08-29,-10,0.04169227182865143
2003-09-16,unemployment_assessment_shift,2003-09-02,-9,0.03670736029744148
2003-09-16,unemployment_assessment_shift,2003-09-03,-8,0.04304775223135948
2003-09-16,unemployment_assessment_shift,2003-09-04,-7,0.039594072848558426
2003-09-16,unemployment_assessment_shift,2003-09-05,-6,0.038618408143520355
2003-09-16,unemployment_assessment_shift,2003-09-08,-5,0.04387153685092926
2003-09-16,unemployment_assessment_shift,2003-09-09,-4,0.04120544344186783
2003-09-16,unemployment_assessment_shift,2003-09-10,-3,0.03933078050613403
2003-09-16,unemployment_assessment_shift,2003-09-11,-2,0.04024514555931091
2003-09-16,unemployment_assessment_shift,2003-09-12,-1,0.04898310452699661
2003-09-16,unemployment_assessment_shift,2003-09-15,0,0.047757383435964584
2003-09-16,labor_market_risk_shift,2003-08-13,-22,0.04898323118686676
2003-09-16,labor_market_risk_shift,2003-08-14,-21,0.04044784978032112
2003-09-16,labor_market_risk_shift,2003-08-15,-20,0.04358857125043869
2003-09-16,labor_market_risk_shift,2003-08-18,-19,0.04589066654443741
2003-09-16,labor_market_risk_shift,2003-08-19,-18,0.04703380912542343
2003-09-16,labor_market_risk_shift,2003-08-20,-17,0.04730185121297836
2003-09-16,labor_market_risk_shift,2003-08-21,-16,0.0446649007499218
2003-09-16,labor_market_risk_shift,2003-08-22,-15,0.048710502684116364
2003-09-16,labor_market_risk_shift,2003-08-25,-14,0.03690031170845032
2003-09-16,labor_market_risk_shift,2003-08-26,-13,0.043364331126213074
2003-09-16,labor_market_risk_shift,2003-08-27,-12,0.050112560391426086
2003-09-16,labor_market_risk_shift,2003-08-28,-11,0.04501185938715935
2003-09-16,labor_market_risk_shift,2003-08-29,-10,0.043161749839782715
2003-09-16,labor_market_risk_shift,2003-09-02,-9,0.034815967082977295
2003-09-16,labor_market_risk_shift,2003-09-03,-8,0.04176357015967369
2003-09-16,labor_market_risk_shift,2003-09-04,-7,0.03887210413813591
2003-09-16,labor_market_risk_shift,2003-09-05,-6,0.039548978209495544
2003-09-16,labor_market_risk_shift,2003-09-08,-5,0.0439581535756588
2003-09-16,labor_market_risk_shift,2003-09-09,-4,0.04046548902988434
2003-09-16,labor_market_risk_shift,2003-09-10,-3,0.03912626951932907
2003-09-16,labor_market_risk_shift,2003-09-11,-2,0.03959235921502113
2003-09-16,labor_market_risk_shift,2003-09-12,-1,0.04907340928912163
2003-09-16,labor_market_risk_shift,2003-09-15,0,0.0476115457713604
2003-09-16,growth_activity_shift,2003-08-13,-22,0.0428558811545372
2003-09-16,growth_activity_shift,2003-08-14,-21,0.050976239144802094
2003-09-16,growth_activity_shift,2003-08-15,-20,0.04677574709057808
2003-09-16,growth_activity_shift,2003-08-18,-19,0.04471808671951294
2003-09-16,growth_activity_shift,2003-08-19,-18,0.04182133078575134
2003-09-16,growth_activity_shift,2003-08-20,-17,0.04352487623691559
2003-09-16,growth_activity_shift,2003-08-21,-16,0.047539375722408295
2003-09-16,growth_activity_shift,2003-08-22,-15,0.046212904155254364
2003-09-16,growth_activity_shift,2003-08-25,-14,0.04457695782184601
2003-09-16,growth_activity_shift,2003-08-26,-13,0.05105341225862503
2003-09-16,growth_activity_shift,2003-08-27,-12,0.04173390567302704
2003-09-16,growth_activity_shift,2003-08-28,-11,0.04298233985900879
2003-09-16,growth_activity_shift,2003-08-29,-10,0.03972604125738144
2003-09-16,growth_activity_shift,2003-09-02,-9,0.05371180549263954
2003-09-16,growth_activity_shift,2003-09-03,-8,0.04814654216170311
2003-09-16,growth_activity_shift,2003-09-04,-7,0.042370814830064774
2003-09-16,growth_activity_shift,2003-09-05,-6,0.03977226838469505
2003-09-16,growth_activity_shift,2003-09-08,-5,0.0376778170466423
2003-09-16,growth_activity_shift,2003-09-09,-4,0.04184747859835625
2003-09-16,growth_activity_shift,2003-09-10,-3,0.03960469737648964
2003-09-16,growth_activity_shift,2003-09-11,-2,0.036562636494636536
2003-09-16,growth_activity_shift,2003-09-12,-1,0.04162910208106041
2003-09-16,growth_activity_shift,2003-09-15,0,0.03417976200580597
2003-09-16,financial_conditions_shift,2003-08-13,-22,0.04837343469262123
2003-09-16,financial_conditions_shift,2003-08-14,-21,0.04297005012631416
2003-09-16,financial_conditions_shift,2003-08-15,-20,0.044984832406044006
2003-09-16,financial_conditions_shift,2003-08-18,-19,0.04508590325713158
2003-09-16,financial_conditions_shift,2003-08-19,-18,0.045528918504714966
2003-09-16,financial_conditions_shift,2003-08-20,-17,0.04556071013212204
2003-09-16,financial_conditions_shift,2003-08-21,-16,0.04584350809454918
2003-09-16,financial_conditions_shift,2003-08-22,-15,0.04836231470108032
2003-09-16,financial_conditions_shift,2003-08-25,-14,0.03769933059811592
2003-09-16,financial_conditions_shift,2003-08-26,-13,0.04604792222380638
2003-09-16,financial_conditions_shift,2003-08-27,-12,0.04858286306262016
2003-09-16,financial_conditions_shift,2003-08-28,-11,0.04386117681860924
2003-09-16,financial_conditions_shift,2003-08-29,-10,0.04042127728462219
2003-09-16,financial_conditions_shift,2003-09-02,-9,0.0394873209297657
2003-09-16,financial_conditions_shift,2003-09-03,-8,0.04426058754324913
2003-09-16,financial_conditions_shift,2003-09-04,-7,0.03913060948252678
2003-09-16,financial_conditions_shift,2003-09-05,-6,0.038283463567495346
2003-09-16,financial_conditions_shift,2003-09-08,-5,0.042122550308704376
2003-09-16,financial_conditions_shift,2003-09-09,-4,0.0412297323346138
2003-09-16,financial_conditions_shift,2003-09-10,-3,0.03952588886022568
2003-09-16,financial_conditions_shift,2003-09-11,-2,0.038887567818164825
2003-09-16,financial_conditions_shift,2003-09-12,-1,0.04870758578181267
2003-09-16,financial_conditions_shift,2003-09-15,0,0.04504244774580002
2003-09-16,risk_balance_shift,2003-08-13,-22,0.04961170628666878
2003-09-16,risk_balance_shift,2003-08-14,-21,0.0416293703019619
2003-09-16,risk_balance_shift,2003-08-15,-20,0.043540649116039276
2003-09-16,risk_balance_shift,2003-08-18,-19,0.04520311951637268
2003-09-16,risk_balance_shift,2003-08-19,-18,0.04673724249005318
2003-09-16,risk_balance_shift,2003-08-20,-17,0.04613146185874939
2003-09-16,risk_balance_shift,2003-08-21,-16,0.0446883887052536
2003-09-16,risk_balance_shift,2003-08-22,-15,0.04900204762816429
2003-09-16,risk_balance_shift,2003-08-25,-14,0.03743039071559906
2003-09-16,risk_balance_shift,2003-08-26,-13,0.04443761333823204
2003-09-16,risk_balance_shift,2003-08-27,-12,0.04987625777721405
2003-09-16,risk_balance_shift,2003-08-28,-11,0.04515400528907776
2003-09-16,risk_balance_shift,2003-08-29,-10,0.04317719489336014
2003-09-16,risk_balance_shift,2003-09-02,-9,0.036245785653591156
2003-09-16,risk_balance_shift,2003-09-03,-8,0.043368928134441376
2003-09-16,risk_balance_shift,2003-09-04,-7,0.03927642107009888
2003-09-16,risk_balance_shift,2003-09-05,-6,0.03963128477334976
2003-09-16,risk_balance_shift,2003-09-08,-5,0.042852580547332764
2003-09-16,risk_balance_shift,2003-09-09,-4,0.039967261254787445
2003-09-16,risk_balance_shift,2003-09-10,-3,0.03860294818878174
2003-09-16,risk_balance_shift,2003-09-11,-2,0.037797003984451294
2003-09-16,risk_balance_shift,2003-09-12,-1,0.048607949167490005
2003-09-16,risk_balance_shift,2003-09-15,0,0.04703036695718765
2003-09-16,committee_dispersion,2003-08-13,-22,0.047839295119047165
2003-09-16,committee_dispersion,2003-08-14,-21,0.036605264991521835
2003-09-16,committee_dispersion,2003-08-15,-20,0.04122944548726082
2003-09-16,committee_dispersion,2003-08-18,-19,0.04319104552268982
2003-09-16,committee_dispersion,2003-08-19,-18,0.0465673990547657
2003-09-16,committee_dispersion,2003-08-20,-17,0.04558015614748001
2003-09-16,committee_dispersion,2003-08-21,-16,0.04154876619577408
2003-09-16,committee_dispersion,2003-08-22,-15,0.04554006829857826
2003-09-16,committee_dispersion,2003-08-25,-14,0.03744029253721237
2003-09-16,committee_dispersion,2003-08-26,-13,0.039149634540081024
2003-09-16,committee_dispersion,2003-08-27,-12,0.04945474863052368
2003-09-16,committee_dispersion,2003-08-28,-11,0.043844833970069885
2003-09-16,committee_dispersion,2003-08-29,-10,0.04523259773850441
2003-09-16,committee_dispersion,2003-09-02,-9,0.032379150390625
2003-09-16,committee_dispersion,2003-09-03,-8,0.04050532728433609
2003-09-16,committee_dispersion,2003-09-04,-7,0.04031699150800705
2003-09-16,committee_dispersion,2003-09-05,-6,0.041194669902324677
2003-09-16,committee_dispersion,2003-09-08,-5,0.04754113778471947
2003-09-16,committee_dispersion,2003-09-09,-4,0.04180930554866791
2003-09-16,committee_dispersion,2003-09-10,-3,0.04244247078895569
2003-09-16,committee_dispersion,2003-09-11,-2,0.04449642822146416
2003-09-16,committee_dispersion,2003-09-12,-1,0.05052746459841728
2003-09-16,committee_dispersion,2003-09-15,0,0.055563539266586304
2003-09-16,policy_uncertainty,2003-08-13,-22,0.047882117331027985
2003-09-16,policy_uncertainty,2003-08-14,-21,0.03694452717900276
2003-09-16,policy_uncertainty,2003-08-15,-20,0.04150182381272316
2003-09-16,policy_uncertainty,2003-08-18,-19,0.04430079832673073
2003-09-16,policy_uncertainty,2003-08-19,-18,0.04725087434053421
2003-09-16,policy_uncertainty,2003-08-20,-17,0.045656729489564896
2003-09-16,policy_uncertainty,2003-08-21,-16,0.041963450610637665
2003-09-16,policy_uncertainty,2003-08-22,-15,0.04591330140829086
2003-09-16,policy_uncertainty,2003-08-25,-14,0.03734482824802399
2003-09-16,policy_uncertainty,2003-08-26,-13,0.03890557959675789
2003-09-16,policy_uncertainty,2003-08-27,-12,0.050244491547346115
2003-09-16,policy_uncertainty,2003-08-28,-11,0.04433010146021843
2003-09-16,policy_uncertainty,2003-08-29,-10,0.044525306671857834
2003-09-16,policy_uncertainty,2003-09-02,-9,0.031962454319000244
2003-09-16,policy_uncertainty,2003-09-03,-8,0.0398276261985302
2003-09-16,policy_uncertainty,2003-09-04,-7,0.04016827046871185
2003-09-16,policy_uncertainty,2003-09-05,-6,0.04118683561682701
2003-09-16,policy_uncertainty,2003-09-08,-5,0.047511421144008636
2003-09-16,policy_uncertainty,2003-09-09,-4,0.04185570403933525
2003-09-16,policy_uncertainty,2003-09-10,-3,0.04193230718374252
2003-09-16,policy_uncertainty,2003-09-11,-2,0.04450221359729767
2003-09-16,policy_uncertainty,2003-09-12,-1,0.049815911799669266
2003-09-16,policy_uncertainty,2003-09-15,0,0.054473310708999634
2003-09-16,forward_guidance_strength,2003-08-13,-22,0.04721703752875328
2003-09-16,forward_guidance_strength,2003-08-14,-21,0.04140099510550499
2003-09-16,forward_guidance_strength,2003-08-15,-20,0.04354791343212128
2003-09-16,forward_guidance_strength,2003-08-18,-19,0.04415281116962433
2003-09-16,forward_guidance_strength,2003-08-19,-18,0.046172354370355606
2003-09-16,forward_guidance_strength,2003-08-20,-17,0.045331746339797974
2003-09-16,forward_guidance_strength,2003-08-21,-16,0.04291670769453049
2003-09-16,forward_guidance_strength,2003-08-22,-15,0.04898232966661453
2003-09-16,forward_guidance_strength,2003-08-25,-14,0.036726996302604675
2003-09-16,forward_guidance_strength,2003-08-26,-13,0.043730445206165314
2003-09-16,forward_guidance_strength,2003-08-27,-12,0.04876791685819626
2003-09-16,forward_guidance_strength,2003-08-28,-11,0.04518655687570572
2003-09-16,forward_guidance_strength,2003-08-29,-10,0.04227561131119728
2003-09-16,forward_guidance_strength,2003-09-02,-9,0.035538870841264725
2003-09-16,forward_guidance_strength,2003-09-03,-8,0.043743617832660675
2003-09-16,forward_guidance_strength,2003-09-04,-7,0.03977431356906891
2003-09-16,forward_guidance_strength,2003-09-05,-6,0.04053472727537155
2003-09-16,forward_guidance_strength,2003-09-08,-5,0.043753933161497116
2003-09-16,forward_guidance_strength,2003-09-09,-4,0.04082625359296799
2003-09-16,forward_guidance_strength,2003-09-10,-3,0.040217094123363495
2003-09-16,forward_guidance_strength,2003-09-11,-2,0.03894154727458954
2003-09-16,forward_guidance_strength,2003-09-12,-1,0.05063270777463913
2003-09-16,forward_guidance_strength,2003-09-15,0,0.04962751269340515
2003-10-28,rate_decision,2003-09-17,-27,0.028773894533514977
2003-10-28,rate_decision,2003-09-18,-26,0.023764396086335182
2003-10-28,rate_decision,2003-09-19,-25,0.027172064408659935
2003-10-28,rate_decision,2003-09-22,-24,0.02843821607530117
2003-10-28,rate_decision,2003-09-23,-23,0.031206641346216202
2003-10-28,rate_decision,2003-09-24,-22,0.03075198084115982
2003-10-28,rate_decision,2003-09-25,-21,0.030206827446818352
2003-10-28,rate_decision,2003-09-26,-20,0.031277794390916824
2003-10-28,rate_decision,2003-09-29,-19,0.0327829048037529
2003-10-28,rate_decision,2003-09-30,-18,0.03561578691005707
2003-10-28,rate_decision,2003-10-01,-17,0.038582950830459595
2003-10-28,rate_decision,2003-10-02,-16,0.04327281191945076
2003-10-28,rate_decision,2003-10-03,-15,0.047744639217853546
2003-10-28,rate_decision,2003-10-06,-14,0.04524267092347145
2003-10-28,rate_decision,2003-10-07,-13,0.0420297272503376
2003-10-28,rate_decision,2003-10-08,-12,0.036588504910469055
2003-10-28,rate_decision,2003-10-09,-11,0.04220246151089668
2003-10-28,rate_decision,2003-10-10,-10,0.04588817059993744
2003-10-28,rate_decision,2003-10-14,-9,0.045720990747213364
2003-10-28,rate_decision,2003-10-15,-8,0.04014301300048828
2003-10-28,rate_decision,2003-10-16,-7,0.037636302411556244
2003-10-28,rate_decision,2003-10-17,-6,0.03734726086258888
2003-10-28,rate_decision,2003-10-20,-5,0.036609917879104614
2003-10-28,rate_decision,2003-10-21,-4,0.033751677721738815
2003-10-28,rate_decision,2003-10-22,-3,0.033133506774902344
2003-10-28,rate_decision,2003-10-23,-2,0.031283192336559296
2003-10-28,rate_decision,2003-10-24,-1,0.02938881516456604
2003-10-28,rate_decision,2003-10-27,0,0.033442892134189606
2003-10-28,current_policy_stance,2003-09-17,-27,0.030592314898967743
2003-10-28,current_policy_stance,2003-09-18,-26,0.028321046382188797
2003-10-28,current_policy_stance,2003-09-19,-25,0.03077075630426407
2003-10-28,current_policy_stance,2003-09-22,-24,0.03109782561659813
2003-10-28,current_policy_stance,2003-09-23,-23,0.025672953575849533
2003-10-28,current_policy_stance,2003-09-24,-22,0.02811550721526146
2003-10-28,current_policy_stance,2003-09-25,-21,0.026351742446422577
2003-10-28,current_policy_stance,2003-09-26,-20,0.02764207124710083
2003-10-28,current_policy_stance,2003-09-29,-19,0.03403331711888313
2003-10-28,current_policy_stance,2003-09-30,-18,0.034325696527957916
2003-10-28,current_policy_stance,2003-10-01,-17,0.038337964564561844
2003-10-28,current_policy_stance,2003-10-02,-16,0.04115835204720497
2003-10-28,current_policy_stance,2003-10-03,-15,0.05080517381429672
2003-10-28,current_policy_stance,2003-10-06,-14,0.04370829463005066
2003-10-28,current_policy_stance,2003-10-07,-13,0.046006154268980026
2003-10-28,current_policy_stance,2003-10-08,-12,0.038736291229724884
2003-10-28,current_policy_stance,2003-10-09,-11,0.04476867988705635
2003-10-28,current_policy_stance,2003-10-10,-10,0.0424489825963974
2003-10-28,current_policy_stance,2003-10-14,-9,0.04205171763896942
2003-10-28,current_policy_stance,2003-10-15,-8,0.033458419144153595
2003-10-28,current_policy_stance,2003-10-16,-7,0.035088520497083664
2003-10-28,current_policy_stance,2003-10-17,-6,0.030640041455626488
2003-10-28,current_policy_stance,2003-10-20,-5,0.033665649592876434
2003-10-28,current_policy_stance,2003-10-21,-4,0.02962629497051239
2003-10-28,current_policy_stance,2003-10-22,-3,0.036951757967472076
2003-10-28,current_policy_stance,2003-10-23,-2,0.03676380217075348
2003-10-28,current_policy_stance,2003-10-24,-1,0.03756139427423477
2003-10-28,current_policy_stance,2003-10-27,0,0.04129926860332489
2003-10-28,policy_stance_shift,2003-09-17,-27,0.029396943747997284
2003-10-28,policy_stance_shift,2003-09-18,-26,0.027279702946543694
2003-10-28,policy_stance_shift,2003-09-19,-25,0.03240874409675598
2003-10-28,policy_stance_shift,2003-09-22,-24,0.032349102199077606
2003-10-28,policy_stance_shift,2003-09-23,-23,0.02861274592578411
2003-10-28,policy_stance_shift,2003-09-24,-22,0.028436314314603806
2003-10-28,policy_stance_shift,2003-09-25,-21,0.026731645688414574
2003-10-28,policy_stance_shift,2003-09-26,-20,0.028028948232531548
2003-10-28,policy_stance_shift,2003-09-29,-19,0.03324437141418457
2003-10-28,policy_stance_shift,2003-09-30,-18,0.035102296620607376
2003-10-28,policy_stance_shift,2003-10-01,-17,0.036982133984565735
2003-10-28,policy_stance_shift,2003-10-02,-16,0.03914627060294151
2003-10-28,policy_stance_shift,2003-10-03,-15,0.047945115715265274
2003-10-28,policy_stance_shift,2003-10-06,-14,0.040763795375823975
2003-10-28,policy_stance_shift,2003-10-07,-13,0.041321150958538055
2003-10-28,policy_stance_shift,2003-10-08,-12,0.0389663465321064
2003-10-28,policy_stance_shift,2003-10-09,-11,0.041849806904792786
2003-10-28,policy_stance_shift,2003-10-10,-10,0.04088757932186127
2003-10-28,policy_stance_shift,2003-10-14,-9,0.042290639132261276
2003-10-28,policy_stance_shift,2003-10-15,-8,0.03745686262845993
2003-10-28,policy_stance_shift,2003-10-16,-7,0.04038713127374649
2003-10-28,policy_stance_shift,2003-10-17,-6,0.03419732302427292
2003-10-28,policy_stance_shift,2003-10-20,-5,0.03805527836084366
2003-10-28,policy_stance_shift,2003-10-21,-4,0.03408857434988022
2003-10-28,policy_stance_shift,2003-10-22,-3,0.03599124774336815
2003-10-28,policy_stance_shift,2003-10-23,-2,0.03364082798361778
2003-10-28,policy_stance_shift,2003-10-24,-1,0.03770408779382706
2003-10-28,policy_stance_shift,2003-10-27,0,0.03673500940203667
2003-10-28,expected_rate_path_shift,2003-09-17,-27,0.029052462428808212
2003-10-28,expected_rate_path_shift,2003-09-18,-26,0.0263572596013546
2003-10-28,expected_rate_path_shift,2003-09-19,-25,0.031699664890766144
2003-10-28,expected_rate_path_shift,2003-09-22,-24,0.03181442618370056
2003-10-28,expected_rate_path_shift,2003-09-23,-23,0.028674816712737083
2003-10-28,expected_rate_path_shift,2003-09-24,-22,0.02875255048274994
2003-10-28,expected_rate_path_shift,2003-09-25,-21,0.02674992009997368
2003-10-28,expected_rate_path_shift,2003-09-26,-20,0.02841339446604252
2003-10-28,expected_rate_path_shift,2003-09-29,-19,0.0334094800055027
2003-10-28,expected_rate_path_shift,2003-09-30,-18,0.03490826487541199
2003-10-28,expected_rate_path_shift,2003-10-01,-17,0.037675559520721436
2003-10-28,expected_rate_path_shift,2003-10-02,-16,0.040220387279987335
2003-10-28,expected_rate_path_shift,2003-10-03,-15,0.04748617857694626
2003-10-28,expected_rate_path_shift,2003-10-06,-14,0.04229218512773514
2003-10-28,expected_rate_path_shift,2003-10-07,-13,0.041803255677223206
2003-10-28,expected_rate_path_shift,2003-10-08,-12,0.038710370659828186
2003-10-28,expected_rate_path_shift,2003-10-09,-11,0.041306838393211365
2003-10-28,expected_rate_path_shift,2003-10-10,-10,0.04115160554647446
2003-10-28,expected_rate_path_shift,2003-10-14,-9,0.04215932637453079
2003-10-28,expected_rate_path_shift,2003-10-15,-8,0.037814799696207047
2003-10-28,expected_rate_path_shift,2003-10-16,-7,0.039701029658317566
2003-10-28,expected_rate_path_shift,2003-10-17,-6,0.03426111489534378
2003-10-28,expected_rate_path_shift,2003-10-20,-5,0.03814907744526863
2003-10-28,expected_rate_path_shift,2003-10-21,-4,0.03411976993083954
2003-10-28,expected_rate_path_shift,2003-10-22,-3,0.03648314252495766
2003-10-28,expected_rate_path_shift,2003-10-23,-2,0.03336014598608017
2003-10-28,expected_rate_path_shift,2003-10-24,-1,0.03721049055457115
2003-10-28,expected_rate_path_shift,2003-10-27,0,0.03626250475645065
2003-10-28,inflation_assessment_shift,2003-09-17,-27,0.029582379385828972
2003-10-28,inflation_assessment_shift,2003-09-18,-26,0.03022291138768196
2003-10-28,inflation_assessment_shift,2003-09-19,-25,0.03392798453569412
2003-10-28,inflation_assessment_shift,2003-09-22,-24,0.034988343715667725
2003-10-28,inflation_assessment_shift,2003-09-23,-23,0.03569915145635605
2003-10-28,inflation_assessment_shift,2003-09-24,-22,0.03319161385297775
2003-10-28,inflation_assessment_shift,2003-09-25,-21,0.0317637100815773
2003-10-28,inflation_assessment_shift,2003-09-26,-20,0.03230300545692444
2003-10-28,inflation_assessment_shift,2003-09-29,-19,0.0322875939309597
2003-10-28,inflation_assessment_shift,2003-09-30,-18,0.034746311604976654
2003-10-28,inflation_assessment_shift,2003-10-01,-17,0.03263423591852188
2003-10-28,inflation_assessment_shift,2003-10-02,-16,0.034577932208776474
2003-10-28,inflation_assessment_shift,2003-10-03,-15,0.03724299371242523
2003-10-28,inflation_assessment_shift,2003-10-06,-14,0.036584965884685516
2003-10-28,inflation_assessment_shift,2003-10-07,-13,0.03463711217045784
2003-10-28,inflation_assessment_shift,2003-10-08,-12,0.039012566208839417
2003-10-28,inflation_assessment_shift,2003-10-09,-11,0.03730788826942444
2003-10-28,inflation_assessment_shift,2003-10-10,-10,0.03837807476520538
2003-10-28,inflation_assessment_shift,2003-10-14,-9,0.04063558951020241
2003-10-28,inflation_assessment_shift,2003-10-15,-8,0.042161207646131516
2003-10-28,inflation_assessment_shift,2003-10-16,-7,0.045336589217185974
2003-10-28,inflation_assessment_shift,2003-10-17,-6,0.04098529368638992
2003-10-28,inflation_assessment_shift,2003-10-20,-5,0.04163658618927002
2003-10-28,inflation_assessment_shift,2003-10-21,-4,0.0396699532866478
2003-10-28,inflation_assessment_shift,2003-10-22,-3,0.03476035222411156
2003-10-28,inflation_assessment_shift,2003-10-23,-2,0.029763760045170784
2003-10-28,inflation_assessment_shift,2003-10-24,-1,0.034739669412374496
2003-10-28,inflation_assessment_shift,2003-10-27,0,0.031222235411405563
2003-10-28,inflation_risk_shift,2003-09-17,-27,0.03134557977318764
2003-10-28,inflation_risk_shift,2003-09-18,-26,0.030404768884181976
2003-10-28,inflation_risk_shift,2003-09-19,-25,0.03597930073738098
2003-10-28,inflation_risk_shift,2003-09-22,-24,0.035224299877882004
2003-10-28,inflation_risk_shift,2003-09-23,-23,0.03501399606466293
2003-10-28,inflation_risk_shift,2003-09-24,-22,0.03231054171919823
2003-10-28,inflation_risk_shift,2003-09-25,-21,0.03114382177591324
2003-10-28,inflation_risk_shift,2003-09-26,-20,0.032169751822948456
2003-10-28,inflation_risk_shift,2003-09-29,-19,0.03356171026825905
2003-10-28,inflation_risk_shift,2003-09-30,-18,0.03557364642620087
2003-10-28,inflation_risk_shift,2003-10-01,-17,0.03385540843009949
2003-10-28,inflation_risk_shift,2003-10-02,-16,0.03522782400250435
2003-10-28,inflation_risk_shift,2003-10-03,-15,0.039239998906850815
2003-10-28,inflation_risk_shift,2003-10-06,-14,0.03654405474662781
2003-10-28,inflation_risk_shift,2003-10-07,-13,0.03322694078087807
2003-10-28,inflation_risk_shift,2003-10-08,-12,0.037559106945991516
2003-10-28,inflation_risk_shift,2003-10-09,-11,0.03677114471793175
2003-10-28,inflation_risk_shift,2003-10-10,-10,0.037297170609235764
2003-10-28,inflation_risk_shift,2003-10-14,-9,0.037716686725616455
2003-10-28,inflation_risk_shift,2003-10-15,-8,0.0393436960875988
2003-10-28,inflation_risk_shift,2003-10-16,-7,0.04207152873277664
2003-10-28,inflation_risk_shift,2003-10-17,-6,0.039398979395627975
2003-10-28,inflation_risk_shift,2003-10-20,-5,0.03920099884271622
2003-10-28,inflation_risk_shift,2003-10-21,-4,0.039138488471508026
2003-10-28,inflation_risk_shift,2003-10-22,-3,0.035661157220602036
2003-10-28,inflation_risk_shift,2003-10-23,-2,0.03245425969362259
2003-10-28,inflation_risk_shift,2003-10-24,-1,0.03863907977938652
2003-10-28,inflation_risk_shift,2003-10-27,0,0.03392605483531952
2003-10-28,unemployment_assessment_shift,2003-09-17,-27,0.032620519399642944
2003-10-28,unemployment_assessment_shift,2003-09-18,-26,0.03487564995884895
2003-10-28,unemployment_assessment_shift,2003-09-19,-25,0.03768490254878998
2003-10-28,unemployment_assessment_shift,2003-09-22,-24,0.037915557622909546
2003-10-28,unemployment_assessment_shift,2003-09-23,-23,0.039986319839954376
2003-10-28,unemployment_assessment_shift,2003-09-24,-22,0.03578798100352287
2003-10-28,unemployment_assessment_shift,2003-09-25,-21,0.03489440679550171
2003-10-28,unemployment_assessment_shift,2003-09-26,-20,0.035158686339855194
2003-10-28,unemployment_assessment_shift,2003-09-29,-19,0.03358115628361702
2003-10-28,unemployment_assessment_shift,2003-09-30,-18,0.035577476024627686
2003-10-28,unemployment_assessment_shift,2003-10-01,-17,0.03188943862915039
2003-10-28,unemployment_assessment_shift,2003-10-02,-16,0.032585881650447845
2003-10-28,unemployment_assessment_shift,2003-10-03,-15,0.03309628367424011
2003-10-28,unemployment_assessment_shift,2003-10-06,-14,0.03317457437515259
2003-10-28,unemployment_assessment_shift,2003-10-07,-13,0.03076988086104393
2003-10-28,unemployment_assessment_shift,2003-10-08,-12,0.03670857474207878
2003-10-28,unemployment_assessment_shift,2003-10-09,-11,0.0338524654507637
2003-10-28,unemployment_assessment_shift,2003-10-10,-10,0.034502409398555756
2003-10-28,unemployment_assessment_shift,2003-10-14,-9,0.03599877282977104
2003-10-28,unemployment_assessment_shift,2003-10-15,-8,0.04026021063327789
2003-10-28,unemployment_assessment_shift,2003-10-16,-7,0.04200705885887146
2003-10-28,unemployment_assessment_shift,2003-10-17,-6,0.04203500598669052
2003-10-28,unemployment_assessment_shift,2003-10-20,-5,0.04065246880054474
2003-10-28,unemployment_assessment_shift,2003-10-21,-4,0.04177223891019821
2003-10-28,unemployment_assessment_shift,2003-10-22,-3,0.03463756665587425
2003-10-28,unemployment_assessment_shift,2003-10-23,-2,0.031250566244125366
2003-10-28,unemployment_assessment_shift,2003-10-24,-1,0.0356706902384758
2003-10-28,unemployment_assessment_shift,2003-10-27,0,0.031053226441144943
2003-10-28,labor_market_risk_shift,2003-09-17,-27,0.0304262638092041
2003-10-28,labor_market_risk_shift,2003-09-18,-26,0.029938219115138054
2003-10-28,labor_market_risk_shift,2003-09-19,-25,0.034637074917554855
2003-10-28,labor_market_risk_shift,2003-09-22,-24,0.034727439284324646
2003-10-28,labor_market_risk_shift,2003-09-23,-23,0.034150298684835434
2003-10-28,labor_market_risk_shift,2003-09-24,-22,0.031413484364748
2003-10-28,labor_market_risk_shift,2003-09-25,-21,0.030443884432315826
2003-10-28,labor_market_risk_shift,2003-09-26,-20,0.031576599925756454
2003-10-28,labor_market_risk_shift,2003-09-29,-19,0.03241753578186035
2003-10-28,labor_market_risk_shift,2003-09-30,-18,0.03469659015536308
2003-10-28,labor_market_risk_shift,2003-10-01,-17,0.033546045422554016
2003-10-28,labor_market_risk_shift,2003-10-02,-16,0.036409683525562286
2003-10-28,labor_market_risk_shift,2003-10-03,-15,0.03870593383908272
2003-10-28,labor_market_risk_shift,2003-10-06,-14,0.03784400224685669
2003-10-28,labor_market_risk_shift,2003-10-07,-13,0.03518793359398842
2003-10-28,labor_market_risk_shift,2003-10-08,-12,0.038569092750549316
2003-10-28,labor_market_risk_shift,2003-10-09,-11,0.03781463950872421
2003-10-28,labor_market_risk_shift,2003-10-10,-10,0.03875653073191643
2003-10-28,labor_market_risk_shift,2003-10-14,-9,0.04040908440947533
2003-10-28,labor_market_risk_shift,2003-10-15,-8,0.04161412641406059
2003-10-28,labor_market_risk_shift,2003-10-16,-7,0.04334158077836037
2003-10-28,labor_market_risk_shift,2003-10-17,-6,0.04027465730905533
2003-10-28,labor_market_risk_shift,2003-10-20,-5,0.040791284292936325
2003-10-28,labor_market_risk_shift,2003-10-21,-4,0.039149679243564606
2003-10-28,labor_market_risk_shift,2003-10-22,-3,0.03480890393257141
2003-10-28,labor_market_risk_shift,2003-10-23,-2,0.030457498505711555
2003-10-28,labor_market_risk_shift,2003-10-24,-1,0.03700780123472214
2003-10-28,labor_market_risk_shift,2003-10-27,0,0.03088413178920746
2003-10-28,growth_activity_shift,2003-09-17,-27,0.03351432830095291
2003-10-28,growth_activity_shift,2003-09-18,-26,0.034658316522836685
2003-10-28,growth_activity_shift,2003-09-19,-25,0.036858443170785904
2003-10-28,growth_activity_shift,2003-09-22,-24,0.03700665757060051
2003-10-28,growth_activity_shift,2003-09-23,-23,0.04092021659016609
2003-10-28,growth_activity_shift,2003-09-24,-22,0.03708157688379288
2003-10-28,growth_activity_shift,2003-09-25,-21,0.03647486865520477
2003-10-28,growth_activity_shift,2003-09-26,-20,0.03663863241672516
2003-10-28,growth_activity_shift,2003-09-29,-19,0.0334198996424675
2003-10-28,growth_activity_shift,2003-09-30,-18,0.03516894578933716
2003-10-28,growth_activity_shift,2003-10-01,-17,0.031353648751974106
2003-10-28,growth_activity_shift,2003-10-02,-16,0.03233945369720459
2003-10-28,growth_activity_shift,2003-10-03,-15,0.03116823360323906
2003-10-28,growth_activity_shift,2003-10-06,-14,0.03298623114824295
2003-10-28,growth_activity_shift,2003-10-07,-13,0.030492909252643585
2003-10-28,growth_activity_shift,2003-10-08,-12,0.037104323506355286
2003-10-28,growth_activity_shift,2003-10-09,-11,0.0333486944437027
2003-10-28,growth_activity_shift,2003-10-10,-10,0.034480199217796326
2003-10-28,growth_activity_shift,2003-10-14,-9,0.03552456945180893
2003-10-28,growth_activity_shift,2003-10-15,-8,0.040888477116823196
2003-10-28,growth_activity_shift,2003-10-16,-7,0.04112155735492706
2003-10-28,growth_activity_shift,2003-10-17,-6,0.043798960745334625
2003-10-28,growth_activity_shift,2003-10-20,-5,0.04064345359802246
2003-10-28,growth_activity_shift,2003-10-21,-4,0.04276718944311142
2003-10-28,growth_activity_shift,2003-10-22,-3,0.035132281482219696
2003-10-28,growth_activity_shift,2003-10-23,-2,0.03068309649825096
2003-10-28,growth_activity_shift,2003-10-24,-1,0.03423736244440079
2003-10-28,growth_activity_shift,2003-10-27,0,0.0301874540746212
2003-10-28,financial_conditions_shift,2003-09-17,-27,0.030777648091316223
2003-10-28,financial_conditions_shift,2003-09-18,-26,0.028597595170140266
2003-10-28,financial_conditions_shift,2003-09-19,-25,0.03359213098883629
2003-10-28,financial_conditions_shift,2003-09-22,-24,0.03347863629460335
2003-10-28,financial_conditions_shift,2003-09-23,-23,0.030463699251413345
2003-10-28,financial_conditions_shift,2003-09-24,-22,0.02976302057504654
2003-10-28,financial_conditions_shift,2003-09-25,-21,0.027926750481128693
2003-10-28,financial_conditions_shift,2003-09-26,-20,0.02927299216389656
2003-10-28,financial_conditions_shift,2003-09-29,-19,0.03326580673456192
2003-10-28,financial_conditions_shift,2003-09-30,-18,0.035624194890260696
2003-10-28,financial_conditions_shift,2003-10-01,-17,0.03543693944811821
2003-10-28,financial_conditions_shift,2003-10-02,-16,0.03713802248239517
2003-10-28,financial_conditions_shift,2003-10-03,-15,0.044089242815971375
2003-10-28,financial_conditions_shift,2003-10-06,-14,0.03854534402489662
2003-10-28,financial_conditions_shift,2003-10-07,-13,0.03713293746113777
2003-10-28,financial_conditions_shift,2003-10-08,-12,0.03812647983431816
2003-10-28,financial_conditions_shift,2003-10-09,-11,0.040131814777851105
2003-10-28,financial_conditions_shift,2003-10-10,-10,0.03975597023963928
2003-10-28,financial_conditions_shift,2003-10-14,-9,0.04127805307507515
2003-10-28,financial_conditions_shift,2003-10-15,-8,0.03843618184328079
2003-10-28,financial_conditions_shift,2003-10-16,-7,0.04145164415240288
2003-10-28,financial_conditions_shift,2003-10-17,-6,0.0356249064207077
2003-10-28,financial_conditions_shift,2003-10-20,-5,0.03913293033838272
2003-10-28,financial_conditions_shift,2003-10-21,-4,0.03578144311904907
2003-10-28,financial_conditions_shift,2003-10-22,-3,0.036874860525131226
2003-10-28,financial_conditions_shift,2003-10-23,-2,0.033678751438856125
2003-10-28,financial_conditions_shift,2003-10-24,-1,0.04009570926427841
2003-10-28,financial_conditions_shift,2003-10-27,0,0.034526266157627106
2003-10-28,risk_balance_shift,2003-09-17,-27,0.02831432595849037
2003-10-28,risk_balance_shift,2003-09-18,-26,0.02495649643242359
2003-10-28,risk_balance_shift,2003-09-19,-25,0.030770577490329742
2003-10-28,risk_balance_shift,2003-09-22,-24,0.03072870709002018
2003-10-28,risk_balance_shift,2003-09-23,-23,0.027295980602502823
2003-10-28,risk_balance_shift,2003-09-24,-22,0.02730608731508255
2003-10-28,risk_balance_shift,2003-09-25,-21,0.025258416309952736
2003-10-28,risk_balance_shift,2003-09-26,-20,0.02716277539730072
2003-10-28,risk_balance_shift,2003-09-29,-19,0.03158414736390114
2003-10-28,risk_balance_shift,2003-09-30,-18,0.034002095460891724
2003-10-28,risk_balance_shift,2003-10-01,-17,0.03587076812982559
2003-10-28,risk_balance_shift,2003-10-02,-16,0.03911248967051506
2003-10-28,risk_balance_shift,2003-10-03,-15,0.048158708959817886
2003-10-28,risk_balance_shift,2003-10-06,-14,0.043036915361881256
2003-10-28,risk_balance_shift,2003-10-07,-13,0.04329802840948105
2003-10-28,risk_balance_shift,2003-10-08,-12,0.04038865119218826
2003-10-28,risk_balance_shift,2003-10-09,-11,0.04430714249610901
2003-10-28,risk_balance_shift,2003-10-10,-10,0.04371010139584541
2003-10-28,risk_balance_shift,2003-10-14,-9,0.04509604349732399
2003-10-28,risk_balance_shift,2003-10-15,-8,0.03894563764333725
2003-10-28,risk_balance_shift,2003-10-16,-7,0.04198085889220238
2003-10-28,risk_balance_shift,2003-10-17,-6,0.0358903631567955
2003-10-28,risk_balance_shift,2003-10-20,-5,0.03925536200404167
2003-10-28,risk_balance_shift,2003-10-21,-4,0.03398306667804718
2003-10-28,risk_balance_shift,2003-10-22,-3,0.0362873300909996
2003-10-28,risk_balance_shift,2003-10-23,-2,0.03137113153934479
2003-10-28,risk_balance_shift,2003-10-24,-1,0.037582699209451675
2003-10-28,risk_balance_shift,2003-10-27,0,0.034345101565122604
2003-10-28,committee_dispersion,2003-09-17,-27,0.030726727098226547
2003-10-28,committee_dispersion,2003-09-18,-26,0.029737886041402817
2003-10-28,committee_dispersion,2003-09-19,-25,0.03471808135509491
2003-10-28,committee_dispersion,2003-09-22,-24,0.03462671488523483
2003-10-28,committee_dispersion,2003-09-23,-23,0.033636998385190964
2003-10-28,committee_dispersion,2003-09-24,-22,0.03223360329866409
2003-10-28,committee_dispersion,2003-09-25,-21,0.03081529028713703
2003-10-28,committee_dispersion,2003-09-26,-20,0.031784623861312866
2003-10-28,committee_dispersion,2003-09-29,-19,0.03396240249276161
2003-10-28,committee_dispersion,2003-09-30,-18,0.03573901206254959
2003-10-28,committee_dispersion,2003-10-01,-17,0.03460180014371872
2003-10-28,committee_dispersion,2003-10-02,-16,0.03641118109226227
2003-10-28,committee_dispersion,2003-10-03,-15,0.03994086757302284
2003-10-28,committee_dispersion,2003-10-06,-14,0.03647380322217941
2003-10-28,committee_dispersion,2003-10-07,-13,0.03498369827866554
2003-10-28,committee_dispersion,2003-10-08,-12,0.0375840961933136
2003-10-28,committee_dispersion,2003-10-09,-11,0.03659184277057648
2003-10-28,committee_dispersion,2003-10-10,-10,0.03748973459005356
2003-10-28,committee_dispersion,2003-10-14,-9,0.03923322260379791
2003-10-28,committee_dispersion,2003-10-15,-8,0.039162278175354004
2003-10-28,committee_dispersion,2003-10-16,-7,0.04127620533108711
2003-10-28,committee_dispersion,2003-10-17,-6,0.037753794342279434
2003-10-28,committee_dispersion,2003-10-20,-5,0.039524227380752563
2003-10-28,committee_dispersion,2003-10-21,-4,0.037891123443841934
2003-10-28,committee_dispersion,2003-10-22,-3,0.03740032762289047
2003-10-28,committee_dispersion,2003-10-23,-2,0.033687591552734375
2003-10-28,committee_dispersion,2003-10-24,-1,0.0382767990231514
2003-10-28,committee_dispersion,2003-10-27,0,0.033736132085323334
2003-10-28,policy_uncertainty,2003-09-17,-27,0.029287904500961304
2003-10-28,policy_uncertainty,2003-09-18,-26,0.027364784851670265
2003-10-28,policy_uncertainty,2003-09-19,-25,0.03310667723417282
2003-10-28,policy_uncertainty,2003-09-22,-24,0.03294260427355766
2003-10-28,policy_uncertainty,2003-09-23,-23,0.02980775013566017
2003-10-28,policy_uncertainty,2003-09-24,-22,0.028696533292531967
2003-10-28,policy_uncertainty,2003-09-25,-21,0.027693817391991615
2003-10-28,policy_uncertainty,2003-09-26,-20,0.02858797460794449
2003-10-28,policy_uncertainty,2003-09-29,-19,0.03329665586352348
2003-10-28,policy_uncertainty,2003-09-30,-18,0.034675080329179764
2003-10-28,policy_uncertainty,2003-10-01,-17,0.035347830504179
2003-10-28,policy_uncertainty,2003-10-02,-16,0.03772445023059845
2003-10-28,policy_uncertainty,2003-10-03,-15,0.04515283554792404
2003-10-28,policy_uncertainty,2003-10-06,-14,0.03928862512111664
2003-10-28,policy_uncertainty,2003-10-07,-13,0.03920837119221687
2003-10-28,policy_uncertainty,2003-10-08,-12,0.039226703345775604
2003-10-28,policy_uncertainty,2003-10-09,-11,0.04151270538568497
2003-10-28,policy_uncertainty,2003-10-10,-10,0.041166752576828
2003-10-28,policy_uncertainty,2003-10-14,-9,0.04236606881022453
2003-10-28,policy_uncertainty,2003-10-15,-8,0.039034102112054825
2003-10-28,policy_uncertainty,2003-10-16,-7,0.04125890135765076
2003-10-28,policy_uncertainty,2003-10-17,-6,0.03640295937657356
2003-10-28,policy_uncertainty,2003-10-20,-5,0.038472749292850494
2003-10-28,policy_uncertainty,2003-10-21,-4,0.035847268998622894
2003-10-28,policy_uncertainty,2003-10-22,-3,0.036053527146577835
2003-10-28,policy_uncertainty,2003-10-23,-2,0.03342706337571144
2003-10-28,policy_uncertainty,2003-10-24,-1,0.03793980926275253
2003-10-28,policy_uncertainty,2003-10-27,0,0.035109471529722214
2003-10-28,forward_guidance_strength,2003-09-17,-27,0.029629787430167198
2003-10-28,forward_guidance_strength,2003-09-18,-26,0.02631036564707756
2003-10-28,forward_guidance_strength,2003-09-19,-25,0.03088298812508583
2003-10-28,forward_guidance_strength,2003-09-22,-24,0.030694976449012756
2003-10-28,forward_guidance_strength,2003-09-23,-23,0.026782294735312462
2003-10-28,forward_guidance_strength,2003-09-24,-22,0.027993425726890564
2003-10-28,forward_guidance_strength,2003-09-25,-21,0.02598017454147339
2003-10-28,forward_guidance_strength,2003-09-26,-20,0.027765076607465744
2003-10-28,forward_guidance_strength,2003-09-29,-19,0.033385422080755234
2003-10-28,forward_guidance_strength,2003-09-30,-18,0.03567606955766678
2003-10-28,forward_guidance_strength,2003-10-01,-17,0.038759514689445496
2003-10-28,forward_guidance_strength,2003-10-02,-16,0.04154816269874573
2003-10-28,forward_guidance_strength,2003-10-03,-15,0.050381146371364594
2003-10-28,forward_guidance_strength,2003-10-06,-14,0.04457437992095947
2003-10-28,forward_guidance_strength,2003-10-07,-13,0.04350240156054497
2003-10-28,forward_guidance_strength,2003-10-08,-12,0.039406973868608475
2003-10-28,forward_guidance_strength,2003-10-09,-11,0.04422987625002861
2003-10-28,forward_guidance_strength,2003-10-10,-10,0.042901284992694855
2003-10-28,forward_guidance_strength,2003-10-14,-9,0.041898418217897415
2003-10-28,forward_guidance_strength,2003-10-15,-8,0.03499869257211685
2003-10-28,forward_guidance_strength,2003-10-16,-7,0.03660884127020836
2003-10-28,forward_guidance_strength,2003-10-17,-6,0.032075244933366776
2003-10-28,forward_guidance_strength,2003-10-20,-5,0.035239264369010925
2003-10-28,forward_guidance_strength,2003-10-21,-4,0.031201282516121864
2003-10-28,forward_guidance_strength,2003-10-22,-3,0.03706735372543335
2003-10-28,forward_guidance_strength,2003-10-23,-2,0.034183621406555176
2003-10-28,forward_guidance_strength,2003-10-24,-1,0.038391247391700745
2003-10-28,forward_guidance_strength,2003-10-27,0,0.037931740283966064
2003-12-09,rate_decision,2003-10-29,-26,0.03877844661474228
2003-12-09,rate_decision,2003-10-30,-25,0.0370677188038826
2003-12-09,rate_decision,2003-10-31,-24,0.04087213799357414
2003-12-09,rate_decision,2003-11-03,-23,0.04431960731744766
2003-12-09,rate_decision,2003-11-04,-22,0.04384110867977142
2003-12-09,rate_decision,2003-11-05,-21,0.047643378376960754
2003-12-09,rate_decision,2003-11-06,-20,0.037822604179382324
2003-12-09,rate_decision,2003-11-07,-19,0.03602181375026703
2003-12-09,rate_decision,2003-11-10,-18,0.031136654317378998
2003-12-09,rate_decision,2003-11-12,-17,0.032145142555236816
2003-12-09,rate_decision,2003-11-13,-16,0.031633343547582626
2003-12-09,rate_decision,2003-11-14,-15,0.031472787261009216
2003-12-09,rate_decision,2003-11-17,-14,0.02857636660337448
2003-12-09,rate_decision,2003-11-18,-13,0.02689232863485813
2003-12-09,rate_decision,2003-11-19,-12,0.026667626574635506
2003-12-09,rate_decision,2003-11-20,-11,0.032898224890232086
2003-12-09,rate_decision,2003-11-21,-10,0.038754235953092575
2003-12-09,rate_decision,2003-11-24,-9,0.0409422442317009
2003-12-09,rate_decision,2003-11-25,-8,0.046723805367946625
2003-12-09,rate_decision,2003-11-26,-7,0.04862566292285919
2003-12-09,rate_decision,2003-11-28,-6,0.04065422713756561
2003-12-09,rate_decision,2003-12-01,-5,0.03891458362340927
2003-12-09,rate_decision,2003-12-02,-4,0.03543640673160553
2003-12-09,rate_decision,2003-12-03,-3,0.03439505770802498
2003-12-09,rate_decision,2003-12-04,-2,0.03519578278064728
2003-12-09,rate_decision,2003-12-05,-1,0.032050129026174545
2003-12-09,rate_decision,2003-12-08,0,0.04051855579018593
2003-12-09,current_policy_stance,2003-10-29,-26,0.03890325501561165
2003-12-09,current_policy_stance,2003-10-30,-25,0.03746330738067627
2003-12-09,current_policy_stance,2003-10-31,-24,0.042989231646060944
2003-12-09,current_policy_stance,2003-11-03,-23,0.043573278933763504
2003-12-09,current_policy_stance,2003-11-04,-22,0.04155772924423218
2003-12-09,current_policy_stance,2003-11-05,-21,0.04628244787454605
2003-12-09,current_policy_stance,2003-11-06,-20,0.03542935848236084
2003-12-09,current_policy_stance,2003-11-07,-19,0.0293135903775692
2003-12-09,current_policy_stance,2003-11-10,-18,0.024351807311177254
2003-12-09,current_policy_stance,2003-11-12,-17,0.02551107294857502
2003-12-09,current_policy_stance,2003-11-13,-16,0.027539290487766266
2003-12-09,current_policy_stance,2003-11-14,-15,0.03245050087571144
2003-12-09,current_policy_stance,2003-11-17,-14,0.03062744066119194
2003-12-09,current_policy_stance,2003-11-18,-13,0.030893202871084213
2003-12-09,current_policy_stance,2003-11-19,-12,0.03371221944689751
2003-12-09,current_policy_stance,2003-11-20,-11,0.03381504490971565
2003-12-09,current_policy_stance,2003-11-21,-10,0.03924035280942917
2003-12-09,current_policy_stance,2003-11-24,-9,0.044913142919540405
2003-12-09,current_policy_stance,2003-11-25,-8,0.04232868179678917
2003-12-09,current_policy_stance,2003-11-26,-7,0.04494448006153107
2003-12-09,current_policy_stance,2003-11-28,-6,0.0389062836766243
2003-12-09,current_policy_stance,2003-12-01,-5,0.03793640062212944
2003-12-09,current_policy_stance,2003-12-02,-4,0.02870018035173416
2003-12-09,current_policy_stance,2003-12-03,-3,0.033006370067596436
2003-12-09,current_policy_stance,2003-12-04,-2,0.03565748780965805
2003-12-09,current_policy_stance,2003-12-05,-1,0.041528698056936264
2003-12-09,current_policy_stance,2003-12-08,0,0.058425139635801315
2003-12-09,policy_stance_shift,2003-10-29,-26,0.036744363605976105
2003-12-09,policy_stance_shift,2003-10-30,-25,0.04373399168252945
2003-12-09,policy_stance_shift,2003-10-31,-24,0.04230932518839836
2003-12-09,policy_stance_shift,2003-11-03,-23,0.04232572764158249
2003-12-09,policy_stance_shift,2003-11-04,-22,0.041572362184524536
2003-12-09,policy_stance_shift,2003-11-05,-21,0.04381028562784195
2003-12-09,policy_stance_shift,2003-11-06,-20,0.039144374430179596
2003-12-09,policy_stance_shift,2003-11-07,-19,0.03605540096759796
2003-12-09,policy_stance_shift,2003-11-10,-18,0.029479755088686943
2003-12-09,policy_stance_shift,2003-11-12,-17,0.028673408553004265
2003-12-09,policy_stance_shift,2003-11-13,-16,0.02879762090742588
2003-12-09,policy_stance_shift,2003-11-14,-15,0.030578525736927986
2003-12-09,policy_stance_shift,2003-11-17,-14,0.029550975188612938
2003-12-09,policy_stance_shift,2003-11-18,-13,0.02941303513944149
2003-12-09,policy_stance_shift,2003-11-19,-12,0.029983995482325554
2003-12-09,policy_stance_shift,2003-11-20,-11,0.03484698385000229
2003-12-09,policy_stance_shift,2003-11-21,-10,0.03862014040350914
2003-12-09,policy_stance_shift,2003-11-24,-9,0.044395655393600464
2003-12-09,policy_stance_shift,2003-11-25,-8,0.041444942355155945
2003-12-09,policy_stance_shift,2003-11-26,-7,0.039996154606342316
2003-12-09,policy_stance_shift,2003-11-28,-6,0.04202459007501602
2003-12-09,policy_stance_shift,2003-12-01,-5,0.042651113122701645
2003-12-09,policy_stance_shift,2003-12-02,-4,0.031147971749305725
2003-12-09,policy_stance_shift,2003-12-03,-3,0.03580348193645477
2003-12-09,policy_stance_shift,2003-12-04,-2,0.03809415176510811
2003-12-09,policy_stance_shift,2003-12-05,-1,0.03674818202853203
2003-12-09,policy_stance_shift,2003-12-08,0,0.042053524404764175
2003-12-09,expected_rate_path_shift,2003-10-29,-26,0.03607708215713501
2003-12-09,expected_rate_path_shift,2003-10-30,-25,0.0426754504442215
2003-12-09,expected_rate_path_shift,2003-10-31,-24,0.042435918003320694
2003-12-09,expected_rate_path_shift,2003-11-03,-23,0.04085594043135643
2003-12-09,expected_rate_path_shift,2003-11-04,-22,0.04134221374988556
2003-12-09,expected_rate_path_shift,2003-11-05,-21,0.04239005595445633
2003-12-09,expected_rate_path_shift,2003-11-06,-20,0.039460547268390656
2003-12-09,expected_rate_path_shift,2003-11-07,-19,0.03721052035689354
2003-12-09,expected_rate_path_shift,2003-11-10,-18,0.031545791774988174
2003-12-09,expected_rate_path_shift,2003-11-12,-17,0.03068205714225769
2003-12-09,expected_rate_path_shift,2003-11-13,-16,0.030311938375234604
2003-12-09,expected_rate_path_shift,2003-11-14,-15,0.030700188130140305
2003-12-09,expected_rate_path_shift,2003-11-17,-14,0.029680971056222916
2003-12-09,expected_rate_path_shift,2003-11-18,-13,0.02917231060564518
2003-12-09,expected_rate_path_shift,2003-11-19,-12,0.02939649485051632
2003-12-09,expected_rate_path_shift,2003-11-20,-11,0.03514503315091133
2003-12-09,expected_rate_path_shift,2003-11-21,-10,0.03856361284852028
2003-12-09,expected_rate_path_shift,2003-11-24,-9,0.04232312738895416
2003-12-09,expected_rate_path_shift,2003-11-25,-8,0.04128652065992355
2003-12-09,expected_rate_path_shift,2003-11-26,-7,0.039514005184173584
2003-12-09,expected_rate_path_shift,2003-11-28,-6,0.04217296093702316
2003-12-09,expected_rate_path_shift,2003-12-01,-5,0.041809193789958954
2003-12-09,expected_rate_path_shift,2003-12-02,-4,0.03333735466003418
2003-12-09,expected_rate_path_shift,2003-12-03,-3,0.03674671798944473
2003-12-09,expected_rate_path_shift,2003-12-04,-2,0.038372959941625595
2003-12-09,expected_rate_path_shift,2003-12-05,-1,0.03786983713507652
2003-12-09,expected_rate_path_shift,2003-12-08,0,0.038921207189559937
2003-12-09,inflation_assessment_shift,2003-10-29,-26,0.03470283001661301
2003-12-09,inflation_assessment_shift,2003-10-30,-25,0.042838841676712036
2003-12-09,inflation_assessment_shift,2003-10-31,-24,0.03998902440071106
2003-12-09,inflation_assessment_shift,2003-11-03,-23,0.042126789689064026
2003-12-09,inflation_assessment_shift,2003-11-04,-22,0.04173722863197327
2003-12-09,inflation_assessment_shift,2003-11-05,-21,0.04479131102561951
2003-12-09,inflation_assessment_shift,2003-11-06,-20,0.043039899319410324
2003-12-09,inflation_assessment_shift,2003-11-07,-19,0.03873460739850998
2003-12-09,inflation_assessment_shift,2003-11-10,-18,0.031557369977235794
2003-12-09,inflation_assessment_shift,2003-11-12,-17,0.029909079894423485
2003-12-09,inflation_assessment_shift,2003-11-13,-16,0.02949313446879387
2003-12-09,inflation_assessment_shift,2003-11-14,-15,0.029836995527148247
2003-12-09,inflation_assessment_shift,2003-11-17,-14,0.028162704780697823
2003-12-09,inflation_assessment_shift,2003-11-18,-13,0.027647364884614944
2003-12-09,inflation_assessment_shift,2003-11-19,-12,0.02734190784394741
2003-12-09,inflation_assessment_shift,2003-11-20,-11,0.03341752290725708
2003-12-09,inflation_assessment_shift,2003-11-21,-10,0.03715766966342926
2003-12-09,inflation_assessment_shift,2003-11-24,-9,0.043191634118556976
2003-12-09,inflation_assessment_shift,2003-11-25,-8,0.04092579707503319
2003-12-09,inflation_assessment_shift,2003-11-26,-7,0.04022103548049927
2003-12-09,inflation_assessment_shift,2003-11-28,-6,0.04430031776428223
2003-12-09,inflation_assessment_shift,2003-12-01,-5,0.046175990253686905
2003-12-09,inflation_assessment_shift,2003-12-02,-4,0.03337620571255684
2003-12-09,inflation_assessment_shift,2003-12-03,-3,0.03728591650724411
2003-12-09,inflation_assessment_shift,2003-12-04,-2,0.037987686693668365
2003-12-09,inflation_assessment_shift,2003-12-05,-1,0.03638370335102081
2003-12-09,inflation_assessment_shift,2003-12-08,0,0.037667445838451385
2003-12-09,inflation_risk_shift,2003-10-29,-26,0.0337238535284996
2003-12-09,inflation_risk_shift,2003-10-30,-25,0.04574517533183098
2003-12-09,inflation_risk_shift,2003-10-31,-24,0.03732358664274216
2003-12-09,inflation_risk_shift,2003-11-03,-23,0.03615816310048103
2003-12-09,inflation_risk_shift,2003-11-04,-22,0.03757248446345329
2003-12-09,inflation_risk_shift,2003-11-05,-21,0.03475257381796837
2003-12-09,inflation_risk_shift,2003-11-06,-20,0.03967980295419693
2003-12-09,inflation_risk_shift,2003-11-07,-19,0.043268896639347076
2003-12-09,inflation_risk_shift,2003-11-10,-18,0.04338531941175461
2003-12-09,inflation_risk_shift,2003-11-12,-17,0.04075651615858078
2003-12-09,inflation_risk_shift,2003-11-13,-16,0.037978772073984146
2003-12-09,inflation_risk_shift,2003-11-14,-15,0.03377029299736023
2003-12-09,inflation_risk_shift,2003-11-17,-14,0.03423643857240677
2003-12-09,inflation_risk_shift,2003-11-18,-13,0.03373177349567413
2003-12-09,inflation_risk_shift,2003-11-19,-12,0.03188589960336685
2003-12-09,inflation_risk_shift,2003-11-20,-11,0.03692135959863663
2003-12-09,inflation_risk_shift,2003-11-21,-10,0.034337662160396576
2003-12-09,inflation_risk_shift,2003-11-24,-9,0.0356736034154892
2003-12-09,inflation_risk_shift,2003-11-25,-8,0.035804349929094315
2003-12-09,inflation_risk_shift,2003-11-26,-7,0.03152079880237579
2003-12-09,inflation_risk_shift,2003-11-28,-6,0.0384085476398468
2003-12-09,inflation_risk_shift,2003-12-01,-5,0.040177468210458755
2003-12-09,inflation_risk_shift,2003-12-02,-4,0.04096890240907669
2003-12-09,inflation_risk_shift,2003-12-03,-3,0.039355114102363586
2003-12-09,inflation_risk_shift,2003-12-04,-2,0.04141458123922348
2003-12-09,inflation_risk_shift,2003-12-05,-1,0.0344829298555851
2003-12-09,inflation_risk_shift,2003-12-08,0,0.026965124532580376
2003-12-09,unemployment_assessment_shift,2003-10-29,-26,0.03349664434790611
2003-12-09,unemployment_assessment_shift,2003-10-30,-25,0.04496689885854721
2003-12-09,unemployment_assessment_shift,2003-10-31,-24,0.03697970137000084
2003-12-09,unemployment_assessment_shift,2003-11-03,-23,0.036843396723270416
2003-12-09,unemployment_assessment_shift,2003-11-04,-22,0.037798136472702026
2003-12-09,unemployment_assessment_shift,2003-11-05,-21,0.03533744812011719
2003-12-09,unemployment_assessment_shift,2003-11-06,-20,0.04031898081302643
2003-12-09,unemployment_assessment_shift,2003-11-07,-19,0.044013120234012604
2003-12-09,unemployment_assessment_shift,2003-11-10,-18,0.04260532185435295
2003-12-09,unemployment_assessment_shift,2003-11-12,-17,0.03964603692293167
2003-12-09,unemployment_assessment_shift,2003-11-13,-16,0.03710012882947922
2003-12-09,unemployment_assessment_shift,2003-11-14,-15,0.03358691930770874
2003-12-09,unemployment_assessment_shift,2003-11-17,-14,0.03385104984045029
2003-12-09,unemployment_assessment_shift,2003-11-18,-13,0.033432431519031525
2003-12-09,unemployment_assessment_shift,2003-11-19,-12,0.031722091138362885
2003-12-09,unemployment_assessment_shift,2003-11-20,-11,0.037098195403814316
2003-12-09,unemployment_assessment_shift,2003-11-21,-10,0.035040147602558136
2003-12-09,unemployment_assessment_shift,2003-11-24,-9,0.03671048581600189
2003-12-09,unemployment_assessment_shift,2003-11-25,-8,0.0362352579832077
2003-12-09,unemployment_assessment_shift,2003-11-26,-7,0.03227829188108444
2003-12-09,unemployment_assessment_shift,2003-11-28,-6,0.039278775453567505
2003-12-09,unemployment_assessment_shift,2003-12-01,-5,0.041665203869342804
2003-12-09,unemployment_assessment_shift,2003-12-02,-4,0.04079873859882355
2003-12-09,unemployment_assessment_shift,2003-12-03,-3,0.03908977285027504
2003-12-09,unemployment_assessment_shift,2003-12-04,-2,0.040443941950798035
2003-12-09,unemployment_assessment_shift,2003-12-05,-1,0.03319399058818817
2003-12-09,unemployment_assessment_shift,2003-12-08,0,0.026468899101018906
2003-12-09,labor_market_risk_shift,2003-10-29,-26,0.034681785851716995
2003-12-09,labor_market_risk_shift,2003-10-30,-25,0.04542797431349754
2003-12-09,labor_market_risk_shift,2003-10-31,-24,0.03730698302388191
2003-12-09,labor_market_risk_shift,2003-11-03,-23,0.03700939565896988
2003-12-09,labor_market_risk_shift,2003-11-04,-22,0.03830768167972565
2003-12-09,labor_market_risk_shift,2003-11-05,-21,0.03587358072400093
2003-12-09,labor_market_risk_shift,2003-11-06,-20,0.04083339869976044
2003-12-09,labor_market_risk_shift,2003-11-07,-19,0.043820571154356
2003-12-09,labor_market_risk_shift,2003-11-10,-18,0.04260524734854698
2003-12-09,labor_market_risk_shift,2003-11-12,-17,0.039645545184612274
2003-12-09,labor_market_risk_shift,2003-11-13,-16,0.03697483614087105
2003-12-09,labor_market_risk_shift,2003-11-14,-15,0.03285062685608864
2003-12-09,labor_market_risk_shift,2003-11-17,-14,0.033067163079977036
2003-12-09,labor_market_risk_shift,2003-11-18,-13,0.032827917486429214
2003-12-09,labor_market_risk_shift,2003-11-19,-12,0.030148420482873917
2003-12-09,labor_market_risk_shift,2003-11-20,-11,0.03590087220072746
2003-12-09,labor_market_risk_shift,2003-11-21,-10,0.03469380736351013
2003-12-09,labor_market_risk_shift,2003-11-24,-9,0.03585558757185936
2003-12-09,labor_market_risk_shift,2003-11-25,-8,0.036404211074113846
2003-12-09,labor_market_risk_shift,2003-11-26,-7,0.03314594551920891
2003-12-09,labor_market_risk_shift,2003-11-28,-6,0.03999599441885948
2003-12-09,labor_market_risk_shift,2003-12-01,-5,0.04150392860174179
2003-12-09,labor_market_risk_shift,2003-12-02,-4,0.04161156341433525
2003-12-09,labor_market_risk_shift,2003-12-03,-3,0.038959965109825134
2003-12-09,labor_market_risk_shift,2003-12-04,-2,0.0402178093791008
2003-12-09,labor_market_risk_shift,2003-12-05,-1,0.033982086926698685
2003-12-09,labor_market_risk_shift,2003-12-08,0,0.026347147300839424
2003-12-09,growth_activity_shift,2003-10-29,-26,0.03522510454058647
2003-12-09,growth_activity_shift,2003-10-30,-25,0.044536761939525604
2003-12-09,growth_activity_shift,2003-10-31,-24,0.03935600072145462
2003-12-09,growth_activity_shift,2003-11-03,-23,0.03844647854566574
2003-12-09,growth_activity_shift,2003-11-04,-22,0.03973774611949921
2003-12-09,growth_activity_shift,2003-11-05,-21,0.038266621530056
2003-12-09,growth_activity_shift,2003-11-06,-20,0.04081916809082031
2003-12-09,growth_activity_shift,2003-11-07,-19,0.04191714525222778
2003-12-09,growth_activity_shift,2003-11-10,-18,0.03801679611206055
2003-12-09,growth_activity_shift,2003-11-12,-17,0.03592248260974884
2003-12-09,growth_activity_shift,2003-11-13,-16,0.03431454300880432
2003-12-09,growth_activity_shift,2003-11-14,-15,0.031906481832265854
2003-12-09,growth_activity_shift,2003-11-17,-14,0.03137514367699623
2003-12-09,growth_activity_shift,2003-11-18,-13,0.030865706503391266
2003-12-09,growth_activity_shift,2003-11-19,-12,0.029766714200377464
2003-12-09,growth_activity_shift,2003-11-20,-11,0.03543166443705559
2003-12-09,growth_activity_shift,2003-11-21,-10,0.03480740636587143
2003-12-09,growth_activity_shift,2003-11-24,-9,0.038190096616744995
2003-12-09,growth_activity_shift,2003-11-25,-8,0.037930358201265335
2003-12-09,growth_activity_shift,2003-11-26,-7,0.03429997339844704
2003-12-09,growth_activity_shift,2003-11-28,-6,0.041035864502191544
2003-12-09,growth_activity_shift,2003-12-01,-5,0.04308459535241127
2003-12-09,growth_activity_shift,2003-12-02,-4,0.038103118538856506
2003-12-09,growth_activity_shift,2003-12-03,-3,0.0385998860001564
2003-12-09,growth_activity_shift,2003-12-04,-2,0.040729328989982605
2003-12-09,growth_activity_shift,2003-12-05,-1,0.0374186635017395
2003-12-09,growth_activity_shift,2003-12-08,0,0.029896164312958717
2003-12-09,financial_conditions_shift,2003-10-29,-26,0.037251122295856476
2003-12-09,financial_conditions_shift,2003-10-30,-25,0.0456688217818737
2003-12-09,financial_conditions_shift,2003-10-31,-24,0.0419292114675045
2003-12-09,financial_conditions_shift,2003-11-03,-23,0.041203007102012634
2003-12-09,financial_conditions_shift,2003-11-04,-22,0.04104458540678024
2003-12-09,financial_conditions_shift,2003-11-05,-21,0.04064636677503586
2003-12-09,financial_conditions_shift,2003-11-06,-20,0.039824701845645905
2003-12-09,financial_conditions_shift,2003-11-07,-19,0.037553828209638596
2003-12-09,financial_conditions_shift,2003-11-10,-18,0.03235359117388725
2003-12-09,financial_conditions_shift,2003-11-12,-17,0.030936241149902344
2003-12-09,financial_conditions_shift,2003-11-13,-16,0.030548902228474617
2003-12-09,financial_conditions_shift,2003-11-14,-15,0.031427595764398575
2003-12-09,financial_conditions_shift,2003-11-17,-14,0.031123004853725433
2003-12-09,financial_conditions_shift,2003-11-18,-13,0.03060349076986313
2003-12-09,financial_conditions_shift,2003-11-19,-12,0.030653521418571472
2003-12-09,financial_conditions_shift,2003-11-20,-11,0.03619171306490898
2003-12-09,financial_conditions_shift,2003-11-21,-10,0.03671327233314514
2003-12-09,financial_conditions_shift,2003-11-24,-9,0.042160846292972565
2003-12-09,financial_conditions_shift,2003-11-25,-8,0.04002932831645012
2003-12-09,financial_conditions_shift,2003-11-26,-7,0.03613101318478584
2003-12-09,financial_conditions_shift,2003-11-28,-6,0.04094891995191574
2003-12-09,financial_conditions_shift,2003-12-01,-5,0.04271658509969711
2003-12-09,financial_conditions_shift,2003-12-02,-4,0.03302273154258728
2003-12-09,financial_conditions_shift,2003-12-03,-3,0.03636642545461655
2003-12-09,financial_conditions_shift,2003-12-04,-2,0.03918224573135376
2003-12-09,financial_conditions_shift,2003-12-05,-1,0.037006400525569916
2003-12-09,financial_conditions_shift,2003-12-08,0,0.036762554198503494
2003-12-09,risk_balance_shift,2003-10-29,-26,0.034183260053396225
2003-12-09,risk_balance_shift,2003-10-30,-25,0.044036004692316055
2003-12-09,risk_balance_shift,2003-10-31,-24,0.03727521747350693
2003-12-09,risk_balance_shift,2003-11-03,-23,0.03716134652495384
2003-12-09,risk_balance_shift,2003-11-04,-22,0.038852062076330185
2003-12-09,risk_balance_shift,2003-11-05,-21,0.03706401214003563
2003-12-09,risk_balance_shift,2003-11-06,-20,0.04145573452115059
2003-12-09,risk_balance_shift,2003-11-07,-19,0.04475795105099678
2003-12-09,risk_balance_shift,2003-11-10,-18,0.042298637330532074
2003-12-09,risk_balance_shift,2003-11-12,-17,0.03870108351111412
2003-12-09,risk_balance_shift,2003-11-13,-16,0.03603486716747284
2003-12-09,risk_balance_shift,2003-11-14,-15,0.031620871275663376
2003-12-09,risk_balance_shift,2003-11-17,-14,0.03131408989429474
2003-12-09,risk_balance_shift,2003-11-18,-13,0.03082219511270523
2003-12-09,risk_balance_shift,2003-11-19,-12,0.02860698476433754
2003-12-09,risk_balance_shift,2003-11-20,-11,0.03481513634324074
2003-12-09,risk_balance_shift,2003-11-21,-10,0.03452080488204956
2003-12-09,risk_balance_shift,2003-11-24,-9,0.036394037306308746
2003-12-09,risk_balance_shift,2003-11-25,-8,0.03709723800420761
2003-12-09,risk_balance_shift,2003-11-26,-7,0.03432612493634224
2003-12-09,risk_balance_shift,2003-11-28,-6,0.04137827083468437
2003-12-09,risk_balance_shift,2003-12-01,-5,0.043257180601358414
2003-12-09,risk_balance_shift,2003-12-02,-4,0.04263760894536972
2003-12-09,risk_balance_shift,2003-12-03,-3,0.039731092751026154
2003-12-09,risk_balance_shift,2003-12-04,-2,0.040258049964904785
2003-12-09,risk_balance_shift,2003-12-05,-1,0.03513305261731148
2003-12-09,risk_balance_shift,2003-12-08,0,0.02626706101000309
2003-12-09,committee_dispersion,2003-10-29,-26,0.03588283061981201
2003-12-09,committee_dispersion,2003-10-30,-25,0.04489383473992348
2003-12-09,committee_dispersion,2003-10-31,-24,0.041229672729969025
2003-12-09,committee_dispersion,2003-11-03,-23,0.03951717168092728
2003-12-09,committee_dispersion,2003-11-04,-22,0.039449676871299744
2003-12-09,committee_dispersion,2003-11-05,-21,0.039114758372306824
2003-12-09,committee_dispersion,2003-11-06,-20,0.039903152734041214
2003-12-09,committee_dispersion,2003-11-07,-19,0.039471499621868134
2003-12-09,committee_dispersion,2003-11-10,-18,0.0347936749458313
2003-12-09,committee_dispersion,2003-11-12,-17,0.03323857858777046
2003-12-09,committee_dispersion,2003-11-13,-16,0.03280027210712433
2003-12-09,committee_dispersion,2003-11-14,-15,0.03249559924006462
2003-12-09,committee_dispersion,2003-11-17,-14,0.03193126618862152
2003-12-09,committee_dispersion,2003-11-18,-13,0.03108561411499977
2003-12-09,committee_dispersion,2003-11-19,-12,0.0306471548974514
2003-12-09,committee_dispersion,2003-11-20,-11,0.03611009567975998
2003-12-09,committee_dispersion,2003-11-21,-10,0.03664465248584747
2003-12-09,committee_dispersion,2003-11-24,-9,0.03987288102507591
2003-12-09,committee_dispersion,2003-11-25,-8,0.03788982331752777
2003-12-09,committee_dispersion,2003-11-26,-7,0.035118989646434784
2003-12-09,committee_dispersion,2003-11-28,-6,0.040381427854299545
2003-12-09,committee_dispersion,2003-12-01,-5,0.04170694947242737
2003-12-09,committee_dispersion,2003-12-02,-4,0.034777019172906876
2003-12-09,committee_dispersion,2003-12-03,-3,0.03759726136922836
2003-12-09,committee_dispersion,2003-12-04,-2,0.03929377347230911
2003-12-09,committee_dispersion,2003-12-05,-1,0.03757545351982117
2003-12-09,committee_dispersion,2003-12-08,0,0.036576833575963974
2003-12-09,policy_uncertainty,2003-10-29,-26,0.038676667958498
2003-12-09,policy_uncertainty,2003-10-30,-25,0.03939858451485634
2003-12-09,policy_uncertainty,2003-10-31,-24,0.04344002902507782
2003-12-09,policy_uncertainty,2003-11-03,-23,0.04455992206931114
2003-12-09,policy_uncertainty,2003-11-04,-22,0.041896749287843704
2003-12-09,policy_uncertainty,2003-11-05,-21,0.046829525381326675
2003-12-09,policy_uncertainty,2003-11-06,-20,0.0358041450381279
2003-12-09,policy_uncertainty,2003-11-07,-19,0.02962702512741089
2003-12-09,policy_uncertainty,2003-11-10,-18,0.024350252002477646
2003-12-09,policy_uncertainty,2003-11-12,-17,0.025474699214100838
2003-12-09,policy_uncertainty,2003-11-13,-16,0.027404259890317917
2003-12-09,policy_uncertainty,2003-11-14,-15,0.03197236359119415
2003-12-09,policy_uncertainty,2003-11-17,-14,0.030144695192575455
2003-12-09,policy_uncertainty,2003-11-18,-13,0.03001042827963829
2003-12-09,policy_uncertainty,2003-11-19,-12,0.03287002071738243
2003-12-09,policy_uncertainty,2003-11-20,-11,0.03342410922050476
2003-12-09,policy_uncertainty,2003-11-21,-10,0.03876549005508423
2003-12-09,policy_uncertainty,2003-11-24,-9,0.045688074082136154
2003-12-09,policy_uncertainty,2003-11-25,-8,0.04239881783723831
2003-12-09,policy_uncertainty,2003-11-26,-7,0.044822920113801956
2003-12-09,policy_uncertainty,2003-11-28,-6,0.03923940286040306
2003-12-09,policy_uncertainty,2003-12-01,-5,0.03809867799282074
2003-12-09,policy_uncertainty,2003-12-02,-4,0.028058893978595734
2003-12-09,policy_uncertainty,2003-12-03,-3,0.03277461230754852
2003-12-09,policy_uncertainty,2003-12-04,-2,0.03628360852599144
2003-12-09,policy_uncertainty,2003-12-05,-1,0.04097364842891693
2003-12-09,policy_uncertainty,2003-12-08,0,0.05701231211423874
2003-12-09,forward_guidance_strength,2003-10-29,-26,0.03408701717853546
2003-12-09,forward_guidance_strength,2003-10-30,-25,0.043727487325668335
2003-12-09,forward_guidance_strength,2003-10-31,-24,0.03939126431941986
2003-12-09,forward_guidance_strength,2003-11-03,-23,0.036916837096214294
2003-12-09,forward_guidance_strength,2003-11-04,-22,0.03954648971557617
2003-12-09,forward_guidance_strength,2003-11-05,-21,0.03724312782287598
2003-12-09,forward_guidance_strength,2003-11-06,-20,0.04031927511096001
2003-12-09,forward_guidance_strength,2003-11-07,-19,0.042371947318315506
2003-12-09,forward_guidance_strength,2003-11-10,-18,0.03975040838122368
2003-12-09,forward_guidance_strength,2003-11-12,-17,0.0374169759452343
2003-12-09,forward_guidance_strength,2003-11-13,-16,0.035524919629096985
2003-12-09,forward_guidance_strength,2003-11-14,-15,0.03249131143093109
2003-12-09,forward_guidance_strength,2003-11-17,-14,0.03240131586790085
2003-12-09,forward_guidance_strength,2003-11-18,-13,0.031746041029691696
2003-12-09,forward_guidance_strength,2003-11-19,-12,0.029730375856161118
2003-12-09,forward_guidance_strength,2003-11-20,-11,0.037231359630823135
2003-12-09,forward_guidance_strength,2003-11-21,-10,0.03597864881157875
2003-12-09,forward_guidance_strength,2003-11-24,-9,0.03718745708465576
2003-12-09,forward_guidance_strength,2003-11-25,-8,0.03847258538007736
2003-12-09,forward_guidance_strength,2003-11-26,-7,0.033862270414829254
2003-12-09,forward_guidance_strength,2003-11-28,-6,0.03994281217455864
2003-12-09,forward_guidance_strength,2003-12-01,-5,0.041905730962753296
2003-12-09,forward_guidance_strength,2003-12-02,-4,0.039966315031051636
2003-12-09,forward_guidance_strength,2003-12-03,-3,0.03857444226741791
2003-12-09,forward_guidance_strength,2003-12-04,-2,0.040243398398160934
2003-12-09,forward_guidance_strength,2003-12-05,-1,0.035863205790519714
2003-12-09,forward_guidance_strength,2003-12-08,0,0.028107009828090668
2004-01-28,rate_decision,2003-12-10,-31,0.026479823514819145
2004-01-28,rate_decision,2003-12-11,-30,0.023093953728675842
2004-01-28,rate_decision,2003-12-12,-29,0.023985527455806732
2004-01-28,rate_decision,2003-12-15,-28,0.02568446286022663
2004-01-28,rate_decision,2003-12-16,-27,0.024734530597925186
2004-01-28,rate_decision,2003-12-17,-26,0.027847470715641975
2004-01-28,rate_decision,2003-12-18,-25,0.028207378461956978
2004-01-28,rate_decision,2003-12-19,-24,0.02977607399225235
2004-01-28,rate_decision,2003-12-22,-23,0.03395582735538483
2004-01-28,rate_decision,2003-12-23,-22,0.03598903492093086
2004-01-28,rate_decision,2003-12-24,-21,0.04005693271756172
2004-01-28,rate_decision,2003-12-26,-20,0.039952974766492844
2004-01-28,rate_decision,2003-12-29,-19,0.037207044661045074
2004-01-28,rate_decision,2003-12-30,-18,0.04058263823390007
2004-01-28,rate_decision,2003-12-31,-17,0.041064340621232986
2004-01-28,rate_decision,2004-01-02,-16,0.03193734958767891
2004-01-28,rate_decision,2004-01-05,-15,0.03133947402238846
2004-01-28,rate_decision,2004-01-06,-14,0.028604697436094284
2004-01-28,rate_decision,2004-01-07,-13,0.02966758981347084
2004-01-28,rate_decision,2004-01-08,-12,0.027986299246549606
2004-01-28,rate_decision,2004-01-09,-11,0.027394400909543037
2004-01-28,rate_decision,2004-01-12,-10,0.027507485821843147
2004-01-28,rate_decision,2004-01-13,-9,0.02547500468790531
2004-01-28,rate_decision,2004-01-14,-8,0.024483967572450638
2004-01-28,rate_decision,2004-01-15,-7,0.023271659389138222
2004-01-28,rate_decision,2004-01-16,-6,0.02822306379675865
2004-01-28,rate_decision,2004-01-20,-5,0.032242726534605026
2004-01-28,rate_decision,2004-01-21,-4,0.0367220863699913
2004-01-28,rate_decision,2004-01-22,-3,0.03960835933685303
2004-01-28,rate_decision,2004-01-23,-2,0.0370091050863266
2004-01-28,rate_decision,2004-01-26,-1,0.03097597323358059
2004-01-28,rate_decision,2004-01-27,0,0.0389326848089695
2004-01-28,current_policy_stance,2003-12-10,-31,0.03159920126199722
2004-01-28,current_policy_stance,2003-12-11,-30,0.03036820888519287
2004-01-28,current_policy_stance,2003-12-12,-29,0.025323670357465744
2004-01-28,current_policy_stance,2003-12-15,-28,0.02819150686264038
2004-01-28,current_policy_stance,2003-12-16,-27,0.02503456547856331
2004-01-28,current_policy_stance,2003-12-17,-26,0.028324559330940247
2004-01-28,current_policy_stance,2003-12-18,-25,0.030167046934366226
2004-01-28,current_policy_stance,2003-12-19,-24,0.03192686289548874
2004-01-28,current_policy_stance,2003-12-22,-23,0.03239038214087486
2004-01-28,current_policy_stance,2003-12-23,-22,0.03652726113796234
2004-01-28,current_policy_stance,2003-12-24,-21,0.03447053208947182
2004-01-28,current_policy_stance,2003-12-26,-20,0.04350138083100319
2004-01-28,current_policy_stance,2003-12-29,-19,0.03882663697004318
2004-01-28,current_policy_stance,2003-12-30,-18,0.04211139306426048
2004-01-28,current_policy_stance,2003-12-31,-17,0.03576486557722092
2004-01-28,current_policy_stance,2004-01-02,-16,0.03345587104558945
2004-01-28,current_policy_stance,2004-01-05,-15,0.028194475919008255
2004-01-28,current_policy_stance,2004-01-06,-14,0.02031681314110756
2004-01-28,current_policy_stance,2004-01-07,-13,0.0242496058344841
2004-01-28,current_policy_stance,2004-01-08,-12,0.02458050847053528
2004-01-28,current_policy_stance,2004-01-09,-11,0.021740786731243134
2004-01-28,current_policy_stance,2004-01-12,-10,0.026756752282381058
2004-01-28,current_policy_stance,2004-01-13,-9,0.02475479058921337
2004-01-28,current_policy_stance,2004-01-14,-8,0.02468286268413067
2004-01-28,current_policy_stance,2004-01-15,-7,0.024959253147244453
2004-01-28,current_policy_stance,2004-01-16,-6,0.031117811799049377
2004-01-28,current_policy_stance,2004-01-20,-5,0.034698426723480225
2004-01-28,current_policy_stance,2004-01-21,-4,0.03668610751628876
2004-01-28,current_policy_stance,2004-01-22,-3,0.04114149883389473
2004-01-28,current_policy_stance,2004-01-23,-2,0.046434711664915085
2004-01-28,current_policy_stance,2004-01-26,-1,0.03256869316101074
2004-01-28,current_policy_stance,2004-01-27,0,0.02913294918835163
2004-01-28,policy_stance_shift,2003-12-10,-31,0.028389640152454376
2004-01-28,policy_stance_shift,2003-12-11,-30,0.029188644140958786
2004-01-28,policy_stance_shift,2003-12-12,-29,0.026062732562422752
2004-01-28,policy_stance_shift,2003-12-15,-28,0.030698003247380257
2004-01-28,policy_stance_shift,2003-12-16,-27,0.0256764218211174
2004-01-28,policy_stance_shift,2003-12-17,-26,0.02791234292089939
2004-01-28,policy_stance_shift,2003-12-18,-25,0.029174137860536575
2004-01-28,policy_stance_shift,2003-12-19,-24,0.03154384344816208
2004-01-28,policy_stance_shift,2003-12-22,-23,0.03150302171707153
2004-01-28,policy_stance_shift,2003-12-23,-22,0.035512566566467285
2004-01-28,policy_stance_shift,2003-12-24,-21,0.03521040081977844
2004-01-28,policy_stance_shift,2003-12-26,-20,0.03348080813884735
2004-01-28,policy_stance_shift,2003-12-29,-19,0.03639952465891838
2004-01-28,policy_stance_shift,2003-12-30,-18,0.03736994042992592
2004-01-28,policy_stance_shift,2003-12-31,-17,0.03314558416604996
2004-01-28,policy_stance_shift,2004-01-02,-16,0.03679407387971878
2004-01-28,policy_stance_shift,2004-01-05,-15,0.034028902649879456
2004-01-28,policy_stance_shift,2004-01-06,-14,0.02433108165860176
2004-01-28,policy_stance_shift,2004-01-07,-13,0.02611987479031086
2004-01-28,policy_stance_shift,2004-01-08,-12,0.027475504204630852
2004-01-28,policy_stance_shift,2004-01-09,-11,0.025108719244599342
2004-01-28,policy_stance_shift,2004-01-12,-10,0.026311831548810005
2004-01-28,policy_stance_shift,2004-01-13,-9,0.02681819722056389
2004-01-28,policy_stance_shift,2004-01-14,-8,0.025553099811077118
2004-01-28,policy_stance_shift,2004-01-15,-7,0.026061691343784332
2004-01-28,policy_stance_shift,2004-01-16,-6,0.029484406113624573
2004-01-28,policy_stance_shift,2004-01-20,-5,0.036010198295116425
2004-01-28,policy_stance_shift,2004-01-21,-4,0.03472690284252167
2004-01-28,policy_stance_shift,2004-01-22,-3,0.03455967456102371
2004-01-28,policy_stance_shift,2004-01-23,-2,0.0398743562400341
2004-01-28,policy_stance_shift,2004-01-26,-1,0.045992009341716766
2004-01-28,policy_stance_shift,2004-01-27,0,0.029481850564479828
2004-01-28,expected_rate_path_shift,2003-12-10,-31,0.029095768928527832
2004-01-28,expected_rate_path_shift,2003-12-11,-30,0.02993696928024292
2004-01-28,expected_rate_path_shift,2003-12-12,-29,0.027244368568062782
2004-01-28,expected_rate_path_shift,2003-12-15,-28,0.030785156413912773
2004-01-28,expected_rate_path_shift,2003-12-16,-27,0.026959965005517006
2004-01-28,expected_rate_path_shift,2003-12-17,-26,0.028274912387132645
2004-01-28,expected_rate_path_shift,2003-12-18,-25,0.028575051575899124
2004-01-28,expected_rate_path_shift,2003-12-19,-24,0.031094741076231003
2004-01-28,expected_rate_path_shift,2003-12-22,-23,0.03228430449962616
2004-01-28,expected_rate_path_shift,2003-12-23,-22,0.03408791124820709
2004-01-28,expected_rate_path_shift,2003-12-24,-21,0.035272933542728424
2004-01-28,expected_rate_path_shift,2003-12-26,-20,0.031642403453588486
2004-01-28,expected_rate_path_shift,2003-12-29,-19,0.03503052145242691
2004-01-28,expected_rate_path_shift,2003-12-30,-18,0.034355975687503815
2004-01-28,expected_rate_path_shift,2003-12-31,-17,0.03304722160100937
2004-01-28,expected_rate_path_shift,2004-01-02,-16,0.03609291464090347
2004-01-28,expected_rate_path_shift,2004-01-05,-15,0.034572310745716095
2004-01-28,expected_rate_path_shift,2004-01-06,-14,0.02772870846092701
2004-01-28,expected_rate_path_shift,2004-01-07,-13,0.028036965057253838
2004-01-28,expected_rate_path_shift,2004-01-08,-12,0.02910863608121872
2004-01-28,expected_rate_path_shift,2004-01-09,-11,0.027759412303566933
2004-01-28,expected_rate_path_shift,2004-01-12,-10,0.026933014392852783
2004-01-28,expected_rate_path_shift,2004-01-13,-9,0.027878589928150177
2004-01-28,expected_rate_path_shift,2004-01-14,-8,0.026623675599694252
2004-01-28,expected_rate_path_shift,2004-01-15,-7,0.02706259861588478
2004-01-28,expected_rate_path_shift,2004-01-16,-6,0.029308151453733444
2004-01-28,expected_rate_path_shift,2004-01-20,-5,0.03501336649060249
2004-01-28,expected_rate_path_shift,2004-01-21,-4,0.03302786126732826
2004-01-28,expected_rate_path_shift,2004-01-22,-3,0.03266104310750961
2004-01-28,expected_rate_path_shift,2004-01-23,-2,0.03592139855027199
2004-01-28,expected_rate_path_shift,2004-01-26,-1,0.04361382871866226
2004-01-28,expected_rate_path_shift,2004-01-27,0,0.030969278886914253
2004-01-28,inflation_assessment_shift,2003-12-10,-31,0.02629672922194004
2004-01-28,inflation_assessment_shift,2003-12-11,-30,0.02685803733766079
2004-01-28,inflation_assessment_shift,2003-12-12,-29,0.023971037939190865
2004-01-28,inflation_assessment_shift,2003-12-15,-28,0.028601061552762985
2004-01-28,inflation_assessment_shift,2003-12-16,-27,0.024575361981987953
2004-01-28,inflation_assessment_shift,2003-12-17,-26,0.02720784768462181
2004-01-28,inflation_assessment_shift,2003-12-18,-25,0.02879287675023079
2004-01-28,inflation_assessment_shift,2003-12-19,-24,0.030805297195911407
2004-01-28,inflation_assessment_shift,2003-12-22,-23,0.03220313787460327
2004-01-28,inflation_assessment_shift,2003-12-23,-22,0.03619758039712906
2004-01-28,inflation_assessment_shift,2003-12-24,-21,0.03659823536872864
2004-01-28,inflation_assessment_shift,2003-12-26,-20,0.033671773970127106
2004-01-28,inflation_assessment_shift,2003-12-29,-19,0.037755437195301056
2004-01-28,inflation_assessment_shift,2003-12-30,-18,0.0396273098886013
2004-01-28,inflation_assessment_shift,2003-12-31,-17,0.035056907683610916
2004-01-28,inflation_assessment_shift,2004-01-02,-16,0.039198122918605804
2004-01-28,inflation_assessment_shift,2004-01-05,-15,0.03613219037652016
2004-01-28,inflation_assessment_shift,2004-01-06,-14,0.024706315249204636
2004-01-28,inflation_assessment_shift,2004-01-07,-13,0.02659478411078453
2004-01-28,inflation_assessment_shift,2004-01-08,-12,0.02723376825451851
2004-01-28,inflation_assessment_shift,2004-01-09,-11,0.025245169177651405
2004-01-28,inflation_assessment_shift,2004-01-12,-10,0.02590363100171089
2004-01-28,inflation_assessment_shift,2004-01-13,-9,0.02579575777053833
2004-01-28,inflation_assessment_shift,2004-01-14,-8,0.024616360664367676
2004-01-28,inflation_assessment_shift,2004-01-15,-7,0.02513580396771431
2004-01-28,inflation_assessment_shift,2004-01-16,-6,0.027508743107318878
2004-01-28,inflation_assessment_shift,2004-01-20,-5,0.03499883413314819
2004-01-28,inflation_assessment_shift,2004-01-21,-4,0.034885723143815994
2004-01-28,inflation_assessment_shift,2004-01-22,-3,0.035009101033210754
2004-01-28,inflation_assessment_shift,2004-01-23,-2,0.04047026485204697
2004-01-28,inflation_assessment_shift,2004-01-26,-1,0.04699667915701866
2004-01-28,inflation_assessment_shift,2004-01-27,0,0.03135012090206146
2004-01-28,inflation_risk_shift,2003-12-10,-31,0.030343297868967056
2004-01-28,inflation_risk_shift,2003-12-11,-30,0.029544735327363014
2004-01-28,inflation_risk_shift,2003-12-12,-29,0.025327282026410103
2004-01-28,inflation_risk_shift,2003-12-15,-28,0.030799247324466705
2004-01-28,inflation_risk_shift,2003-12-16,-27,0.025782056152820587
2004-01-28,inflation_risk_shift,2003-12-17,-26,0.027963288128376007
2004-01-28,inflation_risk_shift,2003-12-18,-25,0.029226699844002724
2004-01-28,inflation_risk_shift,2003-12-19,-24,0.031061038374900818
2004-01-28,inflation_risk_shift,2003-12-22,-23,0.030407287180423737
2004-01-28,inflation_risk_shift,2003-12-23,-22,0.03671214357018471
2004-01-28,inflation_risk_shift,2003-12-24,-21,0.035518579185009
2004-01-28,inflation_risk_shift,2003-12-26,-20,0.033869996666908264
2004-01-28,inflation_risk_shift,2003-12-29,-19,0.037189338356256485
2004-01-28,inflation_risk_shift,2003-12-30,-18,0.039582908153533936
2004-01-28,inflation_risk_shift,2003-12-31,-17,0.034091416746377945
2004-01-28,inflation_risk_shift,2004-01-02,-16,0.036024823784828186
2004-01-28,inflation_risk_shift,2004-01-05,-15,0.03337946906685829
2004-01-28,inflation_risk_shift,2004-01-06,-14,0.022883884608745575
2004-01-28,inflation_risk_shift,2004-01-07,-13,0.0254097580909729
2004-01-28,inflation_risk_shift,2004-01-08,-12,0.027392474934458733
2004-01-28,inflation_risk_shift,2004-01-09,-11,0.023737451061606407
2004-01-28,inflation_risk_shift,2004-01-12,-10,0.025806179270148277
2004-01-28,inflation_risk_shift,2004-01-13,-9,0.026310907676815987
2004-01-28,inflation_risk_shift,2004-01-14,-8,0.024106785655021667
2004-01-28,inflation_risk_shift,2004-01-15,-7,0.025584887713193893
2004-01-28,inflation_risk_shift,2004-01-16,-6,0.02893848717212677
2004-01-28,inflation_risk_shift,2004-01-20,-5,0.035318709909915924
2004-01-28,inflation_risk_shift,2004-01-21,-4,0.03449346870183945
2004-01-28,inflation_risk_shift,2004-01-22,-3,0.03529402241110802
2004-01-28,inflation_risk_shift,2004-01-23,-2,0.04133162274956703
2004-01-28,inflation_risk_shift,2004-01-26,-1,0.045205727219581604
2004-01-28,inflation_risk_shift,2004-01-27,0,0.03136202692985535
2004-01-28,unemployment_assessment_shift,2003-12-10,-31,0.029380613937973976
2004-01-28,unemployment_assessment_shift,2003-12-11,-30,0.029166143387556076
2004-01-28,unemployment_assessment_shift,2003-12-12,-29,0.025162741541862488
2004-01-28,unemployment_assessment_shift,2003-12-15,-28,0.02949005924165249
2004-01-28,unemployment_assessment_shift,2003-12-16,-27,0.02515443041920662
2004-01-28,unemployment_assessment_shift,2003-12-17,-26,0.028207827359437943
2004-01-28,unemployment_assessment_shift,2003-12-18,-25,0.030025843530893326
2004-01-28,unemployment_assessment_shift,2003-12-19,-24,0.03199898079037666
2004-01-28,unemployment_assessment_shift,2003-12-22,-23,0.03138693794608116
2004-01-28,unemployment_assessment_shift,2003-12-23,-22,0.037711624056100845
2004-01-28,unemployment_assessment_shift,2003-12-24,-21,0.03574854135513306
2004-01-28,unemployment_assessment_shift,2003-12-26,-20,0.03657037019729614
2004-01-28,unemployment_assessment_shift,2003-12-29,-19,0.03827603533864021
2004-01-28,unemployment_assessment_shift,2003-12-30,-18,0.04162707179784775
2004-01-28,unemployment_assessment_shift,2003-12-31,-17,0.0335790179669857
2004-01-28,unemployment_assessment_shift,2004-01-02,-16,0.035696618258953094
2004-01-28,unemployment_assessment_shift,2004-01-05,-15,0.03239089250564575
2004-01-28,unemployment_assessment_shift,2004-01-06,-14,0.020801754668354988
2004-01-28,unemployment_assessment_shift,2004-01-07,-13,0.02415599673986435
2004-01-28,unemployment_assessment_shift,2004-01-08,-12,0.025737028568983078
2004-01-28,unemployment_assessment_shift,2004-01-09,-11,0.021972373127937317
2004-01-28,unemployment_assessment_shift,2004-01-12,-10,0.025497615337371826
2004-01-28,unemployment_assessment_shift,2004-01-13,-9,0.0251592006534338
2004-01-28,unemployment_assessment_shift,2004-01-14,-8,0.02383499965071678
2004-01-28,unemployment_assessment_shift,2004-01-15,-7,0.02501589059829712
2004-01-28,unemployment_assessment_shift,2004-01-16,-6,0.030162476003170013
2004-01-28,unemployment_assessment_shift,2004-01-20,-5,0.03646504133939743
2004-01-28,unemployment_assessment_shift,2004-01-21,-4,0.03727065399289131
2004-01-28,unemployment_assessment_shift,2004-01-22,-3,0.03741639852523804
2004-01-28,unemployment_assessment_shift,2004-01-23,-2,0.04413192719221115
2004-01-28,unemployment_assessment_shift,2004-01-26,-1,0.04195953160524368
2004-01-28,unemployment_assessment_shift,2004-01-27,0,0.028845373541116714
2004-01-28,labor_market_risk_shift,2003-12-10,-31,0.02928292751312256
2004-01-28,labor_market_risk_shift,2003-12-11,-30,0.02827516943216324
2004-01-28,labor_market_risk_shift,2003-12-12,-29,0.023719515651464462
2004-01-28,labor_market_risk_shift,2003-12-15,-28,0.02772204764187336
2004-01-28,labor_market_risk_shift,2003-12-16,-27,0.02378673292696476
2004-01-28,labor_market_risk_shift,2003-12-17,-26,0.027650928124785423
2004-01-28,labor_market_risk_shift,2003-12-18,-25,0.028715070337057114
2004-01-28,labor_market_risk_shift,2003-12-19,-24,0.031071729958057404
2004-01-28,labor_market_risk_shift,2003-12-22,-23,0.03301046043634415
2004-01-28,labor_market_risk_shift,2003-12-23,-22,0.03764617443084717
2004-01-28,labor_market_risk_shift,2003-12-24,-21,0.03652896732091904
2004-01-28,labor_market_risk_shift,2003-12-26,-20,0.0415201410651207
2004-01-28,labor_market_risk_shift,2003-12-29,-19,0.04047039896249771
2004-01-28,labor_market_risk_shift,2003-12-30,-18,0.04368780925869942
2004-01-28,labor_market_risk_shift,2003-12-31,-17,0.03725134953856468
2004-01-28,labor_market_risk_shift,2004-01-02,-16,0.03561609983444214
2004-01-28,labor_market_risk_shift,2004-01-05,-15,0.030534660443663597
2004-01-28,labor_market_risk_shift,2004-01-06,-14,0.020154858008027077
2004-01-28,labor_market_risk_shift,2004-01-07,-13,0.02403370663523674
2004-01-28,labor_market_risk_shift,2004-01-08,-12,0.024998757988214493
2004-01-28,labor_market_risk_shift,2004-01-09,-11,0.021407470107078552
2004-01-28,labor_market_risk_shift,2004-01-12,-10,0.024942714720964432
2004-01-28,labor_market_risk_shift,2004-01-13,-9,0.02438262663781643
2004-01-28,labor_market_risk_shift,2004-01-14,-8,0.022692613303661346
2004-01-28,labor_market_risk_shift,2004-01-15,-7,0.023754717782139778
2004-01-28,labor_market_risk_shift,2004-01-16,-6,0.029405344277620316
2004-01-28,labor_market_risk_shift,2004-01-20,-5,0.0357259139418602
2004-01-28,labor_market_risk_shift,2004-01-21,-4,0.036928724497556686
2004-01-28,labor_market_risk_shift,2004-01-22,-3,0.04024038091301918
2004-01-28,labor_market_risk_shift,2004-01-23,-2,0.047354765236377716
2004-01-28,labor_market_risk_shift,2004-01-26,-1,0.039630770683288574
2004-01-28,labor_market_risk_shift,2004-01-27,0,0.027856476604938507
2004-01-28,growth_activity_shift,2003-12-10,-31,0.029806165024638176
2004-01-28,growth_activity_shift,2003-12-11,-30,0.02938041463494301
2004-01-28,growth_activity_shift,2003-12-12,-29,0.024477818980813026
2004-01-28,growth_activity_shift,2003-12-15,-28,0.02990010380744934
2004-01-28,growth_activity_shift,2003-12-16,-27,0.02538323402404785
2004-01-28,growth_activity_shift,2003-12-17,-26,0.02734464406967163
2004-01-28,growth_activity_shift,2003-12-18,-25,0.028252480551600456
2004-01-28,growth_activity_shift,2003-12-19,-24,0.029948582872748375
2004-01-28,growth_activity_shift,2003-12-22,-23,0.030728071928024292
2004-01-28,growth_activity_shift,2003-12-23,-22,0.036182623356580734
2004-01-28,growth_activity_shift,2003-12-24,-21,0.03608773648738861
2004-01-28,growth_activity_shift,2003-12-26,-20,0.03485795855522156
2004-01-28,growth_activity_shift,2003-12-29,-19,0.037859950214624405
2004-01-28,growth_activity_shift,2003-12-30,-18,0.04053867980837822
2004-01-28,growth_activity_shift,2003-12-31,-17,0.034621529281139374
2004-01-28,growth_activity_shift,2004-01-02,-16,0.03726552799344063
2004-01-28,growth_activity_shift,2004-01-05,-15,0.034087564796209335
2004-01-28,growth_activity_shift,2004-01-06,-14,0.02348095178604126
2004-01-28,growth_activity_shift,2004-01-07,-13,0.02545292302966118
2004-01-28,growth_activity_shift,2004-01-08,-12,0.027112852782011032
2004-01-28,growth_activity_shift,2004-01-09,-11,0.02423221245408058
2004-01-28,growth_activity_shift,2004-01-12,-10,0.02538701891899109
2004-01-28,growth_activity_shift,2004-01-13,-9,0.025813298299908638
2004-01-28,growth_activity_shift,2004-01-14,-8,0.024215534329414368
2004-01-28,growth_activity_shift,2004-01-15,-7,0.024481549859046936
2004-01-28,growth_activity_shift,2004-01-16,-6,0.027755308896303177
2004-01-28,growth_activity_shift,2004-01-20,-5,0.0351320244371891
2004-01-28,growth_activity_shift,2004-01-21,-4,0.03510530665516853
2004-01-28,growth_activity_shift,2004-01-22,-3,0.0357348807156086
2004-01-28,growth_activity_shift,2004-01-23,-2,0.04248766973614693
2004-01-28,growth_activity_shift,2004-01-26,-1,0.04604597017168999
2004-01-28,growth_activity_shift,2004-01-27,0,0.030839411541819572
2004-01-28,financial_conditions_shift,2003-12-10,-31,0.029560167342424393
2004-01-28,financial_conditions_shift,2003-12-11,-30,0.031038273125886917
2004-01-28,financial_conditions_shift,2003-12-12,-29,0.025489404797554016
2004-01-28,financial_conditions_shift,2003-12-15,-28,0.03067867085337639
2004-01-28,financial_conditions_shift,2003-12-16,-27,0.025970950722694397
2004-01-28,financial_conditions_shift,2003-12-17,-26,0.0283915214240551
2004-01-28,financial_conditions_shift,2003-12-18,-25,0.02924114465713501
2004-01-28,financial_conditions_shift,2003-12-19,-24,0.031373683363199234
2004-01-28,financial_conditions_shift,2003-12-22,-23,0.030816394835710526
2004-01-28,financial_conditions_shift,2003-12-23,-22,0.03628670424222946
2004-01-28,financial_conditions_shift,2003-12-24,-21,0.03563136234879494
2004-01-28,financial_conditions_shift,2003-12-26,-20,0.03404304385185242
2004-01-28,financial_conditions_shift,2003-12-29,-19,0.037074435502290726
2004-01-28,financial_conditions_shift,2003-12-30,-18,0.03957859054207802
2004-01-28,financial_conditions_shift,2003-12-31,-17,0.03335485979914665
2004-01-28,financial_conditions_shift,2004-01-02,-16,0.03595029562711716
2004-01-28,financial_conditions_shift,2004-01-05,-15,0.032718852162361145
2004-01-28,financial_conditions_shift,2004-01-06,-14,0.02202664688229561
2004-01-28,financial_conditions_shift,2004-01-07,-13,0.02467671036720276
2004-01-28,financial_conditions_shift,2004-01-08,-12,0.0266425721347332
2004-01-28,financial_conditions_shift,2004-01-09,-11,0.023512165993452072
2004-01-28,financial_conditions_shift,2004-01-12,-10,0.025595372542738914
2004-01-28,financial_conditions_shift,2004-01-13,-9,0.02656141296029091
2004-01-28,financial_conditions_shift,2004-01-14,-8,0.024682924151420593
2004-01-28,financial_conditions_shift,2004-01-15,-7,0.025449834764003754
2004-01-28,financial_conditions_shift,2004-01-16,-6,0.029224015772342682
2004-01-28,financial_conditions_shift,2004-01-20,-5,0.03639905899763107
2004-01-28,financial_conditions_shift,2004-01-21,-4,0.03548820689320564
2004-01-28,financial_conditions_shift,2004-01-22,-3,0.035022933036088943
2004-01-28,financial_conditions_shift,2004-01-23,-2,0.04267309233546257
2004-01-28,financial_conditions_shift,2004-01-26,-1,0.04523133113980293
2004-01-28,financial_conditions_shift,2004-01-27,0,0.029615342617034912
2004-01-28,risk_balance_shift,2003-12-10,-31,0.0287160761654377
2004-01-28,risk_balance_shift,2003-12-11,-30,0.02830563858151436
2004-01-28,risk_balance_shift,2003-12-12,-29,0.023101462051272392
2004-01-28,risk_balance_shift,2003-12-15,-28,0.027758706361055374
2004-01-28,risk_balance_shift,2003-12-16,-27,0.02326640859246254
2004-01-28,risk_balance_shift,2003-12-17,-26,0.026413138955831528
2004-01-28,risk_balance_shift,2003-12-18,-25,0.027835587039589882
2004-01-28,risk_balance_shift,2003-12-19,-24,0.030588306486606598
2004-01-28,risk_balance_shift,2003-12-22,-23,0.03193466365337372
2004-01-28,risk_balance_shift,2003-12-23,-22,0.037702642381191254
2004-01-28,risk_balance_shift,2003-12-24,-21,0.03742632642388344
2004-01-28,risk_balance_shift,2003-12-26,-20,0.041232962161302567
2004-01-28,risk_balance_shift,2003-12-29,-19,0.04055815935134888
2004-01-28,risk_balance_shift,2003-12-30,-18,0.043593160808086395
2004-01-28,risk_balance_shift,2003-12-31,-17,0.03768521174788475
2004-01-28,risk_balance_shift,2004-01-02,-16,0.03733472898602486
2004-01-28,risk_balance_shift,2004-01-05,-15,0.031521499156951904
2004-01-28,risk_balance_shift,2004-01-06,-14,0.021107126027345657
2004-01-28,risk_balance_shift,2004-01-07,-13,0.024069776758551598
2004-01-28,risk_balance_shift,2004-01-08,-12,0.024624519050121307
2004-01-28,risk_balance_shift,2004-01-09,-11,0.02159031480550766
2004-01-28,risk_balance_shift,2004-01-12,-10,0.024072622880339622
2004-01-28,risk_balance_shift,2004-01-13,-9,0.023613739758729935
2004-01-28,risk_balance_shift,2004-01-14,-8,0.02197367325425148
2004-01-28,risk_balance_shift,2004-01-15,-7,0.02271576225757599
2004-01-28,risk_balance_shift,2004-01-16,-6,0.028089670464396477
2004-01-28,risk_balance_shift,2004-01-20,-5,0.0354902558028698
2004-01-28,risk_balance_shift,2004-01-21,-4,0.03692947328090668
2004-01-28,risk_balance_shift,2004-01-22,-3,0.0403868705034256
2004-01-28,risk_balance_shift,2004-01-23,-2,0.047832850366830826
2004-01-28,risk_balance_shift,2004-01-26,-1,0.04191957414150238
2004-01-28,risk_balance_shift,2004-01-27,0,0.03060908243060112
2004-01-28,committee_dispersion,2003-12-10,-31,0.028844783082604408
2004-01-28,committee_dispersion,2003-12-11,-30,0.030067693442106247
2004-01-28,committee_dispersion,2003-12-12,-29,0.028580114245414734
2004-01-28,committee_dispersion,2003-12-15,-28,0.0327790193259716
2004-01-28,committee_dispersion,2003-12-16,-27,0.02979329600930214
2004-01-28,committee_dispersion,2003-12-17,-26,0.029928268864750862
2004-01-28,committee_dispersion,2003-12-18,-25,0.02908715233206749
2004-01-28,committee_dispersion,2003-12-19,-24,0.030834775418043137
2004-01-28,committee_dispersion,2003-12-22,-23,0.03153134509921074
2004-01-28,committee_dispersion,2003-12-23,-22,0.032072246074676514
2004-01-28,committee_dispersion,2003-12-24,-21,0.03283749148249626
2004-01-28,committee_dispersion,2003-12-26,-20,0.02691582962870598
2004-01-28,committee_dispersion,2003-12-29,-19,0.03201809525489807
2004-01-28,committee_dispersion,2003-12-30,-18,0.03140626847743988
2004-01-28,committee_dispersion,2003-12-31,-17,0.03101271204650402
2004-01-28,committee_dispersion,2004-01-02,-16,0.035132717341184616
2004-01-28,committee_dispersion,2004-01-05,-15,0.03563033416867256
2004-01-28,committee_dispersion,2004-01-06,-14,0.031047649681568146
2004-01-28,committee_dispersion,2004-01-07,-13,0.030068567022681236
2004-01-28,committee_dispersion,2004-01-08,-12,0.03140994533896446
2004-01-28,committee_dispersion,2004-01-09,-11,0.03160731866955757
2004-01-28,committee_dispersion,2004-01-12,-10,0.028813188895583153
2004-01-28,committee_dispersion,2004-01-13,-9,0.030375322327017784
2004-01-28,committee_dispersion,2004-01-14,-8,0.02944074012339115
2004-01-28,committee_dispersion,2004-01-15,-7,0.02926827222108841
2004-01-28,committee_dispersion,2004-01-16,-6,0.02854526787996292
2004-01-28,committee_dispersion,2004-01-20,-5,0.03339778631925583
2004-01-28,committee_dispersion,2004-01-21,-4,0.03034212812781334
2004-01-28,committee_dispersion,2004-01-22,-3,0.029007339850068092
2004-01-28,committee_dispersion,2004-01-23,-2,0.03212779760360718
2004-01-28,committee_dispersion,2004-01-26,-1,0.043680109083652496
2004-01-28,committee_dispersion,2004-01-27,0,0.03239639848470688
2004-01-28,policy_uncertainty,2003-12-10,-31,0.029623132199048996
2004-01-28,policy_uncertainty,2003-12-11,-30,0.027675535529851913
2004-01-28,policy_uncertainty,2003-12-12,-29,0.024108584970235825
2004-01-28,policy_uncertainty,2003-12-15,-28,0.029349403455853462
2004-01-28,policy_uncertainty,2003-12-16,-27,0.024393156170845032
2004-01-28,policy_uncertainty,2003-12-17,-26,0.02743382751941681
2004-01-28,policy_uncertainty,2003-12-18,-25,0.029448706656694412
2004-01-28,policy_uncertainty,2003-12-19,-24,0.03133277967572212
2004-01-28,policy_uncertainty,2003-12-22,-23,0.03141257166862488
2004-01-28,policy_uncertainty,2003-12-23,-22,0.037767648696899414
2004-01-28,policy_uncertainty,2003-12-24,-21,0.035609886050224304
2004-01-28,policy_uncertainty,2003-12-26,-20,0.039155516773462296
2004-01-28,policy_uncertainty,2003-12-29,-19,0.03947770595550537
2004-01-28,policy_uncertainty,2003-12-30,-18,0.04229205101728439
2004-01-28,policy_uncertainty,2003-12-31,-17,0.03571321815252304
2004-01-28,policy_uncertainty,2004-01-02,-16,0.035953689366579056
2004-01-28,policy_uncertainty,2004-01-05,-15,0.03119848109781742
2004-01-28,policy_uncertainty,2004-01-06,-14,0.020858395844697952
2004-01-28,policy_uncertainty,2004-01-07,-13,0.024374354630708694
2004-01-28,policy_uncertainty,2004-01-08,-12,0.02630831114947796
2004-01-28,policy_uncertainty,2004-01-09,-11,0.02232789248228073
2004-01-28,policy_uncertainty,2004-01-12,-10,0.02569773979485035
2004-01-28,policy_uncertainty,2004-01-13,-9,0.024944178760051727
2004-01-28,policy_uncertainty,2004-01-14,-8,0.02308470569550991
2004-01-28,policy_uncertainty,2004-01-15,-7,0.02404174767434597
2004-01-28,policy_uncertainty,2004-01-16,-6,0.029006268829107285
2004-01-28,policy_uncertainty,2004-01-20,-5,0.035728417336940765
2004-01-28,policy_uncertainty,2004-01-21,-4,0.03701907396316528
2004-01-28,policy_uncertainty,2004-01-22,-3,0.03931250423192978
2004-01-28,policy_uncertainty,2004-01-23,-2,0.04604419693350792
2004-01-28,policy_uncertainty,2004-01-26,-1,0.04077405482530594
2004-01-28,policy_uncertainty,2004-01-27,0,0.028532231226563454
2004-01-28,forward_guidance_strength,2003-12-10,-31,0.028603337705135345
2004-01-28,forward_guidance_strength,2003-12-11,-30,0.029206082224845886
2004-01-28,forward_guidance_strength,2003-12-12,-29,0.024336041882634163
2004-01-28,forward_guidance_strength,2003-12-15,-28,0.029496362432837486
2004-01-28,forward_guidance_strength,2003-12-16,-27,0.02509632520377636
2004-01-28,forward_guidance_strength,2003-12-17,-26,0.026972591876983643
2004-01-28,forward_guidance_strength,2003-12-18,-25,0.02814612165093422
2004-01-28,forward_guidance_strength,2003-12-19,-24,0.0315590426325798
2004-01-28,forward_guidance_strength,2003-12-22,-23,0.031673330813646317
2004-01-28,forward_guidance_strength,2003-12-23,-22,0.03521452099084854
2004-01-28,forward_guidance_strength,2003-12-24,-21,0.037537284195423126
2004-01-28,forward_guidance_strength,2003-12-26,-20,0.03563365340232849
2004-01-28,forward_guidance_strength,2003-12-29,-19,0.03774143010377884
2004-01-28,forward_guidance_strength,2003-12-30,-18,0.04021706432104111
2004-01-28,forward_guidance_strength,2003-12-31,-17,0.03634984791278839
2004-01-28,forward_guidance_strength,2004-01-02,-16,0.036095768213272095
2004-01-28,forward_guidance_strength,2004-01-05,-15,0.03376677259802818
2004-01-28,forward_guidance_strength,2004-01-06,-14,0.023304812610149384
2004-01-28,forward_guidance_strength,2004-01-07,-13,0.02511700801551342
2004-01-28,forward_guidance_strength,2004-01-08,-12,0.026077691465616226
2004-01-28,forward_guidance_strength,2004-01-09,-11,0.02383253164589405
2004-01-28,forward_guidance_strength,2004-01-12,-10,0.02529684081673622
2004-01-28,forward_guidance_strength,2004-01-13,-9,0.025749342516064644
2004-01-28,forward_guidance_strength,2004-01-14,-8,0.024263452738523483
2004-01-28,forward_guidance_strength,2004-01-15,-7,0.024737147614359856
2004-01-28,forward_guidance_strength,2004-01-16,-6,0.029010837897658348
2004-01-28,forward_guidance_strength,2004-01-20,-5,0.03592067211866379
2004-01-28,forward_guidance_strength,2004-01-21,-4,0.03526148945093155
2004-01-28,forward_guidance_strength,2004-01-22,-3,0.03685956075787544
2004-01-28,forward_guidance_strength,2004-01-23,-2,0.041809141635894775
2004-01-28,forward_guidance_strength,2004-01-26,-1,0.0431123822927475
2004-01-28,forward_guidance_strength,2004-01-27,0,0.03200149163603783
2004-03-16,rate_decision,2004-01-29,-31,0.03528870269656181
2004-03-16,rate_decision,2004-01-30,-30,0.03891061246395111
2004-03-16,rate_decision,2004-02-02,-29,0.029627827927470207
2004-03-16,rate_decision,2004-02-03,-28,0.03412865102291107
2004-03-16,rate_decision,2004-02-04,-27,0.032601818442344666
2004-03-16,rate_decision,2004-02-05,-26,0.030871551483869553
2004-03-16,rate_decision,2004-02-06,-25,0.03800184279680252
2004-03-16,rate_decision,2004-02-09,-24,0.030526960268616676
2004-03-16,rate_decision,2004-02-10,-23,0.03050699084997177
2004-03-16,rate_decision,2004-02-11,-22,0.03342333436012268
2004-03-16,rate_decision,2004-02-12,-21,0.02980988658964634
2004-03-16,rate_decision,2004-02-13,-20,0.03351157531142235
2004-03-16,rate_decision,2004-02-17,-19,0.032336704432964325
2004-03-16,rate_decision,2004-02-18,-18,0.031296856701374054
2004-03-16,rate_decision,2004-02-19,-17,0.033284902572631836
2004-03-16,rate_decision,2004-02-20,-16,0.030331799760460854
2004-03-16,rate_decision,2004-02-23,-15,0.03383603319525719
2004-03-16,rate_decision,2004-02-24,-14,0.03325194865465164
2004-03-16,rate_decision,2004-02-25,-13,0.0298752523958683
2004-03-16,rate_decision,2004-02-26,-12,0.030386295169591904
2004-03-16,rate_decision,2004-02-27,-11,0.0333443209528923
2004-03-16,rate_decision,2004-03-01,-10,0.030765704810619354
2004-03-16,rate_decision,2004-03-02,-9,0.02982821688055992
2004-03-16,rate_decision,2004-03-03,-8,0.030385222285985947
2004-03-16,rate_decision,2004-03-04,-7,0.03254886716604233
2004-03-16,rate_decision,2004-03-05,-6,0.03044285625219345
2004-03-16,rate_decision,2004-03-08,-5,0.029252488166093826
2004-03-16,rate_decision,2004-03-09,-4,0.02705194614827633
2004-03-16,rate_decision,2004-03-10,-3,0.024234097450971603
2004-03-16,rate_decision,2004-03-11,-2,0.02310372143983841
2004-03-16,rate_decision,2004-03-12,-1,0.02587767317891121
2004-03-16,rate_decision,2004-03-15,0,0.031355373561382294
2004-03-16,current_policy_stance,2004-01-29,-31,0.03220833092927933
2004-03-16,current_policy_stance,2004-01-30,-30,0.03161371499300003
2004-03-16,current_policy_stance,2004-02-02,-29,0.037220943719148636
2004-03-16,current_policy_stance,2004-02-03,-28,0.03074503503739834
2004-03-16,current_policy_stance,2004-02-04,-27,0.03243396803736687
2004-03-16,current_policy_stance,2004-02-05,-26,0.027705445885658264
2004-03-16,current_policy_stance,2004-02-06,-25,0.028271565213799477
2004-03-16,current_policy_stance,2004-02-09,-24,0.03219643235206604
2004-03-16,current_policy_stance,2004-02-10,-23,0.027858871966600418
2004-03-16,current_policy_stance,2004-02-11,-22,0.03085939586162567
2004-03-16,current_policy_stance,2004-02-12,-21,0.03546037897467613
2004-03-16,current_policy_stance,2004-02-13,-20,0.03066197969019413
2004-03-16,current_policy_stance,2004-02-17,-19,0.034830473363399506
2004-03-16,current_policy_stance,2004-02-18,-18,0.03319098800420761
2004-03-16,current_policy_stance,2004-02-19,-17,0.03947286307811737
2004-03-16,current_policy_stance,2004-02-20,-16,0.03746099770069122
2004-03-16,current_policy_stance,2004-02-23,-15,0.034810006618499756
2004-03-16,current_policy_stance,2004-02-24,-14,0.03580814599990845
2004-03-16,current_policy_stance,2004-02-25,-13,0.03230271860957146
2004-03-16,current_policy_stance,2004-02-26,-12,0.039090804755687714
2004-03-16,current_policy_stance,2004-02-27,-11,0.03147627413272858
2004-03-16,current_policy_stance,2004-03-01,-10,0.03377413749694824
2004-03-16,current_policy_stance,2004-03-02,-9,0.02611727826297283
2004-03-16,current_policy_stance,2004-03-03,-8,0.02175247296690941
2004-03-16,current_policy_stance,2004-03-04,-7,0.023027660325169563
2004-03-16,current_policy_stance,2004-03-05,-6,0.022612430155277252
2004-03-16,current_policy_stance,2004-03-08,-5,0.026994867250323296
2004-03-16,current_policy_stance,2004-03-09,-4,0.025020716711878777
2004-03-16,current_policy_stance,2004-03-10,-3,0.02739613503217697
2004-03-16,current_policy_stance,2004-03-11,-2,0.02849632129073143
2004-03-16,current_policy_stance,2004-03-12,-1,0.0322749987244606
2004-03-16,current_policy_stance,2004-03-15,0,0.0368536151945591
2004-03-16,policy_stance_shift,2004-01-29,-31,0.035720620304346085
2004-03-16,policy_stance_shift,2004-01-30,-30,0.03538091853260994
2004-03-16,policy_stance_shift,2004-02-02,-29,0.03859567642211914
2004-03-16,policy_stance_shift,2004-02-03,-28,0.03724499046802521
2004-03-16,policy_stance_shift,2004-02-04,-27,0.03273985534906387
2004-03-16,policy_stance_shift,2004-02-05,-26,0.03175066411495209
2004-03-16,policy_stance_shift,2004-02-06,-25,0.033191557973623276
2004-03-16,policy_stance_shift,2004-02-09,-24,0.0314130075275898
2004-03-16,policy_stance_shift,2004-02-10,-23,0.02819814532995224
2004-03-16,policy_stance_shift,2004-02-11,-22,0.03124501183629036
2004-03-16,policy_stance_shift,2004-02-12,-21,0.030522745102643967
2004-03-16,policy_stance_shift,2004-02-13,-20,0.03231415897607803
2004-03-16,policy_stance_shift,2004-02-17,-19,0.03299451619386673
2004-03-16,policy_stance_shift,2004-02-18,-18,0.03158148005604744
2004-03-16,policy_stance_shift,2004-02-19,-17,0.036136478185653687
2004-03-16,policy_stance_shift,2004-02-20,-16,0.034260816872119904
2004-03-16,policy_stance_shift,2004-02-23,-15,0.03483668714761734
2004-03-16,policy_stance_shift,2004-02-24,-14,0.03254290670156479
2004-03-16,policy_stance_shift,2004-02-25,-13,0.030766993761062622
2004-03-16,policy_stance_shift,2004-02-26,-12,0.03444804251194
2004-03-16,policy_stance_shift,2004-02-27,-11,0.03198826313018799
2004-03-16,policy_stance_shift,2004-03-01,-10,0.03175767511129379
2004-03-16,policy_stance_shift,2004-03-02,-9,0.027978328987956047
2004-03-16,policy_stance_shift,2004-03-03,-8,0.024001983925700188
2004-03-16,policy_stance_shift,2004-03-04,-7,0.025265831500291824
2004-03-16,policy_stance_shift,2004-03-05,-6,0.02416832558810711
2004-03-16,policy_stance_shift,2004-03-08,-5,0.02675813063979149
2004-03-16,policy_stance_shift,2004-03-09,-4,0.02484949305653572
2004-03-16,policy_stance_shift,2004-03-10,-3,0.025472544133663177
2004-03-16,policy_stance_shift,2004-03-11,-2,0.026506362482905388
2004-03-16,policy_stance_shift,2004-03-12,-1,0.03135056793689728
2004-03-16,policy_stance_shift,2004-03-15,0,0.03401721268892288
2004-03-16,expected_rate_path_shift,2004-01-29,-31,0.03522421047091484
2004-03-16,expected_rate_path_shift,2004-01-30,-30,0.035585686564445496
2004-03-16,expected_rate_path_shift,2004-02-02,-29,0.03814183548092842
2004-03-16,expected_rate_path_shift,2004-02-03,-28,0.0372016578912735
2004-03-16,expected_rate_path_shift,2004-02-04,-27,0.03309761360287666
2004-03-16,expected_rate_path_shift,2004-02-05,-26,0.031268637627363205
2004-03-16,expected_rate_path_shift,2004-02-06,-25,0.03340277075767517
2004-03-16,expected_rate_path_shift,2004-02-09,-24,0.03161116689443588
2004-03-16,expected_rate_path_shift,2004-02-10,-23,0.028129490092396736
2004-03-16,expected_rate_path_shift,2004-02-11,-22,0.03196471557021141
2004-03-16,expected_rate_path_shift,2004-02-12,-21,0.03085324913263321
2004-03-16,expected_rate_path_shift,2004-02-13,-20,0.03298582136631012
2004-03-16,expected_rate_path_shift,2004-02-17,-19,0.03285349905490875
2004-03-16,expected_rate_path_shift,2004-02-18,-18,0.03176090866327286
2004-03-16,expected_rate_path_shift,2004-02-19,-17,0.03661198914051056
2004-03-16,expected_rate_path_shift,2004-02-20,-16,0.03420374542474747
2004-03-16,expected_rate_path_shift,2004-02-23,-15,0.03528492525219917
2004-03-16,expected_rate_path_shift,2004-02-24,-14,0.032513316720724106
2004-03-16,expected_rate_path_shift,2004-02-25,-13,0.03088543936610222
2004-03-16,expected_rate_path_shift,2004-02-26,-12,0.03409440815448761
2004-03-16,expected_rate_path_shift,2004-02-27,-11,0.03192262724041939
2004-03-16,expected_rate_path_shift,2004-03-01,-10,0.03178912401199341
2004-03-16,expected_rate_path_shift,2004-03-02,-9,0.027780048549175262
2004-03-16,expected_rate_path_shift,2004-03-03,-8,0.023962168022990227
2004-03-16,expected_rate_path_shift,2004-03-04,-7,0.02523360215127468
2004-03-16,expected_rate_path_shift,2004-03-05,-6,0.02436930127441883
2004-03-16,expected_rate_path_shift,2004-03-08,-5,0.026593297719955444
2004-03-16,expected_rate_path_shift,2004-03-09,-4,0.024615423753857613
2004-03-16,expected_rate_path_shift,2004-03-10,-3,0.025144021958112717
2004-03-16,expected_rate_path_shift,2004-03-11,-2,0.026312075555324554
2004-03-16,expected_rate_path_shift,2004-03-12,-1,0.030986372381448746
2004-03-16,expected_rate_path_shift,2004-03-15,0,0.03361686319112778
2004-03-16,inflation_assessment_shift,2004-01-29,-31,0.036657266318798065
2004-03-16,inflation_assessment_shift,2004-01-30,-30,0.03635246306657791
2004-03-16,inflation_assessment_shift,2004-02-02,-29,0.03954976052045822
2004-03-16,inflation_assessment_shift,2004-02-03,-28,0.03971214219927788
2004-03-16,inflation_assessment_shift,2004-02-04,-27,0.0328654982149601
2004-03-16,inflation_assessment_shift,2004-02-05,-26,0.0355771966278553
2004-03-16,inflation_assessment_shift,2004-02-06,-25,0.035058654844760895
2004-03-16,inflation_assessment_shift,2004-02-09,-24,0.030884426087141037
2004-03-16,inflation_assessment_shift,2004-02-10,-23,0.02873087488114834
2004-03-16,inflation_assessment_shift,2004-02-11,-22,0.0312039777636528
2004-03-16,inflation_assessment_shift,2004-02-12,-21,0.02762352116405964
2004-03-16,inflation_assessment_shift,2004-02-13,-20,0.03202913701534271
2004-03-16,inflation_assessment_shift,2004-02-17,-19,0.030115094035863876
2004-03-16,inflation_assessment_shift,2004-02-18,-18,0.029490206390619278
2004-03-16,inflation_assessment_shift,2004-02-19,-17,0.03133899345993996
2004-03-16,inflation_assessment_shift,2004-02-20,-16,0.0311870314180851
2004-03-16,inflation_assessment_shift,2004-02-23,-15,0.03391578048467636
2004-03-16,inflation_assessment_shift,2004-02-24,-14,0.03050498478114605
2004-03-16,inflation_assessment_shift,2004-02-25,-13,0.029849519953131676
2004-03-16,inflation_assessment_shift,2004-02-26,-12,0.03159744292497635
2004-03-16,inflation_assessment_shift,2004-02-27,-11,0.03313266113400459
2004-03-16,inflation_assessment_shift,2004-03-01,-10,0.031153524294495583
2004-03-16,inflation_assessment_shift,2004-03-02,-9,0.030703002586960793
2004-03-16,inflation_assessment_shift,2004-03-03,-8,0.02822219952940941
2004-03-16,inflation_assessment_shift,2004-03-04,-7,0.02940688654780388
2004-03-16,inflation_assessment_shift,2004-03-05,-6,0.027292896062135696
2004-03-16,inflation_assessment_shift,2004-03-08,-5,0.02793741784989834
2004-03-16,inflation_assessment_shift,2004-03-09,-4,0.026083985343575478
2004-03-16,inflation_assessment_shift,2004-03-10,-3,0.02495880424976349
2004-03-16,inflation_assessment_shift,2004-03-11,-2,0.025306638330221176
2004-03-16,inflation_assessment_shift,2004-03-12,-1,0.029130112379789352
2004-03-16,inflation_assessment_shift,2004-03-15,0,0.032427847385406494
2004-03-16,inflation_risk_shift,2004-01-29,-31,0.035315241664648056
2004-03-16,inflation_risk_shift,2004-01-30,-30,0.03845638781785965
2004-03-16,inflation_risk_shift,2004-02-02,-29,0.03641992434859276
2004-03-16,inflation_risk_shift,2004-02-03,-28,0.04097399860620499
2004-03-16,inflation_risk_shift,2004-02-04,-27,0.03267345950007439
2004-03-16,inflation_risk_shift,2004-02-05,-26,0.03800264000892639
2004-03-16,inflation_risk_shift,2004-02-06,-25,0.0390995591878891
2004-03-16,inflation_risk_shift,2004-02-09,-24,0.029641980305314064
2004-03-16,inflation_risk_shift,2004-02-10,-23,0.03044026717543602
2004-03-16,inflation_risk_shift,2004-02-11,-22,0.032798588275909424
2004-03-16,inflation_risk_shift,2004-02-12,-21,0.02663496322929859
2004-03-16,inflation_risk_shift,2004-02-13,-20,0.034059785306453705
2004-03-16,inflation_risk_shift,2004-02-17,-19,0.02972179837524891
2004-03-16,inflation_risk_shift,2004-02-18,-18,0.030608810484409332
2004-03-16,inflation_risk_shift,2004-02-19,-17,0.029201604425907135
2004-03-16,inflation_risk_shift,2004-02-20,-16,0.029398616403341293
2004-03-16,inflation_risk_shift,2004-02-23,-15,0.032914213836193085
2004-03-16,inflation_risk_shift,2004-02-24,-14,0.027830054983496666
2004-03-16,inflation_risk_shift,2004-02-25,-13,0.0286500733345747
2004-03-16,inflation_risk_shift,2004-02-26,-12,0.02842332050204277
2004-03-16,inflation_risk_shift,2004-02-27,-11,0.02993607148528099
2004-03-16,inflation_risk_shift,2004-03-01,-10,0.026826640591025352
2004-03-16,inflation_risk_shift,2004-03-02,-9,0.02902856282889843
2004-03-16,inflation_risk_shift,2004-03-03,-8,0.029783107340335846
2004-03-16,inflation_risk_shift,2004-03-04,-7,0.03068879246711731
2004-03-16,inflation_risk_shift,2004-03-05,-6,0.0295900609344244
2004-03-16,inflation_risk_shift,2004-03-08,-5,0.028362683951854706
2004-03-16,inflation_risk_shift,2004-03-09,-4,0.028497910127043724
2004-03-16,inflation_risk_shift,2004-03-10,-3,0.02735544927418232
2004-03-16,inflation_risk_shift,2004-03-11,-2,0.02798239141702652
2004-03-16,inflation_risk_shift,2004-03-12,-1,0.031094392761588097
2004-03-16,inflation_risk_shift,2004-03-15,0,0.029588690027594566
2004-03-16,unemployment_assessment_shift,2004-01-29,-31,0.03252912312746048
2004-03-16,unemployment_assessment_shift,2004-01-30,-30,0.031517982482910156
2004-03-16,unemployment_assessment_shift,2004-02-02,-29,0.037801846861839294
2004-03-16,unemployment_assessment_shift,2004-02-03,-28,0.03164128214120865
2004-03-16,unemployment_assessment_shift,2004-02-04,-27,0.03272297978401184
2004-03-16,unemployment_assessment_shift,2004-02-05,-26,0.028706345707178116
2004-03-16,unemployment_assessment_shift,2004-02-06,-25,0.02902243286371231
2004-03-16,unemployment_assessment_shift,2004-02-09,-24,0.03195047378540039
2004-03-16,unemployment_assessment_shift,2004-02-10,-23,0.028091205283999443
2004-03-16,unemployment_assessment_shift,2004-02-11,-22,0.030480388551950455
2004-03-16,unemployment_assessment_shift,2004-02-12,-21,0.03495202958583832
2004-03-16,unemployment_assessment_shift,2004-02-13,-20,0.031034741550683975
2004-03-16,unemployment_assessment_shift,2004-02-17,-19,0.034848377108573914
2004-03-16,unemployment_assessment_shift,2004-02-18,-18,0.03337518870830536
2004-03-16,unemployment_assessment_shift,2004-02-19,-17,0.039203666150569916
2004-03-16,unemployment_assessment_shift,2004-02-20,-16,0.03758301958441734
2004-03-16,unemployment_assessment_shift,2004-02-23,-15,0.03474331647157669
2004-03-16,unemployment_assessment_shift,2004-02-24,-14,0.03571915626525879
2004-03-16,unemployment_assessment_shift,2004-02-25,-13,0.03194110095500946
2004-03-16,unemployment_assessment_shift,2004-02-26,-12,0.039137233048677444
2004-03-16,unemployment_assessment_shift,2004-02-27,-11,0.031618498265743256
2004-03-16,unemployment_assessment_shift,2004-03-01,-10,0.03317917883396149
2004-03-16,unemployment_assessment_shift,2004-03-02,-9,0.025798164308071136
2004-03-16,unemployment_assessment_shift,2004-03-03,-8,0.021658942103385925
2004-03-16,unemployment_assessment_shift,2004-03-04,-7,0.02319563925266266
2004-03-16,unemployment_assessment_shift,2004-03-05,-6,0.02245422825217247
2004-03-16,unemployment_assessment_shift,2004-03-08,-5,0.026824746280908585
2004-03-16,unemployment_assessment_shift,2004-03-09,-4,0.02494809590280056
2004-03-16,unemployment_assessment_shift,2004-03-10,-3,0.027114933356642723
2004-03-16,unemployment_assessment_shift,2004-03-11,-2,0.028266094624996185
2004-03-16,unemployment_assessment_shift,2004-03-12,-1,0.032096415758132935
2004-03-16,unemployment_assessment_shift,2004-03-15,0,0.03584316000342369
2004-03-16,labor_market_risk_shift,2004-01-29,-31,0.03330708295106888
2004-03-16,labor_market_risk_shift,2004-01-30,-30,0.03291933238506317
2004-03-16,labor_market_risk_shift,2004-02-02,-29,0.03802807629108429
2004-03-16,labor_market_risk_shift,2004-02-03,-28,0.03240475803613663
2004-03-16,labor_market_risk_shift,2004-02-04,-27,0.032765667885541916
2004-03-16,labor_market_risk_shift,2004-02-05,-26,0.028436146676540375
2004-03-16,labor_market_risk_shift,2004-02-06,-25,0.029167119413614273
2004-03-16,labor_market_risk_shift,2004-02-09,-24,0.031921856105327606
2004-03-16,labor_market_risk_shift,2004-02-10,-23,0.02779623493552208
2004-03-16,labor_market_risk_shift,2004-02-11,-22,0.030987584963440895
2004-03-16,labor_market_risk_shift,2004-02-12,-21,0.03438153117895126
2004-03-16,labor_market_risk_shift,2004-02-13,-20,0.03131459653377533
2004-03-16,labor_market_risk_shift,2004-02-17,-19,0.034713007509708405
2004-03-16,labor_market_risk_shift,2004-02-18,-18,0.03331013023853302
2004-03-16,labor_market_risk_shift,2004-02-19,-17,0.03959197551012039
2004-03-16,labor_market_risk_shift,2004-02-20,-16,0.036913417279720306
2004-03-16,labor_market_risk_shift,2004-02-23,-15,0.03514700382947922
2004-03-16,labor_market_risk_shift,2004-02-24,-14,0.03531507030129433
2004-03-16,labor_market_risk_shift,2004-02-25,-13,0.03192400932312012
2004-03-16,labor_market_risk_shift,2004-02-26,-12,0.03868661820888519
2004-03-16,labor_market_risk_shift,2004-02-27,-11,0.03163627162575722
2004-03-16,labor_market_risk_shift,2004-03-01,-10,0.033023733645677567
2004-03-16,labor_market_risk_shift,2004-03-02,-9,0.025578122586011887
2004-03-16,labor_market_risk_shift,2004-03-03,-8,0.02149323746562004
2004-03-16,labor_market_risk_shift,2004-03-04,-7,0.023164788261055946
2004-03-16,labor_market_risk_shift,2004-03-05,-6,0.02263704314827919
2004-03-16,labor_market_risk_shift,2004-03-08,-5,0.02677890844643116
2004-03-16,labor_market_risk_shift,2004-03-09,-4,0.024968760088086128
2004-03-16,labor_market_risk_shift,2004-03-10,-3,0.026803869754076004
2004-03-16,labor_market_risk_shift,2004-03-11,-2,0.028129037469625473
2004-03-16,labor_market_risk_shift,2004-03-12,-1,0.0316588394343853
2004-03-16,labor_market_risk_shift,2004-03-15,0,0.035096175968647
2004-03-16,growth_activity_shift,2004-01-29,-31,0.03543827682733536
2004-03-16,growth_activity_shift,2004-01-30,-30,0.035072360187768936
2004-03-16,growth_activity_shift,2004-02-02,-29,0.039290688931941986
2004-03-16,growth_activity_shift,2004-02-03,-28,0.034730590879917145
2004-03-16,growth_activity_shift,2004-02-04,-27,0.032647378742694855
2004-03-16,growth_activity_shift,2004-02-05,-26,0.030428919941186905
2004-03-16,growth_activity_shift,2004-02-06,-25,0.031515564769506454
2004-03-16,growth_activity_shift,2004-02-09,-24,0.03144865110516548
2004-03-16,growth_activity_shift,2004-02-10,-23,0.027829211205244064
2004-03-16,growth_activity_shift,2004-02-11,-22,0.0311820600181818
2004-03-16,growth_activity_shift,2004-02-12,-21,0.03236318379640579
2004-03-16,growth_activity_shift,2004-02-13,-20,0.031248094514012337
2004-03-16,growth_activity_shift,2004-02-17,-19,0.033624593168497086
2004-03-16,growth_activity_shift,2004-02-18,-18,0.031896766275167465
2004-03-16,growth_activity_shift,2004-02-19,-17,0.036795347929000854
2004-03-16,growth_activity_shift,2004-02-20,-16,0.03519371896982193
2004-03-16,growth_activity_shift,2004-02-23,-15,0.0351068340241909
2004-03-16,growth_activity_shift,2004-02-24,-14,0.03387398272752762
2004-03-16,growth_activity_shift,2004-02-25,-13,0.03127315640449524
2004-03-16,growth_activity_shift,2004-02-26,-12,0.037405628710985184
2004-03-16,growth_activity_shift,2004-02-27,-11,0.03194504231214523
2004-03-16,growth_activity_shift,2004-03-01,-10,0.03238009661436081
2004-03-16,growth_activity_shift,2004-03-02,-9,0.02658478170633316
2004-03-16,growth_activity_shift,2004-03-03,-8,0.022626854479312897
2004-03-16,growth_activity_shift,2004-03-04,-7,0.024328721687197685
2004-03-16,growth_activity_shift,2004-03-05,-6,0.02355901151895523
2004-03-16,growth_activity_shift,2004-03-08,-5,0.026799436658620834
2004-03-16,growth_activity_shift,2004-03-09,-4,0.024667862802743912
2004-03-16,growth_activity_shift,2004-03-10,-3,0.02593475952744484
2004-03-16,growth_activity_shift,2004-03-11,-2,0.02724694460630417
2004-03-16,growth_activity_shift,2004-03-12,-1,0.03117656707763672
2004-03-16,growth_activity_shift,2004-03-15,0,0.03438494727015495
2004-03-16,financial_conditions_shift,2004-01-29,-31,0.035201605409383774
2004-03-16,financial_conditions_shift,2004-01-30,-30,0.03650848940014839
2004-03-16,financial_conditions_shift,2004-02-02,-29,0.0317036509513855
2004-03-16,financial_conditions_shift,2004-02-03,-28,0.04034411162137985
2004-03-16,financial_conditions_shift,2004-02-04,-27,0.031217871233820915
2004-03-16,financial_conditions_shift,2004-02-05,-26,0.03766614943742752
2004-03-16,financial_conditions_shift,2004-02-06,-25,0.0384458489716053
2004-03-16,financial_conditions_shift,2004-02-09,-24,0.029063992202281952
2004-03-16,financial_conditions_shift,2004-02-10,-23,0.03182879835367203
2004-03-16,financial_conditions_shift,2004-02-11,-22,0.03154340386390686
2004-03-16,financial_conditions_shift,2004-02-12,-21,0.02474696934223175
2004-03-16,financial_conditions_shift,2004-02-13,-20,0.032436881214380264
2004-03-16,financial_conditions_shift,2004-02-17,-19,0.027619024738669395
2004-03-16,financial_conditions_shift,2004-02-18,-18,0.028979500755667686
2004-03-16,financial_conditions_shift,2004-02-19,-17,0.025177301838994026
2004-03-16,financial_conditions_shift,2004-02-20,-16,0.026347681879997253
2004-03-16,financial_conditions_shift,2004-02-23,-15,0.030090879648923874
2004-03-16,financial_conditions_shift,2004-02-24,-14,0.025845030322670937
2004-03-16,financial_conditions_shift,2004-02-25,-13,0.027912087738513947
2004-03-16,financial_conditions_shift,2004-02-26,-12,0.02523188851773739
2004-03-16,financial_conditions_shift,2004-02-27,-11,0.030366970226168633
2004-03-16,financial_conditions_shift,2004-03-01,-10,0.027151264250278473
2004-03-16,financial_conditions_shift,2004-03-02,-9,0.033247996121644974
2004-03-16,financial_conditions_shift,2004-03-03,-8,0.03738798946142197
2004-03-16,financial_conditions_shift,2004-03-04,-7,0.03629520162940025
2004-03-16,financial_conditions_shift,2004-03-05,-6,0.03563101589679718
2004-03-16,financial_conditions_shift,2004-03-08,-5,0.03183070570230484
2004-03-16,financial_conditions_shift,2004-03-09,-4,0.03242122381925583
2004-03-16,financial_conditions_shift,2004-03-10,-3,0.030088257044553757
2004-03-16,financial_conditions_shift,2004-03-11,-2,0.02941468171775341
2004-03-16,financial_conditions_shift,2004-03-12,-1,0.03046441450715065
2004-03-16,financial_conditions_shift,2004-03-15,0,0.02778911404311657
2004-03-16,risk_balance_shift,2004-01-29,-31,0.0372588150203228
2004-03-16,risk_balance_shift,2004-01-30,-30,0.03784910589456558
2004-03-16,risk_balance_shift,2004-02-02,-29,0.04033464938402176
2004-03-16,risk_balance_shift,2004-02-03,-28,0.03898533433675766
2004-03-16,risk_balance_shift,2004-02-04,-27,0.03374647721648216
2004-03-16,risk_balance_shift,2004-02-05,-26,0.031419869512319565
2004-03-16,risk_balance_shift,2004-02-06,-25,0.03399017080664635
2004-03-16,risk_balance_shift,2004-02-09,-24,0.0313178151845932
2004-03-16,risk_balance_shift,2004-02-10,-23,0.0275411494076252
2004-03-16,risk_balance_shift,2004-02-11,-22,0.03248756006360054
2004-03-16,risk_balance_shift,2004-02-12,-21,0.029734566807746887
2004-03-16,risk_balance_shift,2004-02-13,-20,0.03264162316918373
2004-03-16,risk_balance_shift,2004-02-17,-19,0.032052427530288696
2004-03-16,risk_balance_shift,2004-02-18,-18,0.03133324533700943
2004-03-16,risk_balance_shift,2004-02-19,-17,0.03637979179620743
2004-03-16,risk_balance_shift,2004-02-20,-16,0.0341731421649456
2004-03-16,risk_balance_shift,2004-02-23,-15,0.03595903515815735
2004-03-16,risk_balance_shift,2004-02-24,-14,0.03254101797938347
2004-03-16,risk_balance_shift,2004-02-25,-13,0.03069552779197693
2004-03-16,risk_balance_shift,2004-02-26,-12,0.03435797244310379
2004-03-16,risk_balance_shift,2004-02-27,-11,0.03267627954483032
2004-03-16,risk_balance_shift,2004-03-01,-10,0.032331135123968124
2004-03-16,risk_balance_shift,2004-03-02,-9,0.02802334725856781
2004-03-16,risk_balance_shift,2004-03-03,-8,0.023531466722488403
2004-03-16,risk_balance_shift,2004-03-04,-7,0.024787312373518944
2004-03-16,risk_balance_shift,2004-03-05,-6,0.023840423673391342
2004-03-16,risk_balance_shift,2004-03-08,-5,0.025508573278784752
2004-03-16,risk_balance_shift,2004-03-09,-4,0.023701781406998634
2004-03-16,risk_balance_shift,2004-03-10,-3,0.023741215467453003
2004-03-16,risk_balance_shift,2004-03-11,-2,0.024851206690073013
2004-03-16,risk_balance_shift,2004-03-12,-1,0.02927320823073387
2004-03-16,risk_balance_shift,2004-03-15,0,0.0329347625374794
2004-03-16,committee_dispersion,2004-01-29,-31,0.03428167849779129
2004-03-16,committee_dispersion,2004-01-30,-30,0.03629980981349945
2004-03-16,committee_dispersion,2004-02-02,-29,0.03116125427186489
2004-03-16,committee_dispersion,2004-02-03,-28,0.039236534386873245
2004-03-16,committee_dispersion,2004-02-04,-27,0.03132408484816551
2004-03-16,committee_dispersion,2004-02-05,-26,0.03715289756655693
2004-03-16,committee_dispersion,2004-02-06,-25,0.038134217262268066
2004-03-16,committee_dispersion,2004-02-09,-24,0.02948361076414585
2004-03-16,committee_dispersion,2004-02-10,-23,0.031971655786037445
2004-03-16,committee_dispersion,2004-02-11,-22,0.03151216730475426
2004-03-16,committee_dispersion,2004-02-12,-21,0.024872351437807083
2004-03-16,committee_dispersion,2004-02-13,-20,0.032041989266872406
2004-03-16,committee_dispersion,2004-02-17,-19,0.027045413851737976
2004-03-16,committee_dispersion,2004-02-18,-18,0.0286671482026577
2004-03-16,committee_dispersion,2004-02-19,-17,0.024753820151090622
2004-03-16,committee_dispersion,2004-02-20,-16,0.02630072645843029
2004-03-16,committee_dispersion,2004-02-23,-15,0.029530007392168045
2004-03-16,committee_dispersion,2004-02-24,-14,0.026007626205682755
2004-03-16,committee_dispersion,2004-02-25,-13,0.028318271040916443
2004-03-16,committee_dispersion,2004-02-26,-12,0.024893639609217644
2004-03-16,committee_dispersion,2004-02-27,-11,0.030373355373740196
2004-03-16,committee_dispersion,2004-03-01,-10,0.027411386370658875
2004-03-16,committee_dispersion,2004-03-02,-9,0.034112777560949326
2004-03-16,committee_dispersion,2004-03-03,-8,0.038678113371133804
2004-03-16,committee_dispersion,2004-03-04,-7,0.03741591423749924
2004-03-16,committee_dispersion,2004-03-05,-6,0.03666812926530838
2004-03-16,committee_dispersion,2004-03-08,-5,0.032643742859363556
2004-03-16,committee_dispersion,2004-03-09,-4,0.03280164301395416
2004-03-16,committee_dispersion,2004-03-10,-3,0.030294150114059448
2004-03-16,committee_dispersion,2004-03-11,-2,0.0291881300508976
2004-03-16,committee_dispersion,2004-03-12,-1,0.03005068749189377
2004-03-16,committee_dispersion,2004-03-15,0,0.027373086661100388
2004-03-16,policy_uncertainty,2004-01-29,-31,0.03749389201402664
2004-03-16,policy_uncertainty,2004-01-30,-30,0.039045047014951706
2004-03-16,policy_uncertainty,2004-02-02,-29,0.03661040961742401
2004-03-16,policy_uncertainty,2004-02-03,-28,0.04166998714208603
2004-03-16,policy_uncertainty,2004-02-04,-27,0.03200613707304001
2004-03-16,policy_uncertainty,2004-02-05,-26,0.03694130852818489
2004-03-16,policy_uncertainty,2004-02-06,-25,0.03843645378947258
2004-03-16,policy_uncertainty,2004-02-09,-24,0.029325343668460846
2004-03-16,policy_uncertainty,2004-02-10,-23,0.03032270446419716
2004-03-16,policy_uncertainty,2004-02-11,-22,0.03198935464024544
2004-03-16,policy_uncertainty,2004-02-12,-21,0.026349898427724838
2004-03-16,policy_uncertainty,2004-02-13,-20,0.03329424187541008
2004-03-16,policy_uncertainty,2004-02-17,-19,0.02913551777601242
2004-03-16,policy_uncertainty,2004-02-18,-18,0.029879845678806305
2004-03-16,policy_uncertainty,2004-02-19,-17,0.028926078230142593
2004-03-16,policy_uncertainty,2004-02-20,-16,0.029260745272040367
2004-03-16,policy_uncertainty,2004-02-23,-15,0.032509829849004745
2004-03-16,policy_uncertainty,2004-02-24,-14,0.02804514206945896
2004-03-16,policy_uncertainty,2004-02-25,-13,0.02873803675174713
2004-03-16,policy_uncertainty,2004-02-26,-12,0.02818749099969864
2004-03-16,policy_uncertainty,2004-02-27,-11,0.03129351884126663
2004-03-16,policy_uncertainty,2004-03-01,-10,0.028492242097854614
2004-03-16,policy_uncertainty,2004-03-02,-9,0.030431408435106277
2004-03-16,policy_uncertainty,2004-03-03,-8,0.029962699860334396
2004-03-16,policy_uncertainty,2004-03-04,-7,0.03145286813378334
2004-03-16,policy_uncertainty,2004-03-05,-6,0.030237091705203056
2004-03-16,policy_uncertainty,2004-03-08,-5,0.029114382341504097
2004-03-16,policy_uncertainty,2004-03-09,-4,0.028432536870241165
2004-03-16,policy_uncertainty,2004-03-10,-3,0.02688072994351387
2004-03-16,policy_uncertainty,2004-03-11,-2,0.026826955378055573
2004-03-16,policy_uncertainty,2004-03-12,-1,0.029639195650815964
2004-03-16,policy_uncertainty,2004-03-15,0,0.029068872332572937
2004-03-16,forward_guidance_strength,2004-01-29,-31,0.035329245030879974
2004-03-16,forward_guidance_strength,2004-01-30,-30,0.03779643028974533
2004-03-16,forward_guidance_strength,2004-02-02,-29,0.03197050467133522
2004-03-16,forward_guidance_strength,2004-02-03,-28,0.04015213996171951
2004-03-16,forward_guidance_strength,2004-02-04,-27,0.03131311759352684
2004-03-16,forward_guidance_strength,2004-02-05,-26,0.03623620793223381
2004-03-16,forward_guidance_strength,2004-02-06,-25,0.03897455707192421
2004-03-16,forward_guidance_strength,2004-02-09,-24,0.029296016320586205
2004-03-16,forward_guidance_strength,2004-02-10,-23,0.03139854595065117
2004-03-16,forward_guidance_strength,2004-02-11,-22,0.03270983323454857
2004-03-16,forward_guidance_strength,2004-02-12,-21,0.02468492090702057
2004-03-16,forward_guidance_strength,2004-02-13,-20,0.03312765061855316
2004-03-16,forward_guidance_strength,2004-02-17,-19,0.027685098350048065
2004-03-16,forward_guidance_strength,2004-02-18,-18,0.02907922863960266
2004-03-16,forward_guidance_strength,2004-02-19,-17,0.026024578139185905
2004-03-16,forward_guidance_strength,2004-02-20,-16,0.026367904618382454
2004-03-16,forward_guidance_strength,2004-02-23,-15,0.03088417649269104
2004-03-16,forward_guidance_strength,2004-02-24,-14,0.026372428983449936
2004-03-16,forward_guidance_strength,2004-02-25,-13,0.028323933482170105
2004-03-16,forward_guidance_strength,2004-02-26,-12,0.02541833370923996
2004-03-16,forward_guidance_strength,2004-02-27,-11,0.030779514461755753
2004-03-16,forward_guidance_strength,2004-03-01,-10,0.027134373784065247
2004-03-16,forward_guidance_strength,2004-03-02,-9,0.0330478772521019
2004-03-16,forward_guidance_strength,2004-03-03,-8,0.03660118952393532
2004-03-16,forward_guidance_strength,2004-03-04,-7,0.035499438643455505
2004-03-16,forward_guidance_strength,2004-03-05,-6,0.03465131297707558
2004-03-16,forward_guidance_strength,2004-03-08,-5,0.031007137149572372
2004-03-16,forward_guidance_strength,2004-03-09,-4,0.03130234032869339
2004-03-16,forward_guidance_strength,2004-03-10,-3,0.02904791757464409
2004-03-16,forward_guidance_strength,2004-03-11,-2,0.028561454266309738
2004-03-16,forward_guidance_strength,2004-03-12,-1,0.030364375561475754
2004-03-16,forward_guidance_strength,2004-03-15,0,0.028858216479420662
2004-05-04,rate_decision,2004-03-17,-32,0.026088576763868332
2004-05-04,rate_decision,2004-03-18,-31,0.02333482913672924
2004-05-04,rate_decision,2004-03-19,-30,0.026909779757261276
2004-05-04,rate_decision,2004-03-22,-29,0.02982473373413086
2004-05-04,rate_decision,2004-03-23,-28,0.03268307447433472
2004-05-04,rate_decision,2004-03-24,-27,0.03212076425552368
2004-05-04,rate_decision,2004-03-25,-26,0.03132376819849014
2004-05-04,rate_decision,2004-03-26,-25,0.033092696219682693
2004-05-04,rate_decision,2004-03-29,-24,0.03466017544269562
2004-05-04,rate_decision,2004-03-30,-23,0.03411403298377991
2004-05-04,rate_decision,2004-03-31,-22,0.033932678401470184
2004-05-04,rate_decision,2004-04-01,-21,0.03449663519859314
2004-05-04,rate_decision,2004-04-02,-20,0.03337637335062027
2004-05-04,rate_decision,2004-04-05,-19,0.03158107027411461
2004-05-04,rate_decision,2004-04-06,-18,0.030327659100294113
2004-05-04,rate_decision,2004-04-07,-17,0.029392404481768608
2004-05-04,rate_decision,2004-04-08,-16,0.02961653098464012
2004-05-04,rate_decision,2004-04-12,-15,0.030831441283226013
2004-05-04,rate_decision,2004-04-13,-14,0.031222261488437653
2004-05-04,rate_decision,2004-04-14,-13,0.031578145921230316
2004-05-04,rate_decision,2004-04-15,-12,0.03086080215871334
2004-05-04,rate_decision,2004-04-16,-11,0.02951968088746071
2004-05-04,rate_decision,2004-04-19,-10,0.029647285118699074
2004-05-04,rate_decision,2004-04-20,-9,0.030147595331072807
2004-05-04,rate_decision,2004-04-21,-8,0.03327663242816925
2004-05-04,rate_decision,2004-04-22,-7,0.02835804969072342
2004-05-04,rate_decision,2004-04-23,-6,0.032389286905527115
2004-05-04,rate_decision,2004-04-26,-5,0.03148239850997925
2004-05-04,rate_decision,2004-04-27,-4,0.029554836452007294
2004-05-04,rate_decision,2004-04-28,-3,0.029546482488512993
2004-05-04,rate_decision,2004-04-29,-2,0.027989882975816727
2004-05-04,rate_decision,2004-04-30,-1,0.02413429319858551
2004-05-04,rate_decision,2004-05-03,0,0.022585110738873482
2004-05-04,current_policy_stance,2004-03-17,-32,0.028322910889983177
2004-05-04,current_policy_stance,2004-03-18,-31,0.03482773154973984
2004-05-04,current_policy_stance,2004-03-19,-30,0.02622450888156891
2004-05-04,current_policy_stance,2004-03-22,-29,0.02895178459584713
2004-05-04,current_policy_stance,2004-03-23,-28,0.03647104650735855
2004-05-04,current_policy_stance,2004-03-24,-27,0.03448813036084175
2004-05-04,current_policy_stance,2004-03-25,-26,0.03253653272986412
2004-05-04,current_policy_stance,2004-03-26,-25,0.03484845161437988
2004-05-04,current_policy_stance,2004-03-29,-24,0.0348912812769413
2004-05-04,current_policy_stance,2004-03-30,-23,0.031508538872003555
2004-05-04,current_policy_stance,2004-03-31,-22,0.029651358723640442
2004-05-04,current_policy_stance,2004-04-01,-21,0.031523384153842926
2004-05-04,current_policy_stance,2004-04-02,-20,0.032996222376823425
2004-05-04,current_policy_stance,2004-04-05,-19,0.026325203478336334
2004-05-04,current_policy_stance,2004-04-06,-18,0.02494257688522339
2004-05-04,current_policy_stance,2004-04-07,-17,0.027026882395148277
2004-05-04,current_policy_stance,2004-04-08,-16,0.029843958094716072
2004-05-04,current_policy_stance,2004-04-12,-15,0.029551347717642784
2004-05-04,current_policy_stance,2004-04-13,-14,0.028502605855464935
2004-05-04,current_policy_stance,2004-04-14,-13,0.028648406267166138
2004-05-04,current_policy_stance,2004-04-15,-12,0.02838447131216526
2004-05-04,current_policy_stance,2004-04-16,-11,0.027572473511099815
2004-05-04,current_policy_stance,2004-04-19,-10,0.032320786267519
2004-05-04,current_policy_stance,2004-04-20,-9,0.034967269748449326
2004-05-04,current_policy_stance,2004-04-21,-8,0.031062019988894463
2004-05-04,current_policy_stance,2004-04-22,-7,0.023792333900928497
2004-05-04,current_policy_stance,2004-04-23,-6,0.03501374274492264
2004-05-04,current_policy_stance,2004-04-26,-5,0.027561228722333908
2004-05-04,current_policy_stance,2004-04-27,-4,0.03038681484758854
2004-05-04,current_policy_stance,2004-04-28,-3,0.03251507133245468
2004-05-04,current_policy_stance,2004-04-29,-2,0.034536246210336685
2004-05-04,current_policy_stance,2004-04-30,-1,0.025287814438343048
2004-05-04,current_policy_stance,2004-05-03,0,0.024516846984624863
2004-05-04,policy_stance_shift,2004-03-17,-32,0.02943270653486252
2004-05-04,policy_stance_shift,2004-03-18,-31,0.029316069558262825
2004-05-04,policy_stance_shift,2004-03-19,-30,0.032776713371276855
2004-05-04,policy_stance_shift,2004-03-22,-29,0.03048655390739441
2004-05-04,policy_stance_shift,2004-03-23,-28,0.027544140815734863
2004-05-04,policy_stance_shift,2004-03-24,-27,0.02815631963312626
2004-05-04,policy_stance_shift,2004-03-25,-26,0.02761819213628769
2004-05-04,policy_stance_shift,2004-03-26,-25,0.028657512739300728
2004-05-04,policy_stance_shift,2004-03-29,-24,0.03154786676168442
2004-05-04,policy_stance_shift,2004-03-30,-23,0.028862975537776947
2004-05-04,policy_stance_shift,2004-03-31,-22,0.027625909075140953
2004-05-04,policy_stance_shift,2004-04-01,-21,0.029151905328035355
2004-05-04,policy_stance_shift,2004-04-02,-20,0.03157016262412071
2004-05-04,policy_stance_shift,2004-04-05,-19,0.03361983969807625
2004-05-04,policy_stance_shift,2004-04-06,-18,0.03021739237010479
2004-05-04,policy_stance_shift,2004-04-07,-17,0.029603276401758194
2004-05-04,policy_stance_shift,2004-04-08,-16,0.02986939810216427
2004-05-04,policy_stance_shift,2004-04-12,-15,0.028447350487113
2004-05-04,policy_stance_shift,2004-04-13,-14,0.031243981793522835
2004-05-04,policy_stance_shift,2004-04-14,-13,0.03239719197154045
2004-05-04,policy_stance_shift,2004-04-15,-12,0.03113744780421257
2004-05-04,policy_stance_shift,2004-04-16,-11,0.028170842677354813
2004-05-04,policy_stance_shift,2004-04-19,-10,0.03048882447183132
2004-05-04,policy_stance_shift,2004-04-20,-9,0.027661025524139404
2004-05-04,policy_stance_shift,2004-04-21,-8,0.029920918866991997
2004-05-04,policy_stance_shift,2004-04-22,-7,0.03127794712781906
2004-05-04,policy_stance_shift,2004-04-23,-6,0.031054016202688217
2004-05-04,policy_stance_shift,2004-04-26,-5,0.034743890166282654
2004-05-04,policy_stance_shift,2004-04-27,-4,0.027772599831223488
2004-05-04,policy_stance_shift,2004-04-28,-3,0.029965203255414963
2004-05-04,policy_stance_shift,2004-04-29,-2,0.0387934185564518
2004-05-04,policy_stance_shift,2004-04-30,-1,0.03432272747159004
2004-05-04,policy_stance_shift,2004-05-03,0,0.026545695960521698
2004-05-04,expected_rate_path_shift,2004-03-17,-32,0.029630497097969055
2004-05-04,expected_rate_path_shift,2004-03-18,-31,0.027860984206199646
2004-05-04,expected_rate_path_shift,2004-03-19,-30,0.0338418073952198
2004-05-04,expected_rate_path_shift,2004-03-22,-29,0.030978377908468246
2004-05-04,expected_rate_path_shift,2004-03-23,-28,0.025766979902982712
2004-05-04,expected_rate_path_shift,2004-03-24,-27,0.026852291077375412
2004-05-04,expected_rate_path_shift,2004-03-25,-26,0.02710108831524849
2004-05-04,expected_rate_path_shift,2004-03-26,-25,0.027407551184296608
2004-05-04,expected_rate_path_shift,2004-03-29,-24,0.029813170433044434
2004-05-04,expected_rate_path_shift,2004-03-30,-23,0.02853066474199295
2004-05-04,expected_rate_path_shift,2004-03-31,-22,0.028281647711992264
2004-05-04,expected_rate_path_shift,2004-04-01,-21,0.028965216130018234
2004-05-04,expected_rate_path_shift,2004-04-02,-20,0.030482929199934006
2004-05-04,expected_rate_path_shift,2004-04-05,-19,0.03494453430175781
2004-05-04,expected_rate_path_shift,2004-04-06,-18,0.03260807320475578
2004-05-04,expected_rate_path_shift,2004-04-07,-17,0.030808910727500916
2004-05-04,expected_rate_path_shift,2004-04-08,-16,0.029858771711587906
2004-05-04,expected_rate_path_shift,2004-04-12,-15,0.029056357219815254
2004-05-04,expected_rate_path_shift,2004-04-13,-14,0.031695861369371414
2004-05-04,expected_rate_path_shift,2004-04-14,-13,0.032446835190057755
2004-05-04,expected_rate_path_shift,2004-04-15,-12,0.031695183366537094
2004-05-04,expected_rate_path_shift,2004-04-16,-11,0.029596805572509766
2004-05-04,expected_rate_path_shift,2004-04-19,-10,0.029338184744119644
2004-05-04,expected_rate_path_shift,2004-04-20,-9,0.026276646181941032
2004-05-04,expected_rate_path_shift,2004-04-21,-8,0.02924257144331932
2004-05-04,expected_rate_path_shift,2004-04-22,-7,0.03420931473374367
2004-05-04,expected_rate_path_shift,2004-04-23,-6,0.02863558754324913
2004-05-04,expected_rate_path_shift,2004-04-26,-5,0.035255786031484604
2004-05-04,expected_rate_path_shift,2004-04-27,-4,0.028200261294841766
2004-05-04,expected_rate_path_shift,2004-04-28,-3,0.029837319627404213
2004-05-04,expected_rate_path_shift,2004-04-29,-2,0.036170750856399536
2004-05-04,expected_rate_path_shift,2004-04-30,-1,0.03592441976070404
2004-05-04,expected_rate_path_shift,2004-05-03,0,0.028684616088867188
2004-05-04,inflation_assessment_shift,2004-03-17,-32,0.027331333607435226
2004-05-04,inflation_assessment_shift,2004-03-18,-31,0.027812903746962547
2004-05-04,inflation_assessment_shift,2004-03-19,-30,0.0303968396037817
2004-05-04,inflation_assessment_shift,2004-03-22,-29,0.029474962502717972
2004-05-04,inflation_assessment_shift,2004-03-23,-28,0.027553480118513107
2004-05-04,inflation_assessment_shift,2004-03-24,-27,0.02808251418173313
2004-05-04,inflation_assessment_shift,2004-03-25,-26,0.027555305510759354
2004-05-04,inflation_assessment_shift,2004-03-26,-25,0.029200967401266098
2004-05-04,inflation_assessment_shift,2004-03-29,-24,0.03189287707209587
2004-05-04,inflation_assessment_shift,2004-03-30,-23,0.029053891077637672
2004-05-04,inflation_assessment_shift,2004-03-31,-22,0.027647262439131737
2004-05-04,inflation_assessment_shift,2004-04-01,-21,0.030058100819587708
2004-05-04,inflation_assessment_shift,2004-04-02,-20,0.03394598886370659
2004-05-04,inflation_assessment_shift,2004-04-05,-19,0.03421658277511597
2004-05-04,inflation_assessment_shift,2004-04-06,-18,0.029926802963018417
2004-05-04,inflation_assessment_shift,2004-04-07,-17,0.02975998818874359
2004-05-04,inflation_assessment_shift,2004-04-08,-16,0.030548669397830963
2004-05-04,inflation_assessment_shift,2004-04-12,-15,0.029557202011346817
2004-05-04,inflation_assessment_shift,2004-04-13,-14,0.03226602077484131
2004-05-04,inflation_assessment_shift,2004-04-14,-13,0.03302162513136864
2004-05-04,inflation_assessment_shift,2004-04-15,-12,0.031551457941532135
2004-05-04,inflation_assessment_shift,2004-04-16,-11,0.028026800602674484
2004-05-04,inflation_assessment_shift,2004-04-19,-10,0.03084755688905716
2004-05-04,inflation_assessment_shift,2004-04-20,-9,0.02842794917523861
2004-05-04,inflation_assessment_shift,2004-04-21,-8,0.030302774161100388
2004-05-04,inflation_assessment_shift,2004-04-22,-7,0.02960572950541973
2004-05-04,inflation_assessment_shift,2004-04-23,-6,0.031355828046798706
2004-05-04,inflation_assessment_shift,2004-04-26,-5,0.03480915352702141
2004-05-04,inflation_assessment_shift,2004-04-27,-4,0.028020761907100677
2004-05-04,inflation_assessment_shift,2004-04-28,-3,0.030439315363764763
2004-05-04,inflation_assessment_shift,2004-04-29,-2,0.040262240916490555
2004-05-04,inflation_assessment_shift,2004-04-30,-1,0.032046474516391754
2004-05-04,inflation_assessment_shift,2004-05-03,0,0.02500062808394432
2004-05-04,inflation_risk_shift,2004-03-17,-32,0.029419703409075737
2004-05-04,inflation_risk_shift,2004-03-18,-31,0.02794462814927101
2004-05-04,inflation_risk_shift,2004-03-19,-30,0.03362743929028511
2004-05-04,inflation_risk_shift,2004-03-22,-29,0.030634276568889618
2004-05-04,inflation_risk_shift,2004-03-23,-28,0.02559288963675499
2004-05-04,inflation_risk_shift,2004-03-24,-27,0.026881717145442963
2004-05-04,inflation_risk_shift,2004-03-25,-26,0.026679255068302155
2004-05-04,inflation_risk_shift,2004-03-26,-25,0.02731211669743061
2004-05-04,inflation_risk_shift,2004-03-29,-24,0.030147843062877655
2004-05-04,inflation_risk_shift,2004-03-30,-23,0.02857981063425541
2004-05-04,inflation_risk_shift,2004-03-31,-22,0.027727529406547546
2004-05-04,inflation_risk_shift,2004-04-01,-21,0.028639568015933037
2004-05-04,inflation_risk_shift,2004-04-02,-20,0.03026551567018032
2004-05-04,inflation_risk_shift,2004-04-05,-19,0.034270066767930984
2004-05-04,inflation_risk_shift,2004-04-06,-18,0.031452275812625885
2004-05-04,inflation_risk_shift,2004-04-07,-17,0.030185934156179428
2004-05-04,inflation_risk_shift,2004-04-08,-16,0.029961509630084038
2004-05-04,inflation_risk_shift,2004-04-12,-15,0.029026081785559654
2004-05-04,inflation_risk_shift,2004-04-13,-14,0.03105751797556877
2004-05-04,inflation_risk_shift,2004-04-14,-13,0.032147862017154694
2004-05-04,inflation_risk_shift,2004-04-15,-12,0.03193642571568489
2004-05-04,inflation_risk_shift,2004-04-16,-11,0.028800081461668015
2004-05-04,inflation_risk_shift,2004-04-19,-10,0.029684007167816162
2004-05-04,inflation_risk_shift,2004-04-20,-9,0.026778466999530792
2004-05-04,inflation_risk_shift,2004-04-21,-8,0.03008241578936577
2004-05-04,inflation_risk_shift,2004-04-22,-7,0.034154728055000305
2004-05-04,inflation_risk_shift,2004-04-23,-6,0.02935720607638359
2004-05-04,inflation_risk_shift,2004-04-26,-5,0.035921815782785416
2004-05-04,inflation_risk_shift,2004-04-27,-4,0.02797684632241726
2004-05-04,inflation_risk_shift,2004-04-28,-3,0.0293133445084095
2004-05-04,inflation_risk_shift,2004-04-29,-2,0.037982575595378876
2004-05-04,inflation_risk_shift,2004-04-30,-1,0.036575797945261
2004-05-04,inflation_risk_shift,2004-05-03,0,0.02988274395465851
2004-05-04,unemployment_assessment_shift,2004-03-17,-32,0.029559334740042686
2004-05-04,unemployment_assessment_shift,2004-03-18,-31,0.0278796274214983
2004-05-04,unemployment_assessment_shift,2004-03-19,-30,0.03438302129507065
2004-05-04,unemployment_assessment_shift,2004-03-22,-29,0.030664971098303795
2004-05-04,unemployment_assessment_shift,2004-03-23,-28,0.025226209312677383
2004-05-04,unemployment_assessment_shift,2004-03-24,-27,0.02645585685968399
2004-05-04,unemployment_assessment_shift,2004-03-25,-26,0.02653999626636505
2004-05-04,unemployment_assessment_shift,2004-03-26,-25,0.02674434706568718
2004-05-04,unemployment_assessment_shift,2004-03-29,-24,0.02938729152083397
2004-05-04,unemployment_assessment_shift,2004-03-30,-23,0.028439465910196304
2004-05-04,unemployment_assessment_shift,2004-03-31,-22,0.02807614579796791
2004-05-04,unemployment_assessment_shift,2004-04-01,-21,0.02848159708082676
2004-05-04,unemployment_assessment_shift,2004-04-02,-20,0.030246641486883163
2004-05-04,unemployment_assessment_shift,2004-04-05,-19,0.03510728478431702
2004-05-04,unemployment_assessment_shift,2004-04-06,-18,0.03265757858753204
2004-05-04,unemployment_assessment_shift,2004-04-07,-17,0.030951103195548058
2004-05-04,unemployment_assessment_shift,2004-04-08,-16,0.030176512897014618
2004-05-04,unemployment_assessment_shift,2004-04-12,-15,0.029270999133586884
2004-05-04,unemployment_assessment_shift,2004-04-13,-14,0.03141951560974121
2004-05-04,unemployment_assessment_shift,2004-04-14,-13,0.0325523279607296
2004-05-04,unemployment_assessment_shift,2004-04-15,-12,0.03204486146569252
2004-05-04,unemployment_assessment_shift,2004-04-16,-11,0.0296577587723732
2004-05-04,unemployment_assessment_shift,2004-04-19,-10,0.0293037761002779
2004-05-04,unemployment_assessment_shift,2004-04-20,-9,0.026108939200639725
2004-05-04,unemployment_assessment_shift,2004-04-21,-8,0.02974613755941391
2004-05-04,unemployment_assessment_shift,2004-04-22,-7,0.03448096662759781
2004-05-04,unemployment_assessment_shift,2004-04-23,-6,0.028775541111826897
2004-05-04,unemployment_assessment_shift,2004-04-26,-5,0.035934291779994965
2004-05-04,unemployment_assessment_shift,2004-04-27,-4,0.02830560691654682
2004-05-04,unemployment_assessment_shift,2004-04-28,-3,0.029277995228767395
2004-05-04,unemployment_assessment_shift,2004-04-29,-2,0.036188751459121704
2004-05-04,unemployment_assessment_shift,2004-04-30,-1,0.03651420399546623
2004-05-04,unemployment_assessment_shift,2004-05-03,0,0.02944135293364525
2004-05-04,labor_market_risk_shift,2004-03-17,-32,0.029345247894525528
2004-05-04,labor_market_risk_shift,2004-03-18,-31,0.028006237000226974
2004-05-04,labor_market_risk_shift,2004-03-19,-30,0.0329163521528244
2004-05-04,labor_market_risk_shift,2004-03-22,-29,0.030402757227420807
2004-05-04,labor_market_risk_shift,2004-03-23,-28,0.025602787733078003
2004-05-04,labor_market_risk_shift,2004-03-24,-27,0.026800747960805893
2004-05-04,labor_market_risk_shift,2004-03-25,-26,0.027071818709373474
2004-05-04,labor_market_risk_shift,2004-03-26,-25,0.02760985679924488
2004-05-04,labor_market_risk_shift,2004-03-29,-24,0.0303763747215271
2004-05-04,labor_market_risk_shift,2004-03-30,-23,0.02863527089357376
2004-05-04,labor_market_risk_shift,2004-03-31,-22,0.027912668883800507
2004-05-04,labor_market_risk_shift,2004-04-01,-21,0.029211606830358505
2004-05-04,labor_market_risk_shift,2004-04-02,-20,0.030950194224715233
2004-05-04,labor_market_risk_shift,2004-04-05,-19,0.034486737102270126
2004-05-04,labor_market_risk_shift,2004-04-06,-18,0.0315055251121521
2004-05-04,labor_market_risk_shift,2004-04-07,-17,0.030265703797340393
2004-05-04,labor_market_risk_shift,2004-04-08,-16,0.03003249317407608
2004-05-04,labor_market_risk_shift,2004-04-12,-15,0.02920541726052761
2004-05-04,labor_market_risk_shift,2004-04-13,-14,0.03165514022111893
2004-05-04,labor_market_risk_shift,2004-04-14,-13,0.03261632099747658
2004-05-04,labor_market_risk_shift,2004-04-15,-12,0.0316227450966835
2004-05-04,labor_market_risk_shift,2004-04-16,-11,0.029146451503038406
2004-05-04,labor_market_risk_shift,2004-04-19,-10,0.02953982539474964
2004-05-04,labor_market_risk_shift,2004-04-20,-9,0.026900749653577805
2004-05-04,labor_market_risk_shift,2004-04-21,-8,0.029573041945695877
2004-05-04,labor_market_risk_shift,2004-04-22,-7,0.033847447484731674
2004-05-04,labor_market_risk_shift,2004-04-23,-6,0.029602205380797386
2004-05-04,labor_market_risk_shift,2004-04-26,-5,0.03554682433605194
2004-05-04,labor_market_risk_shift,2004-04-27,-4,0.028290055692195892
2004-05-04,labor_market_risk_shift,2004-04-28,-3,0.029855884611606598
2004-05-04,labor_market_risk_shift,2004-04-29,-2,0.03745536506175995
2004-05-04,labor_market_risk_shift,2004-04-30,-1,0.03543013334274292
2004-05-04,labor_market_risk_shift,2004-05-03,0,0.028580036014318466
2004-05-04,growth_activity_shift,2004-03-17,-32,0.029113106429576874
2004-05-04,growth_activity_shift,2004-03-18,-31,0.02756265178322792
2004-05-04,growth_activity_shift,2004-03-19,-30,0.03343462944030762
2004-05-04,growth_activity_shift,2004-03-22,-29,0.030525151640176773
2004-05-04,growth_activity_shift,2004-03-23,-28,0.025510501116514206
2004-05-04,growth_activity_shift,2004-03-24,-27,0.026567481458187103
2004-05-04,growth_activity_shift,2004-03-25,-26,0.026505902409553528
2004-05-04,growth_activity_shift,2004-03-26,-25,0.027014613151550293
2004-05-04,growth_activity_shift,2004-03-29,-24,0.030072972178459167
2004-05-04,growth_activity_shift,2004-03-30,-23,0.028514202684164047
2004-05-04,growth_activity_shift,2004-03-31,-22,0.027761586010456085
2004-05-04,growth_activity_shift,2004-04-01,-21,0.028858589008450508
2004-05-04,growth_activity_shift,2004-04-02,-20,0.031083805486559868
2004-05-04,growth_activity_shift,2004-04-05,-19,0.035088907927274704
2004-05-04,growth_activity_shift,2004-04-06,-18,0.03208889067173004
2004-05-04,growth_activity_shift,2004-04-07,-17,0.030713923275470734
2004-05-04,growth_activity_shift,2004-04-08,-16,0.030320003628730774
2004-05-04,growth_activity_shift,2004-04-12,-15,0.02945835515856743
2004-05-04,growth_activity_shift,2004-04-13,-14,0.0315576046705246
2004-05-04,growth_activity_shift,2004-04-14,-13,0.0325869619846344
2004-05-04,growth_activity_shift,2004-04-15,-12,0.031891971826553345
2004-05-04,growth_activity_shift,2004-04-16,-11,0.029226213693618774
2004-05-04,growth_activity_shift,2004-04-19,-10,0.029633771628141403
2004-05-04,growth_activity_shift,2004-04-20,-9,0.026584217324852943
2004-05-04,growth_activity_shift,2004-04-21,-8,0.029367022216320038
2004-05-04,growth_activity_shift,2004-04-22,-7,0.03366837650537491
2004-05-04,growth_activity_shift,2004-04-23,-6,0.02863902784883976
2004-05-04,growth_activity_shift,2004-04-26,-5,0.035449061542749405
2004-05-04,growth_activity_shift,2004-04-27,-4,0.028681790456175804
2004-05-04,growth_activity_shift,2004-04-28,-3,0.029656976461410522
2004-05-04,growth_activity_shift,2004-04-29,-2,0.03822813928127289
2004-05-04,growth_activity_shift,2004-04-30,-1,0.036767516285181046
2004-05-04,growth_activity_shift,2004-05-03,0,0.02786608785390854
2004-05-04,financial_conditions_shift,2004-03-17,-32,0.02978808805346489
2004-05-04,financial_conditions_shift,2004-03-18,-31,0.027547717094421387
2004-05-04,financial_conditions_shift,2004-03-19,-30,0.03463561460375786
2004-05-04,financial_conditions_shift,2004-03-22,-29,0.030665811151266098
2004-05-04,financial_conditions_shift,2004-03-23,-28,0.024818044155836105
2004-05-04,financial_conditions_shift,2004-03-24,-27,0.02614164911210537
2004-05-04,financial_conditions_shift,2004-03-25,-26,0.026580678299069405
2004-05-04,financial_conditions_shift,2004-03-26,-25,0.0266108475625515
2004-05-04,financial_conditions_shift,2004-03-29,-24,0.02885868400335312
2004-05-04,financial_conditions_shift,2004-03-30,-23,0.02837340719997883
2004-05-04,financial_conditions_shift,2004-03-31,-22,0.028285203501582146
2004-05-04,financial_conditions_shift,2004-04-01,-21,0.02848498895764351
2004-05-04,financial_conditions_shift,2004-04-02,-20,0.0299741942435503
2004-05-04,financial_conditions_shift,2004-04-05,-19,0.03533041477203369
2004-05-04,financial_conditions_shift,2004-04-06,-18,0.033410362899303436
2004-05-04,financial_conditions_shift,2004-04-07,-17,0.03141654282808304
2004-05-04,financial_conditions_shift,2004-04-08,-16,0.030123719945549965
2004-05-04,financial_conditions_shift,2004-04-12,-15,0.02934584952890873
2004-05-04,financial_conditions_shift,2004-04-13,-14,0.031619857996702194
2004-05-04,financial_conditions_shift,2004-04-14,-13,0.03222271427512169
2004-05-04,financial_conditions_shift,2004-04-15,-12,0.031997013837099075
2004-05-04,financial_conditions_shift,2004-04-16,-11,0.030172275379300117
2004-05-04,financial_conditions_shift,2004-04-19,-10,0.02904372289776802
2004-05-04,financial_conditions_shift,2004-04-20,-9,0.025993186980485916
2004-05-04,financial_conditions_shift,2004-04-21,-8,0.029224645346403122
2004-05-04,financial_conditions_shift,2004-04-22,-7,0.03534107655286789
2004-05-04,financial_conditions_shift,2004-04-23,-6,0.027659883722662926
2004-05-04,financial_conditions_shift,2004-04-26,-5,0.035360775887966156
2004-05-04,financial_conditions_shift,2004-04-27,-4,0.02840164117515087
2004-05-04,financial_conditions_shift,2004-04-28,-3,0.029457800090312958
2004-05-04,financial_conditions_shift,2004-04-29,-2,0.03554605692625046
2004-05-04,financial_conditions_shift,2004-04-30,-1,0.03738100826740265
2004-05-04,financial_conditions_shift,2004-05-03,0,0.030186541378498077
2004-05-04,risk_balance_shift,2004-03-17,-32,0.029447734355926514
2004-05-04,risk_balance_shift,2004-03-18,-31,0.029473142698407173
2004-05-04,risk_balance_shift,2004-03-19,-30,0.032681338489055634
2004-05-04,risk_balance_shift,2004-03-22,-29,0.031173553317785263
2004-05-04,risk_balance_shift,2004-03-23,-28,0.02665075659751892
2004-05-04,risk_balance_shift,2004-03-24,-27,0.02759188413619995
2004-05-04,risk_balance_shift,2004-03-25,-26,0.02764500118792057
2004-05-04,risk_balance_shift,2004-03-26,-25,0.028717944398522377
2004-05-04,risk_balance_shift,2004-03-29,-24,0.03147244453430176
2004-05-04,risk_balance_shift,2004-03-30,-23,0.02864588052034378
2004-05-04,risk_balance_shift,2004-03-31,-22,0.027752991765737534
2004-05-04,risk_balance_shift,2004-04-01,-21,0.029719922691583633
2004-05-04,risk_balance_shift,2004-04-02,-20,0.032102130353450775
2004-05-04,risk_balance_shift,2004-04-05,-19,0.03394337370991707
2004-05-04,risk_balance_shift,2004-04-06,-18,0.03071899339556694
2004-05-04,risk_balance_shift,2004-04-07,-17,0.029581457376480103
2004-05-04,risk_balance_shift,2004-04-08,-16,0.02987648919224739
2004-05-04,risk_balance_shift,2004-04-12,-15,0.02908853441476822
2004-05-04,risk_balance_shift,2004-04-13,-14,0.03166661784052849
2004-05-04,risk_balance_shift,2004-04-14,-13,0.032798055559396744
2004-05-04,risk_balance_shift,2004-04-15,-12,0.031399667263031006
2004-05-04,risk_balance_shift,2004-04-16,-11,0.028754832223057747
2004-05-04,risk_balance_shift,2004-04-19,-10,0.03032653033733368
2004-05-04,risk_balance_shift,2004-04-20,-9,0.02725284732878208
2004-05-04,risk_balance_shift,2004-04-21,-8,0.029102899134159088
2004-05-04,risk_balance_shift,2004-04-22,-7,0.032043252140283585
2004-05-04,risk_balance_shift,2004-04-23,-6,0.030622631311416626
2004-05-04,risk_balance_shift,2004-04-26,-5,0.03453698381781578
2004-05-04,risk_balance_shift,2004-04-27,-4,0.028576314449310303
2004-05-04,risk_balance_shift,2004-04-28,-3,0.02939385175704956
2004-05-04,risk_balance_shift,2004-04-29,-2,0.03846054524183273
2004-05-04,risk_balance_shift,2004-04-30,-1,0.03345687314867973
2004-05-04,risk_balance_shift,2004-05-03,0,0.025324562564492226
2004-05-04,committee_dispersion,2004-03-17,-32,0.029338425025343895
2004-05-04,committee_dispersion,2004-03-18,-31,0.02756791189312935
2004-05-04,committee_dispersion,2004-03-19,-30,0.034008704125881195
2004-05-04,committee_dispersion,2004-03-22,-29,0.03059948980808258
2004-05-04,committee_dispersion,2004-03-23,-28,0.025335142388939857
2004-05-04,committee_dispersion,2004-03-24,-27,0.026550952345132828
2004-05-04,committee_dispersion,2004-03-25,-26,0.026455938816070557
2004-05-04,committee_dispersion,2004-03-26,-25,0.026833603158593178
2004-05-04,committee_dispersion,2004-03-29,-24,0.029199514538049698
2004-05-04,committee_dispersion,2004-03-30,-23,0.028085557743906975
2004-05-04,committee_dispersion,2004-03-31,-22,0.02768818847835064
2004-05-04,committee_dispersion,2004-04-01,-21,0.028509054332971573
2004-05-04,committee_dispersion,2004-04-02,-20,0.0303120668977499
2004-05-04,committee_dispersion,2004-04-05,-19,0.03478836640715599
2004-05-04,committee_dispersion,2004-04-06,-18,0.032480575144290924
2004-05-04,committee_dispersion,2004-04-07,-17,0.03085627779364586
2004-05-04,committee_dispersion,2004-04-08,-16,0.029889622703194618
2004-05-04,committee_dispersion,2004-04-12,-15,0.029064295813441277
2004-05-04,committee_dispersion,2004-04-13,-14,0.031507231295108795
2004-05-04,committee_dispersion,2004-04-14,-13,0.03213697299361229
2004-05-04,committee_dispersion,2004-04-15,-12,0.03176666423678398
2004-05-04,committee_dispersion,2004-04-16,-11,0.029515299946069717
2004-05-04,committee_dispersion,2004-04-19,-10,0.02950640581548214
2004-05-04,committee_dispersion,2004-04-20,-9,0.026320351287722588
2004-05-04,committee_dispersion,2004-04-21,-8,0.029659666121006012
2004-05-04,committee_dispersion,2004-04-22,-7,0.0346800796687603
2004-05-04,committee_dispersion,2004-04-23,-6,0.028442349284887314
2004-05-04,committee_dispersion,2004-04-26,-5,0.035493459552526474
2004-05-04,committee_dispersion,2004-04-27,-4,0.028744038194417953
2004-05-04,committee_dispersion,2004-04-28,-3,0.030483407899737358
2004-05-04,committee_dispersion,2004-04-29,-2,0.03733183071017265
2004-05-04,committee_dispersion,2004-04-30,-1,0.03734263405203819
2004-05-04,committee_dispersion,2004-05-03,0,0.029505901038646698
2004-05-04,policy_uncertainty,2004-03-17,-32,0.028472814708948135
2004-05-04,policy_uncertainty,2004-03-18,-31,0.028200913220643997
2004-05-04,policy_uncertainty,2004-03-19,-30,0.0317513570189476
2004-05-04,policy_uncertainty,2004-03-22,-29,0.03002699837088585
2004-05-04,policy_uncertainty,2004-03-23,-28,0.026601551100611687
2004-05-04,policy_uncertainty,2004-03-24,-27,0.02775338664650917
2004-05-04,policy_uncertainty,2004-03-25,-26,0.027148116379976273
2004-05-04,policy_uncertainty,2004-03-26,-25,0.028087414801120758
2004-05-04,policy_uncertainty,2004-03-29,-24,0.03134211525321007
2004-05-04,policy_uncertainty,2004-03-30,-23,0.02891448140144348
2004-05-04,policy_uncertainty,2004-03-31,-22,0.027887551113963127
2004-05-04,policy_uncertainty,2004-04-01,-21,0.02935006096959114
2004-05-04,policy_uncertainty,2004-04-02,-20,0.03141717612743378
2004-05-04,policy_uncertainty,2004-04-05,-19,0.03358287736773491
2004-05-04,policy_uncertainty,2004-04-06,-18,0.030554115772247314
2004-05-04,policy_uncertainty,2004-04-07,-17,0.02982163615524769
2004-05-04,policy_uncertainty,2004-04-08,-16,0.030294815078377724
2004-05-04,policy_uncertainty,2004-04-12,-15,0.029028035700321198
2004-05-04,policy_uncertainty,2004-04-13,-14,0.031123824417591095
2004-05-04,policy_uncertainty,2004-04-14,-13,0.032354388386011124
2004-05-04,policy_uncertainty,2004-04-15,-12,0.03153270110487938
2004-05-04,policy_uncertainty,2004-04-16,-11,0.028570370748639107
2004-05-04,policy_uncertainty,2004-04-19,-10,0.030323753133416176
2004-05-04,policy_uncertainty,2004-04-20,-9,0.02757558599114418
2004-05-04,policy_uncertainty,2004-04-21,-8,0.030528929084539413
2004-05-04,policy_uncertainty,2004-04-22,-7,0.032343003898859024
2004-05-04,policy_uncertainty,2004-04-23,-6,0.031037211418151855
2004-05-04,policy_uncertainty,2004-04-26,-5,0.03552377223968506
2004-05-04,policy_uncertainty,2004-04-27,-4,0.02827003039419651
2004-05-04,policy_uncertainty,2004-04-28,-3,0.030157826840877533
2004-05-04,policy_uncertainty,2004-04-29,-2,0.03928263857960701
2004-05-04,policy_uncertainty,2004-04-30,-1,0.033685117959976196
2004-05-04,policy_uncertainty,2004-05-03,0,0.027455415576696396
2004-05-04,forward_guidance_strength,2004-03-17,-32,0.029649313539266586
2004-05-04,forward_guidance_strength,2004-03-18,-31,0.028494980186223984
2004-05-04,forward_guidance_strength,2004-03-19,-30,0.03305370360612869
2004-05-04,forward_guidance_strength,2004-03-22,-29,0.03124304860830307
2004-05-04,forward_guidance_strength,2004-03-23,-28,0.027378255501389503
2004-05-04,forward_guidance_strength,2004-03-24,-27,0.028432121500372887
2004-05-04,forward_guidance_strength,2004-03-25,-26,0.02766145020723343
2004-05-04,forward_guidance_strength,2004-03-26,-25,0.028379838913679123
2004-05-04,forward_guidance_strength,2004-03-29,-24,0.031829651445150375
2004-05-04,forward_guidance_strength,2004-03-30,-23,0.02942851185798645
2004-05-04,forward_guidance_strength,2004-03-31,-22,0.028121313080191612
2004-05-04,forward_guidance_strength,2004-04-01,-21,0.02943287044763565
2004-05-04,forward_guidance_strength,2004-04-02,-20,0.03112855553627014
2004-05-04,forward_guidance_strength,2004-04-05,-19,0.034017108380794525
2004-05-04,forward_guidance_strength,2004-04-06,-18,0.03077906370162964
2004-05-04,forward_guidance_strength,2004-04-07,-17,0.029729735106229782
2004-05-04,forward_guidance_strength,2004-04-08,-16,0.029970286414027214
2004-05-04,forward_guidance_strength,2004-04-12,-15,0.028993874788284302
2004-05-04,forward_guidance_strength,2004-04-13,-14,0.03063058853149414
2004-05-04,forward_guidance_strength,2004-04-14,-13,0.03175818920135498
2004-05-04,forward_guidance_strength,2004-04-15,-12,0.031622301787137985
2004-05-04,forward_guidance_strength,2004-04-16,-11,0.028564365580677986
2004-05-04,forward_guidance_strength,2004-04-19,-10,0.02959628216922283
2004-05-04,forward_guidance_strength,2004-04-20,-9,0.02743580937385559
2004-05-04,forward_guidance_strength,2004-04-21,-8,0.028851531445980072
2004-05-04,forward_guidance_strength,2004-04-22,-7,0.03186254948377609
2004-05-04,forward_guidance_strength,2004-04-23,-6,0.029376037418842316
2004-05-04,forward_guidance_strength,2004-04-26,-5,0.03517308458685875
2004-05-04,forward_guidance_strength,2004-04-27,-4,0.029132407158613205
2004-05-04,forward_guidance_strength,2004-04-28,-3,0.029127148911356926
2004-05-04,forward_guidance_strength,2004-04-29,-2,0.038036201149225235
2004-05-04,forward_guidance_strength,2004-04-30,-1,0.03511647880077362
2004-05-04,forward_guidance_strength,2004-05-03,0,0.025993341580033302
2004-06-30,rate_decision,2004-05-05,-37,0.030607642605900764
2004-06-30,rate_decision,2004-05-06,-36,0.030287936329841614
2004-06-30,rate_decision,2004-05-07,-35,0.028202533721923828
2004-06-30,rate_decision,2004-05-10,-34,0.02785041742026806
2004-06-30,rate_decision,2004-05-11,-33,0.026362676173448563
2004-06-30,rate_decision,2004-05-12,-32,0.023163383826613426
2004-06-30,rate_decision,2004-05-13,-31,0.02310386672616005
2004-06-30,rate_decision,2004-05-14,-30,0.025371864438056946
2004-06-30,rate_decision,2004-05-17,-29,0.023559000343084335
2004-06-30,rate_decision,2004-05-18,-28,0.024078823626041412
2004-06-30,rate_decision,2004-05-19,-27,0.025796756148338318
2004-06-30,rate_decision,2004-05-20,-26,0.021332621574401855
2004-06-30,rate_decision,2004-05-21,-25,0.022039318457245827
2004-06-30,rate_decision,2004-05-24,-24,0.0216661524027586
2004-06-30,rate_decision,2004-05-25,-23,0.022422481328248978
2004-06-30,rate_decision,2004-05-26,-22,0.025205004960298538
2004-06-30,rate_decision,2004-05-27,-21,0.02490391582250595
2004-06-30,rate_decision,2004-05-28,-20,0.028230343014001846
2004-06-30,rate_decision,2004-06-01,-19,0.02885078266263008
2004-06-30,rate_decision,2004-06-02,-18,0.032401762902736664
2004-06-30,rate_decision,2004-06-03,-17,0.0310974158346653
2004-06-30,rate_decision,2004-06-04,-16,0.028910133987665176
2004-06-30,rate_decision,2004-06-07,-15,0.027880050241947174
2004-06-30,rate_decision,2004-06-08,-14,0.027377909049391747
2004-06-30,rate_decision,2004-06-09,-13,0.026550233364105225
2004-06-30,rate_decision,2004-06-10,-12,0.025444146245718002
2004-06-30,rate_decision,2004-06-14,-11,0.026516946032643318
2004-06-30,rate_decision,2004-06-15,-10,0.028272997587919235
2004-06-30,rate_decision,2004-06-16,-9,0.026577411219477654
2004-06-30,rate_decision,2004-06-17,-8,0.024119123816490173
2004-06-30,rate_decision,2004-06-18,-7,0.024710027500987053
2004-06-30,rate_decision,2004-06-21,-6,0.024122223258018494
2004-06-30,rate_decision,2004-06-22,-5,0.028319891542196274
2004-06-30,rate_decision,2004-06-23,-4,0.02676466666162014
2004-06-30,rate_decision,2004-06-24,-3,0.02476842701435089
2004-06-30,rate_decision,2004-06-25,-2,0.027785636484622955
2004-06-30,rate_decision,2004-06-28,-1,0.03024851158261299
2004-06-30,rate_decision,2004-06-29,0,0.025096967816352844
2004-06-30,current_policy_stance,2004-05-05,-37,0.02593446522951126
2004-06-30,current_policy_stance,2004-05-06,-36,0.026883263140916824
2004-06-30,current_policy_stance,2004-05-07,-35,0.0294346883893013
2004-06-30,current_policy_stance,2004-05-10,-34,0.02725454606115818
2004-06-30,current_policy_stance,2004-05-11,-33,0.024872401729226112
2004-06-30,current_policy_stance,2004-05-12,-32,0.025783823803067207
2004-06-30,current_policy_stance,2004-05-13,-31,0.02596159651875496
2004-06-30,current_policy_stance,2004-05-14,-30,0.023883722722530365
2004-06-30,current_policy_stance,2004-05-17,-29,0.02041088230907917
2004-06-30,current_policy_stance,2004-05-18,-28,0.022542424499988556
2004-06-30,current_policy_stance,2004-05-19,-27,0.023622218519449234
2004-06-30,current_policy_stance,2004-05-20,-26,0.021587837487459183
2004-06-30,current_policy_stance,2004-05-21,-25,0.020393969491124153
2004-06-30,current_policy_stance,2004-05-24,-24,0.022405799478292465
2004-06-30,current_policy_stance,2004-05-25,-23,0.023427080363035202
2004-06-30,current_policy_stance,2004-05-26,-22,0.023351525887846947
2004-06-30,current_policy_stance,2004-05-27,-21,0.023870036005973816
2004-06-30,current_policy_stance,2004-05-28,-20,0.024824174121022224
2004-06-30,current_policy_stance,2004-06-01,-19,0.02771121636033058
2004-06-30,current_policy_stance,2004-06-02,-18,0.027394967153668404
2004-06-30,current_policy_stance,2004-06-03,-17,0.029161084443330765
2004-06-30,current_policy_stance,2004-06-04,-16,0.030991757288575172
2004-06-30,current_policy_stance,2004-06-07,-15,0.030428048223257065
2004-06-30,current_policy_stance,2004-06-08,-14,0.028260616585612297
2004-06-30,current_policy_stance,2004-06-09,-13,0.02776014804840088
2004-06-30,current_policy_stance,2004-06-10,-12,0.03058619797229767
2004-06-30,current_policy_stance,2004-06-14,-11,0.02654300257563591
2004-06-30,current_policy_stance,2004-06-15,-10,0.026259299367666245
2004-06-30,current_policy_stance,2004-06-16,-9,0.027422461658716202
2004-06-30,current_policy_stance,2004-06-17,-8,0.026063144207000732
2004-06-30,current_policy_stance,2004-06-18,-7,0.024802392348647118
2004-06-30,current_policy_stance,2004-06-21,-6,0.023840483278036118
2004-06-30,current_policy_stance,2004-06-22,-5,0.026158615946769714
2004-06-30,current_policy_stance,2004-06-23,-4,0.029681747779250145
2004-06-30,current_policy_stance,2004-06-24,-3,0.028423380106687546
2004-06-30,current_policy_stance,2004-06-25,-2,0.03233196958899498
2004-06-30,current_policy_stance,2004-06-28,-1,0.029464824125170708
2004-06-30,current_policy_stance,2004-06-29,0,0.030270200222730637
2004-06-30,policy_stance_shift,2004-05-05,-37,0.024999432265758514
2004-06-30,policy_stance_shift,2004-05-06,-36,0.02691373974084854
2004-06-30,policy_stance_shift,2004-05-07,-35,0.027615156024694443
2004-06-30,policy_stance_shift,2004-05-10,-34,0.027927787974476814
2004-06-30,policy_stance_shift,2004-05-11,-33,0.025151660665869713
2004-06-30,policy_stance_shift,2004-05-12,-32,0.026953130960464478
2004-06-30,policy_stance_shift,2004-05-13,-31,0.02616988494992256
2004-06-30,policy_stance_shift,2004-05-14,-30,0.024419685825705528
2004-06-30,policy_stance_shift,2004-05-17,-29,0.01859346404671669
2004-06-30,policy_stance_shift,2004-05-18,-28,0.021247070282697678
2004-06-30,policy_stance_shift,2004-05-19,-27,0.02297954633831978
2004-06-30,policy_stance_shift,2004-05-20,-26,0.023549884557724
2004-06-30,policy_stance_shift,2004-05-21,-25,0.023445095866918564
2004-06-30,policy_stance_shift,2004-05-24,-24,0.02725280448794365
2004-06-30,policy_stance_shift,2004-05-25,-23,0.02630574442446232
2004-06-30,policy_stance_shift,2004-05-26,-22,0.0241598729044199
2004-06-30,policy_stance_shift,2004-05-27,-21,0.02468649484217167
2004-06-30,policy_stance_shift,2004-05-28,-20,0.024969492107629776
2004-06-30,policy_stance_shift,2004-06-01,-19,0.026399441063404083
2004-06-30,policy_stance_shift,2004-06-02,-18,0.026216354221105576
2004-06-30,policy_stance_shift,2004-06-03,-17,0.02725759521126747
2004-06-30,policy_stance_shift,2004-06-04,-16,0.02685842290520668
2004-06-30,policy_stance_shift,2004-06-07,-15,0.029322892427444458
2004-06-30,policy_stance_shift,2004-06-08,-14,0.02728775143623352
2004-06-30,policy_stance_shift,2004-06-09,-13,0.029199814423918724
2004-06-30,policy_stance_shift,2004-06-10,-12,0.030263006687164307
2004-06-30,policy_stance_shift,2004-06-14,-11,0.0264698788523674
2004-06-30,policy_stance_shift,2004-06-15,-10,0.02857770398259163
2004-06-30,policy_stance_shift,2004-06-16,-9,0.02456834353506565
2004-06-30,policy_stance_shift,2004-06-17,-8,0.028071803972125053
2004-06-30,policy_stance_shift,2004-06-18,-7,0.025460872799158096
2004-06-30,policy_stance_shift,2004-06-21,-6,0.02675936557352543
2004-06-30,policy_stance_shift,2004-06-22,-5,0.025170588865876198
2004-06-30,policy_stance_shift,2004-06-23,-4,0.028363356366753578
2004-06-30,policy_stance_shift,2004-06-24,-3,0.02826365828514099
2004-06-30,policy_stance_shift,2004-06-25,-2,0.030060729011893272
2004-06-30,policy_stance_shift,2004-06-28,-1,0.02685454487800598
2004-06-30,policy_stance_shift,2004-06-29,0,0.03123394399881363
2004-06-30,expected_rate_path_shift,2004-05-05,-37,0.027114804834127426
2004-06-30,expected_rate_path_shift,2004-05-06,-36,0.026035210117697716
2004-06-30,expected_rate_path_shift,2004-05-07,-35,0.028867699205875397
2004-06-30,expected_rate_path_shift,2004-05-10,-34,0.025974702090024948
2004-06-30,expected_rate_path_shift,2004-05-11,-33,0.024901367723941803
2004-06-30,expected_rate_path_shift,2004-05-12,-32,0.02478794753551483
2004-06-30,expected_rate_path_shift,2004-05-13,-31,0.025645384564995766
2004-06-30,expected_rate_path_shift,2004-05-14,-30,0.02412005327641964
2004-06-30,expected_rate_path_shift,2004-05-17,-29,0.02253260836005211
2004-06-30,expected_rate_path_shift,2004-05-18,-28,0.02425575628876686
2004-06-30,expected_rate_path_shift,2004-05-19,-27,0.02428107149899006
2004-06-30,expected_rate_path_shift,2004-05-20,-26,0.021115615963935852
2004-06-30,expected_rate_path_shift,2004-05-21,-25,0.02128307893872261
2004-06-30,expected_rate_path_shift,2004-05-24,-24,0.021409327164292336
2004-06-30,expected_rate_path_shift,2004-05-25,-23,0.023498650640249252
2004-06-30,expected_rate_path_shift,2004-05-26,-22,0.024026937782764435
2004-06-30,expected_rate_path_shift,2004-05-27,-21,0.024500321596860886
2004-06-30,expected_rate_path_shift,2004-05-28,-20,0.02575349621474743
2004-06-30,expected_rate_path_shift,2004-06-01,-19,0.0289418026804924
2004-06-30,expected_rate_path_shift,2004-06-02,-18,0.02849549427628517
2004-06-30,expected_rate_path_shift,2004-06-03,-17,0.029292529448866844
2004-06-30,expected_rate_path_shift,2004-06-04,-16,0.030643053352832794
2004-06-30,expected_rate_path_shift,2004-06-07,-15,0.028729654848575592
2004-06-30,expected_rate_path_shift,2004-06-08,-14,0.027426932007074356
2004-06-30,expected_rate_path_shift,2004-06-09,-13,0.0262659452855587
2004-06-30,expected_rate_path_shift,2004-06-10,-12,0.02871341072022915
2004-06-30,expected_rate_path_shift,2004-06-14,-11,0.027042489498853683
2004-06-30,expected_rate_path_shift,2004-06-15,-10,0.024177664890885353
2004-06-30,expected_rate_path_shift,2004-06-16,-9,0.02938293106853962
2004-06-30,expected_rate_path_shift,2004-06-17,-8,0.025079602375626564
2004-06-30,expected_rate_path_shift,2004-06-18,-7,0.024478940293192863
2004-06-30,expected_rate_path_shift,2004-06-21,-6,0.023115448653697968
2004-06-30,expected_rate_path_shift,2004-06-22,-5,0.027750251814723015
2004-06-30,expected_rate_path_shift,2004-06-23,-4,0.02981182560324669
2004-06-30,expected_rate_path_shift,2004-06-24,-3,0.028898458927869797
2004-06-30,expected_rate_path_shift,2004-06-25,-2,0.03330371528863907
2004-06-30,expected_rate_path_shift,2004-06-28,-1,0.029671333730220795
2004-06-30,expected_rate_path_shift,2004-06-29,0,0.02867446467280388
2004-06-30,inflation_assessment_shift,2004-05-05,-37,0.026779118925333023
2004-06-30,inflation_assessment_shift,2004-05-06,-36,0.02665337175130844
2004-06-30,inflation_assessment_shift,2004-05-07,-35,0.031056661158800125
2004-06-30,inflation_assessment_shift,2004-05-10,-34,0.027579668909311295
2004-06-30,inflation_assessment_shift,2004-05-11,-33,0.025889001786708832
2004-06-30,inflation_assessment_shift,2004-05-12,-32,0.026121631264686584
2004-06-30,inflation_assessment_shift,2004-05-13,-31,0.026451995596289635
2004-06-30,inflation_assessment_shift,2004-05-14,-30,0.02400338090956211
2004-06-30,inflation_assessment_shift,2004-05-17,-29,0.02031899243593216
2004-06-30,inflation_assessment_shift,2004-05-18,-28,0.02275768108665943
2004-06-30,inflation_assessment_shift,2004-05-19,-27,0.022973807528614998
2004-06-30,inflation_assessment_shift,2004-05-20,-26,0.021481772884726524
2004-06-30,inflation_assessment_shift,2004-05-21,-25,0.020547043532133102
2004-06-30,inflation_assessment_shift,2004-05-24,-24,0.021963469684123993
2004-06-30,inflation_assessment_shift,2004-05-25,-23,0.023913787677884102
2004-06-30,inflation_assessment_shift,2004-05-26,-22,0.023323241621255875
2004-06-30,inflation_assessment_shift,2004-05-27,-21,0.02448977716267109
2004-06-30,inflation_assessment_shift,2004-05-28,-20,0.02545471116900444
2004-06-30,inflation_assessment_shift,2004-06-01,-19,0.027520302683115005
2004-06-30,inflation_assessment_shift,2004-06-02,-18,0.027904678136110306
2004-06-30,inflation_assessment_shift,2004-06-03,-17,0.028878359124064445
2004-06-30,inflation_assessment_shift,2004-06-04,-16,0.031847596168518066
2004-06-30,inflation_assessment_shift,2004-06-07,-15,0.03097068890929222
2004-06-30,inflation_assessment_shift,2004-06-08,-14,0.02974790334701538
2004-06-30,inflation_assessment_shift,2004-06-09,-13,0.0283801406621933
2004-06-30,inflation_assessment_shift,2004-06-10,-12,0.029660575091838837
2004-06-30,inflation_assessment_shift,2004-06-14,-11,0.027783215045928955
2004-06-30,inflation_assessment_shift,2004-06-15,-10,0.02547062560915947
2004-06-30,inflation_assessment_shift,2004-06-16,-9,0.02942514605820179
2004-06-30,inflation_assessment_shift,2004-06-17,-8,0.025938604027032852
2004-06-30,inflation_assessment_shift,2004-06-18,-7,0.024068297818303108
2004-06-30,inflation_assessment_shift,2004-06-21,-6,0.022659773007035255
2004-06-30,inflation_assessment_shift,2004-06-22,-5,0.025170544162392616
2004-06-30,inflation_assessment_shift,2004-06-23,-4,0.02854841947555542
2004-06-30,inflation_assessment_shift,2004-06-24,-3,0.026293858885765076
2004-06-30,inflation_assessment_shift,2004-06-25,-2,0.030114175751805305
2004-06-30,inflation_assessment_shift,2004-06-28,-1,0.02835942432284355
2004-06-30,inflation_assessment_shift,2004-06-29,0,0.029498526826500893
2004-06-30,inflation_risk_shift,2004-05-05,-37,0.025656457990407944
2004-06-30,inflation_risk_shift,2004-05-06,-36,0.025723498314619064
2004-06-30,inflation_risk_shift,2004-05-07,-35,0.028994398191571236
2004-06-30,inflation_risk_shift,2004-05-10,-34,0.026206787675619125
2004-06-30,inflation_risk_shift,2004-05-11,-33,0.023806694895029068
2004-06-30,inflation_risk_shift,2004-05-12,-32,0.024862203747034073
2004-06-30,inflation_risk_shift,2004-05-13,-31,0.02693391591310501
2004-06-30,inflation_risk_shift,2004-05-14,-30,0.02441132441163063
2004-06-30,inflation_risk_shift,2004-05-17,-29,0.021875489503145218
2004-06-30,inflation_risk_shift,2004-05-18,-28,0.02509400248527527
2004-06-30,inflation_risk_shift,2004-05-19,-27,0.025266926735639572
2004-06-30,inflation_risk_shift,2004-05-20,-26,0.021736960858106613
2004-06-30,inflation_risk_shift,2004-05-21,-25,0.021180488169193268
2004-06-30,inflation_risk_shift,2004-05-24,-24,0.021930642426013947
2004-06-30,inflation_risk_shift,2004-05-25,-23,0.023884344846010208
2004-06-30,inflation_risk_shift,2004-05-26,-22,0.02382591739296913
2004-06-30,inflation_risk_shift,2004-05-27,-21,0.024217646569013596
2004-06-30,inflation_risk_shift,2004-05-28,-20,0.02553129382431507
2004-06-30,inflation_risk_shift,2004-06-01,-19,0.029329858720302582
2004-06-30,inflation_risk_shift,2004-06-02,-18,0.0286243949085474
2004-06-30,inflation_risk_shift,2004-06-03,-17,0.029038671404123306
2004-06-30,inflation_risk_shift,2004-06-04,-16,0.030479341745376587
2004-06-30,inflation_risk_shift,2004-06-07,-15,0.02929203398525715
2004-06-30,inflation_risk_shift,2004-06-08,-14,0.02739177830517292
2004-06-30,inflation_risk_shift,2004-06-09,-13,0.025488875806331635
2004-06-30,inflation_risk_shift,2004-06-10,-12,0.028678635135293007
2004-06-30,inflation_risk_shift,2004-06-14,-11,0.026689758524298668
2004-06-30,inflation_risk_shift,2004-06-15,-10,0.024395380169153214
2004-06-30,inflation_risk_shift,2004-06-16,-9,0.027925804257392883
2004-06-30,inflation_risk_shift,2004-06-17,-8,0.02680208906531334
2004-06-30,inflation_risk_shift,2004-06-18,-7,0.02412859909236431
2004-06-30,inflation_risk_shift,2004-06-21,-6,0.02356620505452156
2004-06-30,inflation_risk_shift,2004-06-22,-5,0.02714335173368454
2004-06-30,inflation_risk_shift,2004-06-23,-4,0.028990427032113075
2004-06-30,inflation_risk_shift,2004-06-24,-3,0.027691636234521866
2004-06-30,inflation_risk_shift,2004-06-25,-2,0.03394361212849617
2004-06-30,inflation_risk_shift,2004-06-28,-1,0.029746385291218758
2004-06-30,inflation_risk_shift,2004-06-29,0,0.02951412834227085
2004-06-30,unemployment_assessment_shift,2004-05-05,-37,0.02578570321202278
2004-06-30,unemployment_assessment_shift,2004-05-06,-36,0.025443794205784798
2004-06-30,unemployment_assessment_shift,2004-05-07,-35,0.02893795631825924
2004-06-30,unemployment_assessment_shift,2004-05-10,-34,0.02616836503148079
2004-06-30,unemployment_assessment_shift,2004-05-11,-33,0.02426742948591709
2004-06-30,unemployment_assessment_shift,2004-05-12,-32,0.024809589609503746
2004-06-30,unemployment_assessment_shift,2004-05-13,-31,0.026077043265104294
2004-06-30,unemployment_assessment_shift,2004-05-14,-30,0.023601828143000603
2004-06-30,unemployment_assessment_shift,2004-05-17,-29,0.02057514153420925
2004-06-30,unemployment_assessment_shift,2004-05-18,-28,0.023704782128334045
2004-06-30,unemployment_assessment_shift,2004-05-19,-27,0.024406086653470993
2004-06-30,unemployment_assessment_shift,2004-05-20,-26,0.0218476764857769
2004-06-30,unemployment_assessment_shift,2004-05-21,-25,0.02089979499578476
2004-06-30,unemployment_assessment_shift,2004-05-24,-24,0.022043030709028244
2004-06-30,unemployment_assessment_shift,2004-05-25,-23,0.02384883165359497
2004-06-30,unemployment_assessment_shift,2004-05-26,-22,0.023830143734812737
2004-06-30,unemployment_assessment_shift,2004-05-27,-21,0.024717876687645912
2004-06-30,unemployment_assessment_shift,2004-05-28,-20,0.02544504962861538
2004-06-30,unemployment_assessment_shift,2004-06-01,-19,0.02811790071427822
2004-06-30,unemployment_assessment_shift,2004-06-02,-18,0.02844417095184326
2004-06-30,unemployment_assessment_shift,2004-06-03,-17,0.028641313314437866
2004-06-30,unemployment_assessment_shift,2004-06-04,-16,0.030980810523033142
2004-06-30,unemployment_assessment_shift,2004-06-07,-15,0.02955123595893383
2004-06-30,unemployment_assessment_shift,2004-06-08,-14,0.027955595403909683
2004-06-30,unemployment_assessment_shift,2004-06-09,-13,0.026637515053153038
2004-06-30,unemployment_assessment_shift,2004-06-10,-12,0.029359111562371254
2004-06-30,unemployment_assessment_shift,2004-06-14,-11,0.02744472399353981
2004-06-30,unemployment_assessment_shift,2004-06-15,-10,0.024754006415605545
2004-06-30,unemployment_assessment_shift,2004-06-16,-9,0.02965901792049408
2004-06-30,unemployment_assessment_shift,2004-06-17,-8,0.02642313949763775
2004-06-30,unemployment_assessment_shift,2004-06-18,-7,0.024884646758437157
2004-06-30,unemployment_assessment_shift,2004-06-21,-6,0.023332741111516953
2004-06-30,unemployment_assessment_shift,2004-06-22,-5,0.02705436386168003
2004-06-30,unemployment_assessment_shift,2004-06-23,-4,0.029531599953770638
2004-06-30,unemployment_assessment_shift,2004-06-24,-3,0.027766618877649307
2004-06-30,unemployment_assessment_shift,2004-06-25,-2,0.03289629891514778
2004-06-30,unemployment_assessment_shift,2004-06-28,-1,0.030434731394052505
2004-06-30,unemployment_assessment_shift,2004-06-29,0,0.029720298945903778
2004-06-30,labor_market_risk_shift,2004-05-05,-37,0.02799602411687374
2004-06-30,labor_market_risk_shift,2004-05-06,-36,0.02597116492688656
2004-06-30,labor_market_risk_shift,2004-05-07,-35,0.030271925032138824
2004-06-30,labor_market_risk_shift,2004-05-10,-34,0.025460096076130867
2004-06-30,labor_market_risk_shift,2004-05-11,-33,0.02484400011599064
2004-06-30,labor_market_risk_shift,2004-05-12,-32,0.023540837690234184
2004-06-30,labor_market_risk_shift,2004-05-13,-31,0.025574930012226105
2004-06-30,labor_market_risk_shift,2004-05-14,-30,0.0239035002887249
2004-06-30,labor_market_risk_shift,2004-05-17,-29,0.025203002616763115
2004-06-30,labor_market_risk_shift,2004-05-18,-28,0.026622328907251358
2004-06-30,labor_market_risk_shift,2004-05-19,-27,0.02599700540304184
2004-06-30,labor_market_risk_shift,2004-05-20,-26,0.0209650881588459
2004-06-30,labor_market_risk_shift,2004-05-21,-25,0.019737590104341507
2004-06-30,labor_market_risk_shift,2004-05-24,-24,0.018547404557466507
2004-06-30,labor_market_risk_shift,2004-05-25,-23,0.021808594465255737
2004-06-30,labor_market_risk_shift,2004-05-26,-22,0.02344457060098648
2004-06-30,labor_market_risk_shift,2004-05-27,-21,0.024952493607997894
2004-06-30,labor_market_risk_shift,2004-05-28,-20,0.02736162766814232
2004-06-30,labor_market_risk_shift,2004-06-01,-19,0.030797593295574188
2004-06-30,labor_market_risk_shift,2004-06-02,-18,0.029423203319311142
2004-06-30,labor_market_risk_shift,2004-06-03,-17,0.030313998460769653
2004-06-30,labor_market_risk_shift,2004-06-04,-16,0.03360595926642418
2004-06-30,labor_market_risk_shift,2004-06-07,-15,0.029118239879608154
2004-06-30,labor_market_risk_shift,2004-06-08,-14,0.028540074825286865
2004-06-30,labor_market_risk_shift,2004-06-09,-13,0.02468779683113098
2004-06-30,labor_market_risk_shift,2004-06-10,-12,0.027147464454174042
2004-06-30,labor_market_risk_shift,2004-06-14,-11,0.027476662769913673
2004-06-30,labor_market_risk_shift,2004-06-15,-10,0.021852457895874977
2004-06-30,labor_market_risk_shift,2004-06-16,-9,0.031823813915252686
2004-06-30,labor_market_risk_shift,2004-06-17,-8,0.023711759597063065
2004-06-30,labor_market_risk_shift,2004-06-18,-7,0.023019183427095413
2004-06-30,labor_market_risk_shift,2004-06-21,-6,0.020697105675935745
2004-06-30,labor_market_risk_shift,2004-06-22,-5,0.027707446366548538
2004-06-30,labor_market_risk_shift,2004-06-23,-4,0.02821999229490757
2004-06-30,labor_market_risk_shift,2004-06-24,-3,0.02663431689143181
2004-06-30,labor_market_risk_shift,2004-06-25,-2,0.0343463197350502
2004-06-30,labor_market_risk_shift,2004-06-28,-1,0.031132709234952927
2004-06-30,labor_market_risk_shift,2004-06-29,0,0.027541736140847206
2004-06-30,growth_activity_shift,2004-05-05,-37,0.027487631887197495
2004-06-30,growth_activity_shift,2004-05-06,-36,0.02663782425224781
2004-06-30,growth_activity_shift,2004-05-07,-35,0.03095296397805214
2004-06-30,growth_activity_shift,2004-05-10,-34,0.026782583445310593
2004-06-30,growth_activity_shift,2004-05-11,-33,0.025505803525447845
2004-06-30,growth_activity_shift,2004-05-12,-32,0.025342952460050583
2004-06-30,growth_activity_shift,2004-05-13,-31,0.027147894725203514
2004-06-30,growth_activity_shift,2004-05-14,-30,0.024609073996543884
2004-06-30,growth_activity_shift,2004-05-17,-29,0.02319803275167942
2004-06-30,growth_activity_shift,2004-05-18,-28,0.024105846881866455
2004-06-30,growth_activity_shift,2004-05-19,-27,0.02478693798184395
2004-06-30,growth_activity_shift,2004-05-20,-26,0.021386539563536644
2004-06-30,growth_activity_shift,2004-05-21,-25,0.019589513540267944
2004-06-30,growth_activity_shift,2004-05-24,-24,0.02040998451411724
2004-06-30,growth_activity_shift,2004-05-25,-23,0.023011796176433563
2004-06-30,growth_activity_shift,2004-05-26,-22,0.02372981607913971
2004-06-30,growth_activity_shift,2004-05-27,-21,0.02440430037677288
2004-06-30,growth_activity_shift,2004-05-28,-20,0.024473607540130615
2004-06-30,growth_activity_shift,2004-06-01,-19,0.02974524348974228
2004-06-30,growth_activity_shift,2004-06-02,-18,0.02787628024816513
2004-06-30,growth_activity_shift,2004-06-03,-17,0.028775973245501518
2004-06-30,growth_activity_shift,2004-06-04,-16,0.03243105858564377
2004-06-30,growth_activity_shift,2004-06-07,-15,0.03010598197579384
2004-06-30,growth_activity_shift,2004-06-08,-14,0.028730524703860283
2004-06-30,growth_activity_shift,2004-06-09,-13,0.026152262464165688
2004-06-30,growth_activity_shift,2004-06-10,-12,0.028921935707330704
2004-06-30,growth_activity_shift,2004-06-14,-11,0.027277084067463875
2004-06-30,growth_activity_shift,2004-06-15,-10,0.023860573768615723
2004-06-30,growth_activity_shift,2004-06-16,-9,0.030059758573770523
2004-06-30,growth_activity_shift,2004-06-17,-8,0.025059884414076805
2004-06-30,growth_activity_shift,2004-06-18,-7,0.02434496581554413
2004-06-30,growth_activity_shift,2004-06-21,-6,0.02170330286026001
2004-06-30,growth_activity_shift,2004-06-22,-5,0.025891009718179703
2004-06-30,growth_activity_shift,2004-06-23,-4,0.028635986149311066
2004-06-30,growth_activity_shift,2004-06-24,-3,0.027268175035715103
2004-06-30,growth_activity_shift,2004-06-25,-2,0.032741229981184006
2004-06-30,growth_activity_shift,2004-06-28,-1,0.028671327978372574
2004-06-30,growth_activity_shift,2004-06-29,0,0.028184328228235245
2004-06-30,financial_conditions_shift,2004-05-05,-37,0.026734063401818275
2004-06-30,financial_conditions_shift,2004-05-06,-36,0.025494880974292755
2004-06-30,financial_conditions_shift,2004-05-07,-35,0.029376011341810226
2004-06-30,financial_conditions_shift,2004-05-10,-34,0.025802385061979294
2004-06-30,financial_conditions_shift,2004-05-11,-33,0.024077709764242172
2004-06-30,financial_conditions_shift,2004-05-12,-32,0.02452816441655159
2004-06-30,financial_conditions_shift,2004-05-13,-31,0.025974107906222343
2004-06-30,financial_conditions_shift,2004-05-14,-30,0.023633617907762527
2004-06-30,financial_conditions_shift,2004-05-17,-29,0.02179967612028122
2004-06-30,financial_conditions_shift,2004-05-18,-28,0.024539727717638016
2004-06-30,financial_conditions_shift,2004-05-19,-27,0.025376148521900177
2004-06-30,financial_conditions_shift,2004-05-20,-26,0.021902168169617653
2004-06-30,financial_conditions_shift,2004-05-21,-25,0.0207141675055027
2004-06-30,financial_conditions_shift,2004-05-24,-24,0.02108624577522278
2004-06-30,financial_conditions_shift,2004-05-25,-23,0.023430045694112778
2004-06-30,financial_conditions_shift,2004-05-26,-22,0.024168625473976135
2004-06-30,financial_conditions_shift,2004-05-27,-21,0.02521788515150547
2004-06-30,financial_conditions_shift,2004-05-28,-20,0.025686128064990044
2004-06-30,financial_conditions_shift,2004-06-01,-19,0.029616255313158035
2004-06-30,financial_conditions_shift,2004-06-02,-18,0.028311144560575485
2004-06-30,financial_conditions_shift,2004-06-03,-17,0.028858015313744545
2004-06-30,financial_conditions_shift,2004-06-04,-16,0.03210202604532242
2004-06-30,financial_conditions_shift,2004-06-07,-15,0.029738059267401695
2004-06-30,financial_conditions_shift,2004-06-08,-14,0.028350558131933212
2004-06-30,financial_conditions_shift,2004-06-09,-13,0.02573315054178238
2004-06-30,financial_conditions_shift,2004-06-10,-12,0.028339827433228493
2004-06-30,financial_conditions_shift,2004-06-14,-11,0.026614895090460777
2004-06-30,financial_conditions_shift,2004-06-15,-10,0.02391468733549118
2004-06-30,financial_conditions_shift,2004-06-16,-9,0.029034238308668137
2004-06-30,financial_conditions_shift,2004-06-17,-8,0.02553291991353035
2004-06-30,financial_conditions_shift,2004-06-18,-7,0.024345358833670616
2004-06-30,financial_conditions_shift,2004-06-21,-6,0.02284686081111431
2004-06-30,financial_conditions_shift,2004-06-22,-5,0.02721157670021057
2004-06-30,financial_conditions_shift,2004-06-23,-4,0.029789840802550316
2004-06-30,financial_conditions_shift,2004-06-24,-3,0.02873969078063965
2004-06-30,financial_conditions_shift,2004-06-25,-2,0.03328495845198631
2004-06-30,financial_conditions_shift,2004-06-28,-1,0.02916426956653595
2004-06-30,financial_conditions_shift,2004-06-29,0,0.02892989292740822
2004-06-30,risk_balance_shift,2004-05-05,-37,0.028499890118837357
2004-06-30,risk_balance_shift,2004-05-06,-36,0.026361146941781044
2004-06-30,risk_balance_shift,2004-05-07,-35,0.030868619680404663
2004-06-30,risk_balance_shift,2004-05-10,-34,0.026203323155641556
2004-06-30,risk_balance_shift,2004-05-11,-33,0.026149991899728775
2004-06-30,risk_balance_shift,2004-05-12,-32,0.02446891926229
2004-06-30,risk_balance_shift,2004-05-13,-31,0.025829650461673737
2004-06-30,risk_balance_shift,2004-05-14,-30,0.02427019365131855
2004-06-30,risk_balance_shift,2004-05-17,-29,0.024792002514004707
2004-06-30,risk_balance_shift,2004-05-18,-28,0.02514784410595894
2004-06-30,risk_balance_shift,2004-05-19,-27,0.02458462119102478
2004-06-30,risk_balance_shift,2004-05-20,-26,0.02014397270977497
2004-06-30,risk_balance_shift,2004-05-21,-25,0.019059045240283012
2004-06-30,risk_balance_shift,2004-05-24,-24,0.01844462938606739
2004-06-30,risk_balance_shift,2004-05-25,-23,0.02146700769662857
2004-06-30,risk_balance_shift,2004-05-26,-22,0.023252271115779877
2004-06-30,risk_balance_shift,2004-05-27,-21,0.024047378450632095
2004-06-30,risk_balance_shift,2004-05-28,-20,0.02562977746129036
2004-06-30,risk_balance_shift,2004-06-01,-19,0.029761573299765587
2004-06-30,risk_balance_shift,2004-06-02,-18,0.028867749497294426
2004-06-30,risk_balance_shift,2004-06-03,-17,0.030108781531453133
2004-06-30,risk_balance_shift,2004-06-04,-16,0.03431035578250885
2004-06-30,risk_balance_shift,2004-06-07,-15,0.030013401061296463
2004-06-30,risk_balance_shift,2004-06-08,-14,0.029430948197841644
2004-06-30,risk_balance_shift,2004-06-09,-13,0.02555636689066887
2004-06-30,risk_balance_shift,2004-06-10,-12,0.028530385345220566
2004-06-30,risk_balance_shift,2004-06-14,-11,0.027207862585783005
2004-06-30,risk_balance_shift,2004-06-15,-10,0.023207377642393112
2004-06-30,risk_balance_shift,2004-06-16,-9,0.032278865575790405
2004-06-30,risk_balance_shift,2004-06-17,-8,0.023833798244595528
2004-06-30,risk_balance_shift,2004-06-18,-7,0.023122083395719528
2004-06-30,risk_balance_shift,2004-06-21,-6,0.020851576700806618
2004-06-30,risk_balance_shift,2004-06-22,-5,0.026709536090493202
2004-06-30,risk_balance_shift,2004-06-23,-4,0.028331508859992027
2004-06-30,risk_balance_shift,2004-06-24,-3,0.02701641619205475
2004-06-30,risk_balance_shift,2004-06-25,-2,0.03332018107175827
2004-06-30,risk_balance_shift,2004-06-28,-1,0.02962789684534073
2004-06-30,risk_balance_shift,2004-06-29,0,0.02869304269552231
2004-06-30,committee_dispersion,2004-05-05,-37,0.02554856427013874
2004-06-30,committee_dispersion,2004-05-06,-36,0.025453390553593636
2004-06-30,committee_dispersion,2004-05-07,-35,0.02837289124727249
2004-06-30,committee_dispersion,2004-05-10,-34,0.02565755508840084
2004-06-30,committee_dispersion,2004-05-11,-33,0.024193614721298218
2004-06-30,committee_dispersion,2004-05-12,-32,0.025201626121997833
2004-06-30,committee_dispersion,2004-05-13,-31,0.026022909209132195
2004-06-30,committee_dispersion,2004-05-14,-30,0.023724539205431938
2004-06-30,committee_dispersion,2004-05-17,-29,0.02199650928378105
2004-06-30,committee_dispersion,2004-05-18,-28,0.02478286810219288
2004-06-30,committee_dispersion,2004-05-19,-27,0.02507672645151615
2004-06-30,committee_dispersion,2004-05-20,-26,0.022668056190013885
2004-06-30,committee_dispersion,2004-05-21,-25,0.021907594054937363
2004-06-30,committee_dispersion,2004-05-24,-24,0.022648241370916367
2004-06-30,committee_dispersion,2004-05-25,-23,0.02495751343667507
2004-06-30,committee_dispersion,2004-05-26,-22,0.02442314475774765
2004-06-30,committee_dispersion,2004-05-27,-21,0.025451328605413437
2004-06-30,committee_dispersion,2004-05-28,-20,0.02532554417848587
2004-06-30,committee_dispersion,2004-06-01,-19,0.028094902634620667
2004-06-30,committee_dispersion,2004-06-02,-18,0.027206141501665115
2004-06-30,committee_dispersion,2004-06-03,-17,0.02822723053395748
2004-06-30,committee_dispersion,2004-06-04,-16,0.02997564524412155
2004-06-30,committee_dispersion,2004-06-07,-15,0.028627006337046623
2004-06-30,committee_dispersion,2004-06-08,-14,0.027083244174718857
2004-06-30,committee_dispersion,2004-06-09,-13,0.02590978890657425
2004-06-30,committee_dispersion,2004-06-10,-12,0.029134627431631088
2004-06-30,committee_dispersion,2004-06-14,-11,0.02662372589111328
2004-06-30,committee_dispersion,2004-06-15,-10,0.024123990908265114
2004-06-30,committee_dispersion,2004-06-16,-9,0.029503975063562393
2004-06-30,committee_dispersion,2004-06-17,-8,0.025542665272951126
2004-06-30,committee_dispersion,2004-06-18,-7,0.025378378108143806
2004-06-30,committee_dispersion,2004-06-21,-6,0.023978641256690025
2004-06-30,committee_dispersion,2004-06-22,-5,0.027015775442123413
2004-06-30,committee_dispersion,2004-06-23,-4,0.030076676979660988
2004-06-30,committee_dispersion,2004-06-24,-3,0.028571266680955887
2004-06-30,committee_dispersion,2004-06-25,-2,0.032940059900283813
2004-06-30,committee_dispersion,2004-06-28,-1,0.029717786237597466
2004-06-30,committee_dispersion,2004-06-29,0,0.028855860233306885
2004-06-30,policy_uncertainty,2004-05-05,-37,0.028129592537879944
2004-06-30,policy_uncertainty,2004-05-06,-36,0.0252128466963768
2004-06-30,policy_uncertainty,2004-05-07,-35,0.02936306595802307
2004-06-30,policy_uncertainty,2004-05-10,-34,0.024136018007993698
2004-06-30,policy_uncertainty,2004-05-11,-33,0.024522997438907623
2004-06-30,policy_uncertainty,2004-05-12,-32,0.022816194221377373
2004-06-30,policy_uncertainty,2004-05-13,-31,0.02545126900076866
2004-06-30,policy_uncertainty,2004-05-14,-30,0.024094240739941597
2004-06-30,policy_uncertainty,2004-05-17,-29,0.02768508344888687
2004-06-30,policy_uncertainty,2004-05-18,-28,0.0288209468126297
2004-06-30,policy_uncertainty,2004-05-19,-27,0.027376454323530197
2004-06-30,policy_uncertainty,2004-05-20,-26,0.020707260817289352
2004-06-30,policy_uncertainty,2004-05-21,-25,0.02030501328408718
2004-06-30,policy_uncertainty,2004-05-24,-24,0.017862392589449883
2004-06-30,policy_uncertainty,2004-05-25,-23,0.02209680899977684
2004-06-30,policy_uncertainty,2004-05-26,-22,0.02434810996055603
2004-06-30,policy_uncertainty,2004-05-27,-21,0.02522575482726097
2004-06-30,policy_uncertainty,2004-05-28,-20,0.02729109115898609
2004-06-30,policy_uncertainty,2004-06-01,-19,0.030767221003770828
2004-06-30,policy_uncertainty,2004-06-02,-18,0.029523346573114395
2004-06-30,policy_uncertainty,2004-06-03,-17,0.030102305114269257
2004-06-30,policy_uncertainty,2004-06-04,-16,0.03416230529546738
2004-06-30,policy_uncertainty,2004-06-07,-15,0.027909696102142334
2004-06-30,policy_uncertainty,2004-06-08,-14,0.028288574889302254
2004-06-30,policy_uncertainty,2004-06-09,-13,0.023203520104289055
2004-06-30,policy_uncertainty,2004-06-10,-12,0.026537103578448296
2004-06-30,policy_uncertainty,2004-06-14,-11,0.02727656438946724
2004-06-30,policy_uncertainty,2004-06-15,-10,0.021021459251642227
2004-06-30,policy_uncertainty,2004-06-16,-9,0.034311652183532715
2004-06-30,policy_uncertainty,2004-06-17,-8,0.022683752700686455
2004-06-30,policy_uncertainty,2004-06-18,-7,0.024242248386144638
2004-06-30,policy_uncertainty,2004-06-21,-6,0.01974056288599968
2004-06-30,policy_uncertainty,2004-06-22,-5,0.028730174526572227
2004-06-30,policy_uncertainty,2004-06-23,-4,0.028745483607053757
2004-06-30,policy_uncertainty,2004-06-24,-3,0.026699654757976532
2004-06-30,policy_uncertainty,2004-06-25,-2,0.0332583449780941
2004-06-30,policy_uncertainty,2004-06-28,-1,0.031516700983047485
2004-06-30,policy_uncertainty,2004-06-29,0,0.025834163650870323
2004-06-30,forward_guidance_strength,2004-05-05,-37,0.02466050535440445
2004-06-30,forward_guidance_strength,2004-05-06,-36,0.02776452898979187
2004-06-30,forward_guidance_strength,2004-05-07,-35,0.026890862733125687
2004-06-30,forward_guidance_strength,2004-05-10,-34,0.029476789757609367
2004-06-30,forward_guidance_strength,2004-05-11,-33,0.02577643096446991
2004-06-30,forward_guidance_strength,2004-05-12,-32,0.02796516939997673
2004-06-30,forward_guidance_strength,2004-05-13,-31,0.026541832834482193
2004-06-30,forward_guidance_strength,2004-05-14,-30,0.025257956236600876
2004-06-30,forward_guidance_strength,2004-05-17,-29,0.017673155292868614
2004-06-30,forward_guidance_strength,2004-05-18,-28,0.019892141222953796
2004-06-30,forward_guidance_strength,2004-05-19,-27,0.022324668243527412
2004-06-30,forward_guidance_strength,2004-05-20,-26,0.0253286249935627
2004-06-30,forward_guidance_strength,2004-05-21,-25,0.024414777755737305
2004-06-30,forward_guidance_strength,2004-05-24,-24,0.030896732583642006
2004-06-30,forward_guidance_strength,2004-05-25,-23,0.027577009052038193
2004-06-30,forward_guidance_strength,2004-05-26,-22,0.024456223472952843
2004-06-30,forward_guidance_strength,2004-05-27,-21,0.024558672681450844
2004-06-30,forward_guidance_strength,2004-05-28,-20,0.024400964379310608
2004-06-30,forward_guidance_strength,2004-06-01,-19,0.025982938706874847
2004-06-30,forward_guidance_strength,2004-06-02,-18,0.025360550731420517
2004-06-30,forward_guidance_strength,2004-06-03,-17,0.02618308924138546
2004-06-30,forward_guidance_strength,2004-06-04,-16,0.024226050823926926
2004-06-30,forward_guidance_strength,2004-06-07,-15,0.029166962951421738
2004-06-30,forward_guidance_strength,2004-06-08,-14,0.026550963521003723
2004-06-30,forward_guidance_strength,2004-06-09,-13,0.029891865327954292
2004-06-30,forward_guidance_strength,2004-06-10,-12,0.02910575084388256
2004-06-30,forward_guidance_strength,2004-06-14,-11,0.025488898158073425
2004-06-30,forward_guidance_strength,2004-06-15,-10,0.03122422844171524
2004-06-30,forward_guidance_strength,2004-06-16,-9,0.022219335660338402
2004-06-30,forward_guidance_strength,2004-06-17,-8,0.02973175421357155
2004-06-30,forward_guidance_strength,2004-06-18,-7,0.025702351704239845
2004-06-30,forward_guidance_strength,2004-06-21,-6,0.029139239341020584
2004-06-30,forward_guidance_strength,2004-06-22,-5,0.023902740329504013
2004-06-30,forward_guidance_strength,2004-06-23,-4,0.02743055671453476
2004-06-30,forward_guidance_strength,2004-06-24,-3,0.02806074358522892
2004-06-30,forward_guidance_strength,2004-06-25,-2,0.027037452906370163
2004-06-30,forward_guidance_strength,2004-06-28,-1,0.02419409714639187
2004-06-30,forward_guidance_strength,2004-06-29,0,0.03354335203766823
2004-08-10,rate_decision,2004-07-01,-26,0.03464914485812187
2004-08-10,rate_decision,2004-07-02,-25,0.03202631697058678
2004-08-10,rate_decision,2004-07-06,-24,0.03517015650868416
2004-08-10,rate_decision,2004-07-07,-23,0.03439406678080559
2004-08-10,rate_decision,2004-07-08,-22,0.03500039875507355
2004-08-10,rate_decision,2004-07-09,-21,0.03517133742570877
2004-08-10,rate_decision,2004-07-12,-20,0.0358249694108963
2004-08-10,rate_decision,2004-07-13,-19,0.03476539999246597
2004-08-10,rate_decision,2004-07-14,-18,0.030614804476499557
2004-08-10,rate_decision,2004-07-15,-17,0.03523125872015953
2004-08-10,rate_decision,2004-07-16,-16,0.037680044770240784
2004-08-10,rate_decision,2004-07-19,-15,0.043660033494234085
2004-08-10,rate_decision,2004-07-20,-14,0.04284747317433357
2004-08-10,rate_decision,2004-07-21,-13,0.04496147856116295
2004-08-10,rate_decision,2004-07-22,-12,0.04378468915820122
2004-08-10,rate_decision,2004-07-23,-11,0.045362140983343124
2004-08-10,rate_decision,2004-07-26,-10,0.045878175646066666
2004-08-10,rate_decision,2004-07-27,-9,0.036097969859838486
2004-08-10,rate_decision,2004-07-28,-8,0.035713080316782
2004-08-10,rate_decision,2004-07-29,-7,0.03437963128089905
2004-08-10,rate_decision,2004-07-30,-6,0.034373000264167786
2004-08-10,rate_decision,2004-08-02,-5,0.03268019109964371
2004-08-10,rate_decision,2004-08-03,-4,0.033118121325969696
2004-08-10,rate_decision,2004-08-04,-3,0.03437884524464607
2004-08-10,rate_decision,2004-08-05,-2,0.037090856581926346
2004-08-10,rate_decision,2004-08-06,-1,0.035604313015937805
2004-08-10,rate_decision,2004-08-09,0,0.03954209387302399
2004-08-10,current_policy_stance,2004-07-01,-26,0.03140382841229439
2004-08-10,current_policy_stance,2004-07-02,-25,0.02928747609257698
2004-08-10,current_policy_stance,2004-07-06,-24,0.029422689229249954
2004-08-10,current_policy_stance,2004-07-07,-23,0.03222145885229111
2004-08-10,current_policy_stance,2004-07-08,-22,0.03605935722589493
2004-08-10,current_policy_stance,2004-07-09,-21,0.03562508523464203
2004-08-10,current_policy_stance,2004-07-12,-20,0.03671504929661751
2004-08-10,current_policy_stance,2004-07-13,-19,0.03654806315898895
2004-08-10,current_policy_stance,2004-07-14,-18,0.03204186260700226
2004-08-10,current_policy_stance,2004-07-15,-17,0.03551304712891579
2004-08-10,current_policy_stance,2004-07-16,-16,0.03603214770555496
2004-08-10,current_policy_stance,2004-07-19,-15,0.04490505903959274
2004-08-10,current_policy_stance,2004-07-20,-14,0.04694428667426109
2004-08-10,current_policy_stance,2004-07-21,-13,0.04854942113161087
2004-08-10,current_policy_stance,2004-07-22,-12,0.04210188239812851
2004-08-10,current_policy_stance,2004-07-23,-11,0.04322481527924538
2004-08-10,current_policy_stance,2004-07-26,-10,0.050361789762973785
2004-08-10,current_policy_stance,2004-07-27,-9,0.04605693742632866
2004-08-10,current_policy_stance,2004-07-28,-8,0.0347074493765831
2004-08-10,current_policy_stance,2004-07-29,-7,0.034521933645009995
2004-08-10,current_policy_stance,2004-07-30,-6,0.0329236201941967
2004-08-10,current_policy_stance,2004-08-02,-5,0.033864736557006836
2004-08-10,current_policy_stance,2004-08-03,-4,0.02765793725848198
2004-08-10,current_policy_stance,2004-08-04,-3,0.031828850507736206
2004-08-10,current_policy_stance,2004-08-05,-2,0.03540106117725372
2004-08-10,current_policy_stance,2004-08-06,-1,0.03706520423293114
2004-08-10,current_policy_stance,2004-08-09,0,0.03901493921875954
2004-08-10,policy_stance_shift,2004-07-01,-26,0.03686652332544327
2004-08-10,policy_stance_shift,2004-07-02,-25,0.034035488963127136
2004-08-10,policy_stance_shift,2004-07-06,-24,0.03133925795555115
2004-08-10,policy_stance_shift,2004-07-07,-23,0.033853113651275635
2004-08-10,policy_stance_shift,2004-07-08,-22,0.03576904907822609
2004-08-10,policy_stance_shift,2004-07-09,-21,0.03608714044094086
2004-08-10,policy_stance_shift,2004-07-12,-20,0.03638432174921036
2004-08-10,policy_stance_shift,2004-07-13,-19,0.03561902046203613
2004-08-10,policy_stance_shift,2004-07-14,-18,0.034118570387363434
2004-08-10,policy_stance_shift,2004-07-15,-17,0.03752509132027626
2004-08-10,policy_stance_shift,2004-07-16,-16,0.037564825266599655
2004-08-10,policy_stance_shift,2004-07-19,-15,0.038140326738357544
2004-08-10,policy_stance_shift,2004-07-20,-14,0.03931547701358795
2004-08-10,policy_stance_shift,2004-07-21,-13,0.04006323218345642
2004-08-10,policy_stance_shift,2004-07-22,-12,0.03833945840597153
2004-08-10,policy_stance_shift,2004-07-23,-11,0.0402812734246254
2004-08-10,policy_stance_shift,2004-07-26,-10,0.042271848767995834
2004-08-10,policy_stance_shift,2004-07-27,-9,0.04389052093029022
2004-08-10,policy_stance_shift,2004-07-28,-8,0.038501109927892685
2004-08-10,policy_stance_shift,2004-07-29,-7,0.038524165749549866
2004-08-10,policy_stance_shift,2004-07-30,-6,0.03725912794470787
2004-08-10,policy_stance_shift,2004-08-02,-5,0.035996418446302414
2004-08-10,policy_stance_shift,2004-08-03,-4,0.03390911966562271
2004-08-10,policy_stance_shift,2004-08-04,-3,0.03497321158647537
2004-08-10,policy_stance_shift,2004-08-05,-2,0.03644314035773277
2004-08-10,policy_stance_shift,2004-08-06,-1,0.03849395737051964
2004-08-10,policy_stance_shift,2004-08-09,0,0.03443518280982971
2004-08-10,expected_rate_path_shift,2004-07-01,-26,0.028598692268133163
2004-08-10,expected_rate_path_shift,2004-07-02,-25,0.028895044699311256
2004-08-10,expected_rate_path_shift,2004-07-06,-24,0.03223295882344246
2004-08-10,expected_rate_path_shift,2004-07-07,-23,0.033858608454465866
2004-08-10,expected_rate_path_shift,2004-07-08,-22,0.03865490481257439
2004-08-10,expected_rate_path_shift,2004-07-09,-21,0.03755345940589905
2004-08-10,expected_rate_path_shift,2004-07-12,-20,0.04003181308507919
2004-08-10,expected_rate_path_shift,2004-07-13,-19,0.038267575204372406
2004-08-10,expected_rate_path_shift,2004-07-14,-18,0.031729795038700104
2004-08-10,expected_rate_path_shift,2004-07-15,-17,0.03468756377696991
2004-08-10,expected_rate_path_shift,2004-07-16,-16,0.034915126860141754
2004-08-10,expected_rate_path_shift,2004-07-19,-15,0.05093969404697418
2004-08-10,expected_rate_path_shift,2004-07-20,-14,0.05098191276192665
2004-08-10,expected_rate_path_shift,2004-07-21,-13,0.049196962267160416
2004-08-10,expected_rate_path_shift,2004-07-22,-12,0.04150261729955673
2004-08-10,expected_rate_path_shift,2004-07-23,-11,0.04325791820883751
2004-08-10,expected_rate_path_shift,2004-07-26,-10,0.048075154423713684
2004-08-10,expected_rate_path_shift,2004-07-27,-9,0.03864968195557594
2004-08-10,expected_rate_path_shift,2004-07-28,-8,0.029612988233566284
2004-08-10,expected_rate_path_shift,2004-07-29,-7,0.030665654689073563
2004-08-10,expected_rate_path_shift,2004-07-30,-6,0.029388580471277237
2004-08-10,expected_rate_path_shift,2004-08-02,-5,0.033166125416755676
2004-08-10,expected_rate_path_shift,2004-08-03,-4,0.02593185007572174
2004-08-10,expected_rate_path_shift,2004-08-04,-3,0.032536283135414124
2004-08-10,expected_rate_path_shift,2004-08-05,-2,0.03559710085391998
2004-08-10,expected_rate_path_shift,2004-08-06,-1,0.03512387350201607
2004-08-10,expected_rate_path_shift,2004-08-09,0,0.04594806209206581
2004-08-10,inflation_assessment_shift,2004-07-01,-26,0.02840796485543251
2004-08-10,inflation_assessment_shift,2004-07-02,-25,0.029409240931272507
2004-08-10,inflation_assessment_shift,2004-07-06,-24,0.03254556655883789
2004-08-10,inflation_assessment_shift,2004-07-07,-23,0.03397015482187271
2004-08-10,inflation_assessment_shift,2004-07-08,-22,0.038224659860134125
2004-08-10,inflation_assessment_shift,2004-07-09,-21,0.03670818358659744
2004-08-10,inflation_assessment_shift,2004-07-12,-20,0.039903052151203156
2004-08-10,inflation_assessment_shift,2004-07-13,-19,0.038378503173589706
2004-08-10,inflation_assessment_shift,2004-07-14,-18,0.031919363886117935
2004-08-10,inflation_assessment_shift,2004-07-15,-17,0.03482337296009064
2004-08-10,inflation_assessment_shift,2004-07-16,-16,0.03505789861083031
2004-08-10,inflation_assessment_shift,2004-07-19,-15,0.051752135157585144
2004-08-10,inflation_assessment_shift,2004-07-20,-14,0.05182519555091858
2004-08-10,inflation_assessment_shift,2004-07-21,-13,0.04844710975885391
2004-08-10,inflation_assessment_shift,2004-07-22,-12,0.04110308364033699
2004-08-10,inflation_assessment_shift,2004-07-23,-11,0.04254959523677826
2004-08-10,inflation_assessment_shift,2004-07-26,-10,0.0475393570959568
2004-08-10,inflation_assessment_shift,2004-07-27,-9,0.03813538700342178
2004-08-10,inflation_assessment_shift,2004-07-28,-8,0.029315270483493805
2004-08-10,inflation_assessment_shift,2004-07-29,-7,0.030379988253116608
2004-08-10,inflation_assessment_shift,2004-07-30,-6,0.029239781200885773
2004-08-10,inflation_assessment_shift,2004-08-02,-5,0.033929042518138885
2004-08-10,inflation_assessment_shift,2004-08-03,-4,0.026090290397405624
2004-08-10,inflation_assessment_shift,2004-08-04,-3,0.03284488245844841
2004-08-10,inflation_assessment_shift,2004-08-05,-2,0.03555509075522423
2004-08-10,inflation_assessment_shift,2004-08-06,-1,0.034548286348581314
2004-08-10,inflation_assessment_shift,2004-08-09,0,0.04739756137132645
2004-08-10,inflation_risk_shift,2004-07-01,-26,0.029058443382382393
2004-08-10,inflation_risk_shift,2004-07-02,-25,0.029085353016853333
2004-08-10,inflation_risk_shift,2004-07-06,-24,0.03257644549012184
2004-08-10,inflation_risk_shift,2004-07-07,-23,0.03436006233096123
2004-08-10,inflation_risk_shift,2004-07-08,-22,0.03842044621706009
2004-08-10,inflation_risk_shift,2004-07-09,-21,0.03703776001930237
2004-08-10,inflation_risk_shift,2004-07-12,-20,0.038666434586048126
2004-08-10,inflation_risk_shift,2004-07-13,-19,0.0372270867228508
2004-08-10,inflation_risk_shift,2004-07-14,-18,0.03222868591547012
2004-08-10,inflation_risk_shift,2004-07-15,-17,0.035256825387477875
2004-08-10,inflation_risk_shift,2004-07-16,-16,0.034857407212257385
2004-08-10,inflation_risk_shift,2004-07-19,-15,0.04980836436152458
2004-08-10,inflation_risk_shift,2004-07-20,-14,0.0511227548122406
2004-08-10,inflation_risk_shift,2004-07-21,-13,0.05029813572764397
2004-08-10,inflation_risk_shift,2004-07-22,-12,0.04074036329984665
2004-08-10,inflation_risk_shift,2004-07-23,-11,0.04298345744609833
2004-08-10,inflation_risk_shift,2004-07-26,-10,0.04809379205107689
2004-08-10,inflation_risk_shift,2004-07-27,-9,0.03946290165185928
2004-08-10,inflation_risk_shift,2004-07-28,-8,0.029712077230215073
2004-08-10,inflation_risk_shift,2004-07-29,-7,0.030928073450922966
2004-08-10,inflation_risk_shift,2004-07-30,-6,0.029563233256340027
2004-08-10,inflation_risk_shift,2004-08-02,-5,0.03354942053556442
2004-08-10,inflation_risk_shift,2004-08-03,-4,0.025519561022520065
2004-08-10,inflation_risk_shift,2004-08-04,-3,0.0325469933450222
2004-08-10,inflation_risk_shift,2004-08-05,-2,0.03651150315999985
2004-08-10,inflation_risk_shift,2004-08-06,-1,0.03498726338148117
2004-08-10,inflation_risk_shift,2004-08-09,0,0.04539719596505165
2004-08-10,unemployment_assessment_shift,2004-07-01,-26,0.02846626564860344
2004-08-10,unemployment_assessment_shift,2004-07-02,-25,0.029267964884638786
2004-08-10,unemployment_assessment_shift,2004-07-06,-24,0.03260824456810951
2004-08-10,unemployment_assessment_shift,2004-07-07,-23,0.034382015466690063
2004-08-10,unemployment_assessment_shift,2004-07-08,-22,0.0386025570333004
2004-08-10,unemployment_assessment_shift,2004-07-09,-21,0.03716543689370155
2004-08-10,unemployment_assessment_shift,2004-07-12,-20,0.039967745542526245
2004-08-10,unemployment_assessment_shift,2004-07-13,-19,0.03841838985681534
2004-08-10,unemployment_assessment_shift,2004-07-14,-18,0.03204908221960068
2004-08-10,unemployment_assessment_shift,2004-07-15,-17,0.035175494849681854
2004-08-10,unemployment_assessment_shift,2004-07-16,-16,0.03494081646203995
2004-08-10,unemployment_assessment_shift,2004-07-19,-15,0.0512344092130661
2004-08-10,unemployment_assessment_shift,2004-07-20,-14,0.051765166223049164
2004-08-10,unemployment_assessment_shift,2004-07-21,-13,0.049265652894973755
2004-08-10,unemployment_assessment_shift,2004-07-22,-12,0.040961332619190216
2004-08-10,unemployment_assessment_shift,2004-07-23,-11,0.04252975061535835
2004-08-10,unemployment_assessment_shift,2004-07-26,-10,0.047152623534202576
2004-08-10,unemployment_assessment_shift,2004-07-27,-9,0.038180939853191376
2004-08-10,unemployment_assessment_shift,2004-07-28,-8,0.02904086373746395
2004-08-10,unemployment_assessment_shift,2004-07-29,-7,0.030263751745224
2004-08-10,unemployment_assessment_shift,2004-07-30,-6,0.029042690992355347
2004-08-10,unemployment_assessment_shift,2004-08-02,-5,0.033755816519260406
2004-08-10,unemployment_assessment_shift,2004-08-03,-4,0.02561892196536064
2004-08-10,unemployment_assessment_shift,2004-08-04,-3,0.03269042447209358
2004-08-10,unemployment_assessment_shift,2004-08-05,-2,0.035862989723682404
2004-08-10,unemployment_assessment_shift,2004-08-06,-1,0.034606173634529114
2004-08-10,unemployment_assessment_shift,2004-08-09,0,0.04698444530367851
2004-08-10,labor_market_risk_shift,2004-07-01,-26,0.028268547728657722
2004-08-10,labor_market_risk_shift,2004-07-02,-25,0.029131799936294556
2004-08-10,labor_market_risk_shift,2004-07-06,-24,0.03244716301560402
2004-08-10,labor_market_risk_shift,2004-07-07,-23,0.034230880439281464
2004-08-10,labor_market_risk_shift,2004-07-08,-22,0.03860778734087944
2004-08-10,labor_market_risk_shift,2004-07-09,-21,0.036971308290958405
2004-08-10,labor_market_risk_shift,2004-07-12,-20,0.03937782347202301
2004-08-10,labor_market_risk_shift,2004-07-13,-19,0.0379200354218483
2004-08-10,labor_market_risk_shift,2004-07-14,-18,0.03201540187001228
2004-08-10,labor_market_risk_shift,2004-07-15,-17,0.035035885870456696
2004-08-10,labor_market_risk_shift,2004-07-16,-16,0.03508678078651428
2004-08-10,labor_market_risk_shift,2004-07-19,-15,0.05177655816078186
2004-08-10,labor_market_risk_shift,2004-07-20,-14,0.05201038718223572
2004-08-10,labor_market_risk_shift,2004-07-21,-13,0.049750376492738724
2004-08-10,labor_market_risk_shift,2004-07-22,-12,0.04128921031951904
2004-08-10,labor_market_risk_shift,2004-07-23,-11,0.043389566242694855
2004-08-10,labor_market_risk_shift,2004-07-26,-10,0.04811561852693558
2004-08-10,labor_market_risk_shift,2004-07-27,-9,0.03837542235851288
2004-08-10,labor_market_risk_shift,2004-07-28,-8,0.029153142124414444
2004-08-10,labor_market_risk_shift,2004-07-29,-7,0.03021840751171112
2004-08-10,labor_market_risk_shift,2004-07-30,-6,0.029069900512695312
2004-08-10,labor_market_risk_shift,2004-08-02,-5,0.03337912634015083
2004-08-10,labor_market_risk_shift,2004-08-03,-4,0.025689003989100456
2004-08-10,labor_market_risk_shift,2004-08-04,-3,0.03223877772688866
2004-08-10,labor_market_risk_shift,2004-08-05,-2,0.03559093549847603
2004-08-10,labor_market_risk_shift,2004-08-06,-1,0.034491218626499176
2004-08-10,labor_market_risk_shift,2004-08-09,0,0.04636896029114723
2004-08-10,growth_activity_shift,2004-07-01,-26,0.02839154750108719
2004-08-10,growth_activity_shift,2004-07-02,-25,0.0289682038128376
2004-08-10,growth_activity_shift,2004-07-06,-24,0.03195078670978546
2004-08-10,growth_activity_shift,2004-07-07,-23,0.033836398273706436
2004-08-10,growth_activity_shift,2004-07-08,-22,0.03821428865194321
2004-08-10,growth_activity_shift,2004-07-09,-21,0.03652457147836685
2004-08-10,growth_activity_shift,2004-07-12,-20,0.038971707224845886
2004-08-10,growth_activity_shift,2004-07-13,-19,0.03768644481897354
2004-08-10,growth_activity_shift,2004-07-14,-18,0.032209545373916626
2004-08-10,growth_activity_shift,2004-07-15,-17,0.03519517183303833
2004-08-10,growth_activity_shift,2004-07-16,-16,0.03520035371184349
2004-08-10,growth_activity_shift,2004-07-19,-15,0.05062159523367882
2004-08-10,growth_activity_shift,2004-07-20,-14,0.05125752463936806
2004-08-10,growth_activity_shift,2004-07-21,-13,0.04983130469918251
2004-08-10,growth_activity_shift,2004-07-22,-12,0.04158732295036316
2004-08-10,growth_activity_shift,2004-07-23,-11,0.04315663501620293
2004-08-10,growth_activity_shift,2004-07-26,-10,0.04836641624569893
2004-08-10,growth_activity_shift,2004-07-27,-9,0.03911738842725754
2004-08-10,growth_activity_shift,2004-07-28,-8,0.02966664917767048
2004-08-10,growth_activity_shift,2004-07-29,-7,0.030765146017074585
2004-08-10,growth_activity_shift,2004-07-30,-6,0.02962886542081833
2004-08-10,growth_activity_shift,2004-08-02,-5,0.03380961716175079
2004-08-10,growth_activity_shift,2004-08-03,-4,0.025692863389849663
2004-08-10,growth_activity_shift,2004-08-04,-3,0.032530251890420914
2004-08-10,growth_activity_shift,2004-08-05,-2,0.03574122488498688
2004-08-10,growth_activity_shift,2004-08-06,-1,0.03474448248744011
2004-08-10,growth_activity_shift,2004-08-09,0,0.046333663165569305
2004-08-10,financial_conditions_shift,2004-07-01,-26,0.028472673147916794
2004-08-10,financial_conditions_shift,2004-07-02,-25,0.0293012373149395
2004-08-10,financial_conditions_shift,2004-07-06,-24,0.032441042363643646
2004-08-10,financial_conditions_shift,2004-07-07,-23,0.034410156309604645
2004-08-10,financial_conditions_shift,2004-07-08,-22,0.03872260823845863
2004-08-10,financial_conditions_shift,2004-07-09,-21,0.036844074726104736
2004-08-10,financial_conditions_shift,2004-07-12,-20,0.03971283882856369
2004-08-10,financial_conditions_shift,2004-07-13,-19,0.03808094188570976
2004-08-10,financial_conditions_shift,2004-07-14,-18,0.0321008674800396
2004-08-10,financial_conditions_shift,2004-07-15,-17,0.03497329354286194
2004-08-10,financial_conditions_shift,2004-07-16,-16,0.03495164215564728
2004-08-10,financial_conditions_shift,2004-07-19,-15,0.050763245671987534
2004-08-10,financial_conditions_shift,2004-07-20,-14,0.0510251447558403
2004-08-10,financial_conditions_shift,2004-07-21,-13,0.04933010786771774
2004-08-10,financial_conditions_shift,2004-07-22,-12,0.04097333177924156
2004-08-10,financial_conditions_shift,2004-07-23,-11,0.04265337437391281
2004-08-10,financial_conditions_shift,2004-07-26,-10,0.04727339744567871
2004-08-10,financial_conditions_shift,2004-07-27,-9,0.03835777938365936
2004-08-10,financial_conditions_shift,2004-07-28,-8,0.029261549934744835
2004-08-10,financial_conditions_shift,2004-07-29,-7,0.030382759869098663
2004-08-10,financial_conditions_shift,2004-07-30,-6,0.02930193953216076
2004-08-10,financial_conditions_shift,2004-08-02,-5,0.03384567052125931
2004-08-10,financial_conditions_shift,2004-08-03,-4,0.02576412446796894
2004-08-10,financial_conditions_shift,2004-08-04,-3,0.03271826356649399
2004-08-10,financial_conditions_shift,2004-08-05,-2,0.035968977957963943
2004-08-10,financial_conditions_shift,2004-08-06,-1,0.034982677549123764
2004-08-10,financial_conditions_shift,2004-08-09,0,0.04738623648881912
2004-08-10,risk_balance_shift,2004-07-01,-26,0.029672538861632347
2004-08-10,risk_balance_shift,2004-07-02,-25,0.028208352625370026
2004-08-10,risk_balance_shift,2004-07-06,-24,0.0288307536393404
2004-08-10,risk_balance_shift,2004-07-07,-23,0.03182673826813698
2004-08-10,risk_balance_shift,2004-07-08,-22,0.03604291006922722
2004-08-10,risk_balance_shift,2004-07-09,-21,0.03500591218471527
2004-08-10,risk_balance_shift,2004-07-12,-20,0.03696775808930397
2004-08-10,risk_balance_shift,2004-07-13,-19,0.036612845957279205
2004-08-10,risk_balance_shift,2004-07-14,-18,0.03141169250011444
2004-08-10,risk_balance_shift,2004-07-15,-17,0.03534689173102379
2004-08-10,risk_balance_shift,2004-07-16,-16,0.036839429289102554
2004-08-10,risk_balance_shift,2004-07-19,-15,0.04839349538087845
2004-08-10,risk_balance_shift,2004-07-20,-14,0.049201495945453644
2004-08-10,risk_balance_shift,2004-07-21,-13,0.05095280706882477
2004-08-10,risk_balance_shift,2004-07-22,-12,0.04383248835802078
2004-08-10,risk_balance_shift,2004-07-23,-11,0.04614798724651337
2004-08-10,risk_balance_shift,2004-07-26,-10,0.05229327455163002
2004-08-10,risk_balance_shift,2004-07-27,-9,0.04435286670923233
2004-08-10,risk_balance_shift,2004-07-28,-8,0.03292490541934967
2004-08-10,risk_balance_shift,2004-07-29,-7,0.03352531045675278
2004-08-10,risk_balance_shift,2004-07-30,-6,0.03191620856523514
2004-08-10,risk_balance_shift,2004-08-02,-5,0.03308303654193878
2004-08-10,risk_balance_shift,2004-08-03,-4,0.02587207220494747
2004-08-10,risk_balance_shift,2004-08-04,-3,0.030691849067807198
2004-08-10,risk_balance_shift,2004-08-05,-2,0.034630224108695984
2004-08-10,risk_balance_shift,2004-08-06,-1,0.03627106919884682
2004-08-10,risk_balance_shift,2004-08-09,0,0.0391450971364975
2004-08-10,committee_dispersion,2004-07-01,-26,0.038840532302856445
2004-08-10,committee_dispersion,2004-07-02,-25,0.03606152534484863
2004-08-10,committee_dispersion,2004-07-06,-24,0.03227555751800537
2004-08-10,committee_dispersion,2004-07-07,-23,0.034175995737314224
2004-08-10,committee_dispersion,2004-07-08,-22,0.03453880548477173
2004-08-10,committee_dispersion,2004-07-09,-21,0.03444618359208107
2004-08-10,committee_dispersion,2004-07-12,-20,0.03463319316506386
2004-08-10,committee_dispersion,2004-07-13,-19,0.03467196971178055
2004-08-10,committee_dispersion,2004-07-14,-18,0.03613748401403427
2004-08-10,committee_dispersion,2004-07-15,-17,0.03766022250056267
2004-08-10,committee_dispersion,2004-07-16,-16,0.03771810233592987
2004-08-10,committee_dispersion,2004-07-19,-15,0.035265132784843445
2004-08-10,committee_dispersion,2004-07-20,-14,0.03673143684864044
2004-08-10,committee_dispersion,2004-07-21,-13,0.03742137551307678
2004-08-10,committee_dispersion,2004-07-22,-12,0.036802586168050766
2004-08-10,committee_dispersion,2004-07-23,-11,0.0386379174888134
2004-08-10,committee_dispersion,2004-07-26,-10,0.039963074028491974
2004-08-10,committee_dispersion,2004-07-27,-9,0.04392320662736893
2004-08-10,committee_dispersion,2004-07-28,-8,0.03994300588965416
2004-08-10,committee_dispersion,2004-07-29,-7,0.03961772471666336
2004-08-10,committee_dispersion,2004-07-30,-6,0.03855550289154053
2004-08-10,committee_dispersion,2004-08-02,-5,0.03719890117645264
2004-08-10,committee_dispersion,2004-08-03,-4,0.03716593235731125
2004-08-10,committee_dispersion,2004-08-04,-3,0.03733102232217789
2004-08-10,committee_dispersion,2004-08-05,-2,0.037237294018268585
2004-08-10,committee_dispersion,2004-08-06,-1,0.03979437053203583
2004-08-10,committee_dispersion,2004-08-09,0,0.033251941204071045
2004-08-10,policy_uncertainty,2004-07-01,-26,0.03701239451766014
2004-08-10,policy_uncertainty,2004-07-02,-25,0.033524829894304276
2004-08-10,policy_uncertainty,2004-07-06,-24,0.03160019963979721
2004-08-10,policy_uncertainty,2004-07-07,-23,0.033499665558338165
2004-08-10,policy_uncertainty,2004-07-08,-22,0.034953273832798004
2004-08-10,policy_uncertainty,2004-07-09,-21,0.03499390929937363
2004-08-10,policy_uncertainty,2004-07-12,-20,0.03455694392323494
2004-08-10,policy_uncertainty,2004-07-13,-19,0.03435643017292023
2004-08-10,policy_uncertainty,2004-07-14,-18,0.034761298447847366
2004-08-10,policy_uncertainty,2004-07-15,-17,0.038046885281801224
2004-08-10,policy_uncertainty,2004-07-16,-16,0.03823735564947128
2004-08-10,policy_uncertainty,2004-07-19,-15,0.0378001406788826
2004-08-10,policy_uncertainty,2004-07-20,-14,0.03980560600757599
2004-08-10,policy_uncertainty,2004-07-21,-13,0.041776977479457855
2004-08-10,policy_uncertainty,2004-07-22,-12,0.039219193160533905
2004-08-10,policy_uncertainty,2004-07-23,-11,0.042125120759010315
2004-08-10,policy_uncertainty,2004-07-26,-10,0.04376409202814102
2004-08-10,policy_uncertainty,2004-07-27,-9,0.04459691792726517
2004-08-10,policy_uncertainty,2004-07-28,-8,0.0380498543381691
2004-08-10,policy_uncertainty,2004-07-29,-7,0.03827088326215744
2004-08-10,policy_uncertainty,2004-07-30,-6,0.037115056067705154
2004-08-10,policy_uncertainty,2004-08-02,-5,0.035773295909166336
2004-08-10,policy_uncertainty,2004-08-03,-4,0.03306940570473671
2004-08-10,policy_uncertainty,2004-08-04,-3,0.034589026123285294
2004-08-10,policy_uncertainty,2004-08-05,-2,0.03704996407032013
2004-08-10,policy_uncertainty,2004-08-06,-1,0.03810213506221771
2004-08-10,policy_uncertainty,2004-08-09,0,0.033349134027957916
2004-08-10,forward_guidance_strength,2004-07-01,-26,0.04106255993247032
2004-08-10,forward_guidance_strength,2004-07-02,-25,0.037658970803022385
2004-08-10,forward_guidance_strength,2004-07-06,-24,0.032887205481529236
2004-08-10,forward_guidance_strength,2004-07-07,-23,0.03528468683362007
2004-08-10,forward_guidance_strength,2004-07-08,-22,0.03489716351032257
2004-08-10,forward_guidance_strength,2004-07-09,-21,0.03502204269170761
2004-08-10,forward_guidance_strength,2004-07-12,-20,0.03455404192209244
2004-08-10,forward_guidance_strength,2004-07-13,-19,0.034162767231464386
2004-08-10,forward_guidance_strength,2004-07-14,-18,0.03671237826347351
2004-08-10,forward_guidance_strength,2004-07-15,-17,0.03845947980880737
2004-08-10,forward_guidance_strength,2004-07-16,-16,0.03889147937297821
2004-08-10,forward_guidance_strength,2004-07-19,-15,0.031517237424850464
2004-08-10,forward_guidance_strength,2004-07-20,-14,0.03288678079843521
2004-08-10,forward_guidance_strength,2004-07-21,-13,0.0358419232070446
2004-08-10,forward_guidance_strength,2004-07-22,-12,0.0369199775159359
2004-08-10,forward_guidance_strength,2004-07-23,-11,0.03810936212539673
2004-08-10,forward_guidance_strength,2004-07-26,-10,0.037144728004932404
2004-08-10,forward_guidance_strength,2004-07-27,-9,0.042264293879270554
2004-08-10,forward_guidance_strength,2004-07-28,-8,0.04305049777030945
2004-08-10,forward_guidance_strength,2004-07-29,-7,0.04119691252708435
2004-08-10,forward_guidance_strength,2004-07-30,-6,0.04118838906288147
2004-08-10,forward_guidance_strength,2004-08-02,-5,0.036960311233997345
2004-08-10,forward_guidance_strength,2004-08-03,-4,0.03985287621617317
2004-08-10,forward_guidance_strength,2004-08-04,-3,0.036618709564208984
2004-08-10,forward_guidance_strength,2004-08-05,-2,0.03621693700551987
2004-08-10,forward_guidance_strength,2004-08-06,-1,0.039871785789728165
2004-08-10,forward_guidance_strength,2004-08-09,0,0.030766509473323822
2004-09-21,rate_decision,2004-08-11,-27,0.029300495982170105
2004-09-21,rate_decision,2004-08-12,-26,0.027140147984027863
2004-09-21,rate_decision,2004-08-13,-25,0.03316926583647728
2004-09-21,rate_decision,2004-08-16,-24,0.03591376543045044
2004-09-21,rate_decision,2004-08-17,-23,0.033737849444150925
2004-09-21,rate_decision,2004-08-18,-22,0.0351373627781868
2004-09-21,rate_decision,2004-08-19,-21,0.04293418303132057
2004-09-21,rate_decision,2004-08-20,-20,0.04642406478524208
2004-09-21,rate_decision,2004-08-23,-19,0.04464000090956688
2004-09-21,rate_decision,2004-08-24,-18,0.04226498678326607
2004-09-21,rate_decision,2004-08-25,-17,0.03337077796459198
2004-09-21,rate_decision,2004-08-26,-16,0.031372152268886566
2004-09-21,rate_decision,2004-08-27,-15,0.02976313605904579
2004-09-21,rate_decision,2004-08-30,-14,0.0366525873541832
2004-09-21,rate_decision,2004-08-31,-13,0.03707677125930786
2004-09-21,rate_decision,2004-09-01,-12,0.038385018706321716
2004-09-21,rate_decision,2004-09-02,-11,0.03789752721786499
2004-09-21,rate_decision,2004-09-03,-10,0.03460199385881424
2004-09-21,rate_decision,2004-09-07,-9,0.034792497754096985
2004-09-21,rate_decision,2004-09-08,-8,0.03313731029629707
2004-09-21,rate_decision,2004-09-09,-7,0.032821640372276306
2004-09-21,rate_decision,2004-09-10,-6,0.03310107812285423
2004-09-21,rate_decision,2004-09-13,-5,0.036600153893232346
2004-09-21,rate_decision,2004-09-14,-4,0.03337770327925682
2004-09-21,rate_decision,2004-09-15,-3,0.0346125029027462
2004-09-21,rate_decision,2004-09-16,-2,0.0331835076212883
2004-09-21,rate_decision,2004-09-17,-1,0.0358409658074379
2004-09-21,rate_decision,2004-09-20,0,0.042750511318445206
2004-09-21,current_policy_stance,2004-08-11,-27,0.03360382840037346
2004-09-21,current_policy_stance,2004-08-12,-26,0.032749585807323456
2004-09-21,current_policy_stance,2004-08-13,-25,0.038258764892816544
2004-09-21,current_policy_stance,2004-08-16,-24,0.034972671419382095
2004-09-21,current_policy_stance,2004-08-17,-23,0.040576864033937454
2004-09-21,current_policy_stance,2004-08-18,-22,0.03457106649875641
2004-09-21,current_policy_stance,2004-08-19,-21,0.040386807173490524
2004-09-21,current_policy_stance,2004-08-20,-20,0.0355658084154129
2004-09-21,current_policy_stance,2004-08-23,-19,0.03944459930062294
2004-09-21,current_policy_stance,2004-08-24,-18,0.04194397106766701
2004-09-21,current_policy_stance,2004-08-25,-17,0.03707996755838394
2004-09-21,current_policy_stance,2004-08-26,-16,0.03632243722677231
2004-09-21,current_policy_stance,2004-08-27,-15,0.03402791917324066
2004-09-21,current_policy_stance,2004-08-30,-14,0.037006597965955734
2004-09-21,current_policy_stance,2004-08-31,-13,0.032641686499118805
2004-09-21,current_policy_stance,2004-09-01,-12,0.030732979997992516
2004-09-21,current_policy_stance,2004-09-02,-11,0.037241045385599136
2004-09-21,current_policy_stance,2004-09-03,-10,0.03823305293917656
2004-09-21,current_policy_stance,2004-09-07,-9,0.03999989107251167
2004-09-21,current_policy_stance,2004-09-08,-8,0.035519570112228394
2004-09-21,current_policy_stance,2004-09-09,-7,0.03621663898229599
2004-09-21,current_policy_stance,2004-09-10,-6,0.035204093903303146
2004-09-21,current_policy_stance,2004-09-13,-5,0.03183902055025101
2004-09-21,current_policy_stance,2004-09-14,-4,0.03194447606801987
2004-09-21,current_policy_stance,2004-09-15,-3,0.03164028748869896
2004-09-21,current_policy_stance,2004-09-16,-2,0.0371299609541893
2004-09-21,current_policy_stance,2004-09-17,-1,0.029083171859383583
2004-09-21,current_policy_stance,2004-09-20,0,0.03606324642896652
2004-09-21,policy_stance_shift,2004-08-11,-27,0.03233569860458374
2004-09-21,policy_stance_shift,2004-08-12,-26,0.030212566256523132
2004-09-21,policy_stance_shift,2004-08-13,-25,0.03870357945561409
2004-09-21,policy_stance_shift,2004-08-16,-24,0.03565379977226257
2004-09-21,policy_stance_shift,2004-08-17,-23,0.04012896120548248
2004-09-21,policy_stance_shift,2004-08-18,-22,0.036668092012405396
2004-09-21,policy_stance_shift,2004-08-19,-21,0.040920961648225784
2004-09-21,policy_stance_shift,2004-08-20,-20,0.03819204494357109
2004-09-21,policy_stance_shift,2004-08-23,-19,0.04060709476470947
2004-09-21,policy_stance_shift,2004-08-24,-18,0.04258965700864792
2004-09-21,policy_stance_shift,2004-08-25,-17,0.036738310009241104
2004-09-21,policy_stance_shift,2004-08-26,-16,0.03481840342283249
2004-09-21,policy_stance_shift,2004-08-27,-15,0.034613944590091705
2004-09-21,policy_stance_shift,2004-08-30,-14,0.037434399127960205
2004-09-21,policy_stance_shift,2004-08-31,-13,0.03435913845896721
2004-09-21,policy_stance_shift,2004-09-01,-12,0.03208821639418602
2004-09-21,policy_stance_shift,2004-09-02,-11,0.03730138763785362
2004-09-21,policy_stance_shift,2004-09-03,-10,0.03788398951292038
2004-09-21,policy_stance_shift,2004-09-07,-9,0.03748052939772606
2004-09-21,policy_stance_shift,2004-09-08,-8,0.03410731256008148
2004-09-21,policy_stance_shift,2004-09-09,-7,0.0357065424323082
2004-09-21,policy_stance_shift,2004-09-10,-6,0.03453442081809044
2004-09-21,policy_stance_shift,2004-09-13,-5,0.03173651918768883
2004-09-21,policy_stance_shift,2004-09-14,-4,0.03266304358839989
2004-09-21,policy_stance_shift,2004-09-15,-3,0.032015860080718994
2004-09-21,policy_stance_shift,2004-09-16,-2,0.0345270000398159
2004-09-21,policy_stance_shift,2004-09-17,-1,0.03165576606988907
2004-09-21,policy_stance_shift,2004-09-20,0,0.034322768449783325
2004-09-21,expected_rate_path_shift,2004-08-11,-27,0.030572079122066498
2004-09-21,expected_rate_path_shift,2004-08-12,-26,0.024906937032938004
2004-09-21,expected_rate_path_shift,2004-08-13,-25,0.034305036067962646
2004-09-21,expected_rate_path_shift,2004-08-16,-24,0.03709522634744644
2004-09-21,expected_rate_path_shift,2004-08-17,-23,0.03841164708137512
2004-09-21,expected_rate_path_shift,2004-08-18,-22,0.040185071527957916
2004-09-21,expected_rate_path_shift,2004-08-19,-21,0.04264194890856743
2004-09-21,expected_rate_path_shift,2004-08-20,-20,0.0438540056347847
2004-09-21,expected_rate_path_shift,2004-08-23,-19,0.042960211634635925
2004-09-21,expected_rate_path_shift,2004-08-24,-18,0.04152945429086685
2004-09-21,expected_rate_path_shift,2004-08-25,-17,0.03400950878858566
2004-09-21,expected_rate_path_shift,2004-08-26,-16,0.030016347765922546
2004-09-21,expected_rate_path_shift,2004-08-27,-15,0.03144282102584839
2004-09-21,expected_rate_path_shift,2004-08-30,-14,0.036544013768434525
2004-09-21,expected_rate_path_shift,2004-08-31,-13,0.03854679688811302
2004-09-21,expected_rate_path_shift,2004-09-01,-12,0.03818706423044205
2004-09-21,expected_rate_path_shift,2004-09-02,-11,0.03957017883658409
2004-09-21,expected_rate_path_shift,2004-09-03,-10,0.038098521530628204
2004-09-21,expected_rate_path_shift,2004-09-07,-9,0.03161344304680824
2004-09-21,expected_rate_path_shift,2004-09-08,-8,0.03089515119791031
2004-09-21,expected_rate_path_shift,2004-09-09,-7,0.034784719347953796
2004-09-21,expected_rate_path_shift,2004-09-10,-6,0.03438931703567505
2004-09-21,expected_rate_path_shift,2004-09-13,-5,0.0335857979953289
2004-09-21,expected_rate_path_shift,2004-09-14,-4,0.035434842109680176
2004-09-21,expected_rate_path_shift,2004-09-15,-3,0.0333896242082119
2004-09-21,expected_rate_path_shift,2004-09-16,-2,0.030801016837358475
2004-09-21,expected_rate_path_shift,2004-09-17,-1,0.03856484219431877
2004-09-21,expected_rate_path_shift,2004-09-20,0,0.033664364367723465
2004-09-21,inflation_assessment_shift,2004-08-11,-27,0.027414310723543167
2004-09-21,inflation_assessment_shift,2004-08-12,-26,0.0226525217294693
2004-09-21,inflation_assessment_shift,2004-08-13,-25,0.03246040642261505
2004-09-21,inflation_assessment_shift,2004-08-16,-24,0.03606145828962326
2004-09-21,inflation_assessment_shift,2004-08-17,-23,0.036225154995918274
2004-09-21,inflation_assessment_shift,2004-08-18,-22,0.03765718266367912
2004-09-21,inflation_assessment_shift,2004-08-19,-21,0.042174093425273895
2004-09-21,inflation_assessment_shift,2004-08-20,-20,0.04181074723601341
2004-09-21,inflation_assessment_shift,2004-08-23,-19,0.04307544231414795
2004-09-21,inflation_assessment_shift,2004-08-24,-18,0.041974280029535294
2004-09-21,inflation_assessment_shift,2004-08-25,-17,0.035623930394649506
2004-09-21,inflation_assessment_shift,2004-08-26,-16,0.030670473352074623
2004-09-21,inflation_assessment_shift,2004-08-27,-15,0.032016269862651825
2004-09-21,inflation_assessment_shift,2004-08-30,-14,0.03755772486329079
2004-09-21,inflation_assessment_shift,2004-08-31,-13,0.03924914821982384
2004-09-21,inflation_assessment_shift,2004-09-01,-12,0.03782755136489868
2004-09-21,inflation_assessment_shift,2004-09-02,-11,0.03995903953909874
2004-09-21,inflation_assessment_shift,2004-09-03,-10,0.04154207557439804
2004-09-21,inflation_assessment_shift,2004-09-07,-9,0.03305322304368019
2004-09-21,inflation_assessment_shift,2004-09-08,-8,0.031449079513549805
2004-09-21,inflation_assessment_shift,2004-09-09,-7,0.03633476793766022
2004-09-21,inflation_assessment_shift,2004-09-10,-6,0.03615240007638931
2004-09-21,inflation_assessment_shift,2004-09-13,-5,0.03447854518890381
2004-09-21,inflation_assessment_shift,2004-09-14,-4,0.03578614816069603
2004-09-21,inflation_assessment_shift,2004-09-15,-3,0.03421865403652191
2004-09-21,inflation_assessment_shift,2004-09-16,-2,0.029264627024531364
2004-09-21,inflation_assessment_shift,2004-09-17,-1,0.040430471301078796
2004-09-21,inflation_assessment_shift,2004-09-20,0,0.032880283892154694
2004-09-21,inflation_risk_shift,2004-08-11,-27,0.03054237924516201
2004-09-21,inflation_risk_shift,2004-08-12,-26,0.02438824065029621
2004-09-21,inflation_risk_shift,2004-08-13,-25,0.03380022197961807
2004-09-21,inflation_risk_shift,2004-08-16,-24,0.03723395615816116
2004-09-21,inflation_risk_shift,2004-08-17,-23,0.03839386999607086
2004-09-21,inflation_risk_shift,2004-08-18,-22,0.04073034226894379
2004-09-21,inflation_risk_shift,2004-08-19,-21,0.04309036582708359
2004-09-21,inflation_risk_shift,2004-08-20,-20,0.04359035938978195
2004-09-21,inflation_risk_shift,2004-08-23,-19,0.042559634894132614
2004-09-21,inflation_risk_shift,2004-08-24,-18,0.04106048494577408
2004-09-21,inflation_risk_shift,2004-08-25,-17,0.034548744559288025
2004-09-21,inflation_risk_shift,2004-08-26,-16,0.029343917965888977
2004-09-21,inflation_risk_shift,2004-08-27,-15,0.031897932291030884
2004-09-21,inflation_risk_shift,2004-08-30,-14,0.0375303253531456
2004-09-21,inflation_risk_shift,2004-08-31,-13,0.04054076224565506
2004-09-21,inflation_risk_shift,2004-09-01,-12,0.039177052676677704
2004-09-21,inflation_risk_shift,2004-09-02,-11,0.03917800635099411
2004-09-21,inflation_risk_shift,2004-09-03,-10,0.03928780183196068
2004-09-21,inflation_risk_shift,2004-09-07,-9,0.030231833457946777
2004-09-21,inflation_risk_shift,2004-09-08,-8,0.028850549831986427
2004-09-21,inflation_risk_shift,2004-09-09,-7,0.033703677356243134
2004-09-21,inflation_risk_shift,2004-09-10,-6,0.03378588333725929
2004-09-21,inflation_risk_shift,2004-09-13,-5,0.033153507858514786
2004-09-21,inflation_risk_shift,2004-09-14,-4,0.035162195563316345
2004-09-21,inflation_risk_shift,2004-09-15,-3,0.03425557166337967
2004-09-21,inflation_risk_shift,2004-09-16,-2,0.028095442801713943
2004-09-21,inflation_risk_shift,2004-09-17,-1,0.04326247796416283
2004-09-21,inflation_risk_shift,2004-09-20,0,0.03260445594787598
2004-09-21,unemployment_assessment_shift,2004-08-11,-27,0.03467479720711708
2004-09-21,unemployment_assessment_shift,2004-08-12,-26,0.03545580804347992
2004-09-21,unemployment_assessment_shift,2004-08-13,-25,0.04058044031262398
2004-09-21,unemployment_assessment_shift,2004-08-16,-24,0.03494028374552727
2004-09-21,unemployment_assessment_shift,2004-08-17,-23,0.041111357510089874
2004-09-21,unemployment_assessment_shift,2004-08-18,-22,0.0351153127849102
2004-09-21,unemployment_assessment_shift,2004-08-19,-21,0.038964174687862396
2004-09-21,unemployment_assessment_shift,2004-08-20,-20,0.034796200692653656
2004-09-21,unemployment_assessment_shift,2004-08-23,-19,0.03871697559952736
2004-09-21,unemployment_assessment_shift,2004-08-24,-18,0.04131823033094406
2004-09-21,unemployment_assessment_shift,2004-08-25,-17,0.03798689693212509
2004-09-21,unemployment_assessment_shift,2004-08-26,-16,0.037505388259887695
2004-09-21,unemployment_assessment_shift,2004-08-27,-15,0.03606818988919258
2004-09-21,unemployment_assessment_shift,2004-08-30,-14,0.037635840475559235
2004-09-21,unemployment_assessment_shift,2004-08-31,-13,0.032362036406993866
2004-09-21,unemployment_assessment_shift,2004-09-01,-12,0.02936406619846821
2004-09-21,unemployment_assessment_shift,2004-09-02,-11,0.035173047333955765
2004-09-21,unemployment_assessment_shift,2004-09-03,-10,0.037077754735946655
2004-09-21,unemployment_assessment_shift,2004-09-07,-9,0.04089611768722534
2004-09-21,unemployment_assessment_shift,2004-09-08,-8,0.03566281497478485
2004-09-21,unemployment_assessment_shift,2004-09-09,-7,0.035770729184150696
2004-09-21,unemployment_assessment_shift,2004-09-10,-6,0.0350164957344532
2004-09-21,unemployment_assessment_shift,2004-09-13,-5,0.03132101520895958
2004-09-21,unemployment_assessment_shift,2004-09-14,-4,0.031229166314005852
2004-09-21,unemployment_assessment_shift,2004-09-15,-3,0.030826540663838387
2004-09-21,unemployment_assessment_shift,2004-09-16,-2,0.03648902848362923
2004-09-21,unemployment_assessment_shift,2004-09-17,-1,0.028471767902374268
2004-09-21,unemployment_assessment_shift,2004-09-20,0,0.03546948730945587
2004-09-21,labor_market_risk_shift,2004-08-11,-27,0.02961932122707367
2004-09-21,labor_market_risk_shift,2004-08-12,-26,0.023066893219947815
2004-09-21,labor_market_risk_shift,2004-08-13,-25,0.030997535213828087
2004-09-21,labor_market_risk_shift,2004-08-16,-24,0.03726637363433838
2004-09-21,labor_market_risk_shift,2004-08-17,-23,0.03547486290335655
2004-09-21,labor_market_risk_shift,2004-08-18,-22,0.03998013585805893
2004-09-21,labor_market_risk_shift,2004-08-19,-21,0.04172910749912262
2004-09-21,labor_market_risk_shift,2004-08-20,-20,0.04534531384706497
2004-09-21,labor_market_risk_shift,2004-08-23,-19,0.04218536615371704
2004-09-21,labor_market_risk_shift,2004-08-24,-18,0.03856658190488815
2004-09-21,labor_market_risk_shift,2004-08-25,-17,0.03362409025430679
2004-09-21,labor_market_risk_shift,2004-08-26,-16,0.027693986892700195
2004-09-21,labor_market_risk_shift,2004-08-27,-15,0.03056708537042141
2004-09-21,labor_market_risk_shift,2004-08-30,-14,0.03629244491457939
2004-09-21,labor_market_risk_shift,2004-08-31,-13,0.0424790121614933
2004-09-21,labor_market_risk_shift,2004-09-01,-12,0.0439787320792675
2004-09-21,labor_market_risk_shift,2004-09-02,-11,0.03999270498752594
2004-09-21,labor_market_risk_shift,2004-09-03,-10,0.03851786628365517
2004-09-21,labor_market_risk_shift,2004-09-07,-9,0.029007278382778168
2004-09-21,labor_market_risk_shift,2004-09-08,-8,0.028773533180356026
2004-09-21,labor_market_risk_shift,2004-09-09,-7,0.0330762080848217
2004-09-21,labor_market_risk_shift,2004-09-10,-6,0.0339694544672966
2004-09-21,labor_market_risk_shift,2004-09-13,-5,0.03533918783068657
2004-09-21,labor_market_risk_shift,2004-09-14,-4,0.03743312507867813
2004-09-21,labor_market_risk_shift,2004-09-15,-3,0.03728130832314491
2004-09-21,labor_market_risk_shift,2004-09-16,-2,0.027448801323771477
2004-09-21,labor_market_risk_shift,2004-09-17,-1,0.047622885555028915
2004-09-21,labor_market_risk_shift,2004-09-20,0,0.03267080709338188
2004-09-21,growth_activity_shift,2004-08-11,-27,0.03509965166449547
2004-09-21,growth_activity_shift,2004-08-12,-26,0.03491766005754471
2004-09-21,growth_activity_shift,2004-08-13,-25,0.039449889212846756
2004-09-21,growth_activity_shift,2004-08-16,-24,0.03439747914671898
2004-09-21,growth_activity_shift,2004-08-17,-23,0.041384220123291016
2004-09-21,growth_activity_shift,2004-08-18,-22,0.03506723791360855
2004-09-21,growth_activity_shift,2004-08-19,-21,0.03866725042462349
2004-09-21,growth_activity_shift,2004-08-20,-20,0.03392985835671425
2004-09-21,growth_activity_shift,2004-08-23,-19,0.037526972591876984
2004-09-21,growth_activity_shift,2004-08-24,-18,0.04115503281354904
2004-09-21,growth_activity_shift,2004-08-25,-17,0.03742602467536926
2004-09-21,growth_activity_shift,2004-08-26,-16,0.03775516524910927
2004-09-21,growth_activity_shift,2004-08-27,-15,0.035481102764606476
2004-09-21,growth_activity_shift,2004-08-30,-14,0.03767091780900955
2004-09-21,growth_activity_shift,2004-08-31,-13,0.032336875796318054
2004-09-21,growth_activity_shift,2004-09-01,-12,0.0288449265062809
2004-09-21,growth_activity_shift,2004-09-02,-11,0.035298530012369156
2004-09-21,growth_activity_shift,2004-09-03,-10,0.03716712072491646
2004-09-21,growth_activity_shift,2004-09-07,-9,0.04134868085384369
2004-09-21,growth_activity_shift,2004-09-08,-8,0.03648547828197479
2004-09-21,growth_activity_shift,2004-09-09,-7,0.03663228824734688
2004-09-21,growth_activity_shift,2004-09-10,-6,0.03572845831513405
2004-09-21,growth_activity_shift,2004-09-13,-5,0.03211851045489311
2004-09-21,growth_activity_shift,2004-09-14,-4,0.03166564553976059
2004-09-21,growth_activity_shift,2004-09-15,-3,0.030961422249674797
2004-09-21,growth_activity_shift,2004-09-16,-2,0.03822321444749832
2004-09-21,growth_activity_shift,2004-09-17,-1,0.02784697338938713
2004-09-21,growth_activity_shift,2004-09-20,0,0.035413410514593124
2004-09-21,financial_conditions_shift,2004-08-11,-27,0.030997322872281075
2004-09-21,financial_conditions_shift,2004-08-12,-26,0.023982804268598557
2004-09-21,financial_conditions_shift,2004-08-13,-25,0.03125328570604324
2004-09-21,financial_conditions_shift,2004-08-16,-24,0.03782052919268608
2004-09-21,financial_conditions_shift,2004-08-17,-23,0.03609456866979599
2004-09-21,financial_conditions_shift,2004-08-18,-22,0.04089862108230591
2004-09-21,financial_conditions_shift,2004-08-19,-21,0.04094264283776283
2004-09-21,financial_conditions_shift,2004-08-20,-20,0.04487801343202591
2004-09-21,financial_conditions_shift,2004-08-23,-19,0.04091829061508179
2004-09-21,financial_conditions_shift,2004-08-24,-18,0.03787168860435486
2004-09-21,financial_conditions_shift,2004-08-25,-17,0.03331105038523674
2004-09-21,financial_conditions_shift,2004-08-26,-16,0.027310490608215332
2004-09-21,financial_conditions_shift,2004-08-27,-15,0.03045116364955902
2004-09-21,financial_conditions_shift,2004-08-30,-14,0.0357092022895813
2004-09-21,financial_conditions_shift,2004-08-31,-13,0.04236448183655739
2004-09-21,financial_conditions_shift,2004-09-01,-12,0.043668217957019806
2004-09-21,financial_conditions_shift,2004-09-02,-11,0.039178624749183655
2004-09-21,financial_conditions_shift,2004-09-03,-10,0.03857463598251343
2004-09-21,financial_conditions_shift,2004-09-07,-9,0.028521137312054634
2004-09-21,financial_conditions_shift,2004-09-08,-8,0.028827304020524025
2004-09-21,financial_conditions_shift,2004-09-09,-7,0.03305685520172119
2004-09-21,financial_conditions_shift,2004-09-10,-6,0.03414583206176758
2004-09-21,financial_conditions_shift,2004-09-13,-5,0.035187143832445145
2004-09-21,financial_conditions_shift,2004-09-14,-4,0.037782832980155945
2004-09-21,financial_conditions_shift,2004-09-15,-3,0.03788923844695091
2004-09-21,financial_conditions_shift,2004-09-16,-2,0.027339063584804535
2004-09-21,financial_conditions_shift,2004-09-17,-1,0.04916510730981827
2004-09-21,financial_conditions_shift,2004-09-20,0,0.03185984119772911
2004-09-21,risk_balance_shift,2004-08-11,-27,0.028423059731721878
2004-09-21,risk_balance_shift,2004-08-12,-26,0.02255380153656006
2004-09-21,risk_balance_shift,2004-08-13,-25,0.032321132719516754
2004-09-21,risk_balance_shift,2004-08-16,-24,0.036104656755924225
2004-09-21,risk_balance_shift,2004-08-17,-23,0.03744294121861458
2004-09-21,risk_balance_shift,2004-08-18,-22,0.03914192318916321
2004-09-21,risk_balance_shift,2004-08-19,-21,0.043119654059410095
2004-09-21,risk_balance_shift,2004-08-20,-20,0.043641746044158936
2004-09-21,risk_balance_shift,2004-08-23,-19,0.04367845505475998
2004-09-21,risk_balance_shift,2004-08-24,-18,0.04213976860046387
2004-09-21,risk_balance_shift,2004-08-25,-17,0.03484683483839035
2004-09-21,risk_balance_shift,2004-08-26,-16,0.02970650978386402
2004-09-21,risk_balance_shift,2004-08-27,-15,0.03038555011153221
2004-09-21,risk_balance_shift,2004-08-30,-14,0.036746323108673096
2004-09-21,risk_balance_shift,2004-08-31,-13,0.03952299803495407
2004-09-21,risk_balance_shift,2004-09-01,-12,0.0386228933930397
2004-09-21,risk_balance_shift,2004-09-02,-11,0.039851099252700806
2004-09-21,risk_balance_shift,2004-09-03,-10,0.04018788039684296
2004-09-21,risk_balance_shift,2004-09-07,-9,0.032444678246974945
2004-09-21,risk_balance_shift,2004-09-08,-8,0.0311262309551239
2004-09-21,risk_balance_shift,2004-09-09,-7,0.03562097251415253
2004-09-21,risk_balance_shift,2004-09-10,-6,0.035286664962768555
2004-09-21,risk_balance_shift,2004-09-13,-5,0.03407653048634529
2004-09-21,risk_balance_shift,2004-09-14,-4,0.035339415073394775
2004-09-21,risk_balance_shift,2004-09-15,-3,0.03345874324440956
2004-09-21,risk_balance_shift,2004-09-16,-2,0.02944527007639408
2004-09-21,risk_balance_shift,2004-09-17,-1,0.04063306748867035
2004-09-21,risk_balance_shift,2004-09-20,0,0.034131165593862534
2004-09-21,committee_dispersion,2004-08-11,-27,0.03162568062543869
2004-09-21,committee_dispersion,2004-08-12,-26,0.02434820681810379
2004-09-21,committee_dispersion,2004-08-13,-25,0.03176527097821236
2004-09-21,committee_dispersion,2004-08-16,-24,0.03840823844075203
2004-09-21,committee_dispersion,2004-08-17,-23,0.036964599043130875
2004-09-21,committee_dispersion,2004-08-18,-22,0.04105281084775925
2004-09-21,committee_dispersion,2004-08-19,-21,0.040805719792842865
2004-09-21,committee_dispersion,2004-08-20,-20,0.04318249598145485
2004-09-21,committee_dispersion,2004-08-23,-19,0.040382638573646545
2004-09-21,committee_dispersion,2004-08-24,-18,0.03778567537665367
2004-09-21,committee_dispersion,2004-08-25,-17,0.0333135649561882
2004-09-21,committee_dispersion,2004-08-26,-16,0.02803891897201538
2004-09-21,committee_dispersion,2004-08-27,-15,0.03126101195812225
2004-09-21,committee_dispersion,2004-08-30,-14,0.03623245656490326
2004-09-21,committee_dispersion,2004-08-31,-13,0.041941024363040924
2004-09-21,committee_dispersion,2004-09-01,-12,0.04269327223300934
2004-09-21,committee_dispersion,2004-09-02,-11,0.039487190544605255
2004-09-21,committee_dispersion,2004-09-03,-10,0.038059089332818985
2004-09-21,committee_dispersion,2004-09-07,-9,0.028387906029820442
2004-09-21,committee_dispersion,2004-09-08,-8,0.02888147346675396
2004-09-21,committee_dispersion,2004-09-09,-7,0.0330813005566597
2004-09-21,committee_dispersion,2004-09-10,-6,0.033581916242837906
2004-09-21,committee_dispersion,2004-09-13,-5,0.03529726341366768
2004-09-21,committee_dispersion,2004-09-14,-4,0.03823068365454674
2004-09-21,committee_dispersion,2004-09-15,-3,0.03709026053547859
2004-09-21,committee_dispersion,2004-09-16,-2,0.028712766245007515
2004-09-21,committee_dispersion,2004-09-17,-1,0.04792967438697815
2004-09-21,committee_dispersion,2004-09-20,0,0.03145889192819595
2004-09-21,policy_uncertainty,2004-08-11,-27,0.03117424249649048
2004-09-21,policy_uncertainty,2004-08-12,-26,0.02407582476735115
2004-09-21,policy_uncertainty,2004-08-13,-25,0.031232135370373726
2004-09-21,policy_uncertainty,2004-08-16,-24,0.03808458894491196
2004-09-21,policy_uncertainty,2004-08-17,-23,0.03533714637160301
2004-09-21,policy_uncertainty,2004-08-18,-22,0.04045673832297325
2004-09-21,policy_uncertainty,2004-08-19,-21,0.04057204723358154
2004-09-21,policy_uncertainty,2004-08-20,-20,0.04457617923617363
2004-09-21,policy_uncertainty,2004-08-23,-19,0.041198451071977615
2004-09-21,policy_uncertainty,2004-08-24,-18,0.03720247745513916
2004-09-21,policy_uncertainty,2004-08-25,-17,0.033405352383852005
2004-09-21,policy_uncertainty,2004-08-26,-16,0.027458809316158295
2004-09-21,policy_uncertainty,2004-08-27,-15,0.030670776963233948
2004-09-21,policy_uncertainty,2004-08-30,-14,0.035685859620571136
2004-09-21,policy_uncertainty,2004-08-31,-13,0.042760930955410004
2004-09-21,policy_uncertainty,2004-09-01,-12,0.04457515478134155
2004-09-21,policy_uncertainty,2004-09-02,-11,0.039532579481601715
2004-09-21,policy_uncertainty,2004-09-03,-10,0.03777037188410759
2004-09-21,policy_uncertainty,2004-09-07,-9,0.028308231383562088
2004-09-21,policy_uncertainty,2004-09-08,-8,0.028856728225946426
2004-09-21,policy_uncertainty,2004-09-09,-7,0.03280358016490936
2004-09-21,policy_uncertainty,2004-09-10,-6,0.0338137149810791
2004-09-21,policy_uncertainty,2004-09-13,-5,0.03579098358750343
2004-09-21,policy_uncertainty,2004-09-14,-4,0.03777109086513519
2004-09-21,policy_uncertainty,2004-09-15,-3,0.03778943791985512
2004-09-21,policy_uncertainty,2004-09-16,-2,0.027696076780557632
2004-09-21,policy_uncertainty,2004-09-17,-1,0.04860039800405502
2004-09-21,policy_uncertainty,2004-09-20,0,0.0328001044690609
2004-09-21,forward_guidance_strength,2004-08-11,-27,0.03225573152303696
2004-09-21,forward_guidance_strength,2004-08-12,-26,0.02957979030907154
2004-09-21,forward_guidance_strength,2004-08-13,-25,0.037343986332416534
2004-09-21,forward_guidance_strength,2004-08-16,-24,0.034766677767038345
2004-09-21,forward_guidance_strength,2004-08-17,-23,0.04123135656118393
2004-09-21,forward_guidance_strength,2004-08-18,-22,0.036187730729579926
2004-09-21,forward_guidance_strength,2004-08-19,-21,0.04116746038198471
2004-09-21,forward_guidance_strength,2004-08-20,-20,0.037424374371767044
2004-09-21,forward_guidance_strength,2004-08-23,-19,0.03989076241850853
2004-09-21,forward_guidance_strength,2004-08-24,-18,0.0428815521299839
2004-09-21,forward_guidance_strength,2004-08-25,-17,0.03693206235766411
2004-09-21,forward_guidance_strength,2004-08-26,-16,0.03564443439245224
2004-09-21,forward_guidance_strength,2004-08-27,-15,0.03457993268966675
2004-09-21,forward_guidance_strength,2004-08-30,-14,0.038526520133018494
2004-09-21,forward_guidance_strength,2004-08-31,-13,0.03461635485291481
2004-09-21,forward_guidance_strength,2004-09-01,-12,0.031266793608665466
2004-09-21,forward_guidance_strength,2004-09-02,-11,0.03662210702896118
2004-09-21,forward_guidance_strength,2004-09-03,-10,0.038474492728710175
2004-09-21,forward_guidance_strength,2004-09-07,-9,0.0389816015958786
2004-09-21,forward_guidance_strength,2004-09-08,-8,0.034292083233594894
2004-09-21,forward_guidance_strength,2004-09-09,-7,0.03559068590402603
2004-09-21,forward_guidance_strength,2004-09-10,-6,0.034913480281829834
2004-09-21,forward_guidance_strength,2004-09-13,-5,0.03237126022577286
2004-09-21,forward_guidance_strength,2004-09-14,-4,0.03166956827044487
2004-09-21,forward_guidance_strength,2004-09-15,-3,0.03136592358350754
2004-09-21,forward_guidance_strength,2004-09-16,-2,0.035202544182538986
2004-09-21,forward_guidance_strength,2004-09-17,-1,0.030351081863045692
2004-09-21,forward_guidance_strength,2004-09-20,0,0.03586965054273605
2004-11-10,rate_decision,2004-09-22,-33,0.023569803684949875
2004-11-10,rate_decision,2004-09-23,-32,0.02726130001246929
2004-11-10,rate_decision,2004-09-24,-31,0.028867730870842934
2004-11-10,rate_decision,2004-09-27,-30,0.033889517188072205
2004-11-10,rate_decision,2004-09-28,-29,0.03271482139825821
2004-11-10,rate_decision,2004-09-29,-28,0.032144345343112946
2004-11-10,rate_decision,2004-09-30,-27,0.0339568667113781
2004-11-10,rate_decision,2004-10-01,-26,0.030733950436115265
2004-11-10,rate_decision,2004-10-04,-25,0.030522141605615616
2004-11-10,rate_decision,2004-10-05,-24,0.02772463858127594
2004-11-10,rate_decision,2004-10-06,-23,0.026832986623048782
2004-11-10,rate_decision,2004-10-07,-22,0.026560135185718536
2004-11-10,rate_decision,2004-10-08,-21,0.026457801461219788
2004-11-10,rate_decision,2004-10-12,-20,0.026749204844236374
2004-11-10,rate_decision,2004-10-13,-19,0.025517629459500313
2004-11-10,rate_decision,2004-10-14,-18,0.024177610874176025
2004-11-10,rate_decision,2004-10-15,-17,0.025342950597405434
2004-11-10,rate_decision,2004-10-18,-16,0.024203836917877197
2004-11-10,rate_decision,2004-10-19,-15,0.026263343170285225
2004-11-10,rate_decision,2004-10-20,-14,0.026747016236186028
2004-11-10,rate_decision,2004-10-21,-13,0.028108980506658554
2004-11-10,rate_decision,2004-10-22,-12,0.029356883838772774
2004-11-10,rate_decision,2004-10-25,-11,0.034317322075366974
2004-11-10,rate_decision,2004-10-26,-10,0.03250950202345848
2004-11-10,rate_decision,2004-10-27,-9,0.03102935664355755
2004-11-10,rate_decision,2004-10-28,-8,0.031212687492370605
2004-11-10,rate_decision,2004-10-29,-7,0.031781990081071854
2004-11-10,rate_decision,2004-11-01,-6,0.03233134746551514
2004-11-10,rate_decision,2004-11-02,-5,0.03312641382217407
2004-11-10,rate_decision,2004-11-03,-4,0.03655712679028511
2004-11-10,rate_decision,2004-11-04,-3,0.0336015485227108
2004-11-10,rate_decision,2004-11-05,-2,0.03207448869943619
2004-11-10,rate_decision,2004-11-08,-1,0.028399739414453506
2004-11-10,rate_decision,2004-11-09,0,0.025354977697134018
2004-11-10,current_policy_stance,2004-09-22,-33,0.031640999019145966
2004-11-10,current_policy_stance,2004-09-23,-32,0.02883996069431305
2004-11-10,current_policy_stance,2004-09-24,-31,0.032046787440776825
2004-11-10,current_policy_stance,2004-09-27,-30,0.029993202537298203
2004-11-10,current_policy_stance,2004-09-28,-29,0.029353830963373184
2004-11-10,current_policy_stance,2004-09-29,-28,0.02882760390639305
2004-11-10,current_policy_stance,2004-09-30,-27,0.030360598117113113
2004-11-10,current_policy_stance,2004-10-01,-26,0.029443904757499695
2004-11-10,current_policy_stance,2004-10-04,-25,0.02973824180662632
2004-11-10,current_policy_stance,2004-10-05,-24,0.029739223420619965
2004-11-10,current_policy_stance,2004-10-06,-23,0.029720298945903778
2004-11-10,current_policy_stance,2004-10-07,-22,0.029020296409726143
2004-11-10,current_policy_stance,2004-10-08,-21,0.02776075340807438
2004-11-10,current_policy_stance,2004-10-12,-20,0.026683898642659187
2004-11-10,current_policy_stance,2004-10-13,-19,0.02651234343647957
2004-11-10,current_policy_stance,2004-10-14,-18,0.026141293346881866
2004-11-10,current_policy_stance,2004-10-15,-17,0.026973295956850052
2004-11-10,current_policy_stance,2004-10-18,-16,0.027074167504906654
2004-11-10,current_policy_stance,2004-10-19,-15,0.029895413666963577
2004-11-10,current_policy_stance,2004-10-20,-14,0.03173205256462097
2004-11-10,current_policy_stance,2004-10-21,-13,0.027969500049948692
2004-11-10,current_policy_stance,2004-10-22,-12,0.02928815595805645
2004-11-10,current_policy_stance,2004-10-25,-11,0.028926771134138107
2004-11-10,current_policy_stance,2004-10-26,-10,0.030455918982625008
2004-11-10,current_policy_stance,2004-10-27,-9,0.02966070920228958
2004-11-10,current_policy_stance,2004-10-28,-8,0.032248061150312424
2004-11-10,current_policy_stance,2004-10-29,-7,0.02834678813815117
2004-11-10,current_policy_stance,2004-11-01,-6,0.029354970902204514
2004-11-10,current_policy_stance,2004-11-02,-5,0.030273154377937317
2004-11-10,current_policy_stance,2004-11-03,-4,0.02757890708744526
2004-11-10,current_policy_stance,2004-11-04,-3,0.02992565557360649
2004-11-10,current_policy_stance,2004-11-05,-2,0.032528623938560486
2004-11-10,current_policy_stance,2004-11-08,-1,0.034266646951436996
2004-11-10,current_policy_stance,2004-11-09,0,0.02767801471054554
2004-11-10,policy_stance_shift,2004-09-22,-33,0.029169347137212753
2004-11-10,policy_stance_shift,2004-09-23,-32,0.029822221025824547
2004-11-10,policy_stance_shift,2004-09-24,-31,0.03263900429010391
2004-11-10,policy_stance_shift,2004-09-27,-30,0.03145933896303177
2004-11-10,policy_stance_shift,2004-09-28,-29,0.029909800738096237
2004-11-10,policy_stance_shift,2004-09-29,-28,0.030516354367136955
2004-11-10,policy_stance_shift,2004-09-30,-27,0.030231259763240814
2004-11-10,policy_stance_shift,2004-10-01,-26,0.029478181153535843
2004-11-10,policy_stance_shift,2004-10-04,-25,0.028628461062908173
2004-11-10,policy_stance_shift,2004-10-05,-24,0.027728911489248276
2004-11-10,policy_stance_shift,2004-10-06,-23,0.02796602062880993
2004-11-10,policy_stance_shift,2004-10-07,-22,0.02673840895295143
2004-11-10,policy_stance_shift,2004-10-08,-21,0.024568848311901093
2004-11-10,policy_stance_shift,2004-10-12,-20,0.026956290006637573
2004-11-10,policy_stance_shift,2004-10-13,-19,0.026325885206460953
2004-11-10,policy_stance_shift,2004-10-14,-18,0.02549656480550766
2004-11-10,policy_stance_shift,2004-10-15,-17,0.026944000273942947
2004-11-10,policy_stance_shift,2004-10-18,-16,0.027508942410349846
2004-11-10,policy_stance_shift,2004-10-19,-15,0.030715450644493103
2004-11-10,policy_stance_shift,2004-10-20,-14,0.03077526204288006
2004-11-10,policy_stance_shift,2004-10-21,-13,0.03095919080078602
2004-11-10,policy_stance_shift,2004-10-22,-12,0.030899474397301674
2004-11-10,policy_stance_shift,2004-10-25,-11,0.030582062900066376
2004-11-10,policy_stance_shift,2004-10-26,-10,0.030427973717451096
2004-11-10,policy_stance_shift,2004-10-27,-9,0.03244857117533684
2004-11-10,policy_stance_shift,2004-10-28,-8,0.02988043799996376
2004-11-10,policy_stance_shift,2004-10-29,-7,0.02818428725004196
2004-11-10,policy_stance_shift,2004-11-01,-6,0.030937252566218376
2004-11-10,policy_stance_shift,2004-11-02,-5,0.031305134296417236
2004-11-10,policy_stance_shift,2004-11-03,-4,0.029073698446154594
2004-11-10,policy_stance_shift,2004-11-04,-3,0.029585225507616997
2004-11-10,policy_stance_shift,2004-11-05,-2,0.034969720989465714
2004-11-10,policy_stance_shift,2004-11-08,-1,0.032007500529289246
2004-11-10,policy_stance_shift,2004-11-09,0,0.02516096457839012
2004-11-10,expected_rate_path_shift,2004-09-22,-33,0.02244480513036251
2004-11-10,expected_rate_path_shift,2004-09-23,-32,0.028884274885058403
2004-11-10,expected_rate_path_shift,2004-09-24,-31,0.031238451600074768
2004-11-10,expected_rate_path_shift,2004-09-27,-30,0.032889530062675476
2004-11-10,expected_rate_path_shift,2004-09-28,-29,0.03207698464393616
2004-11-10,expected_rate_path_shift,2004-09-29,-28,0.03529234975576401
2004-11-10,expected_rate_path_shift,2004-09-30,-27,0.031210727989673615
2004-11-10,expected_rate_path_shift,2004-10-01,-26,0.03110884502530098
2004-11-10,expected_rate_path_shift,2004-10-04,-25,0.02673713117837906
2004-11-10,expected_rate_path_shift,2004-10-05,-24,0.024996958673000336
2004-11-10,expected_rate_path_shift,2004-10-06,-23,0.02572694979608059
2004-11-10,expected_rate_path_shift,2004-10-07,-22,0.0237172432243824
2004-11-10,expected_rate_path_shift,2004-10-08,-21,0.021474912762641907
2004-11-10,expected_rate_path_shift,2004-10-12,-20,0.028538841754198074
2004-11-10,expected_rate_path_shift,2004-10-13,-19,0.026349663734436035
2004-11-10,expected_rate_path_shift,2004-10-14,-18,0.025795141234993935
2004-11-10,expected_rate_path_shift,2004-10-15,-17,0.025802072137594223
2004-11-10,expected_rate_path_shift,2004-10-18,-16,0.028139010071754456
2004-11-10,expected_rate_path_shift,2004-10-19,-15,0.028014183044433594
2004-11-10,expected_rate_path_shift,2004-10-20,-14,0.02667883038520813
2004-11-10,expected_rate_path_shift,2004-10-21,-13,0.03518844395875931
2004-11-10,expected_rate_path_shift,2004-10-22,-12,0.033268965780735016
2004-11-10,expected_rate_path_shift,2004-10-25,-11,0.033110328018665314
2004-11-10,expected_rate_path_shift,2004-10-26,-10,0.029778804630041122
2004-11-10,expected_rate_path_shift,2004-10-27,-9,0.03757788985967636
2004-11-10,expected_rate_path_shift,2004-10-28,-8,0.025672459974884987
2004-11-10,expected_rate_path_shift,2004-10-29,-7,0.028715766966342926
2004-11-10,expected_rate_path_shift,2004-11-01,-6,0.0338049978017807
2004-11-10,expected_rate_path_shift,2004-11-02,-5,0.0331796333193779
2004-11-10,expected_rate_path_shift,2004-11-03,-4,0.033491797745227814
2004-11-10,expected_rate_path_shift,2004-11-04,-3,0.03031565248966217
2004-11-10,expected_rate_path_shift,2004-11-05,-2,0.03971552848815918
2004-11-10,expected_rate_path_shift,2004-11-08,-1,0.026580143719911575
2004-11-10,expected_rate_path_shift,2004-11-09,0,0.02248263731598854
2004-11-10,inflation_assessment_shift,2004-09-22,-33,0.029042338952422142
2004-11-10,inflation_assessment_shift,2004-09-23,-32,0.02873765304684639
2004-11-10,inflation_assessment_shift,2004-09-24,-31,0.03249576315283775
2004-11-10,inflation_assessment_shift,2004-09-27,-30,0.0311757680028677
2004-11-10,inflation_assessment_shift,2004-09-28,-29,0.029665358364582062
2004-11-10,inflation_assessment_shift,2004-09-29,-28,0.030676569789648056
2004-11-10,inflation_assessment_shift,2004-09-30,-27,0.030450500547885895
2004-11-10,inflation_assessment_shift,2004-10-01,-26,0.029715828597545624
2004-11-10,inflation_assessment_shift,2004-10-04,-25,0.029821250587701797
2004-11-10,inflation_assessment_shift,2004-10-05,-24,0.02853604033589363
2004-11-10,inflation_assessment_shift,2004-10-06,-23,0.029613686725497246
2004-11-10,inflation_assessment_shift,2004-10-07,-22,0.027934201061725616
2004-11-10,inflation_assessment_shift,2004-10-08,-21,0.0255774836987257
2004-11-10,inflation_assessment_shift,2004-10-12,-20,0.026933029294013977
2004-11-10,inflation_assessment_shift,2004-10-13,-19,0.02540351264178753
2004-11-10,inflation_assessment_shift,2004-10-14,-18,0.02478739432990551
2004-11-10,inflation_assessment_shift,2004-10-15,-17,0.0252526868134737
2004-11-10,inflation_assessment_shift,2004-10-18,-16,0.025406284257769585
2004-11-10,inflation_assessment_shift,2004-10-19,-15,0.030163541436195374
2004-11-10,inflation_assessment_shift,2004-10-20,-14,0.030560292303562164
2004-11-10,inflation_assessment_shift,2004-10-21,-13,0.030231531709432602
2004-11-10,inflation_assessment_shift,2004-10-22,-12,0.030245475471019745
2004-11-10,inflation_assessment_shift,2004-10-25,-11,0.030570991337299347
2004-11-10,inflation_assessment_shift,2004-10-26,-10,0.029734037816524506
2004-11-10,inflation_assessment_shift,2004-10-27,-9,0.031991224735975266
2004-11-10,inflation_assessment_shift,2004-10-28,-8,0.031000588089227676
2004-11-10,inflation_assessment_shift,2004-10-29,-7,0.02838928997516632
2004-11-10,inflation_assessment_shift,2004-11-01,-6,0.031614750623703
2004-11-10,inflation_assessment_shift,2004-11-02,-5,0.03153024613857269
2004-11-10,inflation_assessment_shift,2004-11-03,-4,0.029340457171201706
2004-11-10,inflation_assessment_shift,2004-11-04,-3,0.029843365773558617
2004-11-10,inflation_assessment_shift,2004-11-05,-2,0.034520648419857025
2004-11-10,inflation_assessment_shift,2004-11-08,-1,0.032924797385931015
2004-11-10,inflation_assessment_shift,2004-11-09,0,0.026113372296094894
2004-11-10,inflation_risk_shift,2004-09-22,-33,0.03346400707960129
2004-11-10,inflation_risk_shift,2004-09-23,-32,0.029680950567126274
2004-11-10,inflation_risk_shift,2004-09-24,-31,0.032613035291433334
2004-11-10,inflation_risk_shift,2004-09-27,-30,0.02974369376897812
2004-11-10,inflation_risk_shift,2004-09-28,-29,0.028566978871822357
2004-11-10,inflation_risk_shift,2004-09-29,-28,0.027432601898908615
2004-11-10,inflation_risk_shift,2004-09-30,-27,0.029078003019094467
2004-11-10,inflation_risk_shift,2004-10-01,-26,0.02814839780330658
2004-11-10,inflation_risk_shift,2004-10-04,-25,0.029791515320539474
2004-11-10,inflation_risk_shift,2004-10-05,-24,0.02944570779800415
2004-11-10,inflation_risk_shift,2004-10-06,-23,0.029659774154424667
2004-11-10,inflation_risk_shift,2004-10-07,-22,0.03031144291162491
2004-11-10,inflation_risk_shift,2004-10-08,-21,0.029100429266691208
2004-11-10,inflation_risk_shift,2004-10-12,-20,0.02730553410947323
2004-11-10,inflation_risk_shift,2004-10-13,-19,0.02762054279446602
2004-11-10,inflation_risk_shift,2004-10-14,-18,0.027159441262483597
2004-11-10,inflation_risk_shift,2004-10-15,-17,0.028839418664574623
2004-11-10,inflation_risk_shift,2004-10-18,-16,0.028283072635531425
2004-11-10,inflation_risk_shift,2004-10-19,-15,0.030639026314020157
2004-11-10,inflation_risk_shift,2004-10-20,-14,0.03173062205314636
2004-11-10,inflation_risk_shift,2004-10-21,-13,0.02696140855550766
2004-11-10,inflation_risk_shift,2004-10-22,-12,0.028611648827791214
2004-11-10,inflation_risk_shift,2004-10-25,-11,0.028069641441106796
2004-11-10,inflation_risk_shift,2004-10-26,-10,0.03022286295890808
2004-11-10,inflation_risk_shift,2004-10-27,-9,0.02757617086172104
2004-11-10,inflation_risk_shift,2004-10-28,-8,0.032514020800590515
2004-11-10,inflation_risk_shift,2004-10-29,-7,0.02776266820728779
2004-11-10,inflation_risk_shift,2004-11-01,-6,0.028813552111387253
2004-11-10,inflation_risk_shift,2004-11-02,-5,0.03024657815694809
2004-11-10,inflation_risk_shift,2004-11-03,-4,0.027549652382731438
2004-11-10,inflation_risk_shift,2004-11-04,-3,0.029570920392870903
2004-11-10,inflation_risk_shift,2004-11-05,-2,0.029933109879493713
2004-11-10,inflation_risk_shift,2004-11-08,-1,0.034509673714637756
2004-11-10,inflation_risk_shift,2004-11-09,0,0.02904392220079899
2004-11-10,unemployment_assessment_shift,2004-09-22,-33,0.029830489307641983
2004-11-10,unemployment_assessment_shift,2004-09-23,-32,0.030649106949567795
2004-11-10,unemployment_assessment_shift,2004-09-24,-31,0.034591156989336014
2004-11-10,unemployment_assessment_shift,2004-09-27,-30,0.03279690816998482
2004-11-10,unemployment_assessment_shift,2004-09-28,-29,0.02902808040380478
2004-11-10,unemployment_assessment_shift,2004-09-29,-28,0.030200857669115067
2004-11-10,unemployment_assessment_shift,2004-09-30,-27,0.02927393466234207
2004-11-10,unemployment_assessment_shift,2004-10-01,-26,0.028461169451475143
2004-11-10,unemployment_assessment_shift,2004-10-04,-25,0.028237363323569298
2004-11-10,unemployment_assessment_shift,2004-10-05,-24,0.02675415202975273
2004-11-10,unemployment_assessment_shift,2004-10-06,-23,0.02809951640665531
2004-11-10,unemployment_assessment_shift,2004-10-07,-22,0.02699306048452854
2004-11-10,unemployment_assessment_shift,2004-10-08,-21,0.023922093212604523
2004-11-10,unemployment_assessment_shift,2004-10-12,-20,0.02603534609079361
2004-11-10,unemployment_assessment_shift,2004-10-13,-19,0.025845590978860855
2004-11-10,unemployment_assessment_shift,2004-10-14,-18,0.02452971041202545
2004-11-10,unemployment_assessment_shift,2004-10-15,-17,0.02642451785504818
2004-11-10,unemployment_assessment_shift,2004-10-18,-16,0.028008440509438515
2004-11-10,unemployment_assessment_shift,2004-10-19,-15,0.03154607117176056
2004-11-10,unemployment_assessment_shift,2004-10-20,-14,0.03057881072163582
2004-11-10,unemployment_assessment_shift,2004-10-21,-13,0.03175356984138489
2004-11-10,unemployment_assessment_shift,2004-10-22,-12,0.03140351176261902
2004-11-10,unemployment_assessment_shift,2004-10-25,-11,0.031053895130753517
2004-11-10,unemployment_assessment_shift,2004-10-26,-10,0.029880085960030556
2004-11-10,unemployment_assessment_shift,2004-10-27,-9,0.03248283267021179
2004-11-10,unemployment_assessment_shift,2004-10-28,-8,0.030348816886544228
2004-11-10,unemployment_assessment_shift,2004-10-29,-7,0.02753443643450737
2004-11-10,unemployment_assessment_shift,2004-11-01,-6,0.031033672392368317
2004-11-10,unemployment_assessment_shift,2004-11-02,-5,0.031347256153821945
2004-11-10,unemployment_assessment_shift,2004-11-03,-4,0.02930624969303608
2004-11-10,unemployment_assessment_shift,2004-11-04,-3,0.02947019413113594
2004-11-10,unemployment_assessment_shift,2004-11-05,-2,0.03458631783723831
2004-11-10,unemployment_assessment_shift,2004-11-08,-1,0.03242656588554382
2004-11-10,unemployment_assessment_shift,2004-11-09,0,0.025566210970282555
2004-11-10,labor_market_risk_shift,2004-09-22,-33,0.03125842288136482
2004-11-10,labor_market_risk_shift,2004-09-23,-32,0.029333865270018578
2004-11-10,labor_market_risk_shift,2004-09-24,-31,0.03351185843348503
2004-11-10,labor_market_risk_shift,2004-09-27,-30,0.03201404958963394
2004-11-10,labor_market_risk_shift,2004-09-28,-29,0.030230876058340073
2004-11-10,labor_market_risk_shift,2004-09-29,-28,0.030367735773324966
2004-11-10,labor_market_risk_shift,2004-09-30,-27,0.03089166432619095
2004-11-10,labor_market_risk_shift,2004-10-01,-26,0.029487092047929764
2004-11-10,labor_market_risk_shift,2004-10-04,-25,0.02924751490354538
2004-11-10,labor_market_risk_shift,2004-10-05,-24,0.027951974421739578
2004-11-10,labor_market_risk_shift,2004-10-06,-23,0.02786347270011902
2004-11-10,labor_market_risk_shift,2004-10-07,-22,0.02752385474741459
2004-11-10,labor_market_risk_shift,2004-10-08,-21,0.02583170495927334
2004-11-10,labor_market_risk_shift,2004-10-12,-20,0.02619144134223461
2004-11-10,labor_market_risk_shift,2004-10-13,-19,0.026189152151346207
2004-11-10,labor_market_risk_shift,2004-10-14,-18,0.025606513023376465
2004-11-10,labor_market_risk_shift,2004-10-15,-17,0.02679961733520031
2004-11-10,labor_market_risk_shift,2004-10-18,-16,0.026599302887916565
2004-11-10,labor_market_risk_shift,2004-10-19,-15,0.029856085777282715
2004-11-10,labor_market_risk_shift,2004-10-20,-14,0.030278488993644714
2004-11-10,labor_market_risk_shift,2004-10-21,-13,0.028445063158869743
2004-11-10,labor_market_risk_shift,2004-10-22,-12,0.0295654758810997
2004-11-10,labor_market_risk_shift,2004-10-25,-11,0.030125051736831665
2004-11-10,labor_market_risk_shift,2004-10-26,-10,0.030691316351294518
2004-11-10,labor_market_risk_shift,2004-10-27,-9,0.030042748898267746
2004-11-10,labor_market_risk_shift,2004-10-28,-8,0.03154658526182175
2004-11-10,labor_market_risk_shift,2004-10-29,-7,0.027940502390265465
2004-11-10,labor_market_risk_shift,2004-11-01,-6,0.030286619439721107
2004-11-10,labor_market_risk_shift,2004-11-02,-5,0.03173089772462845
2004-11-10,labor_market_risk_shift,2004-11-03,-4,0.029396796599030495
2004-11-10,labor_market_risk_shift,2004-11-04,-3,0.03063925914466381
2004-11-10,labor_market_risk_shift,2004-11-05,-2,0.033164042979478836
2004-11-10,labor_market_risk_shift,2004-11-08,-1,0.03307490795850754
2004-11-10,labor_market_risk_shift,2004-11-09,0,0.02631603740155697
2004-11-10,growth_activity_shift,2004-09-22,-33,0.032900866121053696
2004-11-10,growth_activity_shift,2004-09-23,-32,0.028742048889398575
2004-11-10,growth_activity_shift,2004-09-24,-31,0.031718842685222626
2004-11-10,growth_activity_shift,2004-09-27,-30,0.030188225209712982
2004-11-10,growth_activity_shift,2004-09-28,-29,0.02943253144621849
2004-11-10,growth_activity_shift,2004-09-29,-28,0.028021538630127907
2004-11-10,growth_activity_shift,2004-09-30,-27,0.030043143779039383
2004-11-10,growth_activity_shift,2004-10-01,-26,0.029150091111660004
2004-11-10,growth_activity_shift,2004-10-04,-25,0.03041260316967964
2004-11-10,growth_activity_shift,2004-10-05,-24,0.03009486198425293
2004-11-10,growth_activity_shift,2004-10-06,-23,0.029918916523456573
2004-11-10,growth_activity_shift,2004-10-07,-22,0.030091969296336174
2004-11-10,growth_activity_shift,2004-10-08,-21,0.029194321483373642
2004-11-10,growth_activity_shift,2004-10-12,-20,0.02767178788781166
2004-11-10,growth_activity_shift,2004-10-13,-19,0.027248382568359375
2004-11-10,growth_activity_shift,2004-10-14,-18,0.026772834360599518
2004-11-10,growth_activity_shift,2004-10-15,-17,0.026608558371663094
2004-11-10,growth_activity_shift,2004-10-18,-16,0.02661968022584915
2004-11-10,growth_activity_shift,2004-10-19,-15,0.029812684282660484
2004-11-10,growth_activity_shift,2004-10-20,-14,0.031611837446689606
2004-11-10,growth_activity_shift,2004-10-21,-13,0.02714378386735916
2004-11-10,growth_activity_shift,2004-10-22,-12,0.028631877154111862
2004-11-10,growth_activity_shift,2004-10-25,-11,0.02842208929359913
2004-11-10,growth_activity_shift,2004-10-26,-10,0.0298134945333004
2004-11-10,growth_activity_shift,2004-10-27,-9,0.028245016932487488
2004-11-10,growth_activity_shift,2004-10-28,-8,0.03243647515773773
2004-11-10,growth_activity_shift,2004-10-29,-7,0.028482582420110703
2004-11-10,growth_activity_shift,2004-11-01,-6,0.029619939625263214
2004-11-10,growth_activity_shift,2004-11-02,-5,0.03065335378050804
2004-11-10,growth_activity_shift,2004-11-03,-4,0.02755425125360489
2004-11-10,growth_activity_shift,2004-11-04,-3,0.029413966462016106
2004-11-10,growth_activity_shift,2004-11-05,-2,0.03071529231965542
2004-11-10,growth_activity_shift,2004-11-08,-1,0.034221433103084564
2004-11-10,growth_activity_shift,2004-11-09,0,0.028390713036060333
2004-11-10,financial_conditions_shift,2004-09-22,-33,0.036336302757263184
2004-11-10,financial_conditions_shift,2004-09-23,-32,0.029522044584155083
2004-11-10,financial_conditions_shift,2004-09-24,-31,0.03091949224472046
2004-11-10,financial_conditions_shift,2004-09-27,-30,0.028250914067029953
2004-11-10,financial_conditions_shift,2004-09-28,-29,0.027967233210802078
2004-11-10,financial_conditions_shift,2004-09-29,-28,0.025805320590734482
2004-11-10,financial_conditions_shift,2004-09-30,-27,0.02818463370203972
2004-11-10,financial_conditions_shift,2004-10-01,-26,0.02767769619822502
2004-11-10,financial_conditions_shift,2004-10-04,-25,0.030717410147190094
2004-11-10,financial_conditions_shift,2004-10-05,-24,0.03103554993867874
2004-11-10,financial_conditions_shift,2004-10-06,-23,0.030747193843126297
2004-11-10,financial_conditions_shift,2004-10-07,-22,0.03214989975094795
2004-11-10,financial_conditions_shift,2004-10-08,-21,0.03283001482486725
2004-11-10,financial_conditions_shift,2004-10-12,-20,0.028658537194132805
2004-11-10,financial_conditions_shift,2004-10-13,-19,0.02920159511268139
2004-11-10,financial_conditions_shift,2004-10-14,-18,0.02978786826133728
2004-11-10,financial_conditions_shift,2004-10-15,-17,0.029329104349017143
2004-11-10,financial_conditions_shift,2004-10-18,-16,0.028189441189169884
2004-11-10,financial_conditions_shift,2004-10-19,-15,0.030527012422680855
2004-11-10,financial_conditions_shift,2004-10-20,-14,0.0328698568046093
2004-11-10,financial_conditions_shift,2004-10-21,-13,0.025478091090917587
2004-11-10,financial_conditions_shift,2004-10-22,-12,0.027178538963198662
2004-11-10,financial_conditions_shift,2004-10-25,-11,0.02697114646434784
2004-11-10,financial_conditions_shift,2004-10-26,-10,0.029853427782654762
2004-11-10,financial_conditions_shift,2004-10-27,-9,0.025229062885046005
2004-11-10,financial_conditions_shift,2004-10-28,-8,0.0337626188993454
2004-11-10,financial_conditions_shift,2004-10-29,-7,0.02833183854818344
2004-11-10,financial_conditions_shift,2004-11-01,-6,0.027179906144738197
2004-11-10,financial_conditions_shift,2004-11-02,-5,0.028347548097372055
2004-11-10,financial_conditions_shift,2004-11-03,-4,0.0264651570469141
2004-11-10,financial_conditions_shift,2004-11-04,-3,0.028655026108026505
2004-11-10,financial_conditions_shift,2004-11-05,-2,0.026518598198890686
2004-11-10,financial_conditions_shift,2004-11-08,-1,0.034301262348890305
2004-11-10,financial_conditions_shift,2004-11-09,0,0.03102065809071064
2004-11-10,risk_balance_shift,2004-09-22,-33,0.0242259930819273
2004-11-10,risk_balance_shift,2004-09-23,-32,0.02870984561741352
2004-11-10,risk_balance_shift,2004-09-24,-31,0.03282929211854935
2004-11-10,risk_balance_shift,2004-09-27,-30,0.033990100026130676
2004-11-10,risk_balance_shift,2004-09-28,-29,0.03185834735631943
2004-11-10,risk_balance_shift,2004-09-29,-28,0.03475266695022583
2004-11-10,risk_balance_shift,2004-09-30,-27,0.03181467950344086
2004-11-10,risk_balance_shift,2004-10-01,-26,0.031218256801366806
2004-11-10,risk_balance_shift,2004-10-04,-25,0.027462948113679886
2004-11-10,risk_balance_shift,2004-10-05,-24,0.025924792513251305
2004-11-10,risk_balance_shift,2004-10-06,-23,0.02658981829881668
2004-11-10,risk_balance_shift,2004-10-07,-22,0.024228300899267197
2004-11-10,risk_balance_shift,2004-10-08,-21,0.02145456336438656
2004-11-10,risk_balance_shift,2004-10-12,-20,0.02614796720445156
2004-11-10,risk_balance_shift,2004-10-13,-19,0.02464808151125908
2004-11-10,risk_balance_shift,2004-10-14,-18,0.023729387670755386
2004-11-10,risk_balance_shift,2004-10-15,-17,0.02379080466926098
2004-11-10,risk_balance_shift,2004-10-18,-16,0.025859985500574112
2004-11-10,risk_balance_shift,2004-10-19,-15,0.027763552963733673
2004-11-10,risk_balance_shift,2004-10-20,-14,0.027783861383795738
2004-11-10,risk_balance_shift,2004-10-21,-13,0.033444419503211975
2004-11-10,risk_balance_shift,2004-10-22,-12,0.032857637852430344
2004-11-10,risk_balance_shift,2004-10-25,-11,0.032862067222595215
2004-11-10,risk_balance_shift,2004-10-26,-10,0.029875153675675392
2004-11-10,risk_balance_shift,2004-10-27,-9,0.03675202280282974
2004-11-10,risk_balance_shift,2004-10-28,-8,0.02778230607509613
2004-11-10,risk_balance_shift,2004-10-29,-7,0.028833948075771332
2004-11-10,risk_balance_shift,2004-11-01,-6,0.0338963083922863
2004-11-10,risk_balance_shift,2004-11-02,-5,0.03368149325251579
2004-11-10,risk_balance_shift,2004-11-03,-4,0.032742515206336975
2004-11-10,risk_balance_shift,2004-11-04,-3,0.03027675487101078
2004-11-10,risk_balance_shift,2004-11-05,-2,0.039791349321603775
2004-11-10,risk_balance_shift,2004-11-08,-1,0.02947251871228218
2004-11-10,risk_balance_shift,2004-11-09,0,0.022948281839489937
2004-11-10,committee_dispersion,2004-09-22,-33,0.025112155824899673
2004-11-10,committee_dispersion,2004-09-23,-32,0.028070099651813507
2004-11-10,committee_dispersion,2004-09-24,-31,0.031409792602062225
2004-11-10,committee_dispersion,2004-09-27,-30,0.03160008043050766
2004-11-10,committee_dispersion,2004-09-28,-29,0.030605709180235863
2004-11-10,committee_dispersion,2004-09-29,-28,0.03355282172560692
2004-11-10,committee_dispersion,2004-09-30,-27,0.02954890951514244
2004-11-10,committee_dispersion,2004-10-01,-26,0.03034152463078499
2004-11-10,committee_dispersion,2004-10-04,-25,0.02690112218260765
2004-11-10,committee_dispersion,2004-10-05,-24,0.025656435638666153
2004-11-10,committee_dispersion,2004-10-06,-23,0.027135493233799934
2004-11-10,committee_dispersion,2004-10-07,-22,0.02478911355137825
2004-11-10,committee_dispersion,2004-10-08,-21,0.02204517275094986
2004-11-10,committee_dispersion,2004-10-12,-20,0.02915067784488201
2004-11-10,committee_dispersion,2004-10-13,-19,0.027383601292967796
2004-11-10,committee_dispersion,2004-10-14,-18,0.02681020274758339
2004-11-10,committee_dispersion,2004-10-15,-17,0.026909518986940384
2004-11-10,committee_dispersion,2004-10-18,-16,0.02893831580877304
2004-11-10,committee_dispersion,2004-10-19,-15,0.03021516278386116
2004-11-10,committee_dispersion,2004-10-20,-14,0.027878327295184135
2004-11-10,committee_dispersion,2004-10-21,-13,0.034601468592882156
2004-11-10,committee_dispersion,2004-10-22,-12,0.032114822417497635
2004-11-10,committee_dispersion,2004-10-25,-11,0.03239476680755615
2004-11-10,committee_dispersion,2004-10-26,-10,0.029277140274643898
2004-11-10,committee_dispersion,2004-10-27,-9,0.036566756665706635
2004-11-10,committee_dispersion,2004-10-28,-8,0.025682499632239342
2004-11-10,committee_dispersion,2004-10-29,-7,0.027672888711094856
2004-11-10,committee_dispersion,2004-11-01,-6,0.0331752672791481
2004-11-10,committee_dispersion,2004-11-02,-5,0.03246030956506729
2004-11-10,committee_dispersion,2004-11-03,-4,0.03212574124336243
2004-11-10,committee_dispersion,2004-11-04,-3,0.029772747308015823
2004-11-10,committee_dispersion,2004-11-05,-2,0.03929616138339043
2004-11-10,committee_dispersion,2004-11-08,-1,0.028031257912516594
2004-11-10,committee_dispersion,2004-11-09,0,0.022773953154683113
2004-11-10,policy_uncertainty,2004-09-22,-33,0.024656621739268303
2004-11-10,policy_uncertainty,2004-09-23,-32,0.029122840613126755
2004-11-10,policy_uncertainty,2004-09-24,-31,0.03273705020546913
2004-11-10,policy_uncertainty,2004-09-27,-30,0.03309982270002365
2004-11-10,policy_uncertainty,2004-09-28,-29,0.03148037940263748
2004-11-10,policy_uncertainty,2004-09-29,-28,0.034425053745508194
2004-11-10,policy_uncertainty,2004-09-30,-27,0.030543562024831772
2004-11-10,policy_uncertainty,2004-10-01,-26,0.03087463602423668
2004-11-10,policy_uncertainty,2004-10-04,-25,0.026841431856155396
2004-11-10,policy_uncertainty,2004-10-05,-24,0.024950088933110237
2004-11-10,policy_uncertainty,2004-10-06,-23,0.02571597695350647
2004-11-10,policy_uncertainty,2004-10-07,-22,0.024163369089365005
2004-11-10,policy_uncertainty,2004-10-08,-21,0.021519910544157028
2004-11-10,policy_uncertainty,2004-10-12,-20,0.027308067306876183
2004-11-10,policy_uncertainty,2004-10-13,-19,0.026394210755825043
2004-11-10,policy_uncertainty,2004-10-14,-18,0.02483360841870308
2004-11-10,policy_uncertainty,2004-10-15,-17,0.02563633769750595
2004-11-10,policy_uncertainty,2004-10-18,-16,0.027685489505529404
2004-11-10,policy_uncertainty,2004-10-19,-15,0.029024798423051834
2004-11-10,policy_uncertainty,2004-10-20,-14,0.02750038355588913
2004-11-10,policy_uncertainty,2004-10-21,-13,0.03388373181223869
2004-11-10,policy_uncertainty,2004-10-22,-12,0.03292788565158844
2004-11-10,policy_uncertainty,2004-10-25,-11,0.032708339393138885
2004-11-10,policy_uncertainty,2004-10-26,-10,0.0298980213701725
2004-11-10,policy_uncertainty,2004-10-27,-9,0.0364033579826355
2004-11-10,policy_uncertainty,2004-10-28,-8,0.02627512812614441
2004-11-10,policy_uncertainty,2004-10-29,-7,0.028027277439832687
2004-11-10,policy_uncertainty,2004-11-01,-6,0.03361891955137253
2004-11-10,policy_uncertainty,2004-11-02,-5,0.0337541326880455
2004-11-10,policy_uncertainty,2004-11-03,-4,0.033202774822711945
2004-11-10,policy_uncertainty,2004-11-04,-3,0.03059578500688076
2004-11-10,policy_uncertainty,2004-11-05,-2,0.03928893804550171
2004-11-10,policy_uncertainty,2004-11-08,-1,0.027989309281110764
2004-11-10,policy_uncertainty,2004-11-09,0,0.02291278727352619
2004-11-10,forward_guidance_strength,2004-09-22,-33,0.0263726357370615
2004-11-10,forward_guidance_strength,2004-09-23,-32,0.028169667348265648
2004-11-10,forward_guidance_strength,2004-09-24,-31,0.03255325183272362
2004-11-10,forward_guidance_strength,2004-09-27,-30,0.0336529016494751
2004-11-10,forward_guidance_strength,2004-09-28,-29,0.030872831121087074
2004-11-10,forward_guidance_strength,2004-09-29,-28,0.0324096754193306
2004-11-10,forward_guidance_strength,2004-09-30,-27,0.03193299472332001
2004-11-10,forward_guidance_strength,2004-10-01,-26,0.030208446085453033
2004-11-10,forward_guidance_strength,2004-10-04,-25,0.028295839205384254
2004-11-10,forward_guidance_strength,2004-10-05,-24,0.026762820780277252
2004-11-10,forward_guidance_strength,2004-10-06,-23,0.02753075212240219
2004-11-10,forward_guidance_strength,2004-10-07,-22,0.025574523955583572
2004-11-10,forward_guidance_strength,2004-10-08,-21,0.022777989506721497
2004-11-10,forward_guidance_strength,2004-10-12,-20,0.02675788849592209
2004-11-10,forward_guidance_strength,2004-10-13,-19,0.025656042620539665
2004-11-10,forward_guidance_strength,2004-10-14,-18,0.02525850385427475
2004-11-10,forward_guidance_strength,2004-10-15,-17,0.02606779895722866
2004-11-10,forward_guidance_strength,2004-10-18,-16,0.02760864421725273
2004-11-10,forward_guidance_strength,2004-10-19,-15,0.030810754746198654
2004-11-10,forward_guidance_strength,2004-10-20,-14,0.02868610993027687
2004-11-10,forward_guidance_strength,2004-10-21,-13,0.0315779410302639
2004-11-10,forward_guidance_strength,2004-10-22,-12,0.03140566870570183
2004-11-10,forward_guidance_strength,2004-10-25,-11,0.03166895732283592
2004-11-10,forward_guidance_strength,2004-10-26,-10,0.028917722404003143
2004-11-10,forward_guidance_strength,2004-10-27,-9,0.0341249443590641
2004-11-10,forward_guidance_strength,2004-10-28,-8,0.029236305505037308
2004-11-10,forward_guidance_strength,2004-10-29,-7,0.027337972074747086
2004-11-10,forward_guidance_strength,2004-11-01,-6,0.03212374448776245
2004-11-10,forward_guidance_strength,2004-11-02,-5,0.03387865796685219
2004-11-10,forward_guidance_strength,2004-11-03,-4,0.03109196200966835
2004-11-10,forward_guidance_strength,2004-11-04,-3,0.029122672975063324
2004-11-10,forward_guidance_strength,2004-11-05,-2,0.03634798154234886
2004-11-10,forward_guidance_strength,2004-11-08,-1,0.031152909621596336
2004-11-10,forward_guidance_strength,2004-11-09,0,0.024052496999502182
2004-12-14,rate_decision,2004-11-12,-20,0.04287159442901611
2004-12-14,rate_decision,2004-11-15,-19,0.0420929491519928
2004-12-14,rate_decision,2004-11-16,-18,0.04099243879318237
2004-12-14,rate_decision,2004-11-17,-17,0.05012521520256996
2004-12-14,rate_decision,2004-11-18,-16,0.054738763719797134
2004-12-14,rate_decision,2004-11-19,-15,0.049420468509197235
2004-12-14,rate_decision,2004-11-22,-14,0.05765765160322189
2004-12-14,rate_decision,2004-11-23,-13,0.05607324093580246
2004-12-14,rate_decision,2004-11-24,-12,0.05244230479001999
2004-12-14,rate_decision,2004-11-26,-11,0.0550818108022213
2004-12-14,rate_decision,2004-11-29,-10,0.05302587151527405
2004-12-14,rate_decision,2004-11-30,-9,0.04769638925790787
2004-12-14,rate_decision,2004-12-01,-8,0.04690701887011528
2004-12-14,rate_decision,2004-12-02,-7,0.04641313850879669
2004-12-14,rate_decision,2004-12-03,-6,0.046803198754787445
2004-12-14,rate_decision,2004-12-06,-5,0.04359352961182594
2004-12-14,rate_decision,2004-12-07,-4,0.04213494434952736
2004-12-14,rate_decision,2004-12-08,-3,0.043175116181373596
2004-12-14,rate_decision,2004-12-09,-2,0.03894691541790962
2004-12-14,rate_decision,2004-12-10,-1,0.04357405751943588
2004-12-14,rate_decision,2004-12-13,0,0.046233370900154114
2004-12-14,current_policy_stance,2004-11-12,-20,0.049846019595861435
2004-12-14,current_policy_stance,2004-11-15,-19,0.049567677080631256
2004-12-14,current_policy_stance,2004-11-16,-18,0.05165662243962288
2004-12-14,current_policy_stance,2004-11-17,-17,0.04915241152048111
2004-12-14,current_policy_stance,2004-11-18,-16,0.04969857633113861
2004-12-14,current_policy_stance,2004-11-19,-15,0.04965634644031525
2004-12-14,current_policy_stance,2004-11-22,-14,0.05082034319639206
2004-12-14,current_policy_stance,2004-11-23,-13,0.049231771379709244
2004-12-14,current_policy_stance,2004-11-24,-12,0.051238708198070526
2004-12-14,current_policy_stance,2004-11-26,-11,0.05064769461750984
2004-12-14,current_policy_stance,2004-11-29,-10,0.050849515944719315
2004-12-14,current_policy_stance,2004-11-30,-9,0.04879574850201607
2004-12-14,current_policy_stance,2004-12-01,-8,0.04521496966481209
2004-12-14,current_policy_stance,2004-12-02,-7,0.04325614124536514
2004-12-14,current_policy_stance,2004-12-03,-6,0.042486876249313354
2004-12-14,current_policy_stance,2004-12-06,-5,0.04354432225227356
2004-12-14,current_policy_stance,2004-12-07,-4,0.04225536435842514
2004-12-14,current_policy_stance,2004-12-08,-3,0.04365553334355354
2004-12-14,current_policy_stance,2004-12-09,-2,0.04639945179224014
2004-12-14,current_policy_stance,2004-12-10,-1,0.04727109894156456
2004-12-14,current_policy_stance,2004-12-13,0,0.044754818081855774
2004-12-14,policy_stance_shift,2004-11-12,-20,0.05010387301445007
2004-12-14,policy_stance_shift,2004-11-15,-19,0.0482555590569973
2004-12-14,policy_stance_shift,2004-11-16,-18,0.05171648785471916
2004-12-14,policy_stance_shift,2004-11-17,-17,0.048887234181165695
2004-12-14,policy_stance_shift,2004-11-18,-16,0.05125286430120468
2004-12-14,policy_stance_shift,2004-11-19,-15,0.05173073336482048
2004-12-14,policy_stance_shift,2004-11-22,-14,0.05127578228712082
2004-12-14,policy_stance_shift,2004-11-23,-13,0.05031795799732208
2004-12-14,policy_stance_shift,2004-11-24,-12,0.05133683234453201
2004-12-14,policy_stance_shift,2004-11-26,-11,0.05051320046186447
2004-12-14,policy_stance_shift,2004-11-29,-10,0.050298575311899185
2004-12-14,policy_stance_shift,2004-11-30,-9,0.04700278118252754
2004-12-14,policy_stance_shift,2004-12-01,-8,0.04395972937345505
2004-12-14,policy_stance_shift,2004-12-02,-7,0.04243182763457298
2004-12-14,policy_stance_shift,2004-12-03,-6,0.040932029485702515
2004-12-14,policy_stance_shift,2004-12-06,-5,0.0444798544049263
2004-12-14,policy_stance_shift,2004-12-07,-4,0.04215330630540848
2004-12-14,policy_stance_shift,2004-12-08,-3,0.04347873106598854
2004-12-14,policy_stance_shift,2004-12-09,-2,0.04667118564248085
2004-12-14,policy_stance_shift,2004-12-10,-1,0.04726891964673996
2004-12-14,policy_stance_shift,2004-12-13,0,0.04593251645565033
2004-12-14,expected_rate_path_shift,2004-11-12,-20,0.050468865782022476
2004-12-14,expected_rate_path_shift,2004-11-15,-19,0.0493798665702343
2004-12-14,expected_rate_path_shift,2004-11-16,-18,0.050916898995637894
2004-12-14,expected_rate_path_shift,2004-11-17,-17,0.04910971224308014
2004-12-14,expected_rate_path_shift,2004-11-18,-16,0.04926507920026779
2004-12-14,expected_rate_path_shift,2004-11-19,-15,0.048663292080163956
2004-12-14,expected_rate_path_shift,2004-11-22,-14,0.050894755870103836
2004-12-14,expected_rate_path_shift,2004-11-23,-13,0.04905509948730469
2004-12-14,expected_rate_path_shift,2004-11-24,-12,0.05056895315647125
2004-12-14,expected_rate_path_shift,2004-11-26,-11,0.049934905022382736
2004-12-14,expected_rate_path_shift,2004-11-29,-10,0.050366804003715515
2004-12-14,expected_rate_path_shift,2004-11-30,-9,0.04952920228242874
2004-12-14,expected_rate_path_shift,2004-12-01,-8,0.045846082270145416
2004-12-14,expected_rate_path_shift,2004-12-02,-7,0.044142648577690125
2004-12-14,expected_rate_path_shift,2004-12-03,-6,0.04314286634325981
2004-12-14,expected_rate_path_shift,2004-12-06,-5,0.04319377988576889
2004-12-14,expected_rate_path_shift,2004-12-07,-4,0.042004819959402084
2004-12-14,expected_rate_path_shift,2004-12-08,-3,0.043466657400131226
2004-12-14,expected_rate_path_shift,2004-12-09,-2,0.046320244669914246
2004-12-14,expected_rate_path_shift,2004-12-10,-1,0.047819264233112335
2004-12-14,expected_rate_path_shift,2004-12-13,0,0.045910224318504333
2004-12-14,inflation_assessment_shift,2004-11-12,-20,0.043751902878284454
2004-12-14,inflation_assessment_shift,2004-11-15,-19,0.04452037066221237
2004-12-14,inflation_assessment_shift,2004-11-16,-18,0.05127793177962303
2004-12-14,inflation_assessment_shift,2004-11-17,-17,0.04835624620318413
2004-12-14,inflation_assessment_shift,2004-11-18,-16,0.05623862147331238
2004-12-14,inflation_assessment_shift,2004-11-19,-15,0.056911855936050415
2004-12-14,inflation_assessment_shift,2004-11-22,-14,0.05404248088598251
2004-12-14,inflation_assessment_shift,2004-11-23,-13,0.054952509701251984
2004-12-14,inflation_assessment_shift,2004-11-24,-12,0.05459342896938324
2004-12-14,inflation_assessment_shift,2004-11-26,-11,0.054741568863391876
2004-12-14,inflation_assessment_shift,2004-11-29,-10,0.05319046974182129
2004-12-14,inflation_assessment_shift,2004-11-30,-9,0.042988989502191544
2004-12-14,inflation_assessment_shift,2004-12-01,-8,0.04144185036420822
2004-12-14,inflation_assessment_shift,2004-12-02,-7,0.039409659802913666
2004-12-14,inflation_assessment_shift,2004-12-03,-6,0.03747551888227463
2004-12-14,inflation_assessment_shift,2004-12-06,-5,0.04645548015832901
2004-12-14,inflation_assessment_shift,2004-12-07,-4,0.03976847231388092
2004-12-14,inflation_assessment_shift,2004-12-08,-3,0.04154874384403229
2004-12-14,inflation_assessment_shift,2004-12-09,-2,0.04477465897798538
2004-12-14,inflation_assessment_shift,2004-12-10,-1,0.044411320239305496
2004-12-14,inflation_assessment_shift,2004-12-13,0,0.04914788156747818
2004-12-14,inflation_risk_shift,2004-11-12,-20,0.04907426983118057
2004-12-14,inflation_risk_shift,2004-11-15,-19,0.04917985200881958
2004-12-14,inflation_risk_shift,2004-11-16,-18,0.052960626780986786
2004-12-14,inflation_risk_shift,2004-11-17,-17,0.04922133684158325
2004-12-14,inflation_risk_shift,2004-11-18,-16,0.04853464663028717
2004-12-14,inflation_risk_shift,2004-11-19,-15,0.05092563107609749
2004-12-14,inflation_risk_shift,2004-11-22,-14,0.05235879123210907
2004-12-14,inflation_risk_shift,2004-11-23,-13,0.048983823508024216
2004-12-14,inflation_risk_shift,2004-11-24,-12,0.05013413354754448
2004-12-14,inflation_risk_shift,2004-11-26,-11,0.04920754209160805
2004-12-14,inflation_risk_shift,2004-11-29,-10,0.04989682137966156
2004-12-14,inflation_risk_shift,2004-11-30,-9,0.04758213460445404
2004-12-14,inflation_risk_shift,2004-12-01,-8,0.04509950056672096
2004-12-14,inflation_risk_shift,2004-12-02,-7,0.0456603467464447
2004-12-14,inflation_risk_shift,2004-12-03,-6,0.04374958947300911
2004-12-14,inflation_risk_shift,2004-12-06,-5,0.04506136104464531
2004-12-14,inflation_risk_shift,2004-12-07,-4,0.04391472414135933
2004-12-14,inflation_risk_shift,2004-12-08,-3,0.04339735209941864
2004-12-14,inflation_risk_shift,2004-12-09,-2,0.04556009918451309
2004-12-14,inflation_risk_shift,2004-12-10,-1,0.04520417004823685
2004-12-14,inflation_risk_shift,2004-12-13,0,0.04429321736097336
2004-12-14,unemployment_assessment_shift,2004-11-12,-20,0.04659651592373848
2004-12-14,unemployment_assessment_shift,2004-11-15,-19,0.04579013213515282
2004-12-14,unemployment_assessment_shift,2004-11-16,-18,0.05208486318588257
2004-12-14,unemployment_assessment_shift,2004-11-17,-17,0.04884238541126251
2004-12-14,unemployment_assessment_shift,2004-11-18,-16,0.05398329347372055
2004-12-14,unemployment_assessment_shift,2004-11-19,-15,0.05599237233400345
2004-12-14,unemployment_assessment_shift,2004-11-22,-14,0.05454767122864723
2004-12-14,unemployment_assessment_shift,2004-11-23,-13,0.05323255807161331
2004-12-14,unemployment_assessment_shift,2004-11-24,-12,0.05315298214554787
2004-12-14,unemployment_assessment_shift,2004-11-26,-11,0.05208958312869072
2004-12-14,unemployment_assessment_shift,2004-11-29,-10,0.051126621663570404
2004-12-14,unemployment_assessment_shift,2004-11-30,-9,0.043337367475032806
2004-12-14,unemployment_assessment_shift,2004-12-01,-8,0.04127548635005951
2004-12-14,unemployment_assessment_shift,2004-12-02,-7,0.04105868935585022
2004-12-14,unemployment_assessment_shift,2004-12-03,-6,0.0386783741414547
2004-12-14,unemployment_assessment_shift,2004-12-06,-5,0.04587608948349953
2004-12-14,unemployment_assessment_shift,2004-12-07,-4,0.042147018015384674
2004-12-14,unemployment_assessment_shift,2004-12-08,-3,0.04277794435620308
2004-12-14,unemployment_assessment_shift,2004-12-09,-2,0.045391276478767395
2004-12-14,unemployment_assessment_shift,2004-12-10,-1,0.04530460387468338
2004-12-14,unemployment_assessment_shift,2004-12-13,0,0.04671412333846092
2004-12-14,labor_market_risk_shift,2004-11-12,-20,0.042317233979701996
2004-12-14,labor_market_risk_shift,2004-11-15,-19,0.042003050446510315
2004-12-14,labor_market_risk_shift,2004-11-16,-18,0.0491768978536129
2004-12-14,labor_market_risk_shift,2004-11-17,-17,0.04787728935480118
2004-12-14,labor_market_risk_shift,2004-11-18,-16,0.05751298367977142
2004-12-14,labor_market_risk_shift,2004-11-19,-15,0.05840492248535156
2004-12-14,labor_market_risk_shift,2004-11-22,-14,0.055999092757701874
2004-12-14,labor_market_risk_shift,2004-11-23,-13,0.05648372694849968
2004-12-14,labor_market_risk_shift,2004-11-24,-12,0.0563015341758728
2004-12-14,labor_market_risk_shift,2004-11-26,-11,0.05576346814632416
2004-12-14,labor_market_risk_shift,2004-11-29,-10,0.05265069752931595
2004-12-14,labor_market_risk_shift,2004-11-30,-9,0.04154794663190842
2004-12-14,labor_market_risk_shift,2004-12-01,-8,0.03987397253513336
2004-12-14,labor_market_risk_shift,2004-12-02,-7,0.03991564363241196
2004-12-14,labor_market_risk_shift,2004-12-03,-6,0.03809257969260216
2004-12-14,labor_market_risk_shift,2004-12-06,-5,0.04710795357823372
2004-12-14,labor_market_risk_shift,2004-12-07,-4,0.041697435081005096
2004-12-14,labor_market_risk_shift,2004-12-08,-3,0.04215320944786072
2004-12-14,labor_market_risk_shift,2004-12-09,-2,0.04361879080533981
2004-12-14,labor_market_risk_shift,2004-12-10,-1,0.044186241924762726
2004-12-14,labor_market_risk_shift,2004-12-13,0,0.04731536656618118
2004-12-14,growth_activity_shift,2004-11-12,-20,0.04624273627996445
2004-12-14,growth_activity_shift,2004-11-15,-19,0.04605032503604889
2004-12-14,growth_activity_shift,2004-11-16,-18,0.051471490412950516
2004-12-14,growth_activity_shift,2004-11-17,-17,0.04851812496781349
2004-12-14,growth_activity_shift,2004-11-18,-16,0.05262500047683716
2004-12-14,growth_activity_shift,2004-11-19,-15,0.054206300526857376
2004-12-14,growth_activity_shift,2004-11-22,-14,0.053621310740709305
2004-12-14,growth_activity_shift,2004-11-23,-13,0.053067393600940704
2004-12-14,growth_activity_shift,2004-11-24,-12,0.05348435789346695
2004-12-14,growth_activity_shift,2004-11-26,-11,0.05377499759197235
2004-12-14,growth_activity_shift,2004-11-29,-10,0.05218074843287468
2004-12-14,growth_activity_shift,2004-11-30,-9,0.04473138228058815
2004-12-14,growth_activity_shift,2004-12-01,-8,0.04270229861140251
2004-12-14,growth_activity_shift,2004-12-02,-7,0.04160797968506813
2004-12-14,growth_activity_shift,2004-12-03,-6,0.04025210812687874
2004-12-14,growth_activity_shift,2004-12-06,-5,0.04656453803181648
2004-12-14,growth_activity_shift,2004-12-07,-4,0.0412648506462574
2004-12-14,growth_activity_shift,2004-12-08,-3,0.042283251881599426
2004-12-14,growth_activity_shift,2004-12-09,-2,0.04537223279476166
2004-12-14,growth_activity_shift,2004-12-10,-1,0.04476402327418327
2004-12-14,growth_activity_shift,2004-12-13,0,0.04521450772881508
2004-12-14,financial_conditions_shift,2004-11-12,-20,0.03953564539551735
2004-12-14,financial_conditions_shift,2004-11-15,-19,0.03999743610620499
2004-12-14,financial_conditions_shift,2004-11-16,-18,0.046822886914014816
2004-12-14,financial_conditions_shift,2004-11-17,-17,0.04636834189295769
2004-12-14,financial_conditions_shift,2004-11-18,-16,0.05866347998380661
2004-12-14,financial_conditions_shift,2004-11-19,-15,0.06027970835566521
2004-12-14,financial_conditions_shift,2004-11-22,-14,0.05431711673736572
2004-12-14,financial_conditions_shift,2004-11-23,-13,0.05611422657966614
2004-12-14,financial_conditions_shift,2004-11-24,-12,0.05513737350702286
2004-12-14,financial_conditions_shift,2004-11-26,-11,0.055279441177845
2004-12-14,financial_conditions_shift,2004-11-29,-10,0.051061034202575684
2004-12-14,financial_conditions_shift,2004-11-30,-9,0.038544926792383194
2004-12-14,financial_conditions_shift,2004-12-01,-8,0.03975715860724449
2004-12-14,financial_conditions_shift,2004-12-02,-7,0.040039438754320145
2004-12-14,financial_conditions_shift,2004-12-03,-6,0.03799734637141228
2004-12-14,financial_conditions_shift,2004-12-06,-5,0.05226241797208786
2004-12-14,financial_conditions_shift,2004-12-07,-4,0.04298342391848564
2004-12-14,financial_conditions_shift,2004-12-08,-3,0.043781816959381104
2004-12-14,financial_conditions_shift,2004-12-09,-2,0.0458826906979084
2004-12-14,financial_conditions_shift,2004-12-10,-1,0.04438796639442444
2004-12-14,financial_conditions_shift,2004-12-13,0,0.050786130130290985
2004-12-14,risk_balance_shift,2004-11-12,-20,0.041469331830739975
2004-12-14,risk_balance_shift,2004-11-15,-19,0.04140394181013107
2004-12-14,risk_balance_shift,2004-11-16,-18,0.047392237931489944
2004-12-14,risk_balance_shift,2004-11-17,-17,0.04772749915719032
2004-12-14,risk_balance_shift,2004-11-18,-16,0.05906834825873375
2004-12-14,risk_balance_shift,2004-11-19,-15,0.05885042995214462
2004-12-14,risk_balance_shift,2004-11-22,-14,0.055555567145347595
2004-12-14,risk_balance_shift,2004-11-23,-13,0.05783984810113907
2004-12-14,risk_balance_shift,2004-11-24,-12,0.05779755860567093
2004-12-14,risk_balance_shift,2004-11-26,-11,0.05849990248680115
2004-12-14,risk_balance_shift,2004-11-29,-10,0.05337968096137047
2004-12-14,risk_balance_shift,2004-11-30,-9,0.04106593877077103
2004-12-14,risk_balance_shift,2004-12-01,-8,0.04007658734917641
2004-12-14,risk_balance_shift,2004-12-02,-7,0.038452811539173126
2004-12-14,risk_balance_shift,2004-12-03,-6,0.03760671988129616
2004-12-14,risk_balance_shift,2004-12-06,-5,0.04750360548496246
2004-12-14,risk_balance_shift,2004-12-07,-4,0.039329808205366135
2004-12-14,risk_balance_shift,2004-12-08,-3,0.04136526584625244
2004-12-14,risk_balance_shift,2004-12-09,-2,0.04293804243206978
2004-12-14,risk_balance_shift,2004-12-10,-1,0.04409753531217575
2004-12-14,risk_balance_shift,2004-12-13,0,0.04857931286096573
2004-12-14,committee_dispersion,2004-11-12,-20,0.03899061307311058
2004-12-14,committee_dispersion,2004-11-15,-19,0.03949470445513725
2004-12-14,committee_dispersion,2004-11-16,-18,0.044636063277721405
2004-12-14,committee_dispersion,2004-11-17,-17,0.045599862933158875
2004-12-14,committee_dispersion,2004-11-18,-16,0.059424228966236115
2004-12-14,committee_dispersion,2004-11-19,-15,0.05900309234857559
2004-12-14,committee_dispersion,2004-11-22,-14,0.05169454962015152
2004-12-14,committee_dispersion,2004-11-23,-13,0.05462704598903656
2004-12-14,committee_dispersion,2004-11-24,-12,0.053894151002168655
2004-12-14,committee_dispersion,2004-11-26,-11,0.054382093250751495
2004-12-14,committee_dispersion,2004-11-29,-10,0.050110623240470886
2004-12-14,committee_dispersion,2004-11-30,-9,0.03848941624164581
2004-12-14,committee_dispersion,2004-12-01,-8,0.04110440984368324
2004-12-14,committee_dispersion,2004-12-02,-7,0.040807001292705536
2004-12-14,committee_dispersion,2004-12-03,-6,0.03925833851099014
2004-12-14,committee_dispersion,2004-12-06,-5,0.05399436503648758
2004-12-14,committee_dispersion,2004-12-07,-4,0.04348806291818619
2004-12-14,committee_dispersion,2004-12-08,-3,0.04545948654413223
2004-12-14,committee_dispersion,2004-12-09,-2,0.04714222997426987
2004-12-14,committee_dispersion,2004-12-10,-1,0.04431469738483429
2004-12-14,committee_dispersion,2004-12-13,0,0.05408494919538498
2004-12-14,policy_uncertainty,2004-11-12,-20,0.03944481536746025
2004-12-14,policy_uncertainty,2004-11-15,-19,0.03967598080635071
2004-12-14,policy_uncertainty,2004-11-16,-18,0.04540683701634407
2004-12-14,policy_uncertainty,2004-11-17,-17,0.046495333313941956
2004-12-14,policy_uncertainty,2004-11-18,-16,0.06019989773631096
2004-12-14,policy_uncertainty,2004-11-19,-15,0.060377247631549835
2004-12-14,policy_uncertainty,2004-11-22,-14,0.053864795714616776
2004-12-14,policy_uncertainty,2004-11-23,-13,0.0564320906996727
2004-12-14,policy_uncertainty,2004-11-24,-12,0.055735230445861816
2004-12-14,policy_uncertainty,2004-11-26,-11,0.055859170854091644
2004-12-14,policy_uncertainty,2004-11-29,-10,0.05072207748889923
2004-12-14,policy_uncertainty,2004-11-30,-9,0.03858359158039093
2004-12-14,policy_uncertainty,2004-12-01,-8,0.039629995822906494
2004-12-14,policy_uncertainty,2004-12-02,-7,0.04039203003048897
2004-12-14,policy_uncertainty,2004-12-03,-6,0.038851987570524216
2004-12-14,policy_uncertainty,2004-12-06,-5,0.051310718059539795
2004-12-14,policy_uncertainty,2004-12-07,-4,0.043023280799388885
2004-12-14,policy_uncertainty,2004-12-08,-3,0.04432092607021332
2004-12-14,policy_uncertainty,2004-12-09,-2,0.044654957950115204
2004-12-14,policy_uncertainty,2004-12-10,-1,0.043687861412763596
2004-12-14,policy_uncertainty,2004-12-13,0,0.05133115500211716
2004-12-14,forward_guidance_strength,2004-11-12,-20,0.05201487988233566
2004-12-14,forward_guidance_strength,2004-11-15,-19,0.05034775286912918
2004-12-14,forward_guidance_strength,2004-11-16,-18,0.05286238342523575
2004-12-14,forward_guidance_strength,2004-11-17,-17,0.049837201833724976
2004-12-14,forward_guidance_strength,2004-11-18,-16,0.046852074563503265
2004-12-14,forward_guidance_strength,2004-11-19,-15,0.046849749982357025
2004-12-14,forward_guidance_strength,2004-11-22,-14,0.051604896783828735
2004-12-14,forward_guidance_strength,2004-11-23,-13,0.04834269732236862
2004-12-14,forward_guidance_strength,2004-11-24,-12,0.04908411204814911
2004-12-14,forward_guidance_strength,2004-11-26,-11,0.0482291504740715
2004-12-14,forward_guidance_strength,2004-11-29,-10,0.049976758658885956
2004-12-14,forward_guidance_strength,2004-11-30,-9,0.05071232467889786
2004-12-14,forward_guidance_strength,2004-12-01,-8,0.04626534879207611
2004-12-14,forward_guidance_strength,2004-12-02,-7,0.04511052370071411
2004-12-14,forward_guidance_strength,2004-12-03,-6,0.044373080134391785
2004-12-14,forward_guidance_strength,2004-12-06,-5,0.04279106855392456
2004-12-14,forward_guidance_strength,2004-12-07,-4,0.04293414205312729
2004-12-14,forward_guidance_strength,2004-12-08,-3,0.044466085731983185
2004-12-14,forward_guidance_strength,2004-12-09,-2,0.04600483179092407
2004-12-14,forward_guidance_strength,2004-12-10,-1,0.04685666412115097
2004-12-14,forward_guidance_strength,2004-12-13,0,0.04448429495096207
